idx,membership,set_split,cut_T,cut_T_rep1_diff,cut_T_rep2_diff,cal_T,cal_T_rep1_diff,cal_T_rep2_diff,ppl_T,ppl_T_rep1_diff,ppl_T_rep2_diff,calppl_T,calppl_T_rep1_diff,calppl_T_rep2_diff,cut_200,cut_200_rep1_diff,cut_200_rep2_diff,cal_200,cal_200_rep1_diff,cal_200_rep2_diff,ppl_200,ppl_200_rep1_diff,ppl_200_rep2_diff,calppl_200,calppl_200_rep1_diff,calppl_200_rep2_diff,cut_300,cut_300_rep1_diff,cut_300_rep2_diff,cal_300,cal_300_rep1_diff,cal_300_rep2_diff,ppl_300,ppl_300_rep1_diff,ppl_300_rep2_diff,calppl_300,calppl_300_rep1_diff,calppl_300_rep2_diff,cb_const1,cb_const1_rep1_diff,cb_const1_rep2_diff,cb_const2,cb_const2_rep1_diff,cb_const2_rep2_diff,cb_const3,cb_const3_rep1_diff,cb_const3_rep2_diff,cbm_T,cbm_T_rep1_diff,cbm_T_rep2_diff,cbpm_T,cbm_200,cbm_200_rep1_diff,cbm_200_rep2_diff,cbpm_200,cbm_300,cbm_300_rep1_diff,cbm_300_rep2_diff,cbpm_300,lz_bins3,lz_bins3_rep1_diff,lz_bins3_rep2_diff,lz_bins4,lz_bins4_rep1_diff,lz_bins4_rep2_diff,lz_bins5,lz_bins5_rep1_diff,lz_bins5_rep2_diff,slope_600,slope_800,slope_1000,apen_600,apen_800,apen_1000,elbow_frac,elbow_delta_slope,elbow_idx,nei_delta
72,1,test,1.3718183489944973,-0.09285875234312968,-0.11449746291320784,4.515013789409074,-0.305622495575931,-0.3768411643454117,3.942513046303832,-0.38363306165150846,-0.4782654541632745,12.975843909679602,-1.2626369699015658,-1.5740969802072815,1.2879898736657502,-0.05243162081121655,-0.05968585637560708,3.528739379906165,-0.1436482761951141,-0.1635228941797453,3.625491530248181,-0.19516202015167083,-0.22297871345390297,9.932853507529265,-0.5346904661689607,-0.6109005848052131,1.302392846491082,-0.03977911400013645,-0.048086763200072324,4.15657291433324,-0.12695461914937134,-0.15346839319172023,3.6780872443310546,-0.14926008716994543,-0.18118878875731603,11.738576311694855,-0.47636198032961197,-0.5782620917786669,0.3517587939698492,-0.0032412060301507672,-0.0032412060301507672,0.2613065326633166,-0.003693467336683409,-0.003693467336683409,0.18090452261306533,-0.0040954773869347205,-0.0040954773869347205,0.3076923076923077,0.004885808430860172,0.008479709267110835,0.3204747774480712,0.3065326633165829,-0.0017380133751464522,0.002692930428435991,0.30808080808080807,0.3110367892976589,0.0021887091641029643,0.0018043087637322763,0.3120805369127517,11.0,0.0,0.0,14.0,-1.0,0.0,18.0,0.0,0.0,8.045120820646336e-06,-2.5102872922254602e-05,-0.00010874013634682129,-0.09716724075268335,-0.0926441168166452,-0.09142267254723446,0.04437869822485207,0.1707607421969228,15,-1.4340782165527344
46,1,test,1.3729089154714955,-0.014658797721595063,-0.025299668989019475,5.05126865126305,-0.053933312371905906,-0.0930836877897887,3.946814964204615,-0.058281688316057956,-0.10112695743224576,14.521300339998113,-0.21443262682323194,-0.3720708811186402,1.369919297743809,-0.07413711663785061,-0.09511604735379864,3.8589275992783354,-0.20883694827563604,-0.2679325277571798,3.9350331166052834,-0.3028183633188801,-0.39266308383689896,11.084600328465587,-0.853009474137691,-1.1060931939067586,1.3425389132889989,-0.01470885614164974,-0.011057472710036098,4.284698659432975,-0.04694315789888215,-0.035289806521392464,3.828752045028389,-0.05673277731929005,-0.04257125272747375,12.21942142030337,-0.18106205527432984,-0.1358657001940653,0.38190954773869346,-0.0030904522613065533,-0.0030904522613065533,0.29648241206030146,-0.0035175879396985854,-0.0035175879396985854,0.17085427135678388,-0.009145728643216167,-0.004145728643216162,0.3444730077120822,0.0030095930779359126,0.0003869862067058527,0.3170103092783505,0.35678391959798994,0.015931789272175423,0.019555205073782944,0.297979797979798,0.35785953177257523,0.003936326430338144,0.004133169147436222,0.31543624161073824,15.0,-6.0,-6.0,24.0,-14.0,-14.0,30.0,-16.0,-16.0,0.00043556452098537294,-0.00010111335491402145,0.00014625316960941183,-0.1317963643678075,-0.11661964143938519,-0.12724952016672209,0.02570694087403599,0.6240210766380093,10,-1.4117990732192993
5,1,test,1.3292160058210205,-0.02935553068012209,-0.0058797391793885545,4.664795794013393,-0.10302129634910706,-0.020634556365401124,3.7780802332620964,-0.11255147183165937,-0.022279561188654817,13.258923082768865,-0.394991957748843,-0.07818864869980757,1.2205896250965926,-0.07769422641180745,-0.09126492904819594,3.390526736379424,-0.21581729558835416,-0.2535136918005443,3.3891854934227283,-0.27381951650873804,-0.32386789600188903,9.414404148396468,-0.7606097680798278,-0.8996330444496916,1.2116278298913876,-0.03384953201441321,-0.03168571735926751,4.038759432971292,-0.11283177338137751,-0.10561905786422532,3.3589480006009738,-0.11564504126980424,-0.10813479424672989,11.19649333533658,-0.38548347089934687,-0.3604493141557654,0.40201005025125625,-0.002989949748743781,-0.007989949748743785,0.2613065326633166,0.0063065326633166,0.0013065326633165952,0.16080402010050254,-0.004195979899497493,0.0008040201005025116,0.3638814016172507,0.007219221267317999,0.010997726152930043,0.34594594594594597,0.36180904522613067,0.023463180564476493,0.029588677947332664,0.30808080808080807,0.3712374581939799,0.020653151015348814,0.021960483777962114,0.32885906040268453,12.0,-3.0,-3.0,18.0,-8.0,-8.0,26.0,-15.0,-15.0,0.00033955660468875304,-0.0003004635965350653,1.154651555971277e-05,-0.133298009927997,-0.1349144640051838,-0.1350108372244634,0.026954177897574125,0.24558474653658327,10,-2.1750073432922363
28,1,test,1.4916404135721382,-0.0019445599949494685,-0.014893481230614514,5.305173923742417,-0.006916029415998892,-0.05297021154661952,4.444380163995613,-0.008650772116003402,-0.06668766560870498,15.806899262512701,-0.030767368752201207,-0.23718160315548786,1.5463637870874773,-0.03672494003052518,-0.0439365107477947,3.8659094677186934,-0.09181235007631283,-0.10984127686948675,4.694369383790834,-0.1756052436897262,-0.210852350852889,11.735923459477084,-0.4390131092243159,-0.5271308771322225,1.5377502931782463,-0.012580967727001457,-0.013242553033099513,5.014403129929065,-0.041024894761960695,-0.04318223815141131,4.654108105755125,-0.05892306124562996,-0.06204216507576277,15.17643947528845,-0.19214041710531582,-0.20231140785574908,0.457286432160804,-0.0027135678391959628,-0.0027135678391959628,0.2562814070351759,-0.013718592964824139,-0.00371859296482413,0.19095477386934678,-0.004045226130653168,0.0009547738693468366,0.348404255319149,0.00843081574411575,0.013115887772716883,0.31999999999999995,0.36180904522613067,0.028475711892797295,0.04294427060175676,0.31818181818181823,0.35785953177257523,0.015622470002959243,0.0197060278793606,0.32885906040268453,15.0,0.0,0.0,20.0,0.0,0.0,29.0,0.0,0.0,0.00015382437243979913,0.00015659768114803036,1.567802154372391e-05,-0.09384871375073,-0.09675746338489066,-0.09451663884645978,0.026595744680851064,0.4507254895238287,10,-1.563736081123352
21,1,test,2.569536547408346,-0.018307680004049143,-0.018307680004049143,8.240762181629133,-0.05871457137393321,-0.05871457137393321,13.059770453711707,-0.24129614511050512,-0.24129614511050512,41.88399754977364,-0.7738610097626832,-0.7738610097626832,2.734023219060786,-0.028802654879227063,-0.016097767921315675,6.432995809554791,-0.06777095265700428,-0.03787710099133079,15.394698841095835,-0.44985561639885496,-0.24982571240799878,36.22282080257843,-1.0584838032914234,-0.5878252056658795,2.712560614508959,-0.020129135826294497,-0.00925753746256941,7.201488357103432,-0.05344018360963165,-0.024577533086467263,15.067809009476086,-0.3063751630504612,-0.14013847412696023,40.00303276852058,-0.8133853886295412,-0.37204904635476055,0.5376884422110553,-0.0023115577889447625,-0.0023115577889447625,0.46733668341708545,-0.002663316582914521,-0.002663316582914521,0.44221105527638194,-0.0027889447236180143,-0.0027889447236180143,0.4214417744916821,-0.0067107181769395785,-0.0067107181769395785,0.4092592592592592,0.4522613065326633,-0.0013727786803693354,-0.0018288437177540473,0.4191919191919192,0.4548494983277592,0.0040982462409479,0.005461289206513453,0.43288590604026844,25.0,-7.0,-7.0,36.0,-6.0,-6.0,40.0,-2.0,-2.0,0.0007965601410257816,0.0003190641593303143,0.0002731003836640184,-0.038314890396253354,-0.03585208475183688,-0.039791179623192896,0.027726432532347505,0.41350216268123513,15,-3.5991151332855225
84,1,test,1.3878393043050201,-0.01465333777844191,-0.01818292965045698,5.667010492578832,-0.05983446259530467,-0.07424696273936604,4.006184548898723,-0.05913618852924696,-0.07351046430176034,16.35858690800312,-0.24147276982775878,-0.3001677292321894,1.4666742136404898,-0.05852829527245862,-0.060946507539462846,5.057497288415482,-0.20182170783606423,-0.2101603708257338,4.334794540642688,-0.26127968042251926,-0.2724074126705913,14.947567381526513,-0.9009644152500673,-0.9393359057606592,1.405691760814785,-0.022788326394014957,-0.025073444732746974,5.62276704325914,-0.09115330557605983,-0.1002937789309879,4.0783470063287055,-0.0940057514771162,-0.10355097310655736,16.313388025314822,-0.3760230059084648,-0.41420389242622946,0.35678391959798994,-0.0032160804020100464,-0.0032160804020100464,0.3015075376884422,-0.0034924623115578646,-0.0034924623115578646,0.21105527638190957,-0.0039447236180903955,-0.0039447236180903955,0.3187134502923976,0.0038446456276746144,0.005907976196600884,0.3079178885630498,0.31658291457286436,0.0015829145728644134,0.0021070410287711283,0.30808080808080807,0.3210702341137124,0.004403567447045731,0.006974784613157481,0.3087248322147651,20.0,-11.0,-11.0,28.0,-15.0,-15.0,33.0,-15.0,-15.0,9.646329447467848e-05,8.738949169494272e-05,7.958446478653409e-05,-0.17246469069770587,-0.17182893036546343,-0.1748144564723093,0.029239766081871343,0.3534979597093395,10,-4.548455238342285
24,1,test,1.2493357713038193,-0.03686335881898839,-0.04317795459229501,4.953761604820958,-0.14616750415436108,-0.17120561065084416,3.488025341308772,-0.13097967296831303,-0.15390453116572012,13.830426062631293,-0.5193496335138921,-0.6102493619477976,1.3161026800874849,-0.02786695482522017,-0.02686367696683667,3.6057607673629724,-0.07634782143895924,-0.07359911497763472,3.7288604592946974,-0.10537338460532686,-0.10152851174629118,10.216056052862186,-0.28869420439815485,-0.2781603061542217,1.3128074802653311,-0.06326879888718118,-0.07514913943877066,4.579560977669759,-0.22070511239714374,-0.26214816083292103,3.716593341374832,-0.24274243972584264,-0.2900612222324819,12.964860493168018,-0.846775952532008,-1.0118414729040062,0.3869346733668342,-0.0030653266331658324,-0.0030653266331658324,0.25125628140703515,-0.003743718592964851,-0.003743718592964851,0.17085427135678388,-0.004145728643216162,-0.004145728643216162,0.35,0.015198237885462484,0.020254403131115484,0.28613569321533927,0.3417085427135679,0.013387740708555307,0.021174319007390863,0.2525252525252525,0.35785953177257523,0.015622470002959243,0.01859368082708024,0.2986577181208053,15.0,-1.0,-1.0,28.0,-14.0,-14.0,33.0,-14.0,-14.0,0.0006117659797707109,0.0001872210528633984,0.0002278067124941782,-0.11976044768896976,-0.1169913272336407,-0.11622113349439545,0.03235294117647059,0.3636670967711609,11,-1.6160600185394287
19,1,test,1.169902750669689,-0.0223381492691348,-0.03930730899289325,4.988039909673493,-0.09524174552022036,-0.16759207197879,3.221679317137531,-0.0727761697474536,-0.12915732863491414,13.736069088522745,-0.31029112374141654,-0.5506798829979527,1.096786062717849,-0.06728991194124134,-0.05893990301319696,3.1790900368633306,-0.19504322301809074,-0.17084029858897676,2.9945263217571156,-0.20843557568423599,-0.18180216460039977,8.679786439875699,-0.604161088939815,-0.526962795943188,1.153301216880741,-0.10721642256056207,-0.1325472203861493,3.9769007478646246,-0.3697118019329726,-0.45705938064189455,3.1686360174335486,-0.35861083954180506,-0.44910006015602066,10.926331094598444,-1.2365891018682937,-1.5486208970897266,0.3015075376884422,-0.0034924623115578646,-0.0034924623115578646,0.22613065326633164,-0.003869346733668344,-0.003869346733668344,0.17085427135678388,0.0008542713567838423,0.0008542713567838423,0.2863247863247863,0.005940991015617847,0.003822342532019962,0.26552462526766596,0.29145728643216084,0.006457286432160814,0.01525096363681977,0.23232323232323238,0.29096989966555187,0.010969899665551841,0.01239054339474166,0.2516778523489933,19.0,-10.0,-10.0,27.0,-16.0,-16.0,32.0,-20.0,-20.0,-0.0001351691660724892,0.0001605700831036001,-0.0001214943857100483,-0.14852057677438424,-0.15222168486340237,-0.14929103448831071,0.021367521367521368,0.5139128146543983,10,-1.179880142211914
33,1,test,1.3944929753626731,-0.03163098242319373,-0.03826488949948481,5.236766173436422,-0.11878443399348271,-0.14369687226934147,4.032929259668739,-0.12960446703800166,-0.15731012575813885,15.144936475138989,-0.48670613685547437,-0.5907497275810965,1.5107214335594017,-0.06112387231486527,-0.07249944586351043,4.316346953026862,-0.1746396351853292,-0.20714127389574433,4.529997708112579,-0.28552841053434097,-0.3406205402669098,12.94285059460737,-0.8157954586695464,-0.9732015436197425,1.4553833475449398,-0.03437704378769868,-0.03651077437137418,5.0185632673963445,-0.11854153030240955,-0.12589922197025594,4.286126226674084,-0.14990625314710293,-0.1593816567036832,14.779745609220981,-0.5169181143003545,-0.5495919196678738,0.4120603015075377,0.00706030150753767,0.002060301507537665,0.29145728643216084,-0.0035427135678391952,-0.0035427135678391952,0.20100502512562812,0.0010050251256281673,0.0010050251256281673,0.31818181818181823,0.0023177955189287447,0.004398826979472137,0.28774928774928776,0.3266331658291457,0.004133165829145691,0.008829505263421855,0.2777777777777778,0.31438127090301005,0.0010479375696766935,0.0025055772293141043,0.2818791946308725,14.0,-3.0,-3.0,26.0,-11.0,-11.0,33.0,-13.0,-13.0,0.0003833396047535818,7.737242670615132e-05,9.022901859979491e-05,-0.09439770047090956,-0.1020316388710576,-0.10036934365931316,0.028409090909090908,0.6687633780114091,10,-1.544101357460022
38,1,test,1.589957674117664,0.0018292807690125645,-0.0009995816065155871,4.5194859870588715,0.005199766595382016,-0.00284133039332346,4.903541377218899,0.008961754659639887,-0.004903940303399246,13.938412891149783,0.025473964032519447,-0.013939546846671647,1.5863764491790968,-0.0032540765975703767,0.0019346819111982771,3.822593853443607,-0.00784114842788064,0.004661884123369209,4.886012099429557,-0.015925354737463593,0.009443740963599012,11.77352313115556,-0.0383743487649717,0.022756002321925095,1.5968278735608197,0.003211797279974782,0.007534609658576441,4.1656379310282245,0.008378601599933866,0.019655503457155277,4.937345672621441,0.01583231469894031,0.03706117631302064,12.880032189447236,0.041301690518974254,0.09668132951222752,0.4170854271356784,-0.0029145728643216184,-0.0029145728643216184,0.3015075376884422,-0.0034924623115578646,-0.0034924623115578646,0.2361809045226131,0.001180904522613102,0.001180904522613102,0.32499999999999996,0.005998613037447975,0.004374389051808314,0.3147632311977716,0.3467336683417085,0.003375272351733516,0.006166055653895497,0.3232323232323232,0.3311036789297659,-0.0011166883490321133,0.0040736455593543,0.3221476510067114,13.0,-1.0,-1.0,22.0,0.0,0.0,30.0,-4.0,-4.0,0.00014754551826745918,-3.6617152869403274e-07,-5.638591227161813e-05,-0.06658504511026031,-0.07035897291683213,-0.07111540811988881,0.9694444444444444,-0.38295575662728626,349,-2.7378506660461426
13,1,test,1.0759661594883807,-0.07212579188130408,-0.14523079027597618,5.472387026215097,-0.36683332860061135,-0.7386469225864172,2.932825108937638,-0.21934756037868963,-0.4584193456045278,14.916411575564544,-1.115606409237854,-2.331530650225181,1.1043385937341417,-0.11304951392618601,-0.14801189447078777,3.6811286457804724,-0.3768317130872867,-0.4933729815692929,3.017228195071619,-0.36112411246901255,-0.4813284216158946,10.057427316905397,-1.2037470415633766,-1.6044280720529827,1.0541079297936464,-0.056332287051126695,-0.07379562938096274,4.2734105261904585,-0.2283741366937564,-0.2991714704633619,2.8694142928369177,-0.16628017133569273,-0.21975914467257196,11.632760646636152,-0.6741088027122686,-0.8909154513752924,0.3316582914572864,-0.0033417085427135396,-0.0033417085427135396,0.2613065326633166,-0.003693467336683409,-0.003693467336683409,0.16582914572864327,-0.004170854271356772,-0.009170854271356776,0.31991525423728817,0.0006763536030387485,0.0012446775021952572,0.30573248407643316,0.3266331658291457,0.0066331658291457485,0.010493398774237161,0.29292929292929293,0.3177257525083612,-0.0006075808249721426,-0.003028964472770901,0.2953020134228188,11.0,0.0,0.0,15.0,0.0,0.0,24.0,0.0,0.0,3.4933289731720595e-06,6.735570282075126e-05,-8.740530562703252e-05,-0.21749970373879446,-0.21167360134221536,-0.21391102931774242,0.025423728813559324,0.21441684582484027,12,-1.1135241985321045
31,1,test,2.225842434262257,0.014118939180385315,-0.001027374857376806,6.842404520139531,0.04340266488785094,-0.003158226413417786,9.261281539365859,0.1298407073501604,-0.009519697112027714,28.46986547286542,0.3991399522245658,-0.02926425408512401,2.317717129968752,0.042048825291764125,0.06588215412757092,5.584860554141571,0.10132247058256372,0.15875217862065316,10.15247105922765,0.4180486600145077,0.6473094737971934,24.463785684885906,1.007346168709656,1.5597818645715513,2.2481220213106474,-0.018425328936770846,-0.01216792615986817,6.187491801772424,-0.050711914504873334,-0.033489705027159644,9.469934790871408,-0.1761040690886233,-0.11593337121846226,26.06404070882039,-0.48469009840905386,-0.31908267307833427,0.4623115577889447,-0.002688442211055242,-0.002688442211055242,0.40703517587939697,-0.00296482412060306,-0.00296482412060306,0.371859296482412,-0.003140703517587995,-0.003140703517587995,0.40096618357487923,0.003375822129096151,0.005071755422386581,0.38014527845036317,0.39698492462311563,0.0019849246231156137,0.005969949581518308,0.35858585858585856,0.39799331103678925,0.004659977703455942,0.006206407596167751,0.3691275167785235,18.0,-1.0,-1.0,25.0,1.0,1.0,31.0,0.0,0.0,0.0003645834199920101,0.0002071606184394067,0.00011860513365677096,-0.11031119157783298,-0.11432830485667012,-0.11289883724830752,0.9734299516908212,-0.6076372435636125,403,-1.7206189632415771
78,1,test,1.660034888778746,-0.02586886199155969,-0.021767275800927077,7.428236926555399,-0.11575662487132199,-0.09740306242232943,5.2594943385802315,-0.13783222830060016,-0.11573996581842483,23.53490901001053,-0.6167644155269265,-0.5179071197733549,1.5340322877328965,-0.29469117787360855,-0.3711369435346257,5.578299228119623,-1.0716042831767583,-1.3495888855804568,4.636836234826326,-1.5890977299970865,-2.083708622903176,16.86122267209573,-5.778537199989405,-7.577122265102457,1.6875028744964076,-0.012779567771961098,-0.00940598208128507,6.661195557222661,-0.05044566225774094,-0.03712887663665132,5.405964464544266,-0.06952921966008141,-0.05108829602551079,21.339333412674733,-0.2744574460266378,-0.20166432641649124,0.37688442211055273,-0.003115577889447274,-0.003115577889447274,0.27638190954773867,-0.0036180904522613577,-0.0036180904522613577,0.23115577889447236,-0.003844221105527623,-0.003844221105527623,0.3190045248868778,0.007492109536990643,0.012064153430377367,0.3197278911564626,0.29648241206030146,0.003982412060301477,-0.0013545263756385983,0.2727272727272727,0.3210702341137124,0.01440356744704574,0.015853807920593654,0.3221476510067114,18.0,-8.0,-8.0,31.0,-17.0,-17.0,35.0,-14.0,-14.0,0.0002252353233066525,-6.326201001943417e-05,-1.4173231335959424e-06,-0.13660850031638283,-0.1304303019375883,-0.1357375700603356,0.9751131221719457,0.44551497184482425,431,-0.8127305507659912
22,1,test,0.9995786256960165,-0.0434359789662343,-0.13082434379419083,4.147784203822723,-0.18023901552343968,-0.5428598938749598,2.7171366556356924,-0.12062219818348652,-0.37976755098767345,11.274847430862126,-0.5005257569482993,-1.5758578751264203,1.2418242550937058,-0.08969679429379629,-0.12073853652381317,3.028839646570014,-0.2187726690092595,-0.29448423542393476,3.461923138705228,-0.3248757787052412,-0.44426810046699083,8.443714972451776,-0.7923799480615639,-1.0835807328463183,1.1355532778714368,-0.07361446493873536,-0.09984603335788234,3.5120204470250624,-0.2276736029033053,-0.3088021650243786,3.1128953626590774,-0.23779948925373384,-0.32685641536030063,9.627511430904365,-0.7354623378981451,-1.0108961299803099,0.3869346733668342,-0.0030653266331658324,-0.0030653266331658324,0.24623115577889443,-0.0037688442211055717,-0.0037688442211055717,0.16080402010050254,0.0008040201005025116,0.0008040201005025116,0.31602708803611734,0.0037384747328479406,0.0022440968337712475,0.28054298642533937,0.36180904522613067,0.005919320915353743,0.007885839883893575,0.33333333333333337,0.3311036789297659,0.00556110797817988,0.007410686716195269,0.30201342281879195,12.0,-2.0,-2.0,25.0,-12.0,-12.0,27.0,-8.0,-8.0,0.00023790455545087192,0.0004656300236210281,0.00017182521140197252,-0.16678639274812213,-0.178465963471667,-0.18131480138839962,0.022573363431151242,0.5599436974676311,10,-1.3184542655944824
39,1,test,1.5859749605400244,-0.04840145078645386,-0.07172254162978509,5.040174662733128,-0.15381816987220542,-0.22793180602685936,4.884050814824355,-0.24220950741506542,-0.3631644082296539,15.52134792846723,-0.7697336040733003,-1.1541241786959322,1.734416121507259,-0.09425996240607559,-0.10812118835968909,4.03352586397037,-0.21920921489784995,-0.25144462409230073,5.665618804904089,-0.560020171615081,-0.6469160103051976,13.175857685823464,-1.3023724921280948,-1.504455837919064,1.5498903095612178,-0.06188522560953946,-0.07965819200375424,4.558500910474169,-0.18201536943982166,-0.2342888000110417,4.710953407702254,-0.3007483778323117,-0.3906174395227566,13.855745316771335,-0.8845540524479745,-1.1488748221257534,0.4371859296482412,0.0021859296482411583,0.007185929648241163,0.3065326633165829,-0.0034673366834171437,-0.008467336683417037,0.2211055276381909,-0.003894472361809065,-0.003894472361809065,0.34224598930481287,0.007579322638146202,0.006957621758380772,0.32439678284182305,0.3467336683417085,0.011733668341708525,0.0172827532002775,0.33838383838383834,0.3377926421404682,0.004459308807134854,0.008158901851899936,0.3120805369127517,14.0,0.0,0.0,23.0,0.0,0.0,29.0,0.0,0.0,0.00014753226735476525,0.0001134878424585018,8.348199342348088e-05,-0.0807667933128906,-0.08604506653264288,-0.0826070201815643,0.026737967914438502,0.39405009150379994,10,-2.017063617706299
12,1,test,1.7407087568641715,-0.007049899656849323,-0.029021222975754712,5.759526289490178,-0.0233261780592402,-0.09602324112112104,5.701382885259673,-0.04033619324122739,-0.16788544136381756,18.864307130422944,-0.1334613642142628,-0.5554867288078,1.6252407332696255,0.006399956958401454,0.01607856928845175,4.578142910618664,0.018028047770145328,0.04529174447451201,5.079641728764797,0.032405680338681186,0.08102028095387759,14.308849940182526,0.09128360658783485,0.22822614353204962,1.725558596860887,-0.0033053447631661292,0.0019615092099700693,5.176675790582662,-0.009916034289497944,0.00588452762991043,5.615657042123812,-0.01859239280272096,0.011004366896359308,16.846971126371436,-0.05577717840816376,0.03301310068907881,0.37688442211055273,-0.003115577889447274,-0.003115577889447274,0.321608040201005,-0.0033919597989949812,-0.0033919597989949812,0.25125628140703515,-0.003743718592964851,-0.003743718592964851,0.3577235772357723,0.0017398044162997284,0.0019073504518035689,0.35437881873727084,0.33668341708542715,-0.000816582914572872,0.0022408214115502423,0.31818181818181823,0.34782608695652173,0.001159420289855051,0.004873811706799236,0.3422818791946308,18.0,0.0,0.0,29.0,0.0,0.0,35.0,0.0,0.0,-0.0002368255184343557,-0.00016564684729028183,-0.00015652044467790802,-0.09908537240848325,-0.09211567864588854,-0.09554204925911502,0.02032520325203252,0.33805744434670304,10,-2.287963390350342
14,1,test,1.3728986351660541,-0.05663384936065863,-0.0976523117347754,5.5917017328117415,-0.2306649489585153,-0.39772972800309514,3.9467743899498204,-0.2299716520424715,-0.40485760894493605,16.07488319239979,-0.9366553744646495,-1.6489513030986451,1.4306916051281675,-0.09187836475640121,-0.11517112279352015,4.030117197544134,-0.2588122950884548,-0.3244256980099163,4.181590201316675,-0.40240058701682546,-0.5104276148532616,11.779127327652606,-1.133522780329086,-1.437824267192287,1.370011601551453,-0.09506373050103378,-0.1219745847228213,4.670494096198135,-0.3240808994353426,-0.4158224479187087,3.935396351908894,-0.3924729033859311,-0.5105208231382621,13.416123926962138,-1.337975806997493,-1.7404118970622573,0.40201005025125625,-0.002989949748743781,-0.002989949748743781,0.27638190954773867,-0.0036180904522613577,-0.0036180904522613577,0.16582914572864327,-0.004170854271356772,-0.004170854271356772,0.3153846153846154,0.009758016919142243,0.010399278141213664,0.29820051413881743,0.31155778894472363,0.009057788944723644,0.010393063487152965,0.303030303030303,0.3076923076923077,0.007692307692307665,0.010245026893195619,0.2919463087248322,14.0,-3.0,-3.0,21.0,-8.0,-8.0,30.0,-15.0,-15.0,-9.711340583774477e-05,-2.0805649594523393e-05,1.7479120957783777e-05,-0.1178027732963356,-0.11683992246568486,-0.12008266645762333,0.9564102564102565,-0.326989672394862,373,-1.3398346900939941
71,1,test,1.2354193523517827,-0.03006045042337324,-0.03533139353815695,4.516586879565657,-0.10989842090265434,-0.1291685355158423,3.439820715196792,-0.10497241453377804,-0.12370614631854204,12.575688636203324,-0.3837701176503714,-0.4522590295516604,1.3758100349641562,-0.088617552623798,-0.10334509727259045,3.8755212252511444,-0.24962690879943095,-0.29111295006363536,3.9582817712774276,-0.3667850383963649,-0.4309540188540404,11.150089496556134,-1.0331972912573661,-1.2139549826874383,1.3033924453017507,-0.050631243211056276,-0.06143412386543279,4.494456707937072,-0.1745904938312277,-0.2118418064325267,3.6817656941467627,-0.1912121832637026,-0.23327830962162466,12.695743772919872,-0.6593523560817331,-0.8044079642124995,0.40703517587939697,-0.00296482412060306,-0.007964824120603065,0.27135678391959794,-0.0036432160804020786,-0.0036432160804020786,0.17085427135678388,-0.004145728643216162,-0.004145728643216162,0.3421828908554573,-0.005387064961921206,-0.005216520331981389,0.3195266272189349,0.3417085427135679,0.008375209380234505,0.006149277271163878,0.31818181818181823,0.3511705685618729,0.003925159546847801,0.007455329407256683,0.32885906040268453,15.0,-4.0,-4.0,24.0,-12.0,-12.0,29.0,-11.0,-11.0,0.0002383070996297196,0.0003052724495502361,0.00011940314259261713,-0.15768883358997066,-0.1663052160982179,-0.16610398989966857,0.029498525073746312,0.6572826198865525,10,-1.8844190835952759
26,1,test,1.2904799181215476,-0.004364429868488839,0.009193721891587181,4.371829926697488,-0.01478561955447244,0.0311460782449684,3.6345304142738115,-0.015897319230762097,0.03326172801122196,12.312898954478626,-0.053856224332786695,0.11268258877271187,1.418476190098448,0.011112112429382037,0.03745335684972573,3.684353740515449,0.028862629686706498,0.09728144636292413,4.130821055911668,0.0456480551247056,0.15185168691592654,10.729405340030308,0.11856637694728889,0.39441996601539486,1.359735364131652,0.010580859024344136,0.029370696293149257,4.339580949356336,0.03376869901386481,0.09373626476537034,3.8951623657148917,0.0409968902288389,0.1127399017895665,12.431369252281568,0.1308411390282096,0.35980819720074386,0.4170854271356784,0.002085427135678386,0.002085427135678386,0.26633165829145733,-0.0036683417085426884,-0.0036683417085426884,0.1758793969849246,-0.004120603015075441,-0.004120603015075441,0.3383685800604229,0.006543542353032228,0.010730389105649052,0.28181818181818186,0.3668341708542714,0.010944446543494468,0.017919312757443295,0.28787878787878785,0.3511705685618729,0.008933506792256907,0.014129411720938512,0.2919463087248322,14.0,-4.0,-4.0,21.0,-9.0,-9.0,29.0,-15.0,-15.0,0.0003951588172524871,0.00015989071901804643,0.00023728190724839026,-0.14420845409508054,-0.1419603870782007,-0.14636023668732356,0.030211480362537766,0.3688666957896203,10,-2.4367570877075195
55,1,test,1.2232027248238095,-0.011022932133888164,-0.05587440037600655,5.384903949511713,-0.048526241462979236,-0.24597580855184464,3.39805335436756,-0.03766371242539979,-0.19526865418784034,14.959246376123858,-0.16580691791871338,-0.8596309718843997,1.3839586567189632,-0.11372422980639785,-0.1407852382118635,3.9541675906256093,-0.32492637087542287,-0.4022435377481819,3.9906680849363654,-0.48064842510815753,-0.6032987954930698,11.401908814103901,-1.373281214594737,-1.7237108442659146,1.3275499900921652,-9.37779763467983e-05,0.003585634498234125,4.798373458164453,-0.0003389565410119033,0.012960124692412478,3.771791132493678,-0.0003537275252742944,0.013500046824074019,13.632979996965101,-0.0012785332238838265,0.04879534996653234,0.39698492462311563,-0.0030150753768843908,-0.0030150753768843908,0.25125628140703515,-0.003743718592964851,-0.003743718592964851,0.1507537688442211,-0.0042462311557789345,-0.0042462311557789345,0.3403141361256544,0.013516750504739439,0.010890871218518505,0.28083989501312334,0.3266331658291457,0.013349957809095536,0.017785085695589786,0.2777777777777778,0.3377926421404682,0.005572274861670223,0.002976179404094448,0.28859060402684567,18.0,-9.0,-9.0,22.0,-10.0,-10.0,29.0,-14.0,-14.0,0.0007495258210943906,0.00035327981386726326,0.0002836836252263328,-0.163391236537481,-0.16834551894355965,-0.16946944407824116,0.028795811518324606,0.19544150261371235,11,-1.8543686866760254
62,1,test,1.621704608057489,-0.0895860836443445,-0.13410015185781687,4.826805841304967,-0.26664204423277305,-0.3991327354508254,5.061711200559396,-0.47439106905270556,-0.7263927016066276,15.06556562056261,-1.4119671189127754,-2.1620192221047656,1.5819717356940994,-0.18264397935745058,-0.23133981772399803,3.766599370700237,-0.4348666175177396,-0.550809089819043,4.864537944516427,-0.974790016508698,-1.2661781025721126,11.582233201229588,-2.3209286107349953,-3.0147097680288404,1.6399460489410558,-0.10992490845604075,-0.1376986641190423,4.392712631092113,-0.294441719078681,-0.368835707461721,5.154891392882943,-0.5989687421255425,-0.7610149469979612,13.807744802365026,-1.6043805592648468,-2.03843289374454,0.44723618090452266,-0.0027638190954772934,-0.0027638190954772934,0.29145728643216084,-0.0035427135678391952,-0.0035427135678391952,0.2211055276381909,-0.003894472361809065,-0.003894472361809065,0.3395225464190982,0.003543710440262249,0.0032566617661167196,0.32978723404255317,0.3316582914572864,0.011658291457286474,0.008862950359116661,0.30808080808080807,0.33444816053511706,0.004448160535117096,0.0037045423331192318,0.3221476510067114,17.0,-7.0,-7.0,28.0,-15.0,-15.0,32.0,-16.0,-16.0,0.000120603964544543,-0.00011154972312453013,1.291555756877291e-05,-0.0895511673472047,-0.09080094404275751,-0.09071784890654033,0.026525198938992044,0.15161183154564506,10,-1.5192623138427734
6,1,test,1.1829183610784688,-0.0032164203339568598,0.0010372291758578012,4.555834228477887,-0.012387564799698936,0.003994733988101018,3.2638855138675202,-0.01051492888498995,0.0033836421720963017,12.570369884489775,-0.04049668557057018,0.013031594851993233,1.2146274678188453,-0.06068410006110092,-0.06279295449370514,4.261850764276651,-0.21292666688105566,-0.22032615611826323,3.3690387551587406,-0.21077783707258924,-0.21833511495974278,11.821188614592073,-0.739571358149437,-0.7660881226657654,1.1829183610784688,-0.0032164203339568598,0.0010372291758578012,4.555834228477887,-0.012387564799698936,0.003994733988101018,3.2638855138675202,-0.01051492888498995,0.0033836421720963017,12.570369884489775,-0.04049668557057018,0.013031594851993233,0.25125628140703515,-0.003743718592964851,-0.003743718592964851,0.2361809045226131,-0.0038190954773869024,-0.0038190954773869024,0.1959798994974874,-0.004020100502512558,-0.004020100502512558,0.23943661971830987,0.003935740983687763,0.006415542434937471,0.22261484098939932,0.24623115577889443,0.0006171206911751437,0.002491589835655672,0.2222222222222222,0.23943661971830987,0.003935740983687763,0.006415542434937471,0.22261484098939932,15.0,-5.0,-5.0,22.0,-7.0,-7.0,24.0,-4.0,-4.0,-2.5898828667597603e-05,0.00020003339883834748,7.47709969604598e-05,-0.1486143260070394,-0.15235560176477758,-0.15130252303824143,0.035211267605633804,0.7199719230867614,10,-0.8686957359313965
86,1,test,2.261437539059652,-0.01883304010484288,-0.01843672690293552,6.435231654773775,-0.05359200674129738,-0.05246424299895747,9.596875138315939,-0.182450995152454,-0.17857608698935046,27.309228581516496,-0.5191894090244347,-0.5081628247213743,2.19605770744821,-0.02930654382715714,-0.027361167110329987,4.9910402442004775,-0.06660578142535645,-0.062184470705295425,8.989504295759431,-0.2673497150062971,-0.24935915162800448,20.430691581271436,-0.6076129886506756,-0.5667253446091003,2.2333508453606417,0.0056265448170536025,0.01698357797347061,5.630296248808341,0.014184566765681694,0.042815742790262235,9.331080761169307,0.05235431901374277,0.1571369864963721,23.523733011351194,0.1319856781859059,0.39614366343623075,0.457286432160804,-0.0027135678391959628,-0.0027135678391959628,0.3869346733668342,-0.0030653266331658324,-0.0030653266331658324,0.37688442211055273,-0.003115577889447274,-0.003115577889447274,0.3947990543735225,0.002827389674585068,0.004769728860326006,0.38625592417061616,0.38190954773869346,0.0034634324504728697,0.004614055251214277,0.36363636363636365,0.3913043478260869,0.005661609929592748,0.007544614789379511,0.3791946308724832,25.0,-16.0,-16.0,35.0,-23.0,-23.0,41.0,-25.0,-25.0,-0.0003491099010695351,-0.00013897889959295107,-3.461813938175078e-05,-0.10052276271132321,-0.10537579035765621,-0.1020201626266175,0.02364066193853428,0.4706469410533963,10,-1.8531420230865479
15,1,test,1.2386363856982827,-0.0325639409685774,-0.06367540615754907,5.4591751814109495,-0.14352255463928554,-0.28064345676845726,3.4509045521208934,-0.11422476275854088,-0.2268845782720752,15.209542285273567,-0.5034350654913471,-0.9999727709028505,1.2504457802707982,-0.05833371550238642,-0.070652633040438,3.7892296371842367,-0.1767688348557166,-0.21409888800132748,3.491899230342699,-0.20975384047857082,-0.25563622985660395,10.581512819220299,-0.635617698419912,-0.7746552419897093,1.1840221122583336,-0.10666983971224342,-0.1298908669135721,4.385267082438273,-0.3950734804157161,-0.4810772848650817,3.2674900202275317,-0.3678111192264586,-0.4532142829355772,12.101814889731598,-1.362263404542439,-1.6785714182799154,0.3467336683417085,-0.003266331658291488,-0.003266331658291488,0.2562814070351759,-0.00371859296482413,-0.00371859296482413,0.18592964824120606,0.0009296482412060048,-0.004070351758793889,0.30947368421052635,-0.0046019460415744895,-0.0003992385656221842,0.30590717299578063,0.321608040201005,0.006608040201005028,0.0021404861244658235,0.30808080808080807,0.3210702341137124,0.004403567447045731,0.009194540440016441,0.30536912751677847,15.0,0.0,0.0,23.0,0.0,0.0,29.0,0.0,0.0,2.183025973415978e-05,0.00022426999373498886,3.4909835163048995e-05,-0.18841424726577571,-0.1897368638330743,-0.19587890711071765,0.023157894736842106,0.199028046089694,11,-1.134980320930481
80,1,test,1.31720272304875,-0.06839536448454342,-0.08174526424295858,4.1711419563210415,-0.2165853208677211,-0.25886000343603577,3.7329646229607922,-0.26425125206163846,-0.31797146520462416,11.821054639375843,-0.8367956315285223,-1.0069096398146424,1.3130923997033557,-0.12067579249238358,-0.15120574422958044,3.282730999258389,-0.3016894812309592,-0.37801436057395144,3.7176524219301763,-0.476822616219609,-0.6068545715206852,9.29413105482544,-1.1920565405490215,-1.517136428801713,1.3456515309709514,-0.08239409514661888,-0.10609815264756306,4.119341421339647,-0.25222682187740464,-0.32479026320682536,3.840688052821288,-0.3298523737745871,-0.4298920933200767,11.757208324963127,-1.0097521646160832,-1.3159962040410509,0.371859296482412,-0.003140703517587995,-0.003140703517587995,0.26633165829145733,-0.0036683417085426884,-0.0036683417085426884,0.20100502512562812,-0.003994974874371837,0.0010050251256281673,0.33137829912023464,0.0053549073073690945,0.008797653958944274,0.32352941176470584,0.3266331658291457,0.009133165829145695,0.008829505263421855,0.31313131313131315,0.3377926421404682,0.007792642140468264,0.0070490239384704,0.32885906040268453,18.0,-9.0,-9.0,30.0,-18.0,-18.0,35.0,-18.0,-18.0,4.933150621861958e-05,4.258388980824374e-05,-1.461422163738818e-05,-0.1247404745781342,-0.12372683130905937,-0.12562709296235042,0.03519061583577713,0.31880022621770554,12,-1.5477102994918823
70,1,test,1.2091885122359596,0.025421112291593717,0.038218142974189684,4.9399774585249565,0.10385454411809558,0.1561350962969943,3.3507644446435725,0.08410658837425711,0.12564376606548988,13.68909864579996,0.3436061842119038,0.5133007516090142,1.255440009270162,0.06365518368833145,0.09166705350167681,4.255728844983601,0.21578028368925928,0.31073577458195567,3.509382195368397,0.2164288825736569,0.30739070885401176,11.896210831757278,0.7336572290632439,1.0420024028949548,1.2200127626086505,0.016598654050033135,0.03070786604608733,4.753296477696042,0.06467008071441516,0.11964103654319747,3.3872309632486655,0.055759429001664085,0.10243382338837392,13.19700375291688,0.217244528577913,0.3990928183962623,0.31155778894472363,0.0015577889447235815,0.0015577889447235815,0.2814070351758794,-0.003592964824120637,-0.003592964824120637,0.18592964824120606,-0.004070351758793889,-0.004070351758793889,0.29640718562874246,0.006422133311851597,0.011546627859818193,0.2732732732732732,0.3015075376884422,0.010780720645835684,0.017701193781931357,0.26262626262626265,0.3010033444816054,0.008849755166079443,0.010680763836444118,0.2751677852348994,12.0,0.0,0.0,18.0,0.0,0.0,22.0,0.0,0.0,0.0004274219735233347,0.0001683272468818744,0.00016998312488768325,-0.10012714263459,-0.10252326213171692,-0.10146671482159686,0.03592814371257485,0.41603006040585416,12,-0.7177187204360962
73,1,test,1.3003250868673848,-0.004777580415226579,-0.00306997682827026,4.471117798690162,-0.01642752650466317,-0.010555997247974958,3.670489701687773,-0.017578016471448965,-0.011285632784461708,12.620837666572573,-0.060441333559520416,-0.03880521426657246,1.3465831795888952,-0.01002771739060182,-0.0024116180220430383,3.4976186482828444,-0.02604601919636851,-0.006263942914397802,3.8442678918547637,-0.03874316007192524,-0.00928209366309396,9.985111407414971,-0.10063158460240196,-0.024109334189853726,1.3419252698060797,-0.022757211042496728,-0.017834755124332746,4.107934499406366,-0.06966493176274557,-0.05459618915612108,3.8264032770150402,-0.08807665528460218,-0.06885514769953227,11.713479419433797,-0.26962241413653665,-0.21078106438632283,0.3467336683417085,-0.003266331658291488,-0.008266331658291493,0.2864321608040201,-0.003567839195979916,-0.003567839195979916,0.2211055276381909,-0.003894472361809065,-0.003894472361809065,0.31614349775784756,0.0007072561471093142,0.0004054723424027351,0.30112359550561796,0.31658291457286436,0.0015829145728644134,0.0021070410287711283,0.29292929292929293,0.3177257525083612,0.004392419175027862,0.0014105471809472414,0.2986577181208053,22.0,-8.0,-8.0,30.0,-11.0,-11.0,36.0,-9.0,-9.0,-1.132785511816438e-05,-2.851545644425387e-05,0.00010046683457485009,-0.1653872031668575,-0.1609672335841017,-0.16556896766758467,0.02466367713004484,0.4314076467702113,11,-2.446533679962158
76,1,test,1.367446027172226,-0.021153671482233793,-0.023961452244853465,4.933029593350273,-0.07631137562749757,-0.08644037912629354,3.925312740514859,-0.0839192469583594,-0.0951921098635431,14.160473998492858,-0.3027367226722113,-0.34340331221801534,1.3767115450063006,-0.04980231968547866,-0.05541386676683846,3.7208420135305422,-0.1346008640148071,-0.1497672074779417,3.9618518110154213,-0.20230523278816293,-0.22573828243317173,10.707707597338976,-0.546770899427468,-0.6101034660356,1.3805409300680869,-0.045290727566025035,-0.05878542070165671,4.359602937057117,-0.14302335020849988,-0.18563817063681043,3.977052352946337,-0.1842648423252249,-0.24080115302975225,12.559112693514749,-0.581888975763869,-0.760424693778166,0.3869346733668342,-0.0030653266331658324,-0.0030653266331658324,0.29145728643216084,-0.0035427135678391952,-0.0035427135678391952,0.1758793969849246,-0.004120603015075441,-0.004120603015075441,0.34285714285714286,0.0004446914952751513,0.0026811897779639438,0.30729166666666663,0.3417085427135679,0.008375209380234505,0.007818726352966876,0.2828282828282829,0.34448160535117056,0.003913992663357568,0.006328101457955926,0.30536912751677847,14.0,-4.0,-4.0,20.0,-7.0,-7.0,31.0,-16.0,-16.0,0.0005282744237006393,-9.795116673108255e-05,0.00020549617764731095,-0.12705141254161934,-0.12670709082551213,-0.13173488255819077,0.025974025974025976,0.6196827207491127,10,-1.5812541246414185
50,1,test,1.449358846093976,-0.08088810165349059,-0.11121480651893911,5.309385977017729,-0.29631457646533743,-0.40740934224795033,4.2603820786953515,-0.35893533279526757,-0.5011698598439898,15.606909859710523,-1.314875351770418,-1.8359181600407375,1.4454971563939318,-0.09964004269668103,-0.12328848792264524,4.015269878872033,-0.2767778963796701,-0.34246802200734816,4.243961531039824,-0.4446533255504823,-0.5568532248341249,11.788782030666178,-1.2351481265291184,-1.5468145134281261,1.4392458444427851,-0.08343465557990504,-0.10608030778876776,4.851390486885792,-0.2812404120670955,-0.35757407119809326,4.217513955750829,-0.3669835297197901,-0.4719869130480472,14.216339176688187,-1.2370231338869324,-1.5909671226338666,0.4170854271356784,-0.0029145728643216184,-0.0029145728643216184,0.27638190954773867,-0.0036180904522613577,-0.0036180904522613577,0.18090452261306533,-0.0040954773869347205,-0.0040954773869347205,0.33798882681564246,0.015813094598069233,0.020295767187098912,0.31932773109243695,0.3467336683417085,0.03094419465749798,0.039555037289955575,0.31313131313131315,0.3311036789297659,0.018916700632603978,0.020758851343559037,0.30201342281879195,16.0,-7.0,-7.0,26.0,-15.0,-15.0,32.0,-20.0,-20.0,-3.842482882780913e-05,4.710139053465156e-05,2.452798024228779e-05,-0.08243018204018604,-0.08150701933505822,-0.08383081403798354,0.027932960893854747,0.2830738994559419,10,-1.3298016786575317
74,1,test,2.299133489110606,0.00627632864792238,0.004753895611871339,6.836896954460486,0.01866381940040096,0.01413658431951248,9.965543460536672,0.062351153069876375,0.04726272329097725,29.63437923791168,0.18541263939200192,0.14054441399685302,2.357042157158686,0.01317100183346076,0.039770911369974016,5.892605392896715,0.03292750458365212,0.09942727842493504,10.559671366092578,0.138169537894143,0.41172612402843,26.399178415231443,0.3454238447353575,1.0293153100710732,2.34473942689468,-0.01886879138562847,-0.013896804504291094,6.574035776340224,-0.05290315341764984,-0.03896300328305902,10.430554451445852,-0.19868049168479374,-0.1459632383353,29.244545190969678,-0.5570481075274571,-0.40924272430457975,0.457286432160804,-0.0027135678391959628,-0.0027135678391959628,0.40703517587939697,-0.00296482412060306,-0.00296482412060306,0.40201005025125625,-0.002989949748743781,-0.002989949748743781,0.3902439024390244,0.00043216379007648964,0.0011920940323773,0.3911111111111111,0.40201005025125625,0.003513809649752453,0.0046811687821410874,0.4040404040404041,0.3946488294314381,0.002328295207731923,0.003102667028768491,0.3959731543624161,21.0,-8.0,-8.0,29.0,-8.0,-8.0,34.0,-8.0,-8.0,0.00012736898909617504,0.0001578989992722121,8.339636180278775e-05,-0.2373358196791111,-0.24283191415182692,-0.23923221276374473,0.975609756097561,0.7332200045576315,440,-0.9769678115844727
56,1,test,1.4033463934214538,-0.029631984513345477,-0.0493856432586266,4.450251625985151,-0.09396809503331216,-0.15661032817150033,4.068792992457196,-0.12237049741647699,-0.20598443243267095,12.902839039143538,-0.3880577936090077,-0.6532118938405418,1.5106082319785974,-0.0375927295912899,-0.04536819827012861,3.7298968690829564,-0.09282155454639485,-0.11202024264229271,4.529484934234936,-0.17351675229397667,-0.21022733062655075,11.183913417864037,-0.4284364254172264,-0.5190798287075342,1.3957228311567702,-0.04351815397635406,-0.055565495370926365,4.145711379673575,-0.1292618434941213,-0.16504602585423722,4.037892232330708,-0.17960122926360444,-0.23071810580571306,11.993739303952598,-0.5334689978126868,-0.6853013043734038,0.42211055276381915,-0.0028894472361808976,-0.0028894472361808976,0.3015075376884422,-0.0034924623115578646,-0.0034924623115578646,0.23115577889447236,0.0011557788944723812,-0.003844221105527623,0.33618233618233617,0.010435536751326246,0.01555672523414453,0.3114285714285714,0.35678391959798994,0.020944320600496225,0.029571899564600934,0.3282828282828283,0.33444816053511706,0.012244487747137045,0.017429250635228266,0.30536912751677847,14.0,0.0,0.0,20.0,-1.0,-1.0,30.0,-6.0,-6.0,0.000293792033169814,8.727263774599095e-05,0.00022214139729212056,-0.10942124661816255,-0.10531165829056022,-0.11017874471136935,0.03418803418803419,0.4894952600643146,12,-1.545202374458313
83,1,test,1.4768601185775856,-0.009316259391567883,-0.0047855022371978695,5.4543129379285835,-0.03440663979840419,-0.017673729853287412,4.379173984446946,-0.040988152434374925,-0.021006770784230078,16.17308573801429,-0.15137669933149667,-0.07758182391902935,1.5226236803880682,0.016153692739797387,0.029076411964645388,4.833725969485931,0.05128156425332531,0.09230606972903299,4.584237003398887,0.07345745409154958,0.13137396629311304,14.553133344123452,0.2331982669573005,0.41706021045432706,1.482896115853346,-0.07966536221563048,-0.09165726689857046,5.359865478987998,-0.28794709234565197,-0.3312913261394108,4.405686601233451,-0.3653398852135856,-0.4228980060641163,15.924168438193195,-1.320505609205732,-1.5285470098703016,0.3467336683417085,-0.003266331658291488,-0.003266331658291488,0.29648241206030146,-0.00851758793969859,-0.00851758793969859,0.24623115577889443,-0.0037688442211055717,-0.0037688442211055717,0.3364197530864198,0.005140862485495279,0.007877658630567663,0.31269349845201233,0.3417085427135679,0.00586894371607416,0.011157624516572873,0.303030303030303,0.3377926421404682,0.005572274861670223,0.008537914665496027,0.3120805369127517,17.0,-4.0,-4.0,23.0,-4.0,-4.0,29.0,-8.0,-8.0,0.00043395669136530446,9.342291416806456e-05,-6.6937709175158825e-06,-0.17064137806050628,-0.16902088445333963,-0.16928328465601705,0.030864197530864196,0.5462638486997409,10,-1.8072174787521362
40,1,test,1.1358384533402814,-0.05295405684713872,-0.11858981245320943,5.4520245760333506,-0.25417947286626585,-0.5692310997754051,3.1137832106438035,-0.16933127503826606,-0.39205018572112404,14.946159411090257,-0.812790120183676,-1.881840891461394,1.2806418082136817,-0.22351701899121035,-0.26622990920106915,4.002005650667755,-0.6984906843475329,-0.8319684662533415,3.5989488194052375,-0.9014176324435064,-1.0978055826233182,11.246715060641368,-2.8169301013859567,-3.4306424456978686,1.159728199651066,-0.07930835716652829,-0.09982021665674745,4.460493075581023,-0.3050321429481855,-0.3839239102182592,3.1890663689568313,-0.26321941184680364,-0.33476345496844795,12.265639880603196,-1.0123823532569372,-1.2875517498786468,0.40703517587939697,-0.00296482412060306,-0.00296482412060306,0.3065326633165829,-0.0034673366834171437,-0.0034673366834171437,0.18090452261306533,-0.0040954773869347205,-0.0040954773869347205,0.3596287703016241,0.003147288820142591,0.001857509304556637,0.33720930232558144,0.37688442211055273,0.006884422110552735,0.009163956220369696,0.35858585858585856,0.36454849498327757,0.012881828316610888,0.021596219733555078,0.3355704697986577,18.0,-9.0,-9.0,29.0,-18.0,-18.0,36.0,-22.0,-23.0,-5.612989649651466e-05,0.00023878073301900453,-2.7747412143683348e-05,-0.17271038558402196,-0.18637599112680814,-0.1811975844418079,0.03248259860788863,0.1259959150147846,14,-1.2598392963409424
69,1,test,1.3394616073050707,-0.029677061963375717,-0.04177022446914247,4.787580596407233,-0.10607345909681776,-0.1492975349837664,3.8169879136488656,-0.11497460270902637,-0.16281314098547872,13.642897394329115,-0.410948827504539,-0.5819360781758185,1.314676622581627,-0.05572276682717425,-0.072828067358641,3.5531800610314246,-0.15060207250587654,-0.19683261448281364,3.7235466796266405,-0.2133760671409446,-0.28129756662893746,10.063639674666597,-0.5766920733539038,-0.7602636935917229,1.3305779066557042,-0.03762140887767851,-0.04904821201730569,4.386520571392431,-0.12402662267366527,-0.16169740225485363,3.783229109218676,-0.1450416376735264,-0.190186654566586,12.472183876545085,-0.4781592450775598,-0.6269889710986352,0.4120603015075377,-0.0029396984924623393,-0.0029396984924623393,0.24120603015075381,-0.0037939698492461815,-0.0037939698492461815,0.17085427135678388,-0.004145728643216162,-0.004145728643216162,0.33611111111111114,0.006014023732470397,0.005710329097425859,0.32033426183844016,0.3467336683417085,0.010894069344214774,0.016182750144713487,0.31313131313131315,0.3377926421404682,0.00891117302527622,0.0063132205609354175,0.31879194630872487,17.0,-8.0,-8.0,26.0,-15.0,-15.0,32.0,-20.0,-20.0,0.0002797910994197293,-0.00010278730823291268,4.2827981947558315e-05,-0.08071121431951855,-0.08304283852509275,-0.08218390117801011,0.027777777777777776,0.45809002141006416,10,-1.8470888137817383
37,1,test,1.359116095754639,-0.0815077281827643,-0.12981451941788946,6.326919756099182,-0.37943252774735114,-0.6043089697039683,3.8927509615687024,-0.330578647936985,-0.5396021310002821,18.1214268900612,-1.5389006024652723,-2.5119409546564846,1.3371337021193102,-0.04947608967665529,-0.04461072657304754,4.691697200418632,-0.17360031465493098,-0.1565288651685881,3.8081126620708043,-0.19314925964744267,-0.17372894926583182,13.361798814283524,-0.6777167005173439,-0.6095752605818667,1.3712337958284808,-0.11924645960682612,-0.14058632455539555,5.713474149285337,-0.49686024836177545,-0.5857763523141486,3.940209111272417,-0.49901785875072635,-0.5947683807475195,16.41753796363507,-2.079241078128028,-2.478201586447998,0.4120603015075377,-0.0029396984924623393,-0.0029396984924623393,0.26633165829145733,-0.0036683417085426884,-0.0036683417085426884,0.18592964824120606,-0.004070351758793889,-0.004070351758793889,0.34405940594059403,0.00825693680479156,0.01561365814000748,0.3200992555831266,0.33668341708542715,0.02418341708542715,0.025535330562964642,0.28787878787878785,0.3377926421404682,0.011125975473801564,0.011488535592188542,0.30536912751677847,13.0,0.0,0.0,23.0,-1.0,-1.0,29.0,0.0,0.0,0.000453656090698596,0.0001886291571840422,0.00012888842143150703,-0.132728166617607,-0.12712111367979073,-0.1284133931660394,0.024752475247524754,0.39368524101706154,10,-1.0578899383544922
11,1,test,1.7808973545734457,-0.025860444289513174,-0.05100686593927928,4.9838545370525535,-0.07237064633259216,-0.14274309497932602,5.935179990576847,-0.15548822346937285,-0.3105886721847346,16.609645496017297,-0.4351349537389133,-0.869184716934889,2.056032934245766,-0.02803390433780084,-0.03123728013200955,4.421576202679066,-0.06028796631785127,-0.06717694652045125,7.814905989025189,-0.22218209177740977,-0.24796918601668505,16.806249438763846,-0.47781095005894514,-0.5332670667025496,1.8153114475998486,-0.04034057934080337,-0.046660715960563204,4.777135388420654,-0.10615941931790385,-0.1227913577909554,6.142989098752804,-0.25287807029988674,-0.29342883280937304,16.16576078619159,-0.6654686060523325,-0.7721811389720337,0.4522613065326633,-0.0027386934673366836,-0.0027386934673366836,0.371859296482412,-0.003140703517587995,-0.003140703517587995,0.29648241206030146,-0.0035175879396985854,-0.0035175879396985854,0.3663101604278075,0.01297682709447412,0.01831407049623368,0.3163538873994638,0.3668341708542714,0.004334170854271346,0.0057692790073495814,0.33838383838383834,0.3612040133779264,0.00953734671125972,0.012702348561056231,0.3120805369127517,17.0,0.0,0.0,29.0,0.0,0.0,35.0,0.0,0.0,8.940746930632024e-05,0.00018481836327484627,0.00010366555932736894,-0.060205563181136235,-0.057413434934713514,-0.05905358279598705,0.026737967914438502,0.5326059900647537,10,-1.8330116271972656
87,1,test,1.292675129869428,-0.02199191229054831,-0.022050725253993653,5.535301197133191,-0.09417049621850193,-0.09442233634402442,3.6425177418673904,-0.08099326478290392,-0.08121226193949882,15.5974477664578,-0.3468173133011536,-0.3477550703563157,1.3131785335051416,-0.06032195973514498,-0.06275280103551784,4.528201839672902,-0.20800675770739652,-0.2163889690879932,3.7179726512580826,-0.23117785169517546,-0.2407892870433206,12.820595349165803,-0.7971650058454323,-0.8303078863562785,1.2914072839765256,-0.030906844856199767,-0.031119392232099807,5.380863683235524,-0.12877852023416558,-0.12966413430041523,3.6379025170236936,-0.11419165068617643,-0.11498923321468713,15.15792715426539,-0.4757985445257358,-0.4791218050611956,0.29648241206030146,-0.0035175879396985854,-0.0035175879396985854,0.2613065326633166,-0.003693467336683409,-0.003693467336683409,0.2160804020100503,-0.003919597989949675,-0.003919597989949675,0.2852852852852853,0.008339177500854111,0.009113799741915396,0.2650602409638554,0.2814070351758794,0.013907035175879434,0.011856286423799545,0.24747474747474751,0.29431438127090304,0.01098104793756971,0.011295513346374686,0.2651006711409396,20.0,0.0,0.0,26.0,-1.0,-1.0,30.0,-1.0,1.0,0.0003988201614112841,4.1732785037085136e-05,0.00013021958950842764,-0.12647290696988023,-0.1227650551485242,-0.12292973342574598,0.036036036036036036,0.3848129152186,12,-2.4069442749023438
53,1,test,1.5932042138335372,0.005977924225688547,-0.015610647058363902,4.653167862624934,0.01745933424645596,-0.045593000932363736,4.919486788748967,0.029320593792799166,-0.07739892382157532,14.368024906822377,0.08563475012500099,-0.226053999732855,1.8638273846716757,0.05201093123849665,0.08964719217828909,4.096323922355332,0.11430973898570729,0.19702679599624018,6.448369993420375,0.3268131311466913,0.5529239696664536,14.172241743781044,0.7182706179048157,1.2152175157504477,1.6657047866454766,0.014536905738347539,0.03671335203534021,4.461709249943241,0.03893814037057375,0.09833933580894705,5.289399834748957,0.07633532284317823,0.19067011263875777,14.168035271648991,0.20446961475851388,0.5107235159966734,0.44221105527638194,-0.0027889447236180143,-0.0027889447236180143,0.3517587939698492,0.0017587939698492372,0.0017587939698492372,0.25125628140703515,0.0012562814070351536,0.0012562814070351536,0.3460490463215259,0.004552447682070082,0.0029405419226988805,0.2786885245901639,0.35678391959798994,0.005906726615533819,0.007869061501161845,0.26262626262626265,0.3511705685618729,0.003925159546847801,0.005230635302696074,0.2751677852348994,19.0,0.0,0.0,31.0,0.0,0.0,33.0,0.0,0.0,0.0006635637955272513,0.00028015199609949143,0.00032414079412982483,-0.11116942141872954,-0.11369918272460922,-0.11926220701569878,0.04904632152588556,0.4450059757038215,18,-2.512392282485962
8,1,test,1.2010812849214825,0.0039800656699824355,0.015338944908120933,4.862208575103833,0.016112073073664135,0.06209500589311645,3.3237088567047133,0.013202289100747056,0.05059317213041581,13.455014166901007,0.05344541129940872,0.20481091368457527,1.2319122798321427,-0.0069007189998453455,0.00866759235238268,3.973910580103686,-0.022260383870468914,0.02795997533026684,3.427778143922617,-0.023735937089163883,0.029582195219448604,11.05734885136328,-0.0765675389973044,0.09542643619176872,1.1959978340051889,-0.020407009695946776,-0.013291724620960288,4.7210440815994295,-0.08055398564189531,-0.05246733403010673,3.306855817961489,-0.06817631008759895,-0.0442472264404441,13.05337822879535,-0.26911701350367956,-0.1746601043701741,0.31155778894472363,0.0015577889447235815,-0.003442211055276312,0.27638190954773867,-0.0036180904522613577,-0.0036180904522613577,0.18592964824120606,-0.004070351758793889,-0.004070351758793889,0.28656716417910444,0.0034077006917720976,0.005534393573344731,0.27245508982035926,0.29145728643216084,0.008249266382035492,0.010989840689256014,0.2676767676767676,0.29096989966555187,0.0038246575954350437,0.006209054281792081,0.2751677852348994,18.0,-9.0,-9.0,20.0,-8.0,-8.0,22.0,-7.0,-7.0,0.00038600339632205086,9.359564444399925e-05,0.00013392040515675295,-0.10871261416128242,-0.10829098572948581,-0.10783154542962148,0.029850746268656716,0.5418201946425165,10,-0.8096392154693604
82,1,test,1.4291980766372931,-0.025952422174023493,-0.06130205530797106,5.874246331941417,-0.10666885385085934,-0.2519618374946271,4.175349538677624,-0.10977878511715033,-0.2639656685615126,17.16139429032752,-0.45120941340523757,-1.0849436377316408,1.4249492247798952,-0.1000169801143116,-0.11197563263505428,4.253579775462374,-0.2985581495949594,-0.3342556198061315,4.15764673196852,-0.43734154659915614,-0.49262129159848467,12.410885767070209,-1.3054971540273321,-1.4705113182044318,1.4301327774236579,-0.07016242813586127,-0.08999913800830117,4.76710925807886,-0.2338747604528706,-0.2999971266943371,4.179254065672729,-0.3037582194955135,-0.3935743163150134,13.930846885575763,-1.0125273983183796,-1.3119143877167119,0.371859296482412,-0.003140703517587995,-0.003140703517587995,0.27638190954773867,-0.0036180904522613577,-0.0036180904522613577,0.22613065326633164,-0.003869346733668344,-0.003869346733668344,0.3243801652892562,0.008590691605045664,0.006687105660712622,0.3188405797101449,0.31658291457286436,0.015831034873616256,0.019420978011929435,0.303030303030303,0.3177257525083612,0.015555468702017294,0.014055007235836192,0.3120805369127517,14.0,-2.0,-3.0,19.0,-2.0,-2.0,28.0,-5.0,-5.0,0.0001670760048539534,3.720047760195216e-05,-0.00010540383728363763,-0.15452792283407213,-0.15633229127156323,-0.15658048349229148,0.028925619834710745,0.1088663114655009,14,-0.862494707107544
18,1,test,1.7886397501200295,0.01904867533526633,0.051644541924013465,5.130915487570595,0.054643280341311495,0.14814821150465196,5.981310852954326,0.11285774075149924,0.3010610668325464,17.158066899350732,0.3237451979221859,0.8636277318627066,1.747994545036411,0.04121191442171512,0.07454338285160889,3.9727148750827523,0.09366344186753439,0.16941677920820242,5.743073643847039,0.23187229185115577,0.4125410222790711,13.05244009965236,0.526982481479898,0.9375932324524339,1.5937268524281827,-0.00802214625657327,0.004035162975040807,4.510547695551461,-0.02270418751860337,0.011420272570870083,4.922058574409297,-0.03964427725434927,0.01982129055648052,13.930354455875369,-0.1122007846821198,0.05609799214098388,0.4773869346733668,0.007386934673366818,0.007386934673366818,0.3417085427135679,0.0017085427135679065,0.0017085427135679065,0.2361809045226131,0.001180904522613102,0.001180904522613102,0.35969387755102045,-0.003363447289743915,-0.007852554511540655,0.31969309462915596,0.3919597989949749,0.0009823553859523715,0.004647612016677738,0.2828282828282829,0.3846153846153846,0.008989341209708401,0.008642080944639363,0.2953020134228188,20.0,0.0,0.0,32.0,0.0,0.0,38.0,0.0,0.0,0.0006090634324818896,-0.00026573638354935594,0.00020077374716800676,-0.06707379033489769,-0.07622609526165558,-0.0727463281863221,0.9719387755102041,0.39921058106460333,381,-2.51900315284729
54,1,test,1.280594307645102,-0.0582301064690689,-0.07034642725376372,4.348391660025676,-0.19772640548288223,-0.2388686375979452,3.598777871350124,-0.21577865830334586,-0.26227818157508764,12.220025958760312,-0.7326989606124599,-0.8905929462274962,1.3675047134480947,-0.08308742793847146,-0.10612278646458106,3.8521259533749146,-0.23404909278442654,-0.29893742666079204,3.9255431092608957,-0.3400965199865178,-0.4394975317894465,11.057867913410973,-0.9580183661592052,-1.2380212163083009,1.2570456309985538,-0.01828080091282236,-0.019922694740136082,4.285382832949615,-0.06232091220280367,-0.0679182775231908,3.515021461727298,-0.06484834140583562,-0.07073093551413168,11.983027710433971,-0.22107389115625686,-0.24112818925272173,0.40703517587939697,-0.00296482412060306,-0.00296482412060306,0.2814070351758794,-0.003592964824120637,-0.003592964824120637,0.16582914572864327,-0.009170854271356776,-0.004170854271356772,0.32792207792207795,0.0005314782462270129,0.002868082241732406,0.2964169381107492,0.36180904522613067,0.018450649236155692,0.02458033070192367,0.31313131313131315,0.3311036789297659,0.0022222098145738833,0.0040736455593543,0.2953020134228188,22.0,-11.0,-11.0,30.0,-14.0,-14.0,35.0,-13.0,-13.0,0.0005699243538616563,7.330299944531538e-05,4.9613086941764254e-05,-0.1316255925233385,-0.12519422366514554,-0.12970024616929088,0.03571428571428571,0.3374180681129705,11,-2.0135622024536133
35,1,test,1.3952305625537091,-0.02398074420037788,-0.023009057074470096,4.7952584382913885,-0.08241925676634754,-0.07907967188701459,4.0359049939298535,-0.09795381375564371,-0.09393894728482088,13.870974445156973,-0.3366567967912406,-0.32285812950317094,1.372446329903659,-0.003072217138037292,0.0029909860862229465,3.5647956620874255,-0.007979784774122756,0.00776879502915051,3.944989646778551,-0.012138501310636762,0.011781780789288376,10.246726355268963,-0.0315285748328229,0.03060202802412526,1.3913214066492652,-0.02728348096420108,-0.03332785972003949,4.488133569836339,-0.08801122891677782,-0.10750922490335313,4.020158809290491,-0.11119390723702516,-0.13624098859604317,12.968254223517713,-0.35869002334524325,-0.43948705998723625,0.3668341708542714,-0.0031658291457286047,-0.0031658291457286047,0.26633165829145733,-0.0036683417085426884,-0.0036683417085426884,0.21105527638190957,-0.0039447236180903955,-0.0039447236180903955,0.32577903682719545,0.004704072187874386,0.008085977198651895,0.31818181818181823,0.31155778894472363,0.0057933779171547295,0.009387505138379715,0.29292929292929293,0.3210702341137124,0.0022054594893384794,0.0029389771615433435,0.3120805369127517,15.0,-4.0,-4.0,24.0,-9.0,-9.0,31.0,-9.0,-9.0,0.00032636087389047776,-0.00010439732225788738,4.612373104202045e-05,-0.0975985128369441,-0.09552172437095585,-0.09512308785739876,0.036827195467422094,0.215322999440165,13,-1.3184125423431396
59,1,test,1.442828480706237,-0.08848818638140554,-0.16094939969252353,5.647642910192984,-0.34636804383578745,-0.6300019359393065,4.2326508730341565,-0.3916105555138252,-0.7391289058055062,16.567804845876555,-1.5328756030112558,-2.8931617170101234,1.573154122608648,-0.2259602855916174,-0.27944745287008743,4.086114604178307,-0.5869098327054996,-0.7258375399223045,4.821832886116965,-1.2224594316971604,-1.5545537279293713,12.524241262641468,-3.1752193031095075,-4.037801890725639,1.4962349431467938,-0.05630718648418087,-0.07429370367763899,5.0434885724049225,-0.18979950500285714,-0.2504282146437271,4.464846981795922,-0.25861560541667217,-0.3443429030523246,15.05004600605367,-0.8717379957865354,-1.1607064147831174,0.42713567839195976,-0.002864321608040288,-0.002864321608040288,0.27638190954773867,-0.0036180904522613577,-0.0036180904522613577,0.19095477386934678,-0.009045226130653172,-0.004045226130653168,0.3292682926829268,0.016235405959418858,0.02721550675917317,0.3251833740831296,0.3065326633165829,0.008287049281495151,0.009370726755647985,0.33838383838383834,0.32441471571906355,0.012227737421901641,0.0140698881328567,0.33221476510067116,16.0,-4.0,-4.0,22.0,-5.0,-5.0,30.0,-8.0,-8.0,-0.00028253287836280377,0.0001272950883834265,-9.816991534431409e-05,-0.11078374550299408,-0.11737999939369725,-0.11292309382410437,0.02926829268292683,0.3885229948017982,12,-1.5369189977645874
47,1,test,1.0966789252813216,-0.001052761253961254,-0.027905330779122606,4.623835468753681,-0.004438669070754742,-0.11765490814981394,2.994205513069006,-0.0031538433813271816,-0.08473102052168002,12.624217838885539,-0.013297285607757559,-0.3572443027400567,1.2066544906522598,-0.025387462954653106,-0.017374942169159358,3.175406554348052,-0.06680911303856085,-0.04572353202410362,3.3422842842115155,-0.08593838146288268,-0.05857942955363882,8.795484958451356,-0.22615363542863953,-0.15415639356220723,1.16016934874865,-0.033119562392810664,-0.03973019636056763,3.7026681343042016,-0.10570073104088529,-0.12679849902308815,3.1904735330694,-0.10743638990011073,-0.12930988443568525,10.182362339583191,-0.3428820954258853,-0.4126911205394208,0.33668341708542715,-0.0033165829145728187,-0.0033165829145728187,0.2562814070351759,-0.00371859296482413,-0.00371859296482413,0.18592964824120606,-0.004070351758793889,-0.004070351758793889,0.32119914346895073,0.0028230750928823767,0.006438635160055273,0.3004291845493562,0.31658291457286436,0.00408291457286436,0.005434828050401852,0.28787878787878785,0.32441471571906355,0.0044147157190636,0.008099510391649578,0.2953020134228188,15.0,-6.0,-6.0,29.0,-18.0,-18.0,30.0,-15.0,-15.0,-0.00014783925562641574,0.00019244336675942514,0.00012041998570726025,-0.1963534268868381,-0.2060217955032746,-0.21551158768703083,0.021413276231263382,0.4685709267212963,10,-1.2624564170837402
77,1,test,1.3631380678020795,-0.006747582998279933,-0.012583778520202316,4.342740746980076,-0.021496724596290484,-0.040089913869671534,3.9084390244511322,-0.02646169254483821,-0.049493686724524366,12.451664148693872,-0.08430273731099014,-0.15767900195423756,1.3939290725019642,-0.009825380824451502,0.014453031985832254,3.5289343607644663,-0.024874381834054216,0.03658995439451207,4.030655720410067,-0.03979792212825384,0.0578362347938608,10.204191697240676,-0.1007542332360849,0.14642084757939422,1.4052708699074465,-0.03173953903236271,-0.019458674598489933,4.053665970886865,-0.0915563625933542,-0.05613079211102878,4.07663082834396,-0.1314656769491549,-0.08010265096692759,11.759512004838347,-0.3792279142764077,-0.23106533932767448,0.38190954773869346,-0.0030904522613065533,-0.0030904522613065533,0.2864321608040201,-0.003567839195979916,-0.003567839195979916,0.19095477386934678,-0.009045226130653172,-0.009045226130653172,0.3481894150417827,0.013467192819560436,0.012901047495350593,0.33240223463687146,0.3517587939698492,0.01675879396984925,0.022307878828418226,0.33333333333333337,0.3511705685618729,0.014503901895206228,0.018207194533016113,0.3355704697986577,13.0,0.0,0.0,17.0,0.0,0.0,23.0,1.0,1.0,-6.889078732662371e-05,-2.4678135526984817e-05,8.098231982266186e-05,-0.13069058964669722,-0.13832194882627213,-0.136986097590845,0.9693593314763231,0.43399036483906944,348,-2.2276411056518555
41,1,test,1.381487402690467,-0.0253113753637908,-0.025771214061089287,5.709038302684701,-0.10460002108168975,-0.10650031834883933,3.980818306020783,-0.10204600065583769,-0.10392389139019009,16.45085155379673,-0.4217081713849673,-0.4294686114076498,1.3855364507701542,-0.041198724872190784,-0.05205995404399766,4.861531406211068,-0.1445569293761082,-0.1826665054175356,3.9969695071670626,-0.16810921217487396,-0.21359364796972047,14.024454411112501,-0.589856884824119,-0.749451396384984,1.342857797839411,-0.01727197032372474,-0.01917792090037107,5.5952408243308795,-0.07196654301551941,-0.07990800375154539,3.829973169591438,-0.06672576685870268,-0.07415976460937257,15.958221539964326,-0.2780240285779296,-0.3089990192057197,0.3668341708542714,-0.0031658291457286047,0.0018341708542713997,0.31155778894472363,-0.003442211055276312,-0.003442211055276312,0.20603015075376885,-0.003969849246231116,-0.003969849246231116,0.33333333333333337,0.00778588807785896,0.012707722385141729,0.3108504398826979,0.33668341708542715,0.018387677737056185,0.021157540624659243,0.297979797979798,0.32441471571906355,0.007219390176492646,0.00962049992373537,0.2986577181208053,19.0,-9.0,-9.0,28.0,-14.0,-14.0,32.0,-11.0,-11.0,0.0002187198603105387,3.830160061537633e-05,0.000145156099733089,-0.1616850708410844,-0.1582859486506294,-0.16358894367478172,0.03216374269005848,0.35015537862401097,11,-4.81256103515625
65,1,test,1.5852835032844552,0.036212410255698435,0.05051728428821778,5.272790782663514,0.1204456254156927,0.16802488034994134,4.880674869747242,0.17357917259435407,0.24043426671186907,16.23354902328974,0.5773394218899153,0.7997052784112153,1.6566839715971546,-0.06728739042276533,-0.06812670516653574,4.872599916462219,-0.19790408947872162,-0.20037266225451678,5.241899704179616,-0.36485104149384284,-0.36955884544759954,15.417352071116516,-1.0730912985113026,-1.086937780728233,1.5783515800110697,0.005203143226351958,0.010091808899924004,5.261171933370233,0.017343810754506528,0.03363936299974668,4.846959397567596,0.02515392746550127,0.04866859783938171,16.15653132522532,0.08384642488500305,0.1622286594646063,0.33668341708542715,-0.0033165829145728187,-0.0033165829145728187,0.2864321608040201,-0.003567839195979916,-0.003567839195979916,0.2814070351758794,-0.003592964824120637,-0.003592964824120637,0.28196721311475414,0.0,0.0,0.2763157894736842,0.29145728643216084,-0.002512562814070307,-0.0016750418760468344,0.2828282828282829,0.28093645484949836,-0.0016722408026755842,-0.0022296544035673715,0.2751677852348994,22.0,-13.0,-13.0,26.0,-17.0,-17.0,29.0,-13.0,-13.0,0.00031751268489239626,0.0001472126084987821,2.5475756639147424e-05,-0.13084941417377394,-0.12652856508587096,-0.1279353094336031,0.03278688524590164,0.46418740114616613,10,-1.0751712322235107
48,1,test,0.9925706590714869,-0.021486898270166144,-0.05496226567852136,5.416249769254287,-0.11724949426436382,-0.29991754851736374,2.6981616185099497,-0.058602462136639666,-0.15244814854953148,14.723301671375282,-0.3197813365974671,-0.8318775513443573,1.021624791598418,-0.04927053019642469,-0.05913646471990863,3.405415971994727,-0.16423510065474867,-0.1971215490663618,2.777704290045533,-0.14028658157256313,-0.16921777038760277,9.259014300151776,-0.4676219385752116,-0.5640592346253435,1.0061254377496758,-0.03866007591748111,-0.04998728735174951,4.37445842499859,-0.16808728659774452,-0.21733603196412865,2.734983595179324,-0.1078051237500226,-0.14018905620437572,11.8912330225188,-0.46871792934792467,-0.6095176356711978,0.3316582914572864,0.0016582914572864649,0.0016582914572864649,0.2160804020100503,-0.003919597989949675,-0.003919597989949675,0.12562814070351758,-0.004371859296482428,-0.004371859296482428,0.3310657596371882,0.011699961222692123,0.0094626315824472,0.30681818181818177,0.3266331658291457,0.015856223473255993,0.019454534777392785,0.2777777777777778,0.3177257525083612,0.007208223293002303,0.011830313131275583,0.28859060402684567,11.0,-1.0,-1.0,14.0,-3.0,-3.0,23.0,-9.0,-9.0,-3.2570386346595525e-05,0.0001246822812060009,-6.187836208929285e-05,-0.2231322385328296,-0.23335139287059015,-0.2304430904125061,0.022675736961451247,0.13800955783025085,10,-1.2464311122894287
79,1,test,1.251693286958844,-0.07968806916112903,-0.10390093614656926,4.7425267872551755,-0.3019292398216109,-0.3936691025108905,3.496258116290918,-0.29001184775177524,-0.3828071858567248,13.246933529502256,-1.098822667592838,-1.4504138930793697,1.2864709108434818,-0.16653999079430726,-0.1947125338396034,3.623861720685864,-0.46912673463185195,-0.5484860108157847,3.619988723738566,-0.6559809530080116,-0.7781588428542063,10.197151334474835,-1.8478336704451035,-2.1919967404343836,1.2477413318641366,-0.20583900967981106,-0.26857649145315965,4.456219042371916,-0.7351393202850396,-0.9592017551898557,3.4824683274762576,-0.7959369504402201,-1.0729520847413951,12.437386883843775,-2.8426319658579295,-3.8319717312192694,0.4170854271356784,0.002085427135678386,-0.0029145728643216184,0.2562814070351759,0.0012814070351758744,-0.00371859296482413,0.18090452261306533,-0.0040954773869347205,-0.0040954773869347205,0.3529411764705882,0.009328841668826082,0.011453896627144022,0.31858407079646023,0.3668341708542714,0.018463243535975615,0.021258210921049403,0.3232323232323232,0.35785953177257523,0.022300266330171237,0.028604804297603037,0.31879194630872487,22.0,-13.0,-13.0,32.0,-19.0,-19.0,37.0,-18.0,-18.0,0.0002826660961296017,-4.273320060222966e-05,5.034506695348374e-05,-0.06327752679936971,-0.06466915859536204,-0.06680179195661928,0.9676470588235294,0.24899025953774812,329,-1.667919397354126
68,1,test,1.0921140897797958,-0.10286572117386616,-0.16853599514079742,5.157205423960147,-0.48575479443214586,-0.7958644214982096,2.9805686062424566,-0.32292246925156265,-0.5471454495719477,14.074907307256044,-1.5249116603546025,-2.583742400756421,1.078928560328837,-0.22828062089131151,-0.29375083369702915,3.425170032789959,-0.7247003837819408,-0.9325423291969175,2.9415261941931417,-0.7543186784832936,-1.004382995286596,9.338178394263942,-2.3946624713755345,-3.1885174453542735,1.051124778797613,-0.05334186016221243,-0.06799532488261861,4.04278761076005,-0.2051610006238933,-0.2615204803177633,2.860867151775945,-0.15674740969651024,-0.20129148366698146,11.003335199138249,-0.6028746526788868,-0.7741980141037761,0.371859296482412,-0.003140703517587995,-0.003140703517587995,0.24623115577889443,-0.0037688442211055717,-0.0037688442211055717,0.12060301507537685,-0.0043969849246231485,0.000603015075376856,0.36556603773584906,0.0098534346734227,0.01659243069772587,0.3498817966903073,0.35678391959798994,0.010919257943854621,0.029571899564600934,0.3232323232323232,0.3511705685618729,-0.0010831876985611943,0.000781247093574744,0.325503355704698,18.0,-9.0,-9.0,28.0,-19.0,-19.0,35.0,-23.0,-23.0,-5.8926363334028884e-05,-0.0001484901528747368,3.5514131043154015e-05,-0.14867576740737398,-0.1548004175397688,-0.1539944620352749,0.02830188679245283,0.2622112068784067,12,-1.3100241422653198
23,1,test,1.254260355655813,-0.017483875961796125,-0.020900102053481584,4.494432941099997,-0.06265055552976939,-0.0748920323583091,3.50524478081531,-0.061824152984897296,-0.0740309055890811,12.560460464588195,-0.22153654819588198,-0.26527741169420693,1.3286622887472233,-0.06882350655621683,-0.08763537654622833,3.640170654101982,-0.1885575522088132,-0.2400969220444611,3.7759888248084836,-0.26902834541558285,-0.3458429302305914,10.345174862488996,-0.7370639600426934,-0.9475148773440871,1.2467315946752444,-0.05205776776104476,-0.06870937168063063,4.202466049467116,-0.17547562166644237,-0.23160462364257484,3.478953724408192,-0.185903442688109,-0.2474401129061552,11.726810306993904,-0.6266408180498058,-0.8340677963128815,0.40201005025125625,-0.002989949748743781,-0.002989949748743781,0.24623115577889443,0.0012311557788944327,0.0012311557788944327,0.1507537688442211,-0.0042462311557789345,-0.0042462311557789345,0.32361516034985427,0.005301206861482166,0.004944583614761355,0.30116959064327486,0.321608040201005,0.011608040201004921,0.010459953678542466,0.297979797979798,0.32441471571906355,0.017748049052396908,0.019198289525944823,0.2919463087248322,15.0,-6.0,-6.0,19.0,-3.0,-3.0,24.0,-6.0,-6.0,0.00025725672750618375,3.775584904784106e-05,0.0001135148932779762,-0.17386306585672173,-0.15998692926507818,-0.17116148944735698,0.9650145772594753,0.09932482814609818,331,-1.9993202686309814
36,1,test,1.6209176750609064,0.0035259278367283375,-0.025569070907074387,6.563127449021121,0.014276550946752842,-0.10352966945707553,5.057729539852074,0.017801787024105842,-0.13098894161176755,20.478846078028496,0.07207978471524967,-0.5303767929966661,1.79719858344179,0.022028082409432326,0.05200670381820793,5.2092712563530155,0.0638495142302391,0.15074406903828397,6.032723598302297,0.13143637219110094,0.3057233336469585,17.486155357397966,0.3809749918582632,0.8861545902810413,1.6684549914679456,0.03305492786953401,0.04927356832615559,5.88866467576922,0.11666445130423764,0.173906711739372,5.303966789555546,0.17245627256230733,0.2550111232918617,18.719882786666634,0.6086691972787328,0.9000392586771575,0.4371859296482412,-0.002814070351758735,-0.002814070351758735,0.31155778894472363,-0.003442211055276312,-0.003442211055276312,0.2361809045226131,-0.0038190954773869024,-0.0038190954773869024,0.3252427184466019,0.014563106796116498,0.014392278563904015,0.2895377128953771,0.3517587939698492,0.017587939698492483,0.028475711892797295,0.303030303030303,0.33444816053511706,0.02006688963210701,0.027870680044593032,0.2919463087248322,20.0,-11.0,-11.0,29.0,-19.0,-19.0,32.0,-16.0,-16.0,0.0001316947958753559,0.00029048780364309003,4.922143465689056e-05,-0.16942011052899542,-0.17684821663087735,-0.17391432004033192,0.024271844660194174,0.5599880669430506,10,-1.5310982465744019
44,1,test,1.3547385356294606,-0.047372567855576975,-0.07054223438282436,5.311648119893727,-0.185737988819886,-0.27658143381780675,3.8757474542730734,-0.18802250223879335,-0.28327795418157153,15.19599991972413,-0.7371971374907158,-1.110673958969329,1.3296873218290757,-0.1518106540699291,-0.19698611340570582,3.5937495184569612,-0.4102990650538625,-0.5323949010965019,3.779861322650749,-0.6196698162208669,-0.8229783594908842,10.215841412569592,-1.6747832870834252,-2.22426583646185,1.3439022523223831,-0.09361027504158859,-0.12596722321948794,4.581484951099033,-0.3191259376417799,-0.4294337155209824,3.8339754919960303,-0.37623450665061764,-0.5146920045532006,13.070370995441012,-1.282617636308924,-1.754631833704094,0.40703517587939697,-0.00296482412060306,-0.00296482412060306,0.29145728643216084,-0.0035427135678391952,-0.0035427135678391952,0.1507537688442211,-0.0042462311557789345,-0.0042462311557789345,0.3569620253164557,0.002979724431499964,0.0011457985324869746,0.3477157360406091,0.371859296482412,0.013463306507474626,0.016266642058371916,0.3535353535353535,0.35785953177257523,0.0022668773485351457,0.0030208220951558618,0.34563758389261745,18.0,-9.0,-9.0,28.0,-18.0,-18.0,35.0,-22.0,-22.0,0.00036060589792047295,-4.870301212862677e-05,0.00011382766851414115,-0.09567214950506742,-0.0912268535932208,-0.09425921363348078,0.030379746835443037,0.22637879013298698,12,-1.3399723768234253
7,1,test,1.4837035301218673,0.07919591262352488,0.11240266755173134,4.2681882373368785,0.22782385823205775,0.3233501395323777,4.40924525191726,0.33572473474681885,0.46877187479668425,12.684130176748281,0.9657834835182459,1.3485218316068988,1.6475245841281079,0.004259206511954661,0.07976221572028042,3.9226775812573997,0.010140967885606145,0.18991003742923906,5.19410632687824,0.02207572558147408,0.39820161649227703,12.36691982590057,0.05256125138446066,0.9480990868863728,1.4308370154178305,0.04168555918224137,0.08106668091307023,3.7653605668890275,0.10969883995326679,0.21333337082386894,4.182198291769334,0.1707535697621303,0.3256585768926592,11.005784978340351,0.44935149937402663,0.8569962549806824,0.40201005025125625,-0.002989949748743781,-0.002989949748743781,0.33668341708542715,-0.0033165829145728187,-0.0033165829145728187,0.25125628140703515,-0.003743718592964851,-0.008743718592964855,0.3436754176610979,0.018675417661097926,0.022072289606356876,0.30861244019138756,0.35678391959798994,0.014283919597989914,0.022341323924113032,0.30808080808080807,0.33444816053511706,0.004448160535117096,0.0070341760734078385,0.2919463087248322,20.0,-7.0,-7.0,32.0,-9.0,-9.0,36.0,-7.0,-7.0,0.0005243050003991554,0.00031175435702098723,6.060029610549373e-05,-0.14187563377820744,-0.14411838905897412,-0.14115470324942958,0.026252983293556086,0.3857166388949581,11,-2.1656808853149414
67,1,test,1.7974366661066268,-0.006277844403717259,-0.008260811269189317,6.051919784047083,-0.021137329322607812,-0.027813924181582017,6.0341600562038815,-0.038000674295527226,-0.050053514067407434,20.316850831438757,-0.12794722446292184,-0.1685288042453088,1.7632245026253812,-0.026701928575916023,-0.016723397789059513,5.185954419486415,-0.07853508404681175,-0.04918646408546934,5.831209863713562,-0.15780198205487572,-0.09833761986351242,17.15061724621636,-0.46412347663198616,-0.28922829371621006,1.8186770713971045,-0.01596036850826854,-0.008150206494693002,5.86670023031324,-0.051485059704091896,-0.026290988692558415,6.163698920234786,-0.09916414929793316,-0.05044069078025526,19.88289974269286,-0.3198843525739754,-0.16271190574275707,0.35678391959798994,-0.0032160804020100464,-0.0032160804020100464,0.3266331658291457,-0.0033668341708542604,-0.0033668341708542604,0.3015075376884422,-0.0034924623115578646,-0.0034924623115578646,0.34426229508196726,0.0018339185471787367,0.003108824896238982,0.32602739726027397,0.3316582914572864,0.0033374894522738563,0.006115720505700417,0.297979797979798,0.34448160535117056,0.003913992663357568,0.005215754405675566,0.3221476510067114,19.0,-6.0,-6.0,27.0,-8.0,-8.0,33.0,-9.0,-9.0,0.0003524248740781693,5.476176693842984e-06,4.906387913068163e-05,-0.14247572589135782,-0.14795730612933244,-0.1486849582298886,0.0273224043715847,0.6848621936653758,10,-2.070910692214966
20,1,test,1.79823251559393,-0.026930988299864733,-0.0410706866814301,5.896906627713427,-0.08831423190225962,-0.13468225182018578,6.038964250845267,-0.16484503231343428,-0.2531881248629091,19.8034503361052,-0.5405728987575671,-0.8302745716225104,1.8869187312779716,-0.03111634323381529,-0.026610324072946723,5.169640359665676,-0.08525025543510978,-0.07290499746012724,6.599004017978481,-0.20856493517068841,-0.1779589064906144,18.07946306295474,-0.5714107812895577,-0.4875586479194922,1.8108360742553957,-0.027025858647752976,-0.03161125211875748,5.543375737516517,-0.08273222035026429,-0.09676913913905416,6.115558356275935,-0.16753186499936312,-0.19640846055791172,18.721097009007966,-0.5128526479572315,-0.6012503894629937,0.37688442211055273,-0.003115577889447274,-0.003115577889447274,0.33668341708542715,-0.0033165829145728187,-0.0033165829145728187,0.3065326633165829,-0.0034673366834171437,-0.0034673366834171437,0.33333333333333337,-0.00045787545787545625,0.0009775171065493637,0.3287292817679558,0.33668341708542715,0.0016834170854271857,0.0022408214115502423,0.3282828282828283,0.3277591973244147,-0.0005741360089186465,-0.0007646650507240338,0.3221476510067114,21.0,-12.0,-12.0,31.0,-22.0,-22.0,37.0,-21.0,-21.0,0.0001233394516877409,0.00012512069834009533,4.456165884744769e-05,-0.12114611514295515,-0.11904634074288989,-0.12210876513783031,0.9696969696969697,0.46400832765619926,352,-1.9698989391326904
10,1,test,1.60014702545966,-0.010957478308342816,-0.01451947787572272,4.892252790954534,-0.03350114269681903,-0.04439151842331679,4.953760699800223,-0.05457920454508347,-0.07245071938581127,15.145514270700682,-0.16686920733865662,-0.22150916664678455,1.7839828112053273,-0.07554162607670523,-0.07460910084725114,4.197606614600771,-0.17774500253342396,-0.17555082552294365,5.953521011702211,-0.46716159628908827,-0.461176938622641,14.008284733416968,-1.099203755974326,-1.0851222085238614,1.6980633151774949,-0.026308882785917698,-0.029624068724849906,4.508132695161491,-0.06984659146703809,-0.07864797006597346,5.463356339969411,-0.145642243406094,-0.1642679734616106,14.50448585832587,-0.38666082320201944,-0.4361096640573745,0.457286432160804,0.0022864321608040417,0.0022864321608040417,0.321608040201005,-0.0033919597989949812,-0.0033919597989949812,0.25125628140703515,-0.003743718592964851,-0.003743718592964851,0.3360215053763441,0.011189290611243408,0.012463343108504388,0.30188679245283023,0.35678391959798994,0.02345058626465657,0.02289410323738894,0.30808080808080807,0.34448160535117056,0.007252890826963565,0.009665142614796784,0.3120805369127517,21.0,-12.0,-12.0,30.0,-14.0,-14.0,35.0,-14.0,-14.0,0.0002939899458940065,0.00023103387522540437,0.00022852772112017032,-0.09950778827202811,-0.10366038700582703,-0.10064830178800577,0.967741935483871,-0.2765441146071455,360,-2.51269793510437
42,1,test,1.7285418378598032,-0.025446058593079357,-0.01972240872780695,5.750047338186692,-0.08464709287085626,-0.06560719638025603,5.6324349142224825,-0.1451623409087368,-0.1121878543862378,18.736467163638054,-0.48288697077804343,-0.37319633193789414,1.8438032746973783,-0.046222763099363906,-0.034291226982364975,4.983252093776698,-0.12492638675503809,-0.09267899184423012,6.320531322856953,-0.29900971420627886,-0.22049773691266594,17.082517088802575,-0.8081343627196738,-0.5959398294936911,1.7004925793729957,-0.031494663362036546,-0.026644410206757563,5.545084497955421,-0.10269998922403278,-0.08688394632638374,5.476644409494356,-0.17522999266404238,-0.14788334370763057,17.858623074438118,-0.5714021499914423,-0.48222829469879613,0.3467336683417085,-0.003266331658291488,-0.003266331658291488,0.31155778894472363,-0.003442211055276312,-0.003442211055276312,0.3015075376884422,-0.0034924623115578646,-0.0034924623115578646,0.29538461538461536,0.001989838118870324,0.001628218250531388,0.2901234567901234,0.31155778894472363,-0.0017254190753265286,0.001040259729364723,0.303030303030303,0.29096989966555187,-0.004522587813580059,-0.0026897221364503565,0.28523489932885904,23.0,-14.0,-14.0,33.0,-19.0,-19.0,35.0,-17.0,-17.0,0.0004665150111836054,1.7929087673316453e-05,0.0001065891082650381,-0.2137786607824168,-0.21141936586392696,-0.21540318937925473,0.9661538461538461,-0.3002314283893301,314,-1.3191967010498047
66,1,test,1.5510397082125809,-0.00988542603269793,-0.01384901141546191,4.886461381625476,-0.031143466085313598,-0.043630513839862495,4.716371284249228,-0.046854546492005156,-0.06577146341182516,14.858656435333852,-0.147612553550033,-0.20720921216468824,1.7490392761050015,-0.03143776012766386,-0.015024694433382946,3.9750892638750033,-0.07144945483559972,-0.03414703280314324,5.749076746579922,-0.18360910319433543,-0.08703028592866158,13.066083514954368,-0.41729341635076267,-0.19779610438332185,1.58812497676877,-0.005576833960160732,-0.0018960497820845745,4.581129740679144,-0.016087021038925897,-0.005469374371398494,4.8945628998655595,-0.027372419376481716,-0.009289138471301861,14.118931441919882,-0.0789589020475443,-0.026795591744139813,0.4723618090452262,0.002361809045226204,0.002361809045226204,0.3417085427135679,-0.003291457286432098,-0.003291457286432098,0.24623115577889443,-0.0037688442211055717,-0.0037688442211055717,0.352112676056338,0.01596640320120435,0.018779342723004633,0.3163841807909604,0.36180904522613067,0.010931852243674545,0.009555288965696573,0.3282828282828283,0.34782608695652173,0.005589025186905738,0.0063355419064661245,0.31543624161073824,14.0,-1.0,-1.0,20.0,-2.0,-2.0,32.0,-10.0,-10.0,0.0006619951644858627,7.00637824327406e-05,0.0002338194684869108,-0.054052629721891066,-0.05511647053611579,-0.05497267188301347,0.030985915492957747,0.4547586430117623,11,-2.0006906986236572
30,1,test,1.7485595758052093,-0.08417639792314535,-0.10582700205832873,5.1436794188269905,-0.2476189038905856,-0.3113077643882507,5.746319574102163,-0.5046461878811259,-0.641459069631944,16.903756747150528,-1.4845008693503132,-1.8869587631673035,1.691224979277654,-0.11464244030441928,-0.14212854535812136,3.8878735155808135,-0.26354583978027435,-0.3267322881795893,5.4261235245180135,-0.6591240982928435,-0.828703719251914,12.47384718280003,-1.5152278121674563,-1.9050660212687678,1.7498973814066308,-0.050857224927096656,-0.06243317870478937,4.952539758698012,-0.14393554224650007,-0.17669767557959215,5.754012177072323,-0.3002021124949721,-0.370692627585254,16.284940123789596,-0.8496286202687884,-1.049130078071471,0.44221105527638194,-0.0027889447236180143,-0.0027889447236180143,0.3316582914572864,-0.0033417085427135396,-0.0033417085427135396,0.2211055276381909,-0.003894472361809065,-0.003894472361809065,0.35511363636363635,-0.0032433041462787138,-0.003635141739980474,0.3561253561253561,0.3668341708542714,0.011834170854271409,0.012424853050610807,0.3535353535353535,0.36454849498327757,0.0012151616499442852,0.0038381731186827306,0.36241610738255037,14.0,-4.0,-4.0,24.0,-12.0,-12.0,32.0,-12.0,-12.0,-4.869099479176953e-05,-4.003194136112197e-05,-9.50330326393748e-06,-0.039726939641106185,-0.03654058592753007,-0.039385792527220964,0.028409090909090908,0.3327193931869831,10,-1.5493615865707397
4,1,test,1.1130705161595782,-0.02432890585742431,-0.04866280176454896,5.221812298032589,-0.11413560772618858,-0.22829462556208213,3.0436897596421755,-0.07495776459240933,-0.1517774796715563,14.27903837856823,-0.351653710433526,-0.7120424972245853,1.2043656443816442,-0.07558059610817147,-0.09482407464711451,3.649592861762558,-0.22903210941870134,-0.2873456807488317,3.334643057424893,-0.2618033197516363,-0.33168165314946485,10.104978961893615,-0.7933433931867775,-1.0050959186347423,1.1468545623319815,-0.07145799658493668,-0.08876258946186999,4.527057482889401,-0.2820710391510657,-0.35037864261264406,3.148274617610961,-0.23320225599757194,-0.2922265594993889,12.427399806359055,-0.9205352210430462,-1.1535258927607455,0.3919597989949749,-0.0030402010050251116,-0.0030402010050251116,0.23115577889447236,-0.003844221105527623,-0.003844221105527623,0.1507537688442211,-0.0042462311557789345,-0.0042462311557789345,0.3562005277044855,0.008374440747963785,0.010159471986010415,0.3121693121693122,0.3467336683417085,0.01340033500837512,0.02286054647192548,0.303030303030303,0.36454849498327757,0.02064198413185858,0.026394991090062936,0.31879194630872487,15.0,-3.0,-3.0,24.0,-7.0,-7.0,30.0,-9.0,-9.0,0.000100017174809355,0.00014635124254393898,4.217385695822369e-05,-0.16753712297927326,-0.17801872351471815,-0.1740774092618267,0.026385224274406333,0.3585836470420549,10,-2.0464131832122803
60,1,test,1.19487044598383,-0.015733216893603297,-0.02121707997671196,4.0966986719445595,-0.053942457920925335,-0.07274427420586971,3.3031298090475145,-0.052379828839039355,-0.07083153133121645,11.325016488162905,-0.17958798459099334,-0.24285096456417143,1.4141163164177792,-0.046395241101190754,-0.042414256601063016,3.8028263103667306,-0.12476558079914835,-0.11405996031907506,4.112850401268803,-0.19531243656122665,-0.17819580021749193,11.060232835844484,-0.5252320929146492,-0.4792022195037955,1.414726011295568,-0.038577582186796855,-0.037250920435104584,4.360856467807988,-0.11891440282321941,-0.11482500216594094,4.115358749677454,-0.1618626516970192,-0.15619198801831313,12.685487279933595,-0.49893745213823415,-0.48145777749974883,0.3434343434343434,-0.001565656565656548,-0.006565656565656552,0.2525252525252525,-0.007474747474747523,-0.007474747474747523,0.19696969696969702,-0.008030303030302943,-0.008030303030302943,0.2853828306264501,-0.0008280616099346494,-0.0010296815925137093,0.27209302325581397,0.297979797979798,0.005788362211536002,0.007711341603959032,0.2690355329949239,0.3087248322147651,0.0021921688981821896,0.0006891179290507976,0.2861952861952862,12.0,-1.0,-1.0,22.0,-9.0,-9.0,26.0,-7.0,-7.0,0.0003202698643002328,7.821191846826391e-05,0.0001553049760593201,-0.20451649928674343,-0.19849706664805922,-0.20629897725406288,0.025522041763341066,0.1998665941034396,11,-1.9835741519927979
62,0,test,2.3394392637121606,0.034845357779970776,0.029512957723220268,7.663680346643285,0.11414858583093945,0.09668037874848068,10.375417058434577,0.35530873888887626,0.3017348008274805,33.98843519142361,1.1639424204980386,0.9884415889176097,2.4053845876987814,-0.06378798830750743,-0.04117774772502392,6.089581234680459,-0.16148857799368965,-0.10424746259499695,11.082691729592362,-0.7299769917522507,-0.46588653508517197,28.057447416689524,-1.8480430170943052,-1.179459582494104,2.376744507934067,0.05392926963392908,0.07735033598467389,6.855993772886732,0.15556520086710357,0.22312596918655903,10.76978478271772,0.5654231667483511,0.8016431373853159,31.06668687322419,1.6310283656202422,2.312432127073027,0.4824120603015075,-0.0025879396984924696,-0.0025879396984924696,0.42211055276381915,-0.0028894472361808976,-0.0028894472361808976,0.4120603015075377,-0.0029396984924623393,-0.0029396984924623393,0.40506329113924056,0.0004268317082605222,-0.0025613422918444595,0.39957716701902746,0.4170854271356784,-0.0014609387791085782,-0.0019462923968758261,0.4040404040404041,0.41137123745819393,0.000686763334654672,0.0009151751667589858,0.40268456375838924,22.0,-13.0,-13.0,27.0,-15.0,-15.0,32.0,-14.0,-14.0,0.00020860610989660913,0.0002682585518919003,7.529310559852042e-05,-0.23963973628475088,-0.24717459275873832,-0.24333605555481252,0.02109704641350211,0.7349744888850919,10,-1.0127215385437012
34,0,test,2.4783704786841945,-0.00031501441038228606,0.008598407902000726,6.552404142274651,-0.0008328463178601808,0.02273277705597465,11.921821718391397,-0.0037561372269170334,0.10206924073354529,31.519336871911502,-0.009930609380752742,0.26985429399416816,2.5050975008842777,-0.03138867207767859,-0.010460957578492192,5.6294325862568035,-0.0705363417475926,-0.023507769839308246,12.244752781825012,-0.3904422045384379,-0.1287641633980119,27.516298386123623,-0.8773982124459287,-0.2893576705573295,2.489235421498154,-0.02564925770819748,-0.024358571229608827,6.223088553745384,-0.0641231442704937,-0.06089642807402207,12.052057852512009,-0.31312488168893005,-0.29717560250223585,30.13014463128002,-0.7828122042223242,-0.7429390062555896,0.4623115577889447,-0.002688442211055242,-0.002688442211055242,0.4170854271356784,-0.0029145728643216184,-0.0029145728643216184,0.40703517587939697,-0.00296482412060306,-0.00296482412060306,0.4051948051948052,0.0005255444944161081,0.000502723083368295,0.40364583333333337,0.40703517587939697,-0.0014861273787484253,-0.0019798491623392867,0.4040404040404041,0.40802675585284276,-0.000988269188893498,-0.00020461233403157308,0.40604026845637586,25.0,-16.0,-16.0,33.0,-16.0,-16.0,39.0,-16.0,-15.0,0.00021050864796650037,-5.896789645607756e-05,7.56433001548532e-05,-0.0734217024882291,-0.07992985322175716,-0.08092567073945034,0.033766233766233764,0.20222492345014906,13,-1.239128589630127
22,0,test,2.110419432913228,-0.019587788013312846,-0.035086729348409396,7.298533872158248,-0.0677411002127073,-0.12134160566324947,8.2517015941308,-0.16322598066381033,-0.2946643964960938,28.53713467970235,-0.5644898497956774,-1.019047704548992,2.183363237133869,-0.025305869812697335,0.006606311032248957,6.4216565798054965,-0.07442902886087399,0.019430326565438527,8.876108572459847,-0.22748384660183874,0.05844506827464713,26.10620168370543,-0.6690701370642316,0.17189725963131508,2.1392818510394807,0.0021950020472467635,0.015005193798319993,6.827495269274938,0.007005325682702512,0.04788891637761772,8.49333595780455,0.018622444186814135,0.12649275452029762,27.106391354695372,0.059433332511108716,0.40370028038393,0.4371859296482412,-0.002814070351758735,-0.002814070351758735,0.3668341708542714,-0.0031658291457286047,-0.0031658291457286047,0.3417085427135679,-0.003291457286432098,-0.003291457286432098,0.3381642512077294,0.004026736129321695,0.003853400767846682,0.32445520581113807,0.3517587939698492,0.0008816009873930941,0.004513384954824118,0.33333333333333337,0.34782608695652173,0.00391957610510274,0.0063355419064661245,0.33221476510067116,14.0,-3.0,-3.0,22.0,0.0,0.0,29.0,-6.0,-6.0,0.0002066709579103244,0.00027105428639544166,9.571925751825601e-05,-0.20209985028045097,-0.20329122884470419,-0.2056447539887536,0.024154589371980676,0.8811477453491173,10,-0.9690039157867432
84,0,test,2.4921300108008055,0.024724153819368766,0.031986626894116466,7.104430329297819,0.07048228924625999,0.09118575726531741,12.086994148968587,0.29517666962170885,0.38050420705703303,34.45695346944777,0.8414737895186022,1.0847209484760185,2.5716373299074666,0.030512683166140864,0.11720584799668377,6.272286170506017,0.07442117845400187,0.28586792194313126,13.08723502937259,0.3932958860773521,1.4474208068588474,31.920085437494123,0.9592582587252494,3.5302946508752377,2.548688046471601,0.02076780299442227,0.07613772685883768,6.826842981620359,0.055628043735059585,0.20394033980045734,12.79031247478307,0.2628874438110973,0.9376761249885224,34.25976555745465,0.7041627959225849,2.511632477647826,0.457286432160804,-0.0027135678391959628,-0.0027135678391959628,0.42713567839195976,-0.002864321608040288,-0.002864321608040288,0.4170854271356784,-0.0029145728643216184,-0.0029145728643216184,0.40944881889763785,0.001847246158450444,0.0008466683600034663,0.381578947368421,0.42211055276381915,0.0060704525131926035,0.01142607864027989,0.36868686868686873,0.42140468227424754,0.004042411823496295,0.005386884721411023,0.38590604026845643,18.0,-3.0,-4.0,28.0,-4.0,-4.0,31.0,-2.0,-3.0,0.0005635950039903003,0.00020281101442537182,0.0001428190475014354,-0.0606526633488933,-0.06584705864267892,-0.0637894214265895,0.026246719160104987,1.4046666137011115,10,-1.2615094184875488
52,0,test,2.0375993722379717,0.02254589829196485,0.031745068991377856,6.411895272271782,0.07094718453343063,0.0998950336150699,7.672169051749727,0.17104056633155373,0.23972830818648827,24.1426971077996,0.5382285711167221,0.7543744009905069,2.1315726422857204,0.0032274506701122085,0.019339535485697557,5.921035117460335,0.00896514075031174,0.053720931904715385,8.428110798113654,0.027157463582469177,0.16142972844428627,23.411418883649038,0.07543739884019018,0.44841591234524003,2.069326964007901,0.016850441921574255,0.02903603650068165,6.334674379616023,0.05158298547420692,0.08888582602249429,7.91949122114062,0.1323288956066131,0.22664428700480865,24.24334047287945,0.40508845593861054,0.6938090418514555,0.42211055276381915,-0.0028894472361808976,-0.0028894472361808976,0.3517587939698492,-0.0032412060301507672,-0.008241206030150772,0.3417085427135679,-0.003291457286432098,-0.003291457286432098,0.3362573099415205,0.003410594613053375,0.0039014937147364703,0.32844574780058655,0.3467336683417085,0.003375272351733516,0.004496606572092499,0.33838383838383834,0.34448160535117056,0.003913992663357568,0.004103407353395205,0.3389261744966443,24.0,-9.0,-9.0,35.0,-12.0,-12.0,35.0,-7.0,-7.0,0.0003053144214413477,6.708366882453245e-05,0.0001642502231801964,-0.09253564872372522,-0.09542451497376092,-0.09617309141648178,0.956140350877193,-0.28890397013020686,327,-1.0944280624389648
41,0,test,2.1105827998570583,0.03905630343486077,0.03743680916958603,6.707605610504624,0.12412414242311876,0.11897725653895819,8.253049759521463,0.31612018965905087,0.3032559637783985,26.228870468616158,1.0046559452178059,0.9637723780354577,2.210710831898211,0.06500907406594614,0.11789682374661448,5.668489312559515,0.16668993350242634,0.3022995480682429,9.122198438576952,0.5741606531248298,1.0145002162733459,23.39025240660757,1.4722068028841804,2.6012826058290948,2.2026054659764336,0.07500905234875566,0.11552862130134356,6.175529343859159,0.21030575424884734,0.323912022340215,9.048558524605227,0.6538932845214198,0.9872423146055809,25.369790255902505,1.833345657536693,2.7679691063707885,0.4371859296482412,-0.002814070351758735,-0.002814070351758735,0.3517587939698492,-0.0032412060301507672,-0.0032412060301507672,0.31658291457286436,-0.008417085427135595,-0.008417085427135595,0.3434125269978402,0.006128044239219532,0.008124159451408097,0.3268398268398268,0.3467336683417085,0.009233668341708468,0.012291072667831582,0.30808080808080807,0.35451505016722407,0.009515050167224093,0.012672652830931108,0.32885906040268453,24.0,-9.0,-9.0,32.0,-8.0,-8.0,40.0,-10.0,-10.0,0.0006292333273619406,0.00018288081574181365,9.2589405211037e-05,-0.1574459806378954,-0.13953039068779294,-0.14858421599559524,0.9762419006479481,0.28843979810556375,452,-1.4377734661102295
1,0,test,2.4377272091532425,-0.06802723230024466,-0.1098167271510806,7.110037693363624,-0.1984127608757138,-0.3202987875239858,11.446994530818198,-0.8058049686873865,-1.3286927854114552,33.38706738155308,-2.350264492004875,-3.8753539574500735,2.5809479544009517,0.007094085310418219,0.03471779500751504,6.294995010734029,0.01730264709858087,0.08467754879881717,13.209654376320833,0.09337880484769556,0.45074044245412814,32.21866921053862,0.22775318255535737,1.0993669328149487,2.492165752925876,-0.019298737915594444,-0.008883115115452256,6.859171797043695,-0.05311579242824127,-0.02444894068473058,12.08742617154584,-0.23553754818438932,-0.10785232120818655,33.26814542627295,-0.6482684812414377,-0.296841251031708,0.49246231155778897,-0.002537688442211028,-0.002537688442211028,0.4371859296482412,-0.002814070351758735,-0.002814070351758735,0.4170854271356784,-0.0029145728643216184,-0.0029145728643216184,0.40364583333333337,0.0005248970524490693,-0.002023765884652917,0.3890339425587467,0.42211055276381915,0.003564186849032147,0.0047482823130678975,0.3939393939393939,0.41137123745819393,0.000686763334654672,0.0009151751667589858,0.3926174496644296,25.0,-4.0,-4.0,30.0,-2.0,-2.0,37.0,-2.0,-2.0,0.00038518615619857787,0.0002629276682125276,0.00010172268264742328,-0.10695500462733865,-0.1128373128595177,-0.11076876962802995,0.026041666666666668,0.4928612447617006,10,-0.9945180416107178
8,0,test,1.7059580022990162,-0.06735232209764441,-0.14800307614576647,5.610439345589017,-0.22150376351830925,-0.4867425109864296,5.506658532633786,-0.3836614605165698,-0.8784026931711475,18.10992630098576,-1.261759873670691,-2.888831392330463,1.7049546800074098,0.009242289200811493,0.027909859600303344,4.262386700018524,0.023105723002029066,0.06977464900075869,5.50113635010339,0.05060886196170955,0.15141315462165217,13.752840875258473,0.12652215490427388,0.37853288655412953,1.7413008085283375,-0.006994890948650578,0.0026040569133289893,4.882151799612161,-0.019611843781262905,0.007301094149520182,5.704759397921279,-0.04004405851346249,0.014836192620232502,15.994652517536295,-0.11227306125270076,0.041596801738968736,0.3517587939698492,-0.0032412060301507672,-0.0032412060301507672,0.29648241206030146,-0.00851758793969859,-0.00851758793969859,0.23115577889447236,-0.003844221105527623,-0.003844221105527623,0.31759656652360513,0.006771271775480758,0.012611229280203418,0.2924731182795699,0.321608040201005,0.01584362917343607,0.019437756394661054,0.2727272727272727,0.3210702341137124,0.007213806734747474,0.011837753579785781,0.28859060402684567,17.0,-3.0,-3.0,24.0,-2.0,-2.0,30.0,-4.0,-4.0,0.00016200851228733075,0.00013030497489396452,-3.460172972577747e-05,-0.2417061242900882,-0.24079825263596444,-0.24334229539923324,0.02145922746781116,0.6046447056360554,10,-3.1481122970581055
80,0,test,1.7417860467526225,-0.06614437174958221,-0.06614437174958221,8.567321612075908,-0.32534426754875767,-0.32534426754875767,5.7075282369604405,-0.39028620333346264,-0.39028620333346264,28.07361449887046,-1.9197004310304493,-1.9197004310304493,1.8494150062126309,-0.06648941534260455,-0.07499213934622917,6.269203410890275,-0.22538784861899863,-0.2542106418516239,6.356100155701655,-0.4369796716612413,-0.4949856093396807,21.546102222717476,-1.481287022580478,-1.677917319795526,1.86069092699741,0.04680218714991646,0.07056491847078838,6.343264523854806,0.1595529107383511,0.24056222205950561,6.428176638224061,0.29392100362798956,0.437969402207683,21.914238539400205,1.0020034214590545,1.4930775075261913,0.4623115577889447,-0.002688442211055242,-0.002688442211055242,0.3316582914572864,-0.0033417085427135396,-0.0033417085427135396,0.24623115577889443,-0.0037688442211055717,-0.008768844221105576,0.35927152317880795,0.011275433247234123,0.011275433247234123,0.33996683250414594,0.3417085427135679,-0.0007914572864321512,-0.0010535205143855642,0.3282828282828283,0.34448160535117056,-0.008851727982162827,-0.010679326946276713,0.3422818791946308,18.0,0.0,0.0,26.0,-2.0,-2.0,35.0,0.0,1.0,0.000897997859986658,0.0003356832938232898,6.301371817322304e-05,-0.051119807870824374,-0.05616945922281591,-0.052532987944115206,0.018211920529801324,0.2615654733900897,11,-2.58077335357666
73,0,test,2.2600963103508938,-0.03691683697012049,-0.07225450418383694,6.071239108197499,-0.0991687581354217,-0.19409543280756214,9.584012161890954,-0.36042332635640584,-0.7181193274057254,25.745287572138444,-0.9681959943299532,-1.9290656442075367,2.3682617888090047,-0.04588907989231217,-0.048364947912933776,5.444279974273574,-0.10549213768347698,-0.1111837883055955,10.678814108202621,-0.5014586980191211,-0.5291738733223266,24.548997949891085,-1.1527786161359082,-1.2164916628099434,2.3042223819656638,-0.08050884883086651,-0.0897198814508613,5.908262517860676,-0.206432945720171,-0.23005097807913177,10.016386300610234,-0.8397581748646967,-0.9402164276121976,25.6830417964365,-2.1532260893966573,-2.4108113528517876,0.5125628140703518,-0.0024371859296482556,-0.0024371859296482556,0.4371859296482412,-0.002814070351758735,-0.002814070351758735,0.4120603015075377,-0.0029396984924623393,-0.0029396984924623393,0.4,-0.002676399026763976,-0.008602150537634357,0.39119804400978,0.4321608040201005,-0.0003391959798995092,0.0012123847189358106,0.41414141414141414,0.4147157190635451,-0.005284280936454944,-0.0037082542993849277,0.40268456375838924,22.0,0.0,0.0,32.0,0.0,0.0,36.0,0.0,0.0,8.313889725061943e-05,0.00019787233970564117,-2.334967682778732e-05,-0.09880821206131696,-0.10552278449786545,-0.10119088053371517,0.024390243902439025,0.526004079501491,10,-1.0648694038391113
75,0,test,2.2098919584714687,-0.014739215854976173,-0.04590212027930063,7.376681607855466,-0.04919991771308929,-0.1532225705097776,9.11473157030938,-0.13533894087889387,-0.4281365207255625,30.425230734694686,-0.45176519701828255,-1.429131766365611,2.2832533636052386,-0.10573696088339712,-0.11893188157958612,5.708133409013096,-0.26434240220849237,-0.2973297039489653,9.808539301933308,-1.0939411145106437,-1.2387517604654317,24.52134825483327,-2.7348527862766083,-3.0968794011635765,2.1379655189169546,-0.007382569970664221,-0.0020477744976949985,6.478683390657438,-0.022371424153527997,-0.006205377265742662,8.482163261958378,-0.06285188252999419,-0.017387354227425433,25.703525036237508,-0.19046025009089362,-0.05268895220432057,0.46733668341708545,-0.002663316582914521,-0.002663316582914521,0.40201005025125625,-0.002989949748743781,-0.002989949748743781,0.371859296482412,-0.003140703517587995,-0.003140703517587995,0.36786469344608874,0.00038845268579301706,-0.002614289936120451,0.364406779661017,0.39698492462311563,0.0035012153499326404,0.0063338394812124665,0.3787878787878788,0.3712374581939799,0.003958660197318831,0.004162930941477128,0.35906040268456374,25.0,-16.0,-16.0,28.0,-17.0,-17.0,39.0,-14.0,-14.0,-9.861308255909687e-05,0.00021376278017387143,-0.00016566496903094993,-0.043905672201694834,-0.044343340681407994,-0.04471942831695319,0.9767441860465116,0.6664404394034119,462,-4.147058486938477
5,0,test,2.2728716376978464,0.01414271073463036,-0.0008714170026231649,6.348365608742261,0.03950205412086483,-0.0024339578349126256,9.707236494208857,0.13632039562515175,-0.008462737680762444,27.11331572520405,0.3807569670909423,-0.023637301797993615,2.4041197864239368,0.0004983622574030733,0.010818427904878192,5.793059726322739,0.0012008729094050707,0.026068500975609865,11.068683187842277,0.0055148396318678294,0.11910035018654597,26.671525753836814,0.013288770197274147,0.28698879563023283,2.2822917568148258,-0.048663437093003026,-0.05181030174897616,6.2244320640404345,-0.13271846479909932,-0.14130082295175317,9.799111877400714,-0.48865177304666574,-0.521076964954224,26.72485057472922,-1.3326866537636342,-1.421118995329703,0.4773869346733668,-0.0026130653266331905,-0.0026130653266331905,0.4321608040201005,-0.002839195979899567,-0.002839195979899567,0.39698492462311563,-0.0030150753768843908,-0.0030150753768843908,0.39851485148514854,0.0029647896804513296,-0.00031212798699220556,0.3821339950372209,0.42713567839195976,0.0035767811488519596,0.004765060695799517,0.3939393939393939,0.4013377926421404,-0.0009994360723837303,-0.0013318402833323306,0.3791946308724832,24.0,-14.0,-14.0,32.0,-12.0,-14.0,41.0,-16.0,-16.0,0.0005400511269354017,0.0002963665179448158,0.00012620129987810422,-0.09881373462577692,-0.10985595595433484,-0.10296692451690248,0.027227722772277228,0.5525341806344423,11,-1.6582043170928955
30,0,test,1.858976174605569,-0.0279478005886713,-0.0279478005886713,7.274254596282662,-0.10936095882523578,-0.10936095882523578,6.417163352186378,-0.18187527050736207,-0.18187527050736207,25.11063920420757,-0.7116858411157629,-0.7116858411157629,2.040805504136574,0.04685992525824001,0.0650125487850075,5.232834625991215,0.12015365450830728,0.16669884303848015,7.696806512047078,0.3523517166517909,0.4844700643237996,19.735401312941224,0.9034659401327971,1.2422309341635867,2.0255442414402776,0.00045656414679751123,0.0118062737306186,6.200645637062074,0.0013976453473389938,0.03614165427740357,7.580235300389913,0.003460073729537605,0.08896810855522297,23.204801939969123,0.010592062437360994,0.27235135272007227,0.4824120603015075,0.002412060301507535,0.002412060301507535,0.3517587939698492,0.0017587939698492372,0.0017587939698492372,0.27638190954773867,-0.0036180904522613577,-0.0036180904522613577,0.3302411873840445,0.003750473796556686,0.003750473796556686,0.2992565055762082,0.3467336683417085,0.0008690066875731706,0.0028271574902895003,0.28787878787878785,0.3511705685618729,0.003925159546847801,0.006342982354976323,0.3120805369127517,21.0,0.0,0.0,32.0,0.0,0.0,36.0,0.0,0.0,0.0004603328858723992,8.095381743775058e-05,0.0003457362585504869,-0.06305355490983544,-0.05664789848889118,-0.06611630568351323,0.01855287569573284,0.5095850733811159,10,-1.7479603290557861
26,0,test,1.847915521504764,-0.02938872496355205,-0.07952985965791526,6.810462849416751,-0.10831167184147805,-0.2931060150295748,6.346576422846872,-0.18928559652936894,-0.5253562076989002,23.39020504226629,-0.6976090130154979,-1.9361918299870773,1.9208686078437522,-0.05095241515350368,-0.004931263358608939,5.191536777956087,-0.1377092301446048,-0.013327738807051404,6.826885781201224,-0.3568605705857246,-0.03374831422980762,18.4510426518952,-0.9644880286100666,-0.09121166008056036,1.9340708130871218,-0.025594399399922585,0.0016275798485432258,5.981662308516872,-0.0791579362884205,0.005033752108896117,6.9176133124016195,-0.17933738451461334,0.011249810561383633,21.394680347633876,-0.5546517046843711,0.034793228540362264,0.4723618090452262,-0.0026381909547738003,-0.0026381909547738003,0.4170854271356784,-0.0029145728643216184,-0.0029145728643216184,0.26633165829145733,0.001331658291457316,-0.0036683417085426884,0.4035087719298246,0.008108990987874987,0.004681792457683853,0.3758241758241758,0.4170854271356784,0.0035515925492122236,0.0064009530121391656,0.35858585858585856,0.4147157190635451,0.002361795858202842,0.003147309719829905,0.37583892617449666,15.0,-2.0,-2.0,25.0,-2.0,-2.0,34.0,-8.0,-8.0,0.0004329844705142051,0.0002933634747835524,3.6574399850306456e-05,-0.1272469314642679,-0.12795417624354055,-0.12787651375434272,0.021929824561403508,-0.47105255272809016,10,-3.2737650871276855
50,0,test,2.0303520822592915,0.016118276188588965,-0.0059135803375780505,6.730537217568203,0.0534314509873699,-0.019603286000947406,7.616767615491377,0.1217850449726301,-0.0451758109491589,25.249284772613148,0.40371262939745733,-0.14975603472122856,2.17299553410821,-0.09676917677804742,-0.11027333345720436,5.236133817128217,-0.2331787392242104,-0.26571887580049225,8.78455911360507,-0.8925645107381488,-1.0241322607098162,21.167612321939927,-2.150757857200361,-2.4677885800236545,2.151679520680712,-0.06663495603740932,-0.07331306287192385,6.267027730137996,-0.19408239622546475,-0.21353319283084637,8.599288959218498,-0.5925358077417737,-0.654125216974732,25.046472696752907,-1.7258324497333213,-1.9052190785671819,0.457286432160804,-0.0027135678391959628,-0.0027135678391959628,0.3869346733668342,-0.0030653266331658324,-0.0030653266331658324,0.36180904522613067,-0.0031909547738693256,-0.0031909547738693256,0.3571428571428571,0.003991846441311342,0.0032816645719870863,0.33412887828162297,0.37688442211055273,0.0009445724864926008,0.007936175032088655,0.3434343434343434,0.36454849498327757,-0.002730303013383506,-0.0036383793215055693,0.3422818791946308,22.0,-13.0,-13.0,35.0,-18.0,-18.0,40.0,-17.0,-17.0,0.0006246914316534647,0.0004787667431646427,0.00015870819360299293,-0.09142964752729377,-0.09736173506200352,-0.09338786681609701,0.9714285714285714,-0.5081020008163555,408,-1.925445318222046
23,0,test,1.7070881487254177,-0.05408093536389158,-0.05408093536389158,7.979959679359294,-0.2528069121375571,-0.2528069121375571,5.512885381058342,-0.30635121506702134,-0.30635121506702134,25.77055150351876,-1.4320703624958355,-1.4320703624958355,1.8930791585013258,-0.14213250868079919,-0.15032594894457962,5.48718596667051,-0.41197828603130215,-0.43572738824515866,6.639782178459045,-1.0140898490979113,-1.077059007087045,19.24574544480883,-2.9393908669504683,-3.1219101654696964,1.782801094660934,-0.0494543010623647,-0.058773331304459164,6.292239157626827,-0.17454459198481587,-0.2074352869569145,5.946489792697434,-0.30147261436125117,-0.3599697097401071,20.987611033049767,-1.064020991863238,-1.270481328494494,0.4623115577889447,-0.002688442211055242,-0.002688442211055242,0.3919597989949749,-0.0030402010050251116,-0.0030402010050251116,0.2864321608040201,-0.013567839195979925,-0.00856783919597992,0.3656462585034014,0.0059199632932351864,0.0059199632932351864,0.3509369676320273,0.3919597989949749,0.01445979899497496,0.02091154608316126,0.35858585858585856,0.3846153846153846,0.011282051282051286,0.015026039443353456,0.35906040268456374,22.0,-13.0,-13.0,31.0,-21.0,-21.0,38.0,-24.0,-24.0,0.00031385413927765556,5.48344429438725e-05,0.00022901929019714695,-0.05864401980875389,-0.05297094104689215,-0.05606020811823509,0.01870748299319728,0.5100761366257632,11,-4.319368362426758
6,0,test,2.5445268534060013,0.00688161737602444,0.00688161737602444,7.92945577573033,0.021445040195052556,0.021445040195052556,12.737200097273691,0.08735163253199651,0.08735163253199651,39.69267007057383,0.2722120641694801,0.2722120641694801,2.2842509406159697,-0.008314596765897075,-0.003420534723769908,5.64012577929869,-0.02052986855777128,-0.0084457647500491,9.818328957405534,-0.08197577167335268,-0.03364143818137322,24.242787549149465,-0.20240931277371033,-0.08306527946017894,2.4287805609224202,0.017047701661940806,0.030013295935749085,6.3915277919011055,0.04486237279458116,0.0789823577256552,11.34503905739226,0.1917675984548879,0.3354429600680504,29.855365940505948,0.5046515748812865,0.8827446317580296,0.46733668341708545,-0.002663316582914521,-0.002663316582914521,0.37688442211055273,-0.003115577889447274,-0.003115577889447274,0.33668341708542715,-0.0033165829145728187,-0.0033165829145728187,0.41308411214953267,0.008392030038095744,0.008392030038095744,0.40636704119850187,0.36180904522613067,0.010931852243674545,0.017902534374711676,0.3282828282828283,0.3812709030100334,0.003975410522554235,0.007522293443848804,0.36241610738255037,24.0,-15.0,-15.0,31.0,-20.0,-20.0,40.0,-21.0,-21.0,-0.0010273259646341993,3.915687517320756e-06,-8.565047238389289e-05,-0.03906989221968882,-0.04643709374505267,-0.0424565041185474,0.020560747663551402,0.34903307479186446,11,-3.3028738498687744
85,0,test,2.0138306360008524,0.017080526709615462,0.031346113314779656,7.194711161097062,0.0610227364497371,0.11198867833827197,7.491961426930524,0.12687997417113728,0.2312013097950114,26.766152790230418,0.4532976855003028,0.8260012606351701,1.9708600428160954,0.01520529027904094,0.0314488158687638,6.357613041342243,0.049049323480777396,0.10144779312504415,7.176846229887605,0.10830057279939176,0.22219117840034208,23.15111687060518,0.3493566864496529,0.7167457367752981,2.016956909328996,0.01296228120416787,0.024061914713287447,6.577033399985857,0.042268308274460153,0.07846276536941499,7.515419995958162,0.09678833335779657,0.17867711746989112,24.50680433464618,0.3156141305145539,0.5826427743583373,0.40201005025125625,-0.002989949748743781,-0.002989949748743781,0.3266331658291457,-0.0033668341708542604,-0.0033668341708542604,0.31658291457286436,-0.003417085427135591,-0.003417085427135591,0.3405275779376499,0.0004078174586079619,0.003284176178119047,0.3317307692307693,0.3266331658291457,-0.001687636175866869,0.0010905948775596919,0.30808080808080807,0.3311036789297659,-0.0011166883490321133,-0.0003757426497669192,0.31879194630872487,21.0,-11.0,-11.0,23.0,-4.0,-4.0,30.0,-11.0,-11.0,2.8355211831194775e-05,0.00010633712525150601,4.68161607134708e-05,-0.24565298633145805,-0.2520963807056953,-0.24806869632682993,0.023980815347721823,0.5356679495932026,10,-0.8254082202911377
18,0,test,2.2404431511307115,-0.009198171421894497,-0.03346950354966172,6.905246428484954,-0.028349588039122686,-0.10315600720903184,9.397494875305156,-0.0868385344053646,-0.31985227871877164,28.963920772395742,-0.26764413962250444,-0.9858133664989026,2.3371728386030863,-0.0033587181606558048,0.011493912260811978,5.992750868213042,-0.00861209784783501,0.029471569899517824,10.351928580189062,-0.034827665936264296,0.11830297441235693,26.54340661586939,-0.08930170752888245,0.30334096003168654,2.309341383995491,-0.009029453926703734,-0.002597010252566978,6.47478892709016,-0.02531622596272154,-0.007281337156729961,10.067791662236942,-0.09131831779046706,-0.026180138497338135,28.227453258608247,-0.25603266670224656,-0.07340225746917284,0.457286432160804,0.0022864321608040417,0.0022864321608040417,0.42211055276381915,-0.0028894472361808976,-0.0028894472361808976,0.3869346733668342,-0.0030653266331658324,-0.0030653266331658324,0.3980582524271845,0.002906737275669369,0.003141341381241225,0.3844282238442822,0.3919597989949749,0.0009823553859523715,0.0013087138530717413,0.3737373737373737,0.39799331103678925,-0.001005019514128902,-0.0013392807318425293,0.38590604026845643,24.0,-15.0,-15.0,33.0,-16.0,-16.0,38.0,-14.0,-14.0,0.0003127678350485975,0.00027158825332029726,0.00014201735994740064,-0.07946295988647911,-0.08361602482271735,-0.08231578100702386,0.0412621359223301,0.3118032888910226,17,-1.669820785522461
63,0,test,2.176501131550324,0.013857159811454078,-0.02650934375248548,7.481722639704239,0.04763398685187337,-0.09112586914916854,8.815408282354692,0.12131404608025953,-0.2368157350725415,30.302965970594254,0.4170170334008887,-0.8140540893118633,2.1764932790093283,0.06640088964872781,0.11574095298701526,5.06161227676588,0.15442067360169265,0.26916500694654655,8.81533905927155,0.5663356897027949,0.9634643007499326,20.500788509933837,1.3170597434948732,2.240614652906821,2.104222095523982,0.03342133832455385,0.060420219418631405,6.069871429396102,0.09640770670544363,0.17428909447682095,8.200721149989905,0.2695496315500874,0.48081755621784517,23.655926394201646,0.7775470140867888,1.3869737198591672,0.457286432160804,-0.0027135678391959628,-0.0027135678391959628,0.38190954773869346,-0.0030904522613065533,-0.0030904522613065533,0.3266331658291457,-0.0033668341708542604,-0.0033668341708542604,0.38056680161943324,0.006451533672011567,0.005200232704477226,0.37119675456389456,0.37688442211055273,0.010969635143134204,0.02296121676831564,0.3535353535353535,0.3745819397993311,0.010642039966275996,0.018630883069631454,0.3557046979865772,22.0,1.0,1.0,35.0,0.0,0.0,40.0,0.0,0.0,-0.00011903923786875628,0.00027008334019740585,-0.00010596869950286215,-0.11209298635094811,-0.11520374241114073,-0.1143030040164712,0.9777327935222672,0.4715959780363958,483,-1.6516127586364746
68,0,test,1.8577627981762677,-0.0015791184669184943,-0.019907106362807125,6.943769147281787,-0.005902278859958088,-0.07440688935606588,6.4093816394599985,-0.010129168381969755,-0.12887070760766495,23.956377275358683,-0.03785984247686969,-0.481680677615536,1.9506727231434648,0.05119796058755055,0.08797532977641143,5.344308830530041,0.14026838517137197,0.24102830075729198,7.033417532188513,0.3510338499455079,0.592330025441477,19.269637074489076,0.9617365751931715,1.6228219875108962,1.8350008744702873,-0.004828285309183666,0.0035889288767809724,5.734377732719648,-0.015088391591199013,0.011215402739940927,6.265139624111765,-0.03032302681115784,0.022444839955356066,19.578561325349266,-0.09475945878486769,0.07014012486048671,0.44221105527638194,-0.0027889447236180143,-0.0027889447236180143,0.3467336683417085,-0.003266331658291488,-0.003266331658291488,0.29648241206030146,-0.0035175879396985854,0.001482412060301419,0.3318681318681319,0.006950458981194507,0.011242520919940269,0.3193832599118943,0.3467336683417085,0.0008690066875731706,0.001157708408486502,0.33333333333333337,0.32441471571906355,-0.002797304314325455,0.0007217235054929327,0.30536912751677847,23.0,0.0,0.0,33.0,0.0,0.0,38.0,1.0,1.0,0.00016954519235484112,0.0002179996610232475,2.5876343603399498e-05,-0.0919544180937848,-0.09390020681521527,-0.09416382735965545,0.02197802197802198,-0.4697380207400107,10,-1.5374994277954102
51,0,test,2.2184714220778683,0.009709545470233394,-0.0017211691404166451,6.314110970529317,0.027634860184510224,-0.004898712168878383,9.193267494416782,0.08883049899694662,-0.015836793301335916,26.165453637955455,0.2528252663759254,-0.04507395016533877,2.307674147769266,-0.02046122488157609,-0.010236686443769738,5.494462256593491,-0.048717202098990775,-0.024373062961356773,10.051020260089112,-0.2077745983328363,-0.10341756635211041,23.93100061925979,-0.49470142460199185,-0.2462323008383578,2.2855608483384584,0.007727669626562683,0.015547034541734561,6.014633811416996,0.020335972701480465,0.04091324879403846,9.83119848943828,0.07567946439894335,0.1516639651666658,25.871574972206,0.199156485260378,0.39911569780701583,0.4623115577889447,-0.002688442211055242,-0.002688442211055242,0.4371859296482412,-0.002814070351758735,-0.002814070351758735,0.39698492462311563,-0.0030150753768843908,-0.0030150753768843908,0.41133004926108374,0.005425990220493282,0.005660450043097454,0.3975308641975308,0.42713567839195976,0.008589312477172761,0.01144285702301151,0.398989898989899,0.4180602006688964,0.005706277463554121,0.0076041383774614335,0.3993288590604027,25.0,-15.0,-15.0,35.0,-16.0,-16.0,45.0,-19.0,-19.0,0.0002584515978593635,0.0002472468717241404,9.188926241902885e-05,-0.10082048020986534,-0.10744581053450375,-0.10429021138263916,0.027093596059113302,0.43066471977222337,11,-1.5775773525238037
31,0,test,1.8640242534228089,0.02887570889516944,0.02887570889516944,7.2963235062549945,0.11302777481823512,0.11302777481823512,6.449639600936746,0.18357473498379218,0.18357473498379218,25.24573215223812,0.718563962650844,0.718563962650844,1.8806670702696964,-0.05153701074488759,-0.04679329266712773,5.613931553043869,-0.1538418231190679,-0.13968147064814218,6.557877968869589,-0.34683405826426217,-0.3141576161900108,19.575755130953997,-1.0353255470575,-0.9377839289254055,1.8603370136121404,-0.01984962827803849,-0.01935019036280594,6.2707989222881135,-0.06690885936417423,-0.06522536077350338,6.425902023001045,-0.12882611187829163,-0.12555324948750712,21.66034389775633,-0.4342453209380608,-0.4232132005196867,0.4522613065326633,-0.0027386934673366836,-0.0027386934673366836,0.3517587939698492,-0.0032412060301507672,-0.0032412060301507672,0.2613065326633166,-0.003693467336683409,-0.003693467336683409,0.3546617915904936,0.008620735872018503,0.008620735872018503,0.3443223443223443,0.36180904522613067,0.010931852243674545,0.01289418712930257,0.3282828282828283,0.35785953177257523,0.007275224593944141,0.0063578632519968314,0.3355704697986577,13.0,-1.0,-1.0,19.0,0.0,0.0,28.0,-1.0,-1.0,9.53310308051649e-06,-5.723858353412583e-05,0.00013826840365136563,-0.03257213017840854,-0.0304052220813551,-0.03243329949129503,0.018281535648994516,0.6036537490056324,10,-2.377315044403076
82,0,test,1.7752994044420136,-0.037108649455166676,-0.08591972650194446,6.0233372650711186,-0.12590434636574344,-0.29151335777445375,5.902047971186264,-0.22313147842406877,-0.5295249521938628,20.024805616524826,-0.7570532303673758,-1.7966025163720367,1.7721301993159473,-0.03406356591913484,-0.021695250340764805,4.5439235879896085,-0.08734247671573048,-0.0556288470276014,5.883372778890187,-0.2038610621090653,-0.12903591732987962,15.085571227923555,-0.5227206720745254,-0.33086132648687006,1.7783718709226506,-0.1306781330470108,-0.16242163622190198,5.0810624883504305,-0.37336609442003077,-0.4640618177768632,5.9202097021122935,-0.826466735208971,-1.0440652785181888,16.91488486317798,-2.3613335291684905,-2.98304365290911,0.39698492462311563,-0.008015075376884395,-0.0030150753768843908,0.3065326633165829,-0.0034673366834171437,-0.0034673366834171437,0.29145728643216084,-0.0035427135678391952,-0.0035427135678391952,0.32067510548523204,0.002780368643126807,0.0029820458566884867,0.31712473572938693,0.3266331658291457,-0.0033668341708542604,-0.0028177493122852892,0.31313131313131315,0.3277591973244147,0.006092530657748063,0.005894602429853069,0.31879194630872487,20.0,-7.0,-7.0,26.0,-4.0,-4.0,34.0,-10.0,-10.0,0.00013095295319595664,0.0001540221285411313,-5.16121308763964e-05,-0.20044000982457977,-0.21384909511947114,-0.20052526972795714,0.9767932489451476,0.5527942479937734,463,-3.406747341156006
46,0,test,2.169950524093675,-0.026997307918260827,-0.02618669659818007,6.710435234172038,-0.08348747322621808,-0.08098070880781716,8.757850727419441,-0.2396589092761019,-0.23236838140348404,27.083101409162644,-0.741130072383239,-0.7185845744242201,2.2494778026669806,-0.008384347858362506,0.014122137884849284,5.767891801710206,-0.0214983278419556,0.03621060996115144,9.482782659388846,-0.07984118891449299,0.13297600153746636,24.31482733176627,-0.2047209972166506,0.34096410650632336,2.1759655025400275,-0.026461261068390307,-0.021035616072505814,6.27682356501931,-0.07633056077420264,-0.060679661747612634,8.810687758278734,-0.23625391196317125,-0.18730133789346048,25.41544545657327,-0.6815016691245326,-0.5402923208465218,0.4371859296482412,-0.002814070351758735,-0.002814070351758735,0.38190954773869346,-0.0030904522613065533,-0.0030904522613065533,0.37688442211055273,-0.003115577889447274,-0.003115577889447274,0.3732970027247956,-0.0008526571391499482,-0.00011453197706168261,0.3688524590163934,0.38190954773869346,-0.001549098877847932,-0.0003942919941947176,0.3737373737373737,0.3712374581939799,0.000619762033712834,0.0008258897846361579,0.3657718120805369,25.0,-15.0,-14.0,30.0,-12.0,-12.0,38.0,-13.0,-12.0,0.00039888128331182476,6.1285516043265e-05,9.258362510322285e-05,-0.12205252703143188,-0.1183090315317088,-0.12249944243770727,0.9700272479564033,-0.47626431531092045,356,-1.0023918151855469
88,0,test,2.303123662590268,-0.0024097436695100782,-0.03785148842443675,7.522432682129364,-0.007870673568040054,-0.12363004132873634,10.005387146508665,-0.024139491649663114,-0.38597762705615857,32.67946593176212,-0.07884409502839418,-1.2606751272193932,2.4519429784139075,0.00649540562368589,0.044276170246666524,6.207450578263057,0.016444064870090536,0.1120915702447256,11.610884514886626,0.07517300071077848,0.5028707551464873,29.39464434148513,0.19031139420450316,1.2730905193581954,2.38117191895589,0.007115165576765836,0.023786265967923104,6.676182950343617,0.01994906236476357,0.06669046533062506,10.817572757007921,0.07669564662922923,0.2542735648066117,30.32964324394744,0.2150345232595221,0.712916536840968,0.4623115577889447,-0.002688442211055242,-0.002688442211055242,0.4170854271356784,-0.0029145728643216184,-0.0029145728643216184,0.3919597989949749,-0.0030402010050251116,-0.0030402010050251116,0.3995584988962473,0.003082727971137178,0.0007315194241065415,0.3915929203539823,0.4170854271356784,0.012085427135678395,0.012759304007558647,0.398989898989899,0.41137123745819393,0.004704570791527307,0.006265799056418109,0.3993288590604027,22.0,-2.0,-2.0,26.0,-2.0,-2.0,32.0,1.0,1.0,0.0002269758747304669,0.0002668917369083788,0.00010403711865260171,-0.21845841175863345,-0.2248187226247449,-0.22603238526557412,0.02207505518763797,-0.7220379255080888,10,-0.89247727394104
11,0,test,1.9582470676709198,-0.019335002662768552,-0.053909751348169666,6.945657568145293,-0.06857883756950667,-0.19121114931303929,7.086893326164767,-0.1383583707410727,-0.39253841762618435,25.136324766240655,-0.49073984622224387,-1.3922847000178749,2.1221026416576945,0.06635497108621458,0.10664256141250572,5.239759609031344,0.16383943478077612,0.2633149664506309,8.348673313743829,0.5359963155750949,0.8444942020726165,20.614008182083527,1.3234476927780108,2.085170869315103,1.9622861964933744,-0.013172200746887963,0.011177437991541472,6.0069985606940035,-0.040323063510881774,0.034216646912882176,7.115576088951533,-0.09434781670196735,0.07909106931092591,21.782375782504694,-0.28881984704683816,0.24211551829875333,0.4974874371859297,-0.002512562814070307,-0.002512562814070307,0.42211055276381915,-0.0028894472361808976,-0.0028894472361808976,0.31155778894472363,-0.003442211055276312,-0.003442211055276312,0.4039735099337748,0.00265046693487736,0.0061240475681834106,0.36946902654867253,0.4170854271356784,0.00605785821337268,0.004731503930336167,0.3535353535353535,0.41137123745819393,0.004025661498260669,0.008701604532721174,0.35906040268456374,19.0,-2.0,-2.0,29.0,-2.0,-2.0,34.0,-1.0,-1.0,8.312372013485626e-05,0.00041849880673670603,4.107581381682838e-05,-0.1414561773800438,-0.1433054810336012,-0.14355245284461304,0.03090507726269316,0.6088532086916911,14,-3.124436378479004
76,0,test,1.9710014657705708,-0.012423155294803534,-0.01700046543203504,7.186306229181197,-0.04529504408370766,-0.061983997858392925,7.17786127245872,-0.08972788297637724,-0.12307014320874288,26.170609241176926,-0.3271494494359928,-0.4487159203717006,1.9564359056040672,0.0002021156507732158,0.021141176518460147,6.11386220501271,0.0006316114086661884,0.06606617662018799,7.074069430382909,0.0014296356657981235,0.1479843570725876,22.106466969946588,0.0044676114556168045,0.4624511158518345,1.944197506170055,0.00047527755723986154,0.011683397353914549,6.553474739899061,0.0016020591817067498,0.039382238271621794,6.988021759954814,0.0033204607792614027,0.08116874826559073,23.555129527937574,0.011192564424479912,0.2736025222435643,0.3869346733668342,-0.0030653266331658324,-0.0030653266331658324,0.3266331658291457,-0.0033668341708542604,-0.0033668341708542604,0.31658291457286436,-0.003417085427135591,-0.003417085427135591,0.33819951338199516,-0.0008041318184908164,0.0009561116224643396,0.3341463414634146,0.3266331658291457,0.0008186294882935874,0.00276004395936269,0.31818181818181823,0.32441471571906355,0.0005415938492805417,0.001834070557773182,0.31879194630872487,19.0,-8.0,-8.0,25.0,-8.0,-8.0,31.0,-8.0,-8.0,0.00018170142066795323,7.710876924761826e-05,6.430512599005978e-05,-0.2626302776945808,-0.27216107962705394,-0.2690754239474664,0.9732360097323601,0.5292063849162939,400,-0.9262086153030396
40,0,test,2.1153203073014093,0.03226491543532095,0.013637072207774104,7.589317133066125,0.11575962026412867,0.04892690028743374,8.29224140625353,0.26327830212518144,0.11231433489037812,29.750789778161515,0.9445862748002689,0.4029598274692958,2.2159425564186996,0.07693810194635597,0.11900989080107349,5.339620617876385,0.18539301673820674,0.2867708212074058,9.170048327405837,0.6790680650934959,1.0288884119623116,22.096501993749005,1.6363085905867365,2.4792491854513514,2.1933431249723285,-0.015921190648658712,0.011385772399131966,6.092619791589802,-0.04422552957960768,0.031627145553144054,8.965134636621036,-0.14387793251702163,0.10149608040647884,24.903151768391766,-0.399660923658395,0.28193355668466324,0.5276381909547738,-0.002361809045226204,-0.002361809045226204,0.4522613065326633,-0.0027386934673366836,-0.0027386934673366836,0.3266331658291457,-0.0033668341708542604,-0.0033668341708542604,0.4328358208955224,0.006850730373690661,0.00663836243999949,0.40384615384615385,0.44723618090452266,0.01866475233309406,0.026535012290165416,0.38383838383838387,0.4347826086956522,0.007403643754082978,0.013203075881414228,0.38926174496644295,18.0,0.0,0.0,28.0,0.0,0.0,36.0,-1.0,-1.0,0.00021745377121208797,0.00022769560620763678,9.442253507438291e-05,-0.1176012476649273,-0.1192931899437184,-0.12110660451988142,0.021321961620469083,0.8502167199475668,10,-2.1569290161132812
65,0,test,2.3178324335444143,-0.011248963788998534,-0.013302900395742778,6.657934775550398,-0.03231245974289454,-0.03821235818374369,10.153641742933301,-0.11486278070547051,-0.1359753125218628,29.166165543459414,-0.32994141034859936,-0.3905868037540756,2.2993901222314928,-0.05658805229479702,-0.047459593601716143,5.474738386265459,-0.13473345784475477,-0.11299903238503894,9.968101277252487,-0.5803407568692087,-0.48448789951622473,23.73357446964878,-1.3817637068314497,-1.1535426178957735,2.412694225440883,-0.019312491254573683,-0.017227767873553734,5.981886509357561,-0.04788220972208368,-0.04271347406666237,11.163998992636682,-0.2177000315910771,-0.19399705318075355,27.679336345380204,-0.539752144440687,-0.48098442937376973,0.4824120603015075,-0.0025879396984924696,-0.0025879396984924696,0.4120603015075377,-0.0029396984924623393,-0.0029396984924623393,0.371859296482412,-0.003140703517587995,-0.003140703517587995,0.40749414519906324,0.004456762021493144,0.006712131513823771,0.39906103286384975,0.40703517587939697,0.0020351758793969443,0.0010451592404618903,0.3939393939393939,0.43143812709030105,0.009771460423634415,0.009684519987082418,0.4261744966442953,24.0,-14.0,-14.0,34.0,-16.0,-16.0,42.0,-17.0,-17.0,0.00033196162936822385,-1.1188441348370989e-05,0.00013252319520935476,-0.05397025284952672,-0.05694229106922588,-0.05669765733112797,0.0234192037470726,0.47546279848344464,10,-1.0101149082183838
64,0,test,2.3691336952752957,0.016648874800778923,0.03641373725747288,6.388491550707866,0.04489455204899695,0.09819152598394343,10.688129095584628,0.17647221499113286,0.38219393958052095,28.821092940507516,0.47586645559677976,1.030605726730922,2.3628335785184875,-0.0020426564864663987,0.007435269067270767,5.5596084200435,-0.004806250556391056,0.017494750746519294,10.621004303407933,-0.021717236208683488,0.07867716933842672,24.990598360959844,-0.05109937931454667,0.1851227513845366,2.277683984959206,-0.020988501999509523,-0.01853145134979428,5.941784308589233,-0.05475261391176378,-0.04834291656468093,9.75406367111411,-0.20688671123330415,-0.18244219463010403,25.445383489862895,-0.5397044640868813,-0.4759361599046201,0.4522613065326633,-0.0027386934673366836,-0.0027386934673366836,0.39698492462311563,0.0019849246231156137,-0.0030150753768843908,0.38190954773869346,-0.0030904522613065533,-0.0030904522613065533,0.38717948717948714,0.004826546003016574,0.008880366944883034,0.377892030848329,0.38190954773869346,0.0019095477386934512,0.0025418272728032765,0.36363636363636365,0.3745819397993311,0.0012486064659977814,0.0016629608870114554,0.35906040268456374,21.0,-11.0,-11.0,29.0,-12.0,-12.0,37.0,-11.0,-11.0,0.00016194700468552553,-0.00011702745987214793,0.00013159625916513224,-0.12954431797834864,-0.12899771620028044,-0.13228079494494782,0.9717948717948718,0.47970027828672046,379,-1.9260056018829346
3,0,test,2.142856019458294,-0.017826750010782266,-0.03910437697271796,6.317457005514082,-0.05255590003178767,-0.1152854965566057,8.523746885469784,-0.15331318263920046,-0.3399186504413283,25.129268595681285,-0.45198997548445874,-1.0021305398196212,2.219678092453589,-0.03670344020088434,-0.04009454071439533,5.549195231133972,-0.09175860050221107,-0.10023635178598855,9.204367433595417,-0.3441082995064786,-0.37654310422755444,23.01091858398854,-0.8602707487661974,-0.9413577605688843,2.1989650329619326,0.00982856405242405,0.01485492390153409,6.108236202672035,0.027301566812289124,0.04126367750426141,9.01567773987914,0.08817712903241137,0.13293737486813129,25.043549277442054,0.24493646953447623,0.36927048574480636,0.4371859296482412,-0.002814070351758735,-0.002814070351758735,0.40201005025125625,-0.002989949748743781,-0.002989949748743781,0.36180904522613067,-0.0031909547738693256,-0.0031909547738693256,0.38287153652392947,0.00048159941701120257,0.00066234786312791,0.3712121212121212,0.39698492462311563,0.006007481014093097,0.009672737644818463,0.3787878787878788,0.3913043478260869,0.005661609929592748,0.007544614789379511,0.3791946308724832,23.0,-14.0,-14.0,29.0,-20.0,-20.0,39.0,-28.0,-28.0,0.0003862195955808335,0.00016365553515807187,4.152873024647076e-05,-0.0872080296398341,-0.09385166992317018,-0.09075212544361033,0.02518891687657431,0.6249158143216921,10,-1.9412732124328613
7,0,test,2.159256263351589,0.013593354980105055,-0.003235467014814475,6.642597512448018,0.04181772562581898,-0.009953383259315274,8.664691013203768,0.11698530795973561,-0.02807972298007222,26.655499834512355,0.35988610005934163,-0.08638265924403754,2.2916296760791353,-0.029207636157172256,-0.008608120195402247,5.521999219467796,-0.07037984616186055,-0.02074245830217425,9.891043751169041,-0.29315433955004444,-0.08551080910273434,23.833840364262752,-0.7063959989157702,-0.20605014241622754,2.1477782783727815,0.036757453589503,0.06148613883592979,6.316994936390533,0.10811015761618581,0.18084158481155832,8.5658064035602,0.3091408106719733,0.5108134685338559,25.193548245765292,0.9092376784469778,1.5023925545113386,0.4522613065326633,-0.0027386934673366836,-0.0027386934673366836,0.40201005025125625,-0.002989949748743781,-0.002989949748743781,0.38190954773869346,-0.0030904522613065533,-0.0030904522613065533,0.3830845771144279,0.0009505820772069962,-0.0030346799725711193,0.37157107231920194,0.40201005025125625,-0.002989949748743781,-0.003979966387678835,0.3787878787878788,0.3745819397993311,0.0012486064659977814,0.002772838800440991,0.3557046979865772,16.0,0.0,0.0,23.0,0.0,0.0,28.0,0.0,0.0,0.00035487635141054114,0.0004113111760549793,9.920244806450561e-05,-0.10678542506918287,-0.10967546744331269,-0.10872444915141433,0.024875621890547265,0.9544124297582648,10,-1.6444659233093262
53,0,test,1.7793621201887466,-0.010431251262054575,-0.05372280120253037,5.55261938214928,-0.032551422378043426,-0.16764562077385392,5.9260750890432,-0.06213991331838997,-0.327072313450782,18.492716589922043,-0.1939117862417845,-1.0206511909102431,1.905965189827583,-0.007392926622022733,0.006735333681594513,4.648695584945324,-0.01803152834639743,0.016427643125839886,6.725896262402931,-0.04990831447577104,0.045148938371805336,16.40462503025105,-0.12172759628236918,0.1101193618824503,1.8818718063257316,-0.014488918404833129,-0.012001771588503907,5.132377653615632,-0.039515232013181745,-0.03273210433228346,6.565783241837319,-0.0958236115609461,-0.07927580422729807,17.906681568647233,-0.26133712243894536,-0.21620673880172347,0.40201005025125625,-0.002989949748743781,-0.002989949748743781,0.33668341708542715,-0.0033165829145728187,-0.0033165829145728187,0.2864321608040201,-0.003567839195979916,-0.003567839195979916,0.31662870159453305,0.00036021467758196035,0.0008906761790882234,0.29452054794520544,0.3417085427135679,0.013387740708555307,0.01449652268017887,0.297979797979798,0.3277591973244147,0.005555524536434708,0.0062908992154047105,0.2953020134228188,24.0,-15.0,-15.0,35.0,-17.0,-17.0,39.0,-15.0,-15.0,0.00017453459124159397,0.0004065931242122919,0.00016582448975034522,-0.20001443714157663,-0.20582408658610607,-0.20586317210297977,0.022779043280182234,0.5886899700973275,10,-3.1914000511169434
57,0,test,1.7733364297621796,0.005583032716078629,0.005583032716078629,6.34928847579186,0.019989599654770984,0.019989599654770984,5.890473764113916,0.03279507456528208,0.03279507456528208,21.090367602981296,0.11742012711485827,0.11742012711485827,1.9558911244749178,-0.022553043661967864,-0.0029283901288845726,5.080236686947838,-0.05857933418692962,-0.007606208126972547,7.07021666040442,-0.16126659583772796,-0.020734697501670674,18.36419911793356,-0.41887427490318885,-0.05385635714719683,1.8290261764462772,0.008202029181583859,0.014306870909037706,5.225789075560792,0.023434369090239215,0.040876774025822016,6.227818907804212,0.0508718410643052,0.0884662545345094,17.793768308012037,0.1453481173265878,0.25276072724145493,0.4723618090452262,-0.0026381909547738003,-0.0026381909547738003,0.3869346733668342,-0.0030653266331658324,-0.0030653266331658324,0.3065326633165829,0.006532663316582865,-0.0034673366834171437,0.36007827788649704,0.0032845339959789444,0.0032845339959789444,0.33529411764705885,0.3869346733668342,0.011934673366834181,0.020878100987466452,0.3282828282828283,0.35785953177257523,0.011192865105908556,0.014907256522852741,0.31879194630872487,14.0,-3.0,-3.0,24.0,-5.0,-5.0,34.0,-9.0,-9.0,0.0001749873912379872,0.0003547152443483561,0.00024561065867139965,-0.12393501908675031,-0.12283712821634296,-0.13036304957664502,0.021526418786692758,0.3827110623392941,11,-1.9276432991027832
25,0,test,2.4827389568869194,-0.01638170431637187,-0.01638170431637187,7.903630525474335,-0.052150040959810795,-0.052150040959810795,11.974015858181632,-0.1977702715371059,-0.1977702715371059,38.11846468462555,-0.6295882016980059,-0.6295882016980059,2.355548214123678,0.01286596022179376,0.03791547332182965,5.478019102613205,0.029920837725101457,0.08817551935309176,10.54390759662192,0.13478854437183152,0.39229325981941443,24.520715340981212,0.31346173109728426,0.9123099065567786,2.550912437978236,0.03472287632083759,0.05462345615340247,6.324576292508024,0.08608977600207623,0.13543005657868346,12.818794803400102,0.4374664274539839,0.6814265163182398,31.782135876198602,1.0846275060842565,1.68948723054109,0.4371859296482412,-0.002814070351758735,-0.002814070351758735,0.3668341708542714,-0.0031658291457286047,-0.0031658291457286047,0.3517587939698492,-0.0032412060301507672,-0.0032412060301507672,0.3966480446927374,0.002708650753343478,0.002708650753343478,0.3899253731343284,0.3517587939698492,-0.006637196005088164,-0.010511656781402867,0.33333333333333337,0.3946488294314381,-0.0010106029558740737,-0.001346721180352839,0.3825503355704698,23.0,-5.0,-5.0,32.0,-6.0,-6.0,39.0,-6.0,-6.0,0.00029933616437467125,-0.00027356191202721316,0.00016776283405420736,-0.07027340782993008,-0.06176992366076384,-0.06435793527683664,0.0186219739292365,0.9480335882862007,10,-3.736481189727783
74,0,test,1.8547727224096628,0.0023064969499848598,0.0023064969499848598,7.29812745122063,0.009075564085810228,0.009075564085810228,6.390245725913746,0.014722097513259591,0.014722097513259591,25.14422774761713,0.05792825325869444,0.05792825325869444,1.996807313099247,-0.009993720119354954,-0.003963016836154409,5.396776521889857,-0.027010054376635395,-0.010710856313931316,7.3655027755153055,-0.07397781435597217,-0.029247527449041577,19.906764258149476,-0.19994003879992306,-0.07904737148389529,1.9183882675337338,-0.0004928762975280332,0.004759142728639754,6.1225157474480865,-0.0015730094601957845,0.015188753389275611,6.809973763655989,-0.003357301954207692,0.03233263827304178,21.73395882017869,-0.010714793470874895,0.10318927108417597,0.4773869346733668,-0.0026130653266331905,-0.0026130653266331905,0.37688442211055273,-0.003115577889447274,-0.003115577889447274,0.27638190954773867,-0.0036180904522613577,-0.0036180904522613577,0.35977859778597787,-0.0009252145307376836,-0.0009252145307376836,0.34935304990757854,0.37688442211055273,0.0009445724864926008,0.004597276868482658,0.36363636363636365,0.36789297658862874,0.0006141785919676623,0.0019307963884063195,0.3557046979865772,19.0,-6.0,-6.0,31.0,-12.0,-12.0,38.0,-12.0,-12.0,0.0003422444360716663,0.0002855126178524917,0.00011039760080119606,-0.03541221139790096,-0.03570826034551633,-0.0392549729149847,0.9797047970479705,-0.36348287525743883,531,-1.8578842878341675
13,0,test,1.7175718312454238,0.006430516852784951,-0.009839509078525044,5.588156239685816,0.020921822436525517,-0.03201305066393356,5.5709847366326875,0.03570937331899149,-0.05508632163790583,18.125316537495085,0.11618120051672065,-0.1792245112444526,1.9142580195878889,-0.01409782348557953,-0.008181404141449189,4.350586408154293,-0.0320405079217716,-0.018594100321474905,6.781904889115211,-0.09628722342175422,-0.055713099674510325,15.413420202534569,-0.21883459868580601,-0.1266206810784336,1.815021645933974,-0.0309869069752835,-0.03715060383187829,4.776372752457826,-0.08154449204022018,-0.09776474692599546,6.141209108213106,-0.19327612512991177,-0.23244054667004832,16.161076600560804,-0.5086213819208218,-0.611685649131708,0.40703517587939697,0.0020351758793969443,0.0020351758793969443,0.33668341708542715,-0.0033165829145728187,-0.0033165829145728187,0.2814070351758794,-0.003592964824120637,0.0014070351758793676,0.3145336225596529,0.003591044011440503,-0.00022688574924256688,0.3021739130434783,0.3467336683417085,0.008387803680054318,0.014513301062910489,0.33838383838383834,0.3277591973244147,0.00388607545463171,0.002953858058563741,0.3221476510067114,19.0,-9.0,-9.0,27.0,-11.0,-11.0,35.0,-14.0,-14.0,4.355178810285863e-06,0.00022645023809588345,0.00015238735983598428,-0.18750715097513204,-0.20058290131064993,-0.20115892459851992,0.021691973969631236,-0.23734503669100468,10,-3.248227596282959
47,0,test,1.5093297918573811,-0.019391188369015433,-0.05513802593374906,6.525631747148089,-0.08383837324250809,-0.2383908768312093,4.523697958905476,-0.08857589972892921,-0.2564323996275579,19.558341175267795,-0.3829605076515463,-1.1086930219191444,1.7085619856867498,-0.0312326242712897,-0.018727597222639947,5.339256205271093,-0.09760195084778012,-0.05852374132074978,5.521016465771267,-0.17515689945926471,-0.10436961833433323,17.25317645553521,-0.5473653108101999,-0.3261550572947911,1.5720594470764222,-0.011711994655848823,-0.0009114427129053304,5.614498025272936,-0.041828552342317415,-0.003255152546090656,4.816557431618335,-0.056743133915595045,-0.004392017404420301,17.201990827208338,-0.20265404969855538,-0.015685776444360755,0.3919597989949749,-0.0030402010050251116,-0.0030402010050251116,0.3015075376884422,-0.0034924623115578646,-0.0034924623115578646,0.2562814070351759,-0.00371859296482413,-0.00371859296482413,0.2772727272727272,0.002896310039167127,0.0035679374389051555,0.2665148063781321,0.3065326633165829,0.01153266331658287,0.013687405413088771,0.29292929292929293,0.274247491638796,0.0009141583054627089,0.00010764702170396045,0.2651006711409396,20.0,0.0,0.0,31.0,0.0,0.0,34.0,-1.0,-1.0,9.161210455408971e-05,0.0002633205675849955,0.00012467765083240092,-0.0960326360928514,-0.10160535484782507,-0.10441192694968571,0.975,0.30861577466575785,429,-4.083216190338135
77,0,test,2.041583768603552,0.0394883942930111,0.0255481815272951,7.200934997787723,0.13928077056837296,0.0901118030613901,7.702798994630273,0.298243824864187,0.19429993365780085,27.168787151602903,1.0519452737457762,0.6853214714286793,2.1259404650794127,0.006210477367769585,0.04078165585751137,5.314851162698531,0.015526193419423961,0.10195413964377842,8.380775609796846,0.05188732793654971,0.3349064713362804,20.951939024492113,0.1297183198413734,0.8372661783407018,2.090648401628571,-0.026841679001659458,-0.010034890716397626,5.916929438571428,-0.07596701604243261,-0.0284006341030123,8.090159136380747,-0.2200940878268085,-0.0815925643552653,22.896676801077586,-0.6229077957362499,-0.23092235194886257,0.5025125628140703,-0.0024874371859296973,-0.0024874371859296973,0.40703517587939697,-0.00296482412060306,-0.00296482412060306,0.31658291457286436,0.0015829145728644134,-0.003417085427135591,0.4118942731277533,0.0004531290133418242,0.0013370883770201791,0.39072847682119205,0.40201005025125625,0.011032606642233711,0.009689516027550082,0.36363636363636365,0.4147157190635451,0.012378490349020943,0.013158433190352703,0.38590604026845643,20.0,-1.0,-1.0,30.0,-1.0,-2.0,37.0,-3.0,-3.0,0.00043990552921893455,0.0002401327751103121,7.752206325934352e-05,-0.13742757720792032,-0.13823068233916036,-0.13977019879272223,0.04185022026431718,0.24826715281486153,19,-2.6925599575042725
33,0,test,2.397390754975284,0.0007076956097606946,-0.01624590258687908,7.557337744160499,0.002230881524808659,-0.05121224921426748,10.994451703670931,0.007777972659239296,-0.18007355958702753,34.65800669501565,0.024518642290054515,-0.5676491017445358,2.4509158865393736,-0.002627992051114081,0.023305830946515282,6.127289716348434,-0.00656998012778498,0.05826457736628843,11.59896519191295,-0.030522076646578356,0.26719779441186375,28.99741297978237,-0.076305191616445,0.6679944860296594,2.3558160811869424,-0.0050756757082255355,0.004699618306775122,6.928870827020418,-0.014928457965369013,0.013822406784632868,10.546732340496192,-0.05366787829679964,0.049449328885255994,31.019801001459385,-0.15784670087294117,0.14543920260369347,0.4522613065326633,-0.0027386934673366836,-0.0027386934673366836,0.40703517587939697,-0.00296482412060306,-0.00296482412060306,0.3919597989949749,-0.0030402010050251116,-0.0030402010050251116,0.41052631578947374,0.001912870411322487,0.002901682358388724,0.40506329113924056,0.40201005025125625,0.004510050251256281,0.009331181698843616,0.38888888888888884,0.39799331103678925,0.0013266443701226427,0.0028767738558791445,0.38926174496644295,22.0,0.0,0.0,31.0,-4.0,-4.0,39.0,-8.0,-8.0,-4.664802527151131e-05,0.0001547139739176155,2.414489084226095e-05,-0.2621972941509805,-0.2740457542860293,-0.2704965205594707,0.9768421052631578,0.6549433829441426,464,-0.9210898876190186
43,0,test,1.8623981297057834,0.023139916272606254,-0.015138650147784594,6.804916243155747,0.08454969407298396,-0.05531429861690551,6.439160211716274,0.14729090629076946,-0.09822179049740054,23.527700773578694,0.5381783114470444,-0.3588873114328095,2.0607968472113245,-0.005856248340489145,0.009519462925374533,5.352719083665778,-0.015211034650620903,0.02472587772824575,7.852224341103693,-0.04611948754488271,0.07439429980624102,20.395387898970633,-0.11979087673995537,0.19323194754867856,1.9967182918392758,-0.016533571990676066,-0.007324376291256041,5.815684345162939,-0.04815603492429954,-0.0213331348289012,7.3648471183620545,-0.12277942436527933,-0.05414094390634805,21.4510110243555,-0.35760997387945537,-0.1576920696301407,0.4723618090452262,-0.0026381909547738003,-0.0026381909547738003,0.3919597989949749,-0.0030402010050251116,-0.0030402010050251116,0.29145728643216084,-0.0035427135678391952,-0.0035427135678391952,0.3945147679324894,0.004630679418263894,-0.0004021431134538789,0.36575052854122625,0.3869346733668342,0.0009697610861324479,0.004630833633946008,0.3484848484848485,0.40802675585284276,-0.004327167352499495,-0.005766347595433152,0.3791946308724832,18.0,-4.0,-4.0,28.0,-6.0,-6.0,37.0,-10.0,-10.0,0.00022411657513144538,0.0003008752392946619,0.00011399818173811229,-0.1475154923189077,-0.147179266821154,-0.14913098965008587,0.02531645569620253,0.4642908226210342,12,-3.1348981857299805
70,0,test,2.100703111014033,0.0015207530110838974,-0.04873861626330056,7.5807981832245535,0.005487934779129233,-0.17588283260234494,8.171913655583502,0.012418017536013792,-0.4081533868890528,29.48994927884481,0.044812845890831454,-1.4729013526865806,2.0459469848644414,0.007976745677475972,0.046508057571103656,5.314148012634912,0.020718819941495603,0.12080014953533347,7.736481400833076,0.06146646746586537,0.3515699367780494,20.094756885280717,0.1596531622490005,0.913168666955972,2.0897411446858567,-0.028342416045175955,-0.020290167644547275,6.2692234340575705,-0.08502724813552742,-0.060870502933641824,8.082822611896223,-0.23236404603509442,-0.16567694843038083,24.24846783568867,-0.6970921381052833,-0.4970308452911425,0.507537688442211,-0.0024623115577889765,-0.0024623115577889765,0.44221105527638194,0.007211055276381884,0.007211055276381884,0.3015075376884422,0.0015075376884421399,0.0015075376884421399,0.43058350100603626,0.007467923116589059,0.009273628083260155,0.4193548387096774,0.4371859296482412,0.023652095061775014,0.03317925185191395,0.398989898989899,0.4247491638795987,0.014064689756059456,0.01874248979728499,0.40268456375838924,25.0,0.0,0.0,36.0,-2.0,0.0,39.0,0.0,0.0,-0.0001538344276723072,3.090459020579251e-05,-5.639644897042676e-05,-0.13061883283550912,-0.1306357560711966,-0.134196276751954,0.9758551307847082,-0.5095495582738848,485,-1.9511797428131104
66,0,test,1.61350470270191,0.022174534698243153,0.032772083199282376,6.149583961241242,0.08451426432160591,0.12490492087273708,5.020375354403588,0.11009927601380465,0.16186140463275223,19.13426078470801,0.41962365575072624,0.616905730864449,1.603197191856699,-0.01776520113622948,-0.005320985670912437,4.858173308656664,-0.053833942837058224,-0.01612419900276496,4.968893561366247,-0.08906215474860524,-0.0265098782338562,15.057253216261355,-0.269885317420016,-0.08033296434501835,1.592752924756548,0.0023492219807903503,0.01807446872447538,5.492251464677752,0.008100765451001024,0.062325754222328555,4.917267178977305,0.011538193946396547,0.08807860699525705,16.956093720611396,0.03978687567722616,0.3037193344664004,0.40201005025125625,0.0020100502512562235,0.0020100502512562235,0.33668341708542715,-0.0033165829145728187,-0.0033165829145728187,0.22613065326633164,-0.003869346733668344,-0.003869346733668344,0.36972704714640203,0.008340908532540658,0.011955786149334569,0.36318407960199006,0.3517587939698492,0.004258793969849184,0.004005050209449856,0.33838383838383834,0.36789297658862874,0.006226309921962048,0.008292532637463323,0.3557046979865772,18.0,-9.0,-9.0,26.0,-12.0,-12.0,36.0,-18.0,-18.0,0.00010776696431641787,4.732928533921605e-05,2.910003736922586e-05,-0.15033133826097167,-0.15686262181046384,-0.15393245458393512,0.9702233250620348,-0.35736318769907816,391,-3.792743444442749
35,0,test,1.8395644001243554,-0.006205020596309119,-0.006205020596309119,6.650732831218823,-0.022433536002040455,-0.022433536002040455,6.293796087031848,-0.03917454809552101,-0.03917454809552101,22.754493545422832,-0.14163105849919333,-0.14163105849919333,1.9609160702310766,-0.02526290150103727,-0.024216735166661563,5.76740020656199,-0.0743026514736389,-0.07122569166665116,7.105833527074726,-0.1818007103160797,-0.17418061935598406,20.89951037374919,-0.5347079715178822,-0.512295939282307,1.7947464025180997,-0.002295016875606626,0.003068841801798561,5.916746381927801,-0.007565989699801712,0.010117060885050044,6.01794839172035,-0.013827153822123961,0.018439822664410244,19.83939030237478,-0.04558402358941649,0.0607906241683871,0.46733668341708545,-0.002663316582914521,-0.002663316582914521,0.3668341708542714,-0.0031658291457286047,-0.0031658291457286047,0.29648241206030146,-0.0035175879396985854,-0.0035175879396985854,0.34883720930232553,0.0018186364773010721,0.0018186364773010721,0.3262135922330097,0.3668341708542714,0.0009193838868528648,0.004563720103019309,0.3282828282828283,0.35451505016722407,0.007269641152198969,0.013024505117168461,0.3120805369127517,17.0,-7.0,-7.0,29.0,-15.0,-15.0,37.0,-19.0,-19.0,3.7069350738808555e-06,0.00031035080404611174,0.00011963911422020431,-0.05179612008017287,-0.05577960067839882,-0.05456371538504712,0.02131782945736434,0.6166478354004342,11,-2.593137264251709
79,0,test,2.291695244958447,0.019705312947110087,0.027402710641775574,7.5393452261676455,0.06482762375353612,0.09015094660410217,9.891692317085669,0.19301097637606723,0.267378996464835,32.54223414461517,0.6349781396719862,0.8796381477901072,2.3061332513204875,0.008781802113656756,0.04100977556081942,5.9899564969363315,0.02280987561988823,0.1065188975605702,10.035544604916856,0.0877443262650619,0.40323071995763904,26.066349623160665,0.22790734094821374,1.0473525193704916,2.257357814384729,0.008933195357984758,0.02498046522143893,6.3887485312775345,0.025282628371654958,0.07069942987199695,9.557802287443437,0.08500148232991478,0.23580087783816062,27.050383832387084,0.24057023300919056,0.6673609750136613,0.4522613065326633,-0.0027386934673366836,-0.0027386934673366836,0.40201005025125625,-0.002989949748743781,-0.002989949748743781,0.38190954773869346,-0.0030904522613065533,-0.0030904522613065533,0.38852097130242824,0.0015308941249200236,0.004356748428527957,0.38716814159292035,0.3869346733668342,0.00598229241445325,0.009639180879355003,0.38383838383838387,0.37792642140468224,0.003969827080809174,0.005290158890777885,0.37248322147651003,24.0,-15.0,-15.0,27.0,-15.0,-15.0,35.0,-17.0,-17.0,7.505803269746203e-05,0.00010204978599558443,-3.966809830530783e-05,-0.21139730242880095,-0.2167459518771162,-0.21886193659795072,0.9757174392935982,0.7079356404369552,442,-0.9427340030670166
48,0,test,2.5722912700536575,-0.03961922997756728,-0.10031450488344307,6.430728175134144,-0.09904807494391754,-0.25078626220860745,13.095796096668645,-0.5292605763903406,-1.3818494727095025,32.73949024167161,-1.323151440975849,-3.4546236817737537,2.7296167395557704,-0.007632127636006292,-0.001196060656520892,5.870143525926387,-0.016413177711841698,-0.0025721734548840303,15.327011656785682,-0.11742524146341715,-0.018343003110159017,32.96131539093695,-0.2525274009965912,-0.03944731851646566,2.705218080017231,-0.03152075621612127,-0.03842234242671205,6.1019956692117985,-0.07109945011155183,-0.08666693780461365,14.95757828379883,-0.47898348194813245,-0.5858887273119091,33.73889838450864,-1.0804138690559384,-1.3215535202524222,0.5326633165829145,-0.0023366834170853723,-0.0023366834170853723,0.4974874371859297,-0.002512562814070307,-0.002512562814070307,0.4371859296482412,-0.002814070351758735,-0.002814070351758735,0.4376528117359413,0.004197378280507813,-0.0002748519981741193,0.39950980392156865,0.4623115577889447,0.00617120691175177,0.008221407538527403,0.4040404040404041,0.4548494983277592,0.0007593480773419037,0.0021242480496724836,0.412751677852349,21.0,-7.0,-7.0,32.0,-5.0,-5.0,37.0,-4.0,-5.0,0.0005760657897568838,0.0005743769495300052,0.0001942018082100571,-0.08195644486951537,-0.08898190251794968,-0.08681531623554672,0.034229828850855744,0.3176602749761549,14,-1.1855077743530273
42,0,test,1.8115186779297014,-0.016927443171746992,-0.016927443171746992,7.368658682405778,-0.06885523876627886,-0.06885523876627886,6.119734283970007,-0.10447319170662261,-0.10447319170662261,24.89305449344191,-0.4249623813028762,-0.4249623813028762,1.855935683652297,0.07448207271100005,0.10945249204891683,4.820612165330641,0.19345992911947985,0.2842921871400437,6.397681657035664,0.4591992663893327,0.6632812714261478,16.617354953339387,1.1927253672450213,1.7228084972107744,1.8433919369328446,0.03793103326402991,0.05908230091638944,5.76059980291514,0.11853447895009417,0.18463219036371736,6.317931984271656,0.23515760871434743,0.3624648961935497,19.743537450848926,0.7348675272323391,1.132702800604843,0.457286432160804,-0.0027135678391959628,-0.0027135678391959628,0.3467336683417085,-0.008266331658291493,-0.003266331658291488,0.25125628140703515,-0.003743718592964851,-0.003743718592964851,0.3555555555555555,0.009514499837080415,0.009514499837080415,0.3320964749536178,0.35678391959798994,0.018438054936335768,0.021224654155585942,0.297979797979798,0.3511705685618729,0.013941854037665902,0.01746645287777948,0.3120805369127517,24.0,0.0,0.0,31.0,0.0,0.0,39.0,-1.0,1.0,0.00013980659053834278,0.00013031991663522754,0.00011286905201681157,-0.024966698724258052,-0.023206218191391237,-0.022741594623267858,0.9740740740740741,-0.28590017808895346,526,-1.6624276638031006
10,0,test,2.0391565020105435,-0.007883310566366486,-0.016956422994994558,6.354580727195648,-0.02456659571844444,-0.05284094607742418,7.68412492060435,-0.060815742917012194,-0.13140621369103656,23.94587765955774,-0.18951882676464393,-0.40949843336276714,2.088126256417563,-0.028410228411041683,-0.024976526234260277,5.220315641043907,-0.07102557102760443,-0.06244131558565069,8.069780290266053,-0.23255208859911392,-0.2040932394052053,20.17445072566513,-0.5813802214977848,-0.5102330985130124,2.065937443561014,-0.01583194801020049,-0.017215031645164913,5.7923479726009734,-0.04438863928093628,-0.04826644386494827,7.892693385280266,-0.1259511062201586,-0.13704923524211132,22.129046874617565,-0.3531339426733453,-0.38425019226760426,0.42211055276381915,-0.0028894472361808976,-0.0028894472361808976,0.38190954773869346,-0.0030904522613065533,-0.0030904522613065533,0.3668341708542714,-0.0031658291457286047,-0.0031658291457286047,0.37157107231920194,-0.0003194749444795919,-0.0028179794892047028,0.365,0.38190954773869346,-0.0005904522613064955,-0.0007859597488273362,0.36868686868686873,0.3745819397993311,-0.002084726867335629,-0.002776550766706687,0.3657718120805369,22.0,-2.0,-2.0,30.0,0.0,0.0,40.0,-6.0,-6.0,0.00021433983683521857,0.0001610176261080435,6.165306618024157e-05,-0.114685307570773,-0.11608344258999548,-0.11609325406671811,0.02493765586034913,0.40885925196473916,10,-1.630429983139038
87,0,test,1.896971366473169,-0.008026802013965995,-0.02131319451559488,6.720278406808048,-0.028436035041725205,-0.0755048828963325,6.665675950869714,-0.053719370094989394,-0.14359161055544156,23.61406131432139,-0.1903081560729447,-0.5086927598747017,1.9681030254130234,-0.04170255473065865,-0.04097873563022958,5.623151501180067,-0.11915015637331017,-0.11708210180065581,7.157086791007262,-0.30477968026973734,-0.29938059300993913,20.44881940287789,-0.8707990864849648,-0.8553731228855419,1.9337294751078198,-0.004325888225276575,0.0013525051316858328,6.237837016476838,-0.01395447814605344,0.004362919779632435,6.915252471197277,-0.02997940626911344,0.009346592372337703,22.30726603612025,-0.09670776215843091,0.03015029797528257,0.4623115577889447,-0.002688442211055242,-0.002688442211055242,0.37688442211055273,-0.003115577889447274,-0.003115577889447274,0.29648241206030146,-0.0035175879396985854,-0.0035175879396985854,0.3421052631578947,0.002565285063699685,0.0029068271852651373,0.3318681318681319,0.37688442211055273,0.0059571038148134026,0.009605624113891653,0.3535353535353535,0.35451505016722407,0.003930742988592972,0.006350422803486633,0.3355704697986577,20.0,-11.0,-11.0,33.0,-22.0,-23.0,35.0,-19.0,-19.0,0.00045174937947636416,-6.824234259160984e-05,3.532187561811248e-05,-0.11377628149945718,-0.10290701677771796,-0.10822981314655244,0.9758771929824561,0.3777193875296642,445,-1.4887160062789917
2,0,test,1.9726180986575028,0.006908927942479659,-0.0223903841205233,6.719230398552119,0.023533535804071803,-0.07626724591053247,7.189474623783158,0.04950036798114077,-0.16279077147845022,24.489147937261382,0.16861062843576136,-0.5545060653484697,2.1286802256259447,-0.13454156935758066,-0.13648655522227093,5.45815442468191,-0.3449783829681552,-0.34996552621095045,8.403768411164378,-1.210245293715417,-1.2289626110325624,21.548124131190715,-3.10319306080876,-3.151186182134772,2.009540454205333,-0.025454843279653083,-0.017279483734757406,5.968932042194058,-0.07560844538510825,-0.05132519921215106,7.459888399157665,-0.19232774157507215,-0.13002315153977317,22.15808435393366,-0.5712705195299179,-0.3862073808112072,0.5226130653266332,-0.002386934673366814,-0.002386934673366814,0.42211055276381915,-0.0028894472361808976,-0.0028894472361808976,0.31658291457286436,-0.003417085427135591,-0.003417085427135591,0.39770114942528734,0.003900919804162184,-0.002103347153402768,0.37788018433179726,0.4170854271356784,0.0035515925492122236,0.009739851175745162,0.3787878787878788,0.4046822742474916,0.007353392778376433,0.010911417740261387,0.37583892617449666,23.0,-14.0,-14.0,35.0,-20.0,-20.0,43.0,-21.0,-21.0,0.00022551889072984884,0.0001687120928570766,0.00015321654235356098,-0.148011480515982,-0.15388256316802007,-0.1530403504412785,0.9747126436781609,0.39396003684451736,424,-3.270907402038574
71,0,test,2.640901223520896,-0.02566042859091633,-0.02566042859091633,8.269793545654005,-0.08035379924469765,-0.08035379924469765,14.025838328926802,-0.3645664849155139,-0.3645664849155139,43.920910881439355,-1.1416139070497238,-1.1416139070497238,2.8287613405511784,0.028871984205789847,0.049854168128329324,6.149481175111257,0.06276518305606427,0.10837862636593254,16.924484163527747,0.48165678759412245,0.8230689043655595,36.79235687723423,1.047079973030705,1.789280226881651,2.8865755461365006,-0.06635385575757047,-0.06653016334390216,7.040428161308538,-0.1618386725794405,-0.16226869108268804,17.931797725371037,-1.2302070778797578,-1.2335857825327743,43.73609201310009,-3.0005050679994127,-3.0087458110555474,0.5376884422110553,-0.0023115577889447625,-0.0023115577889447625,0.4773869346733668,-0.0026130653266331905,-0.0026130653266331905,0.4623115577889447,-0.002688442211055242,-0.002688442211055242,0.43144424131627057,-0.001595836885097901,-0.001595836885097901,0.4212454212454212,0.4623115577889447,0.00617120691175177,0.0115603057021334,0.4444444444444444,0.4682274247491639,0.005790029089731474,0.008828092157395218,0.4563758389261745,26.0,-10.0,-10.0,34.0,-9.0,-9.0,40.0,-5.0,-5.0,0.0007302898485697095,0.0002184260244179965,0.00021665208081469837,-0.03798830504509265,-0.031001423154427776,-0.031273539958227126,0.018281535648994516,0.5547978804768101,10,-3.691291093826294
69,0,test,2.162789775466028,0.02421822615311564,0.007227702914446077,6.889416437080525,0.07714547536191141,0.023023345045354304,8.695361960035523,0.20805669136811922,0.06262091767823819,27.698470879318453,0.6627501228348684,0.19947457882935637,2.1017571947273637,0.010075525344312108,0.0438583821496672,5.604685852606303,0.02686806758483229,0.11695568573244586,8.180532078146038,0.08200932101535052,0.35103081309967354,21.814752208389436,0.2186915227076014,0.9360821682657949,2.0919966286740883,0.027215599844322202,0.05433507415077887,5.97713322478311,0.07775885669806293,0.15524306900222484,8.10107386384301,0.2175024300665962,0.428427724255096,23.145925325265747,0.6214355144759907,1.2240792121574167,0.42713567839195976,-0.002864321608040288,-0.002864321608040288,0.36180904522613067,-0.0031909547738693256,-0.0031909547738693256,0.3065326633165829,-0.0034673366834171437,-0.0034673366834171437,0.37083333333333335,-0.0002685377685377466,-0.001600684261974572,0.3528183716075156,0.36180904522613067,0.014309045226130634,0.02237476901980784,0.31818181818181823,0.35785953177257523,0.00952619843924185,0.013797378609423205,0.32885906040268453,26.0,-7.0,-7.0,34.0,-4.0,-4.0,41.0,-7.0,-7.0,-6.539555996869336e-05,0.0001345865716495661,-0.00022726501108554433,-0.12000542213583376,-0.12449931688756077,-0.11253602154207165,0.020833333333333332,0.5581949264924273,10,-1.8136956691741943
72,0,test,2.42758873793065,0.02795717694419686,0.032732781436343394,7.047253873544946,0.08115926739770529,0.09502277596072783,11.331525833286284,0.3124100727851449,0.3649075581238961,32.89525036677884,0.9069217784583721,1.0593211948522097,2.5434679435155925,0.03749297639646354,0.07452530100541965,6.055876055989506,0.08926899142015099,0.177441192870047,12.723719688643206,0.4682178344136805,0.9137667832756549,30.294570687245727,1.1148043676516188,2.1756351982753657,2.475128729431725,0.018115157681959815,0.033741709009066145,6.456857555039282,0.0472569330833732,0.08802184958886805,11.883236736955684,0.2133286325771877,0.3942716111713622,30.999748009449608,0.5565094762883156,1.0285346378383338,0.4623115577889447,-0.007688442211055246,-0.002688442211055242,0.42211055276381915,-0.0028894472361808976,-0.0028894472361808976,0.4170854271356784,-0.0029145728643216184,-0.0029145728643216184,0.4097938144329897,0.0005274051665804524,0.00021414678880593563,0.40568475452196384,0.4170854271356784,0.0010453268850518782,0.003062054848533169,0.40909090909090906,0.4180602006688964,0.0006979302181451263,0.0009300560637796051,0.412751677852349,24.0,-4.0,-4.0,34.0,-2.0,-2.0,40.0,-5.0,-5.0,0.0003159051326602386,5.799943344605956e-05,0.00011817600339184194,-0.09001598093253094,-0.09917497472314629,-0.09464180873646288,0.02577319587628866,0.5725037360714925,10,-1.1319825649261475
17,0,test,1.7971479773071064,0.0012904354217455616,-0.020252368833888923,6.653903254823006,0.004777810487124334,-0.07498397717010086,6.032418313204087,0.007779425767319381,-0.12341627830998814,22.334904167896127,0.028803163171563284,-0.45694622051962597,1.8504018563591371,-0.042121016843716275,-0.01852367150445966,5.069594127011334,-0.11540004614716803,-0.05074978494372573,6.362375770107711,-0.27371382230128827,-0.11895287948204292,17.431166493445783,-0.7499008830172293,-0.3258982999508042,1.8172735359690884,-0.04734741115055163,-0.03991472513453953,5.799809157348154,-0.1511087589911222,-0.12738742064214748,6.155054018564635,-0.2984351900729294,-0.2506462511737553,19.643789420950963,-0.9524527342753046,-0.7999348441715561,0.4170854271356784,-0.0029145728643216184,-0.0029145728643216184,0.31658291457286436,-0.003417085427135591,0.0015829145728644134,0.2613065326633166,-0.003693467336683409,-0.003693467336683409,0.3266219239373602,0.00854156679450313,0.008928864308816675,0.3116591928251121,0.3266331658291457,0.0066331658291457485,0.008829505263421855,0.303030303030303,0.32441471571906355,0.007748049052396899,0.01031926621850865,0.30536912751677847,22.0,-12.0,-12.0,31.0,-12.0,-12.0,35.0,-12.0,-12.0,-2.6930614527401946e-06,0.00023624947928271696,3.3652396849421674e-05,-0.12433626278081977,-0.13968403750329816,-0.13025882056785854,0.026845637583892617,0.35624088392973213,12,-1.6007654666900635
20,0,test,1.859127122818693,0.028215141615553385,-0.0011498391587967394,6.580719815691564,0.09987264413124475,-0.004070065593836603,6.418132084640091,0.17855764547999886,-0.007384064026675574,22.718150077376833,0.6320373800323793,-0.026137242507122238,2.05197840704226,0.002205711805414179,0.027795742224855147,5.261483094980154,0.005655671295933473,0.07127113390988526,7.783284388738582,0.01714876269434651,0.2133631362528714,19.957139458304056,0.04397118639576192,0.547084964750951,1.935466838624868,-0.06536865660740365,-0.060503846353588964,5.637282054247188,-0.19039414545845723,-0.17622479520462786,6.92727722120824,-0.4679549785561834,-0.4320659445719537,20.176535595752156,-1.362975665697622,-1.2584444987532635,0.4773869346733668,-0.0026130653266331905,-0.0026130653266331905,0.4120603015075377,-0.0029396984924623393,-0.0029396984924623393,0.3015075376884422,-0.0034924623115578646,-0.0034924623115578646,0.3887640449438202,0.00043632328276521637,-0.004197831889024339,0.3626126126126126,0.4120603015075377,0.006045263913552756,0.008053623711210434,0.36363636363636365,0.3846153846153846,-0.002696802362912587,-0.0035937366304441554,0.3523489932885906,24.0,-4.0,-4.0,36.0,-9.0,-9.0,41.0,-10.0,-10.0,0.0002981164630891597,0.00041728958876822926,6.57291899229663e-05,-0.13286683487385353,-0.13851276083833763,-0.1359824720345344,0.02247191011235955,0.7171079453052029,10,-3.3949689865112305
44,0,test,2.4281332953679717,-0.03340819701241138,-0.0389004447316581,6.718944187182607,-0.09244459995215237,-0.1076423265177393,11.337698180401235,-0.3851701510099783,-0.44973218090535916,31.37280866357602,-1.065813294575559,-1.2444643909983917,2.364551024079579,-0.05711890372769135,-0.0559968918990994,5.313597806920402,-0.12835708702851978,-0.1258357121328073,10.639260973033739,-0.6253938041994473,-0.612761816239555,23.908451624794917,-1.4053793352796582,-1.376992845482146,2.421073162425258,-0.04076551474192458,-0.0247622285355642,6.261396109720494,-0.1054280553670468,-0.06404024621266657,11.257934426657547,-0.46841828060551727,-0.2822517136688827,29.11534765514883,-1.2114265877728876,-0.7299613284540065,0.49246231155778897,-0.002537688442211028,-0.002537688442211028,0.40201005025125625,-0.002989949748743781,0.0020100502512562235,0.3668341708542714,-0.0031658291457286047,-0.0031658291457286047,0.39205955334987597,0.0009704444389848632,0.002030227836679499,0.3756218905472637,0.38190954773869346,0.0019095477386934512,0.0025418272728032765,0.3434343434343434,0.39799331103678925,0.004659977703455942,0.0006570180290200733,0.37583892617449666,21.0,0.0,0.0,33.0,-1.0,2.0,36.0,0.0,-1.0,0.0002621576598748749,-0.00010841895607604402,4.690297269534546e-05,-0.11072582279465149,-0.10785955789076684,-0.10831108092775565,0.9727047146401985,-0.4718317850975411,392,-1.462050437927246
0,0,test,2.141708241076149,0.0039481183416398835,-0.021586067769754358,6.516912219274568,0.012013560096704623,-0.06568332049939496,8.513969125483966,0.033547888569700035,-0.1857810418159307,25.906791767544064,0.10208143236208755,-0.565305170097048,2.331545994796307,0.006445486856203608,0.019346585109102143,5.298968169991607,0.014648833764099756,0.043969511611596346,10.293843466155934,0.06613546615951371,0.19723663906302846,23.395098786718034,0.1503078776352602,0.44826508877961047,2.2507043605377426,-0.010683933247061628,-0.005568447349197481,5.975321311162149,-0.028364424549721434,-0.014783488537692513,9.494420977172483,-0.1019815720260766,-0.05301665655961507,25.206427373024294,-0.2707475363524132,-0.14075218555650082,0.4371859296482412,-0.00781407035175874,-0.002814070351758735,0.3919597989949749,-0.0030402010050251116,-0.0030402010050251116,0.36180904522613067,-0.0031909547738693256,-0.0031909547738693256,0.36941176470588233,0.0027842676436026226,0.0038203668564199544,0.3443396226415094,0.38190954773869346,0.008475963778793671,0.011291851578426382,0.33333333333333337,0.3745819397993311,0.002294794557261004,0.003058024337707077,0.3422818791946308,24.0,-15.0,-15.0,36.0,-18.0,-18.0,39.0,-16.0,-16.0,0.0006884698539165061,0.00041565032654138155,0.0001983266104738486,-0.09825088785544711,-0.10529122031832472,-0.10225747152254172,0.023529411764705882,0.4414454115550842,10,-1.5316309928894043
86,0,test,2.4339133040368437,-0.012243799566791225,-0.05066678264246871,7.01089492609355,-0.03526830315465723,-0.1459458267311371,11.40341992733052,-0.14047943404071894,-0.5926619551563643,32.84758696048666,-0.4046514515135158,-1.707164625544742,2.5779116976228127,-0.03916507308458028,-0.030768647724466636,5.427182521311185,-0.08245278544122225,-0.06477610047256199,13.169607301051398,-0.5260222450732304,-0.4115093361379074,27.72548905484505,-1.1074152527857493,-0.8663354445008586,2.4531667894582925,0.023688835519427798,0.03890784288188831,6.236864718961761,0.06022585301549466,0.09891824461497034,11.625102742028158,0.27214897411484174,0.443621530378854,29.555345954308876,0.6919041714784093,1.127851348420812,0.507537688442211,-0.007462311557788981,-0.0024623115577889765,0.4522613065326633,-0.0027386934673366836,-0.0027386934673366836,0.42211055276381915,-0.0028894472361808976,-0.0028894472361808976,0.39606126914660833,-0.0028458346785282806,-0.00765329585827923,0.38377192982456143,0.4371859296482412,-0.00391682724398934,-0.0035486279477521254,0.40909090909090906,0.40802675585284276,-0.000988269188893498,-0.00020461233403157308,0.38926174496644295,27.0,-18.0,-18.0,34.0,-19.0,-19.0,40.0,-17.0,-17.0,0.00036020960946326084,0.00028434692240102713,4.196477825253965e-05,-0.10095475844581614,-0.10111044612774212,-0.10198958922852075,0.0437636761487965,0.36988628847085825,20,-1.4391982555389404
61,0,test,1.8808648447274345,0.027388269255044895,0.0009863439981048217,6.92708759887421,0.10086899164662899,0.0036326327735078934,6.5591750778920845,0.17720668392635375,0.006466413392327119,24.156961872236703,0.6526392505580354,0.023815327371742967,2.1218363970062954,0.07136951570234595,0.1087774540255575,5.440606146169988,0.1829987582111432,0.2789165487834806,8.346450820004431,0.5749221791520602,0.8602686572183353,21.40115594872931,1.4741594337232335,2.205817069790605,2.00334211653491,0.042637066788959066,0.0692953546738988,6.132679948576255,0.13052163302742503,0.2121286367568329,7.4137924984362344,0.3094582896006193,0.4963455611157661,22.69528315847827,0.9473212946957723,1.5194251870890803,0.46733668341708545,-0.002663316582914521,-0.002663316582914521,0.42713567839195976,-0.002864321608040288,-0.002864321608040288,0.3417085427135679,-0.003291457286432098,-0.003291457286432098,0.4092920353982301,0.00266220114408644,0.006554987499891918,0.37915742793791574,0.42211055276381915,0.003564186849032147,0.0047482823130678975,0.3787878787878788,0.42140468227424754,0.004042411823496295,0.006499231773691383,0.38590604026845643,24.0,-1.0,-1.0,31.0,-2.0,-2.0,41.0,-1.0,-1.0,0.00045914273500271565,0.000376582764224797,0.00023373697731934035,-0.13190796248482517,-0.13607480976045494,-0.13598082166350345,0.022123893805309734,0.7311801754069045,10,-3.227369546890259
81,0,test,2.3124755037410223,0.0012060301297776022,-0.027417704788412323,6.638535119583071,0.0034622089439872994,-0.07870932939258513,10.09939482505872,0.012172832574657733,-0.2807331693481778,28.99282051819578,0.03494513841160085,-0.8059142684689213,2.376764378000705,-0.02852456148404814,-0.02112262012533339,5.341043546069,-0.06410013816640081,-0.04746656207940081,10.769998781185102,-0.3116329594305345,-0.22991019779582977,24.20224445210135,-0.7002987852371589,-0.5166521298782705,2.352458216892428,0.008481731123640035,0.03029799138988576,6.03194414587802,0.021748028522154073,0.07768715740996335,10.511377236586567,0.08877764916526054,0.3136974194961688,26.95224932458094,0.22763499785964214,0.804352357682486,0.4623115577889447,-0.002688442211055242,-0.002688442211055242,0.4170854271356784,-0.0029145728643216184,-0.0029145728643216184,0.38190954773869346,-0.0030904522613065533,-0.0030904522613065533,0.39429928741092635,0.003304026747419253,-0.0006176236350169395,0.38095238095238093,0.40201005025125625,0.004510050251256281,0.004339501166397697,0.3787878787878788,0.40802675585284276,0.006360089186176143,0.009580584931644043,0.38926174496644295,28.0,-19.0,-19.0,38.0,-19.0,-19.0,44.0,-18.0,-18.0,0.00021568860579753286,0.00045075239405558846,0.00010624917879510695,-0.1175074011033388,-0.1207215315984902,-0.11974370639475396,0.9738717339667459,-0.5632063169086121,410,-2.010244131088257
21,0,test,2.1131061142178247,0.018564208755444067,-0.020456172333219058,7.034232433906316,0.061797634514767275,-0.06809571461259445,8.273901094672926,0.1521814921503193,-0.17099533894199226,27.54265062387766,0.5065907389701927,-0.5692193833236772,2.1620316049768564,0.014848966983307399,0.05015808718175219,5.147694297563944,0.03535468329358871,0.11942401709940942,8.688771891718096,0.1280661091138402,0.42506289527409713,20.687552123138325,0.30491930741390405,1.0120545125573734,2.235801443454429,0.012675732822093,0.03559066610650685,5.903300302454238,0.033468382275876785,0.0939718464741981,9.353975531377975,0.11782018849376641,0.3270595630418498,24.69777749951553,0.31108663804056036,0.863552004171904,0.4321608040201005,-0.002839195979899567,-0.002839195979899567,0.35678391959798994,-0.0032160804020100464,-0.0032160804020100464,0.321608040201005,-0.0033919597989949812,-0.0033919597989949812,0.3434343434343434,-0.003689773619137915,-0.005539263603779765,0.3319838056680162,0.3517587939698492,0.010906663644034698,0.014530079445642219,0.3232323232323232,0.3566666666666667,0.007249029395452022,0.010768662232076842,0.3377926421404682,23.0,-7.0,-7.0,30.0,-5.0,-5.0,34.0,-3.0,-3.0,0.00030522547287291455,0.00018367134839075466,8.701718304913143e-06,-0.13815826649112317,-0.12889764936061532,-0.14050261072510306,0.9696969696969697,-0.37541889030323444,480,-1.5046865940093994
38,0,test,2.2614290331712623,-0.03625518580590281,-0.05464026529178545,7.543722222593689,-0.12094080638237692,-0.1822701386972243,9.59679350871429,-0.354317648001075,-0.5389617650226359,32.01318431638275,-1.1819402138543325,-1.7978799176501354,2.2511961465855133,-0.0790160807292466,-0.04330491950291249,5.847262718403931,-0.20523657332271839,-0.11248031039717521,9.499091349258505,-0.781031675195603,-0.42039426041163175,24.672964543528582,-2.0286537018067605,-1.0919331439263154,2.260313596575832,-0.04140306329493981,-0.02775738942432593,6.713802762106432,-0.1229793959255634,-0.08244769135938324,9.586094861976198,-0.4052245765801601,-0.26981228714500993,28.473549094978807,-1.2036373561786924,-0.8014226350841867,0.40703517587939697,-0.00296482412060306,-0.00296482412060306,0.3869346733668342,-0.0030653266331658324,-0.0030653266331658324,0.37688442211055273,-0.003115577889447274,-0.003115577889447274,0.3834080717488789,0.0008577361784091186,0.0021764001946267264,0.3775280898876404,0.38190954773869346,-0.0005904522613064955,-0.0024498532596426426,0.36868686868686873,0.3846153846153846,-0.002051282051282133,-0.002732007171518891,0.37583892617449666,20.0,-10.0,-10.0,20.0,0.0,0.0,29.0,-6.0,-6.0,0.00022621673922697226,3.769670787953888e-05,-4.2250089915941165e-05,-0.2504079610279053,-0.24947688714422345,-0.25062149477958506,0.02242152466367713,0.5647472226096525,10,-0.9735562801361084
