idx,membership,set_split,cut_T,cut_T_rep1_diff,cut_T_rep2_diff,cal_T,cal_T_rep1_diff,cal_T_rep2_diff,ppl_T,ppl_T_rep1_diff,ppl_T_rep2_diff,calppl_T,calppl_T_rep1_diff,calppl_T_rep2_diff,cut_200,cut_200_rep1_diff,cut_200_rep2_diff,cal_200,cal_200_rep1_diff,cal_200_rep2_diff,ppl_200,ppl_200_rep1_diff,ppl_200_rep2_diff,calppl_200,calppl_200_rep1_diff,calppl_200_rep2_diff,cut_300,cut_300_rep1_diff,cut_300_rep2_diff,cal_300,cal_300_rep1_diff,cal_300_rep2_diff,ppl_300,ppl_300_rep1_diff,ppl_300_rep2_diff,calppl_300,calppl_300_rep1_diff,calppl_300_rep2_diff,cb_const1,cb_const1_rep1_diff,cb_const1_rep2_diff,cb_const2,cb_const2_rep1_diff,cb_const2_rep2_diff,cb_const3,cb_const3_rep1_diff,cb_const3_rep2_diff,cbm_T,cbm_T_rep1_diff,cbm_T_rep2_diff,cbpm_T,cbm_200,cbm_200_rep1_diff,cbm_200_rep2_diff,cbpm_200,cbm_300,cbm_300_rep1_diff,cbm_300_rep2_diff,cbpm_300,lz_bins3,lz_bins3_rep1_diff,lz_bins3_rep2_diff,lz_bins4,lz_bins4_rep1_diff,lz_bins4_rep2_diff,lz_bins5,lz_bins5_rep1_diff,lz_bins5_rep2_diff,slope_600,slope_800,slope_1000,apen_600,apen_800,apen_1000,elbow_frac,elbow_delta_slope,elbow_idx,nei_delta
277,1,test,1.378009984545269,0.5478435402399003,0.8145903568891607,2.364375026114514,0.9399841795695132,1.3976655597150862,3.966999377232921,1.6732988953555483,2.2103299811065034,6.806535773568065,2.8710286309784676,3.7924609149511594,1.5620040128936312,0.621040976254642,0.8944488684398973,2.3488782148776406,0.9338962048941983,1.3450358923908228,4.768367546532255,2.2059195848068,2.8189022180556673,7.1704775135823375,3.3171723079801505,4.238950703843108,1.3803848597177302,0.5428054102459583,0.8000781610793292,2.379973896065052,0.9358713969757901,1.379445105309188,3.9764317014261357,1.6656648275539543,2.1898454111116226,6.855916726596786,2.8718359095757835,3.7755955363993494,0.507537688442211,-0.0024623115577889765,-0.0024623115577889765,0.27135678391959794,-0.0036432160804020786,-0.0036432160804020786,0.1959798994974874,-0.004020100502512558,-0.004020100502512558,0.3538461538461538,0.09578163771712156,0.15834973624124082,0.33333333333333337,0.371859296482412,0.08865127643228665,0.16150871217523333,0.398989898989899,0.3612040133779264,0.10410885478026366,0.16988032038571288,0.3422818791946308,22.0,-13.0,-13.0,33.0,-21.0,-21.0,40.0,-21.0,-21.0,0.0002687511677486584,0.0001311627893338837,0.0002495881052015573,-0.0586037093908951,-0.05843639523811461,-0.06371507503463025,0.03076923076923077,-0.26134817554806516,10,-0.5944597721099854
219,1,test,2.0085832222361177,0.9785617378011766,1.320553180662186,3.770301467437629,1.836853317883773,2.4788037357681256,7.4527509721268785,4.651624957464644,5.462959109594708,13.989521377847101,8.731541819598437,10.254493077228055,2.0862316604034916,0.9612294652107727,1.3262339415357847,3.2095871698515253,1.4788145618627269,2.040359910055053,8.054505790765594,4.974282180170542,5.91623444795415,12.391547370408606,7.652741815646987,9.101899150698692,2.0005024845299597,0.9504994386386754,1.2993803630808383,3.7984224389809365,1.8047457695671052,2.4671779045838704,7.392769918301616,4.535110096130562,5.37675626743556,14.036904908167626,8.610968536956765,10.209030887535874,0.5025125628140703,-0.0024874371859296973,-0.0024874371859296973,0.3919597989949749,-0.0030402010050251116,-0.0030402010050251116,0.27135678391959794,-0.0036432160804020786,-0.0036432160804020786,0.3970149253731343,0.1377004693373668,0.2083356800901155,0.36227544910179643,0.3869346733668342,0.13380184128663364,0.1899396817140796,0.33838383838383834,0.38795986622073575,0.137542503950285,0.20553494964676466,0.3489932885906041,16.0,-3.0,-3.0,24.0,-6.0,-6.0,30.0,-3.0,-3.0,0.0006383767103527438,0.00013156971885515693,0.0003337106233060295,-0.10605368673281657,-0.10292358238718968,-0.10177959145515825,0.029850746268656716,0.28924351632828127,10,-0.6302502155303955
229,1,test,1.8880671057430582,0.863180518376147,1.1945962393855911,3.26823311871313,1.4941604294698216,2.067839104433538,6.606586498618014,3.8198071119632893,4.60593902223917,11.435962594099017,6.612063772755167,7.972853512180082,1.9299457960720183,0.856119576785928,1.1964081701402285,3.015540306362529,1.3376868387280128,1.8693877658441074,6.889136813185064,3.96258106418418,4.8067023466110435,10.764276270601663,6.191532912787782,7.5104724165797565,1.8880671057430582,0.863180518376147,1.1945962393855911,3.26823311871313,1.4941604294698216,2.067839104433538,6.606586498618014,3.8198071119632893,4.60593902223917,11.435962594099017,6.612063772755167,7.972853512180082,0.5025125628140703,-0.0024874371859296973,-0.0024874371859296973,0.3668341708542714,-0.0031658291457286047,-0.0031658291457286047,0.2361809045226131,-0.0038190954773869024,-0.0038190954773869024,0.3762711864406779,0.1271186440677966,0.17740112994350277,0.34353741496598644,0.37688442211055273,0.12311557788944716,0.17755443886097144,0.33333333333333337,0.3762711864406779,0.1271186440677966,0.17740112994350277,0.34353741496598644,17.0,-8.0,-8.0,31.0,-17.0,-17.0,33.0,-14.0,-14.0,0.0008106565578068814,0.0002934526691076602,5.882165238932918e-06,-0.030150792745275545,-0.027617755409762523,-0.028982631091872157,0.04067796610169491,-0.2307867547903647,12,-0.794829249382019
434,1,test,2.0846903047259286,0.9498393041913822,1.3190882753506714,3.6022222177249508,1.6412664447424623,2.279306946377999,8.042100495477214,4.9313904812332945,5.891811973562944,13.896276591449599,8.521152669778118,10.180704513141851,2.1059170035441523,0.94104933375483,1.3211715241099662,3.5098616725735874,1.5684155562580502,2.201952540183277,8.214632403855823,5.009133733034883,6.022783404770833,13.691054006426373,8.348556221724806,10.037972341284723,2.0846903047259286,0.9498393041913822,1.3190882753506714,3.6022222177249508,1.6412664447424623,2.279306946377999,8.042100495477214,4.9313904812332945,5.891811973562944,13.896276591449599,8.521152669778118,10.180704513141851,0.5979899497487438,-0.0020100502512562235,-0.0020100502512562235,0.38190954773869346,-0.0030904522613065533,-0.0030904522613065533,0.25125628140703515,-0.003743718592964851,-0.003743718592964851,0.3589743589743589,0.07112787709802626,0.13028117715617715,0.3562231759656652,0.371859296482412,0.08865127643228665,0.14481422135720334,0.36868686868686873,0.3589743589743589,0.07112787709802626,0.13028117715617715,0.3562231759656652,15.0,-6.0,-6.0,27.0,-17.0,-17.0,33.0,-18.0,-18.0,-1.833119963222833e-06,-6.937973965220807e-05,5.754825882774934e-05,-0.00559888669824371,-0.005262250480942754,-0.005631236025740449,0.9529914529914529,0.36069027532665127,223,-0.3348836898803711
9,1,test,1.8557226279387333,0.8485683531268333,1.165923313396839,3.6154596027082215,1.6532452397126234,2.271540248514531,6.396318739598899,3.658519843937875,4.403003275925523,12.461793406459924,7.1278059028444805,8.578265003096277,1.759876063997079,0.7466282501968666,1.0726633648078865,2.7934540698366335,1.1851242066616932,1.7026402615998202,5.811717068782759,3.0571843565057626,3.82355088301888,9.224947728226601,4.8526735817551785,6.0691283857442535,1.857713587961719,0.8322023925811952,1.1566733038721333,3.4402103480772572,1.5411155418170281,2.1419875997632096,6.409066240174894,3.6205456650595704,4.39321756779202,11.868641185509063,6.704714194554759,8.135588088503741,0.44723618090452266,-0.0027638190954772934,-0.0027638190954772934,0.33668341708542715,-0.0033165829145728187,-0.0033165829145728187,0.22613065326633164,-0.003869346733668344,-0.003869346733668344,0.3875739644970414,0.13498903096676074,0.19662908260727763,0.3916913946587537,0.371859296482412,0.13627032405133432,0.18154210115686942,0.36363636363636365,0.3913043478260869,0.14255643463743917,0.20331769599071425,0.3959731543624161,11.0,-2.0,-2.0,23.0,-13.0,-13.0,27.0,-16.0,-16.0,-5.591892550142749e-05,8.873750021455747e-05,-3.552122742208695e-05,-0.04686264947372276,-0.04271458000806927,-0.0437763203506627,0.029585798816568046,0.5009478388872809,10,-0.6543936729431152
252,1,test,2.0115492347708774,0.9111205237163003,1.26624962947868,3.4007406952480026,1.5403474047358445,2.1407314177926855,7.474888739146635,4.469434519903899,5.3678161086142415,12.637104719220279,7.556060569561289,9.074871432242862,1.8856527566698311,0.80523881151298,1.144436611127643,2.857049631317926,1.220058805322697,1.7339948653449133,6.590655132306394,3.6447563930811206,4.492169104596077,9.985841109555142,5.522358171335031,6.806316825145571,1.985507762790453,0.8963126373498831,1.2444543712045275,3.327666641548245,1.5021999508657258,2.08567771710256,7.282744353377634,4.310863235205108,5.184599834778756,12.205716793370335,7.224910450064426,8.689273466109647,0.49246231155778897,-0.002537688442211028,-0.002537688442211028,0.3517587939698492,-0.0032412060301507672,-0.0032412060301507672,0.24623115577889443,-0.0037688442211055717,-0.0037688442211055717,0.3836065573770492,0.11355745754071533,0.17422814952535892,0.4375,0.35678391959798994,0.0986385561894686,0.15645002978162936,0.4242424242424242,0.37792642140468224,0.1058062210707924,0.1721422167328246,0.4295302013422819,19.0,-8.0,-8.0,26.0,-10.0,-10.0,36.0,-14.0,-14.0,-0.0007661820743028076,-0.00032531126080366274,-0.0001172251511361333,-0.0041921875274901765,-0.005164088488184504,-0.004875388232906452,0.9606557377049181,-0.24493972741662443,293,-0.3195383548736572
462,1,test,2.302991594167977,1.0639169755855808,1.4710703502298186,3.513038025001999,1.6229242000458015,2.2440056189946382,10.0040658380673,6.5516486546735555,7.706336837839096,15.260439414000965,9.994040320688473,11.755429074669806,2.1668100673018276,0.9092700419639688,1.3064542920757534,3.051845165213842,1.2806620309351675,1.840076467712329,8.730390217462062,5.213630519369847,6.366388620148749,12.296324249946567,7.343141576577249,8.966744535420773,2.302991594167977,1.0639169755855808,1.4710703502298186,3.513038025001999,1.6229242000458015,2.2440056189946382,10.0040658380673,6.5516486546735555,7.706336837839096,15.260439414000965,9.994040320688473,11.755429074669806,0.5728643216080402,-0.0021356783919597166,-0.0021356783919597166,0.40201005025125625,-0.002989949748743781,-0.002989949748743781,0.25125628140703515,-0.003743718592964851,-0.003743718592964851,0.34944237918215615,0.05445165562000398,0.126945469417014,0.39925373134328357,0.35678391959798994,0.06856336821954379,0.14309443712720527,0.38383838383838387,0.34944237918215615,0.05445165562000398,0.126945469417014,0.39925373134328357,20.0,-11.0,-11.0,28.0,-15.0,-15.0,35.0,-16.0,-16.0,-0.00010390651548997291,-0.00034602794563391763,-3.12242999836976e-05,-0.012951625328435412,-0.011089570572890395,-0.01198238912741001,0.040892193308550186,-0.43132990226434403,11,-0.35481882095336914
363,1,test,1.84807106565152,0.8386526586932297,1.1668867749012688,3.220923857278364,1.461651776579629,2.033716950542212,6.3475636724398425,3.6035590156081674,4.371346910296626,11.062896686252298,6.2804885700599495,7.618633186516977,1.9410573352563414,0.8098237359591967,1.1746333250352137,2.9862420542405252,1.2458826707064565,1.8071281923618672,6.966112594545045,3.866634938334423,4.8140558500296695,10.717096299300069,5.948669135899112,7.406239769276414,1.842724543183018,0.82966189982364,1.1587120056375344,3.1954760864445397,1.4387200574976415,2.0093271774061288,6.313716842689553,3.5596941412282614,4.33190294050638,10.94864192373911,6.172880013690627,7.511970417063088,0.507537688442211,-0.0024623115577889765,-0.0024623115577889765,0.3517587939698492,-0.0032412060301507672,-0.0032412060301507672,0.24120603015075381,-0.0037939698492461815,-0.0037939698492461815,0.36184210526315785,0.10896854204476702,0.1572469192675342,0.3531353135313532,0.3668341708542714,0.1011700104532689,0.1564835865470927,0.3787878787878788,0.36454849498327757,0.11079223454922082,0.15765194325913967,0.3523489932885906,12.0,-1.0,-1.0,26.0,-14.0,-14.0,33.0,-11.0,-11.0,0.00034856502960219256,0.00014229757452204354,6.825746200287614e-05,-0.03302495597884114,-0.03589877436488109,-0.03398958400283991,0.03618421052631579,-0.39998564393999925,11,-0.5249123573303223
371,1,test,1.9708966172710944,0.8839195454013182,1.2442726822765915,3.3871690608377603,1.5190979121972403,2.1383982780833883,7.177108723927335,4.21181209220959,5.109021910880887,12.334528560719338,7.238390630832561,8.780329113172177,2.119216575692632,0.9654616867801711,1.3477923358363468,3.071328370569032,1.3992198359132917,1.9533222258497782,8.324613228037302,5.154539362932968,6.161768757534356,12.064656852227975,7.470346902801403,8.930099648600514,2.1315398917122477,0.9975281088517549,1.373215080661856,3.4013934442216716,1.5918001736996088,2.191300660630621,8.42783477717167,5.3197342306416955,6.293137574767886,13.448672516763303,8.488937602087812,10.042240810799818,0.542713567839196,-0.0022864321608039306,-0.0022864321608039306,0.38190954773869346,-0.0030904522613065533,-0.0030904522613065533,0.29648241206030146,-0.0035175879396985854,-0.0035175879396985854,0.3724340175953079,0.1074266969510912,0.17595307917888559,0.3529411764705882,0.371859296482412,0.09867633908892826,0.16150871217523333,0.35858585858585856,0.38795986622073575,0.11417021680504291,0.18106331449659785,0.3791946308724832,18.0,-6.0,-6.0,25.0,-10.0,-10.0,35.0,-12.0,-12.0,0.00033807880707677803,0.00017029049879796455,0.00013304056592868105,-0.023918267916018365,-0.03333511512832921,-0.031923906671950775,0.967741935483871,0.20956554772731673,330,-0.25001204013824463
169,1,test,1.7595853170774747,0.8104425512519923,1.1230504780516644,3.498710339770328,1.6114613519080314,2.233042229614356,5.8100275755667745,3.2265335251527616,3.920106935087058,11.552496690952541,6.415549218617701,7.7946312313940345,1.508630600573822,0.6179716396576883,0.9111622186673523,2.873582096331089,1.1770888374432158,1.735547083175909,4.520536134212097,2.083801298837602,2.7030244086076793,8.610545017546851,3.9691453311192415,5.148617921157483,1.688807252782123,0.7569479965183825,1.064214141111011,3.355246197580377,1.503870191758376,2.1143327306841284,5.413020488066671,2.873794624980055,3.5455345434793566,10.754345340529811,5.7095257449934875,7.044108364528524,0.42211055276381915,-0.0028894472361808976,-0.0028894472361808976,0.2613065326633166,-0.003693467336683409,-0.003693467336683409,0.20100502512562812,-0.003994974874371837,-0.003994974874371837,0.33431085043988273,0.0912654624457393,0.15249266862170097,0.37058823529411766,0.33668341708542715,0.09608191332602867,0.15972181441430866,0.3282828282828283,0.3277591973244147,0.08568908046297896,0.146446627802724,0.35906040268456374,17.0,-8.0,-8.0,26.0,-16.0,-16.0,31.0,-18.0,-18.0,-0.00036897901673402364,-7.256402795659386e-05,-0.00043211632958951916,-0.09448921652996578,-0.09303986712611856,-0.08727162082480255,0.967741935483871,0.4066644175212771,330,-0.3020888566970825
455,1,test,2.201075680498326,0.981070148274324,1.346144320004898,3.9708595046827906,1.7699035783057062,2.4285171178466736,9.034726753695091,5.647520281340644,6.6835137647584535,16.29913542727425,10.18843185890508,12.05742010263856,2.1996317372752117,1.0030848802369723,1.3835165749009266,3.7281893852122234,1.7001438648084277,2.344943347289706,9.021690535271041,5.713018678820651,6.759994109951433,15.291000907239054,9.683082506475682,11.457617135510905,2.201075680498326,0.981070148274324,1.346144320004898,3.9708595046827906,1.7699035783057062,2.4285171178466736,9.034726753695091,5.647520281340644,6.6835137647584535,16.29913542727425,10.18843185890508,12.05742010263856,0.5577889447236181,-0.00221105527638199,-0.00221105527638199,0.40703517587939697,-0.00296482412060306,-0.00296482412060306,0.3015075376884422,-0.0034924623115578646,-0.0034924623115578646,0.37969924812030076,0.10202570215407192,0.17344924812030071,0.39245283018867927,0.38190954773869346,0.10622032468104936,0.17322841251331778,0.398989898989899,0.37969924812030076,0.10202570215407192,0.17344924812030071,0.39245283018867927,17.0,-7.0,-7.0,24.0,-10.0,-10.0,34.0,-12.0,-12.0,6.637920192024963e-05,5.1114728122866005e-06,-2.5675101091266713e-05,-0.010505758770811724,-0.010257514179676797,-0.010322977825814483,0.9548872180451128,-0.15935956145382268,254,-0.3997163772583008
5,1,test,1.991136730780976,0.9510571608167122,1.2948068777801907,3.4381118705410643,1.6421980789257515,2.2357534908254224,7.323854282916445,4.494412138911498,5.317478797876152,12.646158327023427,7.760537730542835,9.181733576456958,2.1590440841214535,0.9946182553647827,1.366923815645845,3.373506381439771,1.554091024007473,2.135818461946633,8.662852740763737,5.458770077937422,6.454779566297084,13.53570740744334,8.529328246777222,10.085593072339194,1.991136730780976,0.9510571608167122,1.2948068777801907,3.4381118705410643,1.6421980789257515,2.2357534908254224,7.323854282916445,4.494412138911498,5.317478797876152,12.646158327023427,7.760537730542835,9.181733576456958,0.6080402010050252,-0.001959798994974782,-0.001959798994974782,0.39698492462311563,-0.0030150753768843908,-0.0030150753768843908,0.27638190954773867,-0.0036180904522613577,-0.0036180904522613577,0.371841155234657,0.08535466874817055,0.15455424046875066,0.322463768115942,0.3668341708542714,0.07360108814750443,0.14479744297447172,0.33333333333333337,0.371841155234657,0.08535466874817055,0.15455424046875066,0.322463768115942,24.0,-15.0,-15.0,31.0,-14.0,-14.0,41.0,-19.0,-19.0,0.00028099287189671605,0.0003776122894763604,0.00012435130532550715,-0.009574984471644399,-0.009293725024148713,-0.009586462877371638,0.036101083032490974,0.42039038572777215,10,-0.5589532852172852
426,1,test,1.8970859525372048,0.8858013491563896,1.2186420449129032,2.97563228088323,1.389404146646317,1.911474070447143,6.666439788202782,3.9173094984658223,4.695631203504173,10.456496926673399,6.144409314852482,7.365228638998931,2.0861950178705,0.9805738717936543,1.343287962383545,3.1850305616343513,1.4970593462498538,2.0508213166160987,8.054210658678652,5.033110227875266,5.9521732784126105,12.296504822410157,7.684137752481322,9.087287447958184,1.8872689034482037,0.8767680175503814,1.2106540677921596,2.9335786063961717,1.3628518407518881,1.881845701231336,6.601315210170803,3.8543386178495407,4.634108081544038,10.261111725654098,5.991199924118457,7.203276810690214,0.5879396984924623,-0.002060301507537776,-0.002060301507537776,0.42211055276381915,-0.0028894472361808976,-0.0028894472361808976,0.27135678391959794,-0.0036432160804020786,-0.0036432160804020786,0.38636363636363635,0.1270443494916752,0.18225996465737282,0.3355048859934854,0.4120603015075377,0.11381468747244994,0.18000687913692004,0.35858585858585856,0.3846153846153846,0.12752022601772184,0.1799435269958073,0.33221476510067116,23.0,0.0,0.0,34.0,0.0,0.0,41.0,0.0,0.0,0.0007291853596271209,-0.00015536213444386433,0.00013263880148270025,-0.05061053814611771,-0.041255971428178384,-0.04679020725781058,0.935064935064935,0.10394578560295767,288,-0.32155632972717285
120,1,test,2.0473853405816356,0.9031063665252026,1.2700782601081075,3.9046563281092626,1.7223528561587793,2.4222206817776053,7.7476172198014925,4.607440828059321,5.572011580841622,14.77581284062142,8.787047864941705,10.62662208631938,2.182755236089196,0.957241379840619,1.3541969425170532,3.7633710967055105,1.6504161721389985,2.334822314684575,8.870713529437255,5.464797745124571,6.5806986993355086,15.294333671443544,9.422065077800983,11.346032240233637,2.0473853405816356,0.9031063665252026,1.2700782601081075,3.9046563281092626,1.7223528561587793,2.4222206817776053,7.7476172198014925,4.607440828059321,5.572011580841622,14.77581284062142,8.787047864941705,10.62662208631938,0.5678391959798995,-0.0021608040201005485,-0.0021608040201005485,0.4321608040201005,-0.002839195979899567,-0.002839195979899567,0.31155778894472363,-0.003442211055276312,-0.003442211055276312,0.4022556390977443,0.12458209313151547,0.1785056390977443,0.369811320754717,0.42211055276381915,0.14642132970617505,0.1917265794750045,0.3939393939393939,0.4022556390977443,0.12458209313151547,0.1785056390977443,0.369811320754717,23.0,-14.0,-14.0,34.0,-19.0,-19.0,41.0,-21.0,-21.0,0.0002662757027910772,0.00040995563118852336,0.00012062937518752928,-0.0048232262896164,-0.005006399176434861,-0.005503293406349918,0.03759398496240601,-0.8428076279301648,10,-0.4676988124847412
318,1,test,1.6208149158157097,0.7277608559166419,1.0194745692075244,2.8929661578803656,1.2989685044558668,1.8196435624808724,5.057209838084688,2.61463178683741,3.2326471294641914,9.026531513325576,4.666813712552818,5.76989923689248,1.642623085367722,0.6637168489488535,0.9709955958249168,2.5868080084531053,1.0452233841714227,1.529126922558924,5.168709712737559,2.5071661628204844,3.2112893017776107,8.139700335019779,3.948293169796038,5.057148506736395,1.6272682051780367,0.6909748682915569,0.9980869068410996,2.88864178433971,1.226582606434716,1.7717519056350877,5.08995100702922,2.539441012861015,3.2138770015851073,9.035415988809266,4.507883454782867,5.705107103405515,0.4623115577889447,-0.002688442211055242,-0.002688442211055242,0.29648241206030146,-0.0035175879396985854,-0.0035175879396985854,0.18090452261306533,-0.0040954773869347205,-0.0040954773869347205,0.37254901960784315,0.11480024309887082,0.1758098891730605,0.3377049180327869,0.35678391959798994,0.0986385561894686,0.16145837702703836,0.30808080808080807,0.3745819397993311,0.11748678120166833,0.17547181744115536,0.3389261744966443,14.0,0.0,0.0,20.0,0.0,0.0,25.0,0.0,0.0,0.0005564613472010528,0.00030546961078803435,4.820480709255061e-05,-0.03330496136181349,-0.034094856340886714,-0.03294615857116501,0.9640522875816994,0.1739708771834208,295,-0.5522710084915161
259,1,test,1.7018843745967196,0.7805937290327019,1.080306000204989,3.1775066647094823,1.4574091010263739,2.0169875032728983,5.484272083874616,2.971740998583026,3.6224076408503554,10.23942128954625,5.548395043597211,6.763223514420028,1.7232739365572611,0.7799082938313643,1.0838275458082964,2.89625871690296,1.3107702417333855,1.8215589005181454,5.602841818191866,3.0342299015835525,3.7074105576799647,9.4165408709107,5.0995460530816015,6.23094211374784,1.7162869126360742,0.7870954573615231,1.091817168224413,3.218037961192639,1.4758039825528557,2.0471571904207746,5.563831071595087,3.031370329766824,3.69657549942032,10.432183259240787,5.683819368312794,6.931079061413099,0.4723618090452262,-0.0026381909547738003,-0.0026381909547738003,0.321608040201005,-0.0033919597989949812,-0.0033919597989949812,0.24120603015075381,-0.0037939698492461815,-0.0037939698492461815,0.34472049689441,0.08115460542154174,0.14327421590267442,0.31775700934579443,0.3517587939698492,0.10614475888212993,0.16144159864430663,0.30808080808080807,0.34782608695652173,0.08238368294984388,0.1464912704937854,0.31879194630872487,21.0,-12.0,-12.0,32.0,-19.0,-19.0,36.0,-17.0,-17.0,0.0003163915396840293,6.238076164756329e-05,5.816555602789117e-06,-0.0439720444401166,-0.05129641423861031,-0.04994992293678546,0.031055900621118012,0.2555085681488033,10,-0.34825313091278076
105,1,test,1.9630733147934223,0.8965639704539639,1.2474491430595047,3.7772238263956193,1.7251127431493511,2.400264213197254,7.121179093931126,4.215958439078047,5.075716089846086,13.702130808322648,8.112085548295001,9.766377855634882,1.810554791143568,0.7488925181653001,1.0781020512586208,3.3842145628851736,1.3997990993743927,2.0151440210441507,6.113838394900301,3.222665479181039,4.033661907376082,11.427735317570656,6.023673792861755,7.539554967058098,1.9630733147934223,0.8965639704539639,1.2474491430595047,3.7772238263956193,1.7251127431493511,2.400264213197254,7.121179093931126,4.215958439078047,5.075716089846086,13.702130808322648,8.112085548295001,9.766377855634882,0.5276381909547738,-0.002361809045226204,-0.002361809045226204,0.3668341708542714,-0.0031658291457286047,-0.0031658291457286047,0.2361809045226131,-0.0038190954773869024,-0.0038190954773869024,0.38848920863309355,0.11559872389341674,0.16480499810677773,0.40794223826714804,0.40703517587939697,0.13134595282175288,0.1900067952450063,0.398989898989899,0.38848920863309355,0.11559872389341674,0.16480499810677773,0.40794223826714804,18.0,-6.0,-6.0,25.0,-5.0,-5.0,34.0,-9.0,-9.0,-0.00045591598552473586,-0.0002247933759131726,-2.4856215420943064e-05,-0.023592705812967907,-0.025017834385876014,-0.024936220370613604,0.03597122302158273,0.26095657600273575,10,-0.690881609916687
291,1,test,2.0593769792869194,0.944170193937865,1.3035646979599733,3.337183177278201,1.5300107359595527,2.112403034645981,7.8410831310216915,4.7908842806140735,5.711742686464834,12.706333507499007,7.763541394489072,9.255775799150847,2.1630448472217094,0.9653402622766065,1.3489931191053428,3.2773406776086507,1.4626367610251616,2.0439289683414286,8.69758018416809,5.385075567756349,6.440545809162176,13.178151794194076,8.159205405691438,9.75840274115481,2.0593769792869194,0.944170193937865,1.3035646979599733,3.337183177278201,1.5300107359595527,2.112403034645981,7.8410831310216915,4.7908842806140735,5.711742686464834,12.706333507499007,7.763541394489072,9.255775799150847,0.6030150753768844,-0.0019849246231156137,-0.0019849246231156137,0.40703517587939697,-0.00296482412060306,-0.00296482412060306,0.2562814070351759,-0.00371859296482413,-0.00371859296482413,0.3880597014925373,0.10128130298229521,0.16473463945779787,0.35580524344569286,0.37688442211055273,0.07613254241130463,0.14650044882173807,0.35858585858585856,0.3880597014925373,0.10128130298229521,0.16473463945779787,0.35580524344569286,19.0,-8.0,-8.0,28.0,-13.0,-13.0,35.0,-12.0,-12.0,0.00016488309740175574,0.00019949898916041703,-1.3394232044696252e-05,-0.00484498398644817,-0.005020768061346104,-0.00474571962506154,0.9402985074626866,-0.13675258018229805,252,-0.41159677505493164
172,1,test,1.5143439707602702,0.6698891605826832,0.9135519332032602,3.020227919337522,1.3360359236202115,1.8220002243215858,4.546437552325656,2.2197285816549104,2.7228749937320194,9.06747601218022,4.427056444976554,5.430538395320285,1.4821467682360214,0.5461954898140967,0.8431828118378014,2.600257488133371,0.9582377014282399,1.4792680909435114,4.402386447111877,1.8527487272831946,2.507869387210902,7.723484994933118,3.2504363636547273,4.399770854755968,1.502164146463224,0.6600200981071005,0.9283568142004689,2.8342719744589133,1.245320939824718,1.7516166305669225,4.49139860452637,2.1700598970255567,2.7163863404137087,8.474336989672395,4.094452635897277,5.125257246063601,0.4371859296482412,-0.002814070351758735,-0.002814070351758735,0.3065326633165829,-0.0034673366834171437,-0.0034673366834171437,0.17085427135678388,-0.004145728643216162,-0.004145728643216162,0.3202247191011236,0.06917282569298899,0.12765384911089872,0.2985915492957747,0.33668341708542715,0.0785380536769058,0.13968842543267257,0.297979797979798,0.32441471571906355,0.0790057006940218,0.1408774520928121,0.2986577181208053,16.0,-2.0,-2.0,24.0,-1.0,-1.0,32.0,-3.0,-3.0,0.0002953001279691156,-7.399295759664679e-05,0.00014144883233997474,-0.07973911215562435,-0.07960887593160315,-0.08102612779596452,0.9691011235955056,0.2664222949519638,345,-0.5372834205627441
489,1,test,1.5524295955362506,0.6893660264713889,0.9682997198029378,2.782163151550921,1.2354368676650171,1.735323655152456,4.72293106653404,2.3525195658287106,2.92950126679786,8.464129270923364,4.216032255614375,5.250061259036615,1.415780417918336,0.6075457255706724,0.8511668327505615,2.302081980355018,0.9878792285701992,1.3840111101635146,4.119700299675481,1.8757570616394643,2.3609322623331295,6.698699674269075,3.050011482340593,3.8389142476961453,1.545406378703849,0.6615734739490933,0.936177775384343,2.7761791234200883,1.1884553424235211,1.681756482726365,4.6898771060022995,2.2697189185339175,2.8508648624561674,8.424928932938263,4.077339374611828,5.121314124172756,0.44221105527638194,-0.0027889447236180143,-0.0027889447236180143,0.27638190954773867,-0.0036180904522613577,-0.0036180904522613577,0.16582914572864327,-0.004170854271356772,-0.004170854271356772,0.3647798742138365,0.11360248017929964,0.18172548090839713,0.3943217665615142,0.3417085427135679,0.09860077329000894,0.15973859279704028,0.35858585858585856,0.35451505016722407,0.10242823881497032,0.16764074538413176,0.38590604026845643,13.0,-4.0,-4.0,25.0,-14.0,-14.0,28.0,-15.0,-15.0,-0.0009784182320379928,-0.00014130669106514985,-0.00020235676546471532,-0.0763995105571178,-0.0819188674292679,-0.07910321163876333,0.9654088050314465,-0.3791091191435328,307,-0.7355607748031616
307,1,test,1.9568999584892426,0.8805883754162593,1.2311193639236162,3.174273769874992,1.4283962601228857,1.9969901310156328,7.077352934512867,4.143514583624329,5.01100948745745,11.480124818192383,6.721166097855743,8.128323529073421,1.9422166077538021,0.8361573047513233,1.1973495930863307,2.920626477825266,1.2573794056410874,1.8005257038892186,6.974192900023136,3.951768463102918,4.868031572231605,10.487508120335542,5.942508967072056,7.320348228919706,1.9568999584892426,0.8805883754162593,1.2311193639236162,3.174273769874992,1.4283962601228857,1.9969901310156328,7.077352934512867,4.143514583624329,5.01100948745745,11.480124818192383,6.721166097855743,8.128323529073421,0.5628140703517588,-0.0021859296482411583,-0.0021859296482411583,0.37688442211055273,-0.003115577889447274,-0.003115577889447274,0.21105527638190957,-0.0039447236180903955,-0.0039447236180903955,0.39568345323741005,0.113816307815507,0.17678393170630957,0.371841155234657,0.3919597989949749,0.10875177894484955,0.17326196927878124,0.3535353535353535,0.39568345323741005,0.113816307815507,0.17678393170630957,0.371841155234657,18.0,-8.0,-8.0,28.0,-14.0,-14.0,32.0,-14.0,-14.0,-0.00010262779844880405,0.0002156142675594304,4.0825976519441294e-05,-0.02169682728326716,-0.021764822121019378,-0.022865472442811452,0.06115107913669065,-0.20982601045906604,17,-0.7777572870254517
325,1,test,1.9093043664067535,0.876636400298441,1.2154312220039851,3.4518497019783116,1.584879367771193,2.197389779894211,6.748392756656464,3.939843795317894,4.74694030181976,12.200484079830895,7.122881437862859,8.582038963741939,1.9581939117082414,0.8442006040343011,1.197848454716968,2.9669604722852143,1.2790918242943956,1.8149219010863156,7.086516625539647,4.0400168784980615,4.94750159496698,10.7371464023328,6.121237694694034,7.496214537828757,1.8654910895316343,0.8474021577957782,1.1810270611976772,3.2920430991734726,1.4954155725807852,2.0841654021135483,6.4591071071347566,3.6912070467926954,4.476398232209507,11.398424306708394,6.513894788457698,7.899526292134425,0.5025125628140703,-0.0024874371859296973,-0.0024874371859296973,0.3467336683417085,-0.003266331658291488,-0.003266331658291488,0.2562814070351759,-0.00371859296482413,-0.00371859296482413,0.32915360501567403,0.07563247825511066,0.13832983025029344,0.3805031446540881,0.3517587939698492,0.09862596188964867,0.14808600598988264,0.4242424242424242,0.32441471571906355,0.0790057006940218,0.13754041093597125,0.37583892617449666,14.0,-5.0,-5.0,26.0,-12.0,-12.0,29.0,-12.0,-12.0,-0.00011855673959509859,-0.0004709016193471659,-5.345266358339587e-06,-0.05274294086719422,-0.04834160480691185,-0.05279016577559581,0.9623824451410659,-0.24102665870904183,307,-0.3751413822174072
164,1,test,2.0655530698958096,0.9342654359527833,1.297393864669448,3.5445910705619443,1.6032456246597142,2.2263919406055956,7.889660224766287,4.790015084853174,5.733866000446469,13.539046558549552,8.219902429562852,9.839597210642706,2.0495147853979305,0.8644955096070468,1.2195696425148885,3.3876277444593894,1.428918197697598,2.0158175909337004,7.764132921525629,4.493383054376835,5.47093998266522,12.83327755624071,7.427079428722041,9.042876004405322,2.0655530698958096,0.9342654359527833,1.297393864669448,3.5445910705619443,1.6032456246597142,2.2263919406055956,7.889660224766287,4.790015084853174,5.733866000446469,13.539046558549552,8.219902429562852,9.839597210642706,0.5577889447236181,-0.00221105527638199,-0.00221105527638199,0.371859296482412,-0.003140703517587995,-0.003140703517587995,0.2562814070351759,-0.00371859296482413,-0.00371859296482413,0.36823104693140796,0.10336618206654313,0.1569465331258858,0.35507246376811596,0.3668341708542714,0.10367627611742924,0.15147523930168372,0.3535353535353535,0.36823104693140796,0.10336618206654313,0.1569465331258858,0.35507246376811596,13.0,0.0,0.0,19.0,0.0,0.0,25.0,0.0,0.0,-2.2478296792278417e-05,-1.809919911423244e-06,7.715136231604061e-05,-0.00023182424163081805,0.0001888633816387042,3.6794479953528025e-05,0.061371841155234655,-0.2844228911242421,17,-0.47361278533935547
121,1,test,1.7175538964128965,0.7635926496314649,1.0689143178187615,3.0438871830873,1.3532558624024296,1.8943537076899166,5.570884822850395,2.9749122158546983,3.6579481647975003,9.87284588049598,5.27220553809805,6.4826970253911265,1.7475308043419033,0.7662455213540897,1.083392100424319,2.627865871190832,1.152248904291864,1.629161053269652,5.740410964330975,3.0725279404014683,3.797594504027871,8.63219693884357,4.620342767521004,5.71066842710958,1.7170428047852335,0.7360135504249521,1.0404169670816406,2.9948421013695934,1.283744564694684,1.8146807565377452,5.5680383177331905,2.9008382607994347,3.6008095456809963,9.711694740232309,5.059601617673433,6.280481765722668,0.5477386934673367,-0.002261306532663321,-0.002261306532663321,0.3467336683417085,-0.003266331658291488,-0.003266331658291488,0.2160804020100503,-0.003919597989949675,-0.003919597989949675,0.3679245283018868,0.09790882971475967,0.16499565800899985,0.35962145110410093,0.3869346733668342,0.09370159066006722,0.1665673945688375,0.38383838383838387,0.36789297658862874,0.0957727762547389,0.16655816012589242,0.35906040268456374,17.0,-3.0,-3.0,27.0,-9.0,-9.0,35.0,-8.0,-8.0,0.0001089262506152074,0.00011068577178256654,4.203655353594238e-05,-0.046536749327547255,-0.04231617994228731,-0.042307550191304166,0.050314465408805034,0.15533614262633963,16,-0.4854302406311035
139,1,test,1.7458026229339343,0.7823270587701797,1.0059815319273002,2.967081587856328,1.32960518060044,1.7097174914818243,5.730499060079556,3.1097096756421565,3.634938493756449,9.739278671615029,5.28511195994788,6.177765422124189,1.6882984658849856,0.7114577230470308,1.0080636621876318,2.558027978613614,1.0779662470409554,1.5273691851327753,5.410267114667957,2.7542152923520744,3.435925854230919,8.197374416163571,4.173053473260719,5.20594826398624,1.6768212133125724,0.7373888342976576,1.0385327803240048,2.7191695351014684,1.1957656772394445,1.6841072113362237,5.3485270931549005,2.789998361673327,3.45528939171093,8.673287178089028,4.524321667578369,5.603171986558265,0.40703517587939697,-0.00296482412060306,-0.00296482412060306,0.29145728643216084,-0.0035427135678391952,-0.0035427135678391952,0.2211055276381909,-0.003894472361809065,-0.003894472361809065,0.33597883597883593,0.10216113452573161,0.14145293177551232,0.3448275862068966,0.321608040201005,0.10356292741905004,0.14965478477529548,0.31818181818181823,0.33444816053511706,0.10907253449171139,0.15758497922254755,0.33221476510067116,14.0,-4.0,-4.0,20.0,-9.0,-9.0,29.0,-12.0,-12.0,0.00015087234761158885,-0.0002589118360072399,-3.973121175115856e-05,-0.06562014639589986,-0.062206070940876934,-0.062422662244380867,0.9708994708994709,-0.47944341183981753,367,-0.6153712272644043
368,1,test,1.4640860711441908,0.6272187823394564,0.8404276596087016,2.838074537910277,1.215839485765715,1.6291366940107135,4.3235899804330025,2.014468157999094,2.4578487596875362,8.38111288514705,3.9049690447367063,4.764445288009686,1.5502787929049409,0.6024035540330804,0.8745216802984566,2.5414406441064603,0.9875468098902958,1.4336420988499285,4.712783890167155,2.132562413620622,2.7472633570185616,7.725875229782222,3.4960039567551187,4.503710421341905,1.5064440204789842,0.6305480353783224,0.8987977736152526,2.722489193636718,1.13954464224998,1.6243333258106973,4.510662418651949,2.1096368049797563,2.6745578469083178,8.15179955178063,3.8125966355055843,4.833538277545153,0.44221105527638194,-0.0027889447236180143,-0.0027889447236180143,0.3065326633165829,-0.0034673366834171437,-0.0034673366834171437,0.17085427135678388,-0.004145728643216162,-0.004145728643216162,0.3448275862068966,0.11436401004795615,0.1522567162166717,0.32978723404255317,0.36180904522613067,0.11368874447425092,0.1631446044915731,0.3484848484848485,0.35451505016722407,0.1141143823875913,0.16541605127957115,0.3355704697986577,14.0,-3.0,-3.0,21.0,-6.0,-6.0,29.0,-10.0,-10.0,0.00034457710826278084,0.00022329760741096879,5.6651447088331557e-05,-0.08931820907897148,-0.08645875525231705,-0.08771480128498865,0.026525198938992044,-0.45782737587675665,10,-0.6089653968811035
15,1,test,2.06870745548791,0.9527598717229235,1.319787715364161,3.504137118479521,1.613858558224544,2.235558783167865,7.914586548255314,4.862127278216769,5.7998722070346265,13.406340479697777,8.235848246775344,9.824273330283143,2.0574595777045115,0.9189667649369393,1.2886272309937905,2.897830391133115,1.294319387235126,1.81496793097717,7.826063030202711,4.704003740754475,5.6688171628329975,11.022623986201001,6.6253573813443305,7.984249525116897,2.0218769506926897,0.930021522819708,1.2866233652485057,3.261091855955951,1.5000347142253352,2.0751989762072673,7.5524872847274365,4.572689538343722,5.466476377285272,12.181431104399092,7.375305707006005,8.81689738271818,0.542713567839196,-0.0022864321608039306,-0.0022864321608039306,0.38190954773869346,-0.0030904522613065533,-0.0030904522613065533,0.2613065326633166,-0.003693467336683409,-0.003693467336683409,0.38368580060422963,0.1152091791864317,0.1856958508554859,0.396969696969697,0.371859296482412,0.09617007342476791,0.17486430482965742,0.3939393939393939,0.3712374581939799,0.10746450326910517,0.17657672404492541,0.38590604026845643,20.0,0.0,0.0,32.0,0.0,0.0,37.0,0.0,0.0,-0.00028192229367133,-0.00014011853739735294,-0.00011441140786216033,-0.015151163965149372,-0.014413716220461836,-0.01637770549364781,0.9667673716012085,-0.3735672290286874,320,-0.5007617473602295
148,1,test,2.2073685419890547,1.0084475863414537,1.3964921017138556,3.1373247332899994,1.4333028194760478,1.984829051972934,9.091760301660425,5.775224000166675,6.8418812942746925,12.92208524356366,8.208304481718377,9.72434054325153,1.9500154425462386,0.828009543688556,1.1851109547662726,2.5658097928239982,1.0894862416954685,1.5593565194293062,7.028796122260331,3.9577879613771665,4.880006993026795,9.24841595034254,5.207615738654167,6.421061832929993,2.1971675545081775,1.0070639885417563,1.3908204839608262,3.123934911623001,1.4318445334716912,1.9774698824087575,8.999486809179558,5.7120651544254155,6.759775292117431,12.795478875610746,8.121419650841823,9.611054917702509,0.48743718592964824,-0.002562814070351749,-0.002562814070351749,0.35678391959798994,-0.0032160804020100464,-0.0032160804020100464,0.25125628140703515,-0.003743718592964851,-0.003743718592964851,0.38888888888888884,0.1278774696392967,0.18454106280193228,0.4459016393442623,0.35678391959798994,0.11116988451027066,0.16980562243605335,0.4040404040404041,0.3812709030100334,0.12083684624876467,0.1799360865472971,0.4395973154362416,15.0,-4.0,-4.0,23.0,-7.0,-7.0,28.0,-4.0,-4.0,-0.001152917482815262,-0.0002564701601709596,-4.252477038344729e-05,-0.030972636265490294,-0.03522694817406968,-0.034964722604762244,0.032679738562091505,-0.2603131167683198,10,-0.6015000343322754
56,1,test,1.6453862502527987,0.6917950736919726,1.0031658939757087,3.049449183801854,1.2821268699091226,1.8592007901683136,5.183011459860092,2.5879993672798984,3.282315039060263,9.605847905607371,4.796425494025413,6.083223872391689,1.7514075974673937,0.7420641334840883,1.0560619885058327,3.184377449940716,1.3492075154256151,1.9201127063742414,5.762708543719398,3.018909523054489,3.75830685028505,10.477651897671633,5.488926405553616,6.833285182336454,1.6453862502527987,0.6917950736919726,1.0031658939757087,3.049449183801854,1.2821268699091226,1.8592007901683136,5.183011459860092,2.5879993672798984,3.282315039060263,9.605847905607371,4.796425494025413,6.083223872391689,0.4623115577889447,-0.002688442211055242,-0.002688442211055242,0.2864321608040201,-0.003567839195979916,-0.003567839195979916,0.19095477386934678,-0.004045226130653168,-0.004045226130653168,0.31768953068592054,0.07264448564087544,0.12441221976155081,0.3442028985507246,0.31155778894472363,0.0634374881928439,0.11790169545557505,0.3737373737373737,0.31768953068592054,0.07264448564087544,0.12441221976155081,0.3442028985507246,19.0,0.0,0.0,27.0,0.0,0.0,32.0,0.0,0.0,-0.00011471556310706117,-6.255634713919642e-05,-0.00011182821551810158,-0.09814884699431481,-0.0960111208097878,-0.09061901228072955,0.9566787003610109,0.1851739413727152,265,-0.640618085861206
13,1,test,1.8086835137990207,0.8155669208263813,1.14205100886016,2.8834085002593084,1.3001791491435064,1.8206610286176466,6.102408405299341,3.402773366732674,4.154740901068301,9.728477167868514,5.424711164356435,6.623499987210335,1.8251859057725701,0.777601439187344,1.1214247864529858,2.500254665441877,1.0652074509415674,1.5361983376068302,6.203948261698892,3.353191565194053,4.18260732885021,8.498559262601223,4.5934131030055525,5.729599080616727,1.7489597554605176,0.7946282819499213,1.1033610602875705,2.7761265959690755,1.2613147332538432,1.7513667623612228,5.748619594468603,3.151685711091491,3.841491118307278,9.12479300709302,5.002675731891255,6.097604949694093,0.46733668341708545,-0.002663316582914521,-0.002663316582914521,0.3266331658291457,-0.0033668341708542604,-0.0033668341708542604,0.24120603015075381,-0.0037939698492461815,-0.0037939698492461815,0.3343465045592705,0.0961067473513798,0.145266625893952,0.301829268292683,0.3417085427135679,0.09108197629752779,0.1530607964698283,0.28787878787878785,0.3277591973244147,0.08401963138117596,0.1386601984367618,0.28859060402684567,17.0,-7.0,-7.0,23.0,-4.0,-4.0,32.0,-8.0,-8.0,0.0006840489737069801,2.5226379668843397e-05,-1.897068090529989e-05,-0.07105348113032672,-0.06014421811080428,-0.06716840553298908,0.030395136778115502,0.41067005971675435,10,-0.712485671043396
57,1,test,2.039047606582638,0.9258073836938279,1.2865280325162498,3.6981484541747225,1.6791040747738992,2.333330344687857,7.683288200091386,4.639081861983124,5.560947519864865,13.934907791470092,8.413738532292374,10.085693638512675,1.884229250327712,0.8031316962144341,1.1401095132076253,3.193608898860529,1.361240163075312,1.932389005436653,6.581279967313379,3.633366696827891,4.476691938674497,11.154711809005727,6.15824863869134,7.587613455380502,2.039047606582638,0.9258073836938279,1.2865280325162498,3.6981484541747225,1.6791040747738992,2.333330344687857,7.683288200091386,4.639081861983124,5.560947519864865,13.934907791470092,8.413738532292374,10.085693638512675,0.5125628140703518,-0.0024371859296482556,-0.0024371859296482556,0.33668341708542715,-0.0033165829145728187,-0.0033165829145728187,0.2613065326633166,-0.003693467336683409,-0.003693467336683409,0.3745704467353952,0.11041950333916872,0.16199901816396667,0.3896551724137931,0.35678391959798994,0.0986385561894686,0.14810278437261426,0.35858585858585856,0.3745704467353952,0.11041950333916872,0.16199901816396667,0.3896551724137931,16.0,-7.0,-7.0,27.0,-15.0,-15.0,34.0,-19.0,-19.0,-0.00048684445097442816,-0.00012175291215953197,-7.64653459078985e-06,-0.04750489487136189,-0.0528071658923146,-0.04629587339310426,0.03436426116838488,-0.41670075852960536,10,-0.505324125289917
308,1,test,1.3687190466319896,0.5858386014171512,0.8362325803716242,2.417477796648709,1.0347279193861372,1.4769822198771545,3.930312922008099,1.7425479866669096,2.2271510193331925,6.941851394715604,3.077747093333763,3.9336693328482366,1.29848737355734,0.5098070261879535,0.7490076309799558,2.1641456225955666,0.8496783769799225,1.2483460516332598,3.6637505880845875,1.4632599619737414,1.9313990734378041,6.106250980140979,2.4387666032895687,3.2189984557296736,1.3687190466319896,0.5858386014171512,0.8362325803716242,2.417477796648709,1.0347279193861372,1.4769822198771545,3.930312922008099,1.7425479866669096,2.2271510193331925,6.941851394715604,3.077747093333763,3.9336693328482366,0.4723618090452262,-0.0026381909547738003,-0.0026381909547738003,0.2361809045226131,-0.0038190954773869024,-0.0038190954773869024,0.12060301507537685,-0.0043969849246231485,-0.0043969849246231485,0.3468634686346863,0.0890365809735445,0.15790641341996237,0.3666666666666667,0.38190954773869346,0.12125791866601177,0.18825345424954487,0.3737373737373737,0.3468634686346863,0.0890365809735445,0.15790641341996237,0.3666666666666667,15.0,-6.0,-6.0,21.0,-11.0,-11.0,31.0,-19.0,-19.0,-9.715036852042829e-05,-8.829649858595937e-05,-3.3610790237444924e-05,-0.03797973602081228,-0.040065820980903055,-0.035572756467655786,0.9372693726937269,-0.08177048196257286,254,-0.5839874744415283
273,1,test,1.4124478978325425,0.6230890232414295,0.8492033302172175,3.0266740667840195,1.3351907640887772,1.8197214218940374,4.105994166346342,1.9040099407778843,2.349632265920163,8.798558927885018,4.080021301666895,5.0349262841146345,1.6800635176492382,0.6784863624395951,0.9780158426866694,2.9474798555249797,1.1903269516484127,1.7158172678713501,5.365896789447992,2.64332442611156,3.3480163462894024,9.413854016575424,4.63741127387993,5.873712888227022,1.5171449533936348,0.6364453477986312,0.918352204771175,3.0342899067872695,1.2728906955972623,1.83670440954235,4.55918989616283,2.1466029206793977,2.7392695239094267,9.11837979232566,4.2932058413587955,5.478539047818853,0.4120603015075377,-0.0029396984924623393,-0.0029396984924623393,0.3065326633165829,-0.0034673366834171437,-0.0034673366834171437,0.23115577889447236,-0.003844221105527623,-0.003844221105527623,0.3036211699164345,0.10473382638375017,0.1393982960161413,0.2960893854748603,0.3417085427135679,0.1211571642674526,0.16975528728785838,0.3535353535353535,0.33444816053511706,0.11908922898252938,0.1687084497453506,0.32885906040268453,18.0,-9.0,-9.0,26.0,-15.0,-15.0,31.0,-18.0,-18.0,-8.921374745228892e-05,0.0003417802848421462,-2.9239205611955832e-05,-0.15613202109431779,-0.16746428114247358,-0.16031781833870085,0.9693593314763231,0.36020861119722164,348,-0.6183130741119385
212,1,test,1.6682580194320769,0.734636823121267,1.0339364463957428,3.0807164758845684,1.3566293333639396,1.9093359710108047,5.302922159303678,2.7592183887365236,3.4171797903815566,9.792729587514126,5.095356624533447,6.310392012904607,1.4760877008699167,0.6078606285983407,0.8759459243150836,2.708417799761315,1.115340602932735,1.6072402281010707,4.375792738951456,1.9931099567247497,2.5534155865212327,8.028977502663222,3.6570824894032112,4.685166213800428,1.6682580194320769,0.734636823121267,1.0339364463957428,3.0807164758845684,1.3566293333639396,1.9093359710108047,5.302922159303678,2.7592183887365236,3.4171797903815566,9.792729587514126,5.095356624533447,6.310392012904607,0.4371859296482412,-0.002814070351758735,-0.002814070351758735,0.25125628140703515,-0.003743718592964851,-0.003743718592964851,0.1758793969849246,-0.004120603015075441,-0.004120603015075441,0.3188405797101449,0.07246376811594202,0.12318840579710144,0.3418181818181818,0.3467336683417085,0.10301507537688437,0.15410385259631487,0.303030303030303,0.3188405797101449,0.07246376811594202,0.12318840579710144,0.3418181818181818,19.0,-10.0,-10.0,25.0,-15.0,-15.0,33.0,-19.0,-19.0,-0.0004787130023207089,-6.021759455491288e-05,4.1080048923162105e-05,-0.0849484336995543,-0.08528048230597651,-0.08573191978992689,0.9565217391304348,-0.26248689987432444,264,-0.46312034130096436
293,1,test,1.9643003529526235,0.9022806280083346,1.1700216716768028,3.732170670609985,1.714333193215836,2.2230411761859252,7.129922415515485,4.237715859626043,4.917078160516882,13.546852589479421,8.05166013328948,9.342448504982077,2.158022105365186,0.9301593912083397,1.3195056638790512,3.5967035089419763,1.5502656520138993,2.199176106465085,8.654004011670741,5.240078812326674,6.3410709530002425,14.423340019451237,8.733464687211125,10.568451588333739,2.0041878053636117,0.9059897609349599,1.2668286411407403,3.5577298320064115,1.6082658478135383,2.2488082387113737,7.420064911811604,4.421307387168081,5.329657116698385,13.17171286120403,7.848474651777658,9.460929792955712,0.5125628140703518,-0.0024371859296482556,-0.0024371859296482556,0.38190954773869346,-0.0030904522613065533,-0.0030904522613065533,0.3065326633165829,-0.0034673366834171437,-0.0034673366834171437,0.37730870712401055,0.1138040957933123,0.16714252921589712,0.3571428571428571,0.38190954773869346,0.1287767156584929,0.18324510700413588,0.3535353535353535,0.35785953177257523,0.10076437317491249,0.16764818583264196,0.3389261744966443,18.0,-9.0,-9.0,26.0,-14.0,-14.0,35.0,-20.0,-20.0,0.0010112495680663558,0.0002509437520248152,0.0003187665704857013,-0.03786496611786738,-0.034132003431532,-0.03643067481368778,0.9709762532981531,-0.5103518603054049,368,-0.7448906898498535
245,1,test,1.9641341903960678,0.9213357029281166,1.2172816198999632,3.6491020999236587,1.7117201384349778,2.261548593316683,7.128737787801989,4.291592156198077,5.018390404661991,13.24425396109405,7.9732118231903355,9.323507046224815,2.5392475667335965,1.1601101525421647,1.617792972775407,4.030551693227931,1.8414446865748646,2.5679253536117574,12.670133953023056,8.698659540916458,10.157190908525623,20.11132373495723,13.807396096692791,16.122525251627973,2.156406835346021,1.0287198452529258,1.4012378237627328,3.873784734154529,1.8479997220112443,2.5171936953821548,8.640036741937813,5.551532251443088,6.512065597201097,15.521024087313437,9.972812427742074,11.69832143209778,0.6281407035175879,-0.0018592964824121205,-0.0018592964824121205,0.4371859296482412,-0.002814070351758735,-0.002814070351758735,0.35678391959798994,-0.0032160804020100464,-0.0032160804020100464,0.3342465753424657,0.08800854524670643,0.13581060271294465,0.27472527472527475,0.38190954773869346,0.10622032468104936,0.1515255744498788,0.3484848484848485,0.34782608695652173,0.09740872468607098,0.15094065870290663,0.2953020134228188,19.0,-7.0,-7.0,29.0,-14.0,-14.0,35.0,-12.0,-12.0,0.0008548554151927307,0.0006909593705691837,0.00028551616549056465,-0.058070266752444866,-0.0647859178507657,-0.061011914224597064,0.958904109589041,-0.2872487593590565,350,-0.47214651107788086
178,1,test,2.5899299524998405,1.1871636105806223,1.6502254244135788,3.974202858146307,1.8216820920978516,2.5322424616001467,13.328837918718786,9.262404351388952,10.769612791261466,20.452871978723653,14.212999780579597,16.525785145211557,2.5673027906267483,1.1671845821902491,1.6249283686294933,3.860605700190599,1.7551647852484948,2.4435013062097646,13.030630660616332,8.97495130659064,10.464563543946014,19.594933324235086,13.496167378331789,15.736185780369945,2.5899299524998405,1.1871636105806223,1.6502254244135788,3.974202858146307,1.8216820920978516,2.5322424616001467,13.328837918718786,9.262404351388952,10.769612791261466,20.452871978723653,14.212999780579597,16.525785145211557,0.6281407035175879,-0.0018592964824121205,-0.0018592964824121205,0.507537688442211,-0.0024623115577889765,-0.0024623115577889765,0.3517587939698492,-0.0032412060301507672,-0.0032412060301507672,0.40601503759398494,0.10957976554895676,0.1885150375939849,0.41509433962264153,0.40201005025125625,0.09875190488784769,0.18164277145325958,0.41414141414141414,0.40601503759398494,0.10957976554895676,0.1885150375939849,0.41509433962264153,11.0,0.0,0.0,24.0,-10.0,-10.0,33.0,-9.0,-9.0,-0.0002691465886346682,-0.00023146393869541966,-8.714502650270539e-05,-0.00015559510116602837,0.0002314721571865519,7.534460660885145e-05,0.04887218045112782,-0.2634322262556544,13,-0.3968780040740967
94,1,test,2.2649481998581624,1.0395522484946893,1.4454699276893157,3.8662810035795387,1.774522309532336,2.4674263733804884,9.630625720411048,6.225111486534742,7.361310156873298,16.439539446306757,10.626304957906438,12.565803325108558,2.2853658907126784,1.004659300559708,1.4226444732424373,3.8089431511877976,1.6744321675995133,2.3710741220707288,9.829282009144501,6.230100035303325,7.459681409780541,16.382136681907504,10.383500058838877,12.432802349634237,2.2649481998581624,1.0395522484946893,1.4454699276893157,3.8662810035795387,1.774522309532336,2.4674263733804884,9.630625720411048,6.225111486534742,7.361310156873298,16.439539446306757,10.626304957906438,12.565803325108558,0.542713567839196,-0.0022864321608039306,-0.0022864321608039306,0.39698492462311563,-0.0030150753768843908,-0.0030150753768843908,0.2864321608040201,-0.003567839195979916,-0.003567839195979916,0.3820224719101124,0.1109944345269348,0.17405235983041123,0.36466165413533835,0.37688442211055273,0.11372652737371058,0.17321163413058616,0.3484848484848485,0.3820224719101124,0.1109944345269348,0.17405235983041123,0.36466165413533835,21.0,0.0,0.0,33.0,0.0,0.0,39.0,1.0,1.0,0.0002492463714119861,0.00023651655379830163,0.00015235103739450135,-0.02815054008092499,-0.02944804497291198,-0.02854032900892456,0.03745318352059925,0.3229376377444797,10,-0.24622702598571777
44,1,test,2.1213048643720467,0.981175052518477,1.2997091687730928,3.6012850023060325,1.6657157868336934,2.206483007451995,8.342015587853183,5.214841304723949,6.06788983156067,14.16202646309959,8.853102680112752,10.301301341951836,2.3275684208891994,1.0309900476123943,1.4326843349095726,3.397910103487882,1.5050949600180936,2.091509977970179,10.25298026505736,6.596217106248998,7.805928139684969,14.96785440154359,9.629514023721164,11.395515532386815,2.121442040561128,0.9599816297219803,1.3314426322857766,3.5357367342685464,1.599969382869967,2.2190710538096274,8.343159992251504,5.148564699601579,6.1397648697991585,13.905266653752507,8.580941166002631,10.232941449665264,0.5477386934673367,-0.002261306532663321,-0.002261306532663321,0.3668341708542714,-0.0031658291457286047,-0.0031658291457286047,0.2864321608040201,-0.003567839195979916,-0.003567839195979916,0.3489010989010989,0.09924403442921959,0.13873492099298546,0.33884297520661155,0.3467336683417085,0.10362589891814955,0.1363830840345298,0.3484848484848485,0.33444816053511706,0.0923780436736813,0.13200099702010037,0.3221476510067114,19.0,-8.0,-8.0,26.0,-10.0,-10.0,34.0,-11.0,-11.0,0.00035246466624920303,0.00025189545279064994,0.00014933943494910696,-0.028756955069203727,-0.02557018916107534,-0.026879305445582702,0.03296703296703297,-0.559907822402794,12,-0.5100147724151611
103,1,test,1.8734246408986803,0.8571132342018932,1.1915583658065505,3.1818481996215686,1.455732000946073,2.0237578593857286,6.510554575875446,3.7475701570640454,4.5329896051679786,11.057608565375759,6.364920742950046,7.698887107190059,1.8465103903168312,0.7974886431273447,1.1413803306994732,3.0024559192143596,1.2967295010200726,1.855902976747111,6.33766491276514,3.482807933030025,4.3135549899994245,10.305146199618115,5.663102330130123,7.013910552844593,1.788189784016859,0.8143041620522075,1.1348411891373529,3.0308301424014563,1.3801765458511994,1.9234596426056831,5.978620071243652,3.3304056172196805,4.056654120457088,10.13325435804009,5.644755283423188,6.875684949927268,0.49246231155778897,-0.002537688442211028,-0.002537688442211028,0.33668341708542715,-0.0033165829145728187,-0.0033165829145728187,0.2211055276381909,-0.003894472361809065,-0.003894472361809065,0.359375,0.10664489079563177,0.16914630977130973,0.3887147335423198,0.3668341708542714,0.1061825417815897,0.1665002810379108,0.3939393939393939,0.3612040133779264,0.11412554927108165,0.17544205564711435,0.37583892617449666,17.0,-7.0,-7.0,26.0,-11.0,-11.0,31.0,-14.0,-14.0,0.0002397515265685069,-0.00017689348183300745,-7.894550694082794e-05,-0.06631249643449166,-0.05995447776602347,-0.0625991948568787,0.946875,-0.5174619753719204,303,-0.6180039644241333
418,1,test,2.5277872116975115,1.174879433778514,1.6229563262696636,4.207542584631987,1.9556057671926235,2.7014369817907955,12.525758596172306,8.657100205276212,10.054244677478081,20.849327211693257,14.409882922330727,16.735452430899,2.5213203806149007,1.1445379719286286,1.5935894011818221,3.849344092541833,1.7473862166849292,2.4329609178348433,12.445017980491063,8.482885408129038,9.916253136853765,19.00002745113139,12.950970088746619,15.139317766188952,2.5277872116975115,1.174879433778514,1.6229563262696636,4.207542584631987,1.9556057671926235,2.7014369817907955,12.525758596172306,8.657100205276212,10.054244677478081,20.849327211693257,14.409882922330727,16.735452430899,0.6834170854271358,-0.0015829145728643024,-0.0015829145728643024,0.4974874371859297,-0.002512562814070307,-0.002512562814070307,0.3316582914572864,-0.0033417085427135396,-0.0033417085427135396,0.3891050583657587,0.0803671942880888,0.15236508423897988,0.3984375,0.40201005025125625,0.08872684223120608,0.1582704843080175,0.41414141414141414,0.3891050583657587,0.0803671942880888,0.15236508423897988,0.3984375,14.0,-3.0,-3.0,24.0,-10.0,-10.0,29.0,-8.0,-8.0,0.00013457581230059057,0.00020874520250727818,2.399665036920525e-05,-0.0057678604325035465,-0.006178993996678095,-0.005477381695361494,0.953307392996109,-0.6872596456027381,245,-0.5506918430328369
175,1,test,1.4551221026428973,0.6453974535209547,0.8977873215721943,2.8609180323148493,1.2689170272615382,1.765141174616518,4.285006644296817,2.037717535850027,2.538993857151344,8.424758826075099,4.0063599009932735,4.991920125924677,1.643703449156365,0.6640749948885577,0.9770392868660165,2.6945958182891228,1.088647532604193,1.6017037489606827,5.174296817054369,2.510830358583959,3.226567653852592,8.482453798449786,4.116115341940916,5.289455170250151,1.367410947374574,0.5821939147234366,0.8305411805464179,2.7531764041098805,1.1722025128659799,1.6722305648585596,3.9251750437534025,1.732292227491072,2.2145312849105405,7.903037000845777,3.4878366996464534,4.458787821967531,0.42713567839195976,-0.002864321608040288,-0.002864321608040288,0.29145728643216084,-0.0035427135678391952,-0.0035427135678391952,0.19095477386934678,-0.004045226130653168,-0.004045226130653168,0.32564841498559083,0.09831028548918797,0.1457852673805078,0.3063583815028902,0.3266331658291457,0.09104419339806802,0.1363159705036031,0.3282828282828283,0.3010033444816054,0.0823055147654117,0.12747720432587684,0.27181208053691275,15.0,0.0,0.0,23.0,-3.0,-3.0,27.0,-2.0,-2.0,0.00011493573553910245,-0.00013966578814967535,0.0003258788262699982,-0.06140387802679381,-0.06085448428599527,-0.06706082753116505,0.9510086455331412,-0.3938594652228024,330,-0.6224685907363892
21,1,test,2.244738057612807,0.998697981282598,1.386974778471757,3.9350528600320893,1.7507295936941931,2.43138349720049,9.437943035316582,5.961394239608355,7.0800621654801486,16.544827851067023,10.45039592606043,12.411434278040502,2.2249166890528818,0.9834907064692859,1.3597567804251391,3.617750713907125,1.5991718804378636,2.210986634837625,9.252711919602353,5.79216729518499,6.877326019294167,15.045060031873746,9.418158203552832,11.182643933811654,2.244738057612807,0.998697981282598,1.386974778471757,3.9350528600320893,1.7507295936941931,2.43138349720049,9.437943035316582,5.961394239608355,7.0800621654801486,16.544827851067023,10.45039592606043,12.411434278040502,0.5477386934673367,-0.002261306532663321,-0.002261306532663321,0.40201005025125625,-0.002989949748743781,-0.002989949748743781,0.29145728643216084,-0.0035427135678391952,-0.0035427135678391952,0.34827586206896555,0.07805210991750255,0.13611989876621322,0.3771626297577855,0.3668341708542714,0.0911449477966273,0.1564835865470927,0.40909090909090906,0.34827586206896555,0.07805210991750255,0.13611989876621322,0.3771626297577855,18.0,-3.0,-3.0,28.0,-4.0,-4.0,35.0,-6.0,-6.0,-0.000277236459099431,-0.00034519671239210763,-1.0829681563567094e-05,-0.00498164656115474,-0.004094229785995829,-0.00481311412208818,0.9586206896551724,0.21979079591806788,278,-0.5198373794555664
347,1,test,2.204474021063235,1.0137914648290522,1.3871119684847746,3.437484914200299,1.58082736888598,2.1629542559423607,9.065482061020584,5.776156469995213,6.800963789682949,14.136005925659216,9.00688805490779,10.604892688997142,2.1784734409853748,0.9308474046394168,1.317833050834409,3.134494159691187,1.3393487836538374,1.8961626630710924,8.83281215255074,5.350745314919406,6.468137629342531,12.709082233885958,7.698914122186195,9.306672847974864,2.204474021063235,1.0137914648290522,1.3871119684847746,3.437484914200299,1.58082736888598,2.1629542559423607,9.065482061020584,5.776156469995213,6.800963789682949,14.136005925659216,9.00688805490779,10.604892688997142,0.5829145728643217,-0.002085427135678275,-0.002085427135678275,0.4321608040201005,-0.002839195979899567,-0.002839195979899567,0.27135678391959794,-0.0036432160804020786,-0.0036432160804020786,0.3854545454545455,0.10051806632568883,0.17263713312080908,0.3941605839416058,0.4170854271356784,0.12385234442891147,0.19838759741948475,0.41414141414141414,0.3854545454545455,0.10051806632568883,0.17263713312080908,0.3941605839416058,21.0,-12.0,-12.0,32.0,-21.0,-21.0,38.0,-23.0,-23.0,-0.00033967130058065444,-1.1108435993524957e-05,-8.97478680421821e-05,-0.004869799880134806,-0.005028017232264759,-0.004755692889412799,0.04363636363636364,-0.457230915685092,12,-0.5247139930725098
386,1,test,1.6725588382109586,0.7503571029326921,1.0529344981327284,2.920047474445651,1.3100157156172965,1.8382723834803432,5.325778181082476,2.8109569114390633,3.4675483328490198,9.298043675260011,4.907526983506871,6.053841288288895,1.6304813374489047,0.6635829707439554,0.9611631677482503,2.4518516352615105,0.9978691289382786,1.4453581469898498,5.106331995915645,2.4765567973523765,3.1534266793450585,7.678694730700218,3.724145559928386,4.741995006533923,1.6581525711464358,0.7341725807818974,1.0330948437153764,2.8104280866888742,1.2443603064099955,1.7510082096870785,5.249603611315186,2.73030636942725,3.3812498017302692,8.897633239517264,4.627637914283474,5.730931867339439,0.4522613065326633,-0.0027386934673366836,-0.0027386934673366836,0.27638190954773867,-0.0036180904522613577,-0.0036180904522613577,0.19095477386934678,-0.004045226130653168,-0.004045226130653168,0.33650793650793653,0.07936507936507942,0.13650793650793658,0.32165605095541405,0.3266331658291457,0.07537688442211055,0.13400335008375208,0.303030303030303,0.3210702341137124,0.07023411371237454,0.12374581939799334,0.30536912751677847,13.0,-3.0,-3.0,19.0,-7.0,-7.0,28.0,-15.0,-15.0,0.00012171380652991046,-9.949189406508546e-06,1.1239340394584415e-05,-0.026381904933171718,-0.024745560781780362,-0.024140361164193713,0.9523809523809523,0.13765905335323014,300,-0.6943316459655762
238,1,test,1.830501230924272,0.8028929812792216,1.1279212351121115,3.050835384873787,1.3381549687987027,1.8798687251868524,6.2370120585045035,3.442637668687117,4.218057169564464,10.395020097507507,5.737729447811863,7.030095282607441,1.7143243913576143,0.6781887254374221,0.9802900031972067,2.57793141557536,1.01983266983071,1.4741203055597094,5.552922642240827,2.734617570342379,3.4694534438936895,8.350259612392222,4.112206872695308,5.217223223900286,1.889442510584608,0.826360158683394,1.1680779419588145,3.1666634255607953,1.3849611598045706,1.957672528422594,6.615679481507214,3.7203979554827575,4.558440942163834,11.087730974593095,6.235303836004621,7.639845154464525,0.4623115577889447,-0.002688442211055242,-0.002688442211055242,0.35678391959798994,-0.0032160804020100464,-0.0032160804020100464,0.21105527638190957,-0.0039447236180903955,-0.0039447236180903955,0.39811912225705326,0.14146810504265572,0.20312433602139113,0.4056603773584906,0.37688442211055273,0.12375159003035219,0.18322832862140415,0.38383838383838387,0.40802675585284276,0.14759269909157402,0.2122536746515079,0.42281879194630867,17.0,-3.0,-3.0,25.0,-5.0,-5.0,29.0,-3.0,-3.0,-0.0007435760914921929,9.471653297360051e-05,-2.793237425669016e-05,-0.06830094050582591,-0.07494762041552594,-0.07331813243654572,0.9655172413793104,0.3604336220934593,308,-0.7241452932357788
203,1,test,2.111586931914453,0.9866187406165152,1.3291211738849764,3.955035840728658,1.847952561789663,2.4894650558480507,8.261341073446664,5.181222200670411,6.07448318810474,15.473622962963592,9.704511423477912,11.377603431688243,1.7862300453267481,0.7837053538670706,1.1121217109582404,2.9524463559119805,1.2953807501935053,1.8382177040632073,5.966915011352112,3.2417616894252697,4.0046325155485745,9.862669440251425,5.358283784173999,6.619227298427395,1.9922029059361255,0.8748908986171413,1.2368475596725452,3.71217932783129,1.6302314881064746,2.3046848937997737,7.331666958493049,4.275039998528259,5.203299261988882,13.661491227005682,7.965913040735886,9.695588686935805,0.40703517587939697,-0.00296482412060306,-0.00296482412060306,0.31658291457286436,-0.003417085427135591,-0.003417085427135591,0.2361809045226131,-0.0038190954773869024,-0.0038190954773869024,0.3626062322946175,0.11791033413337282,0.17590046494368894,0.3835227272727273,0.3316582914572864,0.10860064734701069,0.17139117960419792,0.33333333333333337,0.34448160535117056,0.1140976320623559,0.17318015930000263,0.35906040268456374,15.0,-1.0,-1.0,26.0,-4.0,-4.0,29.0,-3.0,-3.0,-0.0004490350888956154,-0.00018386083026385421,-0.00022101965016372088,-0.10597270867672215,-0.10799728640191297,-0.1100591907393822,0.028328611898016998,0.3928103375325181,10,-0.3408651351928711
171,1,test,2.601881940546131,1.2400394833042838,1.6842952896370895,4.0711799775604165,1.9402970738761147,2.635426747314505,13.489099846737831,9.585721358211023,10.985857948985817,21.10647387783684,14.998834595789011,17.189636555471925,2.4740067662090235,1.1713641496245215,1.5921418289259415,3.80616425570619,1.8020986917300332,2.4494489675783715,11.869911658891729,8.190905623627579,9.454511580574934,18.26140255214112,12.601393267119352,14.545402431653743,2.601881940546131,1.2400394833042838,1.6842952896370895,4.0711799775604165,1.9402970738761147,2.635426747314505,13.489099846737831,9.585721358211023,10.985857948985817,21.10647387783684,14.998834595789011,17.189636555471925,0.5628140703517588,-0.0021859296482411583,-0.0021859296482411583,0.42211055276381915,-0.0028894472361808976,-0.0028894472361808976,0.31658291457286436,-0.003417085427135591,-0.003417085427135591,0.4,0.12128060263653484,0.1867001254705144,0.38257575757575757,0.37688442211055273,0.11122026170955024,0.16987273596698016,0.33838383838383834,0.4,0.12128060263653484,0.1867001254705144,0.38257575757575757,17.0,-3.0,-3.0,29.0,-12.0,-12.0,38.0,-12.0,-12.0,-0.000256823527600741,-6.541327850718531e-05,0.00023027030601360972,-0.0001486651793047855,0.00023534568223659846,7.884916357880911e-05,0.04150943396226415,0.37446747468654673,11,-0.43944334983825684
124,1,test,1.9884774634013767,0.9100722135272687,1.2628358168880855,3.3778623577010567,1.5459560037482452,2.145201868431684,7.304404069250487,4.364416803763765,5.238347716646425,12.408122297124224,7.41391316023973,8.898475287892964,2.2014436572205143,1.0505827549185107,1.425207316156,3.494355011461134,1.6675916744738266,2.2622338351682543,9.038051934588845,5.877138958665311,6.864774555622773,14.346114181887055,9.328791997881446,10.896467548607577,1.9884774634013767,0.9100722135272687,1.2628358168880855,3.3778623577010567,1.5459560037482452,2.145201868431684,7.304404069250487,4.364416803763765,5.238347716646425,12.408122297124224,7.41391316023973,8.898475287892964,0.5577889447236181,-0.00221105527638199,-0.00221105527638199,0.4120603015075377,-0.0029396984924623393,-0.0029396984924623393,0.29145728643216084,-0.0035427135678391952,-0.0035427135678391952,0.3787878787878788,0.11791831357048743,0.17727654377528435,0.3460076045627376,0.3668341708542714,0.0911449477966273,0.16316138287430482,0.36868686868686873,0.3787878787878788,0.11791831357048743,0.17727654377528435,0.3460076045627376,18.0,-6.0,-6.0,27.0,-6.0,-6.0,31.0,-4.0,-4.0,0.00019455929799489508,-1.8102146556542177e-06,-0.00011342244451338567,-0.015157842437186098,-0.015916135403414522,-0.014499316319501077,0.03787878787878788,0.7207183371536924,10,-0.7653679847717285
264,1,test,1.7971414910666998,0.7816009966260271,1.0981600626141144,3.460167945486631,1.5048735606680224,2.1143678817495637,6.032379185615571,3.2715239645383205,4.020676585088905,11.614580820065799,6.298904349633482,7.741302678753263,1.8250583395319562,0.8218245471550203,1.1544995083110248,3.3487308982237725,1.5079349489082938,2.1183477216716047,6.203156897818914,3.476070481873453,4.2478271831515775,11.381939262053052,6.378110975914592,7.794178317709315,1.7971414910666998,0.7816009966260271,1.0981600626141144,3.460167945486631,1.5048735606680224,2.1143678817495637,6.032379185615571,3.2715239645383205,4.020676585088905,11.614580820065799,6.298904349633482,7.741302678753263,0.5527638190954773,-0.0022361809045226,-0.0022361809045226,0.3517587939698492,-0.0032412060301507672,-0.0032412060301507672,0.20603015075376885,-0.003969849246231116,-0.003969849246231116,0.3891050583657587,0.1094934078803218,0.17435732227261513,0.37109375,0.38190954773869346,0.08617019936776615,0.1531950235316818,0.3737373737373737,0.3891050583657587,0.1094934078803218,0.17435732227261513,0.37109375,13.0,-1.0,-1.0,21.0,-4.0,-4.0,32.0,-6.0,-6.0,2.6536004939291477e-05,1.170463290962821e-05,-6.076441632786433e-05,-0.01611012624903818,-0.015877659066773298,-0.01587007482605607,0.9571984435797666,0.4313052892639228,246,-0.3361552953720093
58,1,test,2.0530463770561314,0.9543191788329506,1.2976162886602767,3.7005527290147553,1.7201308655507503,2.338913310424696,7.791601143306954,4.791256394834673,5.663074362117795,14.044120579294015,8.636091773405706,10.20751675147158,2.2483987891151913,0.9867258200346927,1.3816317437895553,3.597438062584306,1.5787613120555082,2.2106107900632885,9.472556126666595,5.941231781884908,7.093349587184008,15.156089802666552,9.505970851015853,11.349359339494413,2.0530463770561314,0.9543191788329506,1.2976162886602767,3.7005527290147553,1.7201308655507503,2.338913310424696,7.791601143306954,4.791256394834673,5.663074362117795,14.044120579294015,8.636091773405706,10.20751675147158,0.5628140703517588,-0.0021859296482411583,-0.0021859296482411583,0.4321608040201005,-0.002839195979899567,-0.002839195979899567,0.29145728643216084,-0.0035427135678391952,-0.0035427135678391952,0.36769759450171824,0.10526191697170106,0.1688404516445754,0.3310344827586207,0.38190954773869346,0.10622032468104936,0.17990620884052988,0.36363636363636365,0.36769759450171824,0.10526191697170106,0.1688404516445754,0.3310344827586207,18.0,-8.0,-8.0,28.0,-13.0,-13.0,32.0,-11.0,-11.0,0.000681458425756481,0.0002982331674730339,8.198334448903531e-05,-0.037205963188151614,-0.0328403139629323,-0.03313040153366398,0.9621993127147767,-0.4092501814386381,280,-0.5975029468536377
53,1,test,2.0235061433203745,0.9443648259899873,1.2962031081794527,3.2633422773779452,1.5229929852670896,2.0904084808211985,7.564801769942831,4.622649678877021,5.495310041853824,12.199882623202601,7.45502462662826,8.86237862241166,2.16582161661955,0.9914056748194,1.376524994276079,3.232569577044104,1.4797099624170147,2.0545149168299686,8.721764920837497,5.485512688741577,6.519917769469721,13.017559583339548,8.187332371256083,9.731220551447345,2.0235061433203745,0.9443648259899873,1.2962031081794527,3.2633422773779452,1.5229929852670896,2.0904084808211985,7.564801769942831,4.622649678877021,5.495310041853824,12.199882623202601,7.45502462662826,8.86237862241166,0.542713567839196,-0.0022864321608039306,-0.0022864321608039306,0.36180904522613067,-0.0031909547738693256,-0.0031909547738693256,0.29648241206030146,-0.0035175879396985854,-0.0035175879396985854,0.3381294964028777,0.06703434379964612,0.1371725586038346,0.3068592057761733,0.3467336683417085,0.07856324227654554,0.1380525331163328,0.31818181818181823,0.3381294964028777,0.06703434379964612,0.1371725586038346,0.3068592057761733,15.0,0.0,0.0,25.0,0.0,0.0,29.0,0.0,0.0,0.0005100718834216429,0.00043263746630160506,0.00011774481202134386,-0.0049142832050534935,-0.005059503311843017,-0.005550977391704848,0.050359712230215826,0.25814751348681425,14,-0.3636362552642822
249,1,test,2.4979782086215585,1.1672777960082261,1.6044698451256036,4.137755314894606,1.9335276375596382,2.657710786404374,12.157888381501316,8.374195775787726,9.714200406157513,20.138833515370276,13.8713672359674,16.091006807745572,2.509972914426454,1.1288712652262667,1.5811804333060255,3.8614967914253135,1.7367250234250253,2.4325852820092697,12.30459677893586,8.325313791324538,9.773146221957694,18.93014889067055,12.808175063576211,15.035609572242603,2.4979782086215585,1.1672777960082261,1.6044698451256036,4.137755314894606,1.9335276375596382,2.657710786404374,12.157888381501316,8.374195775787726,9.714200406157513,20.138833515370276,13.8713672359674,16.091006807745572,0.6633165829145728,-0.0016834170854271857,-0.0016834170854271857,0.457286432160804,-0.0027135678391959628,-0.0027135678391959628,0.3417085427135679,-0.003291457286432098,-0.003291457286432098,0.39033457249070636,0.0985130111524164,0.1598513011152417,0.3768656716417911,0.3919597989949749,0.09547738693467345,0.15577889447236182,0.38383838383838387,0.39033457249070636,0.0985130111524164,0.1598513011152417,0.3768656716417911,23.0,0.0,0.0,35.0,0.0,0.0,45.0,0.0,0.0,-7.136614302415862e-05,0.00010098567398229015,1.4822131849880884e-05,-0.00017638486674709242,0.00021985158203818855,6.483093570341936e-05,0.04460966542750929,0.24761929319442133,12,-0.21937251091003418
191,1,test,1.767561982540771,0.7575464711836994,1.071216878311648,3.1147891033797728,1.334944696171275,1.8876931575125993,5.856557552184292,3.110913948839355,3.850151467220003,10.320397149885732,5.482037385454716,6.784718134308418,1.752001066476349,0.6957647584895876,1.0142497773459431,2.7375016663692953,1.0871324351399807,1.5847652771030363,5.766129547677244,2.890601552204675,3.674901890867066,9.009577418245694,4.516564925319805,5.742034204479791,1.767561982540771,0.7575464711836994,1.071216878311648,3.1147891033797728,1.334944696171275,1.8876931575125993,5.856557552184292,3.110913948839355,3.850151467220003,10.320397149885732,5.482037385454716,6.784718134308418,0.48743718592964824,-0.002562814070351749,-0.002562814070351749,0.33668341708542715,-0.0033165829145728187,-0.0033165829145728187,0.22613065326633164,-0.003869346733668344,-0.003869346733668344,0.35763888888888884,0.09940665318698239,0.14863196048242233,0.3972125435540069,0.3517587939698492,0.10363849321796947,0.14808600598988264,0.40909090909090906,0.35763888888888884,0.09940665318698239,0.14863196048242233,0.3972125435540069,17.0,-8.0,-8.0,28.0,-16.0,-16.0,34.0,-17.0,-17.0,0.0001256866323193779,-9.322047166725533e-05,-3.351449536928092e-05,-0.016857906494132102,-0.017048639777748065,-0.014621397553052695,0.9618055555555556,-0.4832052621591768,277,-0.33904945850372314
83,1,test,1.5757391494725892,0.6743736568456379,0.9560382969499729,2.4972240322050974,1.0687442164044902,1.5151250203125302,4.8343135781730915,2.3713496030073324,2.975941546792395,7.661397542017005,3.75810375681279,4.716258240823036,1.5427112095850823,0.6137920464878462,0.8961702967469357,2.285498088274196,0.9093215503523648,1.3276596988843492,4.677254112247919,2.145482845795378,2.7683278591309493,6.929265351478398,3.1784931048820417,4.1012264579717765,1.5757391494725892,0.6743736568456379,0.9560382969499729,2.4972240322050974,1.0687442164044902,1.5151250203125302,4.8343135781730915,2.3713496030073324,2.975941546792395,7.661397542017005,3.75810375681279,4.716258240823036,0.42713567839195976,-0.002864321608040288,-0.002864321608040288,0.3065326633165829,-0.0034673366834171437,-0.0034673366834171437,0.18592964824120606,-0.004070351758793889,-0.004070351758793889,0.37777777777777777,0.12823988498665018,0.17211275314723584,0.36802973977695164,0.3668341708542714,0.12372640143071245,0.1681697301197138,0.3535353535353535,0.37777777777777777,0.12823988498665018,0.17211275314723584,0.36802973977695164,22.0,-13.0,-13.0,30.0,-20.0,-20.0,35.0,-20.0,-20.0,0.00018203159087751164,-7.938497202158262e-06,4.566515213292413e-05,-0.07422334325138813,-0.07208449917237658,-0.07412864766604699,0.037037037037037035,-0.3392849584597168,10,-0.6133580207824707
423,1,test,1.7557649868948657,0.7776564330081054,1.0822698325250264,3.0157845657252986,1.335739284931569,1.8589575946900452,5.787873696369233,3.1284523667088275,3.8267940641202336,9.941524231410682,5.3735770063469275,6.573081568959459,1.6842645398581408,0.7199926447801519,1.029774362814753,2.6112628524932417,1.116267666325817,1.5965493997127955,5.388486457657092,2.7656092264150236,3.464325171982361,8.354242570010996,4.287766242503913,5.371046778267226,1.7557649868948657,0.7776564330081054,1.0822698325250264,3.0157845657252986,1.335739284931569,1.8589575946900452,5.787873696369233,3.1284523667088275,3.8267940641202336,9.941524231410682,5.3735770063469275,6.573081568959459,0.5226130653266332,-0.002386934673366814,-0.002386934673366814,0.31155778894472363,-0.003442211055276312,-0.003442211055276312,0.19095477386934678,-0.004045226130653168,-0.004045226130653168,0.36426116838487976,0.09839495912244411,0.16083259695630836,0.403448275862069,0.371859296482412,0.09867633908892826,0.16651705942064243,0.4191919191919192,0.36426116838487976,0.09839495912244411,0.16083259695630836,0.403448275862069,18.0,-9.0,-9.0,26.0,-15.0,-15.0,34.0,-18.0,-18.0,-0.00043150551583051193,-0.00040478181801464896,-7.217466911495015e-05,-0.026389490449509445,-0.023055795771972143,-0.02447908647423347,0.9450171821305842,0.4252227711091709,275,-0.3270554542541504
218,1,test,2.06017865582697,0.9104959436254159,1.2872636662705688,3.420913940848487,1.511872894044672,2.1374933717702653,7.847371663764209,4.6901806511965525,5.681300529038661,13.030512207114642,7.78801601957946,9.433764458712343,2.004679751993428,0.8725704582084726,1.242978477304254,3.1820313523705206,1.385032473346782,1.9729817100067526,7.423716085755709,4.321523045296464,5.281798973846458,11.783676326596364,6.859560389359467,8.383807894994378,2.06017865582697,0.9104959436254159,1.2872636662705688,3.420913940848487,1.511872894044672,2.1374933717702653,7.847371663764209,4.6901806511965525,5.681300529038661,13.030512207114642,7.78801601957946,9.433764458712343,0.49246231155778897,-0.002537688442211028,-0.002537688442211028,0.37688442211055273,-0.003115577889447274,-0.003115577889447274,0.26633165829145733,-0.0036683417085426884,-0.0036683417085426884,0.3694029850746269,0.11428194224408683,0.172132513610607,0.3820224719101124,0.37688442211055273,0.12625785569451264,0.18155887953960115,0.38888888888888884,0.3694029850746269,0.11428194224408683,0.172132513610607,0.3820224719101124,21.0,-12.0,-12.0,29.0,-13.0,-13.0,39.0,-18.0,-18.0,-0.0003701791508791081,-0.00023080255076868452,-0.00010936018187311157,-0.020400883598665764,-0.021618930737113295,-0.02007970793078684,0.041044776119402986,-0.30221294390801495,11,-0.7314515113830566
66,1,test,1.709101998265225,0.7967190669206041,0.9901238834771617,3.426792448783039,1.5974417472428193,1.9852232638562188,5.523998689255378,3.033749126788572,3.471663801223338,11.07575616589395,6.0827432240635195,6.960773149186492,1.8152092929497172,0.8024974074134588,1.129302284914957,3.076625920253758,1.360165097310947,1.914071669347385,6.142361595902373,3.38930472005332,4.156789647136076,10.410782365936226,5.744584271276815,7.0454061815865705,1.838571409819174,0.8358806987583516,1.1649122968772465,3.4473213934109515,1.5672763101719092,2.184210556644837,6.2875495104429096,3.561943722090393,4.326148316016938,11.789155332080455,6.6786444789194865,8.111528092531758,0.4623115577889447,-0.002688442211055242,-0.002688442211055242,0.321608040201005,-0.0033919597989949812,-0.0033919597989949812,0.2211055276381909,-0.003894472361809065,-0.003894472361809065,0.3291457286432161,0.09577057180507309,0.13266479022679378,0.2846347607052897,0.33668341708542715,0.09608191332602867,0.15638291625070266,0.26262626262626265,0.3511705685618729,0.10075320629142215,0.16540861083106084,0.30201342281879195,14.0,-2.0,-2.0,21.0,0.0,0.0,29.0,-2.0,-2.0,0.0005661826216015491,0.0003869498351673702,0.0001999103761254049,-0.10014644422176833,-0.1041024940742119,-0.10229794677694137,0.9698492462311558,0.3515810270529553,386,-0.8039363622665405
358,1,test,1.8653532938518607,0.8407831156683434,1.041577793837642,3.4384392513398354,1.54983062796008,1.919959066981829,6.458217131399012,3.6723193678501396,4.179128819006202,11.904547707647948,6.769252290967999,7.703463260840924,1.9549671801050932,0.8137384856738856,1.1656824604090756,3.2313507109175097,1.345022290370059,1.9267478684447537,7.063687190425615,3.9330746211690415,4.861866246712257,11.675516017232422,6.500949787056268,8.036142556549185,1.9117896679251851,0.8426537233940539,1.1917042937471316,3.4343526968715903,1.5137492037018934,2.1407861564319735,6.7651854061766015,3.852323867814478,4.710576792498651,12.153027675766351,6.92034227751104,8.462113998500572,0.4773869346733668,-0.0026130653266331905,-0.0026130653266331905,0.35678391959798994,-0.0032160804020100464,-0.0032160804020100464,0.26633165829145733,-0.0036683417085426884,-0.0036683417085426884,0.3583959899749374,0.11684405005003129,0.15409491470612013,0.35929648241206025,0.3668341708542714,0.1162076044382313,0.1781864246105318,0.36868686868686873,0.3812709030100334,0.12918409165777966,0.18549782180869856,0.3825503355704698,19.0,-10.0,-10.0,29.0,-19.0,-19.0,37.0,-27.0,-27.0,-4.6034481914428224e-05,9.958147903126563e-05,-1.0604196311914818e-05,-0.0523737421474193,-0.059655675166177424,-0.05570625078028346,0.02506265664160401,-0.49815588452877196,10,-0.4021732807159424
469,1,test,1.8459658793845986,0.840080825820426,1.15576295677944,3.076609798974331,1.40013470970071,1.9262715946324003,6.334214924298772,3.5998886969097637,4.340094780054768,10.557024873831287,5.9998144948496055,7.233491300091281,1.9581899639946008,0.8417616063091706,1.1991796051003032,2.9226715880516427,1.2563606064315977,1.7898203061198552,7.086488650056519,4.032561484373025,4.9503275088455245,10.57684873142764,6.018748484138844,7.388548520664962,1.8458353611772274,0.8247358561363998,1.1386473675705977,2.993246531638747,1.337409496437405,1.8464551906550233,6.333388247871085,3.557142665396794,4.305108551409394,10.270359320872029,5.768339457400206,6.981257110393612,0.48743718592964824,-0.002562814070351749,-0.002562814070351749,0.3668341708542714,-0.0031658291457286047,-0.0031658291457286047,0.2814070351758794,-0.003592964824120637,-0.003592964824120637,0.36363636363636365,0.1081504702194358,0.16614420062695923,0.34905660377358494,0.3668341708542714,0.12060301507537696,0.16080402010050254,0.3484848484848485,0.36454849498327757,0.10869565217391297,0.1683389074693422,0.3489932885906041,21.0,-12.0,-12.0,33.0,-23.0,-23.0,41.0,-26.0,-26.0,0.0007427426922527926,-4.611570855847899e-05,8.202719706577144e-05,-0.03363030101624531,-0.031934692559849154,-0.032337222877393934,0.9655172413793104,-0.29077980300099715,308,-0.5865488052368164
333,1,test,1.7353255169781807,0.8200560463614366,1.035817525943103,3.349782589987732,1.5829937611355094,1.9994885575419101,5.670773436429279,3.1733252862983106,3.6580112696465834,10.946567628530149,6.125622940715146,7.0612356846909154,2.0014649280179673,0.8959022617945767,1.252666893660726,3.2023438848287475,1.4334436188713227,2.0042670298571617,7.3998884666185685,4.378964704159829,5.285431482666474,11.83982154658971,7.006343526655726,8.456690372266358,1.8501514716482312,0.8507318513997866,1.1809711285904325,3.4051867576347816,1.565764143680589,2.1735664943382194,6.360782927909827,3.6440782774576785,4.408146755174816,11.706962444005816,6.706892535198182,8.113153537131563,0.5276381909547738,-0.002361809045226204,-0.002361809045226204,0.3668341708542714,-0.0031658291457286047,-0.0031658291457286047,0.2613065326633166,-0.003693467336683409,-0.003693467336683409,0.37209302325581395,0.13436692506459946,0.18049967037213843,0.3393782383419689,0.3668341708542714,0.10301507537688448,0.1624790619765495,0.35858585858585856,0.3612040133779264,0.11538461538461542,0.17837235228539572,0.34563758389261745,20.0,-11.0,-11.0,32.0,-20.0,-20.0,39.0,-22.0,-22.0,0.00028822074478987886,0.00040313349265777164,0.00015883453937164292,-0.09192346205837953,-0.1038195226140699,-0.09870171603237043,0.9715762273901809,-0.171534535085765,376,-0.2979850769042969
486,1,test,2.4379541055370555,1.11806149446501,1.5502491279171537,4.530371408714529,2.0776575802656883,2.8807779069956565,11.449592107161964,7.706572710325178,9.020044724754023,21.27640738023798,14.320875272730252,16.761657913716135,2.549986687415363,1.0700486087471897,1.5206150159582137,4.513250774186483,1.8938913429153796,2.6913540105455107,12.806933288144833,8.414259615851627,10.007626890250034,22.6671385630882,14.892494895312613,17.712613965044305,2.4379541055370555,1.11806149446501,1.5502491279171537,4.530371408714529,2.0776575802656883,2.8807779069956565,11.449592107161964,7.706572710325178,9.020044724754023,21.27640738023798,14.320875272730252,16.761657913716135,0.6331658291457287,0.0031658291457287158,-0.0018341708542712887,0.457286432160804,-0.0027135678391959628,-0.0027135678391959628,0.3266331658291457,-0.0033668341708542604,-0.0033668341708542604,0.39574468085106385,0.10062790802728461,0.17085076288783896,0.3803418803418803,0.40703517587939697,0.11630835883679047,0.1866678970814003,0.398989898989899,0.39574468085106385,0.10062790802728461,0.17085076288783896,0.3803418803418803,19.0,-5.0,-5.0,29.0,-2.0,-2.0,38.0,-6.0,-6.0,0.0001096302858632309,0.00012487013032949244,0.00012984768012719335,5.923247650940766e-05,-2.987576684176929e-05,-5.7128588733412755e-05,0.059574468085106386,0.2979158591830928,14,-0.3695201873779297
155,1,test,1.8436146712145052,0.8498838836158128,1.1629382728882933,3.2764758146454676,1.5104153993793976,2.0667763088118374,6.319339361043462,3.618045711841074,4.344126049577929,11.230743009522836,6.4299983376242915,7.720389818679944,1.7065865267426987,0.7159811631048885,1.0316447409935021,2.566295528936389,1.076663403165246,1.5513454751781988,5.510120690035862,2.817256548974896,3.546202045446374,8.285895774490017,4.236476013496084,5.332634654806577,1.7006429017860925,0.7549147875994008,1.060692436126081,2.9490917372013166,1.3091007877446257,1.8393510453053432,5.47746773377816,2.902780371114769,3.5810807930752535,9.498498960308948,5.033723186904225,6.209966693194081,0.4623115577889447,-0.002688442211055242,-0.002688442211055242,0.3065326633165829,-0.0034673366834171437,-0.0034673366834171437,0.2211055276381909,-0.003894472361809065,-0.003894472361809065,0.3450292397660819,0.09539420326973158,0.1475707842431102,0.36656891495601174,0.3467336683417085,0.09861336758982875,0.1363830840345298,0.36363636363636365,0.3377926421404682,0.10573921976985057,0.14980599030509556,0.3489932885906041,18.0,-7.0,-7.0,26.0,-10.0,-10.0,33.0,-12.0,-12.0,0.00021600046997945503,-0.00022960428916716022,-0.00014352434157142614,-0.020854481057146934,-0.021032473203561608,-0.02246963359717835,0.9590643274853801,0.290696819996484,328,-0.5549167394638062
247,1,test,1.897185980838703,0.8572915706136621,1.190553459206385,3.2378640739647198,1.4631109471806498,2.03187790371223,6.667106654204017,3.8381883604691143,4.639953297415754,11.378528689841522,6.550508135200622,7.918853627589552,1.8464865129560883,0.7993123750094238,1.1274257259968885,2.930930972946172,1.26874980160226,1.7895646444395055,6.337513587860378,3.4879263985121365,4.285009021833517,10.059545377556155,5.536391108749423,6.801601621957964,1.897185980838703,0.8572915706136621,1.190553459206385,3.2378640739647198,1.4631109471806498,2.03187790371223,6.667106654204017,3.8381883604691143,4.639953297415754,11.378528689841522,6.550508135200622,7.918853627589552,0.4974874371859297,-0.002512562814070307,-0.002512562814070307,0.35678391959798994,-0.0032160804020100464,-0.0032160804020100464,0.22613065326633164,-0.003869346733668344,-0.003869346733668344,0.3686274509803922,0.10835347837765241,0.16654140143671547,0.3976377952755905,0.37688442211055273,0.11873905870203139,0.17655053229419215,0.398989898989899,0.3686274509803922,0.10835347837765241,0.16654140143671547,0.3976377952755905,15.0,-5.0,-5.0,22.0,-4.0,-4.0,30.0,-7.0,-7.0,-0.00023098946324192252,-7.3862044949913e-05,-0.00011785801798911711,-0.040888846504862464,-0.03947056170387597,-0.03347023675538452,0.9529411764705882,-0.22309560408779366,243,-0.3205331563949585
64,1,test,1.6751472735881858,0.7296390342098806,1.0307839546139337,2.744211111506274,1.195288066092568,1.6886209507745846,5.339581470492137,2.765460154487286,3.4348075607709934,8.747254067238375,4.53035181086862,5.626870677443939,1.8020099301490364,0.7418210342751643,1.0792322523874582,2.6500146031603475,1.090913285698771,1.587106253510968,6.061819061174771,3.174902796837992,4.00167136426249,8.91443979584525,4.668974701232341,5.884810829797779,1.7215710318743227,0.7332773291912279,1.035199310704248,2.7471878168207273,1.170123397645576,1.6519137936769914,5.5933088318091935,2.9066624901485456,3.6068139472436083,8.925492816716798,4.638291207683849,5.755554171133417,0.44723618090452266,-0.0027638190954772934,-0.0027638190954772934,0.29648241206030146,-0.0035175879396985854,-0.0035175879396985854,0.22613065326633164,-0.003869346733668344,-0.003869346733668344,0.3384615384615385,0.10461538461538467,0.15897435897435896,0.2962962962962963,0.3316582914572864,0.0879396984924623,0.1423785594639866,0.2828282828282829,0.34448160535117056,0.1070234113712375,0.16164994425863988,0.30201342281879195,15.0,-5.0,-5.0,24.0,-9.0,-9.0,29.0,-10.0,-10.0,0.0004973505312236927,3.769715944756036e-06,0.00037311948440862686,-0.06231546033062063,-0.06502327315685363,-0.07366752984076896,0.03076923076923077,0.23654585820876506,10,-0.412982702255249
31,1,test,0.992599426470701,0.4474448368217654,0.4474448368217654,2.1982030217119384,0.9909078789700896,0.9909078789700896,2.6982392387188336,0.9733642291296427,0.9733642291296427,5.975499773300077,2.1556049022785215,2.1556049022785215,0.910237285125033,0.3170185197105059,0.5089207418020127,1.9366750747341128,0.6745074887457572,1.0828100889404526,2.4849120961122395,0.6751077100934881,0.9911220531789375,5.2870470130047655,1.4363993831776347,2.1087703259126336,0.7416453549169894,0.26812682809439337,0.4250647697013789,1.672884259211254,0.6047973566038947,0.9587927136121328,2.099386910906226,0.4937531795891339,0.726960075813728,4.73545919753284,1.1137289765168434,1.6397595695046498,0.22613065326633164,-0.003869346733668344,-0.003869346733668344,0.1758793969849246,-0.004120603015075441,-0.004120603015075441,0.12060301507537685,-0.0043969849246231485,-0.0043969849246231485,0.2368932038834951,0.07853543262249807,0.07853543262249807,0.23929961089494167,0.23115577889447236,0.08328610470900866,0.12264158857727703,0.20707070707070707,0.21070234113712372,0.08382421092009529,0.11504049464101695,0.18456375838926176,12.0,-3.0,-3.0,16.0,-5.0,-5.0,18.0,-6.0,-6.0,-0.0011438620739757594,3.767402243966839e-05,-0.00010979129161696886,-0.2751383461241428,-0.28282664473037933,-0.28138827676166844,0.019417475728155338,0.8865294289415291,10,-1.7163267135620117
439,1,test,1.6862328607967392,0.7538673929415657,0.9966948220162988,3.4935763690540176,1.5618799577518627,2.0649754599785197,5.399103173503418,2.858591599458201,3.4063084468146925,11.185987237921445,5.922496407717266,7.057268881522152,1.5155119447965764,0.632629343543879,0.9152695637364061,2.8866894186601453,1.2050082734169123,1.7433705975931544,4.551750775593865,2.133891380478359,2.729190274588992,8.670001477321646,4.064555010434968,5.198457665883794,1.5589120991792067,0.6438712150024317,0.9453533086573773,3.3889393460417536,1.399720032613982,2.055115888385603,4.753646934677887,2.2567696020855044,2.9066541577179335,10.334015075386711,4.906020874098923,6.318813386343334,0.36180904522613067,-0.0031909547738693256,-0.0031909547738693256,0.26633165829145733,-0.0036683417085426884,-0.0036683417085426884,0.18090452261306533,-0.0040954773869347205,-0.0040954773869347205,0.34491978609625673,0.11795049370640365,0.15723650163877867,0.34048257372654156,0.3316582914572864,0.1186257100036523,0.17473007776780392,0.303030303030303,0.3377926421404682,0.11408646517886556,0.16760354314158055,0.325503355704698,14.0,-2.0,-2.0,18.0,0.0,0.0,25.0,-6.0,-6.0,-0.00011819026451383379,-0.00018389928268277832,6.179766838956154e-05,-0.10666434181163886,-0.10528056751172876,-0.10828646723651225,0.026737967914438502,-0.6495269264583858,10,-0.701629638671875
289,1,test,1.637852603315788,0.697955181933363,0.9938970761592439,3.0774937450838054,1.3114444501295675,1.8675136144393436,5.144111195862958,2.584392363420518,3.2401138790019144,9.665686641908106,4.856023867573585,6.08811206564054,1.6825246268381993,0.6661444808673973,0.972454768274823,2.8761104732276914,1.1387085143032436,1.662315843204826,5.3791191114585875,2.6159447605763018,3.344985756141311,9.195075404202715,4.471700445429577,5.717924369472328,1.637852603315788,0.697955181933363,0.9938970761592439,3.0774937450838054,1.3114444501295675,1.8675136144393436,5.144111195862958,2.584392363420518,3.2401138790019144,9.665686641908106,4.856023867573585,6.08811206564054,0.5175879396984925,-0.002412060301507535,-0.002412060301507535,0.33668341708542715,-0.0033165829145728187,-0.0033165829145728187,0.18090452261306533,-0.0040954773869347205,-0.0040954773869347205,0.37755102040816324,0.09693877551020402,0.1655328798185941,0.33788395904436863,0.37688442211055273,0.0879396984924623,0.1507537688442211,0.3282828282828283,0.37755102040816324,0.09693877551020402,0.1655328798185941,0.33788395904436863,15.0,-4.0,-4.0,23.0,-10.0,-10.0,29.0,-13.0,-13.0,0.0005174379816112887,0.00035995663402460634,-2.847023452068265e-05,-0.04051789408155759,-0.04011597393288113,-0.035521690016134144,0.9625850340136054,-0.22959348144317812,283,-0.46229755878448486
429,1,test,1.69238476430867,0.753068772763909,1.0564782422931758,3.032189369386367,1.3492482178686702,1.8928568507752732,5.432420312112374,2.8741893439888755,3.5436867679437616,9.73308639253467,5.149589241313402,6.3491054592325735,1.7688699522125728,0.7356417339232613,1.0687901908511497,2.92375198712822,1.2159367502863825,1.76659535677876,5.864222763683002,3.054099865803879,3.8503094301492164,9.69293018790579,5.04809895174195,6.3641478184284574,1.6569417043060701,0.7239691264833892,1.0270545748508888,2.873309313825555,1.2554377915896924,1.7810194939610786,5.243250887304802,2.701196475071581,3.365852223009793,9.092342579141276,4.68415573711835,5.836737958976521,0.4371859296482412,-0.002814070351758735,-0.002814070351758735,0.321608040201005,-0.0033919597989949812,-0.0033919597989949812,0.21105527638190957,-0.0039447236180903955,-0.0039447236180903955,0.3411078717201166,0.11112242776087344,0.1622222412215829,0.3391812865497076,0.3316582914572864,0.09857558469036909,0.14801889245895583,0.33838383838383834,0.32441471571906355,0.10404743692106688,0.15088857556333501,0.31543624161073824,14.0,-3.0,-3.0,20.0,-2.0,-2.0,27.0,-5.0,-5.0,0.0002750168499570312,5.564250074506182e-05,4.3249470246413375e-05,-0.06945186062218767,-0.0625837965615128,-0.06525779532244158,0.029154518950437316,-0.4025453102438348,10,-0.6999592781066895
122,1,test,1.7273975254105376,0.7819102988526694,1.0791285297972006,3.179259249221848,1.43909870954479,1.9861261284611051,5.625993335122948,3.0519261080988107,3.713765447501631,10.354588960348984,5.617041916746277,6.835151130371099,1.7474072114453465,0.7476515841597885,1.0603060662771844,2.7303237678833536,1.1682056002496692,1.6567282285581002,5.739701534153635,3.022083898445031,3.7517571239520464,8.968283647115054,4.7220060913203605,5.8621205061750725,1.7273975254105376,0.7819102988526694,1.0791285297972006,3.179259249221848,1.43909870954479,1.9861261284611051,5.625993335122948,3.0519261080988107,3.713765447501631,10.354588960348984,5.617041916746277,6.835151130371099,0.4371859296482412,-0.002814070351758735,-0.002814070351758735,0.321608040201005,-0.0033919597989949812,-0.0033919597989949812,0.20603015075376885,-0.003969849246231116,-0.003969849246231116,0.34782608695652173,0.11076431734049497,0.16428882333027028,0.34563758389261745,0.3417085427135679,0.10862583594665054,0.15473024555163128,0.3434343434343434,0.34782608695652173,0.11076431734049497,0.16428882333027028,0.34563758389261745,21.0,-12.0,-12.0,28.0,-16.0,-16.0,36.0,-19.0,-19.0,0.0001947880403446676,9.360617480435823e-05,0.00014108521189082755,-0.06704879061222524,-0.069018653929108,-0.07323995987395726,0.043478260869565216,-0.5250092772645446,13,-0.6229745149612427
43,1,test,1.6510876135302528,0.7806601364545416,0.9929690027735033,3.0126480152092294,1.4244272631990453,1.8118154789943073,5.212646089684973,2.824714668369922,3.2814904306951025,9.511226277387273,5.154100224276871,5.987553629467367,1.7269645955755386,0.8000953336038803,1.1056055375832932,2.741213643770696,1.269992593022032,1.754929424735386,5.623558201915611,3.0969715004935283,3.762102051523053,8.92628286018351,4.915827778561157,5.9715905579731,1.6339132661846307,0.7481639515609365,1.0379151183768802,2.883376352090525,1.3202893262840056,1.8316149147827296,5.123886669390652,2.6990860198782105,3.309045148106328,9.042152945983503,4.763092976255665,5.839491437834695,0.42211055276381915,-0.0028894472361808976,-0.0028894472361808976,0.3316582914572864,-0.0033417085427135396,-0.0033417085427135396,0.2160804020100503,-0.003919597989949675,-0.003919597989949675,0.3125,0.10053641092327703,0.13263685239491696,0.2898172323759791,0.3417085427135679,0.10361330461832974,0.16474694004244939,0.297979797979798,0.3210702341137124,0.10237240439751871,0.15421817627166567,0.2919463087248322,16.0,0.0,0.0,22.0,0.0,0.0,33.0,0.0,0.0,0.0003643154312733444,1.048136669862031e-05,0.00016737919967589775,-0.09495311609972212,-0.09534342077356772,-0.09553226464498099,0.9713541666666666,-0.3598376199886764,373,-0.5812176465988159
197,1,test,2.6246961336808217,1.2205953214555156,1.6763289638191046,4.9694246797690225,2.310993808622443,3.173849504830838,13.800380078177685,9.72851635361462,11.21888899847318,26.128719614683085,18.41932429617701,21.241096503775886,2.634865874351426,1.1980192755074726,1.664200241876853,4.705117632770403,2.139320134834772,2.9717861462086654,13.941442432747795,9.734035199690165,11.301741487373162,24.89543291562106,17.38220571373244,20.181681227452074,2.6246961336808217,1.2205953214555156,1.6763289638191046,4.9694246797690225,2.310993808622443,3.173849504830838,13.800380078177685,9.72851635361462,11.21888899847318,26.128719614683085,18.41932429617701,21.241096503775886,0.5829145728643217,-0.002085427135678275,-0.002085427135678275,0.44221105527638194,-0.0027889447236180143,-0.0027889447236180143,0.3668341708542714,-0.0031658291457286047,-0.0031658291457286047,0.3851590106007067,0.1082630670380964,0.17599332317414973,0.3900709219858156,0.3919597989949749,0.12378937292981196,0.17827031652419023,0.4040404040404041,0.3851590106007067,0.1082630670380964,0.17599332317414973,0.3900709219858156,24.0,-9.0,-9.0,32.0,-7.0,-7.0,39.0,-6.0,-6.0,0.0002597808878321905,0.00026964453903889423,-9.581594519397593e-05,-0.008654201915438087,-0.009235033440844198,-0.007969956028810898,0.9611307420494699,0.5739452261964816,272,-0.1847677230834961
128,1,test,1.9574642644827596,0.9004585469752704,1.2467325660889719,3.3405827268118946,1.5367106939398323,2.1276573732656106,7.0813478542646155,4.203606548813514,5.045867782866409,12.08493496087075,7.1738195593524035,8.611211485730099,2.1089439770718337,0.9249610812418467,1.3094263327006277,3.2197617970562344,1.4121543225066362,1.999124172062027,8.239535550249643,4.972173666797813,6.015067865087856,12.579443588167393,7.591104834805821,9.183309717691383,1.9574642644827596,0.9004585469752704,1.2467325660889719,3.3405827268118946,1.5367106939398323,2.1276573732656106,7.0813478542646155,4.203606548813514,5.045867782866409,12.08493496087075,7.1738195593524035,8.611211485730099,0.5276381909547738,-0.002361809045226204,-0.002361809045226204,0.3869346733668342,-0.0030653266331658324,-0.0030653266331658324,0.27135678391959794,-0.0036432160804020786,-0.0036432160804020786,0.35915492957746475,0.0920196044456546,0.15306593660322587,0.31095406360424027,0.371859296482412,0.11371393307389066,0.16651705942064243,0.3232323232323232,0.35915492957746475,0.0920196044456546,0.15306593660322587,0.31095406360424027,15.0,-2.0,-2.0,22.0,-6.0,-6.0,34.0,-11.0,-11.0,0.0002175939822545228,0.00029033697184258767,0.000138648177765776,-0.04323760997209991,-0.04477460539097855,-0.044279984318272625,0.035211267605633804,0.35430341158078976,10,-0.42987537384033203
364,1,test,2.0418625489472673,0.9264661405970311,1.2898340696502226,3.8554423284470145,1.749352215785699,2.4354630880352035,7.704946682934297,4.654169389825176,5.583648017229717,14.548470755354202,8.787996860291017,10.543037249924437,2.217635518402307,0.9820172339973587,1.388138170286296,3.9250186166412515,1.7380835999953255,2.4568817173208783,9.185586019261715,5.745080945399347,6.893419730317735,16.25767437037472,10.168284859113891,12.200742885518117,2.0575123606597616,0.9226504216139428,1.291404684434934,3.857835676237053,1.729969540526143,2.4213837833155014,7.826476123839474,4.715732082872898,5.675100040370566,14.674642732199015,8.841997655386685,10.640812575694811,0.6180904522613065,-0.0019095477386934512,-0.0019095477386934512,0.40201005025125625,-0.002989949748743781,-0.002989949748743781,0.2562814070351759,-0.00371859296482413,-0.00371859296482413,0.35973597359735976,0.0895547544869808,0.15336934352052112,0.3079470198675497,0.35678391959798994,0.06856336821954379,0.13307774263638728,0.33838383838383834,0.3612040133779264,0.08741436396223357,0.15097042049694753,0.3087248322147651,11.0,0.0,0.0,22.0,0.0,0.0,27.0,0.0,0.0,0.0010934679279923345,0.0002912180588375022,0.000122220610385589,-0.015296148050063074,-0.015212416277196716,-0.018383714070012935,0.0429042904290429,0.18254912659655204,13,-0.2192847728729248
144,1,test,1.9507003412136656,0.8770659489808337,1.2305729664444716,3.247273621900593,1.4600259509980347,2.048498710608162,7.03361178429009,4.107617374013035,4.978916874023561,11.708647161872126,6.837830119614514,8.288256832206887,1.8132224802766999,0.7503848413068339,1.0950125990620037,2.8554684728766926,1.181708411506825,1.7244292898614229,6.130169989271113,3.235596889391913,4.079411168332509,9.653811006726162,5.09542817227073,6.42426955642915,1.9507003412136656,0.8770659489808337,1.2305729664444716,3.247273621900593,1.4600259509980347,2.048498710608162,7.03361178429009,4.107617374013035,4.978916874023561,11.708647161872126,6.837830119614514,8.288256832206887,0.5276381909547738,-0.002361809045226204,-0.002361809045226204,0.35678391959798994,-0.0032160804020100464,-0.0032160804020100464,0.1959798994974874,-0.004020100502512558,-0.004020100502512558,0.3898916967509025,0.11241421927342499,0.17500574236914979,0.3840579710144928,0.371859296482412,0.10118260475308871,0.16985595758424843,0.33838383838383834,0.3898916967509025,0.11241421927342499,0.17500574236914979,0.3840579710144928,17.0,-5.0,-5.0,28.0,-11.0,-11.0,39.0,-17.0,-17.0,-0.0002466252207207892,-7.791933160310402e-05,5.016200048111204e-05,-0.024496396457068137,-0.023837075626732762,-0.022757974107269874,0.039711191335740074,0.33736568634107167,11,-0.5276176929473877
301,1,test,1.8027544978197865,0.8120603088350483,1.1303209083073293,2.9101608321947983,1.3108973556908636,1.8246608948389746,6.066334176369469,3.3732308300933576,4.107335252741619,9.792796598996429,5.445358340007849,6.630412622282899,1.5952144389564422,0.6498721793263137,0.9494906988584015,2.4169915741764276,0.9846548171610814,1.4386222709975782,4.929386011182759,2.3556919117300863,3.0220190433732146,7.46876668361024,3.569230169288009,4.5788167323836575,1.738091496129526,0.7717742953467224,1.0829142120019646,2.773550259781158,1.2315547266171099,1.7280545936201561,5.68648039006557,3.0582330832083096,3.760996545222506,9.074170835211016,4.880159175332409,6.001590231738041,0.4120603015075377,-0.0029396984924623393,-0.0029396984924623393,0.29648241206030146,-0.0035175879396985854,-0.0035175879396985854,0.19095477386934678,-0.004045226130653168,-0.004045226130653168,0.3579881656804734,0.11574296627131542,0.16999603969622146,0.3620178041543026,0.3316582914572864,0.10358811601868989,0.15135779062256194,0.31313131313131315,0.3511705685618729,0.10910045170043714,0.16207156967421998,0.3523489932885906,12.0,0.0,0.0,20.0,0.0,0.0,24.0,0.0,0.0,9.100805769583039e-05,-0.0003855276266771039,-0.00017209531643434965,-0.04800101880669505,-0.04380359559471092,-0.04365867760760622,0.9615384615384616,-0.4855950063929813,325,-0.8413974046707153
311,1,test,1.8275372007453312,0.8332671677753288,1.1599463482732568,3.733557594160707,1.702318815148371,2.369706343404874,6.2185527370441145,3.515802034925632,4.269017795780964,12.704159886108528,7.182589433314328,8.721367644141477,1.6078018586526488,0.6252743560769378,0.9381592754773987,2.820705015180086,1.0969725545209437,1.6458934657498225,4.991826419124858,2.320627239374381,3.038287450977969,8.75759020899098,4.071275858551546,5.330328861364858,1.8351976464547048,0.8428935360420667,1.1668028014536234,3.598426757754323,1.6527324236118957,2.287848630301222,6.266372549366852,3.5689300263764427,4.315269566313411,12.287004998758533,6.997902012502829,8.461312875124335,0.39698492462311563,-0.0030150753768843908,-0.0030150753768843908,0.27135678391959794,-0.0036432160804020786,-0.0036432160804020786,0.20100502512562812,-0.003994974874371837,-0.003994974874371837,0.3343373493975904,0.10576592082616187,0.164998672042881,0.3413897280966768,0.31155778894472363,0.0935126761627687,0.14461288076442314,0.29292929292929293,0.3377926421404682,0.10240032160624457,0.1642665019847397,0.3489932885906041,16.0,-7.0,-7.0,22.0,-10.0,-10.0,28.0,-16.0,-16.0,-0.0002372342469434944,-0.0001553250375841905,-0.000252115731041358,-0.08765613922388482,-0.08074051772888602,-0.08627748974449734,0.030120481927710843,0.2545098509799705,10,-0.42169106006622314
27,1,test,1.6965934326595158,0.7154360699755536,1.014992100356483,2.768126126970789,1.1672904299601141,1.6560397426868936,5.455331747045024,2.787789977695419,3.478290648515374,8.90080442938925,4.548499437292526,5.675105794946138,1.817357160773211,0.7016383986208503,1.0359894314273723,2.5778115755648385,0.9952317710934047,1.4694885552161312,6.15556875527338,3.1038078739812125,3.971110784787802,8.731303198969334,4.402564360257038,5.632781255018159,1.7363825839993343,0.741847704505661,1.0603959611384117,2.8006170709666685,1.196528555654292,1.7103160663522772,5.676770993364717,2.9733043823196184,3.7107993013276417,9.156082247362447,4.7956522295477715,5.98516016343168,0.44723618090452266,-0.0027638190954772934,-0.0027638190954772934,0.31155778894472363,-0.003442211055276312,-0.003442211055276312,0.24623115577889443,-0.0037688442211055717,-0.0037688442211055717,0.34627831715210355,0.10194174757281549,0.15210355987055013,0.3441558441558441,0.3266331658291457,0.08291457286432158,0.13232830820770514,0.3484848484848485,0.3411371237458194,0.09698996655518399,0.14381270903010035,0.3523489932885906,15.0,-5.0,-5.0,25.0,-11.0,-11.0,30.0,-10.0,-10.0,0.000485619885376569,7.871309650295266e-05,0.00020826901348880946,-0.03681735391277652,-0.04077360077241465,-0.03876471813803395,0.032362459546925564,0.2376685124684924,10,-0.7180267572402954
331,1,test,1.534805149148957,0.7013242476402707,0.9287695950184259,2.9337160923836834,1.3405520775207256,1.7753043821445953,4.640421251827024,2.3391057850657697,2.807271699921149,8.869971871981864,4.471103245412174,5.365982884745113,1.6132116138882084,0.6712958453095262,0.9501106241504227,2.688686023147014,1.1188264088492106,1.5835177069173711,5.018904154153328,2.454013703076882,3.07810273633992,8.364840256922214,4.090022838461469,5.1301712272332,1.4782549419510285,0.6372327464764898,0.9050392045721728,2.7717280161581783,1.1948113996434182,1.696948508572824,4.385286420570218,2.0665504533687225,2.611323934079712,8.222412038569159,3.874782100066356,4.89623237639946,0.42713567839195976,-0.002864321608040288,-0.002864321608040288,0.2814070351758794,-0.003592964824120637,-0.003592964824120637,0.21105527638190957,-0.0039447236180903955,-0.0039447236180903955,0.3224043715846995,0.07956671810584548,0.12885598448792523,0.29863013698630136,0.33668341708542715,0.10610697598267027,0.15304401808709656,0.30808080808080807,0.3277591973244147,0.08735852954478196,0.146446627802724,0.28859060402684567,21.0,-12.0,-12.0,31.0,-21.0,-21.0,34.0,-18.0,-18.0,0.0004856789003353214,-0.00012052136147465569,0.00022062728567196724,-0.1238856180469794,-0.11738725278460382,-0.12468395506387431,0.0273224043715847,-0.4771043264675484,10,-0.8527384996414185
288,1,test,1.7154531306332577,0.7797550136536396,1.084511813270916,2.9407767953712987,1.3367228805490965,1.8591631084644273,5.559193982810105,3.0102016512467746,3.6798151439916422,9.530046827674465,5.1603456878516125,6.3082545325571004,1.892432656691546,0.8355477030849727,1.1754851330093117,3.0038613598278507,1.3262661953729726,1.8658494174750977,6.635490934562066,3.758097135393308,4.587319271165869,10.53252529295566,5.965233548243345,7.281459160580743,1.7154531306332577,0.7797550136536396,1.084511813270916,2.9407767953712987,1.3367228805490965,1.8591631084644273,5.559193982810105,3.0102016512467746,3.6798151439916422,9.530046827674465,5.1603456878516125,6.3082545325571004,0.4974874371859297,-0.002512562814070307,-0.002512562814070307,0.321608040201005,-0.0033919597989949812,-0.0033919597989949812,0.21105527638190957,-0.0039447236180903955,-0.0039447236180903955,0.35451505016722407,0.10409768789677332,0.15095553959992702,0.3221476510067114,0.3316582914572864,0.07601919371292554,0.12297715623191074,0.3232323232323232,0.35451505016722407,0.10409768789677332,0.15095553959992702,0.3221476510067114,20.0,-3.0,-3.0,25.0,-2.0,-2.0,34.0,-7.0,-7.0,0.0005961052809318221,6.304986857431458e-05,0.00012407205538881439,-0.004168493968153442,-0.004139807302183662,-0.004854360891092924,0.9632107023411371,0.259836500427233,288,-0.48319077491760254
329,1,test,1.753382325834471,0.8044520218686471,1.1083903124347614,2.823242728038555,1.2953041030088384,1.7846962657847851,5.774099571142712,3.1911543563736817,3.868127764166564,9.297278970484028,5.138299387381352,6.2283413151834495,1.7267383368459532,0.7855841448740273,1.0764152789479364,2.53932108359699,1.1552708012853343,1.5829636455116711,5.622285966713684,3.0593481325756025,3.706126207136181,8.268067598108358,4.499041371434709,5.450185598729677,1.753382325834471,0.8044520218686471,1.1083903124347614,2.823242728038555,1.2953041030088384,1.7846962657847851,5.774099571142712,3.1911543563736817,3.868127764166564,9.297278970484028,5.138299387381352,6.2283413151834495,0.49246231155778897,-0.002537688442211028,-0.002537688442211028,0.3015075376884422,-0.0034924623115578646,-0.0034924623115578646,0.20100502512562812,-0.003994974874371837,-0.003994974874371837,0.3415492957746479,0.07218309859154926,0.12910798122065725,0.3462897526501767,0.3417085427135679,0.08040201005025127,0.13735343383584597,0.3434343434343434,0.3415492957746479,0.07218309859154926,0.12910798122065725,0.3462897526501767,12.0,-2.0,-2.0,19.0,-7.0,-7.0,24.0,-5.0,-5.0,-0.00023456018833081143,-0.00013676058800298185,2.2284780414398803e-05,-0.04020814821022611,-0.03418947470975642,-0.03790622994383597,0.045774647887323945,0.18676529394316277,13,-0.20386135578155518
356,1,test,2.1203713666879387,0.9533536021417273,1.3358383691052738,3.118193186305792,1.401990591384893,1.9644681898606964,8.334231969181364,5.121833757800079,6.14284864875407,12.25622348409024,7.532108467353058,9.033600954050103,2.077914091419321,0.8960632360238945,1.2684640638090725,2.866088401957684,1.2359492910674408,1.749605605253893,7.987789725583285,4.7273865690018235,5.7411176863345545,11.017641000804531,6.5205331986232045,7.918783015633868,2.1203713666879387,0.9533536021417273,1.3358383691052738,3.118193186305792,1.401990591384893,1.9644681898606964,8.334231969181364,5.121833757800079,6.14284864875407,12.25622348409024,7.532108467353058,9.033600954050103,0.5678391959798995,-0.0021608040201005485,-0.0021608040201005485,0.39698492462311563,-0.0030150753768843908,-0.0030150753768843908,0.2864321608040201,-0.003567839195979916,-0.003567839195979916,0.38795986622073575,0.1225174622140579,0.17883862039203724,0.4093959731543624,0.3869346733668342,0.12127051296583169,0.1732451908960495,0.40909090909090906,0.38795986622073575,0.1225174622140579,0.17883862039203724,0.4093959731543624,17.0,-6.0,-6.0,27.0,-12.0,-12.0,34.0,-13.0,-13.0,-0.00014849613052775524,-9.178903210894694e-05,-1.9412047675895722e-05,-0.02061062027129168,-0.022599740798525225,-0.021732640440336404,0.9632107023411371,0.13468439420941478,288,-0.5874946117401123
294,1,test,2.0161849500757443,0.9115205844448604,1.2753457758532796,3.3432940311382593,1.5115088172440088,2.114813881478223,7.509620636672737,4.491409353326533,5.41192552892327,12.45266206840669,7.447780066908556,8.97420562391074,1.943463694158526,0.8402228401749785,1.1966821138377854,3.06057274670634,1.3231855750787063,1.8845387619492682,6.982895746645623,3.968977865636261,4.8726981721189,10.996686215189957,6.250358843521671,7.673540428533702,2.0161849500757443,0.9115205844448604,1.2753457758532796,3.3432940311382593,1.5115088172440088,2.114813881478223,7.509620636672737,4.491409353326533,5.41192552892327,12.45266206840669,7.447780066908556,8.97420562391074,0.5477386934673367,-0.002261306532663321,-0.002261306532663321,0.3517587939698492,-0.0032412060301507672,-0.0032412060301507672,0.27135678391959794,-0.0036432160804020786,-0.0036432160804020786,0.3831417624521073,0.1020710167542106,0.17422456499987804,0.38076923076923075,0.35678391959798994,0.08109469654034585,0.14643333529081126,0.3434343434343434,0.3831417624521073,0.1020710167542106,0.17422456499987804,0.38076923076923075,19.0,-10.0,-10.0,28.0,-18.0,-18.0,35.0,-21.0,-21.0,-0.0003173040685674772,-0.00021472045388744199,6.240284179797471e-05,-0.01047110916150995,-0.011445473643192372,-0.011075667237927078,0.9425287356321839,-0.19255682565104795,246,-0.4652116298675537
211,1,test,1.4601419924859536,0.6419438948576364,0.9057420677453257,2.5156663244035102,1.1059997224655662,1.5604953697298984,4.306570985653195,2.0401586833872307,2.5656749830020527,7.419754830703698,3.514972189450289,4.420379789991488,1.5163842991112861,0.6380850061853474,0.9205369659559948,2.4262148785780577,1.0209360098965556,1.4728591455295916,4.555723247472008,2.1489202905674607,2.7411554102426834,7.289157195955212,3.438272464907937,4.385848656388293,1.4601419924859536,0.6419438948576364,0.9057420677453257,2.5156663244035102,1.1059997224655662,1.5604953697298984,4.306570985653195,2.0401586833872307,2.5656749830020527,7.419754830703698,3.514972189450289,4.420379789991488,0.4723618090452262,-0.0026381909547738003,-0.0026381909547738003,0.27638190954773867,-0.0036180904522613577,-0.0036180904522613577,0.16582914572864327,-0.004170854271356772,-0.004170854271356772,0.35789473684210527,0.10745690847082678,0.16069520358656264,0.3415492957746479,0.3417085427135679,0.08356317930504653,0.1380357547336013,0.33838383838383834,0.35789473684210527,0.10745690847082678,0.16069520358656264,0.3415492957746479,14.0,-2.0,-2.0,23.0,-9.0,-9.0,28.0,-11.0,-11.0,0.00046377559554791647,0.00018830590905156503,-6.105225508047604e-05,-0.06290988719970958,-0.06573268980383329,-0.058973877465786195,0.03508771929824561,-0.41129038820873576,10,-0.8017083406448364
390,1,test,1.7416473232916885,0.8030226479891786,1.0196162529321762,4.568841950826826,2.10655941219079,2.6747467457056397,5.706736523805895,3.150273491130434,3.648126374369892,14.970411565874368,8.264073610294222,9.570084940984032,1.7656811154332703,0.7578457494625901,1.0787323459164222,3.640579619450042,1.5625685555929696,2.2241904039513862,5.845552498487307,3.10588827704759,3.8579109795327877,12.052685563891355,6.403893354737299,7.954455627902655,1.6967566762619892,0.7601682571360775,1.0513714667186513,3.9459457587488123,1.767833156130413,2.4450499226015148,5.4562223677441875,2.9049596523233356,3.549500992649682,12.688889227312064,6.755720121682176,8.254653471278331,0.4371859296482412,-0.002814070351758735,-0.002814070351758735,0.321608040201005,-0.0033919597989949812,-0.0033919597989949812,0.22613065326633164,-0.003869346733668344,-0.003869346733668344,0.33507853403141363,0.10471204188481675,0.14739524957393557,0.3175853018372703,0.33668341708542715,0.10552763819095479,0.16080402010050254,0.30808080808080807,0.3311036789297659,0.1070234113712375,0.16499442586399105,0.30201342281879195,15.0,-6.0,-6.0,25.0,-13.0,-13.0,29.0,-13.0,-13.0,0.00013438549657913642,4.348948691576953e-05,0.00010533546517857068,-0.10365985905805619,-0.10865753006509404,-0.11034484693820801,0.02617801047120419,-0.4815948240480515,10,-0.39863288402557373
315,1,test,1.5576431338615393,0.713860672430361,0.9929020930527603,2.7681007499346633,1.26860782148769,1.7644946834371344,4.747618547301541,2.42247341071063,2.988626330765464,8.437032960565992,4.304997928672505,5.311113057685613,1.699831136214267,0.7603920693750659,1.0666539319961748,2.8330518936904454,1.26732011562511,1.7777565533269581,5.473023118288082,2.914477275758703,3.5894374998378282,9.121705197146804,4.857462126264506,5.982395833063047,1.5576431338615393,0.713860672430361,0.9929020930527603,2.7681007499346633,1.26860782148769,1.7644946834371344,4.747618547301541,2.42247341071063,2.988626330765464,8.437032960565992,4.304997928672505,5.311113057685613,0.5025125628140703,-0.0024874371859296973,-0.0024874371859296973,0.31658291457286436,-0.003417085427135591,-0.003417085427135591,0.19095477386934678,-0.004045226130653168,-0.004045226130653168,0.38095238095238093,0.11779448621553879,0.1829885800474036,0.31399317406143346,0.35678391959798994,0.09111975919698745,0.15144168253622037,0.31313131313131315,0.38095238095238093,0.11779448621553879,0.1829885800474036,0.31399317406143346,21.0,-11.0,-11.0,33.0,-13.0,-13.0,40.0,-16.0,-16.0,0.0008848324220064988,0.00027331969523422924,7.836010333909435e-05,-0.032488418383750606,-0.03106909311103312,-0.028961128511243217,0.9625850340136054,-0.2883306258319137,283,-0.3834037780761719
207,1,test,2.4556489597554054,1.1292354265884805,1.5576869186081574,4.041906672889332,1.8586794288568158,2.563894617584855,11.65399406851784,7.88648697940078,9.19939842305789,19.182039926442407,12.980863661746625,15.141866969629445,2.38739647088715,1.0593499618377225,1.4785784961594484,3.5900698810333083,1.593007461410109,2.223426310014208,10.88511729957598,7.1114529362733645,8.403729563366245,16.368597442971396,10.693914189884758,12.637187313332698,2.4556489597554054,1.1292354265884805,1.5576869186081574,4.041906672889332,1.8586794288568158,2.563894617584855,11.65399406851784,7.88648697940078,9.19939842305789,19.182039926442407,12.980863661746625,15.141866969629445,0.6231155778894473,-0.0018844221105527303,-0.0018844221105527303,0.44723618090452266,-0.0027638190954772934,-0.0027638190954772934,0.31658291457286436,-0.003417085427135591,-0.003417085427135591,0.39015151515151514,0.09714584407401039,0.16219181741851763,0.4144486692015209,0.40201005025125625,0.10376443621616849,0.1716260769624416,0.41414141414141414,0.39015151515151514,0.09714584407401039,0.16219181741851763,0.4144486692015209,22.0,-13.0,-13.0,33.0,-20.0,-20.0,41.0,-23.0,-23.0,-0.00010522606053303668,-4.568961208414108e-05,-8.273731185352603e-05,-0.000141735257445319,-0.00018927773293242467,8.23537205478786e-05,0.041666666666666664,-0.28769912707471834,11,-0.5105082988739014
170,1,test,2.834052514643681,1.3462643132190097,1.8359824903297222,4.780101908032341,2.270699141629396,3.096690467022797,17.014271887423448,12.586979484711543,14.301231217519987,28.69740525012088,21.230038730880135,24.121409986883712,2.9000046835025017,1.360207510273576,1.8703652742807875,4.427488066416033,2.076652687440574,2.855519502718759,18.17423048829769,13.510586225151513,15.374174510024577,27.74691677602701,20.6268491987046,23.47202215270928,2.834052514643681,1.3462643132190097,1.8359824903297222,4.780101908032341,2.270699141629396,3.096690467022797,17.014271887423448,12.586979484711543,14.301231217519987,28.69740525012088,21.230038730880135,24.121409986883712,0.6884422110552764,-0.0015577889447235815,-0.0015577889447235815,0.5226130653266332,-0.002386934673366814,-0.002386934673366814,0.36180904522613067,-0.0031909547738693256,-0.0031909547738693256,0.38095238095238093,0.08194247996228188,0.15140092976504582,0.3426294820717132,0.38190954773869346,0.0736388710469641,0.1481866762862728,0.3484848484848485,0.38095238095238093,0.08194247996228188,0.15140092976504582,0.3426294820717132,21.0,0.0,0.0,31.0,0.0,0.0,37.0,0.0,0.0,7.497390653660863e-05,0.000347279693015123,0.00017669384118013099,-5.857619511928647e-05,-0.00012331829868550415,0.00012440840417138332,0.03968253968253968,0.422573958764765,10,-0.41713857650756836
173,1,test,2.1992282210473926,1.0037299194556737,1.3874953763643663,3.576766777088067,1.6324398690048318,2.256585886834354,9.018050871118858,5.712846522309585,6.766244232135838,14.666720098083415,9.2912229154046,11.004441168748393,2.1519650525332548,0.9600411008649701,1.3326126571573482,2.947897332237335,1.3151247957054384,1.8254967906265045,8.601744680702241,5.308333200329424,6.3327147533519375,11.783211891372934,7.27168931551976,8.674951716920463,2.1992282210473926,1.0037299194556737,1.3874953763643663,3.576766777088067,1.6324398690048318,2.256585886834354,9.018050871118858,5.712846522309585,6.766244232135838,14.666720098083415,9.2912229154046,11.004441168748393,0.5175879396984925,-0.002412060301507535,-0.002412060301507535,0.3919597989949749,-0.0030402010050251116,-0.0030402010050251116,0.29145728643216084,-0.0035427135678391952,-0.0035427135678391952,0.37966101694915255,0.11694915254237293,0.17288135593220344,0.36734693877551017,0.371859296482412,0.11306532663316582,0.16917922948073694,0.3484848484848485,0.37966101694915255,0.11694915254237293,0.17288135593220344,0.36734693877551017,16.0,-3.0,-3.0,27.0,-9.0,-9.0,36.0,-9.0,-9.0,0.0001963118933087904,0.0002918144147516692,-4.140559976304453e-05,-0.041803081142874454,-0.043653247166455245,-0.0425279628859796,0.9525423728813559,0.22498614790889135,281,-0.43266987800598145
177,1,test,2.1329527566986384,0.9463374799569719,1.324028084592868,3.378135987636222,1.4987939547426636,2.0969742096524886,8.439750585571476,5.163776430649763,6.194258537860657,13.366740116607797,8.178305373948003,9.810366224827959,2.1439355501046897,0.9449547096698738,1.3302143729897677,3.0627650715781285,1.3499352995283913,1.90030624712824,8.532953499971914,5.2162185824604785,6.2766650666462755,12.18993357138845,7.451740832086399,8.966664380923252,2.1329527566986384,0.9463374799569719,1.324028084592868,3.378135987636222,1.4987939547426636,2.0969742096524886,8.439750585571476,5.163776430649763,6.194258537860657,13.366740116607797,8.178305373948003,9.810366224827959,0.592964824120603,-0.0020351758793969443,-0.0020351758793969443,0.44221105527638194,-0.0027889447236180143,-0.0027889447236180143,0.3015075376884422,-0.0034924623115578646,-0.0034924623115578646,0.410958904109589,0.12890762205830697,0.2002527537679034,0.4329896907216495,0.40703517587939697,0.10878956184430921,0.1849984479995973,0.4444444444444444,0.410958904109589,0.12890762205830697,0.2002527537679034,0.4329896907216495,19.0,-6.0,-6.0,26.0,-6.0,-6.0,36.0,-10.0,-10.0,0.0001107782694403743,-1.5362460380520086e-05,-1.761961057693107e-05,-0.030881009685955974,-0.024480198202661896,-0.02699281454200353,0.9006849315068494,-0.19412745177285667,263,-0.2219855785369873
200,1,test,2.438056491111367,1.129794677297837,1.560711846173378,4.106964208241172,1.9031660337814755,2.629056264684917,11.450764440239462,7.751027152507899,9.046258036560744,19.289085336831953,13.056789786665094,15.23863704968268,2.4165962303661495,1.080791473951349,1.5190128620788554,3.6068600453226107,1.6131216029124607,2.2671833762370976,11.207646071871139,7.404590823506448,8.753979739200416,16.727829958016624,11.051628094785743,13.065641401791664,2.438056491111367,1.129794677297837,1.560711846173378,4.106964208241172,1.9031660337814755,2.629056264684917,11.450764440239462,7.751027152507899,9.046258036560744,19.289085336831953,13.056789786665094,15.23863704968268,0.6080402010050252,-0.001959798994974782,-0.001959798994974782,0.44723618090452266,-0.0027638190954772934,-0.0027638190954772934,0.3065326633165829,-0.0034673366834171437,-0.0034673366834171437,0.3794326241134752,0.09624678340551063,0.16127224675498464,0.3629893238434164,0.3869346733668342,0.10873918464502963,0.1682368436506405,0.36363636363636365,0.3794326241134752,0.09624678340551063,0.16127224675498464,0.3629893238434164,17.0,-7.0,-7.0,29.0,-14.0,-14.0,35.0,-14.0,-14.0,2.2466566842535625e-05,0.00015422451009607278,2.000031426278513e-05,-0.00026647385093347964,0.00016949575638847136,1.9271695109068787e-05,0.03546099290780142,-0.7053356084890876,10,-0.32675743103027344
198,1,test,2.2874443393850443,1.0614365924060813,1.4648127943141502,3.7756611385030245,1.7520097971040136,2.41782352796432,9.849732913001466,6.442134562986834,7.573250284273379,16.257992880496396,10.633402832881885,12.500425168017506,2.1751460455974203,0.9758727400156828,1.367380609785807,3.3208336574006414,1.4898820458254698,2.087603984405812,8.803470736449247,5.485765647709142,6.560580236422791,13.440413338090453,8.375214729326935,10.016153032706551,2.2874443393850443,1.0614365924060813,1.4648127943141502,3.7756611385030245,1.7520097971040136,2.41782352796432,9.849732913001466,6.442134562986834,7.573250284273379,16.257992880496396,10.633402832881885,12.500425168017506,0.5527638190954773,-0.0022361809045226,-0.0022361809045226,0.3919597989949749,-0.0030402010050251116,-0.0030402010050251116,0.2814070351758794,-0.003592964824120637,-0.003592964824120637,0.3846153846153846,0.10673604275066795,0.16902464161903863,0.3970588235294118,0.35678391959798994,0.08610722786866665,0.14476388620900826,0.36868686868686873,0.3846153846153846,0.10673604275066795,0.16902464161903863,0.3970588235294118,21.0,0.0,0.0,32.0,0.0,0.0,38.0,0.0,0.0,-0.00027347338043177976,-0.000330173021948802,1.5772953830398454e-05,-0.004879633595750832,-0.00504013568659456,-0.005533454606861277,0.047619047619047616,0.23175929535009765,13,-0.4202611446380615
221,1,test,1.8508007017399102,0.872219279477613,1.1966013788569252,3.2854450326743967,1.5483182475933959,2.124144459509335,6.364913880417501,3.704234697136911,4.441312163677574,11.298663693048818,6.5755645511306104,7.883986089368473,1.6502537448722157,0.7598755224245218,1.0491838121113093,2.705334007987239,1.245697577745118,1.7199734624775564,5.208301239254405,2.7722503930700557,3.384231850952219,8.538198752876074,4.544672775524681,5.547921067134785,1.8508007017399102,0.872219279477613,1.1966013788569252,3.2854450326743967,1.5483182475933959,2.124144459509335,6.364913880417501,3.704234697136911,4.441312163677574,11.298663693048818,6.5755645511306104,7.883986089368473,0.44723618090452266,-0.0027638190954772934,-0.0027638190954772934,0.3015075376884422,-0.0034924623115578646,-0.0034924623115578646,0.1758793969849246,-0.004120603015075441,-0.004120603015075441,0.3511705685618729,0.09030100334448155,0.15719063545150502,0.3691275167785235,0.3266331658291457,0.07788944723618085,0.13400335008375208,0.33333333333333337,0.3511705685618729,0.09030100334448155,0.15719063545150502,0.3691275167785235,12.0,0.0,0.0,20.0,0.0,0.0,22.0,0.0,0.0,-0.001065887441656207,-0.000188202352685462,-0.0002071565313003787,-0.04068718361725132,-0.04621128670899921,-0.04135468150850219,0.05016722408026756,0.20513273919749847,15,-0.5536305904388428
336,1,test,1.8382092484891026,0.8216604580429792,1.1370264508362653,3.198271582631329,1.4295942073464554,1.9782945763104964,6.285272815439647,3.521632431172862,4.269136836807464,10.935648077730253,6.127233305104228,7.427804554214141,1.8604715798354259,0.7882085466334552,1.1293852513455325,3.0251570403828065,1.2816399132251306,1.8363987826756627,6.42676679055043,3.504782219039439,4.349430738838614,10.450027301708017,5.698832876486893,7.072245103802626,1.8423162095781562,0.8258054573371107,1.1421037762897965,3.1947679934881323,1.4320325849776487,1.9805267796932888,6.311139266222462,3.5476040038760375,4.296958725200959,10.944172137958025,6.151914457588504,7.451373511909177,0.4974874371859297,-0.002512562814070307,-0.002512562814070307,0.321608040201005,-0.0033919597989949812,-0.0033919597989949812,0.2361809045226131,-0.0038190954773869024,-0.0038190954773869024,0.35,0.10540765391014972,0.1604212860310421,0.3712374581939799,0.36180904522613067,0.10366368181760932,0.16481405357337608,0.3939393939393939,0.3511705685618729,0.10576155353683114,0.16207156967421998,0.37248322147651003,14.0,-4.0,-4.0,20.0,-8.0,-8.0,31.0,-13.0,-13.0,-0.0002198431739651228,-0.0003054123496591136,-1.8485300810209437e-05,-0.051223775790909976,-0.048466629971883,-0.05330241424950444,0.9566666666666667,-0.3696169435859692,287,-0.4843391180038452
228,1,test,1.8695680059191337,0.834288579615373,1.165479979333993,3.036631670220169,1.3550869050722423,1.893022027039455,6.4854940989794665,3.669601138714628,4.463492267073203,10.534014657736346,5.960321849548608,7.249793500458294,2.0071789533564766,0.8679278382119635,1.2454797022846829,3.185998338661074,1.377663235257085,1.9769519083883857,7.442292650735263,4.317864998452794,5.300379873242321,11.81316293767502,6.853753965798085,8.413301386098922,1.8695680059191337,0.834288579615373,1.165479979333993,3.036631670220169,1.3550869050722423,1.893022027039455,6.4854940989794665,3.669601138714628,4.463492267073203,10.534014657736346,5.960321849548608,7.249793500458294,0.5326633165829145,-0.0023366834170853723,-0.0023366834170853723,0.3919597989949749,-0.0030402010050251116,-0.0030402010050251116,0.24623115577889443,-0.0037688442211055717,-0.0037688442211055717,0.36329588014981273,0.11143020850802166,0.17074929629888103,0.3421052631578947,0.3919597989949749,0.11695979899497488,0.19062868418632262,0.3737373737373737,0.36329588014981273,0.11143020850802166,0.17074929629888103,0.3421052631578947,19.0,-10.0,-10.0,28.0,-17.0,-17.0,39.0,-26.0,-26.0,0.0003263851199051143,0.00043647383976618524,0.00014380105785358115,-0.026359925760479186,-0.02867183906513837,-0.02647643953192258,0.947565543071161,-0.47609401061999934,253,-0.8115209341049194
255,1,test,2.4013199076715033,1.1034516922018707,1.5344709552711353,3.934692860762945,1.8080654233669207,2.5143138544201737,11.03773556198462,7.376252712591166,8.658334140673212,18.08592814975793,12.086389986896366,14.18714991724767,2.3139426443457123,1.0051579135652715,1.436771189581606,3.6440041643239565,1.5829258481342858,2.2626317946167025,10.114222932088524,6.4125504830358455,7.710132929232653,15.927910129273265,10.098504697694246,12.141941620838825,2.4013199076715033,1.1034516922018707,1.5344709552711353,3.934692860762945,1.8080654233669207,2.5143138544201737,11.03773556198462,7.376252712591166,8.658334140673212,18.08592814975793,12.086389986896366,14.18714991724767,0.6180904522613065,-0.0019095477386934512,-0.0019095477386934512,0.4623115577889447,-0.002688442211055242,-0.002688442211055242,0.3065326633165829,-0.0034673366834171437,-0.0034673366834171437,0.40590405904059046,0.12045286198718341,0.1825911756050076,0.38888888888888884,0.42713567839195976,0.1339025956851928,0.2017600523485541,0.3787878787878788,0.40590405904059046,0.12045286198718341,0.1825911756050076,0.38888888888888884,19.0,-8.0,-8.0,32.0,-15.0,-15.0,37.0,-13.0,-13.0,-0.00048126557723261867,0.00012066531309378427,0.00015360286572898,-0.013432411501030472,-0.012525090724472498,-0.011541786655331343,0.959409594095941,-0.5688325421474394,260,-0.3807864189147949
258,1,test,2.4022449626347373,1.0793221352042466,1.5083523314629157,3.828093585617936,1.7199520477125736,2.4036324249763883,11.0479507981481,7.293572040736928,8.603323612062862,17.605444175113423,11.622659961690456,13.709812465674366,2.2853724573512406,1.0079867937953089,1.4238159675104827,3.4891182554980773,1.538911135565357,2.173764835893867,9.829346554698706,6.242097375068418,7.462504761327134,15.00663596137207,9.529919656593005,11.393137040194098,2.4022449626347373,1.0793221352042466,1.5083523314629157,3.828093585617936,1.7199520477125736,2.4036324249763883,11.0479507981481,7.293572040736928,8.603323612062862,17.605444175113423,11.622659961690456,13.709812465674366,0.6180904522613065,-0.0019095477386934512,-0.0019095477386934512,0.42211055276381915,-0.0028894472361808976,-0.0028894472361808976,0.321608040201005,-0.0033919597989949812,-0.0033919597989949812,0.3943089430894309,0.09613450089876152,0.16728191606240383,0.4,0.3919597989949749,0.0912079192957268,0.16825362203337224,0.38888888888888884,0.3943089430894309,0.09613450089876152,0.16728191606240383,0.4,22.0,-11.0,-11.0,33.0,-14.0,-14.0,42.0,-18.0,-18.0,-0.0002477089772974876,-8.133603892443682e-05,-3.9238644501275875e-05,-1.699666395538202e-05,-9.033858156382024e-05,-0.00010696492421935488,0.9552845528455285,-1.1563500865575258,235,-0.44004201889038086
163,1,test,1.5584587986557041,0.7090226571681594,0.9515853093084025,3.0913690924154134,1.4064219920876606,1.8875708594478149,4.751492592352992,2.41316459836102,2.9168063361405547,9.42509186351987,4.7867691213390735,5.785796174967331,1.7691973014824038,0.7617328245209936,1.0856839825639781,3.0768648721433114,1.3247527382973803,1.888146056633006,5.866142726954963,3.127494428455096,3.885317936275136,10.201987351226023,5.439120745139298,6.7570746717828465,1.5825579026860594,0.7096722197635223,0.9974162965794786,3.004856777252012,1.347478898285169,1.8938284112268582,4.867390211961486,2.4735815428819046,3.072145026639073,9.241880149293962,4.696673815598554,5.833186759441279,0.4723618090452262,-0.0026381909547738003,-0.0026381909547738003,0.3517587939698492,-0.0032412060301507672,-0.0032412060301507672,0.2613065326633166,-0.003693467336683409,-0.003693467336683409,0.33149171270718236,0.10666412650028578,0.1467409795693525,0.332409972299169,0.3668341708542714,0.1162076044382313,0.1781864246105318,0.38383838383838387,0.3411371237458194,0.11075315045700473,0.16204924832868928,0.34563758389261745,23.0,-11.0,-11.0,34.0,-15.0,-15.0,38.0,-12.0,-12.0,0.0002788037987391187,2.8802408825782133e-05,0.00011350951578529993,-0.12158909763843084,-0.12220923666463879,-0.12422079315129952,0.027624309392265192,0.3354076176565179,10,-0.502805233001709
241,1,test,1.964542839929589,0.8724215161719957,1.2282475733882325,3.301361932189369,1.4660811277683243,2.064037342261882,7.13165153848445,4.151061370796884,5.04346654075372,11.984550514376235,6.975748102404231,8.475411228248854,1.8085360253504599,0.7910121499520373,1.1018816995413223,2.8258375396100934,1.2359564843000581,1.721690155533316,6.101508436920261,3.3351719542523393,4.074310879239885,9.533606932687908,5.211206178519281,6.366110748812321,1.964542839929589,0.8724215161719957,1.2282475733882325,3.301361932189369,1.4660811277683243,2.064037342261882,7.13165153848445,4.151061370796884,5.04346654075372,11.984550514376235,6.975748102404231,8.475411228248854,0.4723618090452262,-0.0026381909547738003,-0.0026381909547738003,0.31658291457286436,-0.003417085427135591,-0.003417085427135591,0.22613065326633164,-0.003869346733668344,-0.003869346733668344,0.3745583038869258,0.10471703404565591,0.1677427927235885,0.4184397163120568,0.3467336683417085,0.09861336758982875,0.1530775748525599,0.3787878787878788,0.3745583038869258,0.10471703404565591,0.1677427927235885,0.4184397163120568,18.0,-9.0,-9.0,25.0,-11.0,-11.0,30.0,-14.0,-14.0,-0.00021677502706498862,-0.00024371262727188695,-7.120813890363902e-05,-0.02369294456645843,-0.023866938611840638,-0.02307561420084525,0.05653710247349823,-0.14696645766970964,16,-0.4515237808227539
50,1,test,2.6743642525767086,1.257131051432377,1.7127923294403886,4.499224566099639,2.114938121821528,2.8815212130585355,14.503126582716039,10.377436901966302,11.887321494814236,24.399377662686984,17.45851149389625,19.998670279511007,2.704866571383295,1.2108590827037162,1.6956147691316168,4.067468528395932,1.8208407258702501,2.5497966453107024,14.952321489847657,10.497408683337797,12.208773959026047,22.484693969695723,15.785576967425257,18.35905858500157,2.6743642525767086,1.257131051432377,1.7127923294403886,4.499224566099639,2.114938121821528,2.8815212130585355,14.503126582716039,10.377436901966302,11.887321494814236,24.399377662686984,17.45851149389625,19.998670279511007,0.6532663316582914,-0.0017336683417086274,-0.0017336683417086274,0.5025125628140703,-0.0024874371859296973,-0.0024874371859296973,0.40703517587939697,-0.00296482412060306,-0.00296482412060306,0.4140350877192982,0.11228070175438587,0.18830409356725142,0.4014084507042254,0.4371859296482412,0.13567839195979903,0.20268006700167507,0.4191919191919192,0.4140350877192982,0.11228070175438587,0.18830409356725142,0.4014084507042254,18.0,-6.0,-6.0,32.0,-16.0,-16.0,40.0,-16.0,-16.0,-0.00014045809102348648,0.00042900342286987037,-1.7223723172038353e-05,-0.0002872636165145437,0.00015787518124010802,8.758024202748516e-06,0.0456140350877193,-0.42497674527977003,13,-0.6339449882507324
279,1,test,1.6038923657022282,0.7196944333498697,1.007635679603578,3.314710889117938,1.4873684955897308,2.0824470711807272,4.9723490071399326,2.5513072338857734,3.157038219171352,10.276187948089193,5.2727016166972644,6.524545652954128,1.6766363048483655,0.6674363056643151,0.9696810812410062,3.048429645178846,1.2135205557533,1.7630565113472838,5.3475381966548206,2.604132786330318,3.3197305679128624,9.722796721190582,4.734786884236941,6.035873759841567,1.554672895164035,0.6870982439982456,0.9707844392228917,3.1728018268653777,1.4022413142821342,1.9811927331079424,4.733537908752097,2.3524091320727787,2.940541026205948,9.660281446432851,4.800834963413834,6.001104135114181,0.5125628140703518,-0.0024371859296482556,-0.0024371859296482556,0.3316582914572864,-0.0033417085427135396,-0.0033417085427135396,0.20100502512562812,-0.003994974874371837,-0.003994974874371837,0.35882352941176465,0.10331692148224925,0.1641072867503165,0.3421828908554573,0.38190954773869346,0.1037140590168889,0.16988951434971178,0.36868686868686873,0.3745819397993311,0.11247843395625934,0.17547181744115536,0.34563758389261745,17.0,-1.0,-1.0,26.0,-3.0,-3.0,33.0,-5.0,-5.0,0.0001497668693979825,-3.8090956571380526e-05,0.0002900136964270632,-0.09438024144607216,-0.1024836734648078,-0.10956872029931741,0.9529411764705882,-0.3838756489143698,324,-0.45092320442199707
335,1,test,2.237913284387978,1.0072594838863724,1.3900281926184284,3.9293593714254027,1.7685602565911887,2.4406308963416588,9.373750513255157,5.950283444008169,7.039046570970108,16.458561947692193,10.447590698200388,12.359256188563794,2.1558668346232017,0.9430501127509894,1.3157667241914695,3.59311139103867,1.5717501879183158,2.192944540319116,8.635372375345991,5.272428573585778,6.318773494458987,14.392287292243319,8.787380955976296,10.531289157431646,2.237000876046225,1.0147266967742783,1.3970543770727777,3.924562940431974,1.7802222750425938,2.4509725913557503,9.365201725678965,5.970302154196462,7.0489586735939245,16.43017846610345,10.47421430560783,12.36659416419987,0.49246231155778897,-0.002537688442211028,-0.002537688442211028,0.40703517587939697,-0.00296482412060306,-0.00296482412060306,0.3015075376884422,-0.0034924623115578646,-0.0034924623115578646,0.36544850498338866,0.11627906976744184,0.17718715393133988,0.3533333333333334,0.3869346733668342,0.12562814070351758,0.19430485762144056,0.35858585858585856,0.36454849498327757,0.11538461538461542,0.17725752508361203,0.3523489932885906,21.0,-9.0,-9.0,33.0,-14.0,-14.0,42.0,-15.0,-15.0,-9.001698633288542e-05,0.00011462917519650409,-0.0001202832438107065,-0.055195962967363954,-0.04971466490163756,-0.04997431433964028,0.9634551495016611,-0.29722251035790936,290,-0.45774245262145996
54,1,test,2.0397820355775718,0.9650237039968514,1.3172572398896634,2.9872217788786295,1.4132587577658806,1.9290980343739332,7.688933102358184,4.759648203023044,5.62930631400057,11.260295472305973,6.970413761804238,8.244011432525424,2.021769609337282,0.9227780592633479,1.2837948623662527,2.8475628300525098,1.299687407413166,1.8081617779806376,7.551676634014545,4.550538634010973,5.4599816237729755,10.636164273259924,6.409209343677427,7.6901149630605286,2.0397820355775718,0.9650237039968514,1.3172572398896634,2.9872217788786295,1.4132587577658806,1.9290980343739332,7.688933102358184,4.759648203023044,5.62930631400057,11.260295472305973,6.970413761804238,8.244011432525424,0.5577889447236181,-0.00221105527638199,-0.00221105527638199,0.3869346733668342,-0.0030653266331658324,-0.0030653266331658324,0.2864321608040201,-0.003567839195979916,-0.003567839195979916,0.37453183520599254,0.0848122090377682,0.15659908302666503,0.3458646616541353,0.3869346733668342,0.10873918464502963,0.1732451908960495,0.3484848484848485,0.37453183520599254,0.0848122090377682,0.15659908302666503,0.3458646616541353,20.0,-7.0,-7.0,34.0,-14.0,-14.0,40.0,-8.0,-8.0,8.54490528493945e-05,0.0001761335735835883,0.00015040465396208,-0.00482225835836303,-0.005003650866675535,-0.005501168661590228,0.9101123595505618,-0.2212910784322762,243,-0.49892568588256836
300,1,test,1.9086164569994681,0.8777291017038853,1.216049687127585,3.1442525447679097,1.445969907431256,2.003318848736195,6.743752070164056,3.9401995917582147,4.74491255472878,11.109649364143097,6.491080252318445,7.816763457212151,1.8500605537459187,0.8121464294562897,1.152927569151977,2.7408304499939535,1.2031798954907995,1.708040843188114,6.360204645157482,3.5368828753443746,4.35221712932764,9.422525400233306,5.239826481991667,6.4477290804853915,1.9086164569994681,0.8777291017038853,1.216049687127585,3.1442525447679097,1.445969907431256,2.003318848736195,6.743752070164056,3.9401995917582147,4.74491255472878,11.109649364143097,6.491080252318445,7.816763457212151,0.507537688442211,-0.0024623115577889765,-0.0024623115577889765,0.3668341708542714,-0.0031658291457286047,-0.0031658291457286047,0.2613065326633166,-0.003693467336683409,-0.003693467336683409,0.38732394366197187,0.12018861853016172,0.18240591087508662,0.41696113074204944,0.3869346733668342,0.11876424730167123,0.1799229872232616,0.41414141414141414,0.38732394366197187,0.12018861853016172,0.18240591087508662,0.41696113074204944,16.0,-4.0,-4.0,24.0,-5.0,-5.0,32.0,-10.0,-10.0,0.000306006099732724,-0.00016671376646724774,-3.356220249199497e-05,-0.03781284522334438,-0.03300932253912858,-0.03218135133276778,0.9612676056338029,0.3610057070661729,273,-0.6890989542007446
450,1,test,2.62768980740263,1.1988998021281025,1.6546388772106737,4.28542700133449,1.9552526974303954,2.698505014511367,13.841755815195947,9.668109769497605,11.195750881726486,22.57413867847393,15.767454187838378,18.25884204201031,2.679208462497444,1.1676035205661475,1.659011987972892,4.28673353999591,1.8681656329058356,2.654419180756627,14.573553215364596,10.039551447802673,11.799813535748289,23.317685144583354,16.063282316484276,18.879701657197263,2.62768980740263,1.1988998021281025,1.6546388772106737,4.28542700133449,1.9552526974303954,2.698505014511367,13.841755815195947,9.668109769497605,11.195750881726486,22.57413867847393,15.767454187838378,18.25884204201031,0.6331658291457287,-0.0018341708542712887,-0.0018341708542712887,0.48743718592964824,-0.002562814070351749,-0.002562814070351749,0.3919597989949749,-0.0030402010050251116,-0.0030402010050251116,0.4173553719008265,0.12396694214876036,0.1955922865013775,0.36929460580912865,0.42211055276381915,0.11809045226130654,0.19430485762144056,0.36363636363636365,0.4173553719008265,0.12396694214876036,0.1955922865013775,0.36929460580912865,18.0,-2.0,-2.0,30.0,-1.0,-1.0,39.0,-1.0,-1.0,0.00011173430391964329,9.224857142677382e-05,2.9812686869389723e-05,-0.005663911604598226,-0.006096544703875217,-0.005673109935096399,0.06198347107438017,0.3223837613692935,15,-0.2884960174560547
442,1,test,1.7788942833384513,0.7945340197826755,1.0966997057304875,3.065326307447614,1.3691122939757967,1.8897932782361504,5.923303301161741,3.247203962746479,3.945088984314011,10.20682207262334,5.595464455580092,6.798034690484595,1.8140628059138875,0.7870245995753988,1.1087731252181579,2.667739420461599,1.1573891170226451,1.630548713556114,6.135323493280924,3.3425415639516376,4.110890454119186,9.022534548942534,4.915502299928878,6.045427138410567,1.7962272242162654,0.8130047454721652,1.1148250148266095,3.04445292240045,1.3779741448680767,1.8895339234349313,6.026866501712982,3.3538102569583432,4.050219038174563,10.215027969005055,5.684424164336175,6.864778030804345,0.5125628140703518,-0.0024371859296482556,-0.0024371859296482556,0.3517587939698492,-0.0032412060301507672,-0.0032412060301507672,0.24623115577889443,-0.0037688442211055717,-0.0037688442211055717,0.3717105263157895,0.11677631578947367,0.17763157894736847,0.34983498349834985,0.3869346733668342,0.11809045226130654,0.1792294807370184,0.35858585858585856,0.3745819397993311,0.12040133779264206,0.1806020066889632,0.3523489932885906,15.0,-4.0,-4.0,25.0,-10.0,-10.0,32.0,-14.0,-14.0,0.00020040729328275075,7.528137215296682e-05,5.9368535381962625e-05,-0.04682839501269065,-0.044932737033134273,-0.04309266780617271,0.03618421052631579,-0.38398323143557744,11,-0.6302722692489624
206,1,test,1.4966365009654228,0.6534009803841558,0.9217003020417148,2.4123417285297934,1.0531792118034093,1.4856353552646064,4.466640236033978,2.142766468586688,2.689623088343372,7.199518801502136,3.45380121581407,4.335247741079777,1.519274781247223,0.6499842310399643,0.9207697983366889,2.4308396499955567,1.0399747696639428,1.4732316773387022,4.568910533761295,2.183692473100569,2.7495137968437007,7.310256854018073,3.493907956960911,4.399222074949922,1.4966365009654228,0.6534009803841558,0.9217003020417148,2.4123417285297934,1.0531792118034093,1.4856353552646064,4.466640236033978,2.142766468586688,2.689623088343372,7.199518801502136,3.45380121581407,4.335247741079777,0.371859296482412,-0.003140703517587995,-0.003140703517587995,0.2864321608040201,-0.003567839195979916,-0.003567839195979916,0.1959798994974874,-0.004020100502512558,-0.004020100502512558,0.3483606557377049,0.13977169868249018,0.19577209987939426,0.3662551440329218,0.3417085427135679,0.1412072895807358,0.19479702351490347,0.36363636363636365,0.3483606557377049,0.13977169868249018,0.19577209987939426,0.3662551440329218,20.0,-7.0,-7.0,26.0,-3.0,-3.0,34.0,-8.0,-8.0,6.842983535530185e-05,-0.00012278925809188838,-0.0004745804822899912,-0.04449272306273366,-0.04679691053528101,-0.04778366750264107,0.040983606557377046,0.5707848555176444,10,-1.1738544702529907
444,1,test,1.389102006211669,0.6093264484755466,0.8175394498076872,3.3411080933718575,1.4655694969869357,1.9663693956158752,4.011246360874268,1.8302636550089302,2.240214132625612,9.647965103279285,4.402202778060694,5.3882274562498385,1.3871890337852453,0.5192305892587684,0.7489749031919615,2.889977153719261,1.0817303942891008,1.5603643816499195,4.003580292017302,1.6215374785331438,2.1104832574433834,8.340792275036046,3.378203080277382,4.396840119673714,1.3591737326399795,0.5603117368972137,0.8162729503754422,3.136554767630722,1.2930270851474162,1.8837068085587128,3.8929753340755373,1.6699656400833507,2.171983482930778,8.983789232482009,3.8537668617308087,5.012269575994102,0.38190954773869346,-0.0030904522613065533,-0.0030904522613065533,0.27638190954773867,-0.0036180904522613577,-0.0036180904522613577,0.16582914572864327,-0.004170854271356772,-0.004170854271356772,0.31335149863760214,0.08750115850154772,0.130555799712871,0.2814207650273224,0.321608040201005,0.0960441304265689,0.14798533569349248,0.2676767676767676,0.3177257525083612,0.09235012646495555,0.14308726530035232,0.2818791946308725,14.0,-4.0,-4.0,22.0,-8.0,-8.0,28.0,-12.0,-12.0,0.0009350813736625468,-0.0003320445564893332,0.00026083517215871085,-0.14807481071619222,-0.134825861564547,-0.14478069771038893,0.027247956403269755,-0.3368242184712309,10,-0.5666823387145996
119,1,test,2.510345966631918,1.1739963822917459,1.6094728457622285,4.288507692996194,2.005577153081733,2.7495161115104736,12.309187892210812,8.504060068597912,9.847436312446456,21.028195982526803,14.527769283854767,16.82270370042936,2.3352541758064183,1.0367252068815633,1.451231399263083,3.892090293010697,1.7278753448026056,2.418718998771805,10.332085761874355,6.668182775568065,7.911468011014592,17.220142936457258,11.113637959280107,13.185780018357653,2.510345966631918,1.1739963822917459,1.6094728457622285,4.288507692996194,2.005577153081733,2.7495161115104736,12.309187892210812,8.504060068597912,9.847436312446456,21.028195982526803,14.527769283854767,16.82270370042936,0.5728643216080402,-0.0021356783919597166,-0.0021356783919597166,0.46733668341708545,-0.002663316582914521,-0.002663316582914521,0.321608040201005,-0.0033919597989949812,-0.0033919597989949812,0.4020979020979021,0.10541378342425456,0.18465604163278582,0.41052631578947374,0.42211055276381915,0.1389025327136938,0.21175996845664047,0.38888888888888884,0.4020979020979021,0.10541378342425456,0.18465604163278582,0.41052631578947374,17.0,-1.0,-1.0,30.0,-3.0,-3.0,36.0,0.0,0.0,-0.0004621507526810996,-5.810912460659223e-05,-8.634889542879952e-05,-0.01781078983873563,-0.01950537102484251,-0.0209348955745412,0.03496503496503497,0.37727697598126675,10,-0.45586585998535156
280,1,test,2.605585196172405,1.218704954137281,1.673802843795957,3.716162492901627,1.738152967376122,2.3872270067253814,13.539146041369687,9.53680183106177,11.000115447114093,19.309929599986273,13.601668185284815,15.688689244244687,2.5307484059063134,1.1471769889874144,1.5975414532008587,3.419930278251775,1.5502391743073167,2.158839801622782,12.562904771364025,8.573781732767968,10.020254495600938,16.976898339681114,11.586191530767522,13.54088445351478,2.605585196172405,1.218704954137281,1.673802843795957,3.716162492901627,1.738152967376122,2.3872270067253814,13.539146041369687,9.53680183106177,11.000115447114093,19.309929599986273,13.601668185284815,15.688689244244687,0.6432160804020101,-0.001783919597989958,-0.001783919597989958,0.48743718592964824,-0.002562814070351749,-0.002562814070351749,0.3467336683417085,-0.003266331658291488,-0.003266331658291488,0.4115384615384615,0.12171120626015053,0.18263820578398582,0.42471042471042475,0.4170854271356784,0.12886487575723227,0.18002365751965166,0.4191919191919192,0.4115384615384615,0.12171120626015053,0.18263820578398582,0.42471042471042475,17.0,0.0,0.0,30.0,0.0,0.0,37.0,0.0,0.0,-0.0001377501938752058,1.852974353128245e-05,-7.061667320448061e-05,-0.00011401557000390028,-0.0001672912548489336,9.637194842149199e-05,0.038461538461538464,-0.3811455156480908,10,-0.49059629440307617
29,1,test,1.6280668963943479,0.6692683473331358,0.9661994828427811,3.0278073378065615,1.244675889857356,1.7968953796771232,5.094017930081654,2.4854573976215293,3.1556091626177842,9.473630906554297,4.622344550454674,5.86866338169771,1.466951447325779,0.5725118759070872,0.8466071578543553,2.4863583852979305,0.9703591117069275,1.4349273861938225,4.335996458306496,1.8900318415105932,2.4764282969203255,7.349146539502535,3.203443799170497,4.197336096475128,1.6173636964078748,0.6598070662726696,0.9532715602431466,3.013721173430823,1.2294541607565275,1.7762824103909567,5.039786380723203,2.434463458117367,3.0970603909103476,9.390906299484229,4.536267313262175,5.770919983062759,0.4522613065326633,-0.0027386934673366836,-0.0027386934673366836,0.25125628140703515,-0.003743718592964851,-0.003743718592964851,0.16080402010050254,-0.004195979899497493,-0.004195979899497493,0.3453947368421053,0.089237101374125,0.14517591846136135,0.3729372937293729,0.3266331658291457,0.07600659941310561,0.12296037784917913,0.3484848484848485,0.34448160535117056,0.08738644675350782,0.14092209478387352,0.3691275167785235,19.0,-10.0,-10.0,25.0,-10.0,-10.0,29.0,-10.0,-10.0,-0.0003062554825939804,0.00010966557912417029,-0.00010933675711132896,-0.04042130051383808,-0.03981348231354076,-0.03675328951811174,0.9605263157894737,-0.2732466336303075,292,-0.5757831335067749
412,1,test,1.569115808859541,0.7054182721522204,0.9871812627970593,2.7481689307709476,1.2354783297581262,1.7289615337123638,4.802400076377585,2.4304853350288806,3.012903127761419,8.410983184616109,4.256782225191825,5.276835986474802,1.5495418837922716,0.6502702285360021,0.9358784020566399,2.582569806320453,1.0837837142266704,1.5597973367610667,4.709312276061586,2.2514999516680816,2.8621261250638232,7.8488537934359766,3.7524999194468025,4.770210208439706,1.5661313274335344,0.6928207640045613,0.9776042444016406,2.66954203539807,1.180944484098684,1.6663708711391603,4.788088769087499,2.3932628012683894,2.9867555229350016,8.161514947308236,4.079425229434754,5.091060550457389,0.44221105527638194,-0.0027889447236180143,-0.0027889447236180143,0.29648241206030146,-0.0035175879396985854,-0.0035175879396985854,0.20603015075376885,-0.003969849246231116,-0.003969849246231116,0.33333333333333337,0.08655913978494623,0.14536340852130325,0.32792207792207795,0.3316582914572864,0.08415829145728637,0.13864664420271067,0.31818181818181823,0.32441471571906355,0.07941471571906356,0.1346255925226152,0.31879194630872487,18.0,0.0,0.0,28.0,0.0,0.0,37.0,0.0,0.0,9.376211165403167e-05,5.652352297841915e-06,-8.502876555798925e-05,-0.07097967435886332,-0.07652204104659166,-0.0713612362033702,0.032362459546925564,0.3844762146215374,10,-0.843899130821228
320,1,test,1.6962963791598527,0.7411423218466759,1.0531377514943596,2.9253494442996257,1.278137656837381,1.8161896552717098,5.453711462325279,2.8546405043583607,3.5512308355519604,9.405203000896288,4.922972845839567,6.124278327179427,1.5029627373621566,0.6139193225117939,0.8922963755202794,2.424133447358317,0.9901924556641837,1.4391877024520634,4.494986827145688,2.062185470933888,2.653328626405699,7.249978753460787,3.326105598280464,4.279562300654353,1.6962963791598527,0.7411423218466759,1.0531377514943596,2.9253494442996257,1.278137656837381,1.8161896552717098,5.453711462325279,2.8546405043583607,3.5512308355519604,9.405203000896288,4.922972845839567,6.124278327179427,0.42713567839195976,-0.002864321608040288,-0.002864321608040288,0.29648241206030146,-0.0035175879396985854,-0.0035175879396985854,0.1959798994974874,-0.004020100502512558,-0.004020100502512558,0.3414634146341463,0.09102863202545064,0.1502699036260351,0.33916083916083917,0.3266331658291457,0.09104419339806802,0.1379854195854061,0.31313131313131315,0.3414634146341463,0.09102863202545064,0.1502699036260351,0.33916083916083917,18.0,-8.0,-8.0,27.0,-13.0,-13.0,35.0,-15.0,-15.0,-0.0006153011922785258,-0.00010178939448029802,8.39430498508082e-05,-0.05989563723161506,-0.05918146315564332,-0.058986517834085817,0.03484320557491289,-0.3609682861830346,10,-0.6181982755661011
376,1,test,2.8505828880362474,1.3460462487891456,1.8449359291961402,4.484250274162283,2.1174645668086556,2.902267631308548,17.29786161918155,12.795794553456968,14.564186342944064,27.211255997425944,20.129056929122363,22.91091301901727,2.9657230241438226,1.3550985661136379,1.8899090446798337,4.39366373947233,2.0075534312794634,2.7998652513775313,19.408731150824675,14.402794901725606,16.476352325325077,28.753675778999515,21.337473928482375,24.409410852333444,2.8505828880362474,1.3460462487891456,1.8449359291961402,4.484250274162283,2.1174645668086556,2.902267631308548,17.29786161918155,12.795794553456968,14.564186342944064,27.211255997425944,20.129056929122363,22.91091301901727,0.6281407035175879,-0.0018592964824121205,-0.0018592964824121205,0.5376884422110553,-0.0023115577889447625,-0.0023115577889447625,0.3869346733668342,-0.0030653266331658324,-0.0030653266331658324,0.3843283582089553,0.09382556491286587,0.16472538054146146,0.348314606741573,0.39698492462311563,0.09873931058802787,0.18162599307052796,0.36363636363636365,0.3843283582089553,0.09382556491286587,0.16472538054146146,0.348314606741573,17.0,-2.0,-2.0,24.0,-3.0,-3.0,32.0,-3.0,-3.0,7.42838217820092e-05,0.0004306676624575186,0.00010631884206782096,-0.03084535785501341,-0.03422385845037912,-0.03536238960120208,0.9589552238805971,0.3947421009574237,257,-0.4713447093963623
14,1,test,1.5795038506217427,0.7062091145488818,0.986492181397652,3.121175273683683,1.395503040725335,1.9493558075522464,4.852547625389578,2.4577595610339316,3.043118004157087,9.588866565141082,4.8566506295880085,6.013346954322387,1.6940331201349843,0.7196936945165521,1.027681148238317,2.8957831113418537,1.230245631652226,1.7567199115184906,5.441382257993495,2.7919657618493683,3.4942610622202284,9.301508133322214,4.772591045896356,5.973095832855091,1.6401907232637134,0.7330350265083441,1.011737138157129,3.094699477856063,1.3830849556761209,1.9089379965228848,5.1561528167555934,2.678886410373687,3.2814435585538235,9.728590220293572,5.054502661082428,6.191402940667592,0.4974874371859297,-0.002512562814070307,-0.002512562814070307,0.3467336683417085,-0.003266331658291488,-0.003266331658291488,0.20100502512562812,-0.003994974874371837,-0.003994974874371837,0.37386018237082064,0.1265157210658131,0.1807358143222868,0.35365853658536583,0.37688442211055273,0.11623279303787104,0.17655053229419215,0.36868686868686873,0.36789297658862874,0.11580616523637499,0.17545693654413486,0.3557046979865772,20.0,-11.0,-11.0,30.0,-21.0,-21.0,40.0,-27.0,-27.0,0.00033543313983790384,0.00011983141202452706,0.00021474578120316465,-0.09160560810728846,-0.093073079095916,-0.09868788750444413,0.9665653495440729,0.1522760889488149,318,-0.4734154939651489
26,1,test,1.4062597977085383,0.6011063864113765,0.7616050815698768,2.943673358933935,1.258274508342985,1.594240688882022,4.08066431599021,1.8436246563372802,2.1753352796757035,8.541908723627175,3.85919358114125,4.553551569891111,1.6527581641688767,0.6678429652909404,0.9866906217352978,2.8012850240150455,1.131937229306679,1.6723569859920304,5.221361356559501,2.5437765439628173,3.2747939006688145,8.849765011117798,4.311485667733588,5.550498136726803,1.575029156633814,0.6709455871903144,0.9534254228302917,3.150058313267628,1.3418911743806288,1.9068508456605835,4.830882468328037,2.3612148615156725,2.9689708089179776,9.661764936656073,4.722429723031345,5.937941617835955,0.4723618090452262,-0.0026381909547738003,-0.0026381909547738003,0.3065326633165829,-0.0034673366834171437,-0.0034673366834171437,0.19095477386934678,-0.004045226130653168,-0.004045226130653168,0.33498759305210923,0.09459106269275364,0.1355741033160388,0.2960199004975125,0.36180904522613067,0.10115741615344898,0.16481405357337608,0.33838383838383834,0.3377926421404682,0.09405307619722947,0.1564800726187775,0.3221476510067114,13.0,-3.0,-3.0,18.0,-5.0,-5.0,23.0,-6.0,-6.0,0.00032372356556346557,0.0006276698135886679,8.75398279409864e-05,-0.09161415492766611,-0.10417535606620998,-0.09713430165341563,0.02481389578163772,0.21638459128554222,10,-0.5203872919082642
377,1,test,1.880374029878611,0.8367966702997784,1.1570204518885907,3.2204106948495745,1.4331345272950224,1.981563762429885,6.5559565272886475,3.716600261288787,4.4946220491461,11.228017500758718,6.365211941747463,7.697686038192746,1.7653620069670255,0.7401184043017237,1.0636152294210928,2.674790919647008,1.1213915216692782,1.611538226395595,5.8436874307904345,3.0559129436389543,3.826414071304738,8.85407186483399,4.6301711267256875,5.79759707773445,1.880374029878611,0.8367966702997784,1.1570204518885907,3.2204106948495745,1.4331345272950224,1.981563762429885,6.5559565272886475,3.716600261288787,4.4946220491461,11.228017500758718,6.365211941747463,7.697686038192746,0.4824120603015075,-0.0025879396984924696,-0.0025879396984924696,0.35678391959798994,-0.0032160804020100464,-0.0032160804020100464,0.2211055276381909,-0.003894472361809065,-0.003894472361809065,0.3804713804713805,0.12500919559743096,0.18338291462591583,0.41554054054054057,0.37688442211055273,0.11873905870203139,0.17655053229419215,0.40909090909090906,0.3804713804713805,0.12500919559743096,0.18338291462591583,0.41554054054054057,19.0,-8.0,-8.0,29.0,-12.0,-12.0,37.0,-14.0,-14.0,-0.00033019472022219695,-0.00013702299661908898,-8.322100483535725e-05,-0.02056554326432991,-0.022117904353712525,-0.02018843473465992,0.04040404040404041,-0.5173136164428552,12,-0.5865112543106079
391,1,test,1.8496537883435664,0.8175431059389349,1.144100104213742,2.927794231816554,1.2940789270477255,1.8109819831404685,6.35761806005828,3.550633821249175,4.332650493066621,10.063395431963908,5.620254604758053,6.858099176191017,1.8433084603409235,0.8002184722495265,1.1329336644911343,2.814211389833471,1.2217075912206512,1.7296697167803579,6.317404606853761,3.479431824977877,4.282650873847574,9.644892529547725,5.312109656454773,6.538398280683319,1.8496537883435664,0.8175431059389349,1.144100104213742,2.927794231816554,1.2940789270477255,1.8109819831404685,6.35761806005828,3.550633821249175,4.332650493066621,10.063395431963908,5.620254604758053,6.858099176191017,0.5276381909547738,-0.002361809045226204,-0.002361809045226204,0.38190954773869346,-0.0030904522613065533,-0.0030904522613065533,0.21105527638190957,-0.0039447236180903955,-0.0039447236180903955,0.3864406779661017,0.12755742923513724,0.1925286148319416,0.3979591836734694,0.40201005025125625,0.13634588985025375,0.20167616043489567,0.4191919191919192,0.3864406779661017,0.12755742923513724,0.1925286148319416,0.3979591836734694,14.0,-3.0,-3.0,20.0,-6.0,-6.0,26.0,-7.0,-7.0,7.269341759895074e-05,-0.00031670856790020133,5.790737537238326e-05,-0.01804892979532635,-0.017187997038463187,-0.018389223263374,0.9593220338983051,-0.16205417971471964,283,-0.5632578134536743
63,1,test,2.1494901858070232,0.9708801750470075,1.3424542021640045,3.8908493236760044,1.7574160130597734,2.430012036828515,8.580482829980218,5.33062902983205,6.339227814716453,15.531760059331281,9.649113307164342,11.474804778537377,2.265618953480008,1.00560643021484,1.4030074598748876,3.624990325568013,1.6089702883437438,2.24481193579982,9.63708766443756,6.111622027007611,7.267747526414554,15.419340263100096,9.778595243212179,11.628396042263287,2.1494901858070232,0.9708801750470075,1.3424542021640045,3.8908493236760044,1.7574160130597734,2.430012036828515,8.580482829980218,5.33062902983205,6.339227814716453,15.531760059331281,9.649113307164342,11.474804778537377,0.5829145728643217,-0.002085427135678275,-0.002085427135678275,0.40703517587939697,-0.00296482412060306,-0.00296482412060306,0.29648241206030146,-0.0035175879396985854,-0.0035175879396985854,0.3649122807017544,0.09170737702399612,0.14904296914982906,0.3415492957746479,0.3668341708542714,0.08362615080414604,0.14646689205627472,0.36868686868686873,0.3649122807017544,0.09170737702399612,0.14904296914982906,0.3415492957746479,22.0,-13.0,-13.0,30.0,-17.0,-17.0,37.0,-16.0,-16.0,0.00030485181802524197,4.0209554879914275e-05,6.995142352649156e-06,-0.02754694244244149,-0.027488990103554656,-0.029892776809266053,0.042105263157894736,-0.4563800285176432,12,-0.5807170867919922
359,1,test,1.6681028490575571,0.7255489976191022,1.0237686280375722,2.832979140298868,1.2322172920458494,1.738690854320793,5.302099366724337,2.7355717807555537,3.397380881220939,9.004682723375412,4.645887270109991,5.769853563637797,1.4553278643540475,0.5916772265021483,0.8599848712218022,2.3473030070226573,0.9543181072615294,1.3870723729383907,4.285888425311511,1.9140849214408577,2.472235516530123,6.9127232666314695,3.0872337442594477,3.9874766395647145,1.6547680684720336,0.7187370205418091,1.0166432314232021,2.804691641478023,1.2181983399013714,1.7231241210562747,5.231866346694395,2.6820252354063485,3.338938345917759,8.867570079143043,4.545805483739574,5.65921753545383,0.42211055276381915,-0.0028894472361808976,-0.0028894472361808976,0.27638190954773867,-0.0036180904522613577,-0.0036180904522613577,0.1758793969849246,-0.004120603015075441,-0.004120603015075441,0.33993399339933994,0.0907590759075908,0.14851485148514854,0.3675496688741722,0.3316582914572864,0.09296482412060303,0.14907872696817415,0.3434343434343434,0.3377926421404682,0.09030100334448166,0.14604236343366783,0.3657718120805369,15.0,-6.0,-6.0,25.0,-14.0,-14.0,28.0,-13.0,-13.0,-0.0009601806020600644,-0.00015280579158017884,-7.9696571160132e-05,-0.025613517148117104,-0.02669047550817627,-0.025839100230308887,0.9504950495049505,-0.16291603158794393,288,-0.5416935682296753
3,1,test,1.4948699449209952,0.6667925998591165,0.9178258004386048,3.2961418040183434,1.470256974844636,2.023777386060278,4.458756631191831,2.1698429155002117,2.677989677291877,9.831419901075156,4.78443624225202,5.904884071047306,1.8210125688809184,0.7893681572624951,1.1303392899572269,3.3413074658365476,1.4483819399311837,2.0740170457930764,6.178111046745612,3.3724353176007895,4.183052734872609,11.335983572010297,6.187954711194109,7.675326119032311,1.5177327334818729,0.6710394450242502,0.9503112005305465,3.423457293568134,1.5136228083253764,2.1435590989410827,4.561870484923465,2.2299473930866545,2.798156978709105,10.289933424639393,5.029956525759371,6.311632282802492,0.48743718592964824,-0.002562814070351749,-0.002562814070351749,0.31155778894472363,-0.003442211055276312,-0.003442211055276312,0.24120603015075381,-0.0037939698492461815,-0.0037939698492461815,0.34463276836158196,0.11332106173252698,0.16770217207614702,0.2662889518413598,0.3517587939698492,0.09611969622548833,0.15810270048070063,0.28787878787878785,0.34782608695652173,0.11911156274951007,0.17763698795763405,0.25838926174496646,18.0,-7.0,-7.0,25.0,-9.0,-9.0,36.0,-13.0,-13.0,0.0012493831574567082,0.0002656646639950074,0.0005811941206939793,-0.07447897009935733,-0.07839749143052988,-0.08554006591666408,0.9689265536723164,0.41574069628454047,343,-0.48438334465026855
397,1,test,2.0455170561709632,0.9197378009211212,1.2923376169913328,3.457583669140596,1.5546535731698954,2.1844674558176074,7.733155980390353,4.650537920865673,5.6094143794320095,13.071528173304984,7.860909259785849,9.48171978974959,1.992765406531275,0.8636347052462692,1.2264173445748847,3.266828535297172,1.4157945987643759,2.0105202370080075,7.335792185633228,4.242825566401746,5.183898879886692,12.025888828906933,6.955451748199584,8.498194885060151,2.0455170561709632,0.9197378009211212,1.2923376169913328,3.457583669140596,1.5546535731698954,2.1844674558176074,7.733155980390353,4.650537920865673,5.6094143794320095,13.071528173304984,7.860909259785849,9.48171978974959,0.5477386934673367,-0.002261306532663321,-0.002261306532663321,0.40703517587939697,-0.00296482412060306,-0.00296482412060306,0.2613065326633166,-0.003693467336683409,-0.003693467336683409,0.4061302681992337,0.1346197519468436,0.1997608414476414,0.4,0.40703517587939697,0.12883968715759242,0.1966845915722183,0.398989898989899,0.4061302681992337,0.1346197519468436,0.1997608414476414,0.4,21.0,-12.0,-12.0,31.0,-20.0,-20.0,41.0,-24.0,-24.0,-4.742459353425437e-05,-0.00024516244220853595,1.1752595515163773e-05,-0.009492951367913172,-0.0095668217117435,-0.008806248304787268,0.9540229885057471,0.3213046977702989,249,-0.5731301307678223
253,1,test,2.3678586310093555,1.1091845108061675,1.5179195457975514,4.032392916174348,1.8889082758283249,2.5849718997740476,10.674509728734273,7.153759429093208,8.335005391560049,18.17837300338906,12.1826398198419,14.19426660740919,2.565263161684989,1.1589653500405592,1.6204833449820546,3.717772698094187,1.6796599275950137,2.348526586930514,13.004080095046923,8.923260653996573,10.43183314462973,18.846492891372353,12.932261817386339,15.118598760332942,2.3973964567717867,1.1150130455025336,1.5395857164818523,3.8667684786641723,1.7984081379073125,2.4832027685191167,10.994514391975919,7.389292171007991,8.636521611748794,17.733087728993418,11.918213179045148,13.929873567336763,0.6080402010050252,-0.001959798994974782,-0.001959798994974782,0.49246231155778897,-0.002537688442211028,-0.002537688442211028,0.371859296482412,-0.003140703517587995,-0.003140703517587995,0.39650145772594747,0.1141142670418136,0.18340272849818595,0.38888888888888884,0.42713567839195976,0.13640886134935326,0.2084378486757661,0.4242424242424242,0.4013377926421404,0.1192008978174326,0.18887950565660094,0.3959731543624161,20.0,-8.0,-8.0,32.0,-13.0,-13.0,41.0,-15.0,-15.0,0.0003945892582767804,3.024324462967156e-05,0.0002453056031355899,-0.001996584362233378,-0.003554288937186456,-0.004019306122649446,0.9504373177842566,0.3324707921846296,326,-0.5316176414489746
30,1,test,2.0629772550892986,0.9320738769802566,1.2991390316756601,3.5598936779894603,1.6083957755208085,2.2418069875866573,7.86936407192827,4.770909759937508,5.722864898907675,13.57945141680305,8.232728427209235,9.875431502383364,2.0730854105531487,0.8835132239005286,1.2660406907457402,3.214085907834339,1.3697879440318275,1.962853784101923,7.949312210754463,4.663636959820874,5.708037615432918,12.324515055433276,7.23044489894709,8.849670721601424,2.0629772550892986,0.9320738769802566,1.2991390316756601,3.5598936779894603,1.6083957755208085,2.2418069875866573,7.86936407192827,4.770909759937508,5.722864898907675,13.57945141680305,8.232728427209235,9.875431502383364,0.5577889447236181,-0.00221105527638199,-0.00221105527638199,0.3869346733668342,-0.0030653266331658324,-0.0030653266331658324,0.2613065326633166,-0.003693467336683409,-0.003693467336683409,0.35460992907801414,0.08333333333333326,0.14893617021276595,0.35231316725978645,0.36180904522613067,0.07788944723618096,0.1507537688442211,0.36363636363636365,0.35460992907801414,0.08333333333333326,0.14893617021276595,0.35231316725978645,20.0,-11.0,-11.0,29.0,-15.0,-15.0,34.0,-17.0,-17.0,0.00011362995992564884,0.0002684854151721431,-0.00011234538318135149,-0.0059411084790168545,-0.005074997412042315,-0.00479478342262496,0.9609929078014184,0.5940760383443808,271,-0.5287094116210938
479,1,test,1.6435866632522549,0.7000950071058887,1.000474647100598,2.995904803902844,1.2761225445980755,1.8236499896517233,5.1736925674070635,2.604756950830438,3.271300616069139,9.430528224134394,4.747911404045355,5.962877072328556,1.492749058617394,0.6357817883777278,0.9032344483616078,2.467353815896519,1.0508789890540955,1.4929495014241452,4.449310136333413,2.093305413843712,2.646197145932725,7.354231630303162,3.4600089485020042,4.3738795800540915,1.6435866632522549,0.7000950071058887,1.000474647100598,2.995904803902844,1.2761225445980755,1.8236499896517233,5.1736925674070635,2.604756950830438,3.271300616069139,9.430528224134394,4.747911404045355,5.962877072328556,0.3869346733668342,-0.0030653266331658324,-0.0030653266331658324,0.24623115577889443,-0.0037688442211055717,-0.0037688442211055717,0.16582914572864327,-0.004170854271356772,-0.004170854271356772,0.33797909407665505,0.09797909407665506,0.14446808596541516,0.3776223776223776,0.321608040201005,0.09353786476240844,0.1312908448754624,0.33333333333333337,0.33797909407665505,0.09797909407665506,0.14446808596541516,0.3776223776223776,17.0,-5.0,-5.0,24.0,-5.0,-5.0,29.0,-6.0,-6.0,-0.00017896023772317706,0.00010344884320004183,-0.0002366584043011795,-0.07716134196078617,-0.07639195457231196,-0.07252971539886932,0.9547038327526133,-0.21704643278965793,274,-0.6993193626403809
129,1,test,1.4679867532044915,0.6505431117446129,0.8979781170551681,2.7711193790437725,1.2280305799243225,1.6951137717672422,4.340487865518823,2.0757848271311135,2.5722055430008464,8.193541264856387,3.9184601282207643,4.8555537790336825,1.2830542481734566,0.5005176259302563,0.7453409216798375,2.103367619956486,0.8205206982463216,1.2218703634095696,3.6076415484779663,1.4206286876804306,1.8955541507460059,5.914166472914699,2.3288994880007063,3.107465820895092,1.4022304105804193,0.6002223369383825,0.8554316072468632,2.4600533518954726,1.053021643751548,1.5007572056962513,4.064254822025052,1.834240353358993,2.3365414165155793,7.130271617587811,3.21796553220876,4.099195467571192,0.38190954773869346,-0.0030904522613065533,-0.0030904522613065533,0.2562814070351759,-0.00371859296482413,-0.00371859296482413,0.1507537688442211,-0.0042462311557789345,-0.0042462311557789345,0.3267045454545454,0.10259107027724046,0.14781891495601174,0.3447293447293447,0.321608040201005,0.09855039609072924,0.15132423385709848,0.31313131313131315,0.3277591973244147,0.10071412219920606,0.1486713219072846,0.3422818791946308,11.0,-2.0,-2.0,17.0,-7.0,-7.0,26.0,-14.0,-14.0,-0.0002099660755043327,-0.00033503003931500725,-0.00015072528082437495,-0.11985540287467167,-0.12326489240720129,-0.11705330330578256,0.96875,0.6484836208813853,341,-0.572158694267273
265,1,test,1.8555303278173725,0.8672706460840549,1.1852253766871836,3.4603133140378026,1.6173425562108052,2.210285161930153,6.395088844987243,3.708533904032076,4.440255486595143,11.925976494705939,6.915914577789546,8.280476447974726,1.8938402320624237,0.8296637780476419,1.1811886647272447,3.1829247597687793,1.3943929042817511,1.985191033155033,6.6448374646048185,3.7463864713991644,4.605445784550211,11.167794058159359,6.296447851091032,7.740245016050774,1.94928708903419,0.9147682957373406,1.253798849356998,3.60979090561887,1.6940153624765564,2.3218497210314775,7.023678537850738,4.209926624336765,5.018990934779179,13.006812107130994,7.796160415438451,9.29442765699848,0.4120603015075377,-0.0029396984924623393,-0.0029396984924623393,0.31658291457286436,-0.003417085427135591,-0.003417085427135591,0.23115577889447236,-0.003844221105527623,-0.003844221105527623,0.3226744186046512,0.10061346069463661,0.14183375389301878,0.29446064139941686,0.321608040201005,0.10356292741905004,0.13629919212087138,0.2777777777777778,0.3277591973244147,0.10238357128100906,0.13977254548904205,0.30201342281879195,17.0,0.0,0.0,24.0,0.0,0.0,33.0,-2.0,-2.0,-4.189327596391151e-05,8.067911643129934e-05,9.327015931226262e-05,-0.10798722797343618,-0.11890935669459868,-0.11661428472947755,0.9680232558139535,0.6636148600663375,333,-1.2953847646713257
337,1,test,2.28818108555287,1.0643945849861258,1.456304644241654,3.560821127517668,1.6563893260739149,2.2662718340165062,9.856992339828308,6.456954705208284,7.559366281589263,15.339252124339557,10.04818232214997,11.763732921349584,2.2551130643106037,1.0149380757829085,1.4038555465783702,3.221590091872291,1.4499115368327264,2.005507923683386,9.536371472460965,6.080153262075577,7.193780622454576,13.62338781780138,8.68593323153654,10.276829460649395,2.28818108555287,1.0643945849861258,1.456304644241654,3.560821127517668,1.6563893260739149,2.2662718340165062,9.856992339828308,6.456954705208284,7.559366281589263,15.339252124339557,10.04818232214997,11.763732921349584,0.6030150753768844,-0.0019849246231156137,-0.0019849246231156137,0.42713567839195976,-0.002864321608040288,-0.002864321608040288,0.31155778894472363,-0.003442211055276312,-0.003442211055276312,0.39492753623188404,0.11282988704562724,0.18408416273790817,0.4181818181818182,0.3919597989949749,0.09872671628820795,0.16825362203337224,0.4292929292929293,0.39492753623188404,0.11282988704562724,0.18408416273790817,0.4181818181818182,21.0,-9.0,-9.0,33.0,-14.0,-14.0,41.0,-13.0,-13.0,9.04438322654874e-05,-0.00020195356120738018,-4.048670831118682e-05,-0.01794095483931457,-0.016180100668010233,-0.017137020637628453,0.9601449275362319,0.22623017154011085,265,-0.4907100200653076
319,1,test,2.7708471023516847,1.3433013839013814,1.8147349806298527,3.9749324923788567,1.9270396816176887,2.603337092631307,15.97215833362793,11.803702271129751,13.37059610507233,22.912939180178288,16.9330598025631,19.180855145496434,2.7887977877603705,1.32968128053152,1.8122020111167294,3.927884208113198,1.8727905359598873,2.5523971987559566,16.261458321390688,11.959301397127682,13.606057062295365,22.903462424493927,16.84408647482772,19.163460651120236,2.7708471023516847,1.3433013839013814,1.8147349806298527,3.9749324923788567,1.9270396816176887,2.603337092631307,15.97215833362793,11.803702271129751,13.37059610507233,22.912939180178288,16.9330598025631,19.180855145496434,0.6281407035175879,-0.0018592964824121205,-0.0018592964824121205,0.4773869346733668,-0.0026130653266331905,-0.0026130653266331905,0.371859296482412,-0.003140703517587995,-0.003140703517587995,0.38827838827838823,0.09211751076467711,0.16172540411273661,0.38235294117647056,0.3919597989949749,0.0962204506240476,0.17326196927878124,0.38383838383838387,0.38827838827838823,0.09211751076467711,0.16172540411273661,0.38235294117647056,20.0,0.0,0.0,32.0,0.0,0.0,37.0,0.0,0.0,-0.0002821056226769471,-7.005027719533157e-06,0.0001323730965311486,-0.00020410455418851114,0.00020435748183800229,5.0812707827141423e-05,0.03663003663003663,0.5282301604608789,10,-0.25159740447998047
216,1,test,1.9371065291263154,0.8799233215586317,1.2172544925259405,3.344887436921603,1.5194024796681027,2.101887117908165,6.9386451292472,4.060393007987546,4.884515877037545,11.981265135967547,7.011260019606401,8.434309392326458,1.9065291325899607,0.8219103276400621,1.1637596207637508,2.8244876038369786,1.217644929837129,1.7240883270574086,6.72969035264493,3.771378442725127,4.627942074412662,9.969911633548044,5.587227322555744,6.856210480611351,1.9371065291263154,0.8799233215586317,1.2172544925259405,3.344887436921603,1.5194024796681027,2.101887117908165,6.9386451292472,4.060393007987546,4.884515877037545,11.981265135967547,7.011260019606401,8.434309392326458,0.5175879396984925,-0.002412060301507535,-0.002412060301507535,0.3467336683417085,-0.003266331658291488,-0.003266331658291488,0.26633165829145733,-0.0036683417085426884,-0.0036683417085426884,0.3581081081081081,0.10347067134588217,0.16372608563619795,0.3593220338983051,0.3517587939698492,0.09110716489716753,0.15309435323529164,0.3484848484848485,0.3581081081081081,0.10347067134588217,0.16372608563619795,0.3593220338983051,18.0,-9.0,-9.0,27.0,-14.0,-14.0,35.0,-17.0,-17.0,-0.00028444806708211175,-5.789187442895105e-05,-2.967381920164674e-06,-0.026444555712942908,-0.029148543936298843,-0.028644648701321884,0.9628378378378378,-0.516510831080647,285,-0.30426132678985596
102,1,test,1.3882460935842877,0.5995574428832052,0.8128349504841123,2.3724017749515527,1.0245958178849142,1.3890700562263703,4.00781455333567,1.8073056557454041,2.2299532212449216,6.849035199127624,3.088541120616559,3.8108120776204295,1.449674116581548,0.5787544390603635,0.8540972084497815,2.14766535789859,0.8574139837931312,1.2653291977033803,4.26172546318416,1.872618411660656,2.447648264161491,6.313667352865421,2.774249498756527,3.6261455765355417,1.413579395454412,0.5860685751982947,0.8412961333431196,2.2799667668619548,0.9452718954811203,1.3569292473276122,4.110642718397812,1.8230253618598975,2.3383336370520373,6.630068900641632,2.9403634868708024,3.771505866212963,0.4522613065326633,-0.0027386934673366836,-0.0027386934673366836,0.27638190954773867,-0.0036180904522613577,-0.0036180904522613577,0.15577889447236182,-0.004221105527638214,-0.004221105527638214,0.33333333333333337,0.09674461256304456,0.1407624633431085,0.33977900552486184,0.3668341708542714,0.10868880744575005,0.1681697301197138,0.38888888888888884,0.34782608695652173,0.10074762284967698,0.15872708806886882,0.3557046979865772,14.0,-5.0,-5.0,19.0,-10.0,-10.0,26.0,-10.0,-10.0,-8.875660128588889e-05,7.936160098656246e-05,-1.3434720904859056e-05,-0.05641898553785474,-0.06723659886747502,-0.063979230941408,0.027548209366391185,-0.23254616177327006,10,-0.515941858291626
61,1,test,1.625891660678335,0.7234444555312146,1.0166141858435975,2.8750523268092505,1.2792615372198306,1.7976714261868492,5.082949283164595,2.617319647550958,3.243847162107385,8.988142025108125,4.628187181644987,5.736071201287448,1.5664877180107442,0.5890961156864086,0.8828259720479349,2.5265930935657166,0.9501550253006592,1.4239128581418308,4.789795502921509,2.132280166204597,2.8086766824521137,7.725476617615336,3.4391615583945105,4.530123681374376,1.625891660678335,0.7234444555312146,1.0166141858435975,2.8750523268092505,1.2792615372198306,1.7976714261868492,5.082949283164595,2.617319647550958,3.243847162107385,8.988142025108125,4.628187181644987,5.736071201287448,0.46733668341708545,-0.002663316582914521,-0.002663316582914521,0.3015075376884422,-0.0034924623115578646,-0.0034924623115578646,0.16582914572864327,-0.004170854271356772,-0.004170854271356772,0.38408304498269896,0.12501568746974556,0.19075738330260694,0.4340277777777778,0.3869346733668342,0.13881437261495444,0.1966174780412916,0.4545454545454546,0.38408304498269896,0.12501568746974556,0.19075738330260694,0.4340277777777778,16.0,-7.0,-7.0,19.0,-9.0,-9.0,26.0,-10.0,-10.0,-0.0001192996597652506,-0.00021276572339523793,-0.00011537381725873217,-0.03571490145401679,-0.031045683576848226,-0.0319774190908122,0.9480968858131488,-0.19971088755941796,274,-0.5600075721740723
73,1,test,1.7588486232141376,0.7909609264634855,1.0033334867323433,3.3392633281311888,1.5016794400973419,1.904879518288942,5.805748940121781,3.173370738538894,3.677041124105788,11.022508857332657,6.024805315197031,6.981049090693597,1.8350920407510858,0.7380669480051447,1.0698064822453395,3.1103254927984505,1.2509609288222792,1.8132313258395583,6.265710819626469,3.270468630605064,4.116102693721991,10.619848846824524,5.543167170517058,6.9764452435965945,1.8808681829294338,0.8522286976243989,1.1869917898739004,3.4406125297489645,1.5589549346787785,2.1713264448912817,6.559196973779989,3.7619394390990837,4.557738016908672,11.998531049597542,6.881596534937349,8.337325640686597,0.4824120603015075,-0.0025879396984924696,-0.0025879396984924696,0.33668341708542715,-0.0033165829145728187,-0.0033165829145728187,0.24623115577889443,-0.0037688442211055717,-0.0037688442211055717,0.33163265306122447,0.10105940465358121,0.1390617830709996,0.309462915601023,0.3517587939698492,0.10113222755380913,0.15142490415348864,0.33838383838383834,0.35785953177257523,0.10911161858392748,0.164311144675801,0.34563758389261745,19.0,-8.0,-8.0,26.0,-8.0,-8.0,34.0,-11.0,-11.0,0.00034080142065661317,0.0004381927992679659,0.00014208503821749755,-0.0859981617153398,-0.09445644872025305,-0.0892444336263507,0.025510204081632654,-0.49301769915326954,10,-0.39930081367492676
92,1,test,1.7706883366960922,0.7839476566335167,1.1006183472461561,2.8820778246223626,1.2759999092013623,1.7914319907304455,5.874895876334695,3.1924187189592654,3.9205217749170895,9.562330522119238,5.196170893625188,6.381274803854412,1.5618124073184594,0.6313067676445238,0.9265241663720869,2.3310632945051633,0.9422489069321252,1.3828718901075925,4.767453988250096,2.231662938182611,2.8798878513463633,7.1156029675374555,3.3308402062427027,4.298340076636363,1.794030419030012,0.7875132919895875,1.1108074428008412,2.862814498452147,1.256670146791895,1.7725650682992147,6.0136411821691755,3.277586113376575,4.033391426003444,9.596235928993364,5.2301906064519805,6.436262913835282,0.4371859296482412,-0.002814070351758735,-0.002814070351758735,0.27638190954773867,-0.0036180904522613577,-0.0036180904522613577,0.18090452261306533,-0.0040954773869347205,-0.0040954773869347205,0.3245901639344262,0.06599769257599741,0.12393585640988969,0.33223684210526316,0.3517587939698492,0.10113222755380913,0.16311104772610963,0.30808080808080807,0.32441471571906355,0.06565010803959781,0.12307989925632723,0.3389261744966443,20.0,-6.0,-6.0,28.0,-7.0,-7.0,32.0,-7.0,-7.0,-0.0004616621746599047,0.00021053330673168253,-2.6566195704758396e-06,-0.03396614943165588,-0.03657695615654877,-0.036509585537660705,0.03934426229508197,0.2804881929024394,12,-0.9431569576263428
115,1,test,1.6777728368932723,0.7409382488180587,1.0455121603808624,3.1158638399446486,1.3760281763763946,1.9416654407073157,5.353619300206627,2.8017284658152053,3.471759249275695,9.94243584324088,5.203210007942525,6.4475528915120055,1.6039802816632138,0.6608871863522322,0.9608715293048923,2.718610646886803,1.1201477734783596,1.6285958123811735,4.972786175197995,2.4048742317352048,3.0704004328641092,8.428451144403383,4.076058019890179,5.204068530278153,1.6777728368932723,0.7409382488180587,1.0455121603808624,3.1158638399446486,1.3760281763763946,1.9416654407073157,5.353619300206627,2.8017284658152053,3.471759249275695,9.94243584324088,5.203210007942525,6.4475528915120055,0.4824120603015075,-0.0025879396984924696,-0.0025879396984924696,0.29145728643216084,-0.0035427135678391952,-0.0035427135678391952,0.1959798994974874,-0.004020100502512558,-0.004020100502512558,0.36140350877192984,0.09695517251974073,0.15136850293762416,0.40492957746478875,0.3919597989949749,0.12880190425813276,0.18327866376959923,0.4292929292929293,0.36140350877192984,0.09695517251974073,0.15136850293762416,0.40492957746478875,16.0,-7.0,-7.0,23.0,-10.0,-10.0,33.0,-16.0,-16.0,-0.00011274255284673341,-0.00031091065434833676,-9.803752570435845e-05,-0.043252440449296436,-0.041288966398214555,-0.04437788637383022,0.9578947368421052,0.34885952794108277,273,-0.5244296789169312
40,1,test,1.9870774456501799,0.9003720444677472,1.2552009169277878,3.516524934120318,1.5933856786944374,2.2213252590479637,7.294184929049632,4.32969377208911,5.215206717174554,12.908496965348439,7.662245948181939,9.229335523727087,1.8341713288731285,0.7823829065171297,1.1209318608679162,3.082640888862401,1.3149292546506384,1.8839190938956574,6.259944560190114,3.3971781822225866,4.21935356789665,10.520915227210276,5.709543163399306,7.0913505342800836,1.9870774456501799,0.9003720444677472,1.2552009169277878,3.516524934120318,1.5933856786944374,2.2213252590479637,7.294184929049632,4.32969377208911,5.215206717174554,12.908496965348439,7.662245948181939,9.229335523727087,0.4974874371859297,-0.002512562814070307,-0.002512562814070307,0.35678391959798994,-0.0032160804020100464,-0.0032160804020100464,0.2361809045226131,-0.0038190954773869024,-0.0038190954773869024,0.3745704467353952,0.11899583267021507,0.173427589592538,0.4,0.3668341708542714,0.1111950731099105,0.1564835865470927,0.3787878787878788,0.3745704467353952,0.11899583267021507,0.173427589592538,0.4,21.0,-10.0,-10.0,32.0,-14.0,-14.0,40.0,-16.0,-16.0,-0.00033214319998759644,5.432510055685519e-05,-0.00010721454360952906,-0.009656207671465467,-0.010334486801492737,-0.00962582091864661,0.9587628865979382,-0.5207306594233572,279,-0.5851714611053467
303,1,test,1.6225451096684564,0.7070050722191367,0.9986995368292791,3.256679827263116,1.4190601806684098,2.004532641778767,5.065967365383852,2.5678433971945274,3.1998769173992727,10.168120211949017,5.154028532940444,6.422610098494255,1.6857693655534682,0.6948669133355463,1.0070702904618893,2.983662593899944,1.2298529439567194,1.7824252928529016,5.396601294713819,2.7029370156187005,3.4252897596146035,9.551506716307646,4.783959319679117,6.062459751530273,1.6225451096684564,0.7070050722191367,0.9986995368292791,3.256679827263116,1.4190601806684098,2.004532641778767,5.065967365383852,2.5678433971945274,3.1998769173992727,10.168120211949017,5.154028532940444,6.422610098494255,0.4723618090452262,-0.0026381909547738003,-0.0026381909547738003,0.371859296482412,-0.003140703517587995,-0.003140703517587995,0.20100502512562812,-0.003994974874371837,-0.003994974874371837,0.38928571428571423,0.14507894066717586,0.19332371903630807,0.3870967741935484,0.4120603015075377,0.1614337350914976,0.21506530985478312,0.4191919191919192,0.38928571428571423,0.14507894066717586,0.19332371903630807,0.3870967741935484,19.0,-10.0,-10.0,26.0,-14.0,-14.0,37.0,-22.0,-22.0,-0.00011790500821583223,-7.470018131801906e-05,9.186044005592055e-05,-0.023651207007953978,-0.02394923050047648,-0.024762080519226792,0.9535714285714286,-0.3621076503710501,267,-0.3803340196609497
130,1,test,1.9877024990025747,0.8925730361789144,1.24960173930437,3.216057975914278,1.4441631147164458,2.0218275332565088,7.298745608978177,4.3091759125028215,5.20678700193602,11.809206378571432,6.972149791015802,8.424464362682997,1.9331122979801236,0.8223863136452556,1.1558781086855767,2.9740189199694207,1.265209713300393,1.7782740133624255,6.910985852305038,3.874423761380851,4.735538790025698,10.632285926623135,5.960651940585924,7.285444292347227,1.9877024990025747,0.8925730361789144,1.24960173930437,3.216057975914278,1.4441631147164458,2.0218275332565088,7.298745608978177,4.3091759125028215,5.20678700193602,11.809206378571432,6.972149791015802,8.424464362682997,0.507537688442211,-0.0024623115577889765,-0.0024623115577889765,0.36180904522613067,-0.0031909547738693256,-0.0031909547738693256,0.24623115577889443,-0.0037688442211055717,-0.0037688442211055717,0.3693379790940766,0.1045296167247386,0.16144018583042974,0.39860139860139865,0.3668341708542714,0.10552763819095479,0.15577889447236182,0.4040404040404041,0.3693379790940766,0.1045296167247386,0.16144018583042974,0.39860139860139865,12.0,-2.0,-2.0,21.0,-10.0,-10.0,25.0,-10.0,-10.0,-0.0003419774539951714,-0.0002492928984854559,-5.7964020770272556e-05,-0.00497665250179935,-0.004093325001585768,-0.004812306207469419,0.9616724738675958,0.28638088419303354,276,-0.7179619073867798
372,1,test,2.431994403063433,1.1646925095441385,1.575320496771833,3.901881130189683,1.868627542785101,2.527437280535028,11.381558875037044,7.830300922596704,9.026245218022591,18.260523030279213,12.562900381308998,14.481668151992288,2.633282652750339,1.2352940512852633,1.6881501533386318,3.9598235379704345,1.8575850395267115,2.538571659155837,13.919387503465073,9.872335962279628,11.346233206032377,20.931409779646724,14.845617988390417,17.06200482110132,2.431994403063433,1.1646925095441385,1.575320496771833,3.901881130189683,1.868627542785101,2.527437280535028,11.381558875037044,7.830300922596704,9.026245218022591,18.260523030279213,12.562900381308998,14.481668151992288,0.6432160804020101,-0.001783919597989958,-0.001783919597989958,0.457286432160804,-0.0027135678391959628,-0.0027135678391959628,0.3668341708542714,-0.0031658291457286047,-0.0031658291457286047,0.3883161512027491,0.10015148567959298,0.16888757977417768,0.33793103448275863,0.39698492462311563,0.10375184191634867,0.16493150225249797,0.33838383838383834,0.3883161512027491,0.10015148567959298,0.16888757977417768,0.33793103448275863,19.0,-7.0,-7.0,30.0,-12.0,-12.0,39.0,-13.0,-13.0,0.0008732310885023208,0.00034729714277743586,4.90947290412174e-05,-0.005004372189240769,-0.004108819101785954,-0.004200469803375739,0.03436426116838488,0.7618067442132072,10,-0.48326563835144043
152,1,test,2.0919546614092535,0.905594502434667,1.2714718816258612,3.9546540174585885,1.7119457717258086,2.4036043789639567,8.100733891064634,4.8255953887548895,5.829137637470013,15.313716122834512,9.12235840613938,11.019465670833721,2.2662517996862355,1.0221758170784379,1.4328399741769813,3.8088265540945137,1.7179425497116605,2.4081344103814812,9.643188389011671,6.173461159677962,7.3420318824260615,16.207039309263315,10.375564974248679,12.339549382228679,2.0919546614092535,0.905594502434667,1.2714718816258612,3.9546540174585885,1.7119457717258086,2.4036043789639567,8.100733891064634,4.8255953887548895,5.829137637470013,15.313716122834512,9.12235840613938,11.019465670833721,0.6180904522613065,-0.0019095477386934512,-0.0019095477386934512,0.4321608040201005,-0.002839195979899567,-0.002839195979899567,0.2814070351758794,-0.003592964824120637,-0.003592964824120637,0.4036363636363637,0.11688500247483913,0.18235462240299005,0.3941605839416058,0.3919597989949749,0.0912079192957268,0.16324527478796325,0.4242424242424242,0.4036363636363637,0.11688500247483913,0.18235462240299005,0.3941605839416058,18.0,0.0,0.0,25.0,0.0,0.0,33.0,0.0,0.0,-1.985472051735609e-05,-0.00012807566380900287,-5.337023264291898e-05,-0.03998900211704903,-0.03973103888582408,-0.04383338605943976,0.9527272727272728,0.19179300609634634,262,-0.44806575775146484
399,1,test,1.6675207213415126,0.7701280666821984,1.0667683307998512,3.220697164648179,1.4874473516490463,2.060386833201999,5.299013765923754,2.8458153362420293,3.47552350470967,10.23466658789845,5.496489049427462,6.712725397667819,1.3268736464381952,0.49227552134005137,0.730197018085315,2.3907633269156667,0.8869829213334257,1.3156703028564234,3.7692409679881176,1.465352980527792,1.9531676942263143,6.791425167546157,2.640275640590616,3.519221070678043,1.6563734850995957,0.7123170264201454,1.0143553345382248,3.029951497133407,1.3030189507685588,1.855528050984558,5.2402724177382165,2.6698854499931923,3.3399602897641083,9.585864178789421,4.883936798768035,6.109683456885565,0.39698492462311563,-0.0030150753768843908,-0.0030150753768843908,0.2361809045226131,-0.0038190954773869024,-0.0038190954773869024,0.1507537688442211,-0.0042462311557789345,-0.0042462311557789345,0.3620178041543026,0.11609187822837674,0.18037910721451977,0.37202380952380953,0.31658291457286436,0.08851273913426783,0.14296021006535187,0.2777777777777778,0.36454849498327757,0.11413113271282682,0.17767419020018527,0.37583892617449666,20.0,-4.0,-4.0,28.0,-5.0,-5.0,32.0,-2.0,-2.0,0.00022093604241584436,0.00013362467048620268,-0.00025971607186680705,-0.05268735612848818,-0.05518490874833226,-0.05468655362600927,0.9673590504451038,0.5649832997549158,326,-0.600062370300293
370,1,test,2.27431675640591,0.9835486266510505,1.3679445117049518,3.6748847024411884,1.5892367639672345,2.2103510189130864,9.721274744296066,6.0856966651078785,7.245948397298574,15.707822468184604,9.833385571869227,11.708142608064362,2.378523022438133,0.9952629093559511,1.3904929084124844,3.497827974173725,1.4636219255234573,2.0448425123713005,10.788956044289426,6.801074641727363,8.103017778806485,15.86611182983739,10.001580355481414,11.916202615891889,2.27431675640591,0.9835486266510505,1.3679445117049518,3.6748847024411884,1.5892367639672345,2.2103510189130864,9.721274744296066,6.0856966651078785,7.245948397298574,15.707822468184604,9.833385571869227,11.708142608064362,0.5879396984924623,-0.002060301507537776,-0.002060301507537776,0.457286432160804,-0.0027135678391959628,-0.0027135678391959628,0.31155778894472363,-0.003442211055276312,-0.003442211055276312,0.375438596491228,0.0964912280701754,0.1625730994152046,0.37323943661971826,0.3919597989949749,0.1080402010050252,0.17420435510887777,0.38888888888888884,0.375438596491228,0.0964912280701754,0.1625730994152046,0.37323943661971826,15.0,-5.0,-5.0,24.0,-12.0,-12.0,31.0,-13.0,-13.0,0.0007987182316484559,0.00026483677549314833,-0.0001414896126895068,-0.03238284369242983,-0.03228239468961913,-0.027867511523440136,0.04912280701754386,-0.2487641957969339,14,-0.9057905673980713
42,1,test,2.1746310791522108,0.9898443471094587,1.3726139948375056,3.5062871894195755,1.5959849866315428,2.213147283811034,8.798938411516383,5.528949048372244,6.568903848829372,14.187052382613494,8.91465380271255,10.59143485738219,2.1173444231698997,0.8509325503384768,1.2279553476126837,3.208097610863484,1.289291742937086,1.860538405473763,8.309042861979494,4.760944196460885,5.87540043657736,12.589458881787111,7.213551812819523,8.902121873602061,2.1746310791522108,0.9898443471094587,1.3726139948375056,3.5062871894195755,1.5959849866315428,2.213147283811034,8.798938411516383,5.528949048372244,6.568903848829372,14.187052382613494,8.91465380271255,10.59143485738219,0.5678391959798995,-0.0021608040201005485,-0.0021608040201005485,0.3668341708542714,-0.0031658291457286047,-0.0031658291457286047,0.2613065326633166,-0.003693467336683409,-0.003693467336683409,0.35664335664335667,0.08613724844091342,0.13571312408521718,0.39649122807017545,0.35678391959798994,0.09111975919698745,0.13641664079999327,0.4040404040404041,0.35664335664335667,0.08613724844091342,0.13571312408521718,0.39649122807017545,17.0,-8.0,-8.0,26.0,-13.0,-13.0,33.0,-16.0,-16.0,-0.00032579808545857546,-0.0001749564434934758,-4.329818491071948e-05,-0.010644357208020594,-0.008586820290862107,-0.009767214333221474,0.9615384615384616,0.5468893887096622,275,-0.4887259006500244
304,1,test,1.909335172814606,0.9205055629034525,1.2484410454807027,3.0827807477735822,1.4862329401045324,2.0157121046823843,6.748600653598336,4.0605141328772385,4.8120775948560235,10.896178138622313,6.556038443708041,7.769500283361287,1.8260891485770665,0.8504796461015304,1.1638082006935995,2.8757309426410496,1.3393380253567406,1.8327688199899201,6.2095544648259065,3.5567708683196964,4.270343933020318,9.778825928859694,5.601213965857789,6.724951075622548,1.933940783257468,0.8969806663758819,1.2391576922608538,3.1531643205284805,1.462468477786764,2.020365802599218,6.9167138747991235,4.096084290483066,4.91343937626289,11.277250882824658,6.6783982997006515,8.011042461298189,0.4824120603015075,-0.0025879396984924696,-0.0025879396984924696,0.38190954773869346,-0.0030904522613065533,-0.0030904522613065533,0.2211055276381909,-0.003894472361809065,-0.003894472361809065,0.3786407766990292,0.12297734627831725,0.1747572815533981,0.32792207792207795,0.3919597989949749,0.14070351758793975,0.1842546063651591,0.30808080808080807,0.3846153846153846,0.1270903010033444,0.17725752508361203,0.33221476510067116,19.0,-8.0,-8.0,28.0,-12.0,-12.0,35.0,-10.0,-10.0,0.00024468188362036314,0.0004723113733158394,1.8274115564349182e-05,-0.024690356987800754,-0.02542280557151333,-0.026386242602479015,0.03559870550161812,0.32735324858242665,11,-0.3018980026245117
96,1,test,2.3412088772463266,1.0644646511492433,1.4831249305205727,4.148182171765304,1.88603132821074,2.6278186688418197,10.393793791946358,6.8088448704993585,8.035156704905681,18.415849403180122,12.063993596052551,14.236787718759057,2.4255381518442256,1.0723744503066324,1.515022082658302,3.9439644745434563,1.7436982931815161,2.4634505409078082,11.308313371783727,7.438664773129753,8.822708425213033,18.387501417534516,12.09538987500773,14.34586735806997,2.3412088772463266,1.0644646511492433,1.4831249305205727,4.148182171765304,1.88603132821074,2.6278186688418197,10.393793791946358,6.8088448704993585,8.035156704905681,18.415849403180122,12.063993596052551,14.236787718759057,0.6030150753768844,-0.0019849246231156137,-0.0019849246231156137,0.42211055276381915,-0.0028894472361808976,-0.0028894472361808976,0.321608040201005,-0.0033919597989949812,-0.0033919597989949812,0.3650190114068441,0.0855513307984791,0.14702154626108999,0.3702290076335878,0.371859296482412,0.0879396984924623,0.14572864321608037,0.38383838383838387,0.3650190114068441,0.0855513307984791,0.14702154626108999,0.3702290076335878,13.0,-1.0,-1.0,19.0,-1.0,-1.0,29.0,-2.0,-2.0,0.00012197494225971319,-4.277053224871818e-05,-0.00011958866019927526,-0.009485863418708718,-0.01067276745027268,-0.008916397325985592,0.04182509505703422,-0.21576125908700886,11,-0.5728511810302734
209,1,test,2.046730750772881,0.9173124499294267,1.2889956191354732,3.4768182625308555,1.558255123277552,2.1896399940442333,7.742547368044955,4.648691085052166,5.609108581566937,13.152404182896879,7.89681498422323,9.52829342381563,2.0593611353000982,0.8928928252617072,1.2729426571788622,3.294977816480157,1.4286285204187315,2.0367082514861794,7.8409588979880755,4.630325268461828,5.645439869284049,12.54553423678092,7.408520429538923,9.032703790854477,2.046730750772881,0.9173124499294267,1.2889956191354732,3.4768182625308555,1.558255123277552,2.1896399940442333,7.742547368044955,4.648691085052166,5.609108581566937,13.152404182896879,7.89681498422323,9.52829342381563,0.5276381909547738,-0.002361809045226204,-0.002361809045226204,0.3517587939698492,-0.0032412060301507672,-0.0032412060301507672,0.2864321608040201,-0.003567839195979916,-0.003567839195979916,0.36363636363636365,0.10087643925073042,0.1621250286237692,0.3916349809885932,0.3517587939698492,0.08609463356884672,0.14307765874447353,0.3939393939393939,0.36363636363636365,0.10087643925073042,0.1621250286237692,0.3916349809885932,15.0,-4.0,-4.0,21.0,-2.0,-2.0,29.0,-6.0,-6.0,-1.3425690440780879e-05,-0.00026353876155970637,-0.00022235858516140867,-0.020810535816936593,-0.0233974785385902,-0.021606494235095752,0.9545454545454546,-0.59182728167154,252,-0.368105411529541
190,1,test,1.8739490882073124,0.8337101443864061,1.1676272244616626,3.2990480954068855,1.4677292362251702,2.0555832574355017,6.513969914204683,3.6840767951572384,4.487446210785736,11.467707513629803,6.485739986684002,7.90005500581441,1.9055630976649671,0.7990509850531242,1.151205230742954,2.8441240263656224,1.192613410527051,1.7182167623029168,6.723192375871474,3.699399046222139,4.596946623702071,10.034615486375333,5.5214911137643865,6.861114363734435,1.8739490882073124,0.8337101443864061,1.1676272244616626,3.2990480954068855,1.4677292362251702,2.0555832574355017,6.513969914204683,3.6840767951572384,4.487446210785736,11.467707513629803,6.485739986684002,7.90005500581441,0.5276381909547738,-0.002361809045226204,-0.002361809045226204,0.3467336683417085,-0.003266331658291488,-0.003266331658291488,0.22613065326633164,-0.003869346733668344,-0.003869346733668344,0.3720136518771331,0.0989761092150171,0.1581342434584755,0.363013698630137,0.35678391959798994,0.085427135678392,0.14070351758793964,0.3484848484848485,0.3720136518771331,0.0989761092150171,0.1581342434584755,0.363013698630137,22.0,-13.0,-13.0,29.0,-15.0,-15.0,37.0,-18.0,-18.0,0.0001602409525177175,0.0001880941633165699,-4.033897286569211e-05,-0.03306350843022621,-0.03457586329296358,-0.031210023752521465,0.9590443686006825,-0.2384338584467468,281,-0.5694260597229004
227,1,test,1.8020376636382072,0.8139910859620502,1.1242520734619585,3.14901531120616,1.4224288673882288,1.9646021081708973,6.061987178899294,3.3760046927034466,4.092475584916115,10.5931695146422,5.8994829478555175,7.151497739297858,1.5675563720402308,0.6454565747662916,0.9306108063610496,2.468592711874379,1.0164670468760497,1.4655288289150388,4.794916873185214,2.2803519463375097,2.9042198324924806,7.551050193992462,3.5911054273031646,4.573574539358237,1.7532286608833774,0.7669593620202266,1.0841809864580747,2.9383720573464425,1.2854067519892067,1.817063105795656,5.7732123625826794,3.0919993765304175,3.820835226235087,9.675774909356447,5.182121860106846,6.403634457377241,0.4120603015075377,-0.0029396984924623393,-0.0029396984924623393,0.26633165829145733,-0.0036683417085426884,-0.0036683417085426884,0.18592964824120606,-0.004070351758793889,-0.004070351758793889,0.32463768115942027,0.08440613267895714,0.13597687959539284,0.33139534883720934,0.31658291457286436,0.08851273913426783,0.13294351557453377,0.303030303030303,0.3177257525083612,0.08233343197413756,0.13196379477754916,0.3221476510067114,17.0,-7.0,-7.0,21.0,-6.0,-6.0,32.0,-14.0,-14.0,-0.00037581212586377464,-0.00012298636971105737,-0.00018466089326732855,-0.03309442415685737,-0.035143204751254764,-0.032423797825089196,0.03768115942028986,-0.2785343210647309,13,-0.6703341007232666
230,1,test,1.5795068512965122,0.6962283014101208,0.9787510687461252,2.8186779722031683,1.242440559974967,1.7466110232320355,4.852562186328651,2.433745253533827,3.029065739809199,8.659544675050576,4.3430923585161665,5.405459856123597,1.7668752334199669,0.7763324168167028,1.0979213577081448,2.7046782419274877,1.188385776511722,1.6806642321840062,5.8525369471658895,3.1598412315040734,3.9003429326934826,8.95888348066163,4.836987731302388,5.970524950815407,1.4667367350107772,0.6284286482449168,0.8958988372961161,2.619172741090673,1.1221940147230656,1.5998193523144928,4.3350655664096465,2.0226143680589215,2.5653162671552945,7.741188511445796,3.611811371533787,4.580921905634453,0.48989898989898994,-0.005101010101010051,-0.005101010101010051,0.3484848484848485,-0.0015151515151514694,-0.0015151515151514694,0.20707070707070707,-0.0029292929292928926,-0.0029292929292928926,0.34782608695652173,0.10441523424334342,0.1618756737333812,0.33644859813084116,0.3737373737373737,0.10673485484568601,0.1673615348111992,0.37055837563451777,0.3411371237458194,0.10073645596618663,0.1542628189627271,0.3120805369127517,15.0,0.0,0.0,23.0,1.0,1.0,30.0,1.0,1.0,0.000736191898703577,-0.0001265871601581795,0.00014313650614854789,-0.08216835711776938,-0.0711804766015316,-0.08196289331876638,0.031055900621118012,-0.4630087940702845,10,-0.5313212871551514
274,1,test,2.0138821765195147,0.9182911766825137,1.26686810044375,3.5872276269253858,1.6357061584657275,2.25660880391543,7.492347576459354,4.501397764452412,5.381659332917271,13.345744120568224,8.018114767930859,9.586080686758887,1.9414791223269885,0.8248874736925398,1.1677197409440896,3.0817128925825212,1.3093451963373646,1.8535233983239514,6.969051430508033,3.9146255454423486,4.801150510601605,11.061986397631799,6.213691341971982,7.620873826351754,2.0138821765195147,0.9182911766825137,1.26686810044375,3.5872276269253858,1.6357061584657275,2.25660880391543,7.492347576459354,4.501397764452412,5.381659332917271,13.345744120568224,8.018114767930859,9.586080686758887,0.5125628140703518,-0.0024371859296482556,-0.0024371859296482556,0.36180904522613067,-0.0031909547738693256,-0.0031909547738693256,0.2562814070351759,-0.00371859296482413,-0.00371859296482413,0.3697183098591549,0.10258298472734473,0.16245835669756237,0.3745583038869258,0.371859296482412,0.10619513608140951,0.16150871217523333,0.36868686868686873,0.3697183098591549,0.10258298472734473,0.16245835669756237,0.3745583038869258,22.0,-7.0,-7.0,28.0,-3.0,-3.0,35.0,-3.0,-3.0,-0.0005062999857677211,2.5195833546163877e-05,-1.6683995007654408e-05,-0.004955862736218286,-0.00508274446214152,-0.004801792536563099,0.9577464788732394,0.3335200962998619,272,-0.3270998001098633
407,1,test,1.7877597248438328,0.8021030312687861,1.124090974223832,3.348174282366484,1.5022045209889403,2.105233963286252,5.9760494636362855,3.2964784998307044,4.034145821827471,11.192138879873736,6.173751641301434,7.5552788801855515,1.6239448262400737,0.61166225379398,0.9118760967001105,2.6405606930732906,0.9945727703967153,1.4827253604879844,5.073063248810739,2.3211880426451748,3.0348598569832315,8.248883331399576,3.7742895002360575,4.934731474769483,1.7364305782596352,0.7709565954729596,1.0826345513668456,3.195884499864359,1.4189385192753856,1.992578928896035,5.677043452327622,3.05101139679663,3.754217360033161,10.448546231277831,5.6153583990122025,6.909602503128517,0.44723618090452266,-0.0027638190954772934,-0.0027638190954772934,0.29145728643216084,-0.0035427135678391952,-0.0035427135678391952,0.2211055276381909,-0.003894472361809065,-0.003894472361809065,0.3622291021671826,0.10566032318727536,0.16655453986028257,0.3850931677018633,0.33668341708542715,0.09357564766186821,0.13968842543267257,0.3434343434343434,0.3612040133779264,0.11078665110747565,0.16765562628115216,0.37248322147651003,19.0,-10.0,-10.0,30.0,-17.0,-17.0,35.0,-20.0,-20.0,-0.0001730460759710111,-0.0001272515791793071,-0.0002352134532260073,-0.0391302717972879,-0.0365620125748265,-0.036486063339724595,0.030959752321981424,-0.3850367529544213,10,-0.5421032905578613
349,1,test,2.1305616832165333,0.9915387295817004,1.3632278600372114,4.0187241330132215,1.8702676635822493,2.571357939591147,8.419594628540938,5.295879769069466,6.265579023949615,15.88127130533171,9.989234294951387,11.818307739785203,2.1325441054310805,0.905538349347075,1.2783426558722804,3.554240175718468,1.509230582245125,2.1305710931204676,8.436302375402525,5.0253015136218036,6.086804936360671,14.060503959004208,8.375502522703007,10.144674893934452,2.157100260328642,1.0132612351311474,1.3911724869581086,3.994630111719707,1.8764096946873101,2.5762453462187196,8.646030036975539,5.507234858399923,6.495040957392112,16.011166735139884,10.198583071110967,12.027853624800205,0.5778894472361809,-0.002110552763819218,-0.002110552763819218,0.371859296482412,-0.003140703517587995,-0.003140703517587995,0.2562814070351759,-0.00371859296482413,-0.00371859296482413,0.36305732484076436,0.08324810385507275,0.14907427399330675,0.35782747603833864,0.36180904522613067,0.07860102517600531,0.141441766428134,0.3535353535353535,0.36454849498327757,0.08741994740397874,0.15542724915457906,0.36241610738255037,20.0,0.0,0.0,24.0,0.0,0.0,33.0,0.0,0.0,0.00024059526994637642,4.884955998596639e-05,7.229234090558689e-05,-0.0167989250799625,-0.015434020867899356,-0.016845676070959215,0.964968152866242,-0.3292246254660401,303,-0.20165681838989258
215,1,test,2.047801023933952,0.9261126659980219,1.2946961975423066,3.5432346664120358,1.6024186260360513,2.2401651312738595,7.750838444758294,4.680805299825322,5.627255296170398,13.410990203759418,8.099024959566183,9.736632519031676,1.7951310238165032,0.7754280067409494,1.1033175483464281,3.0686000407119716,1.3255179602409393,1.8860129031562876,6.020263468029787,3.247892173272351,4.022929100230781,10.291048663298783,5.551952432944191,6.87680188073638,2.047801023933952,0.9261126659980219,1.2946961975423066,3.5432346664120358,1.6024186260360513,2.2401651312738595,7.750838444758294,4.680805299825322,5.627255296170398,13.410990203759418,8.099024959566183,9.736632519031676,0.5276381909547738,-0.002361809045226204,-0.002361809045226204,0.31658291457286436,-0.003417085427135591,-0.003417085427135591,0.18090452261306533,-0.0040954773869347205,-0.0040954773869347205,0.3435114503816794,0.0673209741912032,0.13285155190452203,0.4061302681992337,0.37688442211055273,0.10620773038122944,0.16319493963976806,0.38888888888888884,0.3435114503816794,0.0673209741912032,0.13285155190452203,0.4061302681992337,20.0,-11.0,-11.0,25.0,-12.0,-12.0,33.0,-14.0,-14.0,-0.0006317400145317155,-0.0004994032756355095,-0.00023188889712053614,-0.01280395682498181,-0.010660648995942879,-0.011073542493163835,0.950381679389313,-0.1496378245314798,249,-0.7886748313903809
52,1,test,2.0417180015093597,0.9411812263294153,1.3023390779852098,3.913292836226273,1.803930683798046,2.496149899471652,7.703833033121618,4.698054014548086,5.609198850715,14.765679980149768,9.004603527883832,10.750964463870417,2.117214105059621,0.8948031862262464,1.2924477385111444,3.682111487060211,1.5561794543065157,2.2477351974106865,8.307960113767882,4.912596293467016,6.026612409844834,14.448626284813708,8.543645727768723,10.481065060599711,2.0417180015093597,0.9411812263294153,1.3023390779852098,3.913292836226273,1.803930683798046,2.496149899471652,7.703833033121618,4.698054014548086,5.609198850715,14.765679980149768,9.004603527883832,10.750964463870417,0.5477386934673367,-0.002261306532663321,-0.002261306532663321,0.40703517587939697,-0.00296482412060306,-0.00296482412060306,0.27638190954773867,-0.0036180904522613577,-0.0036180904522613577,0.37583892617449666,0.11118230975908627,0.17494606903163956,0.3737373737373737,0.3869346733668342,0.10873918464502963,0.1765840890596555,0.38888888888888884,0.37583892617449666,0.11118230975908627,0.17494606903163956,0.3737373737373737,19.0,-10.0,-10.0,33.0,-22.0,-22.0,38.0,-24.0,-24.0,6.755871636070949e-05,6.268515336408965e-06,6.064314511208316e-05,-0.055240202280413264,-0.05206297885978284,-0.05379718797090316,0.9563758389261745,0.45899043008410656,285,-0.5296356678009033
140,1,test,2.4766457370628956,1.1629379934397892,1.592569021088262,4.321663702257402,2.0292877737875514,2.7789794998855575,11.901277378204112,8.181336617474877,9.480529057078066,20.767329653242076,14.27615785599643,16.543205066042262,2.4632579307620466,1.1469411037553336,1.5787158253932425,4.139929295398398,1.9276321071518212,2.653303908223937,11.743007191170003,8.013348122388887,9.32113201725702,19.73614653978152,13.467811970401492,15.665768096230288,2.4766457370628956,1.1629379934397892,1.592569021088262,4.321663702257402,2.0292877737875514,2.7789794998855575,11.901277378204112,8.181336617474877,9.480529057078066,20.767329653242076,14.27615785599643,16.543205066042262,0.5778894472361809,-0.002110552763819218,-0.002110552763819218,0.44221105527638194,-0.0027889447236180143,-0.0027889447236180143,0.33668341708542715,-0.0033165829145728187,-0.0033165829145728187,0.38223938223938225,0.11056308166134754,0.17299676349740534,0.37209302325581395,0.371859296482412,0.09867633908892826,0.15983926309343033,0.35858585858585856,0.38223938223938225,0.11056308166134754,0.17299676349740534,0.37209302325581395,21.0,-9.0,-9.0,30.0,-9.0,-9.0,39.0,-13.0,-13.0,3.491220197571463e-05,0.00010244070010838326,6.887255638501944e-05,-0.00010708564814265742,-0.00016179463533028127,9.987650539144965e-05,0.9575289575289575,-0.36938767843747705,248,-0.2099912166595459
392,1,test,1.7896211118443772,0.7866086933304508,1.1105665859980745,2.7030735543482782,1.1881068805512018,1.6774182809345919,5.987183563642265,3.2607007865340667,4.015171199822433,9.043141840918006,4.925016812994164,6.0645814997318,1.8358388527641667,0.7880339104247396,1.129955118469419,2.7197612633543207,1.167457645073688,1.6740075829176577,6.270391875453857,3.4190065869242083,4.244755857277605,9.289469445116824,5.065194943591418,6.288527195966822,1.7896211118443772,0.7866086933304508,1.1105665859980745,2.7030735543482782,1.1881068805512018,1.6774182809345919,5.987183563642265,3.2607007865340667,4.015171199822433,9.043141840918006,4.925016812994164,6.0645814997318,0.4974874371859297,-0.002512562814070307,-0.002512562814070307,0.3417085427135679,-0.003291457286432098,-0.003291457286432098,0.23115577889447236,-0.003844221105527623,-0.003844221105527623,0.3529411764705882,0.0973280503911409,0.15731401881811413,0.3680555555555556,0.3467336683417085,0.0860820392690268,0.1547470239343629,0.35858585858585856,0.3529411764705882,0.0973280503911409,0.15731401881811413,0.3680555555555556,15.0,-6.0,-6.0,27.0,-14.0,-14.0,34.0,-18.0,-18.0,0.0001305329085409524,-6.9473491349106164e-06,-0.00013282926627770415,-0.05626652273848354,-0.05133262730376753,-0.05320417942043587,0.03460207612456748,-0.32696316089074545,10,-0.5048096179962158
340,1,test,1.8211899377315914,0.8282617235320597,1.1492831253187519,3.1631193655338166,1.4385598356083142,1.9961233229220428,6.179206948387838,3.4800804158601992,4.221239708773517,10.732306805094666,6.044350195967715,7.331626862606635,1.8344338886952907,0.7961851249074254,1.1200014321113843,2.935094221912465,1.2738961998518807,1.7920022913782148,6.261588385912434,3.437321663018423,4.218561539187016,10.018541417459895,5.499714660829477,6.749698462699226,1.8211899377315914,0.8282617235320597,1.1492831253187519,3.1631193655338166,1.4385598356083142,1.9961233229220428,6.179206948387838,3.4800804158601992,4.221239708773517,10.732306805094666,6.044350195967715,7.331626862606635,0.507537688442211,-0.0024623115577889765,-0.0024623115577889765,0.3417085427135679,-0.003291457286432098,-0.003291457286432098,0.24120603015075381,-0.0037939698492461815,-0.0037939698492461815,0.375,0.11148648648648651,0.16328828828828834,0.3728813559322034,0.3668341708542714,0.10552763819095479,0.1507537688442211,0.36363636363636365,0.375,0.11148648648648651,0.16328828828828834,0.3728813559322034,19.0,-10.0,-10.0,30.0,-20.0,-20.0,35.0,-20.0,-20.0,7.306179724769112e-06,-9.918919751917603e-05,5.9568378685319054e-05,-0.013419819941186795,-0.014529882434923813,-0.012351118063802069,0.033783783783783786,0.15378715804611864,10,-0.43695712089538574
458,1,test,2.420375785374846,1.1395021897327382,1.5640801660622852,4.412657894424889,2.0774597744787333,2.851520302753009,11.250086138479459,7.65030303129736,8.89566329745034,20.510361123214253,13.947491240732603,16.217943970861846,2.552794285075851,1.190752515583678,1.6404428976594723,4.40136945702733,2.0530215785925487,2.8283498235508144,12.842940527350367,8.938783970136402,10.352769515898153,22.14300090922477,15.411696500235175,17.849602613617506,2.420375785374846,1.1395021897327382,1.5640801660622852,4.412657894424889,2.0774597744787333,2.851520302753009,11.250086138479459,7.65030303129736,8.89566329745034,20.510361123214253,13.947491240732603,16.217943970861846,0.6482412060301508,-0.0017587939698492372,-0.0017587939698492372,0.4623115577889447,-0.002688442211055242,-0.002688442211055242,0.3266331658291457,-0.0033668341708542604,-0.0033668341708542604,0.37453183520599254,0.06425146137421689,0.13169248277759904,0.3007518796992481,0.36180904522613067,0.05604463419856176,0.11806947928289191,0.29292929292929293,0.37453183520599254,0.06425146137421689,0.13169248277759904,0.3007518796992481,21.0,0.0,0.0,34.0,0.0,0.0,41.0,0.0,0.0,0.0003862302656256713,0.0006938573661656037,0.0003087804630668909,-0.006594905431593467,-0.006989773875878846,-0.007614544765996101,0.03745318352059925,0.5806251641752405,10,-0.39517736434936523
393,1,test,1.6235365510898503,0.7139586619250009,0.985638597678644,2.983567169803861,1.3120392164171484,1.8113044386659898,5.070992465904103,2.5877183706845153,3.178493890801375,9.318944269802829,4.75544056602233,5.841106574195198,1.5065320008604919,0.609571675323123,0.8860120145469558,2.4298903239685354,0.9831801214889082,1.429051636366058,4.511059285910405,2.0589212161229953,2.6511643755670473,7.27590207404904,3.320840671166121,4.276071573495237,1.5799689345996777,0.6844127969724789,0.9684531006034697,2.771875323859084,1.2007242052148757,1.6990405273745086,4.854804992434246,2.4061077689157613,3.011581689673756,8.517201741112713,4.2212416998522135,5.283476648550449,0.44723618090452266,-0.0027638190954772934,-0.0027638190954772934,0.31155778894472363,-0.003442211055276312,-0.003442211055276312,0.17085427135678388,-0.004145728643216162,-0.004145728643216162,0.37142857142857144,0.11037293662115344,0.1749476330121491,0.3839541547277937,0.36180904522613067,0.10616994748176978,0.1598057063279671,0.36363636363636365,0.36789297658862874,0.10745891982736,0.17323224243957425,0.37248322147651003,15.0,-6.0,-6.0,23.0,-9.0,-9.0,29.0,-13.0,-13.0,0.00012215841699383766,-0.00012825301031588627,-4.488042327243074e-05,-0.02636028433476234,-0.020046406163666042,-0.023766155516228515,0.9685714285714285,0.38711665450692495,339,-0.6356549263000488
384,1,test,1.7777035874432936,0.7727862012202726,1.0796256019537303,2.908969506725389,1.2645592383604458,1.7666600759242856,5.916254645470745,3.184573056500556,3.9063686827643274,9.681143965315764,5.21111954700091,6.392239662705263,1.7973896665011875,0.7460199890402843,1.06864486057263,2.8758234664019,1.1936319824644548,1.7098317769162077,6.033876459726597,3.1723085996115654,3.9613988469553525,9.654202335562555,5.075693759378505,6.338238155128565,1.7777035874432936,0.7727862012202726,1.0796256019537303,2.908969506725389,1.2645592383604458,1.7666600759242856,5.916254645470745,3.184573056500556,3.9063686827643274,9.681143965315764,5.21111954700091,6.392239662705263,0.4522613065326633,-0.0027386934673366836,-0.0027386934673366836,0.2864321608040201,-0.003567839195979916,-0.003567839195979916,0.18090452261306533,-0.0040954773869347205,-0.0040954773869347205,0.34843205574912894,0.09799727314043327,0.14333356212224602,0.34615384615384615,0.3316582914572864,0.09356305336204829,0.12798550347731985,0.3282828282828283,0.34843205574912894,0.09799727314043327,0.14333356212224602,0.34615384615384615,12.0,0.0,0.0,15.0,0.0,0.0,19.0,0.0,0.0,-0.00021204604235336105,-6.331965582693781e-05,4.016246005365835e-05,-0.03845920026724947,-0.03915089878287947,-0.03977354844856951,0.9616724738675958,0.32706954124830895,276,-0.42215025424957275
208,1,test,2.153772281033643,0.9819581016523715,1.3550575138248762,3.6525962660804474,1.6653090612817996,2.2980507544398483,8.617304054279119,5.38946083774484,6.394621626653179,14.614141378602016,9.1400213037778,10.844679951634047,2.327722082749316,1.0401753721698583,1.4323880922717926,3.912137954200531,1.7481939028064843,2.4073749449946096,10.254555878129343,6.630670675938096,7.80640256530314,17.23454769433503,11.143984329307724,13.12000431143385,2.153772281033643,0.9819581016523715,1.3550575138248762,3.6525962660804474,1.6653090612817996,2.2980507544398483,8.617304054279119,5.38946083774484,6.394621626653179,14.614141378602016,9.1400213037778,10.844679951634047,0.5628140703517588,-0.0021859296482411583,-0.0021859296482411583,0.4522613065326633,-0.0027386934673366836,-0.0027386934673366836,0.3065326633165829,-0.0034673366834171437,-0.0034673366834171437,0.40484429065743943,0.14232270171098005,0.2023126450878192,0.38541666666666663,0.3919597989949749,0.11877684160149116,0.18494811285140234,0.4040404040404041,0.40484429065743943,0.14232270171098005,0.2023126450878192,0.38541666666666663,15.0,-5.0,-5.0,28.0,-13.0,-13.0,32.0,-12.0,-12.0,0.0006963056571690882,0.0001902617548917972,4.81639593169315e-05,-0.009658143533969543,-0.009340207324746608,-0.00837743919891043,0.9584775086505191,-0.4549178100244078,277,-0.49929213523864746
189,1,test,1.2807549801366922,0.5731487558606998,0.773696662723529,2.7839165137102952,1.2458263375894254,1.6817478357403657,3.5993561424122755,1.570227979760555,1.9389565073408974,7.8237501778183,3.4131302793597698,4.214618036914645,1.2729013245500014,0.43210613022235744,0.7023794114960117,2.5205966822772305,0.8556557034106089,1.3908503197940827,3.5711987528843285,1.2529890816695781,1.802008578919615,7.071680698780849,2.4811664983556003,3.5683338196428025,1.2759917934686655,0.5432591162429203,0.7768626760128684,2.8355373188192567,1.207242480539823,1.7263615022508187,3.58225250347094,1.501493615358381,1.934966450302063,7.960561118824311,3.3366524785741793,4.299925445115695,0.371859296482412,-0.003140703517587995,-0.003140703517587995,0.2361809045226131,-0.0038190954773869024,-0.0038190954773869024,0.13567839195979903,-0.004321608040200986,-0.004321608040200986,0.33149171270718236,0.1121813678795962,0.15651615063484614,0.31855955678670356,0.3316582914572864,0.12113197566781275,0.16471338327698593,0.303030303030303,0.3411371237458194,0.12911709035683772,0.17317271885149232,0.325503355704698,15.0,-6.0,-6.0,23.0,-14.0,-14.0,30.0,-21.0,-21.0,0.0001385919024977061,-8.451551788977988e-05,0.00016017493525199248,-0.12253518223076121,-0.11604703889327084,-0.12656556127067375,0.9640883977900553,0.18165694701910862,349,-0.5301253795623779
305,1,test,2.212212123006756,1.0268230651534116,1.4156360410030167,3.743743592780664,1.7377005717980811,2.395691761697413,9.135903799277068,5.863944243849877,6.917969910050183,15.460760275699654,9.923597951130562,11.707333693931078,2.065808801824969,0.9258039064760317,1.2977201226213042,3.2028043439146807,1.4353548937612894,2.0119691823586106,7.8916781208052065,4.7648944489593905,5.736035930716534,12.235159877217374,7.387433254200606,8.893078962351217,2.2584714922177405,1.0432657760455617,1.4451137497750608,3.7641191536962344,1.7387762934092699,2.4085229162917683,9.568452529351662,6.197465069717156,7.312983960480665,15.94742088225277,10.329108449528594,12.188306600801107,0.5276381909547738,-0.002361809045226204,-0.002361809045226204,0.3869346733668342,-0.0030653266331658324,-0.0030653266331658324,0.29145728643216084,-0.0035427135678391952,-0.0035427135678391952,0.37133550488599354,0.11279891952013987,0.16765186458263492,0.369281045751634,0.38190954773869346,0.11875165300185131,0.17155896343151478,0.36868686868686873,0.3745819397993311,0.11247843395625934,0.174359470388875,0.3791946308724832,15.0,0.0,0.0,24.0,0.0,0.0,30.0,0.0,0.0,-0.0003547058415440712,0.00010885967683103583,-7.72227200146318e-05,-0.0199756260181827,-0.02338736011687992,-0.021626755337317505,0.9381107491856677,-0.5154006974953631,288,-0.42150092124938965
346,1,test,1.948398552075082,0.9075384908896402,1.249380325344359,3.172802013761609,1.4778495643995235,2.0345100379924537,7.017440511649788,4.185789150865612,5.0056638825692445,11.42730749984501,6.816203098130888,8.151299655768497,1.8849407669166882,0.8231451588831766,1.1747813333796706,2.855970858964679,1.2471896346714797,1.7799717172419252,6.585964323487759,3.694405887366939,4.5516487525679405,9.978733823466301,5.597584677828696,6.8964375038908186,1.948398552075082,0.9075384908896402,1.249380325344359,3.172802013761609,1.4778495643995235,2.0345100379924537,7.017440511649788,4.185789150865612,5.0056638825692445,11.42730749984501,6.816203098130888,8.151299655768497,0.4773869346733668,-0.0026130653266331905,-0.0026130653266331905,0.3467336683417085,-0.003266331658291488,-0.003266331658291488,0.22613065326633164,-0.003869346733668344,-0.003869346733668344,0.3535353535353535,0.1064765300059417,0.15756670851855614,0.3716216216216216,0.3517587939698492,0.09862596188964867,0.14808600598988264,0.3737373737373737,0.3535353535353535,0.1064765300059417,0.15756670851855614,0.3716216216216216,17.0,-4.0,-4.0,23.0,-5.0,-5.0,31.0,-8.0,-8.0,-0.00021119286843895206,-0.0001182880705543457,-5.180772772820145e-05,-0.018560734320460348,-0.020291259508056214,-0.017755127292859996,0.9595959595959596,0.1997994212703174,285,-0.5267429351806641
330,1,test,2.2656293465321973,1.0230373456051878,1.4300838745270905,3.9938978865150916,1.8034312182142735,2.5209811890701914,9.637187823713088,6.172605787394723,7.331116220936554,16.988632381545507,10.88119609957403,12.923442056138157,2.2628805933057943,0.997892402198441,1.4052149591133691,3.709640316894745,1.6358891839318708,2.3036310805137203,9.610733946835252,6.067683050480987,7.253083300914932,15.755301552188937,9.947021394231125,11.890300493303169,2.2656293465321973,1.0230373456051878,1.4300838745270905,3.9938978865150916,1.8034312182142735,2.5209811890701914,9.637187823713088,6.172605787394723,7.331116220936554,16.988632381545507,10.88119609957403,12.923442056138157,0.6030150753768844,-0.0019849246231156137,-0.0019849246231156137,0.42713567839195976,-0.002864321608040288,-0.002864321608040288,0.3015075376884422,-0.0034924623115578646,-0.0034924623115578646,0.37591240875912413,0.09358089691941551,0.15503862235135712,0.38827838827838823,0.371859296482412,0.08865127643228665,0.15149201768441534,0.38888888888888884,0.37591240875912413,0.09358089691941551,0.15503862235135712,0.38827838827838823,16.0,-5.0,-5.0,27.0,-11.0,-11.0,35.0,-13.0,-13.0,7.84434437590563e-06,-0.00010026763862571794,-1.5865052679070488e-05,-0.017555320645603167,-0.015522279757766988,-0.015155363643011732,0.0364963503649635,-0.7230124767027606,10,-0.3849020004272461
68,1,test,1.9416347910859304,0.8497203290958577,1.187020243052796,3.524623665347071,1.5424859477217798,2.15478196987291,6.970136378539289,3.9901627172340675,4.843344789197653,12.652795336838835,7.243289008991778,8.792059012237779,1.8768980149198389,0.8058830808817687,1.1254607227638347,2.932653148312248,1.2591923138777634,1.7585323793184915,6.5332074852417374,3.6148675653149605,4.413162533404355,10.208136695690214,5.648230570804626,6.895566458444305,1.9416347910859304,0.8497203290958577,1.187020243052796,3.524623665347071,1.5424859477217798,2.15478196987291,6.970136378539289,3.9901627172340675,4.843344789197653,12.652795336838835,7.243289008991778,8.792059012237779,0.5829145728643217,-0.002085427135678275,-0.002085427135678275,0.37688442211055273,-0.003115577889447274,-0.003115577889447274,0.2361809045226131,-0.0038190954773869024,-0.0038190954773869024,0.37676056338028174,0.08626760563380287,0.153755868544601,0.38869257950530034,0.3869346733668342,0.0879396984924623,0.1591289782244556,0.4040404040404041,0.37676056338028174,0.08626760563380287,0.153755868544601,0.38869257950530034,19.0,-10.0,-10.0,28.0,-16.0,-16.0,39.0,-24.0,-24.0,-0.00021529079918988558,-0.00017025210755510623,-4.233299321092308e-05,-0.0147903623041028,-0.014476778299515658,-0.013230751596285728,0.035211267605633804,0.2422909695175587,10,-0.5065809488296509
283,1,test,1.9030865500567422,0.8609145854842508,1.1224366620419117,3.402216049393893,1.5390878674459014,2.0066202590277573,6.706562670501466,3.8711940188760603,4.523672231546181,11.989562510000262,6.92067232619824,8.087131017716992,2.09501340062664,0.8815528564083761,1.2482869040757991,3.1268856725770746,1.3157505319528,1.8631147822026852,8.125549856942929,4.760440219682794,5.793549325100896,12.127686353646162,7.105134656242975,8.64708854492671,1.899934835267885,0.8227555440053873,1.166753723974495,3.3138398289556132,1.43503873954428,2.0350355650717935,6.6854587719543135,3.7490736007133547,4.6037665914253525,11.660683904571476,6.539081861709339,8.029825450160498,0.5678391959798995,0.002839195979899567,0.002839195979899567,0.3869346733668342,0.001934673366834172,0.001934673366834172,0.29145728643216084,0.0014572864321608092,0.0014572864321608092,0.3677248677248677,0.10352407512248984,0.15462613849710616,0.35013262599469497,0.3869346733668342,0.09620785632422768,0.1665673945688375,0.3787878787878788,0.36454849498327757,0.10244498914020583,0.1665507196773821,0.3422818791946308,13.0,0.0,0.0,22.0,0.0,0.0,27.0,0.0,0.0,-2.825672407974722e-05,-6.0750754834704e-05,1.563271036591055e-05,-0.04831048443810193,-0.05434816980149826,-0.049166349129897036,0.9682539682539683,-0.7260911300564735,366,-0.3459590673446655
234,1,test,2.813800297575044,1.2885719570359289,1.7889919794543983,4.336562811556832,1.985916780843608,2.7571523448061903,16.673160945191146,12.076967998521395,13.886599669122738,25.696283339059296,18.61273891536827,21.401700666530335,2.851958373303808,1.3002940220079038,1.8018566447298874,4.074226247576869,1.8575628885827196,2.5740809210426963,17.321670943932894,12.60235269067649,14.463729106309735,24.74524420561842,18.0033609866807,20.662470151871048,2.813800297575044,1.2885719570359289,1.7889919794543983,4.336562811556832,1.985916780843608,2.7571523448061903,16.673160945191146,12.076967998521395,13.886599669122738,25.696283339059296,18.61273891536827,21.401700666530335,0.6231155778894473,-0.0018844221105527303,-0.0018844221105527303,0.5226130653266332,-0.002386934673366814,-0.002386934673366814,0.4371859296482412,-0.002814070351758735,-0.002814070351758735,0.45210727969348663,0.15382812099367782,0.23172511408839114,0.4461538461538461,0.4522613065326633,0.15902822382589632,0.2318940277346666,0.4545454545454546,0.45210727969348663,0.15382812099367782,0.23172511408839114,0.4461538461538461,17.0,-2.0,-2.0,29.0,-4.0,-4.0,39.0,-4.0,-4.0,-8.04970934010632e-05,0.00019968193212535062,-5.6116139316848974e-05,-0.00012094549186336678,-0.00017278787436758591,9.286739145242251e-05,0.9578544061302682,-0.46597948338918793,250,-0.22942566871643066
78,1,test,2.0678878174949915,0.9529106013686335,1.318350422532385,3.641563452192438,1.6780815621585998,2.3216233855916215,7.908102110231031,4.858603411232888,5.792081202002507,13.926217552608104,8.556031164435275,10.199891424910074,2.0710493458267027,0.9030548207166533,1.283402659128858,3.3951628620109884,1.4804177388797597,2.103938785457145,7.933143362559122,4.717605874378316,5.734926121909593,13.00515305337561,7.733780121931667,9.40151823263868,2.0678878174949915,0.9529106013686335,1.318350422532385,3.641563452192438,1.6780815621585998,2.3216233855916215,7.908102110231031,4.858603411232888,5.792081202002507,13.926217552608104,8.556031164435275,10.199891424910074,0.5879396984924623,-0.002060301507537776,-0.002060301507537776,0.42211055276381915,-0.0028894472361808976,-0.0028894472361808976,0.2613065326633166,-0.003693467336683409,-0.003693467336683409,0.3978494623655914,0.10752688172043012,0.1660692951015531,0.41007194244604317,0.40201005025125625,0.11557788944723613,0.17755443886097144,0.4191919191919192,0.3978494623655914,0.10752688172043012,0.1660692951015531,0.41007194244604317,18.0,-9.0,-9.0,28.0,-17.0,-17.0,36.0,-20.0,-20.0,1.512411875211733e-05,-6.252395431511715e-05,-3.779591491426751e-05,-0.004921213126913848,-0.004062336801190725,-0.004784269751719528,0.956989247311828,0.21377206686113123,267,-0.47588014602661133
404,1,test,2.390276487601485,1.1208281780055944,1.526644011785406,3.772760726376398,1.7690909620412625,2.4096218996829113,10.916511805987726,7.3576231900263025,8.54475137850609,17.23038620188333,11.613113359392868,13.486850824452857,2.506922393544703,1.1084015106275507,1.5618650199310213,3.457823991096142,1.5288296698311044,2.154296579215202,12.267118542654744,8.2179122575841,9.694157548230974,16.920163507109994,11.335051389771175,13.371251790663415,2.390276487601485,1.1208281780055944,1.526644011785406,3.772760726376398,1.7690909620412625,2.4096218996829113,10.916511805987726,7.3576231900263025,8.54475137850609,17.23038620188333,11.613113359392868,13.486850824452857,0.6281407035175879,-0.0018592964824121205,-0.0018592964824121205,0.457286432160804,-0.0027135678391959628,-0.0027135678391959628,0.3015075376884422,-0.0034924623115578646,-0.0034924623115578646,0.3711340206185567,0.09154568442644695,0.1517054491899853,0.3620689655172413,0.371859296482412,0.0861450107681263,0.14314477227540034,0.3787878787878788,0.3711340206185567,0.09154568442644695,0.1517054491899853,0.3620689655172413,21.0,-12.0,-12.0,29.0,-18.0,-18.0,39.0,-26.0,-26.0,0.0002760166322008407,0.00013765675157145855,-8.529366106869343e-06,-0.005004372189240769,-0.005109859137490069,-0.004200469803375739,0.03436426116838488,-0.4845967820968416,10,-0.6065897941589355
443,1,test,2.055616658580876,0.9169880698549582,1.2839750870465076,3.654429615254891,1.6302010130754812,2.282622376971569,7.81165351084928,4.689170292029949,5.648338934645546,13.887384019287609,8.336302741386579,10.041491439369858,2.1334263406399314,0.9252197011624073,1.3115800849096937,3.282194370215279,1.423414924865242,2.0178155152456827,8.443748462507758,5.096272427528191,6.169052829575991,12.990382250011935,7.8404191192741415,9.490850507039987,2.055616658580876,0.9169880698549582,1.2839750870465076,3.654429615254891,1.6302010130754812,2.282622376971569,7.81165351084928,4.689170292029949,5.648338934645546,13.887384019287609,8.336302741386579,10.041491439369858,0.5628140703517588,-0.0021859296482411583,-0.0021859296482411583,0.39698492462311563,-0.0030150753768843908,-0.0030150753768843908,0.2814070351758794,-0.003592964824120637,-0.003592964824120637,0.36585365853658536,0.10324496288441143,0.15380267360031652,0.37412587412587417,0.371859296482412,0.08865127643228665,0.15650036492982433,0.3939393939393939,0.36585365853658536,0.10324496288441143,0.15380267360031652,0.37412587412587417,12.0,0.0,0.0,22.0,-3.0,-3.0,29.0,-4.0,-4.0,0.00022042898580512001,0.0001466669796241762,-8.345448467182595e-05,-0.033401700248381516,-0.029662619785883138,-0.031118290142770455,0.9616724738675958,0.5012862322099072,276,-0.5383906364440918
250,1,test,1.7603639988351936,0.7816283898979539,1.0981566437540575,3.6355343454205085,1.6142325443544703,2.267932199057293,5.814553499950399,3.1534640437649557,3.8754856748310003,12.00831701076713,6.512588786036321,8.003720415411848,1.8966468222225186,0.8072161099709421,1.1546468773774206,3.356897030482334,1.4287010795945878,2.0436227918184438,6.663512995069579,3.6909316584238514,4.563381530711766,11.793828309857663,6.532622404290003,8.076781470286313,1.7603639988351936,0.7816283898979539,1.0981566437540575,3.6355343454205085,1.6142325443544703,2.267932199057293,5.814553499950399,3.1534640437649557,3.8754856748310003,12.00831701076713,6.512588786036321,8.003720415411848,0.5829145728643217,-0.002085427135678275,-0.002085427135678275,0.39698492462311563,-0.0030150753768843908,-0.0030150753768843908,0.23115577889447236,-0.003844221105527623,-0.003844221105527623,0.41901408450704225,0.13078912844377333,0.2023864498466207,0.3745583038869258,0.42211055276381915,0.12637120439289184,0.1933960285568075,0.38383838383838387,0.41901408450704225,0.13078912844377333,0.2023864498466207,0.3745583038869258,19.0,-4.0,-4.0,29.0,-8.0,-8.0,39.0,-14.0,-14.0,0.0006729732989476527,-2.6747791590148505e-05,0.00015804165093552617,-0.046092591423822604,-0.040690608014386065,-0.04566240719597925,0.9612676056338029,0.3279785020785684,273,-0.5799973011016846
180,1,test,2.054900771134846,0.9441780822212444,1.3107718184373587,3.8003285345686613,1.7461606701320607,2.424138242531742,7.806063247406584,4.769511163217199,5.701455823684459,14.436514559962779,8.820722452455906,10.54425866187427,2.0739311976235717,0.8719295826050111,1.2572726517269008,3.1663071719443843,1.3311902024503988,1.9195002316441236,7.956038480336024,4.629269306301497,5.693112752485137,12.146623634100798,7.067586727177856,8.691775194633795,2.0690746305415977,0.9175481697598984,1.2955103583850873,3.7619538737119953,1.6682693995634512,2.3554733788819764,7.917493120573855,4.754475671968481,5.750015136878076,14.395442037407008,8.644501221760873,10.454572976141957,0.5678391959798995,-0.0021608040201005485,-0.0021608040201005485,0.371859296482412,-0.003140703517587995,-0.003140703517587995,0.2814070351758794,-0.003592964824120637,-0.003592964824120637,0.35620915032679734,0.08377848148503553,0.1507743677181017,0.39016393442622954,0.3668341708542714,0.0861324164683065,0.14646689205627472,0.4242424242424242,0.35785953177257523,0.0807309841932764,0.14540124478703575,0.3959731543624161,15.0,-5.0,-5.0,24.0,-11.0,-11.0,30.0,-10.0,-10.0,-0.0005305465615149085,-0.0001579634769741543,8.433554045909759e-05,-0.007399957311760907,-0.008396188101809088,-0.00905442734675077,0.9640522875816994,0.42393723734330574,295,-0.711991548538208
34,1,test,2.858044083350797,1.340289547205244,1.8329455190225823,4.763406805584662,2.2338159120087404,3.0549091983709706,17.427407024054173,12.865437077118509,14.640036841757922,29.045678373423623,21.44239512853085,24.40006140292987,2.735703733687616,1.2510844641935914,1.7373061951707531,4.083139901026292,1.8672902450650612,2.5929943211503774,15.420591608167124,11.007306787457381,12.706662233387425,23.01580837039869,16.42881610068266,18.96516751251854,2.805213688877359,1.27371384949337,1.7708316277588485,4.50034281638079,2.043391202395781,2.8409063546933404,16.530607935723335,11.905499393009025,13.717240726336486,26.519691875491983,19.099731646538544,22.006268544924843,0.6130653266331658,-0.001934673366834172,-0.001934673366834172,0.4522613065326633,-0.0027386934673366836,-0.0027386934673366836,0.3517587939698492,-0.0032412060301507672,-0.0032412060301507672,0.3799392097264438,0.0931410306672632,0.16153678303281382,0.4237804878048781,0.37688442211055273,0.09117013639626703,0.15651714331255606,0.4191919191919192,0.3812709030100334,0.09746455910352259,0.16436322781537271,0.4161073825503355,14.0,0.0,0.0,20.0,0.0,0.0,27.0,0.0,0.0,-0.0008906842591272806,-5.9699855477089835e-05,-0.00022171844541014126,-0.00983070866258906,-0.012110883291835073,-0.010608375883737864,0.9574468085106383,0.5669642603651913,315,-0.2545807361602783
321,1,test,1.91037977371343,0.871309142886225,1.2100447681426707,3.3856174878588012,1.5441534254483653,2.1444682279861773,6.755653931195576,3.9290650824630804,4.741226492336889,11.972520022507718,6.963176451698461,8.402506950308155,1.8584822735461932,0.8045215616213053,1.1468920522528618,2.9975520541067633,1.2976154219698472,1.8498258907304226,6.413994690975523,3.545002796102355,4.376766362972672,10.345152727379876,5.717746445326379,7.059300585439795,1.909611404215349,0.8659183997645608,1.210215943439012,3.3307175654918875,1.5103227902870244,2.11084176181223,6.750465086505536,3.9107804445267242,4.737929403626866,11.774067011346865,6.821128682314054,8.26383035516314,0.5025125628140703,-0.0024874371859296973,-0.0024874371859296973,0.38190954773869346,-0.0030904522613065533,-0.0030904522613065533,0.2613065326633166,-0.003693467336683409,-0.003693467336683409,0.39937106918238996,0.13249508802069454,0.19435014868029787,0.41640378548895896,0.40201005025125625,0.1388521555144141,0.19666781318948667,0.41414141414141414,0.3946488294314381,0.13087587450656335,0.19331401296870176,0.412751677852349,19.0,-8.0,-8.0,28.0,-13.0,-13.0,34.0,-10.0,-10.0,-0.00012848551059071493,-5.615960531179435e-05,-1.016364602108045e-05,-0.05014334899639383,-0.053547037681540566,-0.05174934401657083,0.9654088050314465,0.318407409387124,307,-0.33526337146759033
365,1,test,1.7811169601627934,0.7583895023200597,1.0918054590205941,3.2353200478906436,1.3775809314294756,1.9832162451829778,5.93648353240386,3.155714672312542,3.9441401975954617,10.783359327847517,5.732215892112023,7.164355928543655,1.8349563215437419,0.7584727172449479,1.099106958074792,3.0839602042751966,1.2747440625965512,1.8472385849996507,6.26486050002424,3.3305174232557144,4.177606422834163,10.52917731096511,5.5975082743793525,7.021187265267501,1.7811169601627934,0.7583895023200597,1.0918054590205941,3.2353200478906436,1.3775809314294756,1.9832162451829778,5.93648353240386,3.155714672312542,3.9441401975954617,10.783359327847517,5.732215892112023,7.164355928543655,0.5326633165829145,-0.0023366834170853723,-0.0023366834170853723,0.35678391959798994,-0.0032160804020100464,-0.0032160804020100464,0.20603015075376885,-0.003969849246231116,-0.003969849246231116,0.35664335664335667,0.0966084526293951,0.1566433566433567,0.3403508771929824,0.3869346733668342,0.11124545030919009,0.1749146399778525,0.36363636363636365,0.35664335664335667,0.0966084526293951,0.1566433566433567,0.3403508771929824,19.0,-4.0,-4.0,26.0,-4.0,-4.0,35.0,-8.0,-8.0,9.85654999213187e-05,0.00046736489595092023,-1.4379077807041174e-05,-0.04702288711822078,-0.04734682679561342,-0.045247868123552415,0.958041958041958,0.1639470171066692,274,-0.3731098175048828
460,1,test,1.5802134798133145,0.6876062185505375,0.8788480639229268,2.695255891975956,1.172800216921696,1.4989876068642127,4.855992356934521,2.414505402461147,2.8394881614827274,8.2825151023039,4.118247309825506,4.843109678026816,1.6922944627223617,0.7149129321540608,1.01454455717875,2.507102907736832,1.059130269857868,1.503028973598148,5.43192977808903,2.7744412070834588,3.4624884641495894,8.04730337494671,4.110283269753271,5.129612539480872,1.7054575081648318,0.7237184021093972,1.0240569735970648,2.72147474707154,1.1548697906001018,1.6341334685059545,5.503903171917701,2.8348091263562294,3.527259018908948,8.782824210506968,4.523631584611003,5.628604817407895,0.5125628140703518,-0.0024371859296482556,-0.0024371859296482556,0.3467336683417085,-0.003266331658291488,-0.003266331658291488,0.19095477386934678,-0.004045226130653168,-0.004045226130653168,0.3460559796437659,0.10050890585241734,0.13882235305530055,0.33673469387755106,0.39698492462311563,0.12311557788944727,0.18592964824120606,0.398989898989899,0.36789297658862874,0.11705685618729089,0.17725752508361203,0.3691275167785235,18.0,-9.0,-9.0,28.0,-17.0,-17.0,36.0,-21.0,-21.0,3.717720812067282e-06,0.0003317732251000936,7.088494108322085e-05,-0.08600742610826018,-0.09720247340051458,-0.08898425823851941,0.02544529262086514,0.2396775547559399,10,-0.8427692651748657
107,1,test,2.2409032575401278,1.045065676089665,1.4407807377000523,3.722593389574857,1.7360653854167114,2.393428110714841,9.40181971779732,6.095493789469552,7.176006099681608,15.618323465630521,10.125847606550515,11.920797018050322,2.0360489137797666,0.9450191953714404,1.3009289480156307,3.1084716240912464,1.4427773975136493,1.9861510656727184,7.660282889232384,4.682944574522876,5.574550695279029,11.695088380507457,7.149533701561644,8.510764420273329,2.2524297703901,1.0614294714429304,1.4526235560323757,3.733309011696298,1.7592753670324812,2.407663352539849,9.510816885432146,6.220445969106132,7.285707193032886,15.763784892981455,10.3101314405074,12.075757778507544,0.5025125628140703,-0.0024874371859296973,-0.0024874371859296973,0.3919597989949749,-0.0030402010050251116,-0.0030402010050251116,0.29648241206030146,-0.0035175879396985854,-0.0035175879396985854,0.38613861386138615,0.11595739475100719,0.18086967862538172,0.4139072847682119,0.3869346733668342,0.13380184128663364,0.1949480289594886,0.398989898989899,0.3913043478260869,0.12252304565580308,0.18552014315422927,0.41946308724832215,15.0,-5.0,-5.0,22.0,-7.0,-7.0,30.0,-10.0,-10.0,-0.0008624423047395679,-8.1106801362617e-05,-6.0127803593832714e-05,-0.01929566044100195,-0.022123960182021563,-0.020686778324381372,0.9636963696369637,-0.279405707597881,292,-0.4864072799682617
433,1,test,2.749751824938477,1.2836829936985172,1.7661191644845369,4.26385567791093,1.9905210978236503,2.738602501890579,15.638750254739668,11.306579128257297,12.96459734630374,24.249960838045688,17.532353711538214,20.10333132812922,2.695533870614548,1.2378902080766125,1.7120018591081672,4.146975185560843,1.9044464739640192,2.633849014012565,14.813425094977209,10.517599915716474,12.139541323672717,22.789884761503398,16.180922947256114,18.67621742103495,2.749751824938477,1.2836829936985172,1.7661191644845369,4.26385567791093,1.9905210978236503,2.738602501890579,15.638750254739668,11.306579128257297,12.96459734630374,24.249960838045688,17.532353711538214,20.10333132812922,0.6130653266331658,-0.001934673366834172,-0.001934673366834172,0.4974874371859297,-0.002512562814070307,-0.002512562814070307,0.3668341708542714,-0.0031658291457286047,-0.0031658291457286047,0.41393442622950816,0.1112759395219417,0.18913878590253264,0.40740740740740744,0.4170854271356784,0.12134607876475112,0.19671814833768175,0.398989898989899,0.41393442622950816,0.1112759395219417,0.18913878590253264,0.40740740740740744,19.0,-3.0,-3.0,31.0,-1.0,-1.0,37.0,-3.0,-3.0,1.1538575761200308e-05,-7.845596278077757e-05,-6.89271211698321e-05,-3.136820234672655e-06,-7.934534252473924e-05,-9.790377231322367e-05,0.05327868852459016,0.29604050120906017,13,-0.49489355087280273
243,1,test,2.0159300225921513,0.9165487656084506,1.2767840422779644,3.879714383101876,1.763924039472867,2.457207024761365,7.507706471978052,4.50539867983548,5.4135601635559105,14.4487935875804,8.670767270626772,10.418549748730241,2.0156233402552197,0.8794582475615436,1.2519699791298469,3.331608826868132,1.4536499959694935,2.069371866330325,7.505404344041262,4.3906038831349825,5.359301941094509,12.405627014944235,7.257196501049559,8.858350315858694,2.0292760303660122,0.9241111788586005,1.2862328638920508,3.8530557538595174,1.754641478845444,2.4422142985292106,7.608575986377483,4.588853752838512,5.506252476256622,14.446663265273703,8.713013454756666,10.45490976504422,0.5125628140703518,-0.0024371859296482556,-0.0024371859296482556,0.37688442211055273,-0.003115577889447274,-0.003115577889447274,0.2613065326633166,-0.003693467336683409,-0.003693467336683409,0.35737704918032787,0.09387459418851118,0.1479986413286376,0.32894736842105265,0.371859296482412,0.11872646440221146,0.16985595758424843,0.3282828282828283,0.35785953177257523,0.0957560259295035,0.14762593889159636,0.32885906040268453,22.0,-13.0,-13.0,34.0,-19.0,-19.0,36.0,-15.0,-15.0,0.0004147541186788815,0.0002149821544826667,6.630704220856275e-05,0.0004833415140721442,8.040468024717029e-05,-6.13331151724239e-05,0.04262295081967213,-0.18717616960153916,13,-0.23269248008728027
420,1,test,2.2064717029139906,1.0284836765558942,1.4171357819836192,3.657466681460691,1.7048234855953681,2.3490565951358904,9.083610111011781,5.835777040739446,6.88167642846212,15.057071107927136,9.673434768617016,11.407126688483403,1.7823882479671702,0.8067212277374749,1.1273849742013393,2.89819227311735,1.3117418337194713,1.833146299514373,5.94403531074426,3.291099127695133,4.018886490891788,9.66509806625083,5.351380695439241,6.534774781937867,2.2246254614286207,1.0428391923452698,1.4320384740129812,3.687224521704896,1.7284627497435407,2.3735444320657146,9.250017666631525,5.989825080665763,7.040913702067453,15.331520994416891,9.92788687403165,11.670022710609038,0.49246231155778897,-0.002537688442211028,-0.002537688442211028,0.3065326633165829,-0.0034673366834171437,-0.0034673366834171437,0.1959798994974874,-0.004020100502512558,-0.004020100502512558,0.35526315789473684,0.08968938740293353,0.14893128016547919,0.3531353135313532,0.33668341708542715,0.07668341708542714,0.13036062174432894,0.2525252525252525,0.35451505016722407,0.09284838350055735,0.14696788035590336,0.3557046979865772,15.0,-3.0,-3.0,20.0,-1.0,-1.0,26.0,-1.0,-1.0,-0.0006339707849559565,0.000344341705216088,-0.0002677864384061821,-0.021905938073580877,-0.024036947422243493,-0.0201221330462662,0.03289473684210526,0.5953950852814458,10,-0.5423095226287842
159,1,test,1.9185803814031275,0.8856321786282657,1.08987640592188,3.479025758277671,1.605946350579255,1.9763092160716758,6.81128217974461,4.001946049715661,4.520933711608612,12.351125019270224,7.256862170151064,8.197959797050283,2.5160109375767123,1.1982432064463677,1.632055887301883,3.8707860578103266,1.8434510868405658,2.5108552112336655,12.379116970058343,8.644042595960174,9.958663153054948,19.044795338551296,13.298527070707962,15.321020235469149,2.13735674013548,0.9797081231330278,1.3552440988281704,3.4106756491523615,1.5633640262761082,2.162623561959846,8.477001072418654,5.294559739505393,6.290915266839887,13.52712937088083,8.448765541763926,10.0386945747445,0.507537688442211,-0.0024623115577889765,-0.0024623115577889765,0.4321608040201005,-0.002839195979899567,-0.002839195979899567,0.3316582914572864,-0.0033417085427135396,-0.0033417085427135396,0.35626535626535627,0.11454756485431328,0.1500092467834403,0.2783251231527094,0.37688442211055273,0.12375159003035219,0.19658392127582824,0.3232323232323232,0.35785953177257523,0.10911161858392748,0.16876053288492232,0.28523489932885904,19.0,0.0,0.0,27.0,0.0,0.0,35.0,0.0,0.0,0.0004945165405740124,0.0013677846763144425,0.0001721555001660397,-0.07516785744696364,-0.08107972263325536,-0.07842552205732556,0.02457002457002457,0.6492578702251028,10,-1.0109323263168335
183,1,test,1.8874308501063688,0.8712169853639675,1.1190134369276254,3.8447665465129734,1.7747012664821562,2.2794718159636815,6.602384357678681,3.8396694326237415,4.446033418275408,13.449301469345462,7.821548844233548,9.056734740931386,2.2030075902161146,0.9543510403593785,1.3620884013532628,3.6413348598613466,1.577439736131204,2.251385787360765,9.052197901013836,5.566540896921084,6.733700766646827,14.96231058018816,9.20089404449766,11.130083911812939,2.0215847892618446,0.9222075064953159,1.2848746750176216,3.698020955966789,1.6869649509060656,2.350380503081015,7.5502810615382465,4.547985201195147,5.461229605346323,13.811489746716305,8.319485124137465,9.990054156121321,0.5628140703517588,-0.0021859296482411583,-0.0021859296482411583,0.40703517587939697,-0.00296482412060306,-0.00296482412060306,0.29145728643216084,-0.0035427135678391952,-0.0035427135678391952,0.3515625,0.10838954811443435,0.14823894183773212,0.3368146214099217,0.371859296482412,0.11371393307389066,0.16484761033883943,0.3939393939393939,0.35785953177257523,0.11078106766573048,0.16764818583264196,0.3523489932885906,16.0,-7.0,-7.0,22.0,-12.0,-12.0,29.0,-14.0,-14.0,0.00018549803468139356,0.0006643915672000329,-5.2992995721239256e-05,-0.06523404166848223,-0.07792588790116994,-0.06956970555362396,0.026041666666666668,-0.4033788306806599,10,-0.47439050674438477
134,1,test,1.601634112035335,0.7256517445734173,0.9095029707078457,3.3023383753305877,1.4961891640689016,1.8752638571295788,4.961132850990957,2.55989982209844,2.9631638974696894,10.229139898950427,5.278143963089567,6.109616283442659,1.705655152846633,0.7345754941772996,1.02995585357346,2.966356787559362,1.2775225985692167,1.7912275714321044,5.504991096616504,2.864197019627205,3.5395841934769274,9.57389755933305,4.981212208047313,6.155798597351177,1.5635578963570689,0.6677995410758973,0.9443869965602153,3.045892005890394,1.300908196901099,1.839714928364056,4.775782793733362,2.326590350337635,2.9183953507604787,9.303472974805251,4.532318864294093,5.685185748234698,0.39698492462311563,-0.0030150753768843908,-0.0030150753768843908,0.29145728643216084,-0.0035427135678391952,-0.0035427135678391952,0.24120603015075381,-0.0037939698492461815,-0.0037939698492461815,0.3157894736842105,0.10025062656641603,0.12908370633328192,0.31658291457286436,0.31658291457286436,0.09798994974874375,0.1507537688442211,0.3232323232323232,0.3110367892976589,0.10033444816053516,0.1482720178372352,0.3120805369127517,13.0,-1.0,-1.0,23.0,-7.0,-7.0,25.0,1.0,1.0,-8.384226531241501e-05,7.123413809104706e-05,-3.0881246044844503e-05,-0.11612952151222711,-0.12061935134003576,-0.11855420030803554,0.9423558897243107,0.1644266045905332,376,-0.5919722318649292
410,1,test,2.143760609947233,1.0087006235690676,1.3839139390925719,3.842804923150093,1.8081495220360413,2.4807393482670035,8.53146087430695,5.420100697771458,6.393512488741551,15.29309741830554,9.715818803983941,11.460711216520757,2.1737188825315115,1.0206381436805956,1.399357777611682,3.2687501992955057,1.5347942010234519,2.1042974099423786,8.790915709328878,5.622978229512758,6.621709919867218,13.219422119291545,8.455606360169561,9.957458526116117,2.206555508465938,1.0485600311237802,1.4291406912870404,3.7399245906202343,1.7772203917352207,2.422272358113628,9.08437139987048,5.900826012810164,6.908531355700088,15.397239660797426,10.001400021712143,11.709375179152694,0.5678391959798995,-0.0021608040201005485,-0.0021608040201005485,0.4120603015075377,-0.0029396984924623393,-0.0029396984924623393,0.29145728643216084,-0.0035427135678391952,-0.0035427135678391952,0.38988095238095233,0.10863095238095233,0.18353174603174593,0.3791044776119403,0.3919597989949749,0.10552763819095479,0.18257956448911228,0.3737373737373737,0.3946488294314381,0.11204013377926414,0.18394648829431437,0.38590604026845643,17.0,-4.0,-4.0,26.0,-7.0,-7.0,34.0,-8.0,-8.0,5.132378880826146e-05,-0.00011280366734454762,3.0188118437768297e-05,-0.012202374569523222,-0.013017327841268411,-0.012382641185791243,0.02976190476190476,0.7719272791649264,10,-0.536139726638794
413,1,test,1.7028388976058149,0.7769486667993062,1.080248434460316,2.8129769634482797,1.2834676871436053,1.7844987950477045,5.489509446960947,2.9653951421868405,3.625759677975191,9.068305661001785,4.898636174109753,5.989514606157912,1.7896153406662065,0.7811094436389934,1.10535886592919,2.6911508882198594,1.1746006671263058,1.6621937833521652,5.987149010638885,3.245647143223724,4.004851611369209,9.00323159494569,4.8806723958251474,6.02233325017926,1.7028388976058149,0.7769486667993062,1.080248434460316,2.8129769634482797,1.2834676871436053,1.7844987950477045,5.489509446960947,2.9653951421868405,3.625759677975191,9.068305661001785,4.898636174109753,5.989514606157912,0.5276381909547738,-0.002361809045226204,-0.002361809045226204,0.3417085427135679,-0.003291457286432098,-0.003291457286432098,0.19095477386934678,-0.004045226130653168,-0.004045226130653168,0.38926174496644295,0.11958000292289184,0.18725281639501434,0.37037037037037035,0.37688442211055273,0.09868893338874818,0.16152549055796506,0.3737373737373737,0.38926174496644295,0.11958000292289184,0.18725281639501434,0.37037037037037035,15.0,0.0,0.0,22.0,0.0,0.0,27.0,0.0,0.0,-1.4792497110104532e-05,-0.00011392136333772508,8.413175565827731e-05,-0.056246827607205674,-0.053747267585912084,-0.05890729032797992,0.053691275167785234,-0.14041871026900057,16,-0.5620443820953369
417,1,test,2.061447864253616,0.9400703175200191,1.3061061413614858,3.4708050775698633,1.5827714529673789,2.199056258414746,7.8573379373081815,4.788258844795418,5.728999236150218,13.229191425059692,8.061864381543305,9.645764020048837,2.2721821016754045,0.9568174828165801,1.373584359802996,3.200256481232964,1.347630257488141,1.9346258588774592,9.700545312138388,5.974435964806357,7.244388782371566,13.662739876251251,8.414698541980787,10.203364482213473,2.2121907834432357,0.9948826583581716,1.3951826959251337,3.474645209596705,1.5626429188871804,2.191386433390262,9.135708845157755,5.757626736129097,6.871991992321275,14.349280908624744,9.043392779260362,10.793704699981058,0.5477386934673367,-0.002261306532663321,-0.002261306532663321,0.3869346733668342,-0.0030653266331658324,-0.0030653266331658324,0.31155778894472363,-0.003442211055276312,-0.003442211055276312,0.3556231003039514,0.08855178012185727,0.1584542428722021,0.38414634146341464,0.371859296482412,0.10118260475308871,0.15983926309343033,0.43434343434343436,0.3745819397993311,0.10079229038363824,0.16657304102291282,0.4161073825503355,16.0,-6.0,-6.0,25.0,-13.0,-13.0,34.0,-18.0,-18.0,-0.00023839496258531862,0.00018601265749685044,0.000258012636373968,-0.07552137728881636,-0.08098674529589012,-0.08929219247660747,0.030395136778115502,0.38780203289049414,10,-0.41759610176086426
36,1,test,2.2069715678225625,1.0016737343759983,1.3901019627208955,3.5236307418076143,1.599263178179861,2.2194241563896115,9.088151823976325,5.750398799444431,6.8247484344146745,14.510060582598566,9.181034446840258,10.896331307218885,2.1179807910931223,0.9256629497131308,1.3034467883672836,3.258431986297111,1.4240968457125087,2.0053027513342823,8.314332153118652,5.01962317632883,6.056209005218308,12.791280235567157,7.722497194352046,9.317244623412783,2.2069715678225625,1.0016737343759983,1.3901019627208955,3.5236307418076143,1.599263178179861,2.2194241563896115,9.088151823976325,5.750398799444431,6.8247484344146745,14.510060582598566,9.181034446840258,10.896331307218885,0.5025125628140703,-0.0024874371859296973,-0.0024874371859296973,0.38190954773869346,-0.0030904522613065533,-0.0030904522613065533,0.27135678391959794,-0.0036432160804020786,-0.0036432160804020786,0.37142857142857144,0.10761395467277823,0.17190363081099425,0.3763440860215054,0.35678391959798994,0.10114482185362905,0.15978892794523536,0.3434343434343434,0.37142857142857144,0.10761395467277823,0.17190363081099425,0.3763440860215054,16.0,-5.0,-5.0,24.0,-10.0,-10.0,30.0,-10.0,-10.0,-0.00039235139715063696,-2.3697822194821476e-05,4.3486764019660095e-05,-0.011601883263378632,-0.010311743530373008,-0.011142253820332293,0.039285714285714285,-0.4561784681168784,11,-0.5882413387298584
422,1,test,1.2167158496685109,0.515523851896969,0.7381484121412296,2.2037021333156943,0.9337110324567479,1.336926145066982,3.3760819464224214,1.3599274190145847,1.7623210142803938,6.114721847016833,2.4630853253480938,3.1918961027875663,1.2004928538259152,0.4864091687031944,0.7017547576238858,1.9680210718457627,0.7973920798413023,1.150417635448993,3.321753658366982,1.279439236856125,1.6751116031392823,5.44549780060161,2.0974413718952873,2.7460845953102995,1.2167158496685109,0.515523851896969,0.7381484121412296,2.2037021333156943,0.9337110324567479,1.336926145066982,3.3760819464224214,1.3599274190145847,1.7623210142803938,6.114721847016833,2.4630853253480938,3.1918961027875663,0.2864321608040201,-0.003567839195979916,-0.003567839195979916,0.21105527638190957,-0.0039447236180903955,-0.0039447236180903955,0.14572864321608037,-0.004271356783919655,-0.004271356783919655,0.2829457364341085,0.10306179059271581,0.14248181890833533,0.29182879377431903,0.27638190954773867,0.10846211004899176,0.13948708483989225,0.28787878787878785,0.2829457364341085,0.10306179059271581,0.14248181890833533,0.29182879377431903,18.0,-3.0,-3.0,24.0,-3.0,-3.0,26.0,-2.0,-2.0,0.00017144976071816322,-0.0005469772618100611,-0.000584034741156603,-0.05274339918299065,-0.05564241129943115,-0.04639738298145213,0.03875968992248062,0.5672227691990234,10,-1.0668513774871826
235,1,test,1.591568662239744,0.7162028395202125,0.9881560157528966,2.9928410713856057,1.3467727308369213,1.8581629426657729,4.9114472905901545,2.5116942730033682,3.0830996204568497,9.235656318174966,4.723077274234596,5.79756776455473,1.6951661057996443,0.70065956157624,1.015949092277484,2.5684334936358244,1.0616053963276362,1.5393168064810363,5.447550759839967,2.744160751166676,3.475217942280188,8.253864787636312,4.157819319949508,5.265481730727556,1.5364426797326682,0.6750337042101797,0.9428633995795447,2.776703638071087,1.2199404292955054,1.703969999240141,4.64802630860531,2.2815336325368056,2.837569343806356,8.400047545672248,4.12325355277736,5.12813736832474,0.4974874371859297,-0.002512562814070307,-0.002512562814070307,0.3919597989949749,-0.0030402010050251116,-0.0030402010050251116,0.2211055276381909,-0.003894472361809065,-0.003894472361809065,0.3710144927536232,0.13078294427316006,0.18919631093544143,0.36627906976744184,0.42211055276381915,0.158952658026977,0.21175996845664047,0.41414141414141414,0.3612040133779264,0.12080334559829364,0.17877909680395532,0.3557046979865772,12.0,-2.0,-2.0,21.0,-10.0,-10.0,25.0,-12.0,-12.0,7.1275136723528345e-06,0.00015158510282458297,4.446212302581228e-05,-0.1142685272174333,-0.11338363061023138,-0.1188258861475493,0.9681159420289855,0.47955687672046193,334,-0.6224923133850098
185,1,test,2.4201223131719836,1.1208614199371203,1.5520140122501893,4.054906922069615,1.8779995976429902,2.6003943384059465,11.247234915731667,7.5806492481201175,8.864835111149956,18.844704858808687,12.70135271373768,14.853001874973106,2.3769482351240026,1.072487790432453,1.5025317410200751,3.8337874760064556,1.729819016826537,2.423438291967863,10.771979104221598,7.086279186059636,8.374503159828405,17.374159845518708,11.429482558160704,13.507263161013558,2.4201223131719836,1.1208614199371203,1.5520140122501893,4.054906922069615,1.8779995976429902,2.6003943384059465,11.247234915731667,7.5806492481201175,8.864835111149956,18.844704858808687,12.70135271373768,14.853001874973106,0.5678391959798995,-0.0021608040201005485,-0.0021608040201005485,0.42713567839195976,-0.002864321608040288,-0.002864321608040288,0.3065326633165829,-0.0034673366834171437,-0.0034673366834171437,0.373015873015873,0.09974854628319973,0.16589186246178333,0.3784860557768924,0.3668341708542714,0.0961574791249481,0.1581530356288957,0.36868686868686873,0.373015873015873,0.09974854628319973,0.16589186246178333,0.3784860557768924,17.0,-5.0,-5.0,27.0,-10.0,-10.0,35.0,-10.0,-10.0,1.3365009100490538e-05,-1.6254438480088715e-05,-7.877885364753131e-05,-0.004734105236681607,-0.00536781146711629,-0.005459858910517035,0.03968253968253968,0.4436447358877946,10,-0.7845854759216309
398,1,test,1.437070268670788,0.6436932110637468,0.8985064906908785,2.85723382829839,1.279813560820861,1.7864423167853936,4.208348408357204,1.9974984069460149,2.4948043440288448,8.367186835439616,3.9714968326338402,4.960258048716172,1.6178043453029909,0.6686187255651423,0.9737077874914158,2.5278192895359233,1.044716758695535,1.5214184179553374,5.042007646386677,2.458402880772757,3.137741788601053,7.878136947479184,3.841254501207433,4.902721544689146,1.4894210395427596,0.6344351048206099,0.9051533104037998,2.724550682090414,1.1605520210133111,1.6557682507386582,4.434527359656254,2.0831860515827576,2.640850312472832,8.111940292054124,3.810706191919678,4.830823742328351,0.44723618090452266,-0.0027638190954772934,-0.0027638190954772934,0.3015075376884422,-0.0034924623115578646,-0.0034924623115578646,0.19095477386934678,-0.004045226130653168,-0.004045226130653168,0.35311572700296734,0.09830091218815251,0.16061819492004537,0.3482142857142857,0.35678391959798994,0.11116988451027066,0.17648341876326545,0.38383838383838387,0.35451505016722407,0.09908934065136432,0.16541605127957115,0.3657718120805369,15.0,-6.0,-6.0,21.0,-6.0,-6.0,23.0,-6.0,-6.0,-0.00017362831211512197,2.6615123231442715e-05,6.301519970857974e-05,-0.06692951425262272,-0.07253664738401433,-0.07163263473755155,0.03560830860534125,-0.3250591278023646,12,-0.6550463438034058
41,1,test,1.7293166872597863,0.8088621730076372,1.1092226462703534,3.3737589358810554,1.5780255890578443,2.164004917263634,5.636800894306294,3.126369736897091,3.777698028807446,10.996948983984058,6.09929801431457,7.369987565403484,2.0631681194568086,0.8998095946497284,1.2637466943718287,3.4968951177234047,1.525101007880896,2.141943549782761,7.870866196471029,4.670201439428936,5.646612537705242,13.340451180459372,7.915595660049045,9.570529724924139,1.810831099384394,0.83021348932555,1.1513948064799155,3.4382868975653054,1.5763547265675002,2.1861926705314856,6.115527932237686,3.4494255870592663,4.181825946655362,11.611761896653835,6.5495422539099994,7.940175848079802,0.5678391959798995,-0.0021608040201005485,-0.0021608040201005485,0.36180904522613067,-0.0031909547738693256,-0.0031909547738693256,0.2562814070351759,-0.00371859296482413,-0.00371859296482413,0.35646687697160884,0.1013487667353884,0.16758964717097924,0.2911392405063291,0.3517587939698492,0.06855077391972386,0.13473041333545854,0.3282828282828283,0.3612040133779264,0.09910050753485466,0.16765562628115216,0.30536912751677847,18.0,0.0,0.0,28.0,0.0,0.0,35.0,0.0,0.0,0.0011361692631470998,8.322770846085185e-05,0.0003643397130555718,-0.05459917372890111,-0.050923736807326314,-0.056074904360326805,0.03470031545741325,0.1850363540930836,11,-0.43753623962402344
33,1,test,2.117426484978482,0.9498855732505869,1.333794161276907,3.369806784020633,1.5117081379170927,2.122684610324834,8.309724745042232,5.095645536924204,6.120314257762095,13.224622917414772,8.109533445958641,9.740256227292114,2.064826780130903,0.8877905665921688,1.2707604208088878,2.9709737843610116,1.277396498693768,1.8284322601566732,7.883932125678116,4.639188913840509,5.6715576562205445,11.343787231191534,6.675091962360445,8.160514613266972,2.117426484978482,0.9498855732505869,1.333794161276907,3.369806784020633,1.5117081379170927,2.122684610324834,8.309724745042232,5.095645536924204,6.120314257762095,13.224622917414772,8.109533445958641,9.740256227292114,0.5527638190954773,-0.0022361809045226,-0.0022361809045226,0.3869346733668342,-0.0030653266331658324,-0.0030653266331658324,0.27638190954773867,-0.0036180904522613577,-0.0036180904522613577,0.3846153846153846,0.10246567252325411,0.172339169781625,0.37451737451737455,0.38190954773869346,0.10120779335272856,0.16822006526790878,0.35858585858585856,0.3846153846153846,0.10246567252325411,0.172339169781625,0.37451737451737455,17.0,-5.0,-5.0,28.0,-14.0,-14.0,36.0,-15.0,-15.0,-0.00031154557693950435,0.00012232344806262604,7.802352655191749e-05,-0.004789544611566221,-0.00541178442327972,-0.0047176831693125365,0.038461538461538464,-0.2557028101043004,10,-0.7629928588867188
67,1,test,1.7214663230020815,0.7726160997269569,1.0843333331351928,3.0821462908839665,1.3833066695710188,1.9414111772899558,5.592723193410621,3.009984814396542,3.701671757150722,10.013318771435783,5.389134488051293,6.627544044239914,1.7695835200528338,0.7662641601537972,1.0894823241631177,2.641169432914677,1.1436778509758165,1.6260930211389815,5.868408777780193,3.141089001823688,3.8943312871292464,8.75881907131372,4.688192540035355,5.812434756909322,1.7214663230020815,0.7726160997269569,1.0843333331351928,3.0821462908839665,1.3833066695710188,1.9414111772899558,5.592723193410621,3.009984814396542,3.701671757150722,10.013318771435783,5.389134488051293,6.627544044239914,0.5025125628140703,-0.0024874371859296973,-0.0024874371859296973,0.33668341708542715,-0.0033165829145728187,-0.0033165829145728187,0.20603015075376885,-0.003969849246231116,-0.003969849246231116,0.3489932885906041,0.08266163029914675,0.14363614573346117,0.36363636363636365,0.3517587939698492,0.07857583657636547,0.14307765874447353,0.38888888888888884,0.3489932885906041,0.08266163029914675,0.14363614573346117,0.36363636363636365,23.0,-12.0,-12.0,27.0,-7.0,-7.0,35.0,-10.0,-10.0,-0.0002188621522687024,-0.00023273933463579318,-8.050408800821649e-05,-0.04165841004545001,-0.03969288970167639,-0.03791008936049245,0.03355704697986577,0.22709179946215052,10,-0.7173943519592285
341,1,test,2.082852133646744,0.9274008521234776,1.3026320215574514,3.7603169392682823,1.6743008672564796,2.351731636234593,8.027331317227288,4.851875198325429,5.84537883046168,14.492296136470742,8.759425693621075,10.553066479155651,2.1348564821861418,0.902532401638108,1.26868254408464,3.415770371497827,1.444051842620973,2.029892070535424,8.455832857127454,5.0266428610303375,6.078037023839771,13.529332571403927,8.042628577648541,9.724859238143633,2.082852133646744,0.9274008521234776,1.3026320215574514,3.7603169392682823,1.6743008672564796,2.351731636234593,8.027331317227288,4.851875198325429,5.84537883046168,14.492296136470742,8.759425693621075,10.553066479155651,0.6030150753768844,-0.0019849246231156137,-0.0019849246231156137,0.39698492462311563,-0.0030150753768843908,-0.0030150753768843908,0.26633165829145733,-0.0036683417085426884,-0.0036683417085426884,0.3731343283582089,0.0975291142055087,0.14980926632346947,0.38576779026217234,0.38190954773869346,0.08617019936776615,0.1498561253680758,0.4040404040404041,0.3731343283582089,0.0975291142055087,0.14980926632346947,0.38576779026217234,20.0,-11.0,-11.0,32.0,-19.0,-19.0,38.0,-23.0,-23.0,-0.00015701492782096437,-6.930618538586667e-05,-8.533658810545624e-05,-0.016184667711147682,-0.015503132563399191,-0.01590940137629726,0.03731343283582089,-0.4936020365324447,10,-0.4516439437866211
153,1,test,1.6380181396254183,0.7058122082982287,1.011815436864793,2.5753811212607736,1.109716304376406,1.5908312070937787,5.144962803530699,2.6048565015525993,3.274468549782865,8.08919007260318,4.095496927296573,5.148297373069013,1.4003255633646958,0.5415415857401634,0.8137746494227409,2.0900381542756654,0.8082710234927812,1.2145890289891657,4.056520406322091,1.6962316223895022,2.2587433842439473,6.05450806913745,2.531688988641048,3.3712587824536526,1.6380181396254183,0.7058122082982287,1.011815436864793,2.5753811212607736,1.109716304376406,1.5908312070937787,5.144962803530699,2.6048565015525993,3.274468549782865,8.08919007260318,4.095496927296573,5.148297373069013,0.40201005025125625,-0.002989949748743781,-0.002989949748743781,0.27638190954773867,-0.0036180904522613577,-0.0036180904522613577,0.18090452261306533,-0.0040954773869347205,-0.0040954773869347205,0.35424354243542433,0.10562475790503756,0.15915151789554705,0.45185185185185184,0.3417085427135679,0.10361330461832974,0.15806914371523728,0.43434343434343436,0.35424354243542433,0.10562475790503756,0.15915151789554705,0.45185185185185184,17.0,-7.0,-7.0,25.0,-14.0,-14.0,33.0,-15.0,-15.0,-0.00048523920086617004,-0.000760746701611967,-0.00029449470767215646,-0.12297059122296439,-0.0990868899653714,-0.10494225325936757,0.03690036900369004,0.42918580868850237,10,-0.806990385055542
108,1,test,1.8380608677089967,0.8005537948980832,1.1195590315793555,3.5925735141584934,1.5647187809371625,2.1882290162687403,6.284340270943664,3.462167504564211,4.232982633478461,12.283028711389889,6.766963758920958,8.273556965435173,1.8878691454535361,0.8039316750590766,1.1327259603504498,3.3711949025956,1.4355922768912082,2.022724929197232,6.605278786283821,3.6489817900009243,4.477362598842065,11.795140689792538,6.516038910715936,7.995290355075117,1.8433610027670417,0.8099521291382892,1.1245768864866243,3.590962992403328,1.577828822996667,2.190734194454463,6.317736547338978,3.5071059398950264,4.2657997705946595,12.307278988322684,6.832024558237064,8.30999955310648,0.4773869346733668,-0.0026130653266331905,-0.0026130653266331905,0.35678391959798994,-0.0032160804020100464,-0.0032160804020100464,0.24120603015075381,-0.0037939698492461815,-0.0037939698492461815,0.3866666666666667,0.13042706600110932,0.1782409460458242,0.3812709030100334,0.371859296482412,0.11622019873805112,0.16651705942064243,0.36868686868686873,0.3846153846153846,0.12752022601772184,0.1743817917344057,0.3825503355704698,17.0,-6.0,-6.0,27.0,-10.0,-10.0,35.0,-13.0,-13.0,0.00010711605284897334,-2.6020061364117565e-05,7.831096912051e-05,-0.02929114376330233,-0.029776265948352254,-0.030735430958197085,0.03333333333333333,-0.34604355632815037,10,-0.44858646392822266
204,1,test,2.3410179176324566,1.0702433984456396,1.477975605700481,3.823662598799679,1.748064217461211,2.414026822644119,10.39180918659297,6.828197607288621,8.021448073504356,16.973288338101852,11.152722758571414,13.101698520057116,2.3213951756132514,1.0292613984061392,1.440698839585089,3.544114771928628,1.5713914479483042,2.1995402131070065,10.18988106687219,6.549334678035141,7.777301979490239,15.557070331102578,9.998984241275025,11.873743480137769,2.3410179176324566,1.0702433984456396,1.477975605700481,3.823662598799679,1.748064217461211,2.414026822644119,10.39180918659297,6.828197607288621,8.021448073504356,16.973288338101852,11.152722758571414,13.101698520057116,0.5879396984924623,-0.002060301507537776,-0.002060301507537776,0.44221105527638194,-0.0027889447236180143,-0.0027889447236180143,0.29648241206030146,-0.0035175879396985854,-0.0035175879396985854,0.42622950819672134,0.13584096013946168,0.20143386786974582,0.4238683127572016,0.42211055276381915,0.1489275953703354,0.20508217212942847,0.4191919191919192,0.42622950819672134,0.13584096013946168,0.20143386786974582,0.4238683127572016,22.0,-13.0,-13.0,31.0,-18.0,-18.0,41.0,-22.0,-22.0,-0.0002347647935872692,4.147002677441567e-05,6.47426300284677e-05,-3.136820234672655e-06,-7.934534252473924e-05,-9.790377231322367e-05,0.045081967213114756,-0.4645808738332663,11,-0.5201098918914795
60,1,test,2.125665088330838,0.9542618588067528,1.3134568718579296,3.784720767028077,1.699051602265682,2.3385939425763134,8.378468056796688,5.1519510494498615,6.125590717991145,14.917760198686786,9.172986014874144,10.906539571057403,1.8690424356505058,0.7679544789832253,1.1281817389578963,3.0390933913016354,1.2487064698914232,1.834441851964059,6.482086411671688,3.474650206684814,4.384346155856045,10.539977905157215,5.649837734446852,7.129018139603325,2.125665088330838,0.9542618588067528,1.3134568718579296,3.784720767028077,1.699051602265682,2.3385939425763134,8.378468056796688,5.1519510494498615,6.125590717991145,14.917760198686786,9.172986014874144,10.906539571057403,0.4773869346733668,-0.0026130653266331905,-0.0026130653266331905,0.3517587939698492,-0.0032412060301507672,-0.0032412060301507672,0.25125628140703515,-0.003743718592964851,-0.003743718592964851,0.38144329896907214,0.11214655797421791,0.1825861561119293,0.4413793103448276,0.3517587939698492,0.10614475888212993,0.16811939497151862,0.38888888888888884,0.38144329896907214,0.11214655797421791,0.1825861561119293,0.4413793103448276,19.0,-10.0,-10.0,27.0,-17.0,-17.0,34.0,-22.0,-22.0,-0.0009236556244107529,-0.00017091263348764597,-6.646154219675822e-05,-0.02556548769532796,-0.027545765359923813,-0.027183133320442643,0.037800687285223365,-0.5132684751785308,11,-0.5701572895050049
345,1,test,1.9209637189585085,0.9099228189047681,1.2430653701481051,3.5842371829347783,1.6977828206393846,2.319378068690977,6.827535124797594,4.07907472562821,4.857801438855967,12.739181391390632,7.6109565002575135,9.063946587133696,2.1012919033352118,0.9383838588094133,1.3175397788853522,3.7523069702414493,1.6756854621596666,2.3527496051524146,8.176726632376091,4.977503386983376,5.987053836369198,14.601297557814448,8.888398905327456,10.691167564944996,1.9521693232306088,0.894730527096971,1.2429892471654123,3.615128376352979,1.656908383512909,2.301831939195208,7.043951626176898,4.164963762565456,5.011627402132115,13.04435486329055,7.712895856602695,9.280791485429841,0.5226130653266332,-0.002386934673366814,-0.002386934673366814,0.38190954773869346,-0.0030904522613065533,-0.0030904522613065533,0.3015075376884422,-0.0034924623115578646,-0.0034924623115578646,0.34426229508196726,0.09057980735692639,0.15233208788458452,0.3388157894736842,0.37688442211055273,0.11372652737371058,0.17821998137599515,0.3737373737373737,0.34782608695652173,0.09240037744066198,0.15427769985974749,0.34563758389261745,12.0,-2.0,-2.0,22.0,-5.0,-5.0,28.0,-7.0,-7.0,0.00042396758122949826,5.77948657304436e-05,2.966223443619795e-05,-0.024659052912859636,-0.02413998108950466,-0.025190536029774613,0.036065573770491806,0.3958055422258043,11,-0.6788537502288818
461,1,test,1.499581290352172,0.6863252739199188,0.8873589858164022,3.545306383980752,1.6226085179711662,2.0978919232572966,4.479812936690788,2.2245737959693415,2.6352869908837753,10.591162683657851,5.259331875655913,6.230338996965963,1.3559858033078371,0.49964446384004724,0.7724412431710964,2.7673179659343616,1.0196825792654027,1.5764107003491765,3.880584564761041,1.526054076693355,2.088204180308477,7.919560336247022,3.1143960748843975,4.261641184303015,1.4025601041218196,0.6213738880935011,0.8768250328335793,3.187636600276863,1.4122133820306844,1.992784165530862,4.065595001502597,1.8815335032466418,2.3738930885455423,9.23998863977863,4.276212507378732,5.395211564876233,0.3869346733668342,-0.0030653266331658324,-0.0030653266331658324,0.25125628140703515,-0.003743718592964851,-0.003743718592964851,0.1758793969849246,-0.004120603015075441,-0.004120603015075441,0.3507853403141361,0.11941279129452831,0.16212453875010868,0.34120734908136485,0.321608040201005,0.09855039609072924,0.15299368293890148,0.28787878787878785,0.32441471571906355,0.10404743692106688,0.15756265787701684,0.3087248322147651,13.0,-4.0,-4.0,16.0,-6.0,-6.0,22.0,-12.0,-12.0,0.00040063837123570183,-0.00042042167077088483,-0.00010342593868412158,-0.10155378084064104,-0.10268420001000944,-0.10245255623222427,0.02617801047120419,0.24985759010029523,10,-0.31075572967529297
17,1,test,2.336593101415147,1.0805823707937987,1.490513810307367,3.4655088695146006,1.6026614937615893,2.2106496961862074,10.345928921504902,6.834543275136385,8.01543718479742,15.344523793692664,10.136625981101156,11.888064139250107,2.464124786424068,1.115171330333283,1.5481483162299048,3.352550729828664,1.5172399052153511,2.106324239768578,11.753191096793238,7.899800419596721,9.253976627555645,15.99073618611325,10.748027781764247,12.590444391232168,2.336593101415147,1.0805823707937987,1.490513810307367,3.4655088695146006,1.6026614937615893,2.2106496961862074,10.345928921504902,6.834543275136385,8.01543718479742,15.344523793692664,10.136625981101156,11.888064139250107,0.6231155778894473,-0.0018844221105527303,-0.0018844221105527303,0.46733668341708545,-0.002663316582914521,-0.002663316582914521,0.35678391959798994,-0.0032160804020100464,-0.0032160804020100464,0.3802281368821293,0.08990555623696805,0.16404608884167415,0.4007633587786259,0.3869346733668342,0.09119532499590688,0.1665673945688375,0.43434343434343436,0.3802281368821293,0.08990555623696805,0.16404608884167415,0.4007633587786259,20.0,-11.0,-11.0,33.0,-19.0,-19.0,38.0,-20.0,-20.0,0.00014000756203064903,0.00016541431346180993,-3.290627710682792e-05,-0.004810334377146397,-0.0054282742818401175,-0.0054984090371741345,0.045627376425855515,-0.29731607216873024,12,-0.49632930755615234
431,1,test,2.0944844895330026,0.9049300241124589,1.2927056226907192,3.4503876064412093,1.4907531449852611,2.129562420537869,8.12125329983021,4.8356362745943535,5.891749907070644,13.378696225509767,7.96607449446333,9.705882741647956,2.402901492644628,1.1057606143430063,1.526095337063576,3.3373631842286504,1.5357786310319534,2.1195768570327447,11.055206490924288,7.396385805834347,8.651994539796895,15.354453459617067,10.272758063658816,12.016659083051245,2.113561966662697,0.8935781258981832,1.2781264836327133,3.427397783777346,1.4490456095646216,2.0726375410260216,8.277673632510533,4.890540632811192,5.9718556582377245,13.423254539206269,7.9306064315857165,9.684090256601715,0.5226130653266332,-0.002386934673366814,-0.002386934673366814,0.42713567839195976,-0.002864321608040288,-0.002864321608040288,0.3266331658291457,-0.0033668341708542604,-0.0033668341708542604,0.3846153846153846,0.1414153846153846,0.19271773003116288,0.35691318327974275,0.3869346733668342,0.13380184128663364,0.1999563762048976,0.3939393939393939,0.3846153846153846,0.14588416591755482,0.1944040386754513,0.3557046979865772,21.0,-6.0,-6.0,32.0,-11.0,-11.0,39.0,-10.0,-10.0,0.0006409650142802762,-6.585411078399858e-05,0.0002165712040752803,-0.039723607322802224,-0.04108549670780004,-0.04274357065622336,0.060897435897435896,-0.2229202023759391,19,-0.7213656902313232
19,1,test,1.7471170227562995,0.8033295861342036,1.1087302177892215,2.990090825015756,1.3748526250257014,1.8975283329327968,5.738036179335171,3.1683406093756092,3.844612227191944,9.820320625329844,5.42243367972741,6.579833861462829,1.422359436023246,0.5492752205568,0.8375110213861171,2.107199164478883,0.8137410674915555,1.2407570687201734,4.14689323585992,1.7526092706763237,2.3521743239582094,6.143545534607289,2.5964581787797383,3.48470270216031,1.7191945451930026,0.7527067865920842,1.0729737071791188,2.865324241988338,1.2545113109868073,1.7882895119651983,5.580032189995638,2.951336576782264,3.6717168383413608,9.30005364999273,4.918894294637107,6.119528063902267,0.37688442211055273,-0.003115577889447274,-0.003115577889447274,0.25125628140703515,-0.003743718592964851,-0.003743718592964851,0.18090452261306533,-0.0040954773869347205,-0.0040954773869347205,0.32361516034985427,0.09362971639061113,0.14766208117096868,0.33333333333333337,0.3015075376884422,0.08346242490648725,0.13456262950814168,0.2727272727272727,0.2976588628762542,0.08563882948727253,0.1330314991387681,0.3087248322147651,18.0,-9.0,-9.0,26.0,-17.0,-17.0,32.0,-19.0,-19.0,-0.0005879110453869228,-6.767580296815715e-05,-0.00019174560200190183,-0.10662468688087046,-0.0999688512550545,-0.1016882385367941,0.029154518950437316,0.48779930212882583,10,-0.6110544204711914
466,1,test,1.8214939108608086,0.8315684150485702,1.0875312744174992,3.652780799736998,1.667607628027509,2.1809094911705764,6.181085546767268,3.490051575187278,4.097765835549589,12.395402736259092,6.998866868520724,8.217562670215036,1.874509584586967,0.8218377952479061,1.1472572718302878,3.377494747003544,1.4807888202664974,2.067130219514032,6.517621994151958,3.6523256255953576,4.4482352329554615,11.74346305252605,6.580766892964608,8.014838257577408,1.7580113212541948,0.7467895147277743,1.0481531608387789,3.587778206641214,1.524060234138315,2.139088083344447,5.80088980971887,3.051932151296019,3.7671870310878677,11.838550632079327,6.22843296182861,7.688136798138506,0.44723618090452266,-0.0027638190954772934,-0.0027638190954772934,0.3316582914572864,-0.0033417085427135396,-0.0033417085427135396,0.26633165829145733,-0.0036683417085426884,-0.0036683417085426884,0.3548387096774194,0.114247311827957,0.1564027370478983,0.3504043126684636,0.3417085427135679,0.10552763819095479,0.14572864321608048,0.3434343434343434,0.34782608695652173,0.11371237458193983,0.16387959866220736,0.32885906040268453,16.0,-5.0,-5.0,28.0,-12.0,-12.0,32.0,-13.0,-13.0,0.00014818837119509818,-0.00026335051532082245,5.762825717935295e-05,-0.09127989017839244,-0.08933614790816602,-0.0938753710650051,0.03225806451612903,-0.3462983624594212,12,-0.5099802017211914
297,1,test,2.007790150482815,0.9028024821464591,1.266643478073318,3.212464240772504,1.4444839714343343,2.0266295649173087,7.446842748978603,4.427655512003083,5.348502504602468,11.914948398365764,7.084248819204934,8.557604007363949,2.0367798640194668,0.8563616239774947,1.2362848760476188,3.1577982387898706,1.3276924402751853,1.9167207380583235,7.665884221744717,4.410148624576882,5.439241404573467,11.885091816658475,6.8374397280261725,8.432932410191421,2.0166264643953746,0.9047895435799216,1.2728415379844829,3.2352296220246655,1.4515340271335642,2.04199177216762,7.512936973770105,4.472999580717559,5.409053465794543,12.052840064871827,7.175935156231379,8.67762588095381,0.5326633165829145,-0.0023366834170853723,-0.0023366834170853723,0.33668341708542715,-0.0033165829145728187,-0.0033165829145728187,0.24120603015075381,-0.0037939698492461815,-0.0037939698492461815,0.3432343234323433,0.08788012244387544,0.14674694692301282,0.32450331125827814,0.33668341708542715,0.073525522348585,0.13301062910546058,0.31313131313131315,0.3411371237458194,0.08571141422995965,0.14536404254448454,0.3221476510067114,18.0,-4.0,-4.0,24.0,-4.0,-4.0,35.0,-10.0,-10.0,0.0005778738901649661,0.000315813077314465,-7.400514180436669e-06,-0.03937173015910744,-0.03868831135460571,-0.03577950798943075,0.033003300330033,-0.28133958543083787,10,-0.8506162166595459
432,1,test,1.239772762455738,0.5361008609499928,0.7599909186469573,2.2761965532917516,0.9842698346542194,1.3953272421719267,3.4548283088568525,1.4336677075827087,1.8391064248468585,6.342991657001734,2.6321835689481476,3.3765604731315335,1.3508277763292669,0.5093646402838004,0.76791827795354,2.0943066299678557,0.7897126205950393,1.1905709735713799,3.8606199381882442,1.5408613207781263,2.069377464618949,5.985457268508906,2.388932280276165,3.2083371544479835,1.1803974954742056,0.47260709418354874,0.6862600324996118,2.1078526704896525,0.8439412396134798,1.2254643437493065,3.255668059040637,1.2261661432042312,1.6165842003894713,5.813692962572565,2.189582398578984,2.886757500695484,0.3668341708542714,-0.0031658291457286047,-0.0031658291457286047,0.2361809045226131,-0.0038190954773869024,-0.0038190954773869024,0.16582914572864327,-0.004170854271356772,-0.004170854271356772,0.29190751445086704,0.08959537572254339,0.1286621576571232,0.26956521739130435,0.29648241206030146,0.0678391959798994,0.11390284757118918,0.2777777777777778,0.29431438127090304,0.09531772575250841,0.13600891861761433,0.2516778523489933,16.0,-7.0,-7.0,25.0,-14.0,-14.0,32.0,-19.0,-19.0,0.0003206786563194925,-0.00016785059204476113,0.00018798420752235413,-0.11676631810810445,-0.12224525892107696,-0.13145395830906725,0.9624277456647399,0.3021610411646801,333,-0.5706530809402466
396,1,test,1.5753476504650825,0.6847085286770853,0.964237043062827,3.2478057725341767,1.411625117341114,1.9879133559034992,4.832421319638099,2.395734826478702,2.9899447886623687,9.96273162473334,4.939151936781433,6.164201242379265,1.6056555840376678,0.6670421267380999,0.928451572972759,2.973436266736422,1.235263197663148,1.7193547647643685,4.981124077989005,2.424689723562509,3.0127575777948383,9.224303848127786,4.490166154745386,5.5791806996200695,1.578665621121902,0.6856974406283749,0.9714277087694315,3.266204733355659,1.4186843599207755,2.009850431936755,4.848481781113965,2.406113488010634,3.0131268011807437,10.031341616097858,4.97816583726338,6.234055450718779,0.44723618090452266,-0.0027638190954772934,-0.0027638190954772934,0.31658291457286436,-0.003417085427135591,-0.003417085427135591,0.22613065326633164,-0.003869346733668344,-0.003869346733668344,0.3433333333333334,0.11205213533000558,0.16373244641537332,0.33444816053511706,0.35678391959798994,0.11618241583859146,0.17147507151785635,0.33838383838383834,0.34448160535117056,0.1140976320623559,0.16205668877719948,0.3355704697986577,13.0,-2.0,-2.0,21.0,-8.0,-8.0,26.0,-10.0,-10.0,0.0003062528082996701,0.00011433174073481066,4.756011432314068e-06,-0.061802022262114065,-0.0616207684443415,-0.05776079782853838,0.04,-0.22552619402549834,12,-0.4720592498779297
467,1,test,2.214196520233681,1.0057432257906822,1.4021633395650999,3.708112244728695,1.6843169684928294,2.348201255416252,9.154051061174828,5.805749252773056,6.901568022057044,15.330278283172303,9.72288127874042,11.558047651396738,2.3933103649548837,1.0724014066186534,1.4812189971183423,3.572105022320722,1.600599114356199,2.21077462256469,10.949681454814964,7.202855916601358,8.46015785240971,16.342808141514872,10.750531218807996,12.627101272253299,2.214196520233681,1.0057432257906822,1.4021633395650999,3.708112244728695,1.6843169684928294,2.348201255416252,9.154051061174828,5.805749252773056,6.901568022057044,15.330278283172303,9.72288127874042,11.558047651396738,0.6281407035175879,-0.0018592964824121205,-0.0018592964824121205,0.457286432160804,-0.0027135678391959628,-0.0027135678391959628,0.3517587939698492,-0.0032412060301507672,-0.0032412060301507672,0.4368231046931408,0.15033661820665434,0.22553859088761863,0.42391304347826086,0.40703517587939697,0.11881462450095082,0.1816595498359913,0.43434343434343436,0.4368231046931408,0.15033661820665434,0.22553859088761863,0.42391304347826086,14.0,-3.0,-3.0,25.0,-10.0,-10.0,34.0,-11.0,-11.0,0.0005503556336250009,0.00015709081179748275,5.600879414327274e-05,-0.020047199348054434,-0.018447133235657276,-0.02021351444425079,0.9566787003610109,0.397271126746129,265,-0.3153109550476074
256,1,test,1.6313726723157662,0.6970237921321112,0.9949287954864642,2.8675681134494524,1.225203311635947,1.7488499945507414,5.110885476702,2.5653300202844522,3.2211367397364885,8.983730372091093,4.5092446940403725,5.661998120157928,1.5667490132342459,0.6506416897768249,0.9294323305009148,2.5684410053020423,1.0666257209456145,1.5236595581982209,4.791047217134323,2.2915056961304194,2.8996483763086136,7.854175765793972,3.756566714967901,4.753521928374776,1.6313726723157662,0.6970237921321112,0.9949287954864642,2.8675681134494524,1.225203311635947,1.7488499945507414,5.110885476702,2.5653300202844522,3.2211367397364885,8.983730372091093,4.5092446940403725,5.661998120157928,0.42713567839195976,-0.002864321608040288,-0.002864321608040288,0.2814070351758794,-0.003592964824120637,-0.003592964824120637,0.17085427135678388,-0.004145728643216162,-0.004145728643216162,0.34751773049645385,0.09973011987698477,0.14822527766626514,0.35231316725978645,0.321608040201005,0.0910315990982481,0.13462974303906838,0.3282828282828283,0.34751773049645385,0.09973011987698477,0.14822527766626514,0.35231316725978645,16.0,-7.0,-7.0,24.0,-14.0,-14.0,33.0,-18.0,-18.0,-7.461356684773542e-05,-3.7894758638719804e-05,2.316932604754558e-06,-0.040047604123349956,-0.04247503841867051,-0.043254388896111884,0.0425531914893617,-0.2377949460794124,12,-0.7595846652984619
154,1,test,2.0575123775471527,0.9275753879567328,1.29462676151809,3.4712632136531716,1.564927801767494,2.184186254094937,7.826476256008238,4.731014808322287,5.682020880328073,13.204177732529235,7.98177344962349,9.586231546565767,2.12657819816452,0.9408570831243139,1.3081365430529002,3.4025251170632322,1.5053713329989022,2.0930184688846403,8.386122012289752,5.11307579877073,6.119157641119793,13.417795219663603,8.180921278033168,9.79065222579167,2.0575123775471527,0.9275753879567328,1.29462676151809,3.4712632136531716,1.564927801767494,2.184186254094937,7.826476256008238,4.731014808322287,5.682020880328073,13.204177732529235,7.98177344962349,9.586231546565767,0.6030150753768844,-0.0019849246231156137,-0.0019849246231156137,0.40703517587939697,-0.00296482412060306,-0.00296482412060306,0.29648241206030146,-0.0035175879396985854,-0.0035175879396985854,0.3941605839416058,0.10636459122758035,0.1672188363687903,0.391941391941392,0.371859296482412,0.0861450107681263,0.13813642502999135,0.3939393939393939,0.3941605839416058,0.10636459122758035,0.1672188363687903,0.391941391941392,17.0,-8.0,-8.0,29.0,-15.0,-15.0,35.0,-17.0,-17.0,0.00019772791774822185,0.0001546055990125725,-4.783245372804955e-05,-0.017912938241971155,-0.018663004832196073,-0.018466089763920834,0.9525547445255474,-0.45596380104075834,261,-0.2653944492340088
260,1,test,1.990797760596632,0.9251459840382321,1.2730896068532864,3.5920916115113144,1.6692851451124624,2.2970964645396257,7.321372135390826,4.418641836191208,5.27164197841374,13.210301896466055,7.972766791388482,9.511875743659573,1.9566053911657404,0.8477151501309272,1.186923209851506,3.2075498215831812,1.3896969674277497,1.9457757538549278,7.075268484621953,4.044275628804359,4.916188535843322,11.598800794462218,6.629960047220259,8.05932546859561,1.9495155211783455,0.8817682259284203,1.218821288438687,3.4606784399615598,1.5652690401096216,2.163588085985835,7.025283155065095,4.116463752580378,4.9487614583279695,12.47091684331082,7.307332105172268,8.784783653836632,0.4371859296482412,-0.002814070351758735,-0.002814070351758735,0.33668341708542715,-0.0033165829145728187,-0.0033165829145728187,0.24623115577889443,-0.0037688442211055717,-0.0037688442211055717,0.3595166163141994,0.11366442928554177,0.17258194294736517,0.36969696969696975,0.3417085427135679,0.1161446329391318,0.16808583820605538,0.3535353535353535,0.35451505016722407,0.1157838314693943,0.168753092436412,0.35906040268456374,15.0,-3.0,-3.0,23.0,-8.0,-8.0,30.0,-9.0,-9.0,-0.00028337990687130456,-5.657658715093014e-05,4.1181039227973135e-05,-0.07738305475841933,-0.0801716592160524,-0.08173005341969652,0.03323262839879154,-0.4585742973209362,11,-0.3930647373199463
95,1,test,1.8708339533654277,0.8348855622398825,1.1753288534391324,3.5166942034780506,1.5693734935775006,2.209320692857103,6.4937095927665185,3.675932268953163,4.488988189877663,12.206530057288962,6.909822049867654,8.438161344263708,1.9242787537956525,0.8506665793693722,1.203007985046022,3.0544107203105595,1.350264411697416,1.909536484200035,6.850206198525831,3.92427679670438,4.793160618852742,10.873343172263224,6.229010788419651,7.608191458496415,1.8708339533654277,0.8348855622398825,1.1753288534391324,3.5166942034780506,1.5693734935775006,2.209320692857103,6.4937095927665185,3.675932268953163,4.488988189877663,12.206530057288962,6.909822049867654,8.438161344263708,0.5226130653266332,-0.002386934673366814,-0.002386934673366814,0.31658291457286436,-0.003417085427135591,-0.003417085427135591,0.2211055276381909,-0.003894472361809065,-0.003894472361809065,0.3614864864864865,0.09167198395697551,0.1592392954752505,0.3491525423728814,0.3316582914572864,0.06599413105628393,0.12798550347731985,0.33333333333333337,0.3614864864864865,0.09167198395697551,0.1592392954752505,0.3491525423728814,15.0,-5.0,-5.0,20.0,-8.0,-8.0,28.0,-12.0,-12.0,0.00019542994890012997,5.406355656588904e-05,9.52139931362323e-05,-0.02370164869923208,-0.02332709311517256,-0.022971606110692377,0.9628378378378378,0.4424301723219091,285,-0.599016547203064
484,1,test,2.044201569872176,0.9217862249569275,1.284592664313618,3.3626511031033424,1.5163110682723422,2.113116927095774,7.722989807848159,4.650723977324402,5.585549691786889,12.704089743087504,7.650303347314696,9.188063990039971,1.9437175156732902,0.7934303352974537,1.1634961728221223,3.0135155281756436,1.2301245508487653,1.8038700353831354,6.984668380778301,3.825568369817157,4.8027132085471065,10.82894322601287,5.9311137516545065,7.446066989995513,2.044201569872176,0.9217862249569275,1.284592664313618,3.3626511031033424,1.5163110682723422,2.113116927095774,7.722989807848159,4.650723977324402,5.585549691786889,12.704089743087504,7.650303347314696,9.188063990039971,0.5175879396984925,0.0025879396984924696,-0.002412060301507535,0.33668341708542715,-0.0033165829145728187,-0.0033165829145728187,0.2211055276381909,-0.003894472361809065,-0.003894472361809065,0.35018050541516244,0.07942238267148016,0.13357400722021662,0.3840579710144928,0.3417085427135679,0.08040201005025127,0.12730318257956452,0.3737373737373737,0.35018050541516244,0.07942238267148016,0.13357400722021662,0.3840579710144928,15.0,-6.0,-6.0,25.0,-14.0,-15.0,28.0,-16.0,-16.0,-0.00012206846731387477,-0.0003983196337205695,-7.797307460519212e-05,-0.02861135666727055,-0.026918151135424395,-0.028244999031949547,0.9530685920577617,0.4157892302549586,264,-0.491729736328125
71,1,test,1.7646024098909137,0.8119336065538888,1.1241180111028422,2.673372650984734,1.2300794139291416,1.703038786820806,5.839250268345453,3.246630641891929,3.941850513467826,8.846464156543362,4.918645422466273,5.971903527903757,1.5270206960869939,0.659969013192375,0.9292747080380965,2.165986802960275,0.9361262598473403,1.318120153245527,4.604438345732826,2.224554498295662,2.7864219976695397,6.531118220897627,3.1553964514832087,3.9523716279000567,1.73549027806298,0.7965470782690387,1.1063803267659011,2.616317002104995,1.2008247411091035,1.6679100403506049,5.671707836186561,3.1144303777233606,3.795767678294422,8.550313320884264,4.695121172447278,5.7222628315996324,0.4321608040201005,-0.002839195979899567,-0.002839195979899567,0.27135678391959794,-0.0036432160804020786,-0.0036432160804020786,0.1758793969849246,-0.004120603015075441,-0.004120603015075441,0.32781456953642385,0.08979804061080399,0.1372859351751904,0.3687707641196013,0.3316582914572864,0.09356305336204829,0.14467999429534983,0.3484848484848485,0.32441471571906355,0.0890223951848399,0.13754041093597125,0.3657718120805369,14.0,-4.0,-4.0,21.0,-7.0,-7.0,26.0,-8.0,-8.0,-0.0010333889281045172,-0.00016175375878857185,-0.0001003408648391878,-0.03299641286438337,-0.03448098998698956,-0.03573529844401069,0.9635761589403974,0.5396015808360718,291,-0.7267053127288818
113,1,test,1.6292440238371544,0.6885342978248024,0.9876818340563934,2.8621854472814876,1.2095872799624907,1.735116735504475,5.100017768976014,2.5382188203450418,3.2005719112955315,8.959490675228132,4.459033062768316,5.622626330654311,1.612078074785826,0.6591647094099845,0.9614583552002902,2.4993458523811256,1.0219607897829217,1.4906331088376592,5.013218253247814,2.4199644929131914,3.0964899581552956,7.772431400384208,3.7518829347491343,4.80075962504697,1.6292440238371544,0.6885342978248024,0.9876818340563934,2.8621854472814876,1.2095872799624907,1.735116735504475,5.100017768976014,2.5382188203450418,3.2005719112955315,8.959490675228132,4.459033062768316,5.622626330654311,0.48743718592964824,-0.002562814070351749,-0.002562814070351749,0.27135678391959794,-0.0036432160804020786,-0.0036432160804020786,0.17085427135678388,-0.004145728643216162,-0.004145728643216162,0.3783783783783784,0.10862886007394679,0.1627172743989176,0.4031007751937985,0.38190954773869346,0.11123285600937016,0.1598728198588938,0.40909090909090906,0.3783783783783784,0.10862886007394679,0.1627172743989176,0.4031007751937985,15.0,-4.0,-4.0,24.0,-12.0,-12.0,29.0,-12.0,-12.0,2.6829046444539258e-05,9.32585673947929e-05,-9.124241643908401e-05,-0.028703490083906047,-0.02862650111947218,-0.026774609399342175,0.03861003861003861,-0.2930867038830675,10,-0.5502463579177856
406,1,test,1.4937593287225333,0.69975738875594,0.9607831656728283,2.654623721329759,1.2435688451605562,1.707448940138569,4.453807412702068,2.2415754583913556,2.7498112728667383,7.915052030573389,3.983599814626923,4.886807462066031,1.5845193394914054,0.7212459110205167,1.0059371230620064,2.456619130994427,1.1182107147604912,1.559592438855824,4.87694665938924,2.506037653333071,3.0934386503637037,7.561157611456187,3.8853296950900327,4.796028915292564,1.5324930076424992,0.7088813835120087,0.9813408429195604,2.6729529203066846,1.2364210177535035,1.7116410050922566,4.6297043355311045,2.350989480148447,2.8944531738062054,8.07506570150774,4.100563046770546,5.048464838034078,0.4623115577889447,-0.002688442211055242,-0.002688442211055242,0.2864321608040201,-0.003567839195979916,-0.003567839195979916,0.17085427135678388,-0.004145728643216162,-0.004145728643216162,0.3516129032258064,0.10523609163160352,0.16277170150906817,0.3236245954692557,0.36180904522613067,0.10115741615344898,0.1614751554097701,0.3282828282828283,0.35785953177257523,0.10243382225671549,0.164311144675801,0.33221476510067116,16.0,-5.0,-5.0,20.0,-4.0,-4.0,31.0,-11.0,-11.0,4.688567814951322e-05,0.00018387953267219354,0.00014304139822600458,-0.07456850848566088,-0.0803592531593651,-0.08595553206019879,0.964516129032258,0.23369515044502842,299,-0.3971431255340576
332,1,test,1.9761738143451097,0.9237995017511043,1.2646724608775717,3.503768296599612,1.637902184086314,2.2422720318626883,7.215083854077853,4.350639717792664,5.178036562082899,12.792387937598157,7.713710910687607,9.180690591668453,2.039525695328932,0.9552226704813651,1.3065036627161608,3.237342373537987,1.5162264610815317,2.0738153376446995,7.686962371934506,4.729584490570769,5.605601317912795,12.201527574499215,7.50727696915995,8.897779869702848,1.9761738143451097,0.9237995017511043,1.2646724608775717,3.503768296599612,1.637902184086314,2.2422720318626883,7.215083854077853,4.350639717792664,5.178036562082899,12.792387937598157,7.713710910687607,9.180690591668453,0.5326633165829145,-0.0023366834170853723,-0.0023366834170853723,0.40201005025125625,-0.002989949748743781,-0.002989949748743781,0.2562814070351759,-0.00371859296482413,-0.00371859296482413,0.39236111111111116,0.12892956865010596,0.19952046445984095,0.32752613240418116,0.3869346733668342,0.11375171597335043,0.1866007835504736,0.31313131313131315,0.39236111111111116,0.12892956865010596,0.19952046445984095,0.32752613240418116,20.0,0.0,0.0,29.0,0.0,0.0,39.0,0.0,0.0,0.00046091118356508896,0.0003034595754332576,0.00010271965249916205,-0.023344604251104073,-0.023705097153169596,-0.0212787602745399,0.9479166666666666,-0.1788117150466125,273,-0.44270479679107666
111,1,test,1.7752478415913722,0.7805930303117675,1.105191211418382,3.1732555168445775,1.3953100416822843,1.9755292904103579,5.901743652614082,3.1979527905465015,3.947395660046955,10.54936677904767,5.716340613101871,7.055969742333931,1.795306081499897,0.767743567274142,1.0932174824141052,2.8496921928569794,1.2186405829748286,1.7352658451017544,6.02131745365737,3.2270708628018787,4.003354428821096,9.557646751837096,5.122334702860125,6.354530839398565,1.7752478415913722,0.7805930303117675,1.105191211418382,3.1732555168445775,1.3953100416822843,1.9755292904103579,5.901743652614082,3.1979527905465015,3.947395660046955,10.54936677904767,5.716340613101871,7.055969742333931,0.5025125628140703,-0.0024874371859296973,-0.0024874371859296973,0.36180904522613067,-0.0031909547738693256,-0.0031909547738693256,0.2160804020100503,-0.003919597989949675,-0.003919597989949675,0.35789473684210527,0.10045165453037141,0.16536264816065838,0.37323943661971826,0.3668341708542714,0.1061825417815897,0.16483083195610782,0.3939393939393939,0.35789473684210527,0.10045165453037141,0.16536264816065838,0.37323943661971826,15.0,-3.0,-3.0,23.0,-1.0,-1.0,28.0,-2.0,-2.0,-0.00011259407761575876,-0.00021688939827944957,-3.160650544307603e-06,-0.004954894804966692,-0.004080220056116524,-0.0048004442153875004,0.03508771929824561,-0.3456758154130809,10,-0.4758939743041992
55,1,test,2.306654895322825,1.1052045021387393,1.4913110014115305,3.8136694269337377,1.827271443536049,2.465634189000397,10.040780952206042,6.7158450606594124,7.780828229494288,16.600757840980656,11.103530500290228,12.86430267276389,2.239627167377615,1.0594109691424733,1.4231933762045035,3.583403467804184,1.6950575506279575,2.2771094019272056,9.389829799880909,6.134751930969148,7.127412618125211,15.023727679809454,9.815603089550637,11.403860189000337,2.306654895322825,1.1052045021387393,1.4913110014115305,3.8136694269337377,1.827271443536049,2.465634189000397,10.040780952206042,6.7158450606594124,7.780828229494288,16.600757840980656,11.103530500290228,12.86430267276389,0.6030150753768844,-0.0019849246231156137,-0.0019849246231156137,0.42211055276381915,-0.0028894472361808976,-0.0028894472361808976,0.2814070351758794,-0.003592964824120637,-0.003592964824120637,0.3765182186234818,0.08964953175479495,0.15579143531258,0.36585365853658536,0.38190954773869346,0.0886764650319265,0.1598728198588938,0.36363636363636365,0.3765182186234818,0.08964953175479495,0.15579143531258,0.36585365853658536,19.0,-10.0,-10.0,32.0,-15.0,-15.0,37.0,-18.0,-18.0,-0.00021203487164351623,-0.00014380261324520318,-0.0001133927469445291,-2.39265858157367e-05,-9.583520108336074e-05,-0.00011149550017286458,0.06072874493927125,0.17514652497348362,15,-0.3303861618041992
82,1,test,2.020793845662672,0.920746355149537,1.275031262828959,3.545687361101376,1.6155426844955068,2.2371714182152287,7.5443115761350095,4.54000287941478,5.436263192437865,13.237258348310508,7.9658946227768554,9.538474067713064,2.1272662795768063,0.9510274336456224,1.3307414301804332,3.247734777979857,1.451950280374996,2.031666305618982,8.391894332653,5.149737342725518,6.174074071051482,12.812052416264123,7.8621944163748365,9.426067284048063,2.020793845662672,0.920746355149537,1.275031262828959,3.545687361101376,1.6155426844955068,2.2371714182152287,7.5443115761350095,4.54000287941478,5.436263192437865,13.237258348310508,7.9658946227768554,9.538474067713064,0.5376884422110553,-0.0023115577889447625,-0.0023115577889447625,0.3668341708542714,-0.0031658291457286047,-0.0031658291457286047,0.2562814070351759,-0.00371859296482413,-0.00371859296482413,0.33684210526315794,0.08115033643653802,0.13614198857704363,0.3204225352112676,0.3467336683417085,0.081069507940706,0.13972198219813592,0.33838383838383834,0.33684210526315794,0.08115033643653802,0.13614198857704363,0.3204225352112676,20.0,0.0,0.0,25.0,0.0,0.0,33.0,0.0,0.0,8.072847030983377e-05,-0.00015364091246502183,0.0001414266881236922,-0.033106114168068856,-0.02840715955334261,-0.0294257499146795,0.0456140350877193,0.22787802887165656,13,-0.7890949249267578
459,1,test,2.2007218736216014,1.004763357876853,1.3883485727494476,3.419401190734639,1.5611645721850027,2.1571652555085503,9.031530770654035,5.724804969954793,6.778281486246077,14.032862326446324,8.89499266837062,10.531845965188797,2.2536944513385566,0.9949058137243982,1.384887541552494,3.174217537096559,1.4012757939780258,1.9505458331725267,9.522852643444157,6.001699133507245,7.1387878917350385,13.412468511893179,8.453097371136964,10.05463083342963,2.2007218736216014,1.004763357876853,1.3883485727494476,3.419401190734639,1.5611645721850027,2.1571652555085503,9.031530770654035,5.724804969954793,6.778281486246077,14.032862326446324,8.89499266837062,10.531845965188797,0.5678391959798995,-0.0021608040201005485,-0.0021608040201005485,0.44723618090452266,-0.0027638190954772934,-0.0027638190954772934,0.321608040201005,-0.0033919597989949812,-0.0033919597989949812,0.40625,0.1324198440207972,0.19493360277136262,0.42508710801393723,0.40703517587939697,0.12382715582927162,0.1916762443268093,0.43939393939393945,0.40625,0.1324198440207972,0.19493360277136262,0.42508710801393723,19.0,-10.0,-10.0,32.0,-19.0,-19.0,38.0,-19.0,-19.0,0.00015024973748464126,3.793187376743392e-05,-7.79875256084283e-05,-0.0003080533820964959,0.0001462546060908565,-1.7556467044599344e-06,0.04513888888888889,-0.30635951991831756,13,-0.578195333480835
45,1,test,1.96314317667645,0.8837237955831103,1.22912083330585,3.1589664315047443,1.4220327065982028,1.9778238789743883,7.121676610290518,4.178706299589745,5.038232506740814,11.459753733310121,6.72411115213172,8.107206622522018,1.9670352643268771,0.8322582486580701,1.2035319784770202,2.8100503776098247,1.1889403552258144,1.7193313978243148,7.149448810736389,4.0389689334417955,5.003668460532364,10.213498301051985,5.769955619202566,7.148097800760519,1.975728876548325,0.9055772965597111,1.2584259537255897,3.119571910339461,1.4298588893048072,1.9869883479877735,7.2118743046420795,4.29605285797938,5.1629745934309925,11.38716995469802,6.783241354704285,8.15206514752262,0.5226130653266332,-0.002386934673366814,-0.002386934673366814,0.33668341708542715,-0.0033165829145728187,-0.0033165829145728187,0.2361809045226131,-0.0038190954773869024,-0.0038190954773869024,0.3607594936708861,0.09810126582278489,0.15506329113924056,0.32698412698412693,0.3517587939698492,0.09296482412060303,0.14405360134003342,0.297979797979798,0.3612040133779264,0.09698996655518388,0.15607580824972123,0.32885906040268453,20.0,-11.0,-11.0,28.0,-14.0,-14.0,34.0,-14.0,-14.0,0.00039474247181373593,0.00013626164042899953,-9.586994388419183e-05,-0.012131293891510353,-0.01119831478527189,-0.013290339331097023,0.0379746835443038,-0.16485296288942475,12,-0.6492291688919067
285,1,test,2.2179330391035355,0.9671145689535983,1.3584751136904738,4.247414251355137,1.8520560045974137,2.6015242373288157,9.188319327843141,5.695118459459724,6.826439296355674,17.595931784693075,10.90633796484771,13.072854338772633,2.2430653882315896,0.9613095919214043,1.3761144787385704,3.8342998089428884,1.6432642596947082,2.3523324422881546,9.422169672467863,5.819209432995617,7.042525641937631,16.10627294438951,9.94736655212926,12.038505370833558,2.2179330391035355,0.9671145689535983,1.3584751136904738,4.247414251355137,1.8520560045974137,2.6015242373288157,9.188319327843141,5.695118459459724,6.826439296355674,17.595931784693075,10.90633796484771,13.072854338772633,0.5628140703517588,-0.0021859296482411583,-0.0021859296482411583,0.42713567839195976,-0.002864321608040288,-0.002864321608040288,0.3316582914572864,-0.0033417085427135396,-0.0033417085427135396,0.3904109589041096,0.11519728369043436,0.1819827128904422,0.3883161512027491,0.3869346733668342,0.11876424730167123,0.1749146399778525,0.38888888888888884,0.3904109589041096,0.11519728369043436,0.1819827128904422,0.3883161512027491,20.0,-11.0,-11.0,33.0,-20.0,-20.0,42.0,-21.0,-21.0,0.00030304319215707093,-6.158455667533926e-05,-6.936736881140427e-05,-0.005011302111102012,-0.004112692626835113,-0.00482982899231299,0.03424657534246575,-0.3956122799104445,10,-0.27262258529663086
74,1,test,1.5984923220823686,0.6544829227862867,0.9582738764013315,2.7659305348391543,1.1324760686414397,1.658136819840506,4.945570473306457,2.375304463541027,3.048675270692331,8.557503965047127,4.110077386351889,5.275235861647404,1.636169508842547,0.5589606992766998,0.8789652456820726,2.6822450964631916,0.9163290152077044,1.4409266322656926,5.135460452790548,2.1989886031620607,3.0031539411406403,8.41878762752549,3.6048993494460015,4.923203182197771,1.6217942245828005,0.6553914839837918,0.9653282229687848,2.748803770479323,1.110833023701342,1.6361495304555675,5.062164833855537,2.4336926975909106,3.1341979847098527,8.579940396365316,4.12490287727273,5.312199974084495,0.457286432160804,-0.0027135678391959628,-0.0027135678391959628,0.33668341708542715,-0.0033165829145728187,-0.0033165829145728187,0.20100502512562812,-0.003994974874371837,-0.003994974874371837,0.34853420195439744,0.10137973040968196,0.15568479783738765,0.33986928104575165,0.3517587939698492,0.10363849321796947,0.15309435323529164,0.3535353535353535,0.34782608695652173,0.09573927560426798,0.15539004691202785,0.34563758389261745,20.0,-11.0,-11.0,29.0,-16.0,-16.0,38.0,-21.0,-21.0,0.00036493607162645396,6.472669855595438e-05,0.00013596404789675617,-0.07488754980974477,-0.06814951961613236,-0.07097576923224924,0.03908794788273615,-0.4047120191486314,12,-0.6479953527450562
240,1,test,2.529213935934652,1.2008784682854177,1.6355498775340442,4.327766068154849,2.0548364901772707,2.798607568224921,12.54364215396915,8.768887200335836,10.099573679238887,21.463565463458327,15.004540320574655,17.281492740030988,2.657342278928412,1.2113275285263647,1.6818315449482193,3.966182505863301,1.8079515351139772,2.5101963357436103,14.258343995979406,10.012185247296152,11.605822397978683,21.281110441760305,14.943560070591271,17.32212298205773,2.514863309419314,1.1892516307198941,1.6213330101196335,4.2624801854564645,2.015680730033719,2.748022051050227,12.364918495702598,8.600431188101853,9.921176915511072,20.957488975767117,14.577002013731954,16.815554094086565,0.6080402010050252,-0.001959798994974782,-0.001959798994974782,0.48743718592964824,-0.002562814070351749,-0.002562814070351749,0.371859296482412,-0.003140703517587995,-0.003140703517587995,0.4104234527687296,0.12795592030119718,0.19745047979575658,0.40522875816993464,0.4120603015075377,0.11206030150753765,0.19575414510154765,0.4191919191919192,0.41137123745819393,0.1263712374581939,0.2004944339065846,0.40604026845637586,23.0,-7.0,-7.0,37.0,-10.0,-10.0,42.0,-5.0,-5.0,0.00033965940209202604,-0.0001888100686718601,0.00022317565229583095,-0.024661325894973274,-0.02077595697156731,-0.024313041265241253,0.04234527687296417,-0.143607207913701,13,-0.3062782287597656
419,1,test,1.2690658130225152,0.5631175800832292,0.7735729262390034,2.409874974728925,1.0693243409027278,1.4689656099325756,3.5575276135667626,1.5317609403995207,1.916220595307397,6.755517861932629,2.9087162538437705,3.638780598535855,1.3057343860438129,0.5199791820491421,0.769008646751664,2.1060232032964725,0.8386761000792615,1.2403365270188131,3.690398275780347,1.4963349952090366,1.980000879001171,5.952255283516688,2.413443540659736,3.1935498048405977,1.3204294753719439,0.5697917723030844,0.8142711921364373,2.3439576485892495,1.0114646845616884,1.4454518203605395,3.7450294298339757,1.6266789652672942,2.0861235388715196,6.647981236391672,2.8875957963324743,3.7031778796535844,0.35678391959798994,-0.0032160804020100464,-0.0032160804020100464,0.26633165829145733,-0.0036683417085426884,-0.0036683417085426884,0.18090452261306533,-0.0040954773869347205,-0.0040954773869347205,0.3117977528089888,0.09440644846116275,0.1446423275890475,0.3098591549295775,0.321608040201005,0.1010566617548897,0.15466313202070447,0.31818181818181823,0.3210702341137124,0.10404185347932171,0.15644287037622628,0.3221476510067114,19.0,-9.0,-9.0,26.0,-12.0,-12.0,33.0,-14.0,-14.0,-0.00010005771576430844,-9.7266261238376e-05,-7.915208877110005e-05,-0.14588598961650412,-0.14607273945100285,-0.15145568293993872,0.028089887640449437,0.38972213885961954,10,-0.5375571250915527
334,1,test,1.9017741757819966,0.867313375292871,1.1739162054864454,3.507935785380263,1.5998112000220832,2.1653583893946866,6.6977669230994685,3.884178182227733,4.627126442586258,12.35443017939591,7.164598097787942,8.535010432957035,2.160646722121166,0.9559083855982515,1.3400829717752063,3.224845853912188,1.4267289337287337,2.000123838470457,8.676747288743336,5.340861204438212,6.404967095275378,12.95036908767662,7.971434633489869,9.559652381008027,1.9949545007590477,0.9058946502393428,1.2555581599149772,3.288386539712716,1.4932329399549606,2.069601362497215,7.35186851584378,4.380389391463883,5.257197850205771,12.11846458655568,7.220422073841563,8.665710742097424,0.5376884422110553,-0.0023115577889447625,-0.0023115577889447625,0.3517587939698492,-0.0032412060301507672,-0.0032412060301507672,0.2613065326633166,-0.003693467336683409,-0.003693467336683409,0.3380281690140845,0.08767655157385945,0.14545729902385962,0.288135593220339,0.3316582914572864,0.07351292804876508,0.12464660531371385,0.31313131313131315,0.3277591973244147,0.07901128413576697,0.13754785138448145,0.2919463087248322,14.0,-4.0,-4.0,20.0,-6.0,-6.0,26.0,-8.0,-8.0,0.0005935187720452421,0.0002818551640264765,0.00030182098914828065,-0.03905031810748749,-0.0417122394348155,-0.04436303973044353,0.028169014084507043,-0.40026004882858496,10,-0.7930970191955566
147,1,test,1.6126931002942337,0.7490786181683511,0.9279057583988002,2.690052391362166,1.2495004336252165,1.5477930077855506,5.016302458688068,2.64458470754483,3.0329524434560025,8.36744227548798,4.411298972751126,5.0591156940635384,1.773267664331402,0.7784674742818454,1.0777423368756742,2.4291337867553455,1.0663938003860898,1.4763593655831158,5.890068717074819,3.1858847526438274,3.8853067632146607,8.068587283664137,4.364225688553189,5.322338031800905,1.6892402058348885,0.761322821259951,1.059027700138418,2.5855717436248296,1.1652900325407414,1.620960765517987,5.415364579215756,2.8861283168729814,3.5373549546093632,8.28882333553432,4.417543342152522,5.414318808075555,0.5025125628140703,-0.0024874371859296973,-0.0024874371859296973,0.37688442211055273,-0.003115577889447274,-0.003115577889447274,0.24120603015075381,-0.0037939698492461815,-0.0037939698492461815,0.3965087281795511,0.14837905236907722,0.19611772133693128,0.38749999999999996,0.4170854271356784,0.1532663316582915,0.22780569514237858,0.4242424242424242,0.4247491638795987,0.1705685618729097,0.24303232998885183,0.412751677852349,17.0,-7.0,-7.0,28.0,-15.0,-15.0,35.0,-16.0,-16.0,-0.00019382156426548018,0.00024667859242108665,-4.1275120615572855e-05,-0.03751015513914879,-0.040045929762867694,-0.0389636749417237,0.02493765586034913,0.3105533620961722,10,-0.5846879482269287
0,1,test,1.4563311553810578,0.6641615255203993,0.8429791413720962,3.0276358230290414,1.3807568556871461,1.752509267589358,4.2901905765053625,2.0820084057984447,2.443579674788345,8.919080409050622,4.328385896265187,5.080073534428401,1.1736980195298197,0.45244022192946565,0.6896053395422104,2.4972298287868506,0.962638770062693,1.467245403281299,3.233929688348789,1.1769107907479324,1.611227657661379,6.880701464571891,2.5040655122296434,3.4281439524710193,1.2083650717309462,0.5176412631174157,0.7456867036458252,2.44938865891408,1.04927283064341,1.511527101984781,3.3480064251654107,1.3528473010677144,1.7596840200883936,6.786499510470427,2.742258042704827,3.566927067746744,0.3417085427135679,-0.003291457286432098,-0.003291457286432098,0.20603015075376885,-0.003969849246231116,-0.003969849246231116,0.13567839195979903,-0.004321608040200986,-0.004321608040200986,0.31725888324873097,0.10052884522591732,0.13739573564364793,0.30279898218829515,0.31155778894472363,0.10103147315524996,0.15963792250065023,0.20707070707070707,0.3110367892976589,0.1056945522358893,0.1630946313443774,0.24832214765100669,20.0,-11.0,-11.0,26.0,-17.0,-17.0,32.0,-18.0,-18.0,0.0005280154233132066,-0.0005870702759606307,0.0001421453592510295,-0.11195829613803365,-0.11490866677898115,-0.11367320906002032,0.9695431472081218,0.34782417430144474,382,-0.3872591257095337
224,1,test,2.146342082339104,0.9743303935027381,1.3578222515907783,3.480554728117466,1.5799952327071427,2.201873921498559,8.553513056319515,5.325032247267205,6.353375617181699,13.870561712950565,8.635187428000872,10.302771271105458,2.095993663611331,0.9078872146620984,1.2834124084663543,3.1757479751686835,1.3755866888819672,1.944564255252052,8.133518937957389,4.852656097392941,5.879801032008766,12.323513542359679,7.352509238474154,8.908789442437524,2.146342082339104,0.9743303935027381,1.3578222515907783,3.480554728117466,1.5799952327071427,2.201873921498559,8.553513056319515,5.325032247267205,6.353375617181699,13.870561712950565,8.635187428000872,10.302771271105458,0.5477386934673367,-0.002261306532663321,-0.002261306532663321,0.39698492462311563,-0.0030150753768843908,-0.0030150753768843908,0.27638190954773867,-0.0036180904522613577,-0.0036180904522613577,0.37792642140468224,0.1091451192343984,0.15879405210546094,0.38926174496644295,0.3869346733668342,0.12127051296583169,0.1765840890596555,0.398989898989899,0.37792642140468224,0.1091451192343984,0.15879405210546094,0.38926174496644295,17.0,-8.0,-8.0,28.0,-16.0,-16.0,36.0,-21.0,-21.0,2.17856134016108e-05,0.0001294073856141291,-8.351786672752678e-05,-0.008844023009715762,-0.010385340506319451,-0.009042561376860547,0.9632107023411371,0.5207654332246876,288,-0.6603071689605713
101,1,test,1.9211173206346792,0.889440922500361,1.194148473502218,3.4216915462050506,1.5841783594782548,2.1268913110139014,6.828583926183641,4.022818451812201,4.759783681864542,12.162353460565889,7.165019929098349,8.477624667201525,1.9699552131404738,0.8816597902881445,1.2367884144351295,3.203179208358494,1.4335931549400722,2.0110380722522434,7.1703553434576115,4.201146831963193,5.088692957118052,11.659114379605873,6.831133060102754,8.274297491248866,2.043631232147717,0.9707222817707188,1.3233071152939493,3.523502124392616,1.6736591065012396,2.2815639918861192,7.718586351263201,4.794713810061921,5.663487156268257,13.307907502177933,8.266747948382623,9.764633028048719,0.5125628140703518,-0.0024371859296482556,-0.0024371859296482556,0.35678391959798994,-0.0032160804020100464,-0.0032160804020100464,0.22613065326633164,-0.003869346733668344,-0.003869346733668344,0.33333333333333337,0.09277389277389281,0.14271749755620722,0.3174157303370787,0.3668341708542714,0.1061825417815897,0.1781864246105318,0.3484848484848485,0.3411371237458194,0.09739755780258064,0.1542628189627271,0.3422818791946308,18.0,-4.0,-4.0,29.0,-7.0,-7.0,34.0,-5.0,-5.0,2.7966492887977736e-05,0.00016049828191630065,-0.00012631583995867258,-0.025513482452259595,-0.032513292737678334,-0.0285406967335744,0.028011204481792718,0.6462424055156489,10,-0.7830853462219238
16,1,test,1.8488620325757799,0.8765902240705457,1.1945278557041266,3.2032609634161764,1.5187435277501313,2.0695889593013357,6.352586371486923,3.7086421949498463,4.428725231891173,11.006225225018039,6.425438221482872,7.673023948276566,1.9834390148808876,0.8967948737444797,1.2478865834514754,3.075099247877345,1.3903796492162477,1.934707881320117,7.267693764525487,4.303384206867232,5.1810593679395165,11.26774227058215,6.671913499018965,8.032650182851965,1.8488620325757799,0.8765902240705457,1.1945278557041266,3.2032609634161764,1.5187435277501313,2.0695889593013357,6.352586371486923,3.7086421949498463,4.428725231891173,11.006225225018039,6.425438221482872,7.673023948276566,0.5829145728643217,-0.002085427135678275,-0.002085427135678275,0.3869346733668342,-0.0030653266331658324,-0.0030653266331658324,0.22613065326633164,-0.003869346733668344,-0.003869346733668344,0.38383838383838387,0.10820813173754351,0.16995260556290792,0.33445945945945943,0.3919597989949749,0.11125804460901001,0.16324527478796325,0.33838383838383834,0.38383838383838387,0.10820813173754351,0.16995260556290792,0.33445945945945943,19.0,-8.0,-8.0,27.0,-8.0,-8.0,36.0,-13.0,-13.0,0.0006075020847221956,0.0001860183220487869,6.2523327111323896e-06,-0.02655218567614792,-0.026495251409884624,-0.02428492549351091,0.9562289562289562,-0.2151635630122265,284,-0.6323148012161255
284,1,test,1.3144831252146134,0.5625808947831492,0.807788795007762,2.294646842860192,0.9820776313555553,1.4101284167187522,3.72282625285077,1.6017953817915522,2.063030872026844,6.498806522317529,2.796197718503172,3.6013602505902127,1.4250369605542554,0.5736637209258171,0.8501169268569422,2.244152693786229,0.9034074345288459,1.3387668139479405,4.158011522326414,1.8151495675787555,2.3810231002881284,6.5480496414589195,2.8585032560295356,3.749642677619099,1.3110884709789332,0.5620119076341772,0.8071542457712025,2.2735638225068207,0.9745871230650471,1.3996894435338771,3.7102099710156082,1.5951639674749236,2.0549894832228857,6.433890123148454,2.766180290418943,3.563565577843155,0.37688442211055273,-0.003115577889447274,-0.003115577889447274,0.29648241206030146,-0.0035175879396985854,-0.0035175879396985854,0.1959798994974874,-0.004020100502512558,-0.004020100502512558,0.31893687707641194,0.10168977923229916,0.149876103595749,0.32333333333333336,0.33668341708542715,0.11111950731099107,0.15805236533250566,0.3535353535353535,0.3177257525083612,0.10069737187397054,0.14976134761403415,0.3221476510067114,16.0,-5.0,-5.0,26.0,-12.0,-12.0,32.0,-13.0,-13.0,-4.644322775521209e-05,-0.00027568875918547567,-1.7545301081855986e-05,-0.14024205085570607,-0.13827068521283614,-0.14586281410794388,0.03322259136212625,0.3901351608304452,10,-0.6938390731811523
142,1,test,1.9669728927156023,0.8830256875602722,1.2369717718181894,3.6725126794373586,1.64868720145747,2.309535903078265,7.149002902000504,4.192677126733208,5.073919968372593,13.347821873988282,7.828099698647445,9.473458168796931,1.8137628313499907,0.7615565367434274,1.1041926610173234,3.182040054999984,1.3360640995498725,1.937180107047936,6.133483328306804,3.2695204297311062,4.100366151579488,10.76049706720492,5.7360007539142215,7.193624827332434,1.9669728927156023,0.8830256875602722,1.2369717718181894,3.6725126794373586,1.64868720145747,2.309535903078265,7.149002902000504,4.192677126733208,5.073919968372593,13.347821873988282,7.828099698647445,9.473458168796931,0.44723618090452266,-0.0027638190954772934,-0.0027638190954772934,0.31658291457286436,-0.003417085427135591,-0.003417085427135591,0.2160804020100503,-0.003919597989949675,-0.003919597989949675,0.3639455782312925,0.10927664784080016,0.16032566872902998,0.3651877133105802,0.3417085427135679,0.111132101610811,0.15973859279704028,0.3232323232323232,0.3639455782312925,0.10927664784080016,0.16032566872902998,0.3651877133105802,17.0,-5.0,-5.0,24.0,-5.0,-5.0,28.0,-6.0,-6.0,1.9442702703519794e-05,4.951454826178542e-05,-0.00010463652852124793,-0.06048523672329509,-0.060824920732005516,-0.05512862271767105,0.034013605442176874,0.3902990464497979,10,-0.6958686113357544
478,1,test,1.9989527773768063,0.9151432265646755,1.2619848628021564,3.4099782672898464,1.561126680610329,2.1527977071330904,7.381322162503201,4.4254033103107755,5.291732078729391,12.591667218387814,7.549217411706617,9.027072369597196,2.253532278805543,1.0101152155579534,1.4062097046209658,3.24249248748999,1.4534031878531704,2.02332331600139,9.521308423527866,6.05386671157169,7.187917423954755,13.699724350399809,8.710599584995236,10.342327228711879,2.0624636700170975,0.9239984312361029,1.2852783066333306,3.4184480718515426,1.5314891125460268,2.130295535856349,7.865323521685171,4.743350318670998,5.689982674996942,13.03644782599752,7.861906605532042,9.430910511044654,0.5728643216080402,-0.0021356783919597166,-0.0021356783919597166,0.4321608040201005,-0.002839195979899567,-0.002839195979899567,0.31155778894472363,-0.003442211055276312,-0.003442211055276312,0.37106918238993714,0.11518221221725267,0.16395621167864005,0.35962145110410093,0.3919597989949749,0.10624551328068921,0.17159252019697824,0.4242424242424242,0.3712374581939799,0.11414229959631716,0.16322855941756165,0.3657718120805369,20.0,-8.0,-8.0,27.0,-13.0,-13.0,36.0,-13.0,-13.0,0.0001471761157513088,0.00017002123099356351,0.00021960941817009063,-0.031143088668964758,-0.03369871870760388,-0.03599392401433388,0.031446540880503145,-0.47207713279389385,10,-0.729885458946228
302,1,test,1.5160277530613053,0.665476637328919,0.9368728511179168,2.8626171101922298,1.2565764740151943,1.7690363835814784,4.554099211882257,2.2131625883938875,2.769569521132629,8.59921086478944,4.178971711026105,5.229598919315141,1.6242832773992104,0.7000998742934574,1.0004848903009018,2.5782274244431913,1.111269641735647,1.5880712544458762,5.074780523538091,2.5549707723685566,3.2087781263364406,8.055207180219192,4.055509162489773,5.093298613232446,1.5276394337031016,0.6533491676224358,0.9415924159440348,2.794462378725186,1.1951509163825045,1.722425151117137,4.607288166493114,2.2101148316498946,2.810416809194403,8.427966158219112,4.042892984725418,5.1410063582824455,0.4371859296482412,-0.002814070351758735,-0.002814070351758735,0.3015075376884422,-0.0034924623115578646,-0.0034924623115578646,0.20100502512562812,-0.003994974874371837,-0.003994974874371837,0.34375,0.11910101404056161,0.17015332640332637,0.31974921630094044,0.3668341708542714,0.13375146408735406,0.1915420172649559,0.3434343434343434,0.34782608695652173,0.12411990999491906,0.17541229385307344,0.3221476510067114,17.0,-3.0,-3.0,29.0,-11.0,-11.0,33.0,-7.0,-7.0,0.0005649266891967084,9.49248107828353e-05,0.00020949524987426554,-0.1001571494743212,-0.09871509237417353,-0.10461568343703842,0.03125,0.3873523835847844,10,-0.6813639402389526
118,1,test,2.2113337236151915,1.0267667933049631,1.4174585568612332,3.9661340333227306,1.8415559260566434,2.542280508434986,9.127882350472037,5.858611657669863,6.915930830137132,16.371298667298234,10.507703489240143,12.404056585665309,2.268254696715762,1.0597078034451772,1.4561303484536086,3.9107839598547627,1.8270824197330642,2.5105695662993255,9.662522057601645,6.313906837408943,7.409833655664547,16.659520788968354,10.88604627139473,12.77557526838715,2.2113337236151915,1.0267667933049631,1.4174585568612332,3.9661340333227306,1.8415559260566434,2.542280508434986,9.127882350472037,5.858611657669863,6.915930830137132,16.371298667298234,10.507703489240143,12.404056585665309,0.5226130653266332,-0.002386934673366814,-0.002386934673366814,0.40201005025125625,-0.002989949748743781,-0.002989949748743781,0.29145728643216084,-0.0035427135678391952,-0.0035427135678391952,0.3646209386281588,0.11462093862815881,0.16701614820899713,0.3586956521739131,0.3668341708542714,0.11933417085427134,0.17049473657806502,0.36868686868686873,0.3646209386281588,0.11462093862815881,0.16701614820899713,0.3586956521739131,18.0,0.0,0.0,26.0,0.0,0.0,31.0,0.0,0.0,6.1347397881333e-05,0.00015381682341515928,9.846585173243412e-06,-0.023269916102204746,-0.020789109292087993,-0.02075985038489403,0.036101083032490974,0.38465305514636716,10,-0.7027878761291504
348,1,test,1.3587428893635305,0.5858574505311329,0.8388565482754908,3.396857223408826,1.464643626327832,2.0971413706887265,3.8912984330941653,1.7252913063931463,2.209461949963733,9.728246082735414,4.3132282659828665,5.523654874909333,1.427844800679999,0.553221109211977,0.8336880003693828,3.138120441054943,1.2158705696966527,1.832281319493149,4.1697029600849,1.7717302135292763,2.358200117915939,9.164182329856922,3.8939125572072015,5.1828574020130525,1.2334001408535507,0.5171022198295245,0.7459220958788146,3.0580168781492993,1.2820716194120445,1.8493936261458217,3.432881997383759,1.3860403996906907,1.804677218907715,8.511277679463866,3.4364638008860107,4.474406327870368,0.40703517587939697,-0.00296482412060306,-0.00296482412060306,0.29145728643216084,-0.0035427135678391952,-0.0035427135678391952,0.19095477386934678,-0.004045226130653168,-0.004045226130653168,0.3510324483775811,0.1286465868164618,0.18223951412831707,0.34911242603550297,0.36180904522613067,0.1412576667800154,0.19152523888222417,0.36363636363636365,0.33444816053511706,0.12242812714613538,0.17315783795447193,0.3221476510067114,14.0,-4.0,-4.0,23.0,-11.0,-11.0,28.0,-13.0,-13.0,7.532158225225008e-05,2.0746346177987844e-05,0.00011745367863503123,-0.14807235300470278,-0.1485890602000417,-0.1514382417734801,0.9646017699115044,0.48176871571609814,327,-0.4583064317703247
104,1,test,1.5370479987019356,0.6770221884917785,0.9570659891872246,3.222842577923413,1.4195626532892127,2.006751267650632,4.650840698815518,2.287619010648447,2.864834399474528,9.751762755580923,4.796620506198355,6.0069108376078795,1.6213452539274307,0.6654597551308364,0.9741388477270869,2.9213427998692443,1.199026585821327,1.7552051310397963,5.059892580518194,2.4589198588046135,3.149695526843084,9.11692356850125,4.430486232080384,5.675127075392943,1.4998024408717125,0.6548555581810187,0.931886494258452,3.103039532838026,1.3548735686503837,1.928041022603694,4.4808037592056005,2.1529495972689237,2.7162180333371415,9.270628467321933,4.4543784771081185,5.619761448283741,0.4723618090452262,-0.0026381909547738003,-0.0026381909547738003,0.2814070351758794,-0.003592964824120637,-0.003592964824120637,0.20100502512562812,-0.003994974874371837,-0.003994974874371837,0.33333333333333337,0.09450436569080645,0.14544832306639288,0.29721362229102166,0.3517587939698492,0.09611969622548833,0.14641655690807964,0.30808080808080807,0.3277591973244147,0.08568908046297896,0.13754785138448145,0.28859060402684567,20.0,-11.0,-11.0,30.0,-19.0,-19.0,35.0,-21.0,-21.0,0.0008897905758523978,8.191392556678484e-05,0.00013086050446643285,-0.08760247892965456,-0.0798854103280009,-0.08025929582856062,0.9660493827160493,0.5865228555257315,313,-0.24542236328125
261,1,test,2.128159068737327,0.9792045178879147,1.3389750076753604,3.4923635999792033,1.606899721662219,2.197292320287771,8.39938987041899,5.244496965529876,6.1977905478400235,13.783614146328599,8.606353994715693,10.170733206711834,2.1775430960387987,0.9656445490298173,1.3440528857728804,3.15585955947652,1.3994848536664022,1.947902733004175,8.824598411799105,5.46474096338127,6.523261522551149,12.789273060578415,7.9199144396830015,9.454002206595868,2.1867433361310002,0.9976030604984112,1.3613543009296853,3.4894840470175534,1.5919197773910816,2.1723738844622638,8.906161460399218,5.621905022392225,6.6233927904251155,14.211959777232794,8.971125035732273,10.569243814508162,0.5477386934673367,-0.002261306532663321,-0.002261306532663321,0.39698492462311563,-0.0030150753768843908,-0.0030150753768843908,0.3015075376884422,-0.0034924623115578646,-0.0034924623115578646,0.3887147335423198,0.12423899019333695,0.1832924186309538,0.4339622641509434,0.38190954773869346,0.11624538733769096,0.16822006526790878,0.4545454545454546,0.39799331103678925,0.13588980519371752,0.189984412260371,0.44630872483221473,19.0,-9.0,-9.0,31.0,-17.0,-17.0,36.0,-16.0,-16.0,-0.0004785736140220587,-0.000239757966460591,7.138668439894994e-05,-0.01494234160411434,-0.012234261238599053,-0.013887302556857328,0.05642633228840126,-0.17184177107403384,18,-0.5618531703948975
46,1,test,1.895116710385261,0.8427164004643666,1.1339255915921875,3.6298002601029866,1.6140917299899509,2.171857482308846,6.653324871430133,3.7888062662863864,4.512500192485228,12.743405309300043,7.256867028548529,8.642989786664828,1.9179777179149562,0.7977087606239952,1.1372166474727787,3.1186629559592784,1.2970874156487728,1.8491327601183394,6.807178505358811,3.741499876319413,4.624045353853455,11.068582935542782,6.083739636291728,7.518772933095048,1.9130895160819894,0.8334159317230496,1.1742710677092563,3.478344574694526,1.5153016940419084,2.1350383049259207,6.773984837680707,3.8302663192219906,4.680524316749866,12.316336068510374,6.964120580403618,8.510044212272481,0.4773869346733668,-0.0026130653266331905,-0.0026130653266331905,0.371859296482412,-0.003140703517587995,-0.003140703517587995,0.2562814070351759,-0.00371859296482413,-0.00371859296482413,0.368421052631579,0.1277571522166412,0.17487266553480474,0.37777777777777777,0.371859296482412,0.12373899573053226,0.17319485574785443,0.38888888888888884,0.36789297658862874,0.12415341064538998,0.18101867180553644,0.3791946308724832,19.0,-6.0,-6.0,28.0,-7.0,-7.0,35.0,-9.0,-9.0,-0.00018798168862598183,6.086124869630402e-05,-9.05436630781119e-05,-0.07872905391883833,-0.07519934555239782,-0.07854973149097155,0.9695290858725761,0.3899670882043547,350,-0.6037791967391968
137,1,test,2.0177978159904413,0.908194337445561,1.2676367530597532,3.501855564525347,1.5761566243410061,2.1999631391811203,7.521742420608263,4.4885869758650605,5.40440140630834,13.053862652539502,7.789870300049687,9.379251472883507,1.9135007247241567,0.8123519937139432,1.1572680298109979,3.386726946414437,1.4377911393167138,2.0482619996654834,6.776770931581557,3.7691519460812852,4.646535095167874,11.994284834657623,6.67106539129431,8.223955920651104,2.0177978159904413,0.908194337445561,1.2676367530597532,3.501855564525347,1.5761566243410061,2.1999631391811203,7.521742420608263,4.4885869758650605,5.40440140630834,13.053862652539502,7.789870300049687,9.379251472883507,0.4974874371859297,-0.002512562814070307,-0.002512562814070307,0.35678391959798994,-0.0032160804020100464,-0.0032160804020100464,0.2361809045226131,-0.0038190954773869024,-0.0038190954773869024,0.3805970149253731,0.11616498513021478,0.17836376430502576,0.39700374531835203,0.37688442211055273,0.11372652737371058,0.16820328688517705,0.3787878787878788,0.3805970149253731,0.11616498513021478,0.17836376430502576,0.39700374531835203,17.0,0.0,0.0,25.0,-1.0,-1.0,33.0,0.0,0.0,-0.0003419535625520443,-0.0003523618106121335,-5.0489806547635974e-05,-0.00016945494488584956,0.00022372510708557058,6.833549267337702e-05,0.9552238805970149,-0.3059709365578582,256,-0.3891468048095703
278,1,test,2.12348245034528,0.9791445071249307,1.3410796614915879,3.3578220027627332,1.5483023979660235,2.1206235041320185,8.360200836771243,5.219839265992829,6.173480651732435,13.219824968490489,8.254031548688168,9.762006350769024,2.1826651602998903,0.9476777351623029,1.3185898620674261,3.1405254105034395,1.3635650865644646,1.897251600097016,8.869914528900228,5.431579245060075,6.497103600159421,12.762466948057883,7.815221935338237,9.348350503826506,2.1171176835528573,0.9440430894017942,1.3123740574475171,3.2908565029319026,1.4674244912981256,2.0399596747888866,8.307159086354334,5.0752448835286845,6.071035944626885,12.912682517649223,7.888981684241478,9.436843437243864,0.542713567839196,-0.0022864321608039306,-0.0022864321608039306,0.37688442211055273,-0.003115577889447274,-0.003115577889447274,0.2814070351758794,-0.003592964824120637,-0.003592964824120637,0.37812500000000004,0.10355401716068646,0.17750129937629944,0.3730407523510971,0.37688442211055273,0.10620773038122944,0.17655053229419215,0.36868686868686873,0.3712374581939799,0.09744780877828707,0.1721273358358042,0.3657718120805369,21.0,-12.0,-12.0,32.0,-20.0,-20.0,39.0,-20.0,-20.0,0.0005559075286603918,9.644293482580792e-05,0.00010595216769711945,-0.02311926052962132,-0.023111544989557586,-0.022529171056226538,0.04375,-0.5127090097951933,14,-0.39462780952453613
220,1,test,2.3427068239280153,1.0800276955938442,1.4964492799541524,3.904511373213359,1.8000461593230739,2.494082133256921,10.40937480771915,6.874495600191118,8.078467617153398,17.34895801286525,11.457492666985196,13.464112695255663,2.328731058515359,1.0397921224612359,1.4617141753980538,3.4246044978167043,1.5291060624429937,2.1495796697030203,10.264907697991394,6.635973716800523,7.88510666854112,15.095452497046166,9.758784877647827,11.595745100795764,2.3427068239280153,1.0800276955938442,1.4964492799541524,3.904511373213359,1.8000461593230739,2.494082133256921,10.40937480771915,6.874495600191118,8.078467617153398,17.34895801286525,11.457492666985196,13.464112695255663,0.6030150753768844,-0.0019849246231156137,-0.0019849246231156137,0.457286432160804,-0.0027135678391959628,-0.0027135678391959628,0.31155778894472363,-0.003442211055276312,-0.003442211055276312,0.3977272727272727,0.11417339749097777,0.1823620334325624,0.3802281368821293,0.40201005025125625,0.10376443621616849,0.17830387328965358,0.3787878787878788,0.3977272727272727,0.11417339749097777,0.1823620334325624,0.3802281368821293,22.0,-13.0,-13.0,34.0,-21.0,-21.0,40.0,-20.0,-20.0,5.716320899189736e-05,7.110348401091323e-05,4.610716462444746e-06,-0.000141735257445319,-0.00018927773293242467,8.23537205478786e-05,0.9583333333333334,-0.5876441396363636,253,-0.40868234634399414
327,1,test,1.9249128283747958,0.8876123552528083,1.2252883232892873,3.5048990805668243,1.6161727855759225,2.2310163111914765,6.854551117493966,4.032961350904282,4.841554421975983,12.48083006942543,7.343253326791033,8.815547068915809,1.8831448539923594,0.8024549450010772,1.1511679753813175,3.037330409665096,1.2942821693565763,1.8567225409376091,6.574147119550851,3.6274353066293474,4.494960271975596,10.60346309604976,5.85070210746669,7.249935922541283,1.8805223366757007,0.841471851592184,1.17664318426899,3.461084055231351,1.5487211992494185,2.165600952642313,6.556928892305458,3.730396986733838,4.5353493602653145,12.067967286451763,6.865761325277003,8.347268761224505,0.5678391959798995,-0.0021608040201005485,-0.0021608040201005485,0.35678391959798994,-0.0032160804020100464,-0.0032160804020100464,0.20603015075376885,-0.003969849246231116,-0.003969849246231116,0.3821656050955414,0.10076655899061293,0.17030119831588042,0.3801916932907349,0.3869346733668342,0.09871412198838803,0.1665673945688375,0.36868686868686873,0.3812709030100334,0.10080345726712858,0.1721496571813349,0.37248322147651003,15.0,0.0,0.0,19.0,0.0,0.0,26.0,0.0,0.0,0.00023643354376579425,-0.00018566976524637957,-2.5947715736329397e-05,-0.008903256908060264,-0.007694238956552191,-0.008469275099425744,0.03184713375796178,0.3630807605936723,10,-0.260417103767395
306,1,test,1.6514114117596193,0.7253186849429925,1.0141418110798937,3.1316399332758635,1.3754518964467723,1.923159166133213,5.214334208549327,2.6897087289457366,3.323024416568913,9.88815816377342,5.100606187208075,6.301588985078855,1.6661123005786078,0.6970506470724618,1.002446915220057,2.77685383429768,1.161751078454103,1.670744858700095,5.291555778138168,2.656085463734273,3.349658671331822,8.819259630230281,4.426809106223789,5.582764452219704,1.6698446012232262,0.7106748241029329,1.0076214430052084,3.1705910149808094,1.349382577410632,1.9132052715288768,5.3113423569413305,2.7018132738522826,3.372243888225536,10.084827260015185,5.130025203516992,6.402994724478866,0.5175879396984925,-0.002412060301507535,-0.002412060301507535,0.29648241206030146,-0.0035175879396985854,-0.0035175879396985854,0.16582914572864327,-0.004170854271356772,-0.004170854271356772,0.367741935483871,0.09721053451768746,0.15851446767271227,0.3559870550161812,0.35678391959798994,0.07608216521202504,0.13975553896359927,0.3434343434343434,0.3712374581939799,0.10078670694189307,0.16100386531300104,0.35906040268456374,20.0,-11.0,-11.0,28.0,-14.0,-14.0,36.0,-16.0,-16.0,4.2374277882849324e-05,7.47542432111085e-05,4.098081187271813e-05,-0.07150392956130869,-0.08044844235008419,-0.08217998085328482,0.964516129032258,0.3681866364394864,299,-0.3777984380722046
266,1,test,1.6838007530551349,0.742543266135043,1.0487620745883275,2.97089452240618,1.3101417837042377,1.8504336080432793,5.385987928187138,2.8227853418447792,3.498892798193604,9.503025820937514,4.980516545558589,6.17343912560861,1.77659076488061,0.7752524176269124,1.0955362941420745,2.612633477765603,1.1400770847454593,1.6110827855030507,5.909674565724337,3.1877522967019702,3.933714339412231,8.690697890771082,4.68787102456172,5.784874028547398,1.5516761845274616,0.6470866796026147,0.9312497084775614,2.770850329513324,1.1555119278618118,1.6629459079956452,4.7193740983725,2.2484566829561157,2.8596530991611786,8.427453747093749,4.0151012195644915,5.1065233913592465,0.4623115577889447,-0.002688442211055242,-0.002688442211055242,0.33668341708542715,-0.0033165829145728187,-0.0033165829145728187,0.24120603015075381,-0.0037939698492461815,-0.0037939698492461815,0.36904761904761907,0.11793320597183898,0.17696841112682704,0.34626865671641793,0.38190954773869346,0.13880177831513452,0.18825345424954487,0.36868686868686873,0.3511705685618729,0.10576155353683114,0.1642962637787806,0.31879194630872487,14.0,0.0,0.0,23.0,0.0,0.0,31.0,0.0,0.0,0.0005319656794005355,-0.00020056300430970254,0.0001909173835465606,-0.048054252733161995,-0.05616284762441115,-0.06128202048086173,0.02976190476190476,-0.3279806241953197,10,-0.47601938247680664
416,1,test,1.8874972291353598,0.8699113245635273,1.152604395451974,3.2651018418692246,1.5048229074203199,1.9938417267297184,6.602822632087323,3.836314550531994,4.517564121030741,11.421944363563378,6.6362787248539234,7.814743621688249,2.0694394551605177,0.8930190240292084,1.2604636442899508,3.233499148688309,1.395342225045638,1.969474444203048,7.920382143945753,4.67763637283706,5.674775261609028,12.37559709991524,7.308806832557906,8.866836346264108,1.8829815295900219,0.8317645405662704,1.1758307816977043,3.1558349657933324,1.3940187830719613,1.9706661145771578,6.5730734885791255,3.711942523433205,4.544869335436713,11.016324282534846,6.2211327208377725,7.617099444865998,0.4974874371859297,-0.002512562814070307,-0.002512562814070307,0.36180904522613067,-0.0031909547738693256,-0.0031909547738693256,0.3015075376884422,-0.0034924623115578646,-0.0034924623115578646,0.33791208791208793,0.09648547611510572,0.14045363238911623,0.33333333333333337,0.3517587939698492,0.10113222755380913,0.15977214956250363,0.36363636363636365,0.3411371237458194,0.10741425229339874,0.15092577780588612,0.3355704697986577,13.0,-2.0,-2.0,23.0,-10.0,-10.0,29.0,-10.0,-10.0,-0.00031883581735395666,0.00024428973485317524,6.451791635952483e-05,-0.03465748209047703,-0.04699819211158651,-0.040207517230734346,0.027472527472527472,-0.23659127895862186,10,-0.7583935260772705
166,1,test,2.036300293914928,0.9774213929216498,1.3276561556347777,3.543837528083991,1.7010372307752468,2.3105618178174305,7.662208774234929,4.779071879407303,5.6309734577138695,13.33478322587847,8.317169292891164,9.799760437457842,2.0159092314920692,0.9044915648994489,1.2729292119865736,3.304769231954212,1.4827730572122115,2.08676919997799,7.507550380124073,4.46888722652691,5.40535962116815,12.30745963954766,7.326044633650673,8.861245280603525,2.0701829998329098,0.989810874847026,1.3481665455703422,3.6318999997068597,1.7365103067491687,2.365204465912881,7.926273491860947,4.980497948048555,5.8676934310505695,13.905742968177101,8.737715698330799,10.294199001843106,0.5326633165829145,-0.0023366834170853723,-0.0023366834170853723,0.40703517587939697,-0.00296482412060306,-0.00296482412060306,0.27135678391959794,-0.0036432160804020786,-0.0036432160804020786,0.40445859872611467,0.13418832845584439,0.20424673431933504,0.3993610223642172,0.40703517587939697,0.12382715582927162,0.2016929388176274,0.4040404040404041,0.41137123745819393,0.1375815880425011,0.2100364209954576,0.4093959731543624,13.0,0.0,0.0,25.0,0.0,0.0,30.0,1.0,1.0,-0.0003125568680986744,0.00017212936302195102,5.235955384030962e-05,-0.013578785949622585,-0.01368585647909093,-0.013283330217158884,0.03184713375796178,0.6469237609879424,10,-0.5078890323638916
181,1,test,2.548941278416865,1.176460181529489,1.6336898237683628,4.0783060454669835,1.8823362904471823,2.6139037180293805,12.793551800624671,8.84842499607104,10.296148644034961,20.469682880999475,14.157479993713666,16.47383783045594,2.5685427841010697,1.1534013984986007,1.6206434833550674,3.6176658931000985,1.6245090119698602,2.2825964554296725,13.04679857958717,8.92973006054887,10.466515017329264,18.375772647305876,12.577084592322356,14.741570446942628,2.548941278416865,1.176460181529489,1.6336898237683628,4.0783060454669835,1.8823362904471823,2.6139037180293805,12.793551800624671,8.84842499607104,10.296148644034961,20.469682880999475,14.157479993713666,16.47383783045594,0.6934673366834171,-0.0015326633165829717,-0.0015326633165829717,0.4974874371859297,-0.002512562814070307,-0.002512562814070307,0.3417085427135679,-0.003291457286432098,-0.003291457286432098,0.3992395437262357,0.10701942987424329,0.16409415813837225,0.39312977099236646,0.4120603015075377,0.11381468747244994,0.16331238831888995,0.4040404040404041,0.3992395437262357,0.10701942987424329,0.16409415813837225,0.39312977099236646,23.0,-12.0,-12.0,32.0,-10.0,-10.0,45.0,-19.0,-19.0,0.0001807492497723101,-9.484728060467438e-05,2.6961120113691242e-05,-0.0038321765835522825,-0.0043333217823517955,-0.003707442427370644,0.9543726235741445,-0.45680277764778027,251,-0.6581974029541016
89,1,test,2.2931480896610004,1.0490663548302523,1.457823421225775,3.740697821259507,1.7112894913168493,2.3780744558745455,9.906073854408328,6.436326666372615,7.6005113842628695,16.15928297500359,10.499257874520332,12.398334195578808,2.3016647580322043,1.030588934490179,1.4436302018000478,3.4611500120785026,1.5497577962258333,2.1708724839098466,9.990800884164864,6.426115411395134,7.632280288497327,15.023760728067463,9.66333144570697,11.477113215785453,2.2931480896610004,1.0490663548302523,1.457823421225775,3.740697821259507,1.7112894913168493,2.3780744558745455,9.906073854408328,6.436326666372615,7.6005113842628695,16.15928297500359,10.499257874520332,12.398334195578808,0.6432160804020101,-0.001783919597989958,-0.001783919597989958,0.42211055276381915,-0.0028894472361808976,-0.0028894472361808976,0.29648241206030146,-0.0035175879396985854,-0.0035175879396985854,0.3615384615384616,0.062114277277425134,0.12240802675585294,0.3513513513513513,0.371859296482412,0.0711074167831639,0.12978917962097625,0.35858585858585856,0.3615384615384616,0.062114277277425134,0.12240802675585294,0.3513513513513513,16.0,-6.0,-6.0,27.0,-14.0,-14.0,37.0,-17.0,-17.0,-0.00020876545356602396,4.4425699892218544e-05,0.00011143157638643027,-0.00011401557000390028,-0.0001672912548489336,9.637194842149199e-05,0.9384615384615385,-0.33057102875403993,244,-0.39257025718688965
382,1,test,1.7321754938702358,0.7963809563918379,1.021909087782329,4.376630081178797,2.0121892164833777,2.582023628463352,5.652938474083864,3.1037003555592784,3.61840527559823,14.283091211185232,7.842016231713111,9.142503996344862,1.698034147577903,0.7239037083974424,1.032656856569801,3.6516863388772105,1.55678216859665,2.2207674334834424,5.463196989303208,2.814334127422273,3.517972690762271,11.748810729684319,6.052331456822093,7.56553266830596,1.8074996290251426,0.7862171087082661,1.1158215652746624,4.107953702329869,1.7868570652460587,2.5359581028969593,6.095188131733608,3.3184344074102192,4.098124208104884,13.852700299394565,7.5418963804777714,9.313918654783828,0.457286432160804,-0.0027135678391959628,-0.0027135678391959628,0.33668341708542715,-0.0033165829145728187,-0.0033165829145728187,0.24120603015075381,-0.0037939698492461815,-0.0037939698492461815,0.3756613756613757,0.14052267024525944,0.1860230569907989,0.36604774535809015,0.3919597989949749,0.15135829523557642,0.2099898490784473,0.3535353535353535,0.3712374581939799,0.12916734133254415,0.18881254162000882,0.37248322147651003,14.0,-4.0,-4.0,26.0,-12.0,-12.0,30.0,-9.0,-9.0,0.00022939424557972936,0.00026047795292843864,-2.1075918837080763e-05,-0.13515267320272528,-0.1329232870556556,-0.13441411441751328,0.9708994708994709,0.2616374037194896,367,-0.30424273014068604
202,1,test,1.945671265251463,0.8816772741758221,1.2248456325421015,3.813515679892867,1.728087457384611,2.400697439782519,6.9983280130862955,4.100405831522087,4.942197894769656,13.716722905649139,8.03679542978329,9.686707873748526,2.223162106896696,1.0156771727965122,1.4123340421885233,3.6148977347913753,1.651507598043109,2.2964781173797126,9.236491510553321,5.8914304954574765,6.986721339707776,15.018685383013532,9.57956178123167,11.36052250358988,1.945671265251463,0.8816772741758221,1.2248456325421015,3.813515679892867,1.728087457384611,2.400697439782519,6.9983280130862955,4.100405831522087,4.942197894769656,13.716722905649139,8.03679542978329,9.686707873748526,0.5879396984924623,-0.002060301507537776,-0.002060301507537776,0.40201005025125625,-0.002989949748743781,-0.002989949748743781,0.29648241206030146,-0.0035175879396985854,-0.0035175879396985854,0.3651877133105802,0.09772604380461769,0.15746921160796956,0.3356164383561644,0.38190954773869346,0.1037140590168889,0.1515255744498788,0.3787878787878788,0.3651877133105802,0.09772604380461769,0.15746921160796956,0.3356164383561644,16.0,0.0,0.0,25.0,0.0,0.0,31.0,0.0,0.0,0.000879962171019202,0.00014059192457309628,8.106644821220036e-05,-0.03935954658896801,-0.03176879854227277,-0.0356261147057646,0.9590443686006825,0.1975932205106683,281,-0.7420048713684082
133,1,test,2.1817617225667902,0.9950992342884017,1.3761595344248665,3.658855062689648,1.6687999581234065,2.307845181954745,8.861904732146558,5.585775909799715,6.623860915589232,14.861579364469382,9.36745028351505,11.108338181422935,2.206102330403988,0.9619649746345866,1.3597705531762392,3.5582295651677227,1.5515564107009459,2.193178311574579,9.080255494734851,5.610315310736391,6.749175266921357,14.645573378604599,9.04889566247805,10.885766559550575,2.1817617225667902,0.9950992342884017,1.3761595344248665,3.658855062689648,1.6687999581234065,2.307845181954745,8.861904732146558,5.585775909799715,6.623860915589232,14.861579364469382,9.36745028351505,11.108338181422935,0.5577889447236181,-0.00221105527638199,-0.00221105527638199,0.39698492462311563,-0.0030150753768843908,-0.0030150753768843908,0.2814070351758794,-0.003592964824120637,-0.003592964824120637,0.3643122676579925,0.09158499493071981,0.1541762973242472,0.32835820895522383,0.3668341708542714,0.0911449477966273,0.14980579021988072,0.3232323232323232,0.3643122676579925,0.09158499493071981,0.1541762973242472,0.32835820895522383,22.0,-12.0,-12.0,33.0,-16.0,-16.0,40.0,-14.0,-14.0,3.103624036957376e-05,0.0004979305814122714,0.00021136777344101112,-0.009527442949872622,-0.010269134754826048,-0.010333491496720804,0.03717472118959108,0.29358527471378965,10,-0.2091526985168457
326,1,test,1.589940122693151,0.7257678730330502,0.9854363369549124,3.2529809406825394,1.4849043839067007,2.016180091700855,4.903455313837841,2.530414326537908,3.0731115729989575,10.03235684900156,5.1771695416522725,6.287515632112809,1.7962464136090115,0.7890804759701662,1.1136017451331826,3.0189015354773305,1.326185673899439,1.8715995716524079,6.026982154730964,3.289151328409009,4.047877261279378,10.129381772657084,5.527985425897494,6.8031550609737454,1.7138515572705706,0.7589702378943695,1.071954843134637,3.254148526463109,1.4410827301791826,2.035357297091083,5.550297651774251,2.951935462400027,3.65021627690098,10.538539845140985,5.604940751392458,6.930790399179077,0.5276381909547738,-0.002361809045226204,-0.002361809045226204,0.33668341708542715,-0.0033165829145728187,-0.0033165829145728187,0.2211055276381909,-0.003894472361809065,-0.003894472361809065,0.3380281690140845,0.10033477942196078,0.15034488455660644,0.29378531073446323,0.36180904522613067,0.08361355650432611,0.1564668081643611,0.33838383838383834,0.35785953177257523,0.10076437317491249,0.16097410351896013,0.3221476510067114,20.0,-4.0,-4.0,28.0,-5.0,-5.0,37.0,-10.0,-10.0,0.0005377953664169416,0.0002582819680941102,9.966674857451317e-05,-0.08078894916481172,-0.08159287396265036,-0.08306813958769954,0.952112676056338,0.1772732772344314,338,-0.5241012573242188
236,1,test,2.292511392964157,1.1038925719838575,1.4972049777040837,3.870961860250954,1.8639497526940545,2.5280674213691907,9.899768697355874,6.6172244037061745,7.684649058069951,16.716002882420575,11.173346124290756,12.975718901331229,2.4262585814756483,1.1534274059816245,1.5721348324041688,3.6761493658721944,1.7476172817903404,2.3820224733396502,11.31646315113695,7.745514905687312,8.967148262098865,17.14615628960144,11.735628644980775,13.58658827590737,2.2412695486497576,1.0890897759649727,1.4715487144398771,3.798761946863996,1.8459148745169027,2.4941503634574187,9.405264151568513,6.240179590853348,7.246100746485027,15.9411256806246,10.576575577717538,12.281526688957674,0.5527638190954773,-0.0022361809045226,-0.0022361809045226,0.42713567839195976,-0.002864321608040288,-0.002864321608040288,0.3517587939698492,-0.0032412060301507672,-0.0032412060301507672,0.4058441558441559,0.1368003957144962,0.19742082971024666,0.3908794788273615,0.39698492462311563,0.13382702988627349,0.19998993297036105,0.38888888888888884,0.3946488294314381,0.12252862909754825,0.18663993065501983,0.37583892617449666,13.0,0.0,0.0,25.0,-4.0,-4.0,30.0,-3.0,-3.0,0.0008924219081205874,5.800340287391541e-05,2.216067313252303e-05,-0.019939316698538434,-0.019542063817840294,-0.019756427575691404,0.032467532467532464,0.5252948160225294,10,-0.42330193519592285
109,1,test,1.9830742260148908,0.8897656885029845,1.2426561185434597,2.947520161071313,1.3224932637858569,1.8470080013323553,7.265043074259256,4.2809122075612365,5.168231050241822,10.798315389062937,6.3628859041347345,7.681742326042489,2.0529884814546824,0.901177930949371,1.2740602642958123,2.8317082502823205,1.2430040426887876,1.7573245024769826,7.791150056930596,4.627233899921601,5.612014603473738,10.746413871628409,6.38239158609876,7.740709797894811,1.9830742260148908,0.8897656885029845,1.2426561185434597,2.947520161071313,1.3224932637858569,1.8470080013323553,7.265043074259256,4.2809122075612365,5.168231050241822,10.798315389062937,6.3628859041347345,7.681742326042489,0.5577889447236181,-0.00221105527638199,-0.00221105527638199,0.40703517587939697,-0.00296482412060306,-0.00296482412060306,0.2613065326633166,-0.003693467336683409,-0.003693467336683409,0.4022140221402214,0.12412930759141849,0.19485205895003732,0.36296296296296293,0.39698492462311563,0.11377690457299028,0.18496489123413395,0.36363636363636365,0.4022140221402214,0.12412930759141849,0.19485205895003732,0.36296296296296293,19.0,-10.0,-10.0,29.0,-15.0,-15.0,38.0,-22.0,-22.0,0.000341851552974995,0.00026724127137234743,2.9046836699868812e-05,-0.02860117433518372,-0.031667330560545714,-0.032483114687397396,0.04428044280442804,-0.5016974200273939,12,-0.652824878692627
10,1,test,1.637972932719905,0.6858401365382718,0.9874668868127725,3.266422766993764,1.3676928304222513,1.969192687074308,5.1447302209405805,2.55349988479001,3.2282197950206353,10.25954921966639,5.092153840017287,6.437670870302778,1.778363950651876,0.7583569456382862,1.0544481066286708,3.092806870698915,1.318881644588324,1.833822794136819,5.9201628126341,3.1469486223347523,3.8576689902320545,10.295935326320174,5.4729541257995695,6.70898954822966,1.6261740665869577,0.6758129419700857,0.9583457872085649,3.2962987836222117,1.3698910985880117,1.9425928119092533,5.084384940784947,2.4977413494362635,3.134387072518444,10.306185690780298,5.062989221830264,6.353487309159008,0.507537688442211,-0.0024623115577889765,-0.0024623115577889765,0.3316582914572864,-0.0033417085427135396,-0.0033417085427135396,0.1959798994974874,-0.004020100502512558,-0.004020100502512558,0.3771929824561403,0.11988304093567248,0.17777949272006988,0.3782991202346041,0.3668341708542714,0.10050251256281406,0.16415410385259632,0.40909090909090906,0.36454849498327757,0.11538461538461542,0.17391304347826086,0.3657718120805369,21.0,-12.0,-12.0,26.0,-16.0,-16.0,35.0,-22.0,-22.0,-0.0003229077574211015,9.695782599492934e-05,0.00022211395206589757,-0.033382999695509064,-0.03780258931570302,-0.03927139078397701,0.029239766081871343,0.2397958936694359,10,-0.39446794986724854
69,1,test,2.1441149441072502,0.9748968744370139,1.356733247116935,3.5910636793943516,1.6328027406215018,2.2723201009995293,8.534484397966791,5.315010148473933,6.336849585088858,14.293952396594687,8.901826813088242,10.613251145578273,2.2562898743573276,1.0029231081435732,1.4016380891166995,3.4712151913189655,1.5429586279131895,2.1563662909487684,9.547600576184173,6.0454866460409455,7.197044836333733,14.688616271052574,9.300748686216838,11.072376671282665,2.1441149441072502,0.9748968744370139,1.356733247116935,3.5910636793943516,1.6328027406215018,2.2723201009995293,8.534484397966791,5.315010148473933,6.336849585088858,14.293952396594687,8.901826813088242,10.613251145578273,0.6432160804020101,-0.001783919597989958,-0.001783919597989958,0.42211055276381915,-0.0028894472361808976,-0.0028894472361808976,0.2814070351758794,-0.003592964824120637,-0.003592964824120637,0.38602941176470584,0.09115761689291102,0.1677367288378766,0.34317343173431736,0.38190954773869346,0.08940954773869347,0.15062834973536565,0.3535353535353535,0.38602941176470584,0.09115761689291102,0.1677367288378766,0.34317343173431736,19.0,-5.0,-5.0,31.0,-9.0,-9.0,36.0,-5.0,-5.0,0.00021062986897158045,9.877772060902215e-05,3.720929270606128e-05,-0.0048727036738922536,-0.005036262161542737,-0.005529950049892207,0.051470588235294115,0.1599190555421481,14,-0.5253052711486816
339,1,test,2.297545174669238,1.1051058941160157,1.4996191399095806,3.5400951160719893,1.702765204199167,2.3106376543504763,9.949727607541023,6.654618499721724,7.728797590487428,15.330702742231576,10.25354483120388,11.908657511873486,2.1303018045539157,1.0041978389972683,1.3588662190494185,3.000425076836501,1.4143631535172794,1.913896083168195,8.417406839841206,5.333787659932398,6.254537830326554,11.855502591325642,7.5123769858202785,8.80920821172754,2.2946354990460494,1.0947457709968864,1.4924107078452313,3.530208460070845,1.684224263072133,2.2960164736080477,9.920819205096329,6.601068377944451,7.690321400766804,15.262798777071275,10.155489812222232,11.83126369348739,0.5276381909547738,-0.002361809045226204,-0.002361809045226204,0.3869346733668342,-0.0030653266331658324,-0.0030653266331658324,0.29648241206030146,-0.0035175879396985854,-0.0035175879396985854,0.40863787375415284,0.13334765816542982,0.20311301187569974,0.37,0.37688442211055273,0.11372652737371058,0.17821998137599515,0.303030303030303,0.40802675585284276,0.13423710643714992,0.2022425511809851,0.3691275167785235,20.0,-10.0,-10.0,28.0,-8.0,-8.0,37.0,-13.0,-13.0,8.266568097410761e-05,0.00036350630681668814,-9.75296957562639e-05,-0.02650569807173664,-0.028454056152530605,-0.024246464042610327,0.03322259136212625,0.5683023058442099,10,-0.5058550834655762
385,1,test,1.2178083025213409,0.5797617369157047,0.7190017434335203,4.225265327878391,2.0115211567770968,2.4946234402606486,3.379772172107958,1.4869923277395245,1.7330173791541617,11.726339971052829,5.159216858852785,6.0128168198479175,1.5343100639597171,0.6924489459271008,0.9690229961935274,3.6971326842402825,1.6685516769327733,2.3349951715506685,4.638124416604875,2.317442393313227,2.8781714806352086,11.176203413505725,5.584198538104163,6.935352965386046,1.2866854059518777,0.5867886792266543,0.8161225282810363,3.8990466847026597,1.7781475128080433,2.473098570548595,3.620765276892706,1.607220525520582,2.0198702291588466,10.972015990583957,4.870365228850248,6.120818876238929,0.35678391959798994,-0.0032160804020100464,-0.0032160804020100464,0.2562814070351759,-0.00371859296482413,-0.00371859296482413,0.21105527638190957,-0.0039447236180903955,-0.0039447236180903955,0.24874371859296485,0.0793585241136675,0.10700373814330699,0.19395465994962213,0.27638190954773867,0.0859057190715482,0.12947039034907426,0.21212121212121215,0.24749163879598657,0.07720783245208007,0.12068407483603105,0.18456375838926176,14.0,0.0,0.0,22.0,0.0,0.0,26.0,0.0,0.0,0.0008332523876519129,0.000911262237271777,0.00025983268167267186,-0.2130516532625979,-0.22807331799923336,-0.21965504954583537,0.02512562814070352,0.6180145977415394,10,-0.6192106008529663
93,1,test,2.346566867695262,1.0919666364909903,1.4868367946272047,4.084214484912639,1.9005748419938122,2.5878488514081095,10.449633099463528,6.943196769178061,8.087110200390626,18.18765254653462,12.084677921037763,14.075666488021657,2.3361842305619,1.0222706034132498,1.4359246197856037,3.6219910551347287,1.584915664206589,2.2262397205978353,10.341699637393553,6.620992923299802,7.881457903870498,16.033642848672176,10.265105307441555,12.219314579644184,2.346566867695262,1.0919666364909903,1.4868367946272047,4.084214484912639,1.9005748419938122,2.5878488514081095,10.449633099463528,6.943196769178061,8.087110200390626,18.18765254653462,12.084677921037763,14.075666488021657,0.6231155778894473,-0.0018844221105527303,-0.0018844221105527303,0.44723618090452266,-0.0027638190954772934,-0.0027638190954772934,0.27638190954773867,-0.0036180904522613577,-0.0036180904522613577,0.4014598540145985,0.11002087405102834,0.1805860676068315,0.38827838827838823,0.39698492462311563,0.10876437324466948,0.16993984949790697,0.3737373737373737,0.4014598540145985,0.11002087405102834,0.1805860676068315,0.38827838827838823,17.0,-6.0,-6.0,25.0,-9.0,-9.0,31.0,-10.0,-10.0,-0.0001901036392565739,8.281199532745867e-06,7.400026705226149e-05,-0.010545402439469775,-0.010275258710455759,-0.009716715697002165,0.9343065693430657,0.1239944980923038,256,-0.4393279552459717
281,1,test,1.6145593131106122,0.7319360409679362,0.9712229508374162,3.3750674906832008,1.530035791853878,2.030240066722283,5.0256726873281785,2.608440232242351,3.1228538938559254,10.505643470686023,5.452671671919038,6.527999665122556,1.6518730921360276,0.7004336361545114,1.0143030245983953,3.2710358260119357,1.386997299315864,2.0085208407889015,5.2167421201294415,2.6273077654536623,3.3248639668559132,10.330182416097903,5.202589634561707,6.583889043279035,1.7162998370719924,0.7691774846512752,1.0816416336986328,3.526643500832861,1.5805016807902914,2.222551302120478,5.563902981437927,2.985623387581723,3.677525707568474,11.432677359119028,6.134842577222718,7.556559673085905,0.42713567839195976,-0.002864321608040288,-0.002864321608040288,0.29145728643216084,-0.0035427135678391952,-0.0035427135678391952,0.2211055276381909,-0.003894472361809065,-0.003894472361809065,0.3360433604336044,0.10870912498028906,0.14738255886957696,0.3152173913043478,0.3417085427135679,0.1061195702824902,0.1614080418788434,0.31313131313131315,0.3511705685618729,0.11744769710945224,0.17097034609246242,0.33221476510067116,16.0,-6.0,-6.0,21.0,-8.0,-8.0,30.0,-13.0,-13.0,0.00011357056290046121,-1.8415481556314755e-05,8.154809814187772e-05,-0.07169283299903562,-0.08216621352024767,-0.07854546233884907,0.032520325203252036,0.34510964783704634,12,-0.8130561113357544
98,1,test,2.164959103947095,1.0357049558759388,1.404537826229293,4.148497053932143,1.984618993661715,2.691376951936578,8.714245531317633,5.620897071729338,6.57506831292277,16.698247023698038,10.770769249179684,12.599153247667656,2.6162045940038685,1.242258040403109,1.6882684103101484,4.152705704768045,1.971838159370014,2.6797911274764257,13.683689744659615,9.732777289270093,11.154405934456989,21.72014245184066,15.448852840111257,17.705406245169822,2.1244208994243,1.009385999818375,1.3786106505190627,3.958548259796833,1.8808434779224381,2.5688397214640926,8.36805014205753,5.31837553228997,6.259901273580514,15.592640016256269,9.910016519794976,11.664412311019593,0.6231155778894473,-0.0018844221105527303,-0.0018844221105527303,0.4824120603015075,-0.0025879396984924696,-0.0025879396984924696,0.3417085427135679,-0.003291457286432098,-0.003291457286432098,0.36257309941520466,0.10417893883126306,0.17000222942497978,0.29325513196480935,0.40201005025125625,0.10376443621616849,0.18498166961686557,0.33838383838383834,0.36454849498327757,0.11079223454922082,0.1743371490433443,0.2818791946308725,17.0,0.0,0.0,28.0,0.0,0.0,35.0,0.0,0.0,0.0014337231221774223,3.2964341354290766e-05,0.0006436458152342713,-0.06913580563884913,-0.06414391053550794,-0.07520301557682796,0.03216374269005848,-0.22928522316007002,11,-0.37262511253356934
357,1,test,1.4333012900184612,0.651940245928937,0.8174740669254436,3.051544681974788,1.3880018139132204,1.7404286586154603,4.192517085743624,2.0080737188706723,2.341329774499251,8.926004118034813,4.275253724047238,4.984766616675825,1.4846729518212596,0.593093799871561,0.8534382161992603,2.6512016996808203,1.059096071199216,1.523996814641536,4.413521742468867,1.974543613576687,2.5335913786724884,7.881288825837262,3.5259707385297983,4.524270319058015,1.3637944633445795,0.5498727227463795,0.8084106344365907,2.783254006825673,1.1221892300946523,1.6498176212991649,3.9110053485746303,1.6542643407980875,2.1683956281627634,7.981643568519654,3.3760496750981375,4.42529720033217,0.40703517587939697,-0.00296482412060306,-0.00296482412060306,0.2864321608040201,-0.003567839195979916,-0.003567839195979916,0.19095477386934678,0.0009547738693468366,0.0009547738693468366,0.3493670886075949,0.11675014802605255,0.15386366729772194,0.3426395939086294,0.3517587939698492,0.10614475888212993,0.17646664038053372,0.3434343434343434,0.3411371237458194,0.11576149770241373,0.16983567769465147,0.325503355704698,18.0,0.0,0.0,28.0,0.0,0.0,33.0,0.0,0.0,9.463576361164153e-05,0.00020470306452058943,-8.873065939555488e-06,-0.09154467886998141,-0.09539805245203947,-0.09347301323280544,0.04050632911392405,0.14889865673623381,16,-0.3809072971343994
106,1,test,1.8532578951723684,0.8336748142179093,1.150726579674259,3.111226890683309,1.3995631729597628,1.9318258337561802,6.38057293578778,3.608534128550641,4.361716327813595,10.711628504322514,6.057963355203197,7.322396501844641,1.9615118427112108,0.8324625215082913,1.1941596469575204,2.9719876404715313,1.2613068507701382,1.8093327984204852,7.110068248478551,4.017353324882786,4.956013068711794,10.772830679512955,6.086898977095131,7.509110710169384,1.8532578951723684,0.8336748142179093,1.150726579674259,3.111226890683309,1.3995631729597628,1.9318258337561802,6.38057293578778,3.608534128550641,4.361716327813595,10.711628504322514,6.057963355203197,7.322396501844641,0.5226130653266332,-0.002386934673366814,-0.002386934673366814,0.371859296482412,-0.003140703517587995,-0.003140703517587995,0.25125628140703515,-0.003743718592964851,-0.003743718592964851,0.37318840579710144,0.11821553057106171,0.18162214073686045,0.3781818181818182,0.3869346733668342,0.12127051296583169,0.1782535381414585,0.41414141414141414,0.37318840579710144,0.11821553057106171,0.18162214073686045,0.3781818181818182,19.0,-10.0,-10.0,29.0,-17.0,-17.0,36.0,-21.0,-21.0,0.0001211705784665107,-5.486679463490263e-05,-5.9179577397697204e-05,-0.015234791324754582,-0.01452898677216119,-0.015306730321936968,0.03985507246376811,-0.2233644431948904,11,-0.8211202621459961
214,1,test,2.0173101980681176,0.9297902840238956,1.2751166491809593,3.484444887572203,1.6060013996776379,2.2024742122216576,7.5180755782785464,4.5511688215070105,5.417537480618721,12.985766907935671,7.861109782603018,9.357564739250519,1.9461653003418158,0.843982876725262,1.1942621485846137,2.9941004620643317,1.2984351949619413,1.8373263824378667,7.001786286882525,3.991056740469319,4.880753461662074,10.771978902896192,6.140087293029722,7.508851479480114,2.0779222567569167,0.9340700059013836,1.3043104093847062,3.4440700388236185,1.5481823302232876,2.161840457543712,7.987854948849324,4.849018257367506,5.820273844467971,13.239538589253023,8.037046835415756,9.646862725637522,0.4623115577889447,-0.002688442211055242,-0.002688442211055242,0.3417085427135679,-0.003291457286432098,-0.003291457286432098,0.2814070351758794,-0.003592964824120637,-0.003592964824120637,0.36024844720496896,0.10908565650729452,0.16293439761819206,0.36137071651090347,0.3467336683417085,0.10863843024647035,0.1497386766889539,0.3484848484848485,0.36789297658862874,0.110797817990966,0.16989520128273328,0.37583892617449666,21.0,-12.0,-12.0,30.0,-18.0,-18.0,36.0,-16.0,-16.0,-0.0002692803062581009,6.876540859575064e-05,-4.682422954540077e-05,-0.0639112132175006,-0.06474699069703149,-0.06656922094337325,0.9627329192546584,0.35666462950389355,310,-0.24750423431396484
80,1,test,2.364872360619917,1.1261279336142744,1.5320652080954993,3.841208863203449,1.8291442158705844,2.4884989796233254,10.64268030569541,7.191402893193333,8.342914825682737,17.286665698846303,11.680833601082812,13.551208474085833,2.400932869799061,1.151826895598455,1.5609822580072281,3.9039558858521315,1.872889261135699,2.5381825333450863,11.033464366906573,7.5462404716286535,8.717211788514934,17.940592466514754,12.270309709965293,14.174328111406398,2.364872360619917,1.1261279336142744,1.5320652080954993,3.841208863203449,1.8291442158705844,2.4884989796233254,10.64268030569541,7.191402893193333,8.342914825682737,17.286665698846303,11.680833601082812,13.551208474085833,0.592964824120603,-0.0020351758793969443,-0.0020351758793969443,0.44221105527638194,-0.0027889447236180143,-0.0027889447236180143,0.3015075376884422,-0.0034924623115578646,-0.0034924623115578646,0.39642857142857146,0.12370129870129876,0.1790889039701392,0.3906810035842294,0.3869346733668342,0.11625798163751089,0.1715757418142465,0.3787878787878788,0.39642857142857146,0.12370129870129876,0.1790889039701392,0.3906810035842294,19.0,0.0,0.0,30.0,0.0,0.0,36.0,0.0,0.0,0.0001847291961000867,-5.1700198954225805e-05,8.571679934344403e-05,-0.015237129774503977,-0.014524615367930593,-0.015161055926806277,0.03571428571428571,0.2749849808263714,10,-0.461362361907959
18,1,test,1.711935039143905,0.7456543180282762,1.050034381125827,3.104479212775887,1.3521940244841126,1.904166825474447,5.539670592444957,2.9115191614259346,3.601197382544561,10.045820551971078,5.279844449451507,6.530529581778568,1.6581926496198593,0.686539308555687,0.9997268352062868,2.987734503819566,1.2370077631634,1.8013096129843005,5.24981401163024,2.607504522929629,3.317987731919427,9.45912434527971,4.698206347620952,5.978356273728696,1.711935039143905,0.7456543180282762,1.050034381125827,3.104479212775887,1.3521940244841126,1.904166825474447,5.539670592444957,2.9115191614259346,3.601197382544561,10.045820551971078,5.279844449451507,6.530529581778568,0.5125628140703518,-0.0024371859296482556,-0.0024371859296482556,0.3316582914572864,-0.0033417085427135396,-0.0033417085427135396,0.20100502512562812,-0.003994974874371837,-0.003994974874371837,0.3801652892561983,0.09975291812217768,0.17137408046498948,0.4066390041493776,0.3919597989949749,0.11627057593733081,0.17993976560599323,0.40909090909090906,0.3801652892561983,0.09975291812217768,0.17137408046498948,0.4066390041493776,13.0,-3.0,-3.0,20.0,-10.0,-10.0,28.0,-14.0,-14.0,-0.0002083837565667382,3.2312223987914e-05,-0.00011712700063709727,-0.018194505445323195,-0.018599089091380527,-0.016149585087497975,0.045454545454545456,-0.340674298777539,11,-0.43711423873901367
435,1,test,1.8112326156301768,0.8198495243452522,1.1431436088659859,3.415814530148186,1.5461591700739319,2.1558614368546443,6.1179839090783235,3.4230246385104657,4.167477556680327,11.537942808396034,6.455502841754638,7.859471096826657,1.9316495174491832,0.8706804071366336,1.2092443405046034,3.1155637378212635,1.4043232373171513,1.9503940975880703,6.900883986957929,4.011714429957031,4.841503553833819,11.13045804348053,6.470507145091985,7.808876699731966,1.8112326156301768,0.8198495243452522,1.1431436088659859,3.415814530148186,1.5461591700739319,2.1558614368546443,6.1179839090783235,3.4230246385104657,4.167477556680327,11.537942808396034,6.455502841754638,7.859471096826657,0.5025125628140703,-0.0024874371859296973,-0.0024874371859296973,0.3417085427135679,-0.003291457286432098,-0.003291457286432098,0.2562814070351759,-0.00371859296482413,-0.00371859296482413,0.35,0.08975044563279855,0.13978622327790968,0.31899641577060933,0.3517587939698492,0.09862596188964867,0.14975545507168564,0.31818181818181823,0.35,0.08975044563279855,0.13978622327790968,0.31899641577060933,14.0,-4.0,-4.0,20.0,-5.0,-5.0,27.0,-8.0,-8.0,0.00012900960471623815,0.00014429989904352455,0.00010412890983537953,-0.01791502850757265,-0.018655664687323714,-0.01898523044905609,0.05714285714285714,0.2381831807807061,16,-0.4058070182800293
146,1,test,1.783095054311985,0.8146683394065163,1.1204337723000424,3.597290603757319,1.6435460103143094,2.260409994116946,5.94823807771191,3.314440594012976,4.008289857683666,12.000224493988563,6.686691198386645,8.086491747768793,1.7819760553342319,0.7612912348197338,1.0856655801467625,3.2696808354756546,1.396864651045383,1.9920469360491053,5.941585728063895,3.166491173000824,3.935249121816499,10.901992161585127,5.810075546790502,7.220640590488987,1.690510204716741,0.7113777518959197,1.0327257602413005,3.403711821577331,1.4323041984481604,2.079313611224095,5.42224645523863,2.7601007524101875,3.491736015542683,10.917274742091202,5.557249837067491,7.030340970891308,0.49246231155778897,-0.002537688442211028,-0.002537688442211028,0.3668341708542714,-0.0031658291457286047,-0.0031658291457286047,0.26633165829145733,-0.0036683417085426884,-0.0036683417085426884,0.384393063583815,0.13763981683056825,0.1947547449132382,0.35942028985507246,0.3919597989949749,0.12629563859397241,0.19830370550582632,0.3484848484848485,0.38795986622073575,0.1458897493593,0.20775964375132527,0.3355704697986577,22.0,-12.0,-12.0,31.0,-14.0,-14.0,37.0,-13.0,-13.0,2.6947607829874738e-05,-6.643070050799562e-05,0.00036460478427031843,-0.041190003663657215,-0.04366951902179572,-0.04608606411585292,0.028901734104046242,0.18112914736986108,10,-0.39353621006011963
35,1,test,2.19129595222861,0.9904274230143182,1.3765713842275717,3.323064191291738,1.5019668612744606,2.0875478134440097,8.94680023060048,5.62379843670558,6.688246721836407,13.567675074976552,8.528397629289781,10.142615907839826,2.1327711562154303,0.9432049065876897,1.3162767538030822,3.046815937450615,1.3474355808395568,1.8803953625758318,8.438218061944708,5.152562318088922,6.175663748124123,12.054597231349584,7.360803311555604,8.822376783034462,2.19129595222861,0.9904274230143182,1.3765713842275717,3.323064191291738,1.5019668612744606,2.0875478134440097,8.94680023060048,5.62379843670558,6.688246721836407,13.567675074976552,8.528397629289781,10.142615907839826,0.5527638190954773,-0.0022361809045226,-0.0022361809045226,0.40703517587939697,-0.00296482412060306,-0.00296482412060306,0.3015075376884422,-0.0034924623115578646,-0.0034924623115578646,0.38909090909090904,0.11867348622339546,0.17506430691436736,0.4014598540145985,0.39698492462311563,0.12881449855795268,0.18663434031593695,0.40909090909090906,0.38909090909090904,0.11867348622339546,0.17506430691436736,0.4014598540145985,20.0,-10.0,-10.0,31.0,-17.0,-17.0,40.0,-17.0,-17.0,-0.00030773941335794213,-0.00028350827876624763,-9.968241975304714e-05,-0.02161723941229976,-0.022499279483916723,-0.022688819056877918,0.96,0.2825727605490862,264,-0.35643982887268066
286,1,test,2.0039170616077935,0.9220896701591172,1.2614899228051915,3.6132805048679386,1.6626280062972685,2.274603591379309,7.418056247497895,4.467990694533572,5.317027428009847,13.375562560255272,8.056273376671934,9.587178989364904,2.0811016368763986,0.8747824800326733,1.2459830859480583,3.4976498098763003,1.470222655517098,2.0940892200807704,8.013291791339391,4.672128100149242,5.708204489010362,13.467717296368725,7.852316134704608,9.593620989933383,2.062920679716985,0.9195668915424076,1.295288901214683,3.5163420676994064,1.5674435651291039,2.2078788088886645,7.8689188723198145,4.731646383909499,5.7142613716899,13.412929895999683,8.065306336209373,9.740218247198692,0.49246231155778897,-0.002537688442211028,-0.002537688442211028,0.3316582914572864,-0.0033417085427135396,-0.0033417085427135396,0.25125628140703515,-0.003743718592964851,-0.003743718592964851,0.34582132564841495,0.09114506665560917,0.14738535301889388,0.34104046242774566,0.321608040201005,0.08100653644160649,0.1279519467118564,0.33838383838383834,0.3411371237458194,0.09071976147536864,0.14536404254448454,0.34563758389261745,17.0,-5.0,-5.0,26.0,-8.0,-8.0,34.0,-9.0,-9.0,-0.0004834451328153772,0.00017554037433815053,0.00012800046687559149,-0.03130773581460744,-0.0383052782781137,-0.04230026417147226,0.0345821325648415,-0.5204864929210301,12,-0.411975622177124
292,1,test,2.8446339021339724,1.3190304503251749,1.8199292248942014,4.709022337992049,2.1835301373626206,3.0127206763451304,17.19526236760596,12.597345013762215,14.4089898782375,28.465130270699053,20.8537130295388,23.85271973086613,2.9077298040771105,1.328391613679037,1.8379839594732785,4.473430467810939,2.0436794056600567,2.82766762995889,18.315172305516096,13.4634284876702,15.400533670819454,28.177188162332456,20.712966904108,23.693128724337623,2.8446339021339724,1.3190304503251749,1.8199292248942014,4.709022337992049,2.1835301373626206,3.0127206763451304,17.19526236760596,12.597345013762215,14.4089898782375,28.465130270699053,20.8537130295388,23.85271973086613,0.6934673366834171,-0.0015326633165829717,-0.0015326633165829717,0.5125628140703518,-0.0024371859296482556,-0.0024371859296482556,0.3919597989949749,-0.0030402010050251116,-0.0030402010050251116,0.39754098360655743,0.08874752757383764,0.16048376289811062,0.3950617283950617,0.40201005025125625,0.08872684223120608,0.1599399333898205,0.4040404040404041,0.39754098360655743,0.08874752757383764,0.16048376289811062,0.3950617283950617,20.0,-1.0,-1.0,33.0,0.0,0.0,40.0,-1.0,-1.0,0.00011133530336251113,9.35040174428083e-05,8.947487675223028e-05,-3.136820234672655e-06,-7.934534252473924e-05,-9.790377231322367e-05,0.9549180327868853,0.4948685999529747,233,-0.45472288131713867
401,1,test,2.298109383386138,1.0439116446897163,1.4529529874809768,3.6499384324368074,1.6579773180366082,2.3076312154109626,9.955342914541598,6.4503176146247,7.627000985301578,15.811426981919007,10.244622093815698,12.113472153126036,2.3400502039913094,1.0178933785073516,1.4541187663027513,3.5455306121080445,1.5422626947081088,2.203210251973865,10.381757755324886,6.630253758173368,7.9565154534701525,15.729935992916493,10.045839027535408,12.055326444651746,2.298109383386138,1.0439116446897163,1.4529529874809768,3.6499384324368074,1.6579773180366082,2.3076312154109626,9.955342914541598,6.4503176146247,7.627000985301578,15.811426981919007,10.244622093815698,12.113472153126036,0.5979899497487438,-0.0020100502512562235,-0.0020100502512562235,0.4120603015075377,-0.0029396984924623393,-0.0029396984924623393,0.2864321608040201,-0.003567839195979916,-0.003567839195979916,0.3783783783783784,0.09507315072239186,0.15478287276040092,0.3864406779661017,0.3869346733668342,0.09871412198838803,0.16155904732342852,0.398989898989899,0.3783783783783784,0.09507315072239186,0.15478287276040092,0.3864406779661017,16.0,-3.0,-3.0,28.0,-13.0,-13.0,33.0,-11.0,-11.0,-0.00013278743557017006,-0.00011950070002046575,7.621341577129415e-05,-0.00036349275698022154,0.0001152664056931485,-2.979210245257491e-05,0.9594594594594594,-0.20527924735459943,284,-0.3253145217895508
160,1,test,1.8211096724714755,0.8074053345838987,1.1411803943750263,2.8775545100930495,1.2757896447016301,1.803191120393688,6.178710992639091,3.4229204827438973,4.204972851863098,9.763046098866187,5.408592585993119,6.644321743827879,1.8074109278189265,0.7893780496703506,1.082744304788426,2.638556099005732,1.152376714847227,1.580648620129089,6.094647505171679,3.326902591208937,4.030604624277562,8.897295627987852,4.856792103954652,5.884094342011039,1.8211096724714755,0.8074053345838987,1.1411803943750263,2.8775545100930495,1.2757896447016301,1.803191120393688,6.178710992639091,3.4229204827438973,4.204972851863098,9.763046098866187,5.408592585993119,6.644321743827879,0.5276381909547738,-0.002361809045226204,-0.002361809045226204,0.3266331658291457,-0.0033668341708542604,-0.0033668341708542604,0.20100502512562812,-0.003994974874371837,-0.003994974874371837,0.3649122807017544,0.08470212308354075,0.1537104137239248,0.3838028169014085,0.3417085427135679,0.06852558532008413,0.1397052038154043,0.36868686868686873,0.3649122807017544,0.08470212308354075,0.1537104137239248,0.3838028169014085,19.0,-10.0,-10.0,27.0,-14.0,-14.0,35.0,-16.0,-16.0,-0.00024513511183443814,-0.00024786238740338753,-3.235215219276136e-05,-0.030953077830907283,-0.02702980812998934,-0.02923885455150632,0.9473684210526315,0.2739892653505207,270,-0.6395355463027954
344,1,test,1.9946684771639773,0.9135265217908677,1.268983932122351,3.8312229896747123,1.7546393558788007,2.437377674503296,7.349766008678056,4.401721844223577,5.283621023395917,14.116928614229192,8.454526712990406,10.14841842908362,2.012780600061141,0.8668279366991636,1.235535609071729,3.4703113794157607,1.4945309253433856,2.130233808744361,7.484098726954529,4.338662254925808,5.308628166032914,12.903618494749189,7.480452163665188,9.152807182815371,2.0046448075950445,0.9025844864506174,1.2652563793149652,3.712305199250082,1.6714527526863283,2.343067369101787,7.4234566729958615,4.413094721660587,5.328802581507963,13.747141987029373,8.172397632704792,9.86815292871845,0.5175879396984925,-0.002412060301507535,-0.002412060301507535,0.3869346733668342,-0.0030653266331658324,-0.0030653266331658324,0.26633165829145733,-0.0036683417085426884,-0.0036683417085426884,0.36305732484076436,0.11027513088209984,0.16178613840008638,0.3514376996805112,0.3869346733668342,0.13380184128663364,0.1849313344686706,0.36868686868686873,0.36454849498327757,0.10912278546741783,0.15987663736370028,0.3523489932885906,22.0,-11.0,-11.0,32.0,-14.0,-14.0,38.0,-12.0,-12.0,0.0003312118091077285,0.0001442700465471961,-5.5115724963868935e-05,-0.024817484854250615,-0.024142374843121317,-0.02519674518571069,0.03821656050955414,-0.5226596813443266,12,-0.37575864791870117
88,1,test,1.8895803679476457,0.8219085747851225,1.150394413141953,3.7791607358952914,1.643817149570245,2.300788826283906,6.61659156450247,3.7079917756637673,4.522361541973307,13.23318312900494,7.4159835513275345,9.044723083946614,2.112612581425999,0.9213909290196631,1.3061230201510525,3.5806992905525408,1.5616795407112938,2.213767830764496,8.269818660656775,4.97871932873081,6.0297879827327865,14.016641797723347,8.43850733683188,10.219979631750485,1.9038437168538525,0.8263329383950504,1.162148298392864,3.757586283264182,1.6309202731481256,2.2937137468280206,6.7116425800050195,3.774283873328025,4.612150563718856,13.24666298685201,7.449244486831628,9.102928744181952,0.5125628140703518,-0.0024371859296482556,-0.0024371859296482556,0.3869346733668342,-0.0030653266331658324,-0.0030653266331658324,0.27638190954773867,-0.0036180904522613577,-0.0036180904522613577,0.36633663366336633,0.11757221850685895,0.16875156231320165,0.3344370860927153,0.38190954773869346,0.12376418433017211,0.17990620884052988,0.36363636363636365,0.36454849498327757,0.11246168363102382,0.16877541378194272,0.3355704697986577,17.0,-3.0,-3.0,30.0,-8.0,-8.0,37.0,-4.0,-4.0,0.0009266583650188799,0.0001952251346074969,0.00019023087996970905,-0.04502575513399876,-0.03991016643772127,-0.04271499955349434,0.033003300330033,-0.6864141539215651,10,-0.6844323873519897
323,1,test,1.632845956963156,0.7361956371284754,1.0047763483332284,3.5544268697307726,1.6025722100906448,2.1872265631400154,5.118420815295727,2.6670428044763366,3.2444312631657346,11.141928238174236,5.805696836573489,7.062572932622971,1.7945382744603082,0.7506361008591032,1.08303282737735,3.1483127622110674,1.31690544010369,1.9000575918900877,6.016696018141253,3.1764173396135327,3.9796403872410253,10.555607049370622,5.572661999321988,6.9818252407737305,1.6275328998698215,0.7105219474780765,1.0110151007035073,3.3906935413954615,1.4802540572459926,2.1062814597989736,5.09129846836729,2.5894972685206317,3.2388323299456783,10.606871809098521,5.39478597608465,6.747567354053496,0.4723618090452262,-0.0026381909547738003,-0.0026381909547738003,0.3316582914572864,-0.0033417085427135396,-0.0033417085427135396,0.24120603015075381,-0.0037939698492461815,-0.0037939698492461815,0.3230337078651685,0.0902146335313676,0.14121552604698673,0.3154929577464789,0.33668341708542715,0.08355058500522661,0.14302732359627857,0.3434343434343434,0.32441471571906355,0.0890223951848399,0.14643918735421368,0.31543624161073824,21.0,-9.0,-9.0,29.0,-8.0,-8.0,35.0,-11.0,-11.0,-0.00024153208090055994,0.0003371292489904064,0.00014366575291737893,-0.0886357503059596,-0.09483398146182687,-0.09682080790310188,0.952247191011236,-0.3092622281850777,339,-0.3486964702606201
324,1,test,2.1151188865415222,0.9552027225338204,1.3392103205453045,4.176349393808101,1.8860690699712377,2.6443006329238496,8.290571344886477,5.100905488781993,6.118006195329825,16.36991794213253,10.071851602053613,12.080139621351881,2.2780744769500822,1.0183257430024109,1.4237716031247138,3.796790794916804,1.697209571670685,2.3729526718745233,9.757873298622286,6.23333751871806,7.408137551440964,16.26312216437048,10.388895864530102,12.346895919068274,2.146307055843828,0.9815481572129983,1.3648956282283982,4.127513568930438,1.8875926100249965,2.624799285054612,8.553213461981754,5.348063438003081,6.3686600323771865,16.448487426887986,10.284737380775155,12.247423139186896,0.5678391959798995,-0.0021608040201005485,-0.0021608040201005485,0.4371859296482412,-0.002814070351758735,-0.002814070351758735,0.31658291457286436,-0.003417085427135591,-0.003417085427135591,0.3980582524271845,0.13473030412346887,0.20107224596862694,0.3831168831168831,0.4170854271356784,0.14390246974219467,0.20673484282849974,0.40909090909090906,0.4046822742474916,0.13590097207720775,0.2022351107324749,0.38926174496644295,18.0,-6.0,-6.0,31.0,-14.0,-14.0,35.0,-11.0,-11.0,7.167873364770768e-05,-6.309184219761434e-05,1.5837673888021866e-05,-0.03848577304951828,-0.03771282632156492,-0.03799165657123549,0.032362459546925564,0.7468363129076303,10,-0.4913601875305176
296,1,test,2.104258913873867,0.9690435610565005,1.3383950516738468,3.2373214059597952,1.4908362477792314,2.0590693102674567,8.201023092568994,5.089179477527714,6.050171480822492,12.616958603952297,7.8295068885041745,9.307956124342294,2.076483515646244,0.9134064755591742,1.2853030974957835,3.1225316024755547,1.373543572269435,1.9327866127756141,7.976370756918851,4.776606811311467,5.770371865832528,11.994542491607294,7.182867385430776,8.677250926063952,2.104258913873867,0.9690435610565005,1.3383950516738468,3.2373214059597952,1.4908362477792314,2.0590693102674567,8.201023092568994,5.089179477527714,6.050171480822492,12.616958603952297,7.8295068885041745,9.307956124342294,0.5527638190954773,-0.0022361809045226,-0.0022361809045226,0.39698492462311563,-0.0030150753768843908,-0.0030150753768843908,0.24623115577889443,-0.0037688442211055717,-0.0037688442211055717,0.38795986622073575,0.11250076772323991,0.18328800860115846,0.38590604026845643,0.38190954773869346,0.1037140590168889,0.16988951434971178,0.3787878787878788,0.38795986622073575,0.11250076772323991,0.18328800860115846,0.38590604026845643,22.0,-11.0,-11.0,33.0,-15.0,-15.0,41.0,-16.0,-16.0,0.00013280289554878507,7.752344904750451e-05,-2.540249370307376e-05,-0.008836125156603813,-0.01037871867150919,-0.009663563130684949,0.033444816053511704,-0.6183278100553823,10,-0.7639865875244141
87,1,test,2.0901145312465763,0.9583229360516541,1.3313595870432262,3.4410422160766805,1.577726784963089,2.1918724908638483,8.085841192745875,4.984633558102287,5.950225588800495,13.312055622203575,8.206408906631815,9.796103103513012,2.145912335973188,0.9444450393081769,1.3338818540528101,3.1791293866269448,1.3991778360121137,1.9761212652634224,8.549838004894301,5.2248459098822355,6.29736104465287,12.666426673917483,7.740512459084793,9.329423769856103,2.0901145312465763,0.9583229360516541,1.3313595870432262,3.4410422160766805,1.577726784963089,2.1918724908638483,8.085841192745875,4.984633558102287,5.950225588800495,13.312055622203575,8.206408906631815,9.796103103513012,0.542713567839196,-0.0022864321608039306,-0.0022864321608039306,0.39698492462311563,-0.0030150753768843908,-0.0030150753768843908,0.2864321608040201,-0.003567839195979916,-0.003567839195979916,0.39033457249070636,0.11204143705471381,0.1777264142706816,0.41417910447761197,0.37688442211055273,0.11372652737371058,0.16820328688517705,0.41414141414141414,0.39033457249070636,0.11204143705471381,0.1777264142706816,0.41417910447761197,20.0,-11.0,-11.0,35.0,-22.0,-22.0,38.0,-19.0,-19.0,0.0003249368944243749,-0.00022877141689162794,-0.00017985358387415316,-0.00017638486674709242,0.00021985158203818855,6.483093570341936e-05,0.9256505576208178,-0.1649055660907901,249,-0.7056474685668945
470,1,test,1.6141292141496464,0.706206422528373,0.991118274094352,2.8219810070507423,1.234660208093822,1.7327714043690372,5.023511615497893,2.5443441817332206,3.158978017989292,8.782601940020125,4.448275202077808,5.522839119886042,1.6007291648835449,0.6811537509940907,0.9804704250173315,2.581821233683137,1.0986350822485333,1.5814039113182767,4.956645318743811,2.448420112507302,3.09723623587506,7.99458922378034,3.949064697592423,4.9955423159275165,1.6141292141496464,0.706206422528373,0.991118274094352,2.8219810070507423,1.234660208093822,1.7327714043690372,5.023511615497893,2.5443441817332206,3.158978017989292,8.782601940020125,4.448275202077808,5.522839119886042,0.4623115577889447,-0.002688442211055242,-0.002688442211055242,0.29648241206030146,-0.0035175879396985854,-0.0035175879396985854,0.18592964824120606,-0.004070351758793889,-0.004070351758793889,0.375,0.12353801169590639,0.18279220779220784,0.4156862745098039,0.38190954773869346,0.1287767156584929,0.19159235241315087,0.41414141414141414,0.375,0.12353801169590639,0.18279220779220784,0.4156862745098039,16.0,-1.0,-1.0,23.0,-2.0,-2.0,29.0,-3.0,-3.0,3.953786280572619e-05,-0.0001442900970985475,-0.00013263377899250955,-0.02140394446753735,-0.017838419952026285,-0.018733270665260093,0.95703125,-0.1476255425420255,245,-0.5452953577041626
187,1,test,1.8852415214300624,0.8403349092721593,1.1727286018302105,2.9456898772344724,1.3130232957377488,1.832388440359704,6.587945379873861,3.7448123826757724,4.548836437256232,10.293664656052908,5.851269347930895,7.107556933212862,1.8351703106811532,0.7609826036211089,1.1012018086257034,2.5847469164523287,1.071806483973393,1.5509884628531034,6.266201255567087,3.3385874012085917,4.182869324368179,8.82563557122125,4.702235776350129,5.891365245588985,1.8852415214300624,0.8403349092721593,1.1727286018302105,2.9456898772344724,1.3130232957377488,1.832388440359704,6.587945379873861,3.7448123826757724,4.548836437256232,10.293664656052908,5.851269347930895,7.107556933212862,0.49246231155778897,-0.002537688442211028,-0.002537688442211028,0.3517587939698492,-0.0032412060301507672,-0.0032412060301507672,0.2361809045226131,-0.0038190954773869024,-0.0038190954773869024,0.3722627737226277,0.11361067900495925,0.17202005527602582,0.4432234432234432,0.36180904522613067,0.11118247881009058,0.16648350265517908,0.4545454545454546,0.3722627737226277,0.11361067900495925,0.17202005527602582,0.4432234432234432,18.0,-9.0,-9.0,29.0,-20.0,-20.0,32.0,-22.0,-22.0,-7.413169436178079e-05,-0.0003069498644022243,-0.00027309556312152754,-0.03550049211917994,-0.027968251135149558,-0.029966314181653075,0.9598540145985401,-0.44477014577039875,263,-0.5932092666625977
299,1,test,2.5078798749628866,1.1257002634795947,1.5612211195938208,4.32697584060498,1.9422293278345117,2.6936561570456767,12.278869705576302,8.295294888190817,9.701785117516158,21.1853737877901,14.312304560610917,16.738995449235624,2.5284865228815723,1.1070576113145931,1.566139458536819,4.322199184412944,1.8924061731873385,2.6771614675843054,12.534521062735791,8.391484817658935,9.916687570468783,21.426531731172293,14.344418491724674,16.951602684562022,2.5078798749628866,1.1257002634795947,1.5612211195938208,4.32697584060498,1.9422293278345117,2.6936561570456767,12.278869705576302,8.295294888190817,9.701785117516158,21.1853737877901,14.312304560610917,16.738995449235624,0.6532663316582914,-0.0017336683417086274,-0.0017336683417086274,0.48743718592964824,-0.002562814070351749,-0.002562814070351749,0.3417085427135679,-0.003291457286432098,-0.003291457286432098,0.4098360655737705,0.08468269134064166,0.16732925358466966,0.39917695473251025,0.3919597989949749,0.07867659097492474,0.14988968213353915,0.38888888888888884,0.4098360655737705,0.08468269134064166,0.16732925358466966,0.39917695473251025,19.0,-5.0,-5.0,31.0,-9.0,-9.0,39.0,-7.0,-7.0,-0.00016047856697766938,6.469928795325296e-05,0.00013902354527849808,-0.014649522942413284,-0.016185458724507384,-0.01642215803872027,0.040983606557377046,-0.6897465726190786,10,-0.3507654666900635
232,1,test,2.5701200424077286,1.2188223263233806,1.5889690237953396,5.11260438543473,2.424539036234682,3.1608523591627726,13.067392988103613,9.204958364764204,10.399868141776237,25.994276374184608,18.31093868259546,20.68790974439359,2.5215299400569013,1.1488684434666783,1.6013561680896742,4.502732035815895,2.051550791904783,2.859564585874418,12.447626224796307,8.501787656340372,9.93789975264427,22.227903972850548,15.181763672036379,17.746249558293343,2.293641282248781,1.0366385035342438,1.4508956195410647,4.712961538867358,2.130079116851186,2.9812923689199957,9.91096066157681,6.396089823320212,7.588224983217934,20.36498766077427,13.142650321890848,15.592243116201235,0.5628140703517588,-0.0021859296482411583,-0.0021859296482411583,0.44723618090452266,-0.0027638190954772934,-0.0027638190954772934,0.3417085427135679,-0.003291457286432098,-0.003291457286432098,0.3875338753387534,0.12095742067028248,0.17541266321754123,0.40489130434782605,0.38190954773869346,0.0987015276885681,0.17990620884052988,0.3939393939393939,0.3712374581939799,0.11581174867812016,0.18881254162000882,0.3523489932885906,20.0,0.0,0.0,31.0,0.0,0.0,36.0,0.0,0.0,0.0005865613353454051,-0.000492064652281096,0.00011253761542023723,-0.09232590143130359,-0.07823564375487191,-0.08680202004830839,0.02710027100271003,0.22666596625592525,10,-0.19303631782531738
246,1,test,1.8368177806278418,0.809351261665002,1.1370508054854365,3.087181691537156,1.3602951927984073,1.9110673176532338,6.276533142215046,3.4825547729214876,4.26324963451273,10.549112931795168,5.853209527982501,7.16534125318706,1.909409638381005,0.8237715971805222,1.1749338165272531,2.9603250207457443,1.277165266946546,1.8216028163213225,6.749103210679775,3.7877745448885363,4.664714095803303,10.463725908030659,5.872518674245793,7.232114877214425,1.8368177806278418,0.809351261665002,1.1370508054854365,3.087181691537156,1.3602951927984073,1.9110673176532338,6.276533142215046,3.4825547729214876,4.26324963451273,10.549112931795168,5.853209527982501,7.16534125318706,0.5326633165829145,-0.0023366834170853723,-0.0023366834170853723,0.3417085427135679,-0.003291457286432098,-0.003291457286432098,0.22613065326633164,-0.003869346733668344,-0.003869346733668344,0.3597122302158273,0.0922077418854862,0.15397060342156899,0.3537906137184116,0.36180904522613067,0.08611982216848657,0.15312791000075499,0.35858585858585856,0.3597122302158273,0.0922077418854862,0.15397060342156899,0.3537906137184116,22.0,-13.0,-13.0,31.0,-16.0,-16.0,36.0,-15.0,-15.0,0.0002953490934962024,-1.92289696073567e-06,0.00014460529736697755,-0.04834575345344394,-0.044470288470135344,-0.04843297206551256,0.04316546762589928,-0.46000973876301465,12,-0.5912206172943115
424,1,test,2.157725058923934,1.0239864528363123,1.398727545876549,3.437180118989382,1.6311743997442762,2.228123779109879,8.651433752338589,5.544182150724379,6.515300051750345,13.781429645685089,8.831687144621247,10.378643801029444,2.4525781469668857,1.1552420898800524,1.584483301064076,3.5036830670955514,1.6503458426857895,2.2635475729486805,11.618261726241053,7.958726847279012,9.235893976678291,16.597516751772936,11.369609781827162,13.19413425239756,2.1685147474526745,1.0321515668096735,1.4064007671048746,3.460395873594693,1.6470503725686279,2.2442565432524595,8.745285432556633,5.62986790609989,6.602484156897846,13.955242711526541,8.983831765053015,10.535878973773158,0.592964824120603,-0.0020351758793969443,-0.0020351758793969443,0.457286432160804,-0.0027135678391959628,-0.0027135678391959628,0.3417085427135679,-0.003291457286432098,-0.003291457286432098,0.38291139240506333,0.11434899114124031,0.18291139240506338,0.33333333333333337,0.3919597989949749,0.10373924761652875,0.18494811285140234,0.35858585858585856,0.38795986622073575,0.11750911496864891,0.18551270270571907,0.3355704697986577,24.0,0.0,0.0,35.0,-1.0,-1.0,44.0,1.0,1.0,0.001061569013555671,6.208097496147749e-05,0.00014875002311493432,-0.028006747732587378,-0.029837056904063353,-0.029533056400325997,0.9651898734177216,0.35786523534212883,305,-0.48114943504333496
136,1,test,1.9749073149476224,0.8827347040928555,1.2231724550201348,3.5408101563853824,1.5826545286398535,2.1930251708349164,7.205951738853733,4.225208701428514,5.085275836093913,12.91954660871409,7.57537418066769,9.117388037493821,2.0499989976018247,0.9040178080090471,1.2749809855302545,3.1297694619875185,1.380179859555797,1.9465358557713808,7.76789331978078,4.622367119025485,5.597262095384483,11.859379114169128,7.05704903668013,8.545438313564095,1.9876937396609637,0.8854905002307576,1.227842569440267,3.5284504254336633,1.5718766276285636,2.1796021942726633,7.298681677052058,4.287889459201381,5.160723672052667,12.95623966340602,7.611638093256889,9.16104793855503,0.5175879396984925,-0.002412060301507535,-0.002412060301507535,0.39698492462311563,-0.0030150753768843908,-0.0030150753768843908,0.29145728643216084,-0.0035427135678391952,-0.0035427135678391952,0.38741721854304634,0.119648623501724,0.18367272515097588,0.3853820598006644,0.3869346733668342,0.11124545030919009,0.1799229872232616,0.3939393939393939,0.3913043478260869,0.12252304565580308,0.18774483725878988,0.38926174496644295,20.0,0.0,0.0,33.0,0.0,0.0,36.0,0.0,0.0,0.0001934819325740743,-3.24430569552686e-05,0.00011384028930266292,-0.03215724124267183,-0.0320658367314941,-0.034158475889072726,0.9635761589403974,-0.5901604487490546,291,-0.7985345125198364
176,1,test,2.0636596650360532,0.9745197990571219,1.3234898997360383,3.4360935199386713,1.6226227722164699,2.2036749301430154,7.87473603697831,4.903019138819031,5.778444675158106,13.111817770308546,8.163764876771495,9.621390891161312,2.0369121166507242,0.9034856945024194,1.2680114427298972,3.040167338284663,1.3484861111976407,1.8925543921341745,7.666898122147979,4.56061640318044,5.509504851150853,11.443131525593998,6.806890154000657,8.22314156888187,2.1067212827188384,0.9641890754792877,1.335627644312585,3.3617892809343166,1.5385995885307784,2.131320709009444,8.221241919217437,5.086545895539507,6.059112370049105,13.119003062581017,8.11682855671198,9.668796335184743,0.5577889447236181,-0.00221105527638199,-0.00221105527638199,0.40201005025125625,-0.002989949748743781,-0.002989949748743781,0.27135678391959794,-0.0036432160804020786,-0.0036432160804020786,0.3742690058479532,0.09105732701583635,0.16508034504638913,0.3489736070381232,0.3919597989949749,0.0962204506240476,0.17493141836058423,0.3484848484848485,0.3846153846153846,0.09747014254526776,0.1743817917344057,0.3657718120805369,19.0,0.0,0.0,26.0,0.0,0.0,37.0,0.0,0.0,0.00014834893870967572,-2.3399868739044175e-06,0.0001455798976026264,-0.010778576070749502,-0.012046150790672172,-0.012401681348964466,0.9678362573099415,0.6889592706770538,331,-0.49099206924438477
239,1,test,1.5382895250748887,0.6901425673892296,0.8781192287356718,3.422262089492449,1.5353733521692974,1.9535686212321688,4.656618426057731,2.3213030243292923,2.7214965755471088,10.359667959094727,5.164247177721347,6.054565415262107,1.5109242885205778,0.6235095010719273,0.9058618248904838,2.4769250631484883,1.0221467230687333,1.485019385066367,4.530916733833098,2.1020742799095147,2.699550134714163,7.427732350546062,3.446023409687729,4.425492024121578,1.5372093674057397,0.674150874099007,0.9541987293545912,3.0141360145210583,1.321864459017661,1.870977900695277,4.651591259507559,2.281191790407139,2.860167611094058,9.120767175505017,4.472925079229684,5.6081717864589375,0.42713567839195976,-0.002864321608040288,-0.002864321608040288,0.29648241206030146,-0.0035175879396985854,-0.0035175879396985854,0.18090452261306533,-0.0040954773869347205,-0.0040954773869347205,0.3265822784810126,0.10660756293107587,0.14671913087592958,0.35025380710659904,0.3417085427135679,0.09860077329000894,0.16975528728785838,0.38888888888888884,0.3377926421404682,0.10740866885165357,0.1664911960893003,0.3691275167785235,15.0,-4.0,-4.0,24.0,-9.0,-9.0,29.0,-7.0,-7.0,-0.0007824178630925239,-0.00026439870918789623,-0.0002912230978916795,-0.15700985759310626,-0.1557031433894105,-0.1553747996107182,0.9696202531645569,0.606980911205369,383,-0.6978797912597656
81,1,test,2.387666165158292,1.1095616052314763,1.530793773954855,3.902128704201552,1.813340680549727,2.5017543962919344,10.888053349252479,7.298224382016629,8.53227215161612,17.794190045064052,11.927383847181463,13.94417048778406,2.328174931547273,1.039549953419486,1.4549072384192607,3.4748879575332428,1.5515670946559492,2.1715033409242697,10.259200693052387,6.6314058656165304,7.864477389942618,15.312239840376696,9.897620694950044,11.738025955138236,2.387666165158292,1.1095616052314763,1.530793773954855,3.902128704201552,1.813340680549727,2.5017543962919344,10.888053349252479,7.298224382016629,8.53227215161612,17.794190045064052,11.927383847181463,13.94417048778406,0.5728643216080402,-0.0021356783919597166,-0.0021356783919597166,0.4522613065326633,-0.0027386934673366836,-0.0027386934673366836,0.3266331658291457,-0.0033668341708542604,-0.0033668341708542604,0.4140350877192982,0.11806310873505999,0.19466519273680116,0.41901408450704225,0.42211055276381915,0.13639626704953345,0.20675162121123147,0.4242424242424242,0.4140350877192982,0.11806310873505999,0.19466519273680116,0.41901408450704225,17.0,-8.0,-8.0,26.0,-9.0,-9.0,35.0,-15.0,-15.0,-0.0002166591319519683,1.904807194858467e-05,-7.043857859715212e-05,-0.008694161638785225,-0.00928100488466388,-0.010047323429271948,0.042105263157894736,-0.4761127151308485,12,-0.567725658416748
84,1,test,2.3361186763417736,1.0750890834278573,1.4927528832572086,4.075511386444073,1.875563020545338,2.604204758291109,10.341021717559538,6.8119686119888225,8.016845193539215,18.040586800742457,11.883923502437023,13.985909277859173,2.5713676778116623,1.1308872372956946,1.5990756313726915,3.896011633047973,1.7134655110540824,2.422841865716199,13.083706504777041,8.860982407309384,10.439708819731468,19.823797734510666,13.425730920165734,15.817740635956769,2.2880319144770467,1.0405899398166327,1.4513874153659956,4.014091078029907,1.8255963856432151,2.5462937111684134,9.855522071340086,6.374096089819725,7.546914640147014,17.290389598842257,11.182624718981973,13.240201123064937,0.6331658291457287,-0.0018341708542712887,-0.0018341708542712887,0.4623115577889447,-0.002688442211055242,-0.002688442211055242,0.35678391959798994,-0.0032160804020100464,-0.0032160804020100464,0.375,0.08950858034321374,0.16398128898128894,0.3260188087774295,0.3869346733668342,0.09370159066006722,0.15655070007801952,0.3484848484848485,0.3712374581939799,0.08743111428746908,0.15544213005159946,0.3120805369127517,17.0,0.0,0.0,28.0,0.0,0.0,35.0,0.0,0.0,0.0010554896567696104,0.0003278429838769767,0.00015242782907205977,-0.034864430372540056,-0.03768927290074231,-0.037143061643860165,0.034375,0.6119536732034009,11,-0.4154086112976074
474,1,test,1.9690898640971886,0.9018696687050505,1.2552959430143797,3.248998275760361,1.4880849533633334,2.0712383059737265,7.164153167231797,4.256866599026603,5.122430449267142,11.820852725932465,7.0238298883938945,8.452010241290784,1.9168444704586154,0.8892468639355204,1.2267424644460676,3.142367984358386,1.457781744156591,2.0110532204033897,6.799468657040867,4.005124007932634,4.8055497424532,11.146669929575193,6.5657770621846465,7.877950397464264,1.9690898640971886,0.9018696687050505,1.2552959430143797,3.248998275760361,1.4880849533633334,2.0712383059737265,7.164153167231797,4.256866599026603,5.122430449267142,11.820852725932465,7.0238298883938945,8.452010241290784,0.5276381909547738,-0.002361809045226204,-0.002361809045226204,0.3919597989949749,-0.0030402010050251116,-0.0030402010050251116,0.2814070351758794,-0.003592964824120637,-0.003592964824120637,0.3840304182509505,0.11596958174904937,0.17743979721166026,0.3549618320610687,0.39698492462311563,0.13567839195979903,0.19262981574539373,0.3484848484848485,0.3840304182509505,0.11596958174904937,0.17743979721166026,0.3549618320610687,18.0,-9.0,-9.0,33.0,-19.0,-19.0,40.0,-24.0,-24.0,4.3691936075775675e-05,-9.921767896874057e-05,0.00016465099244075606,-0.00013480533558407615,-0.00018378111340844328,8.585827751517172e-05,0.045627376425855515,0.35234193656301793,12,-0.28193604946136475
380,1,test,2.261512455563656,1.035316246708902,1.4308653273571676,3.837718106411052,1.7569002974454095,2.428135100969739,9.597594129582484,6.1893535166717335,7.302790837779229,16.28682640171573,10.503145361624757,12.392614755019295,2.3358713740735353,1.053070656933273,1.4731738765862334,3.486375185184381,1.5717472491541389,2.1987669799794527,10.338464675627051,6.731737660302099,7.968920756391104,15.430544291980672,10.047369642241938,11.89391157670314,2.261512455563656,1.035316246708902,1.4308653273571676,3.837718106411052,1.7569002974454095,2.428135100969739,9.597594129582484,6.1893535166717335,7.302790837779229,16.28682640171573,10.503145361624757,12.392614755019295,0.5879396984924623,-0.002060301507537776,-0.002060301507537776,0.4170854271356784,-0.0029145728643216184,-0.0029145728643216184,0.29145728643216084,-0.0035427135678391952,-0.0035427135678391952,0.38351254480286734,0.10623168612665979,0.16658763419500078,0.3776978417266187,0.37688442211055273,0.09618266772458783,0.15985604147616206,0.3787878787878788,0.38351254480286734,0.10623168612665979,0.16658763419500078,0.3776978417266187,25.0,-14.0,-14.0,34.0,-16.0,-16.0,41.0,-13.0,-13.0,-7.487650111449466e-06,0.0001525960865052335,-7.85636899064342e-05,-0.0002456840853515274,0.00018111633153772289,2.978536601450088e-05,0.035842293906810034,-0.4461385458375922,10,-0.8428943157196045
97,1,test,1.9450237410417368,0.8996182847209386,1.2398444400310706,3.20143659239789,1.4807381705034084,2.0407377429082842,6.993797893109682,4.149246261802354,4.969588297897175,11.511530693627739,6.829504716631204,8.179757136290384,1.9270288978792478,0.898757449049667,1.237084004140394,3.0832462366067963,1.438011918479467,1.9793344066246303,6.869071181394513,4.072842950095396,4.875465511333154,10.99051389023122,6.516548720152633,7.8007448181330465,1.9450237410417368,0.8996182847209386,1.2398444400310706,3.20143659239789,1.4807381705034084,2.0407377429082842,6.993797893109682,4.149246261802354,4.969588297897175,11.511530693627739,6.829504716631204,8.179757136290384,0.4824120603015075,-0.0025879396984924696,-0.0025879396984924696,0.35678391959798994,-0.0032160804020100464,-0.0032160804020100464,0.25125628140703515,-0.003743718592964851,-0.003743718592964851,0.36742424242424243,0.12923898722575466,0.16969124494313415,0.3422053231939164,0.3668341708542714,0.1262326670948729,0.1681697301197138,0.3282828282828283,0.36742424242424243,0.12923898722575466,0.16969124494313415,0.3422053231939164,11.0,-1.0,-1.0,22.0,-4.0,-4.0,27.0,-4.0,-4.0,0.00034502035931393817,1.417184519837247e-05,0.00015908063894195384,-0.04721204484077113,-0.047098082373723926,-0.04987571654011713,0.03787878787878788,0.3151905553526276,10,-0.4041571617126465
167,1,test,2.008245418412385,0.9322538631457176,1.2857497718292974,3.562650064302197,1.6538288871624596,2.2809346234711834,7.450233829525299,4.517334238265677,5.390667076569838,13.216798997010983,8.013801982008037,9.563104305327284,2.306264166196852,1.0107403739181784,1.4375137719543503,3.750023034466426,1.643480282793786,2.3374207674054475,10.03685849299993,6.383949654429859,7.652928474198851,16.320095110568992,10.380405942162374,12.443786136908702,2.0616924047658602,0.9577575851962683,1.3195300836558195,3.554642077182518,1.6513061813728767,2.275051868372103,7.859259609706046,4.843249447506497,5.758787106157577,13.55044760294146,8.350430081907755,9.928943286478582,0.5979899497487438,-0.0020100502512562235,-0.0020100502512562235,0.42211055276381915,-0.0028894472361808976,-0.0028894472361808976,0.29648241206030146,-0.0035175879396985854,-0.0035175879396985854,0.36741214057507987,0.10106445317476087,0.16018578563352837,0.32692307692307687,0.37688442211055273,0.08866387073210658,0.15818659239435906,0.3737373737373737,0.3712374581939799,0.09911725786009007,0.15877917120844043,0.3355704697986577,18.0,-9.0,-9.0,32.0,-17.0,-17.0,38.0,-20.0,-20.0,0.0009929596401892487,0.00011206505906037507,0.0002150687518520228,-0.0301799762228514,-0.02617971002267705,-0.02914923798887692,0.9616613418530351,-0.27216613032401865,301,-0.5564846992492676
225,1,test,2.1427192261653953,0.996001058077667,1.370984964627037,3.6300184537390225,1.687342968978636,2.3226098224269798,8.52258097381175,5.374735733455001,6.359065870678039,14.43825482622226,9.105434654323766,10.773005710325148,2.0643373091313086,0.920672262254943,1.2878795616207315,3.2255270455176697,1.4385504097733484,2.012311815032393,7.8800741138093136,4.7418249700487465,5.706315503950611,12.312615802827052,7.409101515701166,8.91611797492283,2.1427192261653953,0.996001058077667,1.370984964627037,3.6300184537390225,1.687342968978636,2.3226098224269798,8.52258097381175,5.374735733455001,6.359065870678039,14.43825482622226,9.105434654323766,10.773005710325148,0.5577889447236181,-0.00221105527638199,-0.00221105527638199,0.42211055276381915,-0.0028894472361808976,-0.0028894472361808976,0.26633165829145733,-0.0036683417085426884,-0.0036683417085426884,0.4076655052264808,0.12592637479169821,0.19213827463551902,0.42657342657342656,0.4120603015075377,0.12885228145741234,0.19837081903675302,0.4242424242424242,0.4076655052264808,0.12592637479169821,0.19213827463551902,0.42657342657342656,21.0,-12.0,-12.0,29.0,-14.0,-14.0,39.0,-21.0,-21.0,-0.0001505831180301449,6.185541697412359e-05,-9.641391182097406e-05,-0.00030112346023614123,0.00015012813114179124,1.7489102663859057e-06,0.03484320557491289,-0.30037798883424605,10,-0.6211752891540527
161,1,test,2.4476772434381133,1.16335021407561,1.5812428048663385,4.180438856367075,1.9869100190895321,2.7006374637568653,11.561461047363055,7.949224837206154,9.18304571645638,19.746059709605216,13.576646380376845,15.683914713749756,2.314123816431245,1.0425328482862435,1.4611837878302232,3.7628029535467404,1.695175363067063,2.375908598097924,10.116055512951911,6.549533238630993,7.769519910765634,16.448870752767334,10.649647542489419,12.633365708562005,2.3836390127088083,1.116815958824879,1.536860632377155,4.063021044390014,1.9036635661787713,2.6196488051883327,10.844293671125435,7.294735794683759,8.512172143140113,18.4845914848729,12.434208740938226,14.50938433489792,0.4522613065326633,-0.0027386934673366836,-0.0027386934673366836,0.3517587939698492,-0.0032412060301507672,-0.0032412060301507672,0.29648241206030146,-0.0035175879396985854,-0.0035175879396985854,0.39534883720930236,0.13555203024268403,0.20180045011252812,0.37609329446064144,0.3467336683417085,0.11615722723895161,0.176449861997802,0.30808080808080807,0.3712374581939799,0.12415899408713515,0.18547550046316785,0.3489932885906041,21.0,-4.0,-4.0,30.0,-2.0,-2.0,39.0,-5.0,-5.0,-0.00023265758720815777,0.00010921857902602501,-0.00017816689409278177,-0.0769231251864122,-0.07815902553092258,-0.0691444956788736,0.9680232558139535,0.4972235584746509,333,-0.3612945079803467
369,1,test,2.4128333542022453,1.084965139382868,1.5091595020204434,3.9443323694443886,1.7736256470151073,2.467069126057371,11.165552334043104,7.392560733345985,8.696896385418842,18.252669384393815,12.084844791637448,14.217082115085892,2.350742500126039,1.0349614612479905,1.467182945992289,3.508570895710506,1.5447185988775975,2.1898252925258044,10.493358152666323,6.765696855699223,8.073861426531865,15.661728586069138,10.098055008506304,12.050539442584874,2.4128333542022453,1.084965139382868,1.5091595020204434,3.9443323694443886,1.7736256470151073,2.467069126057371,11.165552334043104,7.392560733345985,8.696896385418842,18.252669384393815,12.084844791637448,14.217082115085892,0.5829145728643217,-0.002085427135678275,-0.002085427135678275,0.4321608040201005,-0.002839195979899567,-0.002839195979899567,0.3065326633165829,-0.0034673366834171437,-0.0034673366834171437,0.4007352941176471,0.12183621154883972,0.1880213576873292,0.4575645756457565,0.3919597989949749,0.10875177894484955,0.17660086744238723,0.4696969696969697,0.4007352941176471,0.12183621154883972,0.1880213576873292,0.4575645756457565,18.0,-8.0,-8.0,26.0,-9.0,-9.0,33.0,-12.0,-12.0,-0.0003852884066879687,-0.000559648499246265,-0.0001591044158113897,-0.016214075076947054,-0.014518850567333708,-0.01515320740721915,0.03676470588235294,-0.4288643786066163,10,-0.8109052181243896
394,1,test,2.7304531302478376,1.2572848898210305,1.7453309318386512,4.049660822390051,1.864737139959281,2.588580707895528,15.339836389168394,10.976799974173513,12.661697260401006,22.75121801539582,16.28019771450454,18.779146498572278,2.8369807962717823,1.2869522305501007,1.7974990090388892,4.11156637140838,1.865148160217537,2.605071027592593,17.064167485734977,12.35256271467599,14.236416227941488,24.73067751555794,17.902264803878246,20.632487286871722,2.7304531302478376,1.2572848898210305,1.7453309318386512,4.049660822390051,1.864737139959281,2.588580707895528,15.339836389168394,10.976799974173513,12.661697260401006,22.75121801539582,16.28019771450454,18.779146498572278,0.6482412060301508,-0.0017587939698492372,-0.0017587939698492372,0.5175879396984925,-0.002412060301507535,-0.002412060301507535,0.40201005025125625,-0.002989949748743781,-0.002989949748743781,0.4296577946768061,0.13174508120432027,0.20841885662370874,0.40458015267175573,0.42211055276381915,0.11885240740041059,0.1900571303932015,0.40909090909090906,0.4296577946768061,0.13174508120432027,0.20841885662370874,0.40458015267175573,16.0,0.0,0.0,29.0,0.0,0.0,38.0,0.0,0.0,0.00017481879908618522,0.0002089640245824089,4.009136550855919e-05,-0.004810334377146397,-0.0054282742818401175,-0.0054984090371741345,0.03802281368821293,0.5706335162738715,10,-0.1485135555267334
447,1,test,1.8433198376677336,0.8023395830576543,1.1304990073540235,3.1511501135548965,1.3715972760650403,1.9325848952532472,6.31747648243944,3.485484755326344,4.277739579658785,10.799708400147868,5.958426453239448,7.312783862433453,1.9630091998040116,0.8587053016591739,1.2132697188582713,3.1158876187365263,1.3630242883478951,1.9258249505686846,7.1207225342452425,4.1035990218678915,5.004273964640419,11.302734181341656,6.513649241060146,7.943292007365744,1.8492734201270666,0.8047541846531066,1.1329179888785643,3.152170602489318,1.371740087476886,1.9311102083157343,6.355200284067309,3.51316843700797,4.308240968669537,10.832727756932913,5.9883552903544945,7.343592560232164,0.4974874371859297,-0.002512562814070307,-0.002512562814070307,0.33668341708542715,-0.0033165829145728187,-0.0033165829145728187,0.2562814070351759,-0.00371859296482413,-0.00371859296482413,0.34098360655737703,0.09548442488798259,0.1534154495235711,0.35855263157894735,0.3467336683417085,0.09360083626150795,0.1547470239343629,0.38888888888888884,0.3377926421404682,0.08904472895182047,0.1486936432528153,0.35906040268456374,18.0,-7.0,-7.0,24.0,-4.0,-4.0,34.0,-10.0,-10.0,-0.00012646828034897428,-0.00025490254253660597,0.00010720534214928948,-0.06582276657064501,-0.05995159380215931,-0.0652601503870569,0.03278688524590164,-0.20840261040133937,10,-0.49623680114746094
468,1,test,2.025925214346035,0.9325066192192735,1.2889247213434118,4.261854871642574,1.961675509942984,2.711457493069982,7.583123714827513,4.598664403730317,5.4934655543847555,15.95230293667983,9.674019629798533,11.556375708919152,2.126445279306629,0.9246242859260507,1.3239125049561387,3.5738576122800487,1.5539903965143713,2.225063033539729,8.38500741260704,5.058839070806632,6.153822546742143,14.092449432953009,8.50225053917081,10.342558902087635,2.0216127849481094,0.9310264714380716,1.2936997092035383,4.070361311976059,1.8745499424927616,2.6047645151749093,7.550492439796882,4.57447399883911,5.479737852566312,15.202333771403119,9.210350333233109,11.033029233354991,0.5125628140703518,-0.0024371859296482556,-0.0024371859296482556,0.38190954773869346,-0.0030904522613065533,-0.0030904522613065533,0.2814070351758794,-0.003592964824120637,-0.003592964824120637,0.3517441860465116,0.09485013669963205,0.1542857305235399,0.3323615160349854,0.35678391959798994,0.1036510875177894,0.15478058069982636,0.33838383838383834,0.34448160535117056,0.09239479399891681,0.1487085241498357,0.31879194630872487,14.0,-4.0,-4.0,22.0,-8.0,-8.0,30.0,-10.0,-10.0,0.00032680532250020265,3.3948439780392625e-05,0.00014659856414844094,-0.013192142808723162,-0.013054217463039919,-0.013954689895377292,0.05232558139534884,-0.24804012266385758,18,-0.5164225101470947
454,1,test,1.9611445507333995,0.914638550650861,1.1974618239225152,4.266349548963887,1.98974000492468,2.6050046695858224,7.107457256976662,4.259773348828832,4.961291831336323,15.461836839738705,9.266875355346933,10.792985738345685,2.2896233619802655,1.0304444143247518,1.4310541678426842,3.8807175626784165,1.7465159564826305,2.425515538716414,9.871219104522575,6.348690984769025,7.511437217206751,16.73087983817386,10.760493194523773,12.73124952068941,2.154073582140095,0.9698614317756149,1.3584511841196178,4.279616388357805,1.9268770167727451,2.6989096373237444,8.61990084871418,5.351789821865759,6.404081159213934,17.12563082525996,10.632695010329323,12.723340051418415,0.5226130653266332,-0.002386934673366814,-0.002386934673366814,0.4120603015075377,-0.0029396984924623393,-0.0029396984924623393,0.3517587939698492,-0.0032412060301507672,-0.0032412060301507672,0.34770889487870615,0.11352316136592011,0.15807057620812937,0.3324324324324325,0.3919597989949749,0.14383949824309517,0.19162590917861433,0.3939393939393939,0.3745819397993311,0.12917292477428932,0.18881998206851902,0.3691275167785235,17.0,0.0,0.0,29.0,0.0,0.0,34.0,0.0,0.0,-7.57974189400797e-05,0.000385496361244458,8.853139120160225e-05,-0.09829194265428498,-0.10361545664281113,-0.10628474204257543,0.9703504043126685,0.2161276141233807,360,-0.4411503076553345
244,1,test,2.132063589946845,0.9636427632456592,1.34753643626393,3.927485560428399,1.7751314059788457,2.4823039615388183,8.43224957527604,5.215341006121429,6.240879061035766,15.533091322876919,9.607207116539474,11.496356165065887,2.0493426375152524,0.8862863887383565,1.260123165778115,3.152834826946542,1.363517521135933,1.9386510242740227,7.762796457520381,4.563099038506083,5.56111917344262,11.942763780800586,7.020152366932436,8.555567959142493,2.132063589946845,0.9636427632456592,1.34753643626393,3.927485560428399,1.7751314059788457,2.4823039615388183,8.43224957527604,5.215341006121429,6.240879061035766,15.533091322876919,9.607207116539474,11.496356165065887,0.6030150753768844,-0.0019849246231156137,-0.0019849246231156137,0.3919597989949749,-0.0030402010050251116,-0.0030402010050251116,0.25125628140703515,-0.003743718592964851,-0.003743718592964851,0.37275985663082434,0.08832336289200504,0.15821873624941785,0.36690647482014394,0.38190954773869346,0.09118273069608696,0.1548644726134848,0.3535353535353535,0.37275985663082434,0.08832336289200504,0.15821873624941785,0.36690647482014394,15.0,-4.0,-4.0,27.0,-14.0,-14.0,33.0,-13.0,-13.0,0.0001467561340037045,0.00013484052723736263,6.889688696895766e-05,-0.004913315273801899,-0.005056755002081026,-0.004779416873575748,0.03942652329749104,-0.5409528706264962,11,-0.4133725166320801
99,1,test,2.6453033624771582,1.2277224367837039,1.6868299697839513,4.2128905402414,1.955261658581454,2.6864329148411072,14.08771812001851,9.96059358623236,11.480005639744585,22.435995524473924,15.863167563258944,18.282971944778414,2.6183677093755815,1.1899521483471034,1.6548616735601547,3.850540749081737,1.7499296299222107,2.4336201081766977,13.713321180841627,9.541237640336346,11.092451935406256,20.166648795355332,14.031231824024038,16.312429316773905,2.6453033624771582,1.2277224367837039,1.6868299697839513,4.2128905402414,1.955261658581454,2.6864329148411072,14.08771812001851,9.96059358623236,11.480005639744585,22.435995524473924,15.863167563258944,18.282971944778414,0.6633165829145728,-0.0016834170854271857,-0.0016834170854271857,0.48743718592964824,-0.002562814070351749,-0.002562814070351749,0.35678391959798994,-0.0032160804020100464,-0.0032160804020100464,0.4046692607003891,0.10369838691398137,0.1756912529384227,0.41015625,0.39698492462311563,0.09873931058802787,0.16159260408889198,0.4040404040404041,0.4046692607003891,0.10369838691398137,0.1756912529384227,0.41015625,14.0,-3.0,-3.0,25.0,-9.0,-9.0,34.0,-11.0,-11.0,-0.0001461876301064979,-5.126730924688547e-06,-5.447730728606196e-05,-9.322580442105988e-05,-0.00015080139628764755,0.00010688561932692409,0.9571984435797666,-0.3787308647197284,246,-0.5529778003692627
184,1,test,2.058123230624836,0.9220097483889327,1.293357944699367,3.1940273087292534,1.4308785166254476,2.0071784496973786,7.831258543605478,4.7166188348285765,5.68276850898591,12.153428559475168,7.319780049679322,8.819159871868845,1.966789249293956,0.8547075470407623,1.2186471928062246,3.0027316783113833,1.3048970183828434,1.8605300653530148,7.147690155188569,4.107008550809468,5.034619753390654,10.912504053723007,6.27024206230453,7.686442371588784,2.058123230624836,0.9220097483889327,1.293357944699367,3.1940273087292534,1.4308785166254476,2.0071784496973786,7.831258543605478,4.7166188348285765,5.68276850898591,12.153428559475168,7.319780049679322,8.819159871868845,0.4824120603015075,-0.0025879396984924696,-0.0025879396984924696,0.3316582914572864,-0.0033417085427135396,-0.0033417085427135396,0.24623115577889443,-0.0037688442211055717,-0.0037688442211055717,0.33922261484098937,0.10641838203675658,0.14180780873053112,0.34042553191489366,0.3316582914572864,0.09105678769788794,0.12798550347731985,0.3232323232323232,0.33922261484098937,0.10641838203675658,0.14180780873053112,0.34042553191489366,21.0,0.0,0.0,28.0,1.0,1.0,34.0,-1.0,-1.0,-0.00012856879930588005,-5.1826457569696164e-05,5.7473672185321026e-05,-0.03642349009618506,-0.03328083795426995,-0.03559758355329912,0.9611307420494699,-0.477783580590704,272,-0.30275774002075195
62,1,test,2.114858997272024,0.959490392278386,1.330577617397938,3.28202174576649,1.4890204672622123,2.064905830773215,8.288416994314353,5.11322340025192,6.097584995372731,12.86268486381803,7.935143861711707,9.462761620177494,2.0396901654315585,0.8523372016755311,1.2287726904355547,2.999544360928762,1.2534370612875456,1.8070186624052276,7.6882267513981635,4.409835061300462,5.438255418961265,11.306215810879651,6.485051560735973,7.997434439648918,2.1360629060681076,0.9850771297567829,1.3675759278025859,3.269484039900165,1.5077711169746677,2.0932284609223255,8.466040331860803,5.304732615414949,6.309539380499569,12.958224997746127,8.119488697063696,9.657458235458524,0.5829145728643217,-0.002085427135678275,-0.002085427135678275,0.38190954773869346,-0.0030904522613065533,-0.0030904522613065533,0.24120603015075381,-0.0037939698492461815,-0.0037939698492461815,0.3719512195121951,0.09341240672680695,0.1670830653539801,0.37614678899082565,0.371859296482412,0.08865127643228665,0.15650036492982433,0.36363636363636365,0.36789297658862874,0.0941033271729359,0.16655816012589242,0.37583892617449666,13.0,-3.0,-3.0,23.0,-11.0,-11.0,31.0,-14.0,-14.0,-7.171999494931079e-05,-1.9336841617011755e-05,7.010196472400158e-05,-0.012923088705139918,-0.015315327833744341,-0.016008721835413908,0.057926829268292686,-0.16223330294149424,19,-0.8383204936981201
342,1,test,1.6478187279905405,0.7386897687679828,1.0315449899676348,2.851665570719381,1.2783543148627268,1.785160759840363,5.195634366095775,2.7134748367727273,3.3436202875106673,8.991408695730513,4.695858007679228,5.786368787712762,1.4650481551169088,0.5997215499007635,0.8743522431501339,2.253920238641398,0.922648538308867,1.3451572971540522,4.327751638669121,1.9519697366300628,2.522507369213816,6.65807944410634,3.0030303640462503,3.8807805680212546,1.5908694058226862,0.7044168731177558,0.9889567919449909,2.7909989575836605,1.235819075645186,1.7350119156929669,4.908014130024836,2.4815077171607425,3.0824069850651643,8.61055110530673,4.353522310808319,5.407731552745902,0.42211055276381915,-0.0028894472361808976,-0.0028894472361808976,0.29648241206030146,-0.0035175879396985854,-0.0035175879396985854,0.21105527638190957,-0.0039447236180903955,-0.0039447236180903955,0.3633633633633634,0.12498255376816103,0.18753918753918752,0.3885542168674698,0.36180904522613067,0.12371380713089253,0.18818634071861817,0.36868686868686873,0.3612040133779264,0.12080334559829364,0.1843408320653569,0.3791946308724832,19.0,-10.0,-10.0,30.0,-18.0,-18.0,35.0,-17.0,-17.0,-0.0005447528199231799,-0.00022931343909988355,-0.00030222474111802814,-0.10229130166253508,-0.10375986334995435,-0.09801616205857577,0.03003003003003003,0.3923068382389102,10,-0.6477352380752563
117,1,test,2.2070314273845355,1.0083391475205796,1.399934462729841,3.4585797368160103,1.5801412250779818,2.193799737326641,9.08869585304616,5.772917876381574,6.847304159616796,14.242651428249166,9.046584720915028,10.730226640375102,2.164491991587778,0.9329656405362536,1.3134975800895559,3.11437696631335,1.3423966050881346,1.8899245756684258,8.710175950077677,5.283720429158816,6.368201369251976,12.532627266298816,7.602475437638584,9.162879667988454,2.2070314273845355,1.0083391475205796,1.399934462729841,3.4585797368160103,1.5801412250779818,2.193799737326641,9.08869585304616,5.772917876381574,6.847304159616796,14.242651428249166,9.046584720915028,10.730226640375102,0.5979899497487438,-0.0020100502512562235,-0.0020100502512562235,0.40703517587939697,-0.00296482412060306,-0.00296482412060306,0.27135678391959794,-0.0036432160804020786,-0.0036432160804020786,0.37109375,0.07089881822612087,0.12953530844155847,0.4745098039215686,0.371859296482412,0.07361368244732425,0.13646697594818835,0.4949494949494949,0.37109375,0.07089881822612087,0.12953530844155847,0.4745098039215686,11.0,-1.0,-1.0,16.0,-3.0,-3.0,21.0,-3.0,-3.0,-5.878122368822743e-05,-0.00024950400234185523,-0.000347035164012295,-8.629588256159337e-05,-0.00014530477676810705,0.00011039017629776993,0.953125,0.1306179810581066,244,-0.6440742015838623
414,1,test,1.9801348355497321,0.8969109178849144,1.2527370934110331,3.884692005620467,1.7595885946291832,2.4576597939437823,7.243719630234743,4.2895313553117616,5.174031897515885,14.210961411987245,8.415340139810098,10.1505816615388,2.166177849842224,0.9787275282734174,1.3691949492615147,3.6102964164037066,1.6312125471223622,2.2819915821025245,8.724872456733554,5.446161574053777,6.506036087237617,14.541454094555924,9.076935956756296,10.843393478729363,1.9801348355497321,0.8969109178849144,1.2527370934110331,3.884692005620467,1.7595885946291832,2.4576597939437823,7.243719630234743,4.2895313553117616,5.174031897515885,14.210961411987245,8.415340139810098,10.1505816615388,0.5376884422110553,-0.0023115577889447625,-0.0023115577889447625,0.371859296482412,-0.003140703517587995,-0.003140703517587995,0.27135678391959794,-0.0036432160804020786,-0.0036432160804020786,0.3515625,0.10204982943469787,0.16195211038961044,0.3411764705882353,0.35678391959798994,0.09111975919698745,0.15478058069982636,0.36868686868686873,0.3515625,0.10204982943469787,0.16195211038961044,0.3411764705882353,16.0,-4.0,-4.0,25.0,-10.0,-10.0,32.0,-10.0,-10.0,0.00030440050111259155,0.000236894518801708,-7.33386141586258e-06,-0.041461490182523875,-0.04564375444277946,-0.040000750502629856,0.94140625,0.17321048570272873,241,-0.5007067918777466
23,1,test,2.620135984078693,1.205244505641052,1.6754491542600634,4.489472768041269,2.065126550601334,2.8707988432643186,13.737591551798813,9.621551789129361,11.165583775491001,23.53868026126931,16.48605072640294,19.131672784905632,2.8879383318736287,1.3234680083569115,1.83721075979689,4.342764408832524,1.9901774561758065,2.7627229470629926,17.95625158245145,13.176109246208462,15.096520560681546,27.00188207887436,19.81369811459919,22.70153467771661,2.620135984078693,1.205244505641052,1.6754491542600634,4.489472768041269,2.065126550601334,2.8707988432643186,13.737591551798813,9.621551789129361,11.165583775491001,23.53868026126931,16.48605072640294,19.131672784905632,0.6482412060301508,-0.0017587939698492372,-0.0017587939698492372,0.5125628140703518,-0.0024371859296482556,-0.0024371859296482556,0.3919597989949749,-0.0030402010050251116,-0.0030402010050251116,0.386986301369863,0.10616438356164382,0.17123287671232879,0.3539518900343642,0.4170854271356784,0.12060301507537696,0.19095477386934678,0.38888888888888884,0.386986301369863,0.10616438356164382,0.17123287671232879,0.3539518900343642,17.0,0.0,0.0,29.0,1.0,1.0,35.0,0.0,0.0,0.0012042405538888797,0.0005789204238401677,-0.00011961507263940428,-0.009678933299550607,-0.007603663510087344,-0.008387952869815862,0.04452054794520548,0.3495654592218046,13,-0.21908187866210938
440,1,test,1.3583614621959281,0.6140542772240575,0.7808855997060508,2.9929998319571296,1.3530009498157196,1.7205953891828236,3.8898144691846013,1.784831903064414,2.1082785601495644,8.570777643966071,3.932680464379218,4.645359539312599,1.5387049139444537,0.643387697017428,0.9139159136628173,2.5860586788982416,1.0813238605334925,1.5359931322064155,4.658553135322255,2.210440886374876,2.7907013356758315,7.829501067768496,3.715026699789707,4.690254345673667,1.3018600813857082,0.5615855329969278,0.7976652013664541,2.693503616660086,1.1619011027522643,1.6503417959305948,3.6761282096917403,1.5796171804791794,2.0204762244812464,7.605782502810497,3.268173476853474,4.1802956368577515,0.4170854271356784,-0.0029145728643216184,-0.0029145728643216184,0.26633165829145733,-0.0036683417085426884,-0.0036683417085426884,0.18592964824120606,-0.004070351758793889,-0.004070351758793889,0.3290488431876607,0.11467143625569665,0.15211824690222575,0.3221649484536082,0.321608040201005,0.09855039609072924,0.15132423385709848,0.33838383838383834,0.33444816053511706,0.12075867806433238,0.17649487911131279,0.3087248322147651,13.0,-3.0,-3.0,20.0,-9.0,-9.0,26.0,-11.0,-11.0,-0.00034860255493247475,-6.204927511711606e-05,-5.3455524462681924e-05,-0.11499790804751253,-0.13132498968554085,-0.1235012311976531,0.9717223650385605,0.2359035413370826,378,-0.5000467300415039
449,1,test,1.798329707051086,0.8430950939238057,1.1589751495685823,3.523043578141016,1.6516775231840635,2.2705068719618424,6.039551215104013,3.4402708784269405,4.144294010243946,11.831869339531252,6.739711954813011,8.118938558080242,1.9121301507207067,0.8807237108778936,1.221570873865912,3.213664118858331,1.480207917441838,2.053060292211617,6.767489227599441,3.9624810906524686,4.772658343537694,11.373931474957043,6.659632085130199,8.021274526954109,1.8372576866721553,0.8691644999234812,1.1873810547667931,3.5559826193654613,1.6822538708196408,2.2981568801937926,6.279294834479663,3.646375649923949,4.363990307511678,12.153473873186444,7.05750125791732,8.446432853248407,0.4974874371859297,-0.002512562814070307,-0.002512562814070307,0.36180904522613067,-0.0031909547738693256,-0.0031909547738693256,0.2562814070351759,-0.00371859296482413,-0.00371859296482413,0.35029940119760483,0.09618878834259736,0.1590643414366486,0.3153153153153153,0.36180904522613067,0.11368874447425092,0.16982240081878508,0.31313131313131315,0.35451505016722407,0.09741989156956132,0.16207901012273018,0.31543624161073824,18.0,-6.0,-6.0,28.0,-9.0,-9.0,33.0,-8.0,-8.0,0.00047148039991180065,0.00013626211769194316,0.00028106275800417657,-0.045728008297118095,-0.04430053717678906,-0.0510670026232134,0.029940119760479042,0.5721546972730216,10,-0.6197091341018677
4,1,test,1.9825941500138156,0.912192463829756,1.2125205217311033,3.384242107232885,1.5570913219791649,2.0697443324433253,7.261556138496585,4.345005335620812,5.10163085897702,12.395307455015102,7.416823061269013,8.708365233695659,2.229081132419515,0.9769174009432291,1.379718359388137,3.074594665406228,1.347472277163075,1.9030598060526032,9.291324658858523,5.793421360152052,6.9531682180881065,12.815620219115203,7.990926014002829,9.59057685253532,2.0309912221149182,0.9300854521227171,1.2931360584044895,3.258274687884896,1.4921156985925945,2.074549826317363,7.621637351300832,4.614749011208301,5.530192457813581,12.227225697274063,7.4033406596924625,8.871966509861362,0.4974874371859297,-0.002512562814070307,-0.002512562814070307,0.4120603015075377,-0.0029396984924623393,-0.0029396984924623393,0.29648241206030146,-0.0035175879396985854,-0.0035175879396985854,0.35519125683060104,0.10553232095065557,0.15773280130762934,0.29315068493150687,0.3869346733668342,0.1363081069507941,0.2032952743685036,0.31313131313131315,0.36789297658862874,0.11580616523637499,0.18101867180553644,0.30201342281879195,16.0,-7.0,-7.0,24.0,-12.0,-12.0,30.0,-16.0,-16.0,0.0007639506167883343,-0.00013293831533536292,0.0003018687728300316,-0.08523108655707379,-0.0847520861427471,-0.0891928028780411,0.9371584699453552,-0.27303129883868993,343,-0.5079175233840942
361,1,test,2.054992624478599,0.9328669085037733,1.269936004630996,3.754934167241,1.7045578589938057,2.3204589822838617,7.806780293348434,4.735404151075915,5.614249215354067,14.264745143343474,8.652649469766988,10.258497257374708,2.049437717825456,0.8994756169739055,1.2603541464946946,3.830724706215806,1.681262835465244,2.355802142980738,7.763534581705594,4.605461362569644,5.562156486135067,14.511279591973071,8.608338995457277,10.396554179691712,2.109429777236852,0.9120699371033933,1.2844367062670892,3.8823860930739613,1.6786563259571659,2.3639939379148887,8.243539290409705,4.932176445956731,5.961674336246444,15.172158203208047,9.07762536065656,10.972406753827812,0.46733668341708545,-0.002663316582914521,-0.002663316582914521,0.3919597989949749,-0.0030402010050251116,-0.0030402010050251116,0.27638190954773867,-0.0036180904522613577,-0.0036180904522613577,0.35344827586206895,0.11528471775589966,0.15794485455219598,0.3659942363112392,0.3919597989949749,0.14885202957141597,0.20331205275123532,0.40909090909090906,0.3612040133779264,0.12581169284370275,0.17099266743799313,0.3791946308724832,18.0,-9.0,-9.0,30.0,-15.0,-15.0,36.0,-19.0,-19.0,-0.0005276036357581976,5.715633219970428e-05,-0.00010468951534418594,-0.061921659611094526,-0.061362044463016296,-0.0672063962977365,0.9540229885057471,-0.286829313673338,332,-0.6298558712005615
77,1,test,2.2446013679663714,1.029639027552709,1.426754534749898,3.910406156771603,1.7937736517742162,2.4856038121114574,9.436653054385534,6.066485911554304,7.171036722297738,16.43995532116222,10.56865784591536,12.49293818916021,2.228232159232943,0.9786848527128251,1.3713191361101313,3.5368764432268938,1.5534680201790876,2.176697041444653,9.283439920794596,5.794676661245699,6.927563001301882,14.735618921896183,9.19789946229476,10.996131748098225,2.2446013679663714,1.029639027552709,1.426754534749898,3.910406156771603,1.7937736517742162,2.4856038121114574,9.436653054385534,6.066485911554304,7.171036722297738,16.43995532116222,10.56865784591536,12.49293818916021,0.592964824120603,-0.0020351758793969443,-0.0020351758793969443,0.42211055276381915,-0.0028894472361808976,-0.0028894472361808976,0.31155778894472363,-0.003442211055276312,-0.003442211055276312,0.39855072463768115,0.11283643892339545,0.18168325475816305,0.4509090909090909,0.3919597989949749,0.10624551328068921,0.17493141836058423,0.46464646464646464,0.39855072463768115,0.11283643892339545,0.18168325475816305,0.4509090909090909,14.0,-4.0,-4.0,23.0,-10.0,-10.0,31.0,-14.0,-14.0,8.288485193809359e-05,-0.0003148855666451368,-0.00019685076971792749,-0.018579900595366183,-0.013540140490053254,-0.014586519879107307,0.9601449275362319,0.16432109715573992,265,-0.42000317573547363
213,1,test,1.5520976854086095,0.6902559885178591,0.8992917717177098,3.079816873140644,1.369670259938579,1.784458541785403,4.7213637380014015,2.353846808391913,2.8004405190204125,9.368569930379744,4.6707222009452085,5.556895061302285,1.554048103285735,0.5958670482019794,0.8915874894747303,2.5686745508855124,0.9849042119040983,1.4736983297102981,4.730581356422203,2.123631097162535,2.791022383257145,7.819142737887939,3.510134044896752,4.613260137615116,1.4478933644887397,0.6053534746335871,0.874150257084466,2.6979379462523103,1.12798784093215,1.6288514107163965,4.254143139769443,1.9318853681850472,2.479244871907512,7.926974794601447,3.599786400344809,4.61971094144257,0.3869346733668342,-0.0030653266331658324,-0.0030653266331658324,0.26633165829145733,-0.0036683417085426884,-0.0036683417085426884,0.2160804020100503,-0.003919597989949675,-0.003919597989949675,0.3412698412698413,0.10877314377974878,0.15358655681236322,0.3448275862068966,0.3266331658291457,0.11610685003967203,0.1580188085670422,0.3282828282828283,0.3277591973244147,0.11073081669002405,0.160907139482368,0.31543624161073824,16.0,-7.0,-7.0,24.0,-15.0,-15.0,31.0,-19.0,-19.0,-0.00013100757561302606,4.377646275348999e-05,-7.644636194309602e-06,-0.16840738973085578,-0.1672049156264377,-0.170138291134176,0.9629629629629629,0.18805768304049617,364,-0.4906812906265259
110,1,test,2.2926747490181048,1.1085033966070794,1.497469791252548,3.569607520623125,1.7258976934515289,2.3315035990387774,9.90138601660112,6.633408319274453,7.686491106403435,15.416082025847311,10.327964851528579,11.967574760602815,2.3210399799579533,1.0857206320825477,1.4934263765891123,3.570830738396851,1.6703394339731503,2.2975790409063266,10.186262308110974,6.7467855731835655,7.898409811056404,15.67117278170919,10.379670112590102,12.151399709317545,2.2926747490181048,1.1085033966070794,1.497469791252548,3.569607520623125,1.7258976934515289,2.3315035990387774,9.90138601660112,6.633408319274453,7.686491106403435,15.416082025847311,10.327964851528579,11.967574760602815,0.6281407035175879,-0.0018592964824121205,-0.0018592964824121205,0.4623115577889447,-0.002688442211055242,-0.002688442211055242,0.31658291457286436,-0.003417085427135591,-0.003417085427135591,0.4,0.09653767820773929,0.17476255088195392,0.3811475409836066,0.37688442211055273,0.07112001108298383,0.15150879606714707,0.3737373737373737,0.4,0.09653767820773929,0.17476255088195392,0.3811475409836066,22.0,-12.0,-12.0,33.0,-16.0,-16.0,40.0,-15.0,-15.0,0.0002013577917964549,-6.837111177162345e-05,4.649672489497129e-05,-1.0066742095027337e-05,-8.484196204427974e-05,-0.00010243434826673337,0.04081632653061224,0.5743945626298228,10,-0.14927911758422852
262,1,test,1.728876698001881,0.777994673269719,1.0821177556119397,3.1375910445219324,1.4119162588968974,1.9638433342587054,5.63432130799952,3.046329982718983,3.724978807171672,10.225249781184315,5.52852478345297,6.760146724126368,1.8352057748945427,0.7655912000091478,1.0885749250553096,2.867509023272723,1.1962362500142933,1.7008983203989212,6.266423485406136,3.3521674293913692,4.156543958005598,9.791286695947088,5.237761608424014,6.494599934383746,1.6851455805551994,0.7511722726785913,1.0502169499872425,2.939207407945115,1.3101841965324268,1.8317737499777484,5.393236025495886,2.848636429705195,3.5063485549298874,9.406807021213755,4.968551912276503,6.1157242237149205,0.4522613065326633,-0.0027386934673366836,-0.0027386934673366836,0.29648241206030146,-0.0035175879396985854,-0.0035175879396985854,0.22613065326633164,-0.003869346733668344,-0.003869346733668344,0.33333333333333337,0.08625730994152048,0.1485826001955035,0.3196480938416423,0.321608040201005,0.0879396984924623,0.13232830820770514,0.31313131313131315,0.3311036789297659,0.08026755852842804,0.1482720178372352,0.30536912751677847,15.0,-4.0,-4.0,21.0,-7.0,-7.0,30.0,-11.0,-11.0,0.00042025386115587533,-0.00016587962817934178,0.00036146317774628115,-0.059615079821251804,-0.06487427525242939,-0.06986386832285696,0.038011695906432746,-0.33871782234091846,13,-0.3817840814590454
2,1,test,2.044562753864834,0.9478173813602255,1.3100850680949365,3.5259525336112105,1.634559316357754,2.2593083809062375,7.72577973194985,4.731375255628346,5.641386731943234,13.323500376057225,8.159497446832116,9.728858555686532,2.0098172903477396,0.8591835608226515,1.222283029838132,3.1159957989887435,1.3320675361591494,1.8950124493614446,7.461953851767649,4.301758867665258,5.263983734411578,11.568920700414958,6.6693935932794695,8.161215092110973,2.044562753864834,0.9478173813602255,1.3100850680949365,3.5259525336112105,1.634559316357754,2.2593083809062375,7.72577973194985,4.731375255628346,5.641386731943234,13.323500376057225,8.159497446832116,9.728858555686532,0.5376884422110553,-0.0023115577889447625,-0.0023115577889447625,0.40201005025125625,-0.002989949748743781,-0.002989949748743781,0.2613065326633166,-0.003693467336683409,-0.003693467336683409,0.39372822299651566,0.13633691864868958,0.19674096923058282,0.38111888111888115,0.40201005025125625,0.13133335852193295,0.19332891502588057,0.3787878787878788,0.39372822299651566,0.13633691864868958,0.19674096923058282,0.38111888111888115,17.0,-8.0,-8.0,27.0,-13.0,-13.0,35.0,-18.0,-18.0,0.00017608473992148036,0.0001691380916803645,-6.324867251822691e-05,-0.005975758088319516,-0.005094365037288995,-0.004812306207467643,0.9581881533101045,0.3972971295963322,275,-0.5668809413909912
436,1,test,2.0135882806571535,0.9048155589665745,1.254649313097244,3.323503237428742,1.4934321322727866,2.0708459092519025,7.490145930050492,4.459509253596299,5.354137286790255,12.362767744760758,7.360587854054107,8.83720509163768,1.8218960766854173,0.7375609972473718,1.045294454404642,2.9867148798121597,1.2091163889301177,1.7135974662371185,6.183571868056377,3.2260991876363976,4.009500486677789,10.137003062387503,5.288687192846553,6.5729516175045735,2.010275883976687,0.9108502259135847,1.2599487579393822,3.295534236027356,1.4931970916616142,2.0654897671137413,7.465376641038259,4.462935540229517,5.347683985315209,12.238322362357803,7.316287770868062,8.766695057893784,0.4974874371859297,-0.002512562814070307,-0.002512562814070307,0.3417085427135679,-0.003291457286432098,-0.003291457286432098,0.2160804020100503,-0.003919597989949675,-0.003919597989949675,0.36274509803921573,0.08868310782714395,0.14535379369138968,0.4098360655737705,0.35678391959798994,0.10615735318194985,0.15144168253622037,0.40909090909090906,0.3612040133779264,0.08908381304403656,0.1442963381832657,0.40604026845637586,16.0,-5.0,-5.0,21.0,-7.0,-7.0,26.0,-6.0,-6.0,-0.0008827731298598363,-8.087324430786628e-05,-0.00011126766825516704,-0.007883667557148755,-0.00930785276876911,-0.009477977183000696,0.032679738562091505,-0.3645057221857071,10,-0.6707420349121094
233,1,test,1.788591717345397,0.7880927490546874,1.111014187489262,3.270917729665897,1.441238109572613,2.031786219586527,5.981023560897891,3.261385057560508,4.011921701501191,10.93789925177902,5.964313769648327,7.336870508909714,1.6825432896890948,0.6851612012780087,1.009448369797585,2.9009367063605085,1.181312415996567,1.7404282237889397,5.379219502093299,2.668044588438684,3.4189246044784722,9.274516382919483,4.600076876618422,5.8946975939284005,1.788591717345397,0.7880927490546874,1.111014187489262,3.270917729665897,1.441238109572613,2.031786219586527,5.981023560897891,3.261385057560508,4.011921701501191,10.93789925177902,5.964313769648327,7.336870508909714,0.4623115577889447,-0.002688442211055242,-0.002688442211055242,0.2864321608040201,-0.003567839195979916,-0.003567839195979916,0.20603015075376885,-0.003969849246231116,-0.003969849246231116,0.37593984962406013,0.11702802973663051,0.16093984962406016,0.3735849056603774,0.3467336683417085,0.0961071019256684,0.13137473678912082,0.33333333333333337,0.37593984962406013,0.11702802973663051,0.16093984962406016,0.3735849056603774,18.0,-9.0,-9.0,28.0,-18.0,-18.0,35.0,-19.0,-19.0,-0.0005522652978817087,-0.00022006648096931637,1.945469281036493e-05,-0.023668107624708057,-0.026154937153989977,-0.02672992145467301,0.9586466165413534,0.45579985096308484,255,-0.4472576379776001
428,1,test,1.4460229988139892,0.6437040590313617,0.9021195608784244,2.3353610872864428,1.0395971657595702,1.456944267334169,4.24619377289423,2.015485960473871,2.52347549414855,6.8577026191343435,3.255057138042308,4.075472159563855,1.6026593669485067,0.6568845285691024,0.9572946443812888,2.3396487108737323,0.9589555161592735,1.397510429753706,4.966221885154195,2.3914142194917885,3.0595395726148302,7.249958956429482,3.4911156488931216,4.466481127904862,1.511626177559807,0.6565717039944912,0.9363044908126106,2.3375662539584647,1.0153170680327186,1.4478935424937278,4.5340980509614415,2.182595579151876,2.756395752748163,7.011491831383673,3.37514780281218,4.262467658888912,0.44723618090452266,-0.0027638190954772934,-0.0027638190954772934,0.29145728643216084,-0.0035427135678391952,-0.0035427135678391952,0.20100502512562812,-0.003994974874371837,-0.003994974874371837,0.34693877551020413,0.10676410302112116,0.16609811079857173,0.3128654970760234,0.36180904522613067,0.10616994748176978,0.1598057063279671,0.3232323232323232,0.3511705685618729,0.11076990078224014,0.1665209578833412,0.3221476510067114,11.0,0.0,0.0,17.0,0.0,0.0,23.0,0.0,0.0,0.00040630082959952114,0.00024523990557842525,0.00017460424922009099,-0.07336474365655121,-0.07935400544870674,-0.08143504898255483,0.043731778425655975,-0.2734670075127457,15,-0.6853563785552979
8,1,test,1.4867149327864235,0.658385963221171,0.9237889219913027,2.6309842911669854,1.1651212270487015,1.634795002400339,4.4225432776231095,2.1330535426872745,2.6667407891520805,7.826410856467862,3.774785763744334,4.71923229540958,1.2339591538889911,0.43842108704854155,0.6641548357890829,2.203498489087484,0.7828947983009671,1.1859907781947907,3.4348015596496024,1.2191687249595478,1.6668804922198537,6.133574213660004,2.177087008856335,2.9765723075354527,1.4634002091690541,0.6218352858973059,0.883401150687198,2.5824709573571543,1.0973563868775984,1.5589432070950553,4.320625611159629,2.000630859936703,2.534588861996353,7.62463343145817,3.5305250469471234,4.472803874111211,0.371859296482412,-0.003140703517587995,-0.003140703517587995,0.22613065326633164,-0.003869346733668344,-0.003869346733668344,0.1306532663316583,-0.004346733668341707,-0.004346733668341707,0.3471337579617835,0.1118396403147246,0.16704901219907164,0.38338658146964855,0.3467336683417085,0.09861336758982875,0.1597553711797719,0.3484848484848485,0.3411371237458194,0.10908370137520174,0.16204924832868928,0.37583892617449666,13.0,-4.0,-4.0,21.0,-9.0,-9.0,31.0,-18.0,-18.0,-0.0009515324223005606,-6.43541579472338e-05,-0.00028961701687314187,-0.10194136871721415,-0.1043565040032437,-0.0969584969842403,0.9617834394904459,0.2996116798299795,302,-0.5482498407363892
70,1,test,2.468526049737894,1.1098350190957684,1.5546068717635597,4.252235195354953,1.9117803232165822,2.6779357081346484,11.805033989009862,7.913937348444646,9.310955848978853,20.33512306493957,13.632395303449808,16.03887233340228,2.2629842847516572,0.9859405310500626,1.39342746860952,3.6499746528252537,1.590226662983972,2.2474636590476127,9.611730549402692,6.025707675961851,7.225877301864593,15.502791208714019,9.718883348325566,11.654640809459021,2.468526049737894,1.1098350190957684,1.5546068717635597,4.252235195354953,1.9117803232165822,2.6779357081346484,11.805033989009862,7.913937348444646,9.310955848978853,20.33512306493957,13.632395303449808,16.03887233340228,0.5879396984924623,-0.002060301507537776,-0.002060301507537776,0.4321608040201005,-0.002839195979899567,-0.002839195979899567,0.29145728643216084,-0.0035427135678391952,-0.0035427135678391952,0.4022556390977443,0.11707740269999567,0.17475563909774428,0.4528301886792453,0.40201005025125625,0.12632082719361215,0.18164277145325958,0.4444444444444444,0.4022556390977443,0.11707740269999567,0.17475563909774428,0.4528301886792453,15.0,-5.0,-5.0,25.0,-10.0,-10.0,32.0,-10.0,-10.0,-0.00025500817773357784,-0.00047540504186511937,-0.00010356780659575542,-0.005830229729249403,-0.005013021011245122,-0.004738710511125177,0.9586466165413534,0.21056221157685084,255,-0.38806891441345215
47,1,test,2.242130462791094,1.0406165936196559,1.427168182932689,3.681680134924012,1.7087397474777304,2.3434750276565177,9.413364762944717,6.08821781111093,7.154274305414097,15.457172820971723,9.997130383017378,11.747643603776558,2.1157767113800148,0.9469958384875725,1.2950195151954822,3.181619114857165,1.4240538924625152,1.9473977672112512,8.29602688283989,5.077959869473135,6.023807180438137,12.475228395247953,7.636029878906969,9.058356662312987,2.242130462791094,1.0406165936196559,1.427168182932689,3.681680134924012,1.7087397474777304,2.3434750276565177,9.413364762944717,6.08821781111093,7.154274305414097,15.457172820971723,9.997130383017378,11.747643603776558,0.5276381909547738,-0.002361809045226204,-0.002361809045226204,0.3467336683417085,-0.003266331658291488,-0.003266331658291488,0.2613065326633166,-0.003693467336683409,-0.003693467336683409,0.36458333333333337,0.09595248411322943,0.14980273287143964,0.38327526132404177,0.33668341708542715,0.08605685066938706,0.12633283277824847,0.3535353535353535,0.36458333333333337,0.09595248411322943,0.14980273287143964,0.38327526132404177,15.0,-5.0,-5.0,26.0,-15.0,-15.0,33.0,-17.0,-17.0,-0.0002494600150045042,-2.4937586055940365e-05,-0.00015393056928274674,-0.0153337460933054,-0.014586184863500051,-0.013818066367939252,0.034722222222222224,-0.41800423855180474,10,-0.6221952438354492
182,1,test,2.1092722570478837,0.969750963483601,1.343432676234308,4.261885724857025,1.9594283166278244,2.7144701334871293,8.242240868809402,5.116968949554932,6.091441482088019,16.65384285136146,10.339081096703456,12.308049569972365,1.9165683533227074,0.77164137468993,1.1414979100682285,3.6506063872813472,1.4697930946474855,2.1742817334632925,6.797591466403767,3.65537956655116,4.6268464302611,12.947793269340508,6.962627745811734,8.813040819544952,2.1092722570478837,0.969750963483601,1.343432676234308,4.261885724857025,1.9594283166278244,2.7144701334871293,8.242240868809402,5.116968949554932,6.091441482088019,16.65384285136146,10.339081096703456,12.308049569972365,0.49246231155778897,-0.002537688442211028,-0.002537688442211028,0.36180904522613067,-0.0031909547738693256,-0.0031909547738693256,0.23115577889447236,-0.003844221105527623,-0.003844221105527623,0.3843537414965986,0.1110090895441368,0.18525871887216427,0.3890784982935154,0.3668341708542714,0.1061825417815897,0.1781864246105318,0.3484848484848485,0.3843537414965986,0.1110090895441368,0.18525871887216427,0.3890784982935154,18.0,-9.0,-9.0,26.0,-16.0,-16.0,35.0,-25.0,-25.0,-0.000647425101075014,0.0002111041471347392,-0.0001760289260426065,-0.0401908690114281,-0.044602442115784235,-0.038827863046386746,0.9523809523809523,-0.33069907525245384,280,-0.35420989990234375
464,1,test,2.241353408804752,1.0294002457418883,1.4176765810096952,4.104296501837273,1.885005644800081,2.5960051678229483,9.406052911550333,6.046011955965884,7.127189470764499,17.224070915955803,11.071268646638828,13.051087212698627,2.3602815351735003,1.0621059460555395,1.4670735446303877,3.6879398987085943,1.659540540711781,2.2923024134849808,10.593933597558149,6.931325131839449,8.15097952975882,16.553021246184606,10.830195518499139,12.735905515248156,2.241353408804752,1.0294002457418883,1.4176765810096952,4.104296501837273,1.885005644800081,2.5960051678229483,9.406052911550333,6.046011955965884,7.127189470764499,17.224070915955803,11.071268646638828,13.051087212698627,0.5728643216080402,-0.0021356783919597166,-0.0021356783919597166,0.39698492462311563,-0.0030150753768843908,-0.0030150753768843908,0.31658291457286436,-0.003417085427135591,-0.003417085427135591,0.3629893238434164,0.09300708583275918,0.15470530017477735,0.3642857142857143,0.36180904522613067,0.09865115048928852,0.1547973590825581,0.3737373737373737,0.3629893238434164,0.09300708583275918,0.15470530017477735,0.3642857142857143,18.0,-8.0,-8.0,25.0,-6.0,-6.0,33.0,-10.0,-10.0,0.0003858469934810812,-0.0001122229743208758,5.465284641518715e-05,-0.010694176949605172,-0.008001613149422937,-0.009640936885176643,0.042704626334519574,-0.5308713030264782,12,-0.43712306022644043
437,1,test,1.6832240016537565,0.7603099326587991,1.0567177903054248,3.0801854179922485,1.3913154550014761,1.9337216706949611,5.382882447732936,2.8662691479217255,3.5118203967545245,9.850308696871835,5.245077556400981,6.426392426714063,1.720659635885218,0.7422393323807488,1.0544333885894404,2.916372264212234,1.2580327667470317,1.7871752348973564,5.588213434888921,2.9279629024005507,3.6413370247627657,9.471548194726985,4.962648987119578,6.171757669089434,1.6832240016537565,0.7603099326587991,1.0567177903054248,3.0801854179922485,1.3913154550014761,1.9337216706949611,5.382882447732936,2.8662691479217255,3.5118203967545245,9.850308696871835,5.245077556400981,6.426392426714063,0.49246231155778897,-0.002537688442211028,-0.002537688442211028,0.33668341708542715,-0.0033165829145728187,-0.0033165829145728187,0.20100502512562812,-0.003994974874371837,-0.003994974874371837,0.3619402985074627,0.09614104200188645,0.16515812028964094,0.37453183520599254,0.37688442211055273,0.11438442211055277,0.17888109432353105,0.3939393939393939,0.3619402985074627,0.09614104200188645,0.16515812028964094,0.37453183520599254,15.0,-3.0,-3.0,24.0,-8.0,-8.0,32.0,-11.0,-11.0,0.0001208325707354287,4.9039407577383494e-05,-4.423749603594057e-05,-0.024082841903595664,-0.02118658915212812,-0.022731928478879837,0.03731343283582089,0.3848257270112511,10,-0.7382626533508301
276,1,test,2.0626772883096494,0.9709194694072814,1.3291953804722643,3.7128191189573685,1.747655044933106,2.3925516848500754,7.867003878137289,4.88749697254967,5.7846854376110635,14.160606980647119,8.797494550589406,10.412433787699914,2.1975734374083737,1.0209206193249714,1.4016240930811201,3.7565357904416645,1.7451634518375578,2.3959386206514877,9.003140288378155,5.759640857896391,6.786596026372248,15.38998339893702,9.845539928028021,11.60101884849957,2.165830088387703,1.0177553307381992,1.3967737503347708,3.7557747197474622,1.7648936371182649,2.4221510121412213,8.721838809920778,5.5697203377133615,6.5641096840329105,15.124575970960887,9.658474574069416,11.38284916306285,0.5979899497487438,-0.0020100502512562235,-0.0020100502512562235,0.40201005025125625,-0.002989949748743781,-0.002989949748743781,0.29145728643216084,-0.0035427135678391952,-0.0035427135678391952,0.35843373493975905,0.09036144578313254,0.16164658634538154,0.3323262839879154,0.3517587939698492,0.055276381909547756,0.13232830820770514,0.33333333333333337,0.3612040133779264,0.0735785953177257,0.15161649944258637,0.3489932885906041,16.0,-4.0,-4.0,27.0,-10.0,-10.0,35.0,-8.0,-8.0,0.00034446717098875494,0.00021316146942233506,0.0002572882720627542,-0.019321431189664118,-0.02251305589179431,-0.02588214872027983,0.963855421686747,0.16379309465422745,320,-0.4788956642150879
487,1,test,2.891455176756237,1.4252784173256023,1.9138204264657448,4.833477310398486,2.382554966275634,3.1992222054352752,18.01951210746531,13.686873392359022,15.361350522735485,30.122169493076342,22.87954955140613,25.678675500692155,2.831923169357674,1.3707284414786158,1.8563067413228467,4.6047531209067865,2.22882673411157,3.018384945240401,16.978081172723385,12.666974120150506,14.325279204143474,27.606636053208756,20.596705886423585,23.293136917306462,2.891455176756237,1.4252784173256023,1.9138204264657448,4.833477310398486,2.382554966275634,3.1992222054352752,18.01951210746531,13.686873392359022,15.361350522735485,30.122169493076342,22.87954955140613,25.678675500692155,0.6884422110552764,-0.006557788944723697,-0.0015577889447235815,0.4824120603015075,-0.007587939698492474,-0.0025879396984924696,0.3467336683417085,-0.003266331658291488,-0.003266331658291488,0.3721973094170403,0.06570961366759964,0.12927629600422363,0.34684684684684686,0.3668341708542714,0.06608229115502329,0.12977240123824463,0.33838383838383834,0.3721973094170403,0.06570961366759964,0.12927629600422363,0.34684684684684686,16.0,0.0,0.0,27.0,1.0,0.0,34.0,1.0,0.0,-0.00035290524062437143,6.910576609039541e-05,8.837031037508349e-05,-0.006870902024009418,-0.006956573890842144,-0.006983095820904062,0.9461883408071748,0.30845245198436866,211,-0.26773667335510254
456,1,test,1.8594358186409163,0.8626746032698953,1.1888654493239073,3.540722097771326,1.6426977475438727,2.2638276220658833,6.420113641034452,3.7106215003423864,4.464761365454849,12.225126573945843,7.065734353945383,8.501761162961929,2.0328673658008465,0.9134711908771496,1.2792918550235883,3.1274882550782253,1.405340293657153,1.968141315420905,7.635950060244873,4.572945934157316,5.511367138957144,11.747615477299805,7.0353014371651,8.479026367626377,1.9159649863201942,0.8773680172876654,1.2191992010200747,3.5263159257426886,1.6147877618791389,2.243924909852898,6.793491261105054,3.968240942489147,4.786240941515777,12.503358149273106,7.30351093709659,8.809032407697748,0.4723618090452262,-0.0026381909547738003,-0.0026381909547738003,0.31658291457286436,-0.003417085427135591,-0.003417085427135591,0.2613065326633166,-0.003693467336683409,-0.003693467336683409,0.33438485804416407,0.09186517300479402,0.15809944356357641,0.3512658227848101,0.3015075376884422,0.058399768264883245,0.1228764859355207,0.38383838383838387,0.33444816053511706,0.0873696964282723,0.15313559101342633,0.36241610738255037,20.0,-5.0,-5.0,26.0,-6.0,-6.0,33.0,-7.0,-7.0,5.25862058013135e-08,-6.43936458708031e-06,0.0001077571041006106,-0.10933330460600921,-0.11110394203377094,-0.11170665918639244,0.031545741324921134,0.3358681835445472,10,-0.4776880741119385
91,1,test,2.1341567951205276,0.9875605574994792,1.3642085934015586,3.7217612402711637,1.7222092649076282,2.3790466933710106,8.449918489592847,5.302457044076673,6.290264105089963,14.735833463558256,9.246967771987368,10.969606914973959,2.048241333872357,0.871170765164347,1.225642037612666,3.277186134195771,1.393873224262955,1.9610272601802654,7.754251967405316,4.509397279950539,5.477842751351988,12.406803147848505,7.215035647920863,8.764548402163179,2.1341567951205276,0.9875605574994792,1.3642085934015586,3.7217612402711637,1.7222092649076282,2.3790466933710106,8.449918489592847,5.302457044076673,6.290264105089963,14.735833463558256,9.246967771987368,10.969606914973959,0.542713567839196,-0.0022864321608039306,-0.0022864321608039306,0.39698492462311563,-0.0030150753768843908,-0.0030150753768843908,0.2814070351758794,-0.003592964824120637,-0.003592964824120637,0.4,0.11628721541155873,0.18063010501750298,0.397887323943662,0.3919597989949749,0.11376431027317035,0.18160921468779623,0.38383838383838387,0.4,0.11628721541155873,0.18063010501750298,0.397887323943662,20.0,-3.0,-3.0,31.0,-6.0,-6.0,38.0,-3.0,-3.0,3.698295480338499e-05,-3.352953198349624e-05,-6.83495598440088e-05,-0.010637427286161127,-0.01033111115562324,-0.009619352211266197,0.9578947368421052,0.21081271185102846,273,-0.3727912902832031
476,1,test,1.913208810260223,0.8615364090110933,1.1806594581053926,3.5911031679215952,1.6171084468603945,2.2161041165507642,6.774792982837832,3.9123587269272275,4.694415515032972,12.716322657626092,7.343518252146828,8.811443025543173,2.038158563203889,0.8951824388467231,1.2616248810619863,3.287352521296595,1.4438426433011662,2.0348788404225586,7.676460459118746,4.540372581306304,5.5025367794342355,12.381387837288301,7.323181582752103,8.875059321668122,1.7748140220667024,0.8008439704271731,1.1087968523398355,3.2074952206024743,1.4473083802900721,2.003849733144281,5.899183916259931,3.250745864911608,3.9527145117712172,10.661175752276984,5.874841924539051,7.14345996103232,0.5226130653266332,-0.002386934673366814,-0.002386934673366814,0.3869346733668342,-0.0030653266331658324,-0.0030653266331658324,0.2814070351758794,-0.003592964824120637,-0.003592964824120637,0.36,0.1146362339514978,0.1674291300097751,0.35243553008595985,0.3869346733668342,0.1262830442941525,0.1899396817140796,0.36868686868686873,0.3612040133779264,0.11746444743468765,0.1765544026993947,0.33221476510067116,21.0,-11.0,-11.0,31.0,-12.0,-12.0,39.0,-13.0,-13.0,0.0008991509187432616,-9.079179658030265e-05,0.0004268521457059126,-0.05237526985909913,-0.05023214243230889,-0.054643350669143054,0.03428571428571429,-0.5309839571269153,12,-0.39771711826324463
25,1,test,1.708024555197572,0.7744425390364318,1.0736927250939183,2.9866029365168973,1.3541680968294179,1.877428422164223,5.518050100370312,2.974445990545229,3.6322883891625675,9.648704746933232,5.201031274896231,6.351315697621405,1.7999934223081884,0.7666293200728915,1.0958213523788085,2.812489722356544,1.1978583126138929,1.712220863091888,6.049607671827228,3.23910289741518,4.027435896983768,9.452511987230043,5.061098277211219,6.292868589037136,1.7290473524938772,0.7677404642529955,1.0813976357950406,2.9983480101049893,1.3313418455254256,1.87525601582955,5.635282912288792,3.020171012151417,3.7242388604778864,9.77216689992276,5.237290772516908,6.458217677129282,0.542713567839196,-0.0022864321608039306,-0.0022864321608039306,0.37688442211055273,-0.003115577889447274,-0.003115577889447274,0.2160804020100503,-0.003919597989949675,-0.003919597989949675,0.36721311475409835,0.11025730460679883,0.16328726960687912,0.3355263157894737,0.40201005025125625,0.11880203020113089,0.17663442420785058,0.3737373737373737,0.3712374581939799,0.11414229959631716,0.16322855941756165,0.3389261744966443,10.0,0.0,0.0,15.0,-5.0,-5.0,22.0,-7.0,-7.0,0.0004920603318035482,0.00019406453588407646,6.120457679672141e-05,-0.028335189030393337,-0.029729197043115718,-0.029117942212553594,0.04590163934426229,-0.30561843509504444,14,-0.6622376441955566
427,1,test,1.8872820639972394,0.8293900343676333,1.1688919992421245,3.5871744195124835,1.5764292851810335,2.221723799977939,6.6014020876750035,3.7211090745828974,4.550273720459421,12.547345812034758,7.072746326157564,8.648747213355495,2.0079091835750673,0.8713278929318675,1.2304496687957345,3.5226476904825748,1.5286454261962592,2.1586836294662017,7.447729222457323,4.331632118174599,5.271791921284464,13.066191618346181,7.599354593288771,9.248757756639412,1.8872820639972394,0.8293900343676333,1.1688919992421245,3.5871744195124835,1.5764292851810335,2.221723799977939,6.6014020876750035,3.7211090745828974,4.550273720459421,12.547345812034758,7.072746326157564,8.648747213355495,0.5979899497487438,-0.0020100502512562235,-0.0020100502512562235,0.3919597989949749,-0.0030402010050251116,-0.0030402010050251116,0.27638190954773867,-0.0036180904522613577,-0.0036180904522613577,0.3595505617977528,0.08104588890055653,0.1428631396308786,0.3458646616541353,0.3919597989949749,0.09371418495988715,0.16324527478796325,0.38383838383838387,0.3595505617977528,0.08104588890055653,0.1428631396308786,0.3458646616541353,16.0,-7.0,-7.0,28.0,-17.0,-17.0,35.0,-20.0,-20.0,0.00024736199867668923,0.0002527273328761144,2.9364624900072906e-05,-0.008511731753218399,-0.009146569700807738,-0.007418542888786739,0.0449438202247191,-0.23874701803095863,12,-0.5764104127883911
379,1,test,1.8723393024101598,0.8724094941512656,1.129674092059286,2.908264736120699,1.3550950749316788,1.7546986921740548,6.503492253610982,3.785401219390124,4.401963179393068,10.101735918518697,5.879783041593677,6.837475594221201,1.8740670199725216,0.8268241637598213,1.1723286302649591,2.7763955851444764,1.224924687051587,1.7367831559480875,6.5147381634747905,3.6649551487076653,4.497481724481018,9.651463945888578,5.429563183270615,6.6629358881200265,1.7051474201179053,0.7768556444522751,1.0844751400080939,2.5835566971483415,1.1770540067458715,1.6431441515274152,5.502196741918095,2.9720133787704532,3.642018559548429,8.33666173017893,4.503050573894625,5.51820993870974,0.4371859296482412,-0.002814070351758735,-0.002814070351758735,0.31658291457286436,-0.003417085427135591,-0.003417085427135591,0.21105527638190957,-0.0039447236180903955,-0.0039447236180903955,0.328042328042328,0.09290362262621177,0.13253890673245505,0.3129973474801061,0.321608040201005,0.08852533343408764,0.1413075393662805,0.2828282828282829,0.30434782608695654,0.08564999637076287,0.12859699182666728,0.2684563758389261,12.0,0.0,0.0,21.0,0.0,0.0,24.0,1.0,1.0,0.0002269657887452355,-0.00034840890945329927,0.00018711420415964955,-0.07213769815303284,-0.07278660602771758,-0.07466555844886891,0.026455026455026454,0.39732703929189284,10,-0.7138862609863281
151,1,test,1.3354224338635543,0.566907267449897,0.8112192723584698,2.6708448677271086,1.133814534899794,1.6224385447169396,3.801601532491494,1.6450397925052327,2.112489170259618,7.603203064982988,3.2900795850104654,4.224978340519236,1.2579053257212574,0.4696423637333401,0.7207828784280915,2.168802285726306,0.8097282133333452,1.2427291007380892,3.5180446064327153,1.3184722412935836,1.8069685467147099,6.065594149021924,2.273228002230317,3.1154630115770865,1.3354187462976757,0.5424612019434959,0.796344221961148,2.568112973649376,1.0431946191221073,1.5314311960791305,3.8015875138612456,1.5916647988076797,2.0871680396079406,7.310745218963934,3.0608938438609226,4.013784691553733,0.40703517587939697,-0.00296482412060306,-0.00296482412060306,0.21105527638190957,-0.0039447236180903955,-0.0039447236180903955,0.1306532663316583,-0.004346733668341707,-0.004346733668341707,0.3690851735015773,0.13166378985377858,0.18583910020314798,0.370253164556962,0.3467336683417085,0.11423366834170845,0.1670331691736553,0.33838383838383834,0.3712374581939799,0.13290412486064662,0.18810760247810865,0.37248322147651003,16.0,-5.0,-5.0,19.0,-2.0,-2.0,27.0,-8.0,-8.0,-0.00019479940326621456,4.379003424026127e-05,-0.00011507476776298083,-0.1095785341278468,-0.11539316962307744,-0.1048788458908696,0.031545741324921134,0.3863586854227363,10,-0.8565016984939575
186,1,test,1.9427643319033971,0.8467771267967865,1.1978034161166113,3.35126847253336,1.4606905437244568,2.0662108928011547,6.978013880224454,3.98587880335227,4.871654772241042,12.037073943387183,6.875640935782666,8.403604482115796,1.9083214213429247,0.8239701728644351,1.1660807942153963,2.9358791097583454,1.2676464197914383,1.793970452639071,6.741762716324057,3.7842422160220965,4.641125726698952,10.371942640498549,5.821911101572455,7.140193425690695,1.9427643319033971,0.8467771267967865,1.1978034161166113,3.35126847253336,1.4606905437244568,2.0662108928011547,6.978013880224454,3.98587880335227,4.871654772241042,12.037073943387183,6.875640935782666,8.403604482115796,0.542713567839196,-0.0022864321608039306,-0.0022864321608039306,0.38190954773869346,-0.0030904522613065533,-0.0030904522613065533,0.25125628140703515,-0.003743718592964851,-0.003743718592964851,0.4,0.12595281306715067,0.1823458282950423,0.43065693430656937,0.3919597989949749,0.11376431027317035,0.16658417295156924,0.43434343434343436,0.4,0.12595281306715067,0.1823458282950423,0.43065693430656937,17.0,-8.0,-8.0,29.0,-18.0,-18.0,34.0,-19.0,-19.0,-7.292873772639834e-05,-0.00026057934090953025,-6.306238204600896e-05,-0.0282691280213605,-0.024937524746243334,-0.026718692809385658,0.9236363636363636,-0.2148743427041408,254,-0.44780445098876953
143,1,test,1.4690944956140546,0.6700988726459397,0.8444976236545921,2.7982752297410562,1.2763788050398852,1.608566902199223,4.345298672080936,2.121991903623241,2.4778057051947764,8.27675937539226,4.041889340234745,4.719629914656718,2.041924895710734,0.9512319954203463,1.308348980918113,3.0250739195714575,1.4092325858079204,1.9382947865453528,7.705427076397995,4.729091414310851,5.622912874254013,11.415447520589622,7.0060613545345936,8.33024129519113,1.7026863282765352,0.7513952834740534,1.0674221056045008,3.077143966764823,1.3579432833868437,1.9290760944659655,5.488671980074055,2.8996218978880135,3.6011511787071875,9.919286710977207,5.240280538351832,6.5081045398322654,0.44221105527638194,-0.0027889447236180143,-0.0027889447236180143,0.31155778894472363,-0.003442211055276312,-0.003442211055276312,0.24623115577889443,-0.0037688442211055717,-0.0037688442211055717,0.2907268170426065,0.1017405842516178,0.13530159710125755,0.25125628140703515,0.31155778894472363,0.08098134784196676,0.14795177892802913,0.3282828282828283,0.3177257525083612,0.10737516820118254,0.16533420634595852,0.28859060402684567,22.0,0.0,0.0,27.0,0.0,0.0,34.0,0.0,0.0,5.438041760301166e-05,0.001033840384762244,2.6789464576372232e-05,-0.09813406047035134,-0.10670567057235125,-0.10237067384329723,0.9624060150375939,-0.5332007983368463,384,-0.7524616718292236
451,1,test,2.0719245413079124,0.9413290906554286,1.3119722572128785,3.586572826677834,1.6294731155483622,2.2710692176581544,7.940089452931901,4.842589093215107,5.801915259785828,13.744568639213153,8.38268870618615,10.043315380732707,2.0782172560873633,0.8921684964485483,1.2713928224537514,3.435069844772501,1.4746586718157821,2.1014757395929777,7.99021170831508,4.71609292318165,5.749430780422515,13.206961501347239,7.795194914349834,9.503191372599199,2.0719245413079124,0.9413290906554286,1.3119722572128785,3.586572826677834,1.6294731155483622,2.2710692176581544,7.940089452931901,4.842589093215107,5.801915259785828,13.744568639213153,8.38268870618615,10.043315380732707,0.5778894472361809,-0.002110552763819218,-0.002110552763819218,0.37688442211055273,-0.003115577889447274,-0.003115577889447274,0.27638190954773867,-0.0036180904522613577,-0.0036180904522613577,0.372,0.09854690618762474,0.14593617021276595,0.35341365461847385,0.371859296482412,0.09115754209644711,0.13813642502999135,0.3484848484848485,0.372,0.09854690618762474,0.14593617021276595,0.35341365461847385,15.0,-5.0,-5.0,25.0,-12.0,-12.0,32.0,-16.0,-16.0,-6.754696581558906e-05,5.6330079556089226e-05,8.710352418397392e-05,-4.4716351397688925e-05,-0.00011232505964553496,0.0001314175181095223,0.956,0.37919654691533733,239,-0.5055222511291504
432,0,test,2.507120065637742,1.2108103150675502,1.635291368195051,4.396288002421111,2.123181467970563,2.8675179625392087,12.269543649332688,8.613762648220654,9.878263864525433,21.51490400481577,15.104414784555933,17.321744382160794,2.559875886650971,1.2112085217224862,1.6577306635652425,4.196517846968805,1.9855877405286657,2.717591251746299,12.934211907561961,9.081923493701662,10.469326735455345,21.20362607797043,14.888399170002726,17.162830713861222,2.507120065637742,1.2108103150675502,1.635291368195051,4.396288002421111,2.123181467970563,2.8675179625392087,12.269543649332688,8.613762648220654,9.878263864525433,21.51490400481577,15.104414784555933,17.321744382160794,0.6532663316582914,-0.0017336683417086274,-0.0017336683417086274,0.48743718592964824,-0.002562814070351749,-0.002562814070351749,0.3467336683417085,-0.003266331658291488,-0.003266331658291488,0.3911290322580645,0.08931816706691764,0.1605660295770993,0.38056680161943324,0.39698492462311563,0.08620798226722592,0.16827040041610397,0.38888888888888884,0.3911290322580645,0.08931816706691764,0.1605660295770993,0.38056680161943324,15.0,0.0,0.0,22.0,0.0,0.0,28.0,0.0,0.0,7.017657672226256e-05,0.000310270458999816,0.00021692842152170978,-0.0047063855492393,-0.00534582498903724,-0.005700293390816569,0.9516129032258065,-0.20905620459641533,236,-0.40399837493896484
280,0,test,1.9269175851030091,0.8910069589175742,1.1469923990948419,3.904811825896574,1.8055855305049255,2.324328512451452,6.868306608565282,4.050635695934486,4.686997541610491,13.918314450161391,8.208431066364593,9.497989727178933,1.5913580431062664,0.6367276644345016,0.9395165361694835,3.2476694757270743,1.299444213131636,1.9173806860601705,4.910412954746973,2.312702718406733,2.991341394073104,10.021250928055046,4.719801466136189,6.1047783552512325,1.9064501906461988,0.8509438826593538,1.1884954166381612,3.7876493853897992,1.690616985415935,2.3612491721287974,6.729159118776169,3.855729492742024,4.678923394466208,13.36919030220431,7.660389720679518,9.295874293641475,0.3869346733668342,-0.0030653266331658324,-0.0030653266331658324,0.29648241206030146,-0.0035175879396985854,-0.0035175879396985854,0.22613065326633164,-0.003869346733668344,-0.003869346733668344,0.38481675392670156,0.14167949902474075,0.19224588393647668,0.38320209973753283,0.321608040201005,0.10857545874737085,0.16467982651152246,0.297979797979798,0.3712374581939799,0.13751458674155925,0.19771131803825137,0.3691275167785235,19.0,-10.0,-10.0,24.0,-12.0,-12.0,33.0,-20.0,-20.0,0.0007581183085414079,-0.00013301331820702016,0.00020209496511528494,-0.10287530539826051,-0.09126038824247473,-0.09838946776005297,0.9581151832460733,0.21995731291357837,366,-0.6254990100860596
143,0,test,2.051681945517692,0.9081107005835636,1.2729727419659107,3.255662967438254,1.4410139859559543,2.019986686353092,7.7809772863829885,4.643022502681342,5.602319040982691,12.347059765817317,7.36767043838656,8.889907460241993,2.023418630680845,0.8631742709418089,1.241901675720389,2.911393713209849,1.2419773682615955,1.786908885928617,7.564139783138954,4.373426920513976,5.379355811246849,10.883654364228711,6.292700605056082,7.7400803039523005,2.051681945517692,0.9081107005835636,1.2729727419659107,3.255662967438254,1.4410139859559543,2.019986686353092,7.7809772863829885,4.643022502681342,5.602319040982691,12.347059765817317,7.36767043838656,8.889907460241993,0.5628140703517588,-0.0021859296482411583,-0.0021859296482411583,0.3316582914572864,-0.0033417085427135396,-0.0033417085427135396,0.2160804020100503,-0.003919597989949675,-0.003919597989949675,0.3446969696969697,0.045454545454545525,0.11994949494949503,0.33840304182509506,0.3266331658291457,0.042713567839196,0.09882747068676712,0.3232323232323232,0.3446969696969697,0.045454545454545525,0.11994949494949503,0.33840304182509506,22.0,-13.0,-13.0,29.0,-13.0,-13.0,37.0,-15.0,-15.0,-9.21895203021e-05,2.8750677192784244e-05,-1.0246579965404678e-06,-0.000141735257445319,-0.00018927773293242467,8.23537205478786e-05,0.9583333333333334,-0.35328227681297736,253,-0.45226025581359863
134,0,test,3.4170953022914876,1.6554564530921356,2.2389248058433595,5.315481581342314,2.5751544825877666,3.4827719202007814,30.48074894769966,24.65877803506139,27.23232319096245,47.414498363088356,38.35809916565105,42.36139163038603,3.415061171739608,1.6438326133916954,2.2251898665754934,5.213833849984134,2.5096681120483897,3.3972364375198376,30.41881014218624,24.540739662479425,27.132151937959904,46.44093151478815,37.4667781106556,41.42313272970977,3.4170953022914876,1.6554564530921356,2.2389248058433595,5.315481581342314,2.5751544825877666,3.4827719202007814,30.48074894769966,24.65877803506139,27.23232319096245,47.414498363088356,38.35809916565105,42.36139163038603,0.7537688442211055,-0.0012311557788945438,-0.0012311557788945438,0.5527638190954773,-0.0022361809045226,-0.0022361809045226,0.44221105527638194,-0.0027889447236180143,-0.0027889447236180143,0.40506329113924056,0.1040106595602932,0.15401139773110595,0.34745762711864403,0.40201005025125625,0.10125817055200814,0.1515926879808055,0.33333333333333337,0.40506329113924056,0.1040106595602932,0.15401139773110595,0.34745762711864403,22.0,-5.0,-5.0,37.0,-10.0,-10.0,43.0,-9.0,-9.0,0.0005659007633637658,0.00015079076502031057,-9.815418493112614e-05,4.537263278781012e-05,-4.0869005880850295e-05,-6.618974063954397e-05,0.04219409282700422,0.7496563494199582,10,-0.0886538028717041
477,0,test,2.22777197276944,1.0452004005491273,1.4249923416180021,4.129528534889693,1.9374446449203333,2.6414492186089795,9.279168790241908,6.016414959266044,7.047433073230822,17.200410440448415,11.152378948883399,13.063534477208355,2.160389849622483,0.9818524307451426,1.3642736457923315,3.6929741019187743,1.6783802234959704,2.3320917022091137,8.67451875722332,5.424900861518446,6.45760461288537,14.828237191834734,9.273334806014438,11.038640363906616,2.2162410005184316,1.0419912443724162,1.4190101904739447,4.078971166598341,1.9177752963909502,2.6116751971913095,9.172785482647008,5.937071024558822,6.953398974427019,16.882427268675475,10.927124585077586,12.797666824098808,0.5477386934673367,-0.002261306532663321,-0.002261306532663321,0.3919597989949749,-0.0030402010050251116,-0.0030402010050251116,0.27135678391959794,-0.0036432160804020786,-0.0036432160804020786,0.3729372937293729,0.1109933069089446,0.16547296881170004,0.3841059602649006,0.36180904522613067,0.10115741615344898,0.15312791000075499,0.3787878787878788,0.3712374581939799,0.10913395235090817,0.16545325352212226,0.3825503355704698,15.0,-3.0,-3.0,21.0,-4.0,-4.0,29.0,-3.0,-3.0,-0.000271614656354761,2.242704822884713e-05,-9.06498839919979e-05,-0.029860462201361848,-0.03398110172294899,-0.030200009993965438,0.9537953795379538,0.21245218446139433,289,-0.593510627746582
382,0,test,2.584302393738059,1.2417487195623251,1.6839763950725413,4.284501336986782,2.058688666642802,2.7918556023571073,13.254039763014251,9.425231201793476,10.793634693813837,21.973802764997313,15.626041202973393,17.89471015027031,2.6177763452878775,1.2499101241313766,1.704226237633165,4.090275539512309,1.952984568955276,2.66285349630182,13.70521401255248,9.77825153265665,11.212056192895858,21.414396894613247,15.278518019776014,17.518837801399776,2.584302393738059,1.2417487195623251,1.6839763950725413,4.284501336986782,2.058688666642802,2.7918556023571073,13.254039763014251,9.425231201793476,10.793634693813837,21.973802764997313,15.626041202973393,17.89471015027031,0.6683417085427136,-0.0016582914572863539,-0.0016582914572863539,0.46733668341708545,-0.002663316582914521,-0.002663316582914521,0.36180904522613067,-0.0031909547738693256,-0.0031909547738693256,0.3904382470119522,0.09023943985489458,0.1573256642304952,0.38,0.3869346733668342,0.08868905933174642,0.15988959824162552,0.38383838383838387,0.3904382470119522,0.09023943985489458,0.1573256642304952,0.38,21.0,-5.0,-5.0,31.0,-6.0,-6.0,38.0,-3.0,-3.0,0.0002191171099866581,-1.716881420451636e-05,8.441568188264122e-05,-5.164627325804361e-05,-0.00011782167916685182,0.0001279129611404528,0.952191235059761,0.44187858434850963,239,-0.33087730407714844
125,0,test,3.2225514534975486,1.5102340248172705,2.0788134563523633,5.3634073142127034,2.5135363489965763,3.459843374908129,25.092059800907755,19.55027049133148,21.95358171267785,41.76161001829403,32.53821242613212,36.538129004316986,3.1691215913701467,1.4612875081752055,2.020942713957565,5.070594546192234,2.3380600130803284,3.2335083423321036,23.78658083897405,18.269581672567046,20.634134151851583,38.05852934235848,29.231330676107277,33.014614642962535,3.2225514534975486,1.5102340248172705,2.0788134563523633,5.3634073142127034,2.5135363489965763,3.459843374908129,25.092059800907755,19.55027049133148,21.95358171267785,41.76161001829403,32.53821242613212,36.538129004316986,0.7738693467336684,-0.0011306532663316604,-0.0011306532663316604,0.5979899497487438,-0.0020100502512562235,-0.0020100502512562235,0.46733668341708545,-0.002663316582914521,-0.002663316582914521,0.42616033755274263,0.08721296913168997,0.16669329687953083,0.43644067796610164,0.4321608040201005,0.10133373635092757,0.17506564542243774,0.43434343434343436,0.42616033755274263,0.08721296913168997,0.16669329687953083,0.43644067796610164,18.0,0.0,0.0,28.0,0.0,0.0,40.0,0.0,0.0,-0.0002656866630897357,-5.945479359871076e-05,3.0157096201123435e-05,4.537263278781012e-05,-4.0869005880850295e-05,-6.618974063954397e-05,0.04219409282700422,-0.5318003839121199,10,-0.3734276294708252
30,0,test,2.9030405123602874,1.3494809897539963,1.8602138961519625,4.688018124689924,2.1792294361567914,3.0039940620291827,18.229488175684025,13.501217525385957,15.392262737624819,29.43815995938164,21.802641814643543,24.856424285759,2.805575707783463,1.2800664824273809,1.7803062807813879,4.488921132453541,2.0481063718838093,2.8484900492502208,16.53659341168782,11.939109282875258,13.74874693117955,26.458549458700514,19.102574852600412,21.99799508988728,2.9030405123602874,1.3494809897539963,1.8602138961519625,4.688018124689924,2.1792294361567914,3.0039940620291827,18.229488175684025,13.501217525385957,15.392262737624819,29.43815995938164,21.802641814643543,24.856424285759,0.6733668341708543,-0.001633165829145744,-0.001633165829145744,0.4974874371859297,-0.002512562814070307,-0.002512562814070307,0.37688442211055273,-0.003115577889447274,-0.003115577889447274,0.40756302521008403,0.0910011803463524,0.17152950565701142,0.45569620253164556,0.39698492462311563,0.08620798226722592,0.16326205317069498,0.4444444444444444,0.40756302521008403,0.0910011803463524,0.17152950565701142,0.45569620253164556,17.0,-6.0,-6.0,28.0,-11.0,-11.0,36.0,-12.0,-12.0,-0.00044577408390778856,-0.0001423005654258739,-9.065483805800758e-05,3.8442710928343615e-05,-4.636562540305533e-05,-7.072031659394185e-05,0.0546218487394958,-0.4543212024007791,13,-0.569580078125
453,0,test,3.7048228371605214,1.7465993740724441,2.3952374141176698,5.785927023466741,2.727713837285978,3.740710282541793,40.64284627696835,33.55612023198989,36.938208740524885,63.47308708687033,52.40554579440396,57.687449452795036,3.889241075699847,1.8204709329882638,2.50667687924802,5.76183863066644,2.696993974797428,3.7135953766637333,48.87378094535051,40.95869823808671,44.88867381033495,72.40560140051927,60.679552945313645,66.50173897827399,3.7048228371605214,1.7465993740724441,2.3952374141176698,5.785927023466741,2.727713837285978,3.740710282541793,40.64284627696835,33.55612023198989,36.938208740524885,63.47308708687033,52.40554579440396,57.687449452795036,0.7738693467336684,-0.0011306532663316604,-0.0011306532663316604,0.6834170854271358,-0.0015829145728643024,-0.0015829145728643024,0.592964824120603,-0.0020351758793969443,-0.0020351758793969443,0.4563492063492064,0.11377494892346385,0.20437031452862597,0.43426294820717126,0.4522613065326633,0.10138411355020716,0.20017449518040953,0.4494949494949495,0.4563492063492064,0.11377494892346385,0.20437031452862597,0.43426294820717126,20.0,0.0,0.0,32.0,0.0,0.0,41.0,1.0,1.0,0.00043299691266282715,0.00022803751761042905,0.00030470588993166634,-5.857619511928647e-05,-0.00012331829868550415,0.00012440840417138332,0.03968253968253968,-0.2744977762542011,10,-0.514244794845581
38,0,test,2.517821556816603,1.204804535793769,1.6403818389388296,3.888635515527865,1.8607536719481543,2.5334786179166375,12.401551141159196,8.684178940401738,9.9968161231206,19.15350676245698,13.412231919064908,15.439527123486263,2.406736321459119,1.1254959031940739,1.5484944486336434,3.592143763371819,1.6798446316329463,2.311185744229318,11.097682707781718,7.496578876497308,8.738673100970704,16.563705534002565,11.18892369626464,13.042795673090604,2.517821556816603,1.204804535793769,1.6403818389388296,3.888635515527865,1.8607536719481543,2.5334786179166375,12.401551141159196,8.684178940401738,9.9968161231206,19.15350676245698,13.412231919064908,15.439527123486263,0.5778894472361809,-0.002110552763819218,-0.002110552763819218,0.42713567839195976,-0.002864321608040288,-0.002864321608040288,0.2864321608040201,-0.003567839195979916,-0.003567839195979916,0.3790613718411552,0.09257488535466873,0.15697253630694152,0.3442028985507246,0.3517587939698492,0.08108210224052592,0.13639986241726154,0.297979797979798,0.3790613718411552,0.09257488535466873,0.15697253630694152,0.3442028985507246,16.0,0.0,0.0,23.0,0.0,0.0,31.0,0.0,0.0,-0.00040747185215825056,-0.00024312608256688405,0.00012682788779330692,-0.00023182424163081805,0.0001888633816387042,3.6794479953528025e-05,0.05054151624548736,0.3461116596875316,14,-0.546316385269165
242,0,test,2.6282027413180615,1.2416004039587951,1.6938829421906612,4.221465543049736,1.994280441591847,2.7207446221715283,13.848857542405351,9.847625447729644,11.303376112352844,22.244278954122585,15.817429475627925,18.155681838494203,2.675564197941807,1.2044993439646794,1.6862250113547175,3.9637988117656398,1.7844434725402656,2.4981111279329147,14.520539987716296,10.166671079611357,11.831083331736505,21.511911092913028,15.061734932757563,17.527530861831856,2.6575387967131916,1.257663637380039,1.7193785533868413,4.286352897924503,2.0284897377097404,2.773191215140067,14.261146289497363,10.206452544921529,11.705870284332043,23.001848854028005,16.4620202337444,18.88043594247104,0.6432160804020101,-0.001783919597989958,-0.001783919597989958,0.49246231155778897,-0.002537688442211028,-0.002537688442211028,0.3417085427135679,-0.003291457286432098,-0.003291457286432098,0.3948220064724919,0.08787531826570671,0.15908465448110332,0.39610389610389607,0.3919597989949749,0.09371418495988715,0.16157582570616025,0.398989898989899,0.3946488294314381,0.08246185113427618,0.15660656024345143,0.3993288590604027,16.0,-5.0,-5.0,29.0,-12.0,-12.0,38.0,-12.0,-12.0,-2.628924136315851e-05,8.483518251652794e-05,8.157706061202578e-05,0.0004675458078473582,6.49105800478722e-05,-7.53513430460373e-05,0.9644012944983819,-0.38750954319586567,298,-0.5457615852355957
483,0,test,2.4190922343536854,1.1351199187040206,1.5622443456873096,3.616168803930767,1.6968287444544639,2.33531371262536,11.235655342241124,7.62470021457978,8.879931866513699,16.795567264174874,11.397747743444,13.274124955097795,2.9445639525890153,1.3763942934358935,1.8935957290589263,4.176686457573071,1.952332331114742,2.6859513887360653,19.00237464340949,14.204516207579534,16.141955340398383,26.953722898453176,20.148249939829128,22.896390553756575,2.4190922343536854,1.1351199187040206,1.5622443456873096,3.616168803930767,1.6968287444544639,2.33531371262536,11.235655342241124,7.62470021457978,8.879931866513699,16.795567264174874,11.397747743444,13.274124955097795,0.6281407035175879,-0.0018592964824121205,-0.0018592964824121205,0.5276381909547738,-0.002361809045226204,-0.002361809045226204,0.40703517587939697,-0.007964824120603065,-0.00296482412060306,0.38408304498269896,0.1163801088859805,0.1838528953854608,0.3090277777777778,0.4120603015075377,0.11381468747244994,0.19002357362773803,0.38383838383838387,0.38408304498269896,0.1163801088859805,0.1838528953854608,0.3090277777777778,19.0,0.0,0.0,25.0,1.0,0.0,36.0,0.0,0.0,0.0012310892446140813,0.0005945462123393185,0.000157101141752936,-0.028188573326211497,-0.0289354851243262,-0.02535926743800143,0.9619377162629758,0.4444157478893879,278,-0.7138311862945557
387,0,test,1.9025507987317727,0.8498962097272849,1.139744356125989,3.733500223317726,1.667807078228274,2.236595107451538,6.702970582983497,3.8377234980592374,4.5586849844554855,13.153678832198796,7.5310165418904385,8.945806555517485,2.140949306614851,0.9423704957272274,1.325349065133146,3.6912919079566398,1.6247767167710818,2.285084595057149,8.50751003223646,5.192108272159774,6.246977901873299,14.668120745235278,8.951910814068576,10.770651554953965,2.0684218138512853,0.9135146469171089,1.2646708826323951,4.02939314386614,1.7795739875008612,2.4636445765566135,7.912326135649811,4.7385973587706465,5.678421680509015,15.413622342174957,9.231033815786974,11.061860416576003,0.5226130653266332,-0.002386934673366814,-0.002386934673366814,0.3919597989949749,-0.0030402010050251116,-0.0030402010050251116,0.3015075376884422,-0.0034924623115578646,-0.0034924623115578646,0.35989010989010994,0.11572001386816211,0.15656655172784206,0.36363636363636365,0.38190954773869346,0.11624538733769096,0.17155896343151478,0.41414141414141414,0.37792642140468224,0.1191618137252165,0.17770395199422617,0.3959731543624161,19.0,-7.0,-7.0,31.0,-12.0,-12.0,36.0,-12.0,-12.0,0.0006210155512817793,0.00035394116895747776,1.6001596977785312e-05,-0.05937615094566251,-0.06101943057935788,-0.058758887049799036,0.027472527472527472,-0.16033960643190184,10,-0.504325270652771
115,0,test,2.449253490413975,1.1556474247500566,1.5782883346849057,4.0618054778914985,1.916508462163137,2.617409846961924,11.579699135464983,7.933788864581283,9.190483429163638,19.203600429622053,13.157277185361508,15.24136071792976,2.561266733455778,1.1725071041064576,1.6086422943692311,3.880707171902694,1.7765259153128143,2.43733680965035,12.952213930992665,8.942340692985377,10.3597093216143,19.624566562110097,13.549001049977843,15.69652927517318,2.449253490413975,1.1556474247500566,1.5782883346849057,4.0618054778914985,1.916508462163137,2.617409846961924,11.579699135464983,7.933788864581283,9.190483429163638,19.203600429622053,13.157277185361508,15.24136071792976,0.6231155778894473,-0.0018844221105527303,-0.0018844221105527303,0.49246231155778897,-0.002537688442211028,-0.002537688442211028,0.3467336683417085,-0.003266331658291488,-0.003266331658291488,0.40977443609022557,0.1264723723003569,0.19102443609022557,0.36226415094339626,0.4170854271356784,0.13137114142139272,0.20005704650128775,0.38383838383838387,0.40977443609022557,0.1264723723003569,0.19102443609022557,0.36226415094339626,17.0,-5.0,-5.0,29.0,-14.0,-14.0,35.0,-10.0,-10.0,0.0006030207712510444,0.00041985794129222173,0.00013459398550633086,-0.0065879755097322246,-0.0069859003508288,-0.0076110402090279194,0.03759398496240601,-0.5966977161647733,10,-0.6174371242523193
340,0,test,2.7020125511637034,1.293172069718079,1.7584449085496485,4.656298358609149,2.228485201904111,3.0302761317144884,14.909708100648366,10.818499280458257,12.340577272311887,25.693459242626744,18.643200017896618,21.26615202901545,2.6064918638361045,1.2185335898073266,1.6678722870403782,4.272937481698532,1.99759604886447,2.7342168640006204,13.551427113863854,9.544765921943544,10.99497711529928,22.215454285022712,15.647157249087778,18.02455264803161,2.7020125511637034,1.293172069718079,1.7584449085496485,4.656298358609149,2.228485201904111,3.0302761317144884,14.909708100648366,10.818499280458257,12.340577272311887,25.693459242626744,18.643200017896618,21.26615202901545,0.6281407035175879,-0.0018592964824121205,-0.0018592964824121205,0.44723618090452266,-0.0027638190954772934,-0.0027638190954772934,0.3467336683417085,-0.003266331658291488,-0.003266331658291488,0.4065934065934066,0.13003663003663002,0.18192918192918195,0.3970588235294118,0.38190954773869346,0.11557788944723613,0.16415410385259632,0.35858585858585856,0.4065934065934066,0.13003663003663002,0.18192918192918195,0.3970588235294118,18.0,-8.0,-8.0,27.0,-12.0,-12.0,37.0,-17.0,-17.0,-0.0007434449468659746,-0.00022813901976269873,9.18967296309096e-05,-0.00020410455418851114,0.00020435748183800229,5.0812707827141423e-05,0.03663003663003663,-0.34590692599933276,10,-0.44450998306274414
132,0,test,1.8656978614025792,0.833017772507624,1.1614897375726245,3.397079921050939,1.5167664643924945,2.1148512562738535,6.460442806883742,3.651859797898962,4.438198123545856,11.76323401253398,6.649340094440307,8.081112190271355,1.74607957428931,0.7050829961525911,1.0331948564453401,2.816257377885984,1.1372306389557922,1.666443316847323,5.732086349352036,2.9000483937692345,3.6922191286554824,9.245300563471027,4.677497409305218,5.955192142992715,1.86623133603996,0.8172916180704988,1.1545989462381283,3.352511382107713,1.4681885354559858,2.074129843541548,6.46389020873643,3.609267401088038,4.4265759720422055,11.611778818089396,6.483713894170129,7.951932883908155,0.49246231155778897,-0.002537688442211028,-0.002537688442211028,0.29145728643216084,-0.0035427135678391952,-0.0035427135678391952,0.21105527638190957,-0.0039447236180903955,-0.0039447236180903955,0.3407643312101911,0.07367371117839461,0.13101856849832672,0.3386581469648562,0.3517587939698492,0.08860089923300707,0.13473041333545854,0.31818181818181823,0.34448160535117056,0.08070865042629582,0.13202331836563108,0.3422818791946308,19.0,-9.0,-9.0,27.0,-12.0,-12.0,34.0,-15.0,-15.0,-0.00040446685348016374,0.00013394516197108496,-0.00013944207618059299,-0.059359778606360436,-0.06110904983154697,-0.05828648581196472,0.964968152866242,0.5838767422033057,303,-0.7539668083190918
478,0,test,3.227262973578919,1.5672433447773606,2.117820073870594,4.801537594836929,2.3317522934492443,3.150903036734299,25.210560484507297,19.951146405078312,22.177892061232786,37.508394867193786,29.68341294414091,32.99637599354146,3.468524367775506,1.6790743919490216,2.2702660003229838,5.255339951175009,2.5440521090136694,3.4397969701863396,32.08935540353267,26.103196374973955,28.775015871983555,48.620235459897984,39.55029753783932,43.59850889694478,3.227262973578919,1.5672433447773606,2.117820073870594,4.801537594836929,2.3317522934492443,3.150903036734299,25.210560484507297,19.951146405078312,22.177892061232786,37.508394867193786,29.68341294414091,32.99637599354146,0.7236180904522613,-0.0013819095477386467,-0.0013819095477386467,0.6231155778894473,-0.0018844221105527303,-0.0018844221105527303,0.507537688442211,-0.0024623115577889765,-0.0024623115577889765,0.43621399176954734,0.11793883776544056,0.20365585223466365,0.37603305785123964,0.44723618090452266,0.12142164456367055,0.213513309452102,0.4191919191919192,0.43621399176954734,0.11793883776544056,0.20365585223466365,0.37603305785123964,27.0,-10.0,-10.0,39.0,-13.0,-13.0,46.0,-8.0,-8.0,0.0004719605613007544,0.00019107226675318755,0.00014024513358478014,3.793101625682027e-06,-7.384872300431056e-05,-9.33731963588258e-05,0.04526748971193416,0.33913805068116903,11,-0.4779059886932373
204,0,test,1.721377461402361,0.7662753010830169,1.076085215445422,3.453251126837663,1.5372230125384911,2.1587319261069746,5.592226237161351,2.993290159663934,3.6856821094852323,11.218551414793199,6.004832088594112,7.393837890369765,1.7745271537562763,0.7177354190883711,1.037169190862849,2.7512048895446144,1.1127680916098777,1.6080142493997662,5.897491870045804,3.0203662859715767,3.8070865861995107,9.143398248133028,4.682738427862909,5.902459823565132,1.7731341961228921,0.7824004864909785,1.1062204027554268,3.345536219099796,1.476227333001846,2.087208307085711,5.88928263261496,3.1960728510485117,3.9410671949921623,11.111854023801811,6.030326134053795,7.435975839607854,0.507537688442211,-0.0024623115577889765,-0.0024623115577889765,0.3417085427135679,-0.003291457286432098,-0.003291457286432098,0.22613065326633164,-0.003869346733668344,-0.003869346733668344,0.3567073170731707,0.0949112744552103,0.14676816900014844,0.3486238532110092,0.3517587939698492,0.09611969622548833,0.13973876058086754,0.3535353535353535,0.3612040133779264,0.09576160937124856,0.14985807344466717,0.35906040268456374,14.0,-3.0,-3.0,26.0,-13.0,-13.0,30.0,-8.0,-8.0,0.0001629484051423567,1.1090337736723568e-05,0.0001517843568340781,-0.042518931885711986,-0.04447742935052279,-0.05071544821081453,0.03048780487804878,-0.37423034397568455,10,-0.6214495897293091
166,0,test,2.075625993445767,0.9634504613493959,1.3069350265525512,3.616932424222327,1.678883972252413,2.2774313333985052,7.969533773766938,4.928566849324185,5.812592875865494,13.887504397851298,8.588393717634226,10.128874714379476,2.3689324528333424,1.05506328939496,1.4878486836850593,3.8208587948924877,1.7017149828950968,2.3997559414275154,10.68597840679771,6.965437125451382,8.272464425279615,17.235449043222115,11.234576008792553,13.342684556902608,2.12930921210548,0.9981837700710121,1.3702912767679791,3.588723391189011,1.6823321967488967,2.3094796799460315,8.409055930586936,5.309913487267156,6.272878604811071,14.17256617514652,8.949292394270486,10.572267311479333,0.5879396984924623,-0.002060301507537776,-0.002060301507537776,0.457286432160804,-0.0027135678391959628,-0.0027135678391959628,0.33668341708542715,-0.0033165829145728187,-0.0033165829145728187,0.3874643874643875,0.11719411719411721,0.18120827798247152,0.3342857142857143,0.4120603015075377,0.11882721880077074,0.19336247179134403,0.35858585858585856,0.3946488294314381,0.11251193460673026,0.18663993065501983,0.3389261744966443,24.0,-15.0,-15.0,35.0,-21.0,-21.0,42.0,-22.0,-22.0,0.0009430098540945293,0.00011214066855217312,0.00037021063729663766,-0.03803022047816462,-0.0352825525488214,-0.03698650053008379,0.02849002849002849,0.44932969718387783,10,-0.9692063331604004
421,0,test,2.319876278084968,1.1031802106778108,1.5002897200892225,4.180875929735547,1.9881489511116586,2.703818836204752,10.17441543003833,6.798400269490733,7.904854118483014,18.336309126662485,12.252062024137146,14.246110719024333,2.2336517395490763,1.0338950562151465,1.417527454455476,3.6026640960468974,1.6675726713147527,2.2863346039604453,9.333888851590014,6.0145796703616,7.072171793354627,15.054659438048411,9.70093495219613,11.406728698959078,2.309312701794628,1.107246956207789,1.4987892907809819,4.173456689990291,2.0010487160381727,2.7086553447849067,10.067502899955429,6.740520371482042,7.818418025509926,18.19428234931704,12.181663321955497,14.129671130439625,0.5175879396984925,-0.002412060301507535,-0.002412060301507535,0.3919597989949749,-0.0030402010050251116,-0.0030402010050251116,0.27638190954773867,-0.0036180904522613577,-0.0036180904522613577,0.363914373088685,0.1043723883558606,0.16147286749356804,0.3619631901840491,0.3668341708542714,0.10868880744575005,0.15982248471069882,0.3484848484848485,0.36454849498327757,0.11079223454922082,0.1665507196773821,0.35906040268456374,23.0,0.0,0.0,27.0,0.0,0.0,38.0,0.0,0.0,-0.000267856560900361,4.7046439444724224e-05,9.701149301550672e-06,-0.021682399522642726,-0.01958886437259011,-0.02244432504513405,0.03058103975535168,0.6312486203378852,10,-0.7443456649780273
89,0,test,2.062230190058459,0.9606048467306223,1.322512502972796,3.159377286247196,1.4716655533656329,2.0261152139139877,7.863487340638729,4.85443454522466,5.768143452291943,12.047017551421895,7.437089377166843,8.836909426910317,2.0289777075089486,0.9025661637742881,1.2722332920894983,2.7985899413916533,1.244918846585225,1.754804540813101,7.606306512785795,4.521738733031117,5.474980312054285,10.49145725901489,6.2368810110774024,7.551696982143841,2.0165022606640086,0.957265728125346,1.3079335932610667,3.055306455551528,1.4504026183717362,1.9817175655470705,7.512003896911459,4.62783571698153,5.480921873716891,11.381824086229482,7.011872298456863,8.304427081389228,0.4824120603015075,-0.0025879396984924696,-0.0025879396984924696,0.3467336683417085,-0.003266331658291488,-0.003266331658291488,0.24120603015075381,-0.0037939698492461815,-0.0037939698492461815,0.3612903225806452,0.09720014544698985,0.16279246850339202,0.34304207119741104,0.3417085427135679,0.09108197629752779,0.15473024555163128,0.31313131313131315,0.35785953177257523,0.09241712776589739,0.15763706236211916,0.3389261744966443,16.0,0.0,0.0,24.0,0.0,0.0,29.0,0.0,0.0,0.00011370412735675719,6.900539815815244e-05,-0.00016777354826141508,-0.0321939539890268,-0.03670487429683966,-0.03709917159911491,0.9580645161290322,0.2984382310209135,297,-0.9308476448059082
60,0,test,2.4686317566180103,1.1616948690685915,1.596061948734873,3.55431273858614,1.672597324575197,2.2979949523669636,11.806281928279228,8.111443273769986,9.413229284196309,16.99857345694653,11.678779582653119,13.553078812324527,2.4300002605992246,1.1164542549807939,1.5521796543967876,3.422535578308767,1.5724707816630898,2.186168527319419,11.358885040117704,7.63954588653194,8.953233912130113,15.998429633968598,10.759923783847803,12.610188608633962,2.4686317566180103,1.1616948690685915,1.596061948734873,3.55431273858614,1.672597324575197,2.2979949523669636,11.806281928279228,8.111443273769986,9.413229284196309,16.99857345694653,11.678779582653119,13.553078812324527,0.6231155778894473,-0.0018844221105527303,-0.0018844221105527303,0.44221105527638194,-0.0027889447236180143,-0.0027889447236180143,0.3467336683417085,-0.003266331658291488,-0.003266331658291488,0.3832116788321168,0.09905867336763596,0.16719226135638865,0.38827838827838823,0.39698492462311563,0.10375184191634867,0.17494819674331596,0.40909090909090906,0.3832116788321168,0.09905867336763596,0.16719226135638865,0.38827838827838823,23.0,-14.0,-14.0,34.0,-24.0,-24.0,39.0,-25.0,-25.0,5.283960890212965e-05,-0.00036068151707118585,-7.609883230028671e-06,-0.000211034476049754,0.00020048395678795572,4.730815085896012e-05,0.0364963503649635,0.40909193537067695,10,-0.49167799949645996
33,0,test,2.6477969322243995,1.2708562817496092,1.7277935778084657,3.9390870617328506,1.8906334831940002,2.5704121206805746,14.122890662098767,10.16013106518271,11.613591854944685,21.010408768245455,15.115071830961469,17.27736325218372,2.954059398181277,1.4119873104558285,1.918382260525908,4.046656709837365,1.9342291924052444,2.6279209048300105,19.18367003604485,14.50940430407183,16.3666569404543,26.27900004937651,19.875896306947713,22.42007800062233,2.6593954301360037,1.2749333429088718,1.733891662933552,3.9495971734693125,1.8934653607557506,2.575086628119137,14.2876486052757,10.29497099049053,11.764509590343717,21.2192801068451,15.289560876966133,17.472043946055024,0.6331658291457287,-0.0018341708542712887,-0.0018341708542712887,0.507537688442211,-0.0024623115577889765,-0.0024623115577889765,0.3869346733668342,-0.0030653266331658324,-0.0030653266331658324,0.3853820598006644,0.10677509462653512,0.17212239129237716,0.3633333333333333,0.3919597989949749,0.11125804460901001,0.17493141836058423,0.38888888888888884,0.38795986622073575,0.10916186955963392,0.1743892321829159,0.3657718120805369,20.0,-2.0,-2.0,31.0,-4.0,-4.0,39.0,-5.0,-5.0,0.0007853876210032201,-0.00013009538088038625,0.0003355747720538716,0.0004991372202978184,9.589878044646838e-05,-4.7314887297922326e-05,0.03322259136212625,0.6239047464360017,10,-0.25777173042297363
411,0,test,2.225877326631013,1.0054290020060492,1.398754287482964,3.809674655195388,1.7208304072795846,2.3940217612689194,9.26160469305425,5.872898059307834,6.97487425933262,15.851592647727468,10.051690909199948,11.937765559242369,2.372643484839103,1.0443534572964503,1.4801447117569588,3.7072554450610986,1.6318022770257037,2.312726112120248,10.725708088142108,6.951124655879202,8.284485991779217,16.758918887722043,10.86113227481125,12.944509362155024,2.225877326631013,1.0054290020060492,1.398754287482964,3.809674655195388,1.7208304072795846,2.3940217612689194,9.26160469305425,5.872898059307834,6.97487425933262,15.851592647727468,10.051690909199948,11.937765559242369,0.6281407035175879,-0.0018592964824121205,-0.0018592964824121205,0.42713567839195976,-0.002864321608040288,-0.002864321608040288,0.3266331658291457,-0.0033668341708542604,-0.0033668341708542604,0.3872180451127819,0.10203980871503326,0.15721804511278192,0.36603773584905663,0.3919597989949749,0.10875177894484955,0.16157582570616025,0.38383838383838387,0.3872180451127819,0.10203980871503326,0.15721804511278192,0.36603773584905663,18.0,-8.0,-8.0,27.0,-13.0,-13.0,35.0,-16.0,-16.0,0.00024260217003770692,0.0005078507720159579,0.00013943882822256977,-0.011263504551294545,-0.012230393519260474,-0.010503499122602733,0.05639097744360902,-0.3338706250535023,15,-0.5045411586761475
128,0,test,2.571926465185907,1.1960596111620716,1.6538257791388506,4.104512783481619,1.9087800643887856,2.6393247023243305,13.0910195578108,9.132512874295593,10.586490574989256,20.891832581985728,14.574489724047076,16.89487879433217,2.629021646366355,1.2552313447888783,1.7063146859448945,3.9833661308581134,1.901865673922543,2.585325281734689,13.860203086587594,9.90990792103539,11.34411094499692,21.0003077069509,15.015012001568774,17.188046886358972,2.571926465185907,1.1960596111620716,1.6538257791388506,4.104512783481619,1.9087800643887856,2.6393247023243305,13.0910195578108,9.132512874295593,10.586490574989256,20.891832581985728,14.574489724047076,16.89487879433217,0.6934673366834171,-0.0015326633165829717,-0.0015326633165829717,0.49246231155778897,-0.002537688442211028,-0.002537688442211028,0.33668341708542715,0.0016834170854271857,0.0016834170854271857,0.4094827586206896,0.09550426399703371,0.16449708526825413,0.37662337662337664,0.3919597989949749,0.0761703253107644,0.14321188580632715,0.36363636363636365,0.4094827586206896,0.09550426399703371,0.16449708526825413,0.37662337662337664,22.0,0.0,0.0,31.0,0.0,0.0,41.0,0.0,0.0,0.00043202200634572533,4.355350587257602e-05,4.4640390785944626e-05,8.002224209047171e-05,-1.3385908281371428e-05,-4.3536860872883665e-05,0.9396551724137931,0.2218728018805681,218,-0.27350831031799316
489,0,test,2.1630857693970844,0.9865662973210763,1.363084966686913,4.026090275987637,1.8362679059964542,2.537071440885468,8.697936115352414,5.454869163734385,6.472393400394889,16.189222133777328,10.152993472384232,12.046882514029797,2.272136603830479,0.9706757700308948,1.3799867040761566,3.851078989543185,1.6452131695438892,2.3389605153833166,9.70010396827226,6.025443150948598,7.259733400639611,16.440854183512304,10.212615510082369,12.304632882440018,2.20204793377072,0.9968503841851706,1.382173630720743,3.908960829178793,1.7695568950032614,2.4535626580841594,9.043515067887894,5.706096749333329,6.77330060732421,16.053577043587975,10.129165827218927,12.023610545545933,0.5226130653266332,-0.002386934673366814,-0.002386934673366814,0.40703517587939697,-0.00296482412060306,-0.00296482412060306,0.29648241206030146,0.001482412060301419,-0.0035175879396985854,0.3457943925233645,0.07829828054824783,0.14164931480315723,0.34687500000000004,0.3517587939698492,0.09110716489716753,0.15309435323529164,0.36363636363636365,0.34782608695652173,0.08071423386804089,0.13981718818010347,0.3557046979865772,21.0,-11.0,-11.0,27.0,-8.0,-8.0,36.0,-12.0,-12.0,9.821301359672815e-06,2.2964777383959454e-06,-2.9704846309209252e-05,-0.018347009755196098,-0.022331932175667646,-0.022416624898344395,0.03115264797507788,-0.5536262715541239,10,-0.40535640716552734
237,0,test,3.0235791315614176,1.469823983625301,1.978036570050217,4.662163951246315,2.2663737553964323,3.050004775754851,20.564764118315054,15.835568408031886,17.71982245747778,31.70953951146644,24.417424835610454,27.32282301507864,3.0988399906507484,1.4959437771618274,2.0123441842414698,4.731053420840837,2.283883629254698,3.0722811973152213,22.172216379670047,17.20481812273913,19.20834649945063,33.85071203003061,26.26689789731165,29.325719846489516,3.0235791315614176,1.469823983625301,1.978036570050217,4.662163951246315,2.2663737553964323,3.050004775754851,20.564764118315054,15.835568408031886,17.71982245747778,31.70953951146644,24.417424835610454,27.32282301507864,0.7135678391959799,-0.0014321608040201994,-0.0014321608040201994,0.5125628140703518,-0.0024371859296482556,-0.0024371859296482556,0.3919597989949749,-0.0030402010050251116,-0.0030402010050251116,0.39495798319327735,0.09307119074044712,0.1603211116848975,0.4092827004219409,0.3869346733668342,0.07866399667510482,0.14987290375080742,0.41414141414141414,0.39495798319327735,0.09307119074044712,0.1603211116848975,0.4092827004219409,20.0,-6.0,-6.0,29.0,-5.0,-5.0,36.0,-6.0,-6.0,0.00014644459749044674,2.7701942699634105e-05,-9.287517421440917e-05,3.8442710928343615e-05,-4.636562540305533e-05,-7.072031659394185e-05,0.9537815126050421,-0.3703487027944942,227,-0.2362048625946045
348,0,test,2.2571740464265524,1.0890447586434544,1.4743764695833534,4.420299174251999,2.1327126523434314,2.8873205862674003,9.55604603100919,6.340075179201225,7.368462384674056,18.713923477393,12.415980559269066,14.429905503320029,2.245964139945198,1.0615787415627465,1.4427403672222279,3.9060245912090403,1.8462238983699941,2.509113682125614,9.449521827351958,6.180844557696821,7.216794683581654,16.433951004090364,10.749294882950995,12.550947275794181,2.2571740464265524,1.0890447586434544,1.4743764695833534,4.420299174251999,2.1327126523434314,2.8873205862674003,9.55604603100919,6.340075179201225,7.368462384674056,18.713923477393,12.415980559269066,14.429905503320029,0.6080402010050252,-0.001959798994974782,-0.001959798994974782,0.39698492462311563,-0.0030150753768843908,-0.0030150753768843908,0.27638190954773867,-0.0036180904522613577,-0.0036180904522613577,0.34519572953736655,0.06761565836298933,0.13404507710557534,0.3392857142857143,0.36180904522613067,0.08040201005025127,0.14405360134003353,0.33838383838383834,0.34519572953736655,0.06761565836298933,0.13404507710557534,0.3392857142857143,18.0,-8.0,-8.0,27.0,-14.0,-14.0,35.0,-15.0,-15.0,-0.000481744042754179,0.00013874878106625937,-6.958519211983415e-06,-0.009610602012199543,-0.009314577019719827,-0.009749691548377903,0.9466192170818505,0.2751544163516144,266,-0.49834513664245605
111,0,test,2.1622005468307015,1.002673349493538,1.3809358948425223,3.422454579840596,1.587088673198343,2.1858242449793064,8.690239912950743,5.5018144892953575,6.506007099016209,13.755408319356318,8.708586363056082,10.298079808157086,2.4506809149167177,1.1537354741715233,1.580113160014084,3.770278330641104,1.7749776525715744,2.430943323098591,11.59624008441468,7.938134400427529,9.207973665773208,17.84036936063797,12.212514462196198,14.166113331958782,2.1622005468307015,1.002673349493538,1.3809358948425223,3.422454579840596,1.587088673198343,2.1858242449793064,8.690239912950743,5.5018144892953575,6.506007099016209,13.755408319356318,8.708586363056082,10.298079808157086,0.5728643216080402,-0.0021356783919597166,-0.0021356783919597166,0.4371859296482412,-0.002814070351758735,-0.002814070351758735,0.3417085427135679,-0.003291457286432098,-0.003291457286432098,0.3623188405797102,0.09468773750556914,0.14665618997730057,0.30181818181818176,0.38190954773869346,0.10622032468104936,0.16822006526790878,0.3535353535353535,0.3623188405797102,0.09468773750556914,0.14665618997730057,0.30181818181818176,24.0,-8.0,-8.0,32.0,-5.0,-5.0,40.0,-6.0,-6.0,0.0006106730946196897,0.00029753982762476797,5.286871310950137e-05,-0.024415332414887025,-0.023444309653220863,-0.022970888108158505,0.03985507246376811,0.4495027754006209,11,-0.4501481056213379
457,0,test,1.6183688604153936,0.7474443087574558,0.8239307127690119,3.549724151382821,1.6394415262840423,1.8072065162150495,5.044854739437831,2.6557360430514607,2.831657582059984,11.065365348295241,5.825081415183628,6.210947054990059,1.6714349216756448,0.6932706625058856,1.0146778006414099,3.0389725848648084,1.2604921136470646,1.844868728438927,5.319795813392066,2.6602263357876055,3.3912676139490343,9.67235602434921,4.836775155977464,6.165941116270971,1.56612205113562,0.6612114025536913,0.9587585331320065,3.2627542731992083,1.37752375532019,1.9974136106916802,4.788044353555642,2.3163332912536134,2.9524588281864856,9.975092403240922,4.825694356778362,6.150955892055179,0.3869346733668342,-0.0030653266331658324,-0.0030653266331658324,0.31155778894472363,-0.003442211055276312,-0.003442211055276312,0.22613065326633164,-0.003869346733668344,-0.003869346733668344,0.33836206896551724,0.11470615498702263,0.1311284423770519,0.3131749460043196,0.3316582914572864,0.1191582914572864,0.17858008846227813,0.25757575757575757,0.32441471571906355,0.11108138238573018,0.1679219299255008,0.2751677852348994,14.0,0.0,0.0,18.0,0.0,0.0,27.0,0.0,0.0,0.0005425897936091112,0.0002339945556838169,-0.00020062448127454885,-0.11128907693064694,-0.10675481903833095,-0.10198059566445217,0.021551724137931036,-0.3650171956874686,10,-0.7204113006591797
203,0,test,2.6754654361356613,1.2796939503629656,1.7404935897047724,4.5148479234789285,2.1594835412375044,2.937082932626803,14.519105983774473,10.48101728456858,11.971964238176106,24.500991347619426,17.686716667709483,20.20268965192218,2.713218658875016,1.3118640884783603,1.7695053019370672,4.411737656707343,2.1331123389892044,2.877244393393606,15.077727559368615,11.017030816651882,12.508222344594419,24.516630177835147,17.913871246588428,20.338572918039706,2.6754654361356613,1.2796939503629656,1.7404935897047724,4.5148479234789285,2.1594835412375044,2.937082932626803,14.519105983774473,10.48101728456858,11.971964238176106,24.500991347619426,17.686716667709483,20.20268965192218,0.6432160804020101,-0.001783919597989958,-0.001783919597989958,0.4723618090452262,-0.0026381909547738003,-0.0026381909547738003,0.3467336683417085,-0.003266331658291488,-0.003266331658291488,0.4052044609665427,0.12320075039140355,0.18517973908767993,0.3955223880597015,0.39698492462311563,0.11628317023715073,0.17828709490692196,0.3939393939393939,0.4052044609665427,0.12320075039140355,0.18517973908767993,0.3955223880597015,22.0,-7.0,-7.0,34.0,-12.0,-12.0,41.0,-10.0,-10.0,8.502619239498178e-05,0.00018669537783593982,3.089891144315063e-05,-0.004851913908310301,-0.005024641586393486,-0.005519436378986775,0.9591078066914498,0.46245485790648344,258,-0.3037753105163574
80,0,test,2.385774842853808,1.090407994068027,1.4930278533690422,3.779872190786455,1.727574111083681,2.3654597917834828,10.867479992657474,7.215144409374226,8.425651869718067,17.21775444619829,11.431222769068805,13.349074950215975,2.2840161504731595,1.0060031870494024,1.3975834443418764,3.487047557974289,1.535882728319698,2.133715182201338,9.81602398115091,6.226523814636311,7.389565677117998,14.986296154428869,9.506143228452382,11.281779659722133,2.385774842853808,1.090407994068027,1.4930278533690422,3.779872190786455,1.727574111083681,2.3654597917834828,10.867479992657474,7.215144409374226,8.425651869718067,17.21775444619829,11.431222769068805,13.349074950215975,0.6180904522613065,-0.0019095477386934512,-0.0019095477386934512,0.44221105527638194,-0.0027889447236180143,-0.0027889447236180143,0.3065326633165829,-0.0034673366834171437,-0.0034673366834171437,0.42366412213740456,0.13223555070883308,0.1939686906653233,0.46743295019157083,0.4170854271356784,0.12134607876475112,0.19004035201046976,0.45959595959595956,0.42366412213740456,0.13223555070883308,0.1939686906653233,0.46743295019157083,17.0,-5.0,-5.0,27.0,-9.0,-9.0,35.0,-9.0,-9.0,-0.0001883445977697725,-0.00031367438892548324,-0.0001835681723309747,-0.00012787541372372146,-0.00017828449388890277,8.936283448512938e-05,0.9580152671755725,-0.3546634189139527,251,-0.4860866069793701
442,0,test,2.4172970599308337,1.11673082042221,1.5430790131224605,3.889282420447375,1.7967512641429972,2.482719306029434,11.215503474617291,7.544128517906812,8.818503255636648,18.045055869775307,12.138039179648949,14.188429819124888,2.5499673848224385,1.1283263681434434,1.596869740212365,3.669017819888401,1.6234911771848108,2.297654302463835,12.806686083510815,8.662770986065865,10.212954396324424,18.4268864510947,12.464418684986857,14.69489841197759,2.4172970599308337,1.11673082042221,1.5430790131224605,3.889282420447375,1.7967512641429972,2.482719306029434,11.215503474617291,7.544128517906812,8.818503255636648,18.045055869775307,12.138039179648949,14.188429819124888,0.6331658291457287,-0.0018341708542712887,-0.0018341708542712887,0.4623115577889447,-0.002688442211055242,-0.002688442211055242,0.3417085427135679,-0.003291457286432098,-0.003291457286432098,0.39372822299651566,0.09285865777912439,0.17124850109616807,0.3846153846153846,0.40703517587939697,0.10377703051598841,0.1849984479995973,0.4040404040404041,0.39372822299651566,0.09285865777912439,0.17124850109616807,0.3846153846153846,18.0,-9.0,-9.0,28.0,-16.0,-16.0,38.0,-21.0,-21.0,0.0007387924636929028,0.0001728455222257848,3.195456011816775e-05,-0.00497665250179935,-0.004093325001585768,-0.004186451575502126,0.03484320557491289,-0.39977392816667867,10,-0.4033946990966797
177,0,test,2.6904647334029734,1.303734938984503,1.7620698331593077,4.105680286811474,1.9895145889705708,2.6889389361506195,14.738523813423635,10.736781700969956,12.208079512730011,22.491157726843003,16.384453000324093,18.629670470293195,2.8139125706040624,1.364060338019357,1.8452007263901984,4.16875936385787,2.0208301303990472,2.7336307057632565,16.67503299656225,12.41254838426574,14.040484432935976,24.70375258749963,18.388960569282574,20.800717678423666,2.6904647334029734,1.303734938984503,1.7620698331593077,4.105680286811474,1.9895145889705708,2.6889389361506195,14.738523813423635,10.736781700969956,12.208079512730011,22.491157726843003,16.384453000324093,18.629670470293195,0.6482412060301508,-0.0017587939698492372,-0.0017587939698492372,0.49246231155778897,-0.002537688442211028,-0.002537688442211028,0.33668341708542715,-0.0033165829145728187,-0.0033165829145728187,0.37262357414448666,0.0709157942583386,0.1425350785692654,0.33206106870229013,0.3668341708542714,0.07109482248334409,0.13811964664725973,0.3232323232323232,0.37262357414448666,0.0709157942583386,0.1425350785692654,0.33206106870229013,20.0,0.0,0.0,29.0,0.0,0.0,39.0,0.0,0.0,0.00019735994706862844,0.00014248984164049385,0.00021399957199421405,-0.00013480533558407615,-0.00018378111340844328,8.585827751517172e-05,0.03802281368821293,-0.4650759050016055,10,-0.47554850578308105
246,0,test,3.019870309798593,1.4173555530342825,1.9284263130069803,4.882777319089933,2.291698264321665,3.1180399476541436,20.488634336767014,15.523130565949815,17.51006231962351,33.1277269471103,25.099087733256518,28.31172414017048,2.9836200843952363,1.351730807514652,1.8514770955483328,4.735904895865454,2.1456044563724634,2.9388525326164014,19.759217362911585,14.645690897327338,16.6569197921046,31.363837083986642,23.247128408456092,26.439555225562852,3.019870309798593,1.4173555530342825,1.9284263130069803,4.882777319089933,2.291698264321665,3.1180399476541436,20.488634336767014,15.523130565949815,17.51006231962351,33.1277269471103,25.099087733256518,28.31172414017048,0.6834170854271358,-0.0015829145728643024,-0.0015829145728643024,0.5125628140703518,-0.0024371859296482556,-0.0024371859296482556,0.3869346733668342,-0.0030653266331658324,-0.0030653266331658324,0.39919354838709675,0.09677419354838712,0.15994623655913975,0.4251012145748988,0.3869346733668342,0.08291457286432158,0.14572864321608037,0.41414141414141414,0.39919354838709675,0.09677419354838712,0.15994623655913975,0.4251012145748988,17.0,-5.0,-5.0,26.0,-3.0,-3.0,36.0,-9.0,-9.0,3.818739402113e-05,-0.0002634742033471993,-8.129065001923266e-05,-0.005705491135760354,-0.006129524420996901,-0.005700293390816569,0.9556451612903226,-0.253398138969764,237,-0.4255204200744629
212,0,test,2.4119477325704275,1.1613915285193586,1.5669823650476853,4.2827533456539,2.062214444870912,2.7823981738346717,11.155668256787225,7.663383416441322,8.827771064459629,19.8084622251927,13.607417989450294,15.67495246702126,2.3751898449675037,1.1169238654757518,1.511107688561283,3.86209730889025,1.816136366627239,2.4570856724573713,10.753054405576792,7.233740774266451,8.380227203630543,17.484641309880963,11.762180120758458,13.626385696960233,2.4119477325704275,1.1613915285193586,1.5669823650476853,4.2827533456539,2.062214444870912,2.7823981738346717,11.155668256787225,7.663383416441322,8.827771064459629,19.8084622251927,13.607417989450294,15.67495246702126,0.6432160804020101,-0.001783919597989958,-0.001783919597989958,0.42211055276381915,-0.0028894472361808976,-0.0028894472361808976,0.29648241206030146,-0.0035175879396985854,-0.0035175879396985854,0.37318840579710144,0.07300757397070001,0.14547756242360743,0.33818181818181814,0.37688442211055273,0.07362627674714417,0.15317824514895007,0.3232323232323232,0.37318840579710144,0.07300757397070001,0.14547756242360743,0.33818181818181814,19.0,-5.0,-5.0,30.0,-11.0,-11.0,38.0,-9.0,-9.0,0.00011127732882703633,2.515885795670316e-05,2.89431828506763e-05,-0.00929664483339554,-0.009995938982536146,-0.010816720768504595,0.03985507246376811,0.3349759969353068,11,-0.345811128616333
315,0,test,2.3559917832139954,1.101396469138025,1.5189244471573382,4.1539855125088865,1.9419358797959911,2.6781036305142543,10.54858558555189,7.04216649682135,8.239001783435707,18.59882195347307,12.416451454921855,14.52666103921559,2.586533145140364,1.1899922650146564,1.6489442897629036,4.150968515184939,1.9097456511122308,2.646289626313047,13.283639233056919,9.242442455693329,10.72982286475787,21.318098446599407,14.832629424862677,17.219635081345288,2.3726354385378152,1.0921764237413798,1.5175173046228934,4.090750756099681,1.8830627995541032,2.61640914590154,10.72562178621051,7.127330770835512,8.373969612166492,18.492451355535366,12.288501329026746,14.43787864166637,0.5858585858585859,-0.004141414141414224,-0.004141414141414224,0.45959595959595956,-0.00040404040404040664,-0.00040404040404040664,0.3484848484848485,-0.0015151515151514694,-0.0015151515151514694,0.3892215568862275,0.13511094403122004,0.19400243338025136,0.3363363363363363,0.3939393939393939,0.11686130829707653,0.17917429326825296,0.35025380710659904,0.3946488294314381,0.13588422175197234,0.19553870707326237,0.3355704697986577,16.0,0.0,0.0,27.0,0.0,0.0,35.0,0.0,0.0,0.0007607660204991668,0.0001275830482983357,0.0004781781369457027,-0.004306706397620097,-0.0035282563248193455,-0.004005522794927607,0.038922155688622756,-0.34493748881872566,13,-0.5232839584350586
37,0,test,2.108487514010476,0.986189342484284,1.3514784468573429,3.7330598608710073,1.7460401473492242,2.392781512468739,8.235775364886361,5.1638695010723765,6.103885030334579,14.581372777175854,9.142588624849454,10.806878414362863,2.3450799548119914,1.0683130429238,1.486570377989394,3.844393368544248,1.7513328572521312,2.437000619654744,10.434106951257956,6.849076701486096,8.074465743608688,17.105093362717962,11.227994592600158,13.236829087883095,2.1121649837580088,0.9621799224323477,1.3155856645627262,3.6002812223147878,1.6400794132369565,2.242475564595556,8.266117937388902,5.107972206562116,6.048176868273565,14.0899737569129,8.70677080663997,10.309392389102667,0.6331658291457287,-0.0018341708542712887,-0.0018341708542712887,0.42713567839195976,-0.002864321608040288,-0.002864321608040288,0.2864321608040201,-0.003567839195979916,-0.003567839195979916,0.34674922600619196,0.0886348519721889,0.14798506534707767,0.2795031055900621,0.3517587939698492,0.05601944559892191,0.12471371884464055,0.297979797979798,0.3511705685618729,0.08071981730978606,0.1420493227331744,0.2818791946308725,21.0,-4.0,-4.0,33.0,-8.0,-8.0,39.0,-5.0,-5.0,0.0010314652633557093,0.00042006626474117877,0.00028091024854977125,-0.03819591736391814,-0.04722039040133286,-0.05340417728122482,0.9659442724458205,0.42756277327810244,312,-0.7045879364013672
210,0,test,2.0301376620733307,0.9341890347400659,1.2906354742641761,3.353652822983016,1.5432183502059653,2.13204423649165,7.615134601844645,4.623114952654791,5.520242209939509,12.57969749144502,7.637079396926974,9.119074147911121,2.1915341365122334,0.9861203141575057,1.3798226821946935,3.3715909792495897,1.5171081756269318,2.1228041264533744,8.948931471608107,5.610791282294203,6.697172999076949,13.767586879397088,8.631986588144928,10.303343075503,2.0301376620733307,0.9341890347400659,1.2906354742641761,3.353652822983016,1.5432183502059653,2.13204423649165,7.615134601844645,4.623114952654791,5.520242209939509,12.57969749144502,7.637079396926974,9.119074147911121,0.542713567839196,-0.0022864321608039306,-0.0022864321608039306,0.3919597989949749,-0.0030402010050251116,-0.0030402010050251116,0.3015075376884422,-0.0034924623115578646,-0.0034924623115578646,0.3657718120805369,0.1011151956651265,0.16376288350910828,0.32659932659932656,0.371859296482412,0.10368887041724906,0.16651705942064243,0.33333333333333337,0.3657718120805369,0.1011151956651265,0.16376288350910828,0.32659932659932656,19.0,-8.0,-8.0,28.0,-12.0,-12.0,39.0,-16.0,-16.0,0.0010902543116689117,0.0003473507668641064,9.679272157390503e-05,-0.025711036439317603,-0.02451792975311662,-0.023535937538346374,0.03691275167785235,-0.5799540233850855,11,-0.6121037006378174
72,0,test,2.4807249190707052,1.190170337879159,1.6127179694332254,4.045003689694908,1.9406599139940428,2.6296547781841126,11.949924006525201,8.315122216921925,9.567765648987745,19.485226405544278,13.55841584415295,15.60094271427301,2.431230482540192,1.1496387842169205,1.5711848007981986,3.628702212746555,1.7158787824133142,2.3450519414898485,11.372867588774572,7.770498539316682,9.009598939305892,16.97442923697697,11.597759013905492,13.447162595978943,2.4807249190707052,1.190170337879159,1.6127179694332254,4.045003689694908,1.9406599139940428,2.6296547781841126,11.949924006525201,8.315122216921925,9.567765648987745,19.485226405544278,13.55841584415295,15.60094271427301,0.5728643216080402,-0.0021356783919597166,-0.0021356783919597166,0.44723618090452266,-0.0027638190954772934,-0.0027638190954772934,0.3517587939698492,-0.0032412060301507672,-0.0032412060301507672,0.39607843137254906,0.11427803998311659,0.17965079121609528,0.37401574803149606,0.3919597989949749,0.11627057593733081,0.17827031652419023,0.36363636363636365,0.39607843137254906,0.11427803998311659,0.17965079121609528,0.37401574803149606,18.0,-6.0,-6.0,34.0,-16.0,-16.0,37.0,-9.0,-9.0,-0.00014564551914330738,-8.10071383686324e-05,-8.281633746798704e-05,-0.0047548950022635594,-0.005384301325679353,-0.005470372581422467,0.0392156862745098,0.4182255101249418,10,-0.36823129653930664
56,0,test,2.570242974392303,1.2231740683664858,1.6668013400411326,4.332233441114071,2.0617022032843915,2.809451315289456,13.068999487399907,9.222863879436634,10.600916738148477,22.028250708321856,15.545456098673068,17.86821186052699,2.489117267279021,1.1362674548069185,1.5852112613921396,3.8590965384170866,1.7616549686928966,2.4576918781273482,12.050633935150076,8.182199786267288,9.581404812371098,18.683153387829574,12.68558106398029,14.854891181970693,2.570242974392303,1.2231740683664858,1.6668013400411326,4.332233441114071,2.0617022032843915,2.809451315289456,13.068999487399907,9.222863879436634,10.600916738148477,22.028250708321856,15.545456098673068,17.86821186052699,0.5879396984924623,-0.002060301507537776,-0.002060301507537776,0.42211055276381915,-0.0028894472361808976,-0.0028894472361808976,0.3015075376884422,-0.0034924623115578646,-0.0034924623115578646,0.37453183520599254,0.0898876404494382,0.1573033707865169,0.3609022556390977,0.3467336683417085,0.07788944723618085,0.14070351758793964,0.3282828282828283,0.37453183520599254,0.0898876404494382,0.1573033707865169,0.3609022556390977,21.0,-12.0,-12.0,29.0,-15.0,-15.0,37.0,-19.0,-19.0,3.328860853451014e-05,0.00026024046685058804,0.00027219418958678395,-0.004838054064588704,-0.005016894536296945,-0.005512427265048636,0.052434456928838954,0.29301453426340973,14,-0.4092872142791748
368,0,test,1.670052862550556,0.7610075222000989,0.9051940637011603,3.5145888599944533,1.6015232929882677,1.904960641520352,5.31244861934233,2.830496636721967,3.1637576637433895,11.179929183989083,5.956716802653692,6.658057172952507,1.6827552028684118,0.6886596449425609,0.9935979484916381,2.926530787597238,1.197668947726193,1.7279964321593706,5.380359550391595,2.678080369685639,3.3883235043984463,9.357147044159296,4.657531077714155,5.892736529388603,1.6866942558967837,0.7451366724599866,1.0445129592215485,3.307243639013301,1.46105229894115,2.0480646259246047,5.401594868035928,2.837622958095906,3.50097268623166,10.591362486344956,5.563966584501776,6.864652325944431,0.3869346733668342,-0.0030653266331658324,-0.0030653266331658324,0.2864321608040201,-0.003567839195979916,-0.003567839195979916,0.20603015075376885,-0.003969849246231116,-0.003969849246231116,0.34123222748815163,0.11519672452957175,0.1418187377520812,0.31828978622327786,0.3266331658291457,0.11610685003967203,0.1663660539760572,0.2828282828282829,0.33444816053511706,0.11741977990072638,0.17093314384991132,0.30201342281879195,15.0,-4.0,-4.0,24.0,-10.0,-10.0,29.0,-8.0,-8.0,9.636489836729567e-06,0.000412193503494648,-5.264765880081465e-05,-0.11595812672303207,-0.12768186179991137,-0.11619685116188361,0.026066350710900472,0.5295599005744526,11,-0.4967309236526489
362,0,test,2.9780393868469197,1.408445736872782,1.9191782306339809,4.393019427006229,2.077651998591341,2.831052970051231,19.64925426779782,14.844558858856537,16.766168533147166,28.98536403039789,21.89777467024694,24.732414355526483,3.174134076476868,1.4783790406982469,2.0356378550782575,4.318549763914106,2.0114000553717646,2.7695753130316425,23.906110040075166,18.455350109385027,20.784040108660594,32.525319782415195,25.109319876714327,28.277605590014417,2.9780393868469197,1.408445736872782,1.9191782306339809,4.393019427006229,2.077651998591341,2.831052970051231,19.64925426779782,14.844558858856537,16.766168533147166,28.98536403039789,21.89777467024694,24.732414355526483,0.728643216080402,-0.001356783919598037,-0.001356783919598037,0.5527638190954773,-0.0022361809045226,-0.0022361809045226,0.42211055276381915,-0.0028894472361808976,-0.0028894472361808976,0.3984962406015038,0.08705158769343624,0.16224624060150383,0.36226415094339626,0.4170854271356784,0.11132101610810952,0.18002365751965166,0.3787878787878788,0.3984962406015038,0.08705158769343624,0.16224624060150383,0.36226415094339626,22.0,0.0,0.0,32.0,0.0,0.0,41.0,1.0,1.0,0.00021232302073312384,0.000533117240768604,0.0001048506415382375,-0.00015559510116602837,0.0002314721571865519,7.534460660885145e-05,0.03759398496240601,-0.7567007854488335,10,-0.36237215995788574
454,0,test,2.676805269701559,1.2818770453773682,1.7460620677419225,4.478177369437828,2.1445238620778615,2.9210849686751654,14.538572207156035,10.503887237157318,12.002178677210221,24.322391239644684,17.57254091247702,20.079116529169298,2.6234230831500622,1.2537066491653854,1.7036912142672174,4.2313275534678425,2.0221074986538476,2.7478890552697055,13.782822675096346,9.848587753136286,11.274205013801797,22.230359153381205,15.884818956671431,18.18420163516419,2.676805269701559,1.2818770453773682,1.7460620677419225,4.478177369437828,2.1445238620778615,2.9210849686751654,14.538572207156035,10.503887237157318,12.002178677210221,24.322391239644684,17.57254091247702,20.079116529169298,0.6231155778894473,-0.0018844221105527303,-0.0018844221105527303,0.44221105527638194,-0.0027889447236180143,-0.0027889447236180143,0.33668341708542715,-0.0033165829145728187,-0.0033165829145728187,0.39622641509433965,0.10997406104537544,0.17665301484339857,0.39015151515151514,0.38190954773869346,0.10120779335272856,0.16655061618610578,0.36868686868686873,0.39622641509433965,0.10997406104537544,0.17665301484339857,0.39015151515151514,18.0,-4.0,-4.0,30.0,-9.0,-9.0,36.0,-6.0,-6.0,-0.00016362294119843222,-0.00022488322570126383,-1.036290437569973e-05,-0.0001486651793047855,0.00023534568223659846,7.884916357880911e-05,0.06415094339622641,0.27427282192208335,17,-0.4811069965362549
408,0,test,1.9464521562024897,0.8824654645226517,1.1365663785953113,3.177541554142526,1.4406060147335598,1.8554203274504655,7.0037950784171406,4.105894049856739,4.756143838506356,11.433545811774989,6.702784303612283,7.764303189356529,1.886323740952243,0.8061301005945543,1.1534175104223605,2.601825849589301,1.1119035870269716,1.5909207040308422,6.595078842264925,3.6498290271865725,4.5139588002334,9.096660472089553,5.034246934050445,6.226150069287449,1.9071488015076548,0.8767435586721943,1.2116861355757254,2.875098695740183,1.321723957797278,1.8266625159433048,6.7338618249145386,3.9316606483252485,4.729225488557528,10.151550489820913,5.927126605515451,7.129485661142004,0.46733668341708545,-0.002663316582914521,-0.002663316582914521,0.3417085427135679,-0.003291457286432098,-0.003291457286432098,0.2613065326633166,-0.003693467336683409,-0.003693467336683409,0.3648293963254593,0.12498667024420107,0.1673709408024876,0.39473684210526316,0.36180904522613067,0.12371380713089253,0.17483074806419407,0.38888888888888884,0.36454849498327757,0.12414782720364481,0.17989888430474588,0.3926174496644296,17.0,-8.0,-8.0,26.0,-14.0,-14.0,32.0,-18.0,-18.0,-0.00034565113837989385,-3.564605815548668e-05,-3.449158200020852e-05,-0.011757265909840164,-0.012345254343169465,-0.011620425483149788,0.9711286089238845,0.2031083396404621,370,-0.96651291847229
341,0,test,1.7272127526912247,0.8128116714411577,1.1105122490115595,3.566582177635126,1.6784033215473255,2.29313568302387,5.624953901068067,3.1296735669640774,3.7721492778017227,11.615164548958736,6.462572690224524,7.78924331390226,1.7326700381836748,0.8055877456144209,1.1080690668927882,3.0397719968134647,1.4133118344112647,1.9439808191101549,5.655734794055521,3.128609795023662,3.7882341716810664,9.922341743957055,5.488789114076601,6.646024862598363,1.6939675210314897,0.7727474276200123,1.076446201192157,3.480755180201691,1.587837180041121,2.211875755874295,5.441025319903137,2.92867149283489,3.586699260336979,11.180189013499595,6.017818135962101,7.369929986993792,0.4623115577889447,-0.002688442211055242,-0.002688442211055242,0.3316582914572864,-0.0033417085427135396,-0.0033417085427135396,0.2613065326633166,-0.003693467336683409,-0.003693467336683409,0.3722397476340694,0.12972006259469937,0.17916524606009254,0.36708860759493667,0.3517587939698492,0.10865102454629028,0.16478049680791262,0.33838383838383834,0.3712374581939799,0.13083679041434715,0.17657672404492541,0.35906040268456374,17.0,-8.0,-8.0,31.0,-19.0,-19.0,38.0,-22.0,-22.0,5.8688160428412536e-05,-9.826834884226829e-05,-7.300657299127148e-05,-0.08673698937986885,-0.08174381403628672,-0.08518087054901002,0.9621451104100947,0.33388524500742417,305,-0.33271658420562744
397,0,test,2.4855451659437016,1.1786465800714867,1.6120851340499311,4.181564220352345,1.982899540590854,2.7120961666957664,12.007664640606434,8.312967501904494,9.612480695073934,20.201129924784944,13.985345326733443,16.17158516935968,2.678434676619956,1.2350948047160784,1.7013734111276082,4.089213246748024,1.8856409232306537,2.597516658210089,14.56228076749465,10.327464800503527,11.905643160993737,22.232489721365877,15.767121832829812,18.176554444265246,2.4855451659437016,1.1786465800714867,1.6120851340499311,4.181564220352345,1.982899540590854,2.7120961666957664,12.007664640606434,8.312967501904494,9.612480695073934,20.201129924784944,13.985345326733443,16.17158516935968,0.6281407035175879,-0.0018592964824121205,-0.0018592964824121205,0.4824120603015075,-0.0025879396984924696,-0.0025879396984924696,0.37688442211055273,-0.003115577889447274,-0.003115577889447274,0.3929824561403509,0.1005131041263404,0.17828000573194946,0.3380281690140845,0.40703517587939697,0.10878956184430921,0.1833289989177943,0.3535353535353535,0.3929824561403509,0.1005131041263404,0.17828000573194946,0.3380281690140845,18.0,-6.0,-6.0,30.0,-12.0,-12.0,40.0,-16.0,-16.0,0.00040890746642781225,0.00015305370336048677,0.00014513078673880793,-0.02164580686146067,-0.019116978995073808,-0.019166275703788926,0.9543859649122807,0.242391432860568,272,-0.6057932376861572
1,0,test,2.0564524608149,0.9386473683717065,1.1970486752127287,4.009043686235108,1.8298883039973668,2.3336403466268347,7.818185237540713,4.7600507286472755,5.456433074330083,15.241512634801591,9.279694854837619,10.637288720663697,2.1296696964880657,0.9401298593160565,1.3267615129988117,3.3018134829272334,1.457565673358227,2.0569945937966074,8.412087810362024,5.126518847597066,6.180065180065838,13.041996605212441,7.9480912365846,9.58149640320285,1.9734907780676005,0.8867078243474931,1.231416689545973,3.588165051032001,1.6121960442681693,2.238939435538133,7.1957514686950566,4.231030399007355,5.095464287096629,13.083184488536466,7.692782543649735,9.26448052199387,0.5728643216080402,-0.0021356783919597166,-0.0021356783919597166,0.3919597989949749,-0.0030402010050251116,-0.0030402010050251116,0.31155778894472363,-0.003442211055276312,-0.003442211055276312,0.35324675324675325,0.10162548217022926,0.14308057533863983,0.35677083333333337,0.371859296482412,0.0861450107681263,0.15650036492982433,0.38383838383838387,0.36454849498327757,0.10745333638561483,0.16766306672966247,0.3557046979865772,16.0,-3.0,-3.0,25.0,-1.0,-1.0,37.0,-5.0,-5.0,0.00012152205745401363,-2.0671844381233854e-05,0.00011627348312377954,-0.026993085153558027,-0.02798953735135079,-0.029129628924863482,0.9714285714285714,0.4121846272930017,374,-0.45648860931396484
338,0,test,2.540269933051663,1.175613064095075,1.6214210569380512,4.161363245591211,1.9258398221031165,2.6561437051156234,12.68309409509952,8.768714418753216,10.176690547393662,20.7769107215775,14.36453875177336,16.67102596250672,2.5555984097562616,1.151474965260417,1.615679533083088,4.02456442481301,1.8133464019849086,2.5443772174536816,12.879004273841845,8.807048392714517,10.319230521298458,20.281896494239128,13.869367547581916,16.250756726454266,2.540269933051663,1.175613064095075,1.6214210569380512,4.161363245591211,1.9258398221031165,2.6561437051156234,12.68309409509952,8.768714418753216,10.176690547393662,20.7769107215775,14.36453875177336,16.67102596250672,0.6683417085427136,-0.0016582914572863539,-0.0016582914572863539,0.46733668341708545,-0.002663316582914521,-0.002663316582914521,0.33668341708542715,-0.0033165829145728187,-0.0033165829145728187,0.41129032258064513,0.10545531252028295,0.17536538960477377,0.3765182186234818,0.39698492462311563,0.09122051359554673,0.16159260408889198,0.35858585858585856,0.41129032258064513,0.10545531252028295,0.17536538960477377,0.3765182186234818,23.0,-12.0,-12.0,32.0,-17.0,-17.0,41.0,-16.0,-16.0,2.6128032778091716e-06,0.00017827645961039434,9.431370621122165e-05,-3.085650767697956e-05,-0.00010133182060556578,-0.00011602607612637428,0.9556451612903226,0.17892874903871453,237,-0.4144766330718994
83,0,test,1.670292961212787,0.7805154790430178,0.9940899647281844,3.724561315807824,1.7404598038430512,2.2167063581295148,5.3137242842856,2.8791364324798026,3.347327161805163,11.848994381050648,6.420143309207836,7.464154820577031,1.942511182988822,0.8778995808390415,1.230109441722342,3.37828031824143,1.5267818797200723,2.1393207682127686,6.976247627156741,4.0765351039507,4.937365376671055,12.132604568968246,7.08962626774035,8.58672239421053,1.6238359157410152,0.7311080085307564,1.0269734747356167,3.5558450709657268,1.6009664420381529,2.248847024968504,5.0725107690465245,2.6307292412970855,3.256100014539431,11.107687815430346,5.760720966343983,7.13014601723963,0.4824120603015075,-0.0025879396984924696,-0.0025879396984924696,0.33668341708542715,-0.0033165829145728187,-0.0033165829145728187,0.2361809045226131,-0.0038190954773869024,-0.0038190954773869024,0.34883720930232553,0.11657914478619646,0.1523562708859032,0.2901554404145078,0.3517587939698492,0.09862596188964867,0.14808600598988264,0.2727272727272727,0.34782608695652173,0.11577266458590407,0.17541229385307344,0.2651006711409396,21.0,-12.0,-12.0,27.0,-13.0,-13.0,34.0,-15.0,-15.0,0.0005417396960378429,9.80505361196156e-05,0.0002527239092862067,-0.09041459752056724,-0.10052083119020416,-0.09833137638924061,0.028423772609819122,0.31268839400785564,11,-0.3800402879714966
139,0,test,2.4545847854002645,1.134164168781211,1.5614563427875048,3.9463213953120273,1.823435210581947,2.5104077113323973,11.641598783437184,7.896602529746544,9.19883903984875,18.716603568951495,12.695642741194721,14.7892937049502,2.60856743117984,1.1675914257911897,1.6287391509007239,4.0131806633536,1.7962945012172145,2.5057525398472675,13.579583223285029,9.354765973484088,10.915584481755738,20.891666497361584,14.391947651513984,16.79320689500883,2.4545847854002645,1.134164168781211,1.5614563427875048,3.9463213953120273,1.823435210581947,2.5104077113323973,11.641598783437184,7.896602529746544,9.19883903984875,18.716603568951495,12.695642741194721,14.7892937049502,0.5728643216080402,-0.0021356783919597166,-0.0021356783919597166,0.46733668341708545,-0.002663316582914521,-0.002663316582914521,0.3316582914572864,-0.0033417085427135396,-0.0033417085427135396,0.37241379310344824,0.11079589293133119,0.17057893071812713,0.3460207612456747,0.39698492462311563,0.11377690457299028,0.18997323847954306,0.3737373737373737,0.37241379310344824,0.11079589293133119,0.17057893071812713,0.3460207612456747,13.0,-1.0,-1.0,21.0,-2.0,-2.0,28.0,-4.0,-4.0,0.0009393421455276337,0.00042190841313804594,2.120143568263226e-05,-0.009672971308943623,-0.009349438745169358,-0.009011020364141586,0.04827586206896552,-0.28963883805543,14,-0.4620778560638428
268,0,test,1.872951180628073,0.8715375149526698,1.198215090893211,3.2745636535484186,1.5237477082616213,2.094892609243759,6.507472816547019,3.785345528914603,4.543958100650515,11.377303467340482,6.618087547241424,7.944403566700238,1.8196344689038946,0.8421640697136866,1.1563479356890771,2.8289629633740234,1.309301952132997,1.7977596812666117,6.169602855969332,3.5118781071224774,4.228441301703183,9.591804440139821,5.459872994666977,6.573904836241668,1.872951180628073,0.8715375149526698,1.198215090893211,3.2745636535484186,1.5237477082616213,2.094892609243759,6.507472816547019,3.785345528914603,4.543958100650515,11.377303467340482,6.618087547241424,7.944403566700238,0.4797979797979798,-0.005202020202020208,-0.005202020202020208,0.3484848484848485,-0.006515151515151474,-0.006515151515151474,0.2272727272727273,-0.007727272727272694,-0.007727272727272694,0.3612167300380228,0.10694728032265277,0.15135579451337045,0.3549618320610687,0.36868686868686873,0.10924102485815335,0.1606331774117009,0.36040609137055835,0.3612167300380228,0.10694728032265277,0.15135579451337045,0.3549618320610687,11.0,1.0,1.0,22.0,1.0,1.0,29.0,0.0,0.0,-9.717214887832057e-06,-3.301927343575817e-05,-6.533500481389756e-05,-0.025190522329224585,-0.02830120716238138,-0.026540609280387706,0.9581749049429658,0.40340879598703605,252,-0.7903136014938354
74,0,test,2.361100725588398,1.1205801669224973,1.5288041597963455,4.1502577971522765,1.9697154486898554,2.6872768771575517,10.602615602039235,7.145202819456864,8.304024052046158,18.63689574768387,12.559580111219207,14.596514327509702,2.399385275928775,1.1270616565281844,1.5365948076564364,3.691361962967346,1.7339410100433603,2.363992011779133,11.016402251102628,7.44726600231043,8.646638023267357,16.948311155542505,11.457332311246816,13.302520035795936,2.361100725588398,1.1205801669224973,1.5288041597963455,4.1502577971522765,1.9697154486898554,2.6872768771575517,10.602615602039235,7.145202819456864,8.304024052046158,18.63689574768387,12.559580111219207,14.596514327509702,0.5829145728643217,-0.002085427135678275,-0.002085427135678275,0.42713567839195976,-0.002864321608040288,-0.002864321608040288,0.3065326633165829,-0.0034673366834171437,-0.0034673366834171437,0.3865248226950354,0.10156907048264607,0.17426067175163917,0.3416370106761566,0.37688442211055273,0.09117013639626703,0.16319493963976806,0.3232323232323232,0.3865248226950354,0.10156907048264607,0.17426067175163917,0.3416370106761566,22.0,-8.0,-8.0,30.0,-6.0,-6.0,39.0,-8.0,-8.0,0.0002964091505147714,0.00024158113574930897,0.0001857360944608457,-0.011374383301063773,-0.01129132988435444,-0.012481168238260842,0.9609929078014184,-0.44196755441659336,271,-0.20311617851257324
234,0,test,2.2760762206602387,1.082625086499813,1.4739191567132637,4.067307802599953,1.934631811378364,2.6338673688012166,9.738394035689426,6.439949072419184,7.50804729173538,17.402337270876963,11.508074673790492,13.416747231385118,2.3041863896942414,1.070131604637918,1.4720497673384028,3.5449021379911403,1.6463563148275657,2.2646919497513887,10.016025794603586,6.580895745164598,7.71780185984186,15.409270453236285,10.12445499256092,11.87354132283363,2.2855824244721332,1.1008970778557365,1.4873069751635288,4.057246907346982,1.9542551677912479,2.640189896739992,9.831410610979447,6.5617527602955175,7.60970443307265,17.452208185170615,11.648081823009793,13.508351064626007,0.5979899497487438,-0.0020100502512562235,-0.0020100502512562235,0.44221105527638194,-0.0027889447236180143,-0.0027889447236180143,0.3015075376884422,-0.0034924623115578646,-0.0034924623115578646,0.38870431893687707,0.10014710500652879,0.16770984379875553,0.3666666666666667,0.39698492462311563,0.10876437324466948,0.17828709490692196,0.36363636363636365,0.3913043478260869,0.09915075851056099,0.17105963147458525,0.3691275167785235,17.0,-7.0,-7.0,25.0,-10.0,-10.0,35.0,-13.0,-13.0,0.0005377823096223706,0.0002960876997826656,6.27785610403365e-05,-0.01021152759026478,-0.011920381641394862,-0.010850054974635981,0.03322259136212625,0.6677044248235082,10,-0.6896188259124756
271,0,test,2.8785784528848484,1.3924659482690274,1.8855729867724063,4.448712154458402,2.1519928291430426,2.914067343193719,17.788967341946957,13.369087526627084,15.089632288677283,27.492040437554387,20.661317086605493,23.32034080977398,3.0616191332766682,1.4592860807974897,1.9910061376863855,4.373741618966669,2.084694401139271,2.844294482409122,21.36211729071497,16.397515691244084,18.44495012810181,30.5173104153071,23.42502241606298,26.349928754431154,2.8785784528848484,1.3924659482690274,1.8855729867724063,4.448712154458402,2.1519928291430426,2.914067343193719,17.788967341946957,13.369087526627084,15.089632288677283,27.492040437554387,20.661317086605493,23.32034080977398,0.7085427135678393,-0.0014572864321606982,-0.0014572864321606982,0.5577889447236181,-0.00221105527638199,-0.00221105527638199,0.4120603015075377,-0.0029396984924623393,-0.0029396984924623393,0.38745387453874536,0.08118081180811809,0.1512915129151291,0.3222222222222222,0.39698492462311563,0.085427135678392,0.16080402010050254,0.33333333333333337,0.38745387453874536,0.08118081180811809,0.1512915129151291,0.3222222222222222,15.0,0.0,0.0,22.0,0.0,0.0,32.0,0.0,0.0,0.0003372498066573236,0.0005489261002032564,0.0001682059923249483,-0.00019024471046957814,0.00021210453193631906,5.782182176528039e-05,0.03690036900369004,0.5428720163261866,10,-0.5133819580078125
200,0,test,1.7175650810599068,0.7781110888133664,1.0105572470470068,3.390633657429143,1.5360638592636926,1.9949342545332107,5.570947131579124,3.012363101425867,3.5430328162490716,10.997569207935992,5.946685707996143,6.994277217569412,1.76266795157184,0.727513587957032,1.0582694344346644,2.8661267505233172,1.1829489235073694,1.7207633080238445,5.827965400658906,3.0124245815191646,3.805335658812631,9.476366505136433,4.898251352063682,6.187537656605905,1.857434375380935,0.8165731988643019,1.1532611884557522,3.2586567989139215,1.4325845594110562,2.023265242904829,6.407276998050639,3.575622479035616,4.3851029644485315,11.240836838685333,6.273021893044941,7.693163095523741,0.48743718592964824,-0.002562814070351749,-0.002562814070351749,0.33668341708542715,-0.0033165829145728187,-0.0033165829145728187,0.2211055276381909,-0.003894472361809065,-0.003894472361809065,0.35,0.09901445466491454,0.1496089931573802,0.31398416886543534,0.371859296482412,0.11371393307389066,0.17319485574785443,0.3232323232323232,0.35451505016722407,0.09241154432415233,0.15985431601816957,0.3389261744966443,12.0,-2.0,-2.0,22.0,-7.0,-7.0,29.0,-7.0,-7.0,0.0005078516319206439,0.00016076377025009116,0.00016579318499523887,-0.10533792343350878,-0.10701009557431629,-0.10626808018857758,0.02631578947368421,0.5020951553849119,10,-0.3593106269836426
92,0,test,2.584865163627591,1.2138656963144234,1.6655167156068589,4.248872112712853,1.9952917383168338,2.737693101278775,13.261500836744435,9.322214920653385,10.753844847421963,21.798592000398667,15.323390775824002,17.67663246794985,2.6224278082106447,1.2260743543387023,1.6877341641450316,4.129807571985268,1.9308257548640984,2.657849077393751,13.769111801269748,9.728672379302507,11.222678577968843,21.683640631920863,15.320743904413398,17.673509571604477,2.584865163627591,1.2138656963144234,1.6655167156068589,4.248872112712853,1.9952917383168338,2.737693101278775,13.261500836744435,9.322214920653385,10.753844847421963,21.798592000398667,15.323390775824002,17.67663246794985,0.6180904522613065,-0.0019095477386934512,-0.0019095477386934512,0.4371859296482412,-0.002814070351758735,-0.002814070351758735,0.3417085427135679,-0.003291457286432098,-0.003291457286432098,0.37786259541984735,0.09214830970556165,0.15451234161274074,0.3716475095785441,0.37688442211055273,0.09367640206042738,0.15484769423075306,0.36868686868686873,0.37786259541984735,0.09214830970556165,0.15451234161274074,0.3716475095785441,23.0,0.0,0.0,31.0,0.0,0.0,37.0,0.0,0.0,0.0002644343176754961,0.00010286094712931629,8.853441598145183e-05,-0.00012787541372372146,-0.00017828449388890277,8.936283448512938e-05,0.05725190839694656,0.25053261418405176,15,-0.30043482780456543
41,0,test,2.5811320692172264,1.2490638820504743,1.6892854780323125,4.461426954077457,2.158977968312409,2.919890793155189,13.212086693315308,9.423215308243725,10.772456198747431,22.836785608975468,16.287809241401405,18.619940846841587,2.514070947941059,1.189134717856127,1.6247897691314952,4.2611371999001,2.015482572637503,2.753880964629653,12.355124891154727,8.593179442745882,9.921745033689875,20.940889646024964,14.564710919908277,16.81651700625403,2.5811320692172264,1.2490638820504743,1.6892854780323125,4.461426954077457,2.158977968312409,2.919890793155189,13.212086693315308,9.423215308243725,10.772456198747431,22.836785608975468,16.287809241401405,18.619940846841587,0.6582914572864322,-0.0017085427135676845,-0.0017085427135676845,0.4623115577889447,-0.002688442211055242,-0.002688442211055242,0.33668341708542715,-0.0033165829145728187,-0.0033165829145728187,0.3846153846153846,0.09478812933707359,0.15827267361794217,0.3938223938223938,0.37688442211055273,0.08866387073210658,0.14983934698534407,0.38383838383838387,0.3846153846153846,0.09478812933707359,0.15827267361794217,0.3938223938223938,18.0,-1.0,-1.0,26.0,-1.0,-1.0,36.0,-5.0,-5.0,-0.00012672418458046706,-0.00014171048144061933,-7.084968984624927e-05,-0.004773748905341435,-0.005398540753660974,-0.004083384584751215,0.95,-0.22142687301069527,247,-0.33648133277893066
254,0,test,2.096982522175257,0.987862774818685,1.3548520563053181,3.444266629686821,1.6225518114897575,2.225326952584383,8.141565815770344,5.109877248099053,6.0411602222120795,13.372416391705695,8.392907189882902,9.922527411612588,2.2644006484484365,1.077458485606733,1.4653674364136007,3.2817400702151254,1.5615340371112072,2.123720922338552,9.625353901149042,6.348308700766606,7.4019635590941695,13.949788262534845,9.200447392415372,10.727483418977059,2.159533325793239,1.0154703064323165,1.3949172016212779,3.4278306758622845,1.6118576292576454,2.2141542882877427,8.66709200624917,5.527593677125488,6.518922420270625,13.757288898808207,8.773958217659505,10.347495905191469,0.5778894472361809,-0.002110552763819218,-0.002110552763819218,0.42713567839195976,-0.002864321608040288,-0.002864321608040288,0.3015075376884422,-0.0034924623115578646,-0.0034924623115578646,0.37341772151898733,0.10327554142420059,0.16394403730846097,0.33333333333333337,0.3919597989949749,0.10373924761652875,0.16658417295156924,0.36363636363636365,0.3812709030100334,0.10247290634893158,0.17103731012905454,0.34563758389261745,18.0,0.0,0.0,30.0,0.0,0.0,36.0,0.0,0.0,0.0004937976167406842,0.0003002333532539089,0.00019984370866502185,-0.02262516344132326,-0.02681869245352786,-0.02674543023699716,0.9651898734177216,-0.4114348171656186,305,-0.8579611778259277
277,0,test,1.9026685653169457,0.8735901731901172,1.0683585324544547,3.910509764897642,1.7954692504259193,2.1957720591651855,6.70376001542304,3.905274475857702,4.400535664604843,13.778079629688559,8.026418395104525,9.044317019212968,2.0750180911448624,0.8965772659901738,1.24871842965989,3.0514971928600914,1.3184959793973143,1.8363506318527796,7.964690548101889,4.715386529927214,5.67984218220823,11.712780217796896,6.934391955775315,8.35270909148269,1.9726884022201714,0.8754358901424029,1.2332202123310736,3.565099522084647,1.5821130544742221,2.22871122710435,7.189980087230658,4.194056644769798,5.095158916098903,12.993939916681912,7.579620442355059,9.208118523070308,0.507537688442211,-0.0024623115577889765,-0.0024623115577889765,0.3417085427135679,-0.003291457286432098,-0.003291457286432098,0.2613065326633166,-0.003693467336683409,-0.003693467336683409,0.34068627450980393,0.08976828185374519,0.12367747685584496,0.32678132678132676,0.3417085427135679,0.08356317930504653,0.1397052038154043,0.33838383838383834,0.3311036789297659,0.07400852033210314,0.13533059772843103,0.3221476510067114,26.0,-16.0,-16.0,34.0,-18.0,-18.0,41.0,-15.0,-15.0,0.0001470768001242874,0.0006000889296510578,5.400715568554512e-05,-0.06529313674069925,-0.0715400525110157,-0.06806751822668122,0.029411764705882353,-0.39035374640918785,12,-0.5836478471755981
4,0,test,2.2927957839199933,1.022224995584716,1.4287609579542466,3.43919367587999,1.5333374933770743,2.14314143693137,9.902584502414042,6.339698866780228,7.529869604766702,14.853876753621064,9.509548300170344,11.294804407150053,2.608762613798616,1.1825844212477565,1.6442790504681408,3.6232814080536335,1.6424783628441064,2.2837209034279735,13.582233980582894,9.419474493715743,10.958801510739683,18.864213861920685,13.082603463494086,15.220557653805114,2.2927957839199933,1.022224995584716,1.4287609579542466,3.43919367587999,1.5333374933770743,2.14314143693137,9.902584502414042,6.339698866780228,7.529869604766702,14.853876753621064,9.509548300170344,11.294804407150053,0.6130653266331658,-0.001934673366834172,-0.001934673366834172,0.507537688442211,-0.0024623115577889765,-0.0024623115577889765,0.3668341708542714,-0.0031658291457286047,-0.0031658291457286047,0.4006968641114983,0.1259142554158461,0.18980462772679374,0.39160839160839156,0.40703517587939697,0.11129582750846967,0.1866678970814003,0.43939393939393945,0.4006968641114983,0.1259142554158461,0.18980462772679374,0.39160839160839156,19.0,-7.0,-7.0,29.0,-12.0,-12.0,39.0,-16.0,-16.0,0.0004949934095897832,0.00011504557000901534,-1.560116905617165e-05,-0.025635174285867812,-0.022984088550001225,-0.025784618789730374,0.041811846689895474,-0.5808236103776717,12,-0.4294264316558838
297,0,test,2.371264572845548,1.0958626355229875,1.4974549964341137,3.671635467631816,1.696819564680755,2.318639994478628,10.710928472856212,7.130788359976811,8.314907157566278,16.584663441841876,11.041220686415706,12.87469495365101,2.49993901948802,1.1556900245295698,1.583772647429773,3.8460600299815693,1.7779846531224153,2.436573303738112,12.181751088635146,8.346445963363452,9.682061968844012,18.741155520977145,12.840686097482232,14.89547995206771,2.371264572845548,1.0958626355229875,1.4974549964341137,3.671635467631816,1.696819564680755,2.318639994478628,10.710928472856212,7.130788359976811,8.314907157566278,16.584663441841876,11.041220686415706,12.87469495365101,0.6281407035175879,-0.0018592964824121205,-0.0018592964824121205,0.4974874371859297,-0.002512562814070307,-0.002512562814070307,0.3417085427135679,-0.003291457286432098,-0.003291457286432098,0.41422594142259417,0.12195036730985931,0.187522186207017,0.4285714285714286,0.42211055276381915,0.12637120439289184,0.19506547763861048,0.4545454545454546,0.41422594142259417,0.12195036730985931,0.187522186207017,0.4285714285714286,21.0,-6.0,-6.0,31.0,-7.0,-7.0,41.0,-9.0,-9.0,-0.0002040192153810571,0.00020394004097312382,0.0001676129419719774,3.151278906887711e-05,-5.1862244922595835e-05,-7.525089254567519e-05,0.9539748953974896,0.6046722610983645,228,-0.5331826210021973
361,0,test,2.2630806182709233,1.067326501948332,1.4606112537589913,3.851808931097481,1.8166112684676157,2.4859898611958595,9.612656525833321,6.306606548905627,7.381613134555074,16.360935602049643,10.733971752430286,12.563654678510405,2.443198659642639,1.1587654542964196,1.5694941590243907,3.7018161509736953,1.7557052337824541,2.3780214530672588,11.509797850596026,7.897178087344393,9.114028285919607,17.43908765241822,11.965421344461202,13.809133766544857,2.277328901522919,1.072546404850447,1.467604351481056,3.816752348921093,1.7975638070119224,2.459672097454284,9.750600779512117,6.41456737872587,7.5033118937269005,16.341789015942094,10.750671584456763,12.575383062112122,0.5376884422110553,-0.0023115577889447625,-0.0023115577889447625,0.4120603015075377,-0.0029396984924623393,-0.0029396984924623393,0.31155778894472363,-0.003442211055276312,-0.003442211055276312,0.34523809523809523,0.08669426165711458,0.1412776991984913,0.32835820895522383,0.3517587939698492,0.09611969622548833,0.15309435323529164,0.3535353535353535,0.3511705685618729,0.09574485904601315,0.14983575209913658,0.33221476510067116,21.0,-11.0,-11.0,29.0,-13.0,-13.0,38.0,-15.0,-15.0,0.00022536858351329697,1.0715987562367925e-06,7.74625758521688e-05,-0.0363086181867418,-0.04131153437467905,-0.040354881947428645,0.02976190476190476,0.6629900524173359,10,-0.5508732795715332
79,0,test,2.1581508586502847,1.0257218775737433,1.3978760122050384,3.2318577535011723,1.5360312694014762,2.0933367147946096,8.655118314850062,5.551933384160833,6.516254315964385,12.961147327213277,8.314089296678661,9.758171886095921,1.984860734328313,0.906571521558589,1.2576695076124813,2.664242596413843,1.2168745255819988,1.6881469900838675,7.278033734615056,4.338387596945422,5.208773380201899,9.769172798141014,5.82333905630258,6.991642121076374,2.1545139999390424,1.023470350416345,1.3967268760655998,3.2317709999085635,1.5352055256245174,2.0950903140983996,8.62369804258762,5.5248090755462425,6.490148330973051,12.93554706388143,8.287213613319363,9.735222496459578,0.5226130653266332,-0.002386934673366814,-0.002386934673366814,0.3668341708542714,-0.0031658291457286047,-0.0031658291457286047,0.27135678391959794,-0.0036432160804020786,-0.0036432160804020786,0.33999999999999997,0.07876871880199665,0.13711751662971172,0.34782608695652173,0.3668341708542714,0.1011700104532689,0.16149193379250182,0.3282828282828283,0.3411371237458194,0.07736416882094466,0.13980230728308307,0.34563758389261745,19.0,-9.0,-9.0,32.0,-17.0,-17.0,38.0,-16.0,-16.0,-0.0004520533405068205,8.731780751250901e-05,-0.00013447435961101557,-0.008847971936272181,-0.008387133959963045,-0.008420211301861436,0.96,-0.2534782393617541,288,-0.4077789783477783
324,0,test,3.209601804761697,1.5720840221605101,2.1117200933612006,4.906632644060985,2.4033008614637685,3.2282617519199963,24.769221274661955,19.6268321454777,21.771412206045014,37.86559114402345,30.0042376476843,33.28273360234468,3.2981039649250317,1.594527626245719,2.142544119209643,4.580699951284767,2.2146217031190547,2.9757557211245045,27.06128110978049,21.567721980062327,23.88548023133653,37.58511265247291,29.955169416753236,33.17427809907852,3.209601804761697,1.5720840221605101,2.1117200933612006,4.906632644060985,2.4033008614637685,3.2282617519199963,24.769221274661955,19.6268321454777,21.771412206045014,37.86559114402345,30.0042376476843,33.28273360234468,0.6934673366834171,-0.0015326633165829717,-0.0015326633165829717,0.507537688442211,-0.0024623115577889765,-0.0024623115577889765,0.39698492462311563,-0.0030150753768843908,-0.0030150753768843908,0.3886792452830189,0.10242689123405468,0.15906820387774911,0.375,0.38190954773869346,0.10622032468104936,0.1548644726134848,0.36868686868686873,0.3886792452830189,0.10242689123405468,0.15906820387774911,0.375,24.0,-9.0,-9.0,32.0,-8.0,-8.0,41.0,-7.0,-7.0,-5.34830900616938e-05,0.000574159918505635,0.0002642964395495614,-0.006581045587870982,-0.00698202682578053,-0.007607535652060626,0.09811320754716982,-0.22520297267870157,26,-0.5755753517150879
452,0,test,2.549103015312316,1.2351113353275518,1.6724279034996616,4.20022655932143,2.035126632073807,2.7557050682664883,12.795621157315852,9.074624020176692,10.392724111505153,21.08369395239544,14.952505487791143,17.12437495645736,2.5459026448673163,1.2073224772232267,1.6435378467582407,3.7166461968865927,1.7625145652893817,2.3993253237346575,12.754735888438475,8.941110936980325,10.289309429688307,18.620052391880982,13.052716696321639,15.020889678377088,2.549103015312316,1.2351113353275518,1.6724279034996616,4.20022655932143,2.035126632073807,2.7557050682664883,12.795621157315852,9.074624020176692,10.392724111505153,21.08369395239544,14.952505487791143,17.12437495645736,0.592964824120603,-0.0020351758793969443,-0.0020351758793969443,0.42211055276381915,-0.0028894472361808976,-0.0028894472361808976,0.36180904522613067,-0.0031909547738693256,-0.0031909547738693256,0.38062283737024216,0.10601143840651162,0.17348819985585784,0.35763888888888884,0.3919597989949749,0.12880190425813276,0.17827031652419023,0.36363636363636365,0.38062283737024216,0.10601143840651162,0.17348819985585784,0.35763888888888884,21.0,-7.0,-7.0,31.0,-7.0,-7.0,38.0,-8.0,-8.0,-0.00022727145883668837,3.6267957486451416e-05,0.0002011348075625735,-0.01434157042864559,-0.012841893998740694,-0.0145917831218636,0.03460207612456748,-0.4333611115973275,10,-0.4385519027709961
163,0,test,2.6340740711524027,1.2770776149325753,1.7171191743106804,4.5669917348757485,2.214213706465832,2.977163460495496,13.93040792318704,10.045899451815574,11.42874695925215,24.15272165099336,17.417710560342112,19.81530947611344,2.868347748770348,1.3738796502228943,1.8630900296998851,4.626367336726368,2.215934919714346,3.0049839188707823,17.607901475524912,13.150936219562903,14.87529004736281,28.39984108955631,21.211187450907907,23.99240330219808,2.6340740711524027,1.2770776149325753,1.7171191743106804,4.5669917348757485,2.214213706465832,2.977163460495496,13.93040792318704,10.045899451815574,11.42874695925215,24.15272165099336,17.417710560342112,19.81530947611344,0.6934673366834171,-0.0015326633165829717,-0.0015326633165829717,0.48743718592964824,-0.002562814070351749,-0.002562814070351749,0.3869346733668342,-0.0030653266331658324,-0.0030653266331658324,0.3833333333333333,0.0901940401940402,0.15618651892890112,0.3263598326359832,0.40703517587939697,0.12132089016511127,0.17164285534517332,0.36363636363636365,0.3833333333333333,0.0901940401940402,0.15618651892890112,0.3263598326359832,20.0,-7.0,-7.0,31.0,-9.0,-9.0,41.0,-11.0,-11.0,0.00029546726164568634,0.0002174787843538058,0.0002764593581795767,2.4582867206746073e-05,-5.7358864443912694e-05,-7.978146849918488e-05,0.041666666666666664,0.43480236815378553,10,-0.1431107521057129
90,0,test,2.2949043826046185,1.0774496068941835,1.4796596829962727,5.29914284710521,2.4879290922829327,3.4166687225550296,9.92348710892978,6.544909565720301,7.663758549535007,22.914233869710582,15.112791179026875,17.696315196199016,2.313128490308001,1.0840975134602624,1.4864421679782862,5.140285534017781,2.40910558546725,3.303204817729525,10.10599174783067,6.688075856412267,7.820259749715763,22.45775943962371,14.862390792027261,17.378354999368362,2.2949043826046185,1.0774496068941835,1.4796596829962727,5.29914284710521,2.4879290922829327,3.4166687225550296,9.92348710892978,6.544909565720301,7.663758549535007,22.914233869710582,15.112791179026875,17.696315196199016,0.5628140703517588,-0.0021859296482411583,-0.0021859296482411583,0.38190954773869346,-0.0030904522613065533,-0.0030904522613065533,0.26633165829145733,-0.0036683417085426884,-0.0036683417085426884,0.36363636363636365,0.09736417428725119,0.1678413570660614,0.32539682539682535,0.35678391959798994,0.08610722786866665,0.15311113161802337,0.31313131313131315,0.36363636363636365,0.09736417428725119,0.1678413570660614,0.32539682539682535,18.0,0.0,0.0,26.0,0.0,0.0,35.0,0.0,0.0,-7.206021774380733e-05,0.00027576847914284277,0.0001669514297780209,-0.026718041970502426,-0.02918222143661353,-0.02813305479760686,0.9169960474308301,-0.25262618766491585,232,-0.9878885746002197
23,0,test,2.770885323530525,1.3012535700311256,1.7663916538837634,4.3586960145423985,2.046915728138849,2.7785936128508633,15.97276882001474,11.62513497471911,13.24224444463226,25.125703761820944,18.286729173715457,20.830496879196815,2.8492123690320637,1.3324317479163845,1.8271471947458309,4.0703033843315195,1.903473925594835,2.6102102782083296,17.27417080916165,12.71664167048717,14.495242996845672,24.67738687023093,18.166630957838816,20.70748999549382,2.770885323530525,1.3012535700311256,1.7663916538837634,4.3586960145423985,2.046915728138849,2.7785936128508633,15.97276882001474,11.62513497471911,13.24224444463226,25.125703761820944,18.286729173715457,20.830496879196815,0.6532663316582914,-0.0017336683417086274,-0.0017336683417086274,0.5125628140703518,-0.0024371859296482556,-0.0024371859296482556,0.3668341708542714,-0.0031658291457286047,-0.0031658291457286047,0.3906810035842294,0.0883554221888806,0.16660472229698264,0.41007194244604317,0.3869346733668342,0.08868905933174642,0.15988959824162552,0.4191919191919192,0.3906810035842294,0.0883554221888806,0.16660472229698264,0.41007194244604317,23.0,-9.0,-9.0,34.0,-7.0,-7.0,39.0,-6.0,-6.0,0.0002041369104284914,0.0003157844252791132,-0.00014657849643932223,-0.0002456840853515274,0.00018111633153772289,2.978536601450088e-05,0.953405017921147,-0.6183778811380923,266,-0.37007570266723633
481,0,test,2.4071811053729157,1.1118458110653517,1.5315622542249194,4.007248546003147,1.8508962619499676,2.549600693797953,11.102619876435766,7.4503995388778534,8.702259576287599,18.4825966178313,12.4027239382496,14.48670270640818,2.4855701559585643,1.1019275494309557,1.5367004188675328,3.8837033686852567,1.7217617959858682,2.40109440448052,12.0079647160737,8.01855768326083,9.425175937486614,18.762444868865156,12.52899638009505,14.726837402322836,2.4071811053729157,1.1118458110653517,1.5315622542249194,4.007248546003147,1.8508962619499676,2.549600693797953,11.102619876435766,7.4503995388778534,8.702259576287599,18.4825966178313,12.4027239382496,14.48670270640818,0.6482412060301508,0.008241206030150772,-0.0017587939698492372,0.48743718592964824,-0.002562814070351749,-0.002562814070351749,0.31658291457286436,-0.003417085427135591,-0.003417085427135591,0.3936170212765957,0.09273206552438329,0.16602268165395417,0.3558718861209964,0.38190954773869346,0.0786514023752849,0.1498561253680758,0.3535353535353535,0.3936170212765957,0.09273206552438329,0.16602268165395417,0.3558718861209964,17.0,-6.0,-6.0,29.0,-10.0,-10.0,36.0,-9.0,-9.0,0.0005990198636168783,0.00040182010565453297,0.00015166348797460876,-0.00026647385093347964,0.00016949575638847136,1.9271695109068787e-05,0.04609929078014184,-0.3985133672328193,13,-0.5802545547485352
120,0,test,1.70269957757169,0.7609570883513002,0.9480456967245732,3.609368375373322,1.6130704945780165,2.0096593675359444,5.48874470159088,2.9242986545817486,3.3618694579061117,11.634995278893168,6.198903918826937,7.12646286129056,1.9238895574463954,0.8142966233508537,1.1518515402081122,3.664551537993134,1.5510411873349592,2.1940029337297373,6.8475406420277825,3.8144171800698827,4.683368259028422,13.042934556243395,7.265556533466444,8.920701445768422,1.8117406501913405,0.7774241355105687,1.1069767468317413,3.5524326474340007,1.5243610500207225,2.170542640846551,6.121092846005615,3.307910036773939,4.097723928084452,12.002142835305127,6.48609811132145,8.034752800165593,0.4623115577889447,-0.002688442211055242,-0.002688442211055242,0.3517587939698492,-0.0032412060301507672,-0.0032412060301507672,0.24120603015075381,-0.0037939698492461815,-0.0037939698492461815,0.35221674876847286,0.12220444864547164,0.14889319060620498,0.32345679012345674,0.35678391959798994,0.113676150174431,0.16813617335425035,0.35858585858585856,0.35451505016722407,0.10910603514218231,0.1665283983318514,0.3389261744966443,20.0,-10.0,-10.0,29.0,-14.0,-14.0,34.0,-12.0,-12.0,0.00027973844663337554,0.0005941786857968449,8.021437038752505e-05,-0.07663214888433245,-0.08650301266796578,-0.08150189861626966,0.027093596059113302,-0.5164658094637892,11,-0.447412371635437
25,0,test,2.395128263471169,1.14257807136528,1.5569058580071982,4.148263384156252,1.9788981029831656,2.696496743765044,10.969604968461557,7.470349606601216,8.657351895452123,18.99890345053136,12.938337462979428,14.994176478721204,2.483752726091295,1.1731999519567027,1.6079526686388883,3.8211580401404537,1.8049230030103116,2.47377333636752,11.98616090180682,8.277937946298039,9.585365601828244,18.44024754124126,12.73528914815083,14.74671631050499,2.5378457523643174,1.214063350881633,1.654395403506717,4.206374175189476,2.0122596975938665,2.7420918290166574,12.652385220307773,8.894777908942809,10.233152701554754,20.97080423255432,14.742725815927306,16.961026577162574,0.6281407035175879,-0.0018592964824121205,-0.0018592964824121205,0.46733668341708545,-0.002663316582914521,-0.002663316582914521,0.3266331658291457,-0.0033668341708542604,-0.0033668341708542604,0.3820895522388059,0.10340102764864201,0.17156323644933225,0.3562874251497006,0.3668341708542714,0.06608229115502329,0.14312799389266873,0.36363636363636365,0.3745819397993311,0.08910614681101725,0.159898958709231,0.37583892617449666,14.0,-3.0,-3.0,25.0,-4.0,-4.0,34.0,-7.0,-7.0,-0.0007477812379081545,0.0004792284970813365,0.00021953008269003972,-0.020189225831280133,-0.028046102259597028,-0.028772851754668594,0.041791044776119404,0.4246442190602375,14,-0.37720417976379395
147,0,test,3.000274596040483,1.4512851714849972,1.962669304001855,4.68429969188256,2.265877493544318,3.0642965907641866,20.091053089421788,15.384341797890905,17.268603117799525,31.367966758968212,24.01942396831999,26.961302932306356,3.0833157222234204,1.483507172057638,2.0124125307851264,4.6019637645125675,2.2141898090412506,3.0036007922166057,21.830666952960236,16.878582695035593,18.91265311770403,32.58308500441826,25.191914470202374,28.22784047418511,3.000274596040483,1.4512851714849972,1.962669304001855,4.68429969188256,2.265877493544318,3.0642965907641866,20.091053089421788,15.384341797890905,17.268603117799525,31.367966758968212,24.01942396831999,26.961302932306356,0.7236180904522613,-0.0013819095477386467,-0.0013819095477386467,0.5527638190954773,-0.0022361809045226,-0.0022361809045226,0.39698492462311563,-0.0030150753768843908,-0.0030150753768843908,0.3858921161825726,0.0794738967208749,0.15003004721705537,0.3583333333333333,0.3869346733668342,0.07365146534678402,0.14152565834179243,0.35858585858585856,0.3858921161825726,0.0794738967208749,0.15003004721705537,0.3583333333333333,18.0,0.0,0.0,28.0,0.0,0.0,37.0,0.0,0.0,0.0003366329217090966,5.631145589891668e-05,0.00010034162783340634,1.765294534639139e-05,-6.285548396256502e-05,-8.431204445269458e-05,0.9543568464730291,-0.31008992111298866,230,-0.2787444591522217
133,0,test,2.229128379251708,1.0586593256776624,1.446724807171552,3.6090649949789557,1.714019860620977,2.3423163544682266,9.291763654886033,6.068259374702137,7.1050417571494355,15.043807822196433,9.824800892374887,11.503400940146705,2.414292725325033,1.1458550709565372,1.5591686410854428,3.4004122891901876,1.6138803816289258,2.1960121705428772,11.18185891447158,7.626565290938647,8.830192747291987,15.749097062636029,10.741641254843167,12.436891193368997,2.1870419713332354,1.0584519405617283,1.4308636073999228,3.565829301086797,1.7257368596115137,2.3329297946737872,8.908821550906648,5.8175267555317625,6.778701449149244,14.525252528652144,9.4850979709757,11.052230623612898,0.5326633165829145,-0.0023366834170853723,-0.0023366834170853723,0.40201005025125625,-0.002989949748743781,-0.002989949748743781,0.29648241206030146,-0.0035175879396985854,-0.0035175879396985854,0.3475409836065574,0.09058517345925787,0.14470565100023236,0.32565789473684215,0.3517587939698492,0.09611969622548833,0.15977214956250363,0.3535353535353535,0.34782608695652173,0.09406982652246498,0.14537892344150505,0.31543624161073824,18.0,-7.0,-7.0,30.0,-13.0,-13.0,35.0,-9.0,-9.0,0.000548018312580189,-0.00024410037582296059,0.00012061244963391067,-0.03827606838892095,-0.035840319695225276,-0.04045429098972253,0.9573770491803278,0.42172966206703083,292,-0.32316160202026367
6,0,test,2.5222046482492617,1.1666987173034387,1.605122287431346,4.171338456719933,1.9295401863095338,2.654625321521073,12.456027574096504,8.577304747882387,9.954047718184874,20.600353295621144,14.185542467651644,16.46246353392114,2.643434435080172,1.2146406456659868,1.6766812956389132,4.005203689515412,1.8403646146454342,2.5404262055135045,14.06141378576497,9.887751946377225,11.432020474527013,21.305172402674195,14.981442342995795,17.321243143222745,2.5222046482492617,1.1666987173034387,1.605122287431346,4.171338456719933,1.9295401863095338,2.654625321521073,12.456027574096504,8.577304747882387,9.954047718184874,20.600353295621144,14.185542467651644,16.46246353392114,0.6331658291457287,-0.0018341708542712887,-0.0018341708542712887,0.48743718592964824,-0.002562814070351749,-0.002562814070351749,0.35678391959798994,-0.0032160804020100464,-0.0032160804020100464,0.39688715953307396,0.1075667711835594,0.17567111813592007,0.3828125,0.40703517587939697,0.10878956184430921,0.1833289989177943,0.40909090909090906,0.39688715953307396,0.1075667711835594,0.17567111813592007,0.3828125,19.0,-8.0,-8.0,29.0,-10.0,-10.0,37.0,-10.0,-10.0,-0.00014026650764629328,8.537862488797946e-05,2.32776786066865e-05,-9.322580442105988e-05,-0.00015080139628764755,0.00010688561932692409,0.054474708171206226,-0.4809885405628665,14,-0.7068991661071777
116,0,test,2.0631642819007054,0.9449408394414682,1.3090620414647778,3.5368530546869232,1.6198985818996596,2.2441063567967614,7.870835991638376,4.811421844474398,5.745133694735415,13.4928616999515,8.248151733384681,9.848800619546424,2.3629163102863475,1.0464626705103894,1.4644284901349685,3.607505817231065,1.5976529320769304,2.2357686872289593,10.621883034219378,6.891713665545748,8.165996474567363,16.216615319418896,10.521700252741597,12.467170190179178,2.0244881974102973,0.9227375342163064,1.2754854899616301,3.431335927814063,1.5639619224005192,2.1618398134942884,7.572234463516661,4.562804550379342,5.457344662825516,12.834295700875698,7.733567034541259,9.249736716653416,0.6030150753768844,-0.0019849246231156137,-0.0019849246231156137,0.4522613065326633,-0.0027386934673366836,-0.0027386934673366836,0.3467336683417085,-0.003266331658291488,-0.003266331658291488,0.3746130030959752,0.11031624884558888,0.1799683069064799,0.36645962732919257,0.40703517587939697,0.12382715582927162,0.1883373461632033,0.4292929292929293,0.37792642140468224,0.1174923646434135,0.18882742251702933,0.36241610738255037,17.0,-8.0,-8.0,26.0,-11.0,-11.0,36.0,-15.0,-15.0,0.0006738332174192421,1.884412483030505e-05,0.00022901291231307297,-0.056909115403890986,-0.05000180813859334,-0.058493129565293955,0.030959752321981424,-0.30565146255516745,10,-0.4545300006866455
211,0,test,2.1090968473979417,0.9978181875857988,1.365309963367753,3.6118283511689753,1.7087636462406803,2.338093312267277,8.240795227017335,5.2025544388456,6.136907600434787,14.112361826267188,8.909374476523091,10.509454265744573,2.249473072330921,1.0205821664309316,1.4270943528441933,3.687660774312985,1.673085518739232,2.339498939088841,9.482737802746179,6.065300628518047,7.206830654317407,15.545471807780622,9.943115784455816,11.814476482487555,2.1090968473979417,0.9978181875857988,1.365309963367753,3.6118283511689753,1.7087636462406803,2.338093312267277,8.240795227017335,5.2025544388456,6.136907600434787,14.112361826267188,8.909374476523091,10.509454265744573,0.5829145728643217,-0.002085427135678275,-0.002085427135678275,0.3668341708542714,-0.0031658291457286047,-0.0031658291457286047,0.26633165829145733,-0.0036683417085426884,-0.0036683417085426884,0.3516483516483516,0.06828454908893666,0.14214774263495333,0.2867647058823529,0.3417085427135679,0.05599425699928218,0.1246801620791772,0.2777777777777778,0.3516483516483516,0.06828454908893666,0.14214774263495333,0.2867647058823529,18.0,-6.0,-6.0,27.0,-8.0,-8.0,34.0,-10.0,-10.0,0.0006395936516152087,0.0006990643501223315,0.00027585589195946043,-0.014426358620323931,-0.01576731545197685,-0.01619729499724709,0.040293040293040296,0.5800677556096744,11,-0.45826220512390137
113,0,test,2.5438072630943056,1.2091249632828165,1.6279019162302557,4.168022229201468,1.981148414017385,2.667313468377274,12.728037828420874,8.929248949677156,10.229001105317977,20.85486010384453,14.630553443367733,16.76019429932382,2.6462959118666345,1.2435103056308063,1.7032180732458415,3.949695390845723,1.8559855307922484,2.5421165272325994,14.101707817622053,10.035195912473945,11.533835051697356,21.047325100928436,14.977904346976036,17.214679181637845,2.720074164422384,1.2951232267106567,1.7618959199619688,4.387216394229652,2.088908430178479,2.8417676128418856,15.181448126534459,11.023794272794404,12.57450519441974,24.48620665570074,17.780313343216783,20.281459990999583,0.592964824120603,-0.0020351758793969443,-0.0020351758793969443,0.46733668341708545,-0.002663316582914521,-0.002663316582914521,0.37688442211055273,-0.003115577889447274,-0.003115577889447274,0.3793103448275862,0.09810517983475975,0.16230154717362721,0.36023054755043227,0.40703517587939697,0.12883968715759242,0.1933456934086123,0.38888888888888884,0.3846153846153846,0.10581738795428275,0.16770770942072388,0.38590604026845643,13.0,0.0,0.0,26.0,-2.0,-2.0,33.0,-2.0,-2.0,0.0004743216070750149,9.737767478502072e-05,2.2583254385450656e-05,-0.005807992928867023,-0.009244980424303328,-0.007764380110383051,0.031609195402298854,0.26705670129133474,11,-0.29391002655029297
49,0,test,2.222601914441208,1.0675841074940433,1.4509356674421068,3.85078703781093,1.8496515350768887,2.5138304005683008,9.23131874670085,6.05723880900273,7.067950789045981,15.993796433237518,10.494518401644264,12.245635669393618,2.2508416787582863,1.0683718655799828,1.4589465573733285,3.7514027979304774,1.780619775966638,2.4315775956222145,9.495724823685055,6.2333029905211665,7.288148734508823,15.826208039475093,10.388838317535278,12.146914557514707,2.222601914441208,1.0675841074940433,1.4509356674421068,3.85078703781093,1.8496515350768887,2.5138304005683008,9.23131874670085,6.05723880900273,7.067950789045981,15.993796433237518,10.494518401644264,12.245635669393618,0.5979899497487438,-0.0020100502512562235,-0.0020100502512562235,0.40703517587939697,-0.00296482412060306,-0.00296482412060306,0.321608040201005,-0.0033919597989949812,-0.0033919597989949812,0.37710437710437705,0.10483546954135181,0.16433841965756857,0.3513513513513513,0.38190954773869346,0.09118273069608696,0.1531950235316818,0.3434343434343434,0.37710437710437705,0.10483546954135181,0.16433841965756857,0.3513513513513513,15.0,0.0,0.0,24.0,0.0,0.0,32.0,0.0,0.0,0.0002127422299689934,0.00017838055199555024,0.00014620729226757232,0.0005149329265217162,0.00011139288064487829,-3.329665942342075e-05,0.9629629629629629,0.4374182907366991,286,-0.5442593097686768
178,0,test,3.277163038165119,1.5786347367596616,2.1411885618142605,5.596386111328126,2.695822396620345,3.656491236328968,26.5004850915228,21.034587775383173,23.386278305905083,45.25467454090817,35.9206037395005,39.936567568545605,3.2073875955919076,1.559207011960152,2.1076953164308945,5.345645992653179,2.59867835326692,3.512825527384824,24.71443771130361,19.516922935404843,21.711195989625693,41.190729518839355,32.52820489234141,36.18532664937616,3.277163038165119,1.5786347367596616,2.1411885618142605,5.596386111328126,2.695822396620345,3.656491236328968,26.5004850915228,21.034587775383173,23.386278305905083,45.25467454090817,35.9206037395005,39.936567568545605,0.7437185929648241,-0.0012814070351758744,-0.0012814070351758744,0.5678391959798995,-0.0021608040201005485,-0.0021608040201005485,0.4623115577889447,-0.002688442211055242,-0.002688442211055242,0.4298642533936652,0.09803581095574199,0.18024019324328922,0.4772727272727273,0.42713567839195976,0.1088399390435888,0.186735010612327,0.4696969696969697,0.4298642533936652,0.09803581095574199,0.18024019324328922,0.4772727272727273,20.0,-4.0,-4.0,33.0,-8.0,-8.0,42.0,-8.0,-8.0,-0.00056569189358799,-0.0002605687195519963,-6.331925388499272e-05,0.00015625138255703774,4.707690644245588e-05,6.299474613946643e-06,0.9411764705882353,-0.29935544598221075,208,-0.2260575294494629
371,0,test,2.084444131695087,0.9815215068736738,1.343179047824933,3.1379946982583644,1.4776166163261286,2.022068457866883,8.040120990884226,5.027162073843638,5.941532264263518,12.103877796059406,7.568064643775475,8.9445893326141,2.245992267528347,0.9836200118820873,1.397635777230807,3.035124685849117,1.3292162322730907,1.8886969962578473,9.449787623300955,5.915993007232519,7.113982845568501,12.76998327473102,7.99458514490881,9.613490331849325,2.084444131695087,0.9815215068736738,1.343179047824933,3.1379946982583644,1.4776166163261286,2.022068457866883,8.040120990884226,5.027162073843638,5.941532264263518,12.103877796059406,7.568064643775475,8.9445893326141,0.5628140703517588,-0.0021859296482411583,-0.0021859296482411583,0.4321608040201005,-0.002839195979899567,-0.002839195979899567,0.31155778894472363,-0.003442211055276312,-0.003442211055276312,0.41666666666666663,0.12733574442435203,0.20341365461847383,0.38181818181818183,0.40703517587939697,0.13134595282175288,0.1933456934086123,0.38888888888888884,0.41666666666666663,0.12733574442435203,0.20341365461847383,0.38181818181818183,16.0,-6.0,-6.0,27.0,-11.0,-11.0,35.0,-16.0,-16.0,0.0007853025587959162,0.00017324942609797263,-3.255762351319432e-05,-0.004900423361333672,-0.0040507162260388085,-0.004147901448844138,0.050724637681159424,0.1934900437202181,14,-0.5958123207092285
160,0,test,2.116684681674108,0.9707619867217152,1.3370938112165422,3.5313006818028434,1.6195385620060296,2.2306961107919543,8.303562849507717,5.15822063979506,6.122982906209199,13.852973664772774,8.605546314905618,10.215075442537128,2.091758975780235,0.8990050338004001,1.2641432413512748,2.9882271082574787,1.2842929054291432,1.8059189162161073,8.099148848947689,4.803002734251205,5.811291476336709,11.57021264135384,6.861432477501721,8.301844966195299,2.105393171802911,0.9578606408663415,1.3308092211654299,3.4327062583743113,1.5617293057603394,2.1697976432045056,8.21033044550959,5.059920672847005,6.04064120396143,13.386408335069984,8.249870662250553,9.848871528197984,0.4974874371859297,-0.002512562814070307,-0.002512562814070307,0.371859296482412,-0.003140703517587995,-0.003140703517587995,0.29648241206030146,-0.0035175879396985854,-0.0035175879396985854,0.375,0.11497028231797923,0.17599009900990104,0.3791044776119403,0.3668341708542714,0.12372640143071245,0.1765169755287288,0.3737373737373737,0.3745819397993311,0.11915623028347133,0.17547181744115536,0.3791946308724832,19.0,-6.0,-6.0,33.0,-14.0,-14.0,38.0,-11.0,-11.0,-0.0003246632853292245,5.847495754387277e-05,-8.646307308173244e-05,-0.02106040483029581,-0.02207015536856982,-0.019016559925688625,0.02976190476190476,-0.4497784486863564,10,-0.6063287258148193
55,0,test,2.5831335687959043,1.2330398798513051,1.67861764789735,3.921952796525489,1.872115427335213,2.548632892234391,13.238557160743413,9.380770214989564,10.76782155868973,20.100004469665304,14.242754777636595,16.348704683620383,2.7562772728793496,1.2938551714247715,1.7723136797255037,4.176177686180832,1.9603866233708653,2.6853237571598534,15.741133791302996,11.424732151298864,13.066095771777096,23.85020271409545,17.310200229240703,19.797114805722874,2.5831335687959043,1.2330398798513051,1.67861764789735,3.921952796525489,1.872115427335213,2.548632892234391,13.238557160743413,9.380770214989564,10.76782155868973,20.100004469665304,14.242754777636595,16.348704683620383,0.6834170854271358,-0.0015829145728643024,-0.0015829145728643024,0.48743718592964824,-0.002562814070351749,-0.002562814070351749,0.36180904522613067,-0.0031909547738693256,-0.0031909547738693256,0.38306451612903225,0.0953381579801389,0.15518247859552015,0.31174089068825916,0.3869346733668342,0.09620785632422768,0.14653400558720142,0.3232323232323232,0.38306451612903225,0.0953381579801389,0.15518247859552015,0.31174089068825916,14.0,0.0,0.0,22.0,1.0,1.0,31.0,0.0,0.0,0.00042801177631730743,0.0002065462271621586,0.0003308705019104476,-0.009366118884577723,-0.01057707448784928,-0.011273302102046578,0.04032258064516129,0.296304418614433,10,-0.20206379890441895
21,0,test,2.5476365104678416,1.1428947613363174,1.5901057401942533,4.166134999470941,1.8689690803029193,2.6002905633764852,12.776870069541681,8.702395700700688,10.171614519354968,20.89394046666228,14.230976498792892,16.633581390474596,2.5215550350733804,1.13970374307934,1.5847140674771842,4.002468309640286,1.8090535604433966,2.515419154725689,12.447938602101084,8.465671455286426,9.896031487816611,19.758632701747754,13.437573738549883,15.707986488597797,2.5476365104678416,1.1428947613363174,1.5901057401942533,4.166134999470941,1.8689690803029193,2.6002905633764852,12.776870069541681,8.702395700700688,10.171614519354968,20.89394046666228,14.230976498792892,16.633581390474596,0.6080402010050252,-0.001959798994974782,-0.001959798994974782,0.4723618090452262,-0.0026381909547738003,-0.0026381909547738003,0.3316582914572864,-0.0033417085427135396,-0.0033417085427135396,0.3862815884476535,0.09747292418772568,0.16847172081829132,0.427536231884058,0.371859296482412,0.08291457286432158,0.14405360134003342,0.43434343434343436,0.3862815884476535,0.09747292418772568,0.16847172081829132,0.427536231884058,18.0,-8.0,-8.0,23.0,-7.0,-7.0,33.0,-12.0,-12.0,0.00035036247808538037,-0.00028595243541259586,-7.885944699841345e-05,-0.00023182424163081805,0.0001888633816387042,3.6794479953528025e-05,0.036101083032490974,0.2415652941501863,10,-0.5860776901245117
141,0,test,2.4265326542718926,1.1125020338627645,1.5465815028346874,4.40311223357946,2.0187122998569365,2.8063796806404255,11.319565110898354,7.598423073730403,8.90878317059047,20.54013801580231,13.787867034451192,16.165606547958863,2.521976605285355,1.1425186502326872,1.592364633233827,4.311071120145907,1.9530233337310894,2.72199082604073,12.453187388504483,8.480439752520214,9.91966148050282,21.287499809409375,14.496478209436265,16.956686291457814,2.4265326542718926,1.1125020338627645,1.5465815028346874,4.40311223357946,2.0187122998569365,2.8063796806404255,11.319565110898354,7.598423073730403,8.90878317059047,20.54013801580231,13.787867034451192,16.165606547958863,0.592964824120603,-0.0020351758793969443,-0.0020351758793969443,0.44723618090452266,-0.0027638190954772934,-0.0027638190954772934,0.35678391959798994,-0.0032160804020100464,-0.0032160804020100464,0.37362637362637363,0.10671595315105376,0.16412576461297534,0.375,0.39698492462311563,0.12380196722963188,0.18162599307052796,0.4040404040404041,0.37362637362637363,0.10671595315105376,0.16412576461297534,0.375,20.0,-9.0,-9.0,34.0,-14.0,-14.0,42.0,-14.0,-14.0,8.528889787254338e-05,2.6752444909801836e-06,1.0796012055079125e-05,-0.01521231388081734,-0.015515878353839163,-0.01515108266245857,0.040293040293040296,-0.30944425622035737,11,-0.5707840919494629
431,0,test,2.0482119041348836,0.9651645156466082,1.3219450532983137,3.4350220475595443,1.618661323115666,2.2170120164690466,7.754023765163597,4.800356944636826,5.6866753013210705,13.004144022826448,8.050598625901344,9.537028369923878,1.9085760073789764,0.7679641561058128,1.1265995788886638,3.029485725998375,1.2189907239774804,1.7882532998232754,6.743479293469021,3.6147972256867553,4.557691240516707,10.703935386458763,5.73777337410596,7.234430540502709,1.9873411236700322,0.9245701000039395,1.2712350962561234,3.3122352061167204,1.5409501666732324,2.118725160426872,7.296108498878558,4.401728215443367,5.249659639325834,12.160180831464265,7.336213692405612,8.749432732209726,0.5025125628140703,-0.0024874371859296973,-0.0024874371859296973,0.3517587939698492,-0.0032412060301507672,-0.0032412060301507672,0.2562814070351759,-0.00371859296482413,-0.00371859296482413,0.36760124610591904,0.08766345450405277,0.15827482123545267,0.4,0.35678391959798994,0.0986385561894686,0.15645002978162936,0.3737373737373737,0.3712374581939799,0.09744780877828707,0.164340906469842,0.38926174496644295,15.0,-6.0,-6.0,22.0,-12.0,-12.0,31.0,-21.0,-21.0,-0.0006380580837194122,1.0205110336133947e-05,-0.00024374221758572065,-0.0042553703523893205,-0.0042250248532784695,-0.00430560651243983,0.9626168224299065,0.3749628030839376,309,-0.38874197006225586
444,0,test,2.426361244945963,1.1459184790052992,1.5688519695769045,4.684225181215123,2.212259285857453,3.028755885710969,11.317624998154338,7.719392450416055,8.960342962896409,21.849303815881292,14.902715980664329,17.29843988670279,2.7716749206787976,1.2917544468464923,1.7822155696593027,4.619458201131329,2.1529240780774868,2.9703592827655045,15.985385853256258,11.592789512581366,13.29560600082595,26.642309755427096,19.321315854302277,22.159343334709916,2.426361244945963,1.1459184790052992,1.5688519695769045,4.684225181215123,2.212259285857453,3.028755885710969,11.317624998154338,7.719392450416055,8.960342962896409,21.849303815881292,14.902715980664329,17.29843988670279,0.6683417085427136,-0.0016582914572863539,-0.0016582914572863539,0.49246231155778897,-0.002537688442211028,-0.002537688442211028,0.3467336683417085,-0.003266331658291488,-0.003266331658291488,0.36823104693140796,0.08895176765212864,0.1485431717813479,0.3188405797101449,0.36180904522613067,0.07108222818352417,0.12808617377371,0.35858585858585856,0.36823104693140796,0.08895176765212864,0.1485431717813479,0.3188405797101449,17.0,0.0,0.0,28.0,0.0,0.0,35.0,0.0,0.0,0.0008985747575464022,0.0004158694634291159,0.00010357697549735625,-0.02050665858073142,-0.018351653274157442,-0.018167653758298208,0.04332129963898917,-0.2401606666637465,12,-0.6041810512542725
77,0,test,2.4113340037431583,1.1221545655652672,1.5389112223361034,4.337547557029113,2.0185502244487648,2.7682190034921623,11.148823802124987,7.519016949645134,8.756122974275623,20.054688969502934,13.525332264450416,15.750659077986917,2.4647132023549676,1.07126345645872,1.5126859527879586,4.10785533725828,1.785439094097867,2.521143254646598,11.760108896745749,7.731384713905303,9.169152041752112,19.600181494576248,12.885641189842172,15.281920069586853,2.3801953196465697,1.1057290847640615,1.5138536490282704,4.275799975412999,1.9863396732288527,2.719497573104677,10.80701347985553,7.2302217460279525,8.42881877943774,19.413796670399158,12.988422298253807,15.141590621744445,0.5678391959798995,-0.0021608040201005485,-0.0021608040201005485,0.44723618090452266,-0.0027638190954772934,-0.0027638190954772934,0.3467336683417085,-0.003266331658291488,-0.003266331658291488,0.3894389438943895,0.1093730460360699,0.17977922929504808,0.3841059602649006,0.4120603015075377,0.13887734411405395,0.21172641169117712,0.4040404040404041,0.3913043478260869,0.11417580024678808,0.18107075494510805,0.3825503355704698,19.0,-10.0,-10.0,31.0,-20.0,-20.0,39.0,-26.0,-26.0,0.00038949384764707095,-4.5535287938893096e-05,-3.669338469266568e-05,-0.022666525966811513,-0.02258830725335681,-0.02166900553307194,0.033003300330033,-0.7155540379558014,10,-0.5316808223724365
441,0,test,2.128609022702357,0.9809815829514801,1.2921439189109845,3.5639554737906436,1.6424691641160105,2.1634519743234377,8.403170059586792,5.252461271078706,6.094976744615485,14.069527852060455,8.794258550200588,10.2048922558929,2.3352979900124464,1.050947944463273,1.4723599278094062,3.4091941460035713,1.5342305758587926,2.149430551546578,10.332538463925944,6.720219112909344,7.962424447460746,15.083997757556121,9.810538850962544,11.623977295563131,2.183131879816997,1.0223698052719907,1.3993459717568206,3.559454151875539,1.666907291204333,2.281542345255686,8.874055257330157,5.681690087739614,6.684308485021217,14.468568354342649,9.26362514305372,10.898329051665028,0.5125628140703518,-0.0024371859296482556,-0.0024371859296482556,0.39698492462311563,-0.0030150753768843908,-0.0030150753768843908,0.31155778894472363,-0.003442211055276312,-0.003442211055276312,0.3626373626373627,0.1143520402779662,0.1700664926471378,0.3526170798898072,0.36180904522613067,0.11870127580257173,0.17650019714599707,0.36868686868686873,0.3612040133779264,0.11245610018927865,0.17766674975167496,0.3523489932885906,15.0,-4.0,-4.0,24.0,-5.0,-5.0,32.0,-8.0,-8.0,-7.092440572523107e-05,5.5221106663991715e-06,0.00013999767245531742,-0.042605796467573676,-0.04058091691106824,-0.04605191787806451,0.9697802197802198,-0.13693841168532833,353,-0.6102638244628906
63,0,test,2.2071137679236217,1.0425254897698257,1.4278205077212984,3.596297139499078,1.698703298036716,2.3265075331694103,9.089444251973653,5.884841045570572,6.9095131750692005,14.81044739880413,9.588829233076755,11.25844205584805,2.3515739027678677,1.0790302388222264,1.4904666430237856,3.617806004258258,1.6600465212649638,2.293025604651978,10.502085986025213,6.93216428185651,8.136307210433626,16.15705536311571,10.66486812593309,12.517395708359423,2.2071137679236217,1.0425254897698257,1.4278205077212984,3.596297139499078,1.698703298036716,2.3265075331694103,9.089444251973653,5.884841045570572,6.9095131750692005,14.81044739880413,9.588829233076755,11.25844205584805,0.5628140703517588,-0.0021859296482411583,-0.0021859296482411583,0.4170854271356784,-0.0029145728643216184,-0.0029145728643216184,0.31658291457286436,-0.003417085427135591,-0.003417085427135591,0.35507246376811596,0.09286631548601831,0.14302427099703163,0.33818181818181814,0.37688442211055273,0.11122026170955024,0.16319493963976806,0.36868686868686873,0.35507246376811596,0.09286631548601831,0.14302427099703163,0.33818181818181814,18.0,-8.0,-8.0,27.0,-14.0,-14.0,35.0,-12.0,-12.0,0.0004443864149633933,0.00029571674132375457,3.3920292477152795e-05,-0.008631792342040256,-0.009246143159216125,-0.007501762052934069,0.9565217391304348,0.28621910496604025,264,-0.6373326778411865
82,0,test,2.924831819439229,1.3909596968543274,1.9010556825906295,4.814164174853389,2.2894678240148867,3.1290668067485514,18.63109239882938,13.994998764093918,15.847405875235475,30.666083762048363,23.03524641294962,26.084239484083238,3.005941160358638,1.416633004902004,1.944057236322954,4.8095058565738205,2.266612807843206,3.110491578116726,20.205223505474986,15.304866035770118,17.313409687196042,32.32835760875998,24.487785657232187,27.701455499513667,2.924831819439229,1.3909596968543274,1.9010556825906295,4.814164174853389,2.2894678240148867,3.1290668067485514,18.63109239882938,13.994998764093918,15.847405875235475,30.666083762048363,23.03524641294962,26.084239484083238,0.6984924623115578,-0.0015075376884421399,-0.0015075376884421399,0.5276381909547738,-0.002361809045226204,-0.002361809045226204,0.42713567839195976,-0.002864321608040288,-0.002864321608040288,0.41287878787878785,0.10664060262358932,0.17988130677047554,0.3650190114068441,0.42211055276381915,0.11383987607208979,0.1900571303932015,0.36363636363636365,0.41287878787878785,0.10664060262358932,0.17988130677047554,0.3650190114068441,17.0,0.0,0.0,28.0,0.0,0.0,40.0,0.0,0.0,-2.241129658256302e-05,0.0001622305851242255,0.0002016988609148751,-0.004817264299008528,-0.005433770901363211,-0.004105846765218857,0.045454545454545456,0.4648022124601003,12,-0.3459014892578125
208,0,test,2.5169695314895364,1.1520111261255916,1.5925473925659708,4.0395807295511075,1.8489067456336654,2.55594025967378,12.390989205649245,8.475429023344487,9.870577813824303,19.886772799190144,13.60254040783683,15.841668096261225,2.4462252931235575,1.1097762541544776,1.5222117188297837,3.7064019592781174,1.6814791729613296,2.3063813921663385,11.544686561165808,7.739180281157957,9.025304709956828,17.491949335099708,11.726030729027206,13.674704105995193,2.5169695314895364,1.1520111261255916,1.5925473925659708,4.0395807295511075,1.8489067456336654,2.55594025967378,12.390989205649245,8.475429023344487,9.870577813824303,19.886772799190144,13.60254040783683,15.841668096261225,0.6180904522613065,-0.0019095477386934512,-0.0019095477386934512,0.4522613065326633,-0.0027386934673366836,-0.0027386934673366836,0.33668341708542715,-0.0033165829145728187,-0.0033165829145728187,0.3783783783783784,0.08880308880308885,0.15444015444015446,0.39534883720930236,0.3668341708542714,0.085427135678392,0.14405360134003353,0.38888888888888884,0.3783783783783784,0.08880308880308885,0.15444015444015446,0.39534883720930236,17.0,-7.0,-7.0,27.0,-14.0,-14.0,34.0,-17.0,-17.0,-6.717697808243864e-05,-0.00014275914401792232,0.0001375259740668845,-0.00010708564814265742,-0.00016179463533028127,9.987650539144965e-05,0.03861003861003861,-0.29427846954734005,10,-0.5759479999542236
146,0,test,1.8540067699082046,0.8357951453903476,1.1050543179244923,3.48214469475145,1.5697675319514142,2.0754827290967617,6.385352975261558,3.6171132927266236,4.270569456670024,11.992794928156226,6.793563037100766,8.020866492222886,1.8675578576671346,0.786968982019139,1.1197059612249485,2.9643775518525946,1.2491571143160938,1.7773110495634104,6.472470388532851,3.5260562767183865,4.360013026394852,10.273762521480716,5.59691472494982,6.920655597452146,1.8469928378597464,0.8050895107584819,1.1276526399085025,3.3786454351092923,1.472724714802101,2.0627792193448213,6.34072324131235,3.506116173651938,4.287645102821027,11.598883978010397,6.413627146924277,7.8432532368677315,0.4974874371859297,-0.002512562814070307,-0.002512562814070307,0.38190954773869346,-0.0030904522613065533,-0.0030904522613065533,0.2613065326633166,-0.003693467336683409,-0.003693467336683409,0.3739837398373984,0.11382113821138218,0.16381756192928498,0.3913043478260869,0.3869346733668342,0.12060301507537685,0.18927973199329984,0.3939393939393939,0.37792642140468224,0.11705685618729089,0.1794871794871794,0.38926174496644295,15.0,-6.0,-6.0,26.0,-14.0,-14.0,31.0,-16.0,-16.0,0.00033745534043802024,-0.00010993884086663253,0.0001375293292528602,-0.06604960775481494,-0.06295895305856547,-0.06443871324501327,0.02710027100271003,-0.31166241310126647,10,-0.41046929359436035
407,0,test,3.1306102569896415,1.5008279457179463,2.0390576974478085,5.30362208242951,2.542579108039815,3.4544036286174635,22.88794280849451,17.785179025031283,19.90904741182793,38.774867816743644,30.13018564240594,33.728268556508496,3.458203335236221,1.6395558590694046,2.2399800943500203,4.870708922867918,2.3092336043231056,3.154901541338057,31.759863396001187,25.596346889156074,28.378688535760098,44.73220196619886,36.051192801628275,39.969983853183244,3.1306102569896415,1.5008279457179463,2.0390576974478085,5.30362208242951,2.542579108039815,3.4544036286174635,22.88794280849451,17.785179025031283,19.90904741182793,38.774867816743644,30.13018564240594,33.728268556508496,0.7085427135678393,-0.0014572864321606982,-0.0014572864321606982,0.5829145728643217,-0.002085427135678275,-0.002085427135678275,0.457286432160804,-0.0027135678391959628,-0.0027135678391959628,0.41463414634146345,0.12891986062717775,0.19047619047619047,0.3881118881118881,0.4120603015075377,0.1080402010050251,0.1758793969849246,0.40909090909090906,0.41463414634146345,0.12891986062717775,0.19047619047619047,0.3881118881118881,22.0,-10.0,-10.0,36.0,-13.0,-13.0,43.0,-10.0,-10.0,0.0007834164494896305,0.00012120049733471771,0.00019567181035394683,-0.02926978664076163,-0.022998559154760123,-0.026596093971963164,0.9512195121951219,0.21808701168104228,273,-0.4682505130767822
473,0,test,2.7885868654757573,1.3654498698418343,1.8375195642234732,4.665870833737215,2.2846742920229386,3.0745425388314325,16.258028779146553,12.107909832668014,13.669557915416926,27.202976257918415,20.25898638668635,22.871940041481913,2.873275181090143,1.367656355795438,1.8683244234211485,4.671992164374216,2.2238314728381106,3.037925891741705,17.694877326169845,13.187935549084795,14.963104575514002,28.77215825393471,21.443797640788286,24.330251342299192,2.7885868654757573,1.3654498698418343,1.8375195642234732,4.665870833737215,2.2846742920229386,3.0745425388314325,16.258028779146553,12.107909832668014,13.669557915416926,27.202976257918415,20.25898638668635,22.871940041481913,0.5577889447236181,-0.00221105527638199,-0.00221105527638199,0.48743718592964824,-0.002562814070351749,-0.002562814070351749,0.40201005025125625,-0.002989949748743781,-0.002989949748743781,0.3921568627450981,0.1279689958175051,0.20571618477899645,0.3700787401574803,0.4120603015075377,0.14388987544237475,0.2234125552637981,0.38383838383838387,0.3921568627450981,0.1279689958175051,0.20571618477899645,0.3700787401574803,25.0,-1.0,-1.0,35.0,0.0,0.0,42.0,-1.0,-1.0,-0.00027835032481894335,0.00011056931154781614,7.986258211965516e-05,-0.004746997149149834,-0.00537767949086998,-0.005464743279695483,0.9529411764705882,-0.5436984323919951,243,-0.4404435157775879
105,0,test,2.1701667289148077,0.9872134971856485,1.3572861267248029,3.8104090240248367,1.7333632334306155,2.383141920179596,8.759744421675006,5.495745092011434,6.505351770944521,15.380481484568904,9.649505917368913,11.422187411774681,2.2776992615338605,0.9448668924012675,1.3470104455536065,3.7035760350144074,1.5363689307337682,2.1902608870790345,9.754212680934145,5.962444802096006,7.217957091483509,15.860508424283163,9.69503219853009,11.736515595908145,2.1664283893722693,0.9871645557111401,1.3602231464395795,3.8007515603022273,1.7318676415984915,2.3863563972624204,8.727058656031806,5.475079332261538,6.487664769386759,15.310629221108433,9.605402337300946,11.381868016468,0.5979899497487438,-0.0020100502512562235,-0.0020100502512562235,0.4321608040201005,-0.002839195979899567,-0.002839195979899567,0.321608040201005,-0.0033919597989949812,-0.0033919597989949812,0.3853820598006644,0.10345834504112872,0.1654925570382335,0.3933333333333333,0.3869346733668342,0.09871412198838803,0.1682368436506405,0.40909090909090906,0.38795986622073575,0.10749242047783092,0.16882749692151444,0.38926174496644295,15.0,-5.0,-5.0,27.0,-12.0,-12.0,34.0,-14.0,-14.0,0.0003189342894459723,-3.195556378665473e-06,-6.353566909988007e-05,-0.004176391821266279,-0.004147554352281979,-0.004861370005031951,0.036544850498338874,-0.40049139453004934,11,-0.32268452644348145
0,0,test,2.6984819268634808,1.2672637414341357,1.7171745474071836,4.136101119340968,1.9423998831588714,2.632001162183063,14.857160340703405,10.673367616507432,12.189218365329435,22.772328731820505,16.35961586634982,18.68303775646564,2.7132861928422156,1.2682413588769754,1.7271770737151266,3.8215298490735434,1.7862554350379938,2.432643765795953,15.078745852511359,10.836703526376095,12.397962308052689,21.237670214804734,15.26296271320577,17.461918743736184,2.6643753546674533,1.2627925458481253,1.727806652262537,3.956993100991267,1.8754344740318691,2.5660494835582233,14.358977475847178,10.297353820336403,11.807765062465574,21.325214073040364,15.293099733172877,17.536284746236003,0.592964824120603,-0.0020351758793969443,-0.0020351758793969443,0.4623115577889447,-0.002688442211055242,-0.002688442211055242,0.35678391959798994,-0.0032160804020100464,-0.0032160804020100464,0.3828571428571429,0.10428571428571431,0.16682586230973329,0.3724928366762178,0.38190954773869346,0.1080402010050251,0.17420435510887766,0.36363636363636365,0.3745819397993311,0.09866220735785947,0.16387959866220736,0.36241610738255037,20.0,-11.0,-11.0,29.0,-13.0,-13.0,36.0,-16.0,-16.0,-0.00012526864824167683,0.00015512002337109764,-3.425059875586958e-05,-0.0029144993112968365,-0.004337357079720938,-0.003245617266768086,0.02857142857142857,0.3563872057023377,10,-0.45300960540771484
65,0,test,2.6435782515262267,1.2558439958237004,1.7167624347944448,4.279455882421169,2.032975181358168,2.77911542662269,14.063436193746423,10.057672466832127,11.536984522748266,22.766057600767724,16.28147968640646,18.676207618508332,2.818214165427501,1.3387482080110908,1.8303737611612094,3.808397520847974,1.8091192000149874,2.4734780556232554,16.746916728682926,12.35631644149937,14.061487963571853,22.630968552274226,16.6977249209451,19.002010761583588,2.7475538299613467,1.3307908724092032,1.8023437558497464,4.293052859314604,2.0793607381393797,2.816162118515228,15.604414109392337,11.480664051694934,13.031060192544631,24.381897045925527,17.938537580773332,20.361031550850985,0.6130653266331658,-0.001934673366834172,-0.001934673366834172,0.5025125628140703,-0.0024874371859296973,-0.0024874371859296973,0.40201005025125625,-0.002989949748743781,-0.002989949748743781,0.39877300613496935,0.1277163445729479,0.1997934142982346,0.3846153846153846,0.42211055276381915,0.13138373572121265,0.21175996845664047,0.4191919191919192,0.40802675585284276,0.12755931010993793,0.20335489823326547,0.40268456375838924,18.0,-1.0,-1.0,31.0,-4.0,-4.0,39.0,-5.0,-5.0,0.0006631179336782219,-0.0001589721477361897,0.00048778807360719175,-0.045603586504787685,-0.03989047061553208,-0.047935348472649686,0.03067484662576687,0.44572753556060357,10,-1.201859712600708
336,0,test,2.734709069785546,1.2921212989651216,1.7669985938531,4.437761424622053,2.0967956408356163,2.8674049037975458,15.405260928046928,11.173628773308405,12.773349197347358,24.99895635629172,18.132056272853756,20.72800977533613,2.6554263761224397,1.2252034301741879,1.6901486522951816,4.085271347880676,1.8849283541141348,2.6002286958387404,14.23105254693908,10.051421627103409,11.605535823155813,21.893926995290894,15.463725580159092,17.854670497162793,2.734709069785546,1.2921212989651216,1.7669985938531,4.437761424622053,2.0967956408356163,2.8674049037975458,15.405260928046928,11.173628773308405,12.773349197347358,24.99895635629172,18.132056272853756,20.72800977533613,0.592964824120603,-0.0020351758793969443,-0.0020351758793969443,0.4773869346733668,-0.0026130653266331905,-0.0026130653266331905,0.35678391959798994,-0.0032160804020100464,-0.0032160804020100464,0.40740740740740744,0.11350722256452395,0.19189016602809705,0.43122676579925645,0.40703517587939697,0.11630835883679047,0.1933456934086123,0.41414141414141414,0.40740740740740744,0.11350722256452395,0.19189016602809705,0.43122676579925645,16.0,0.0,0.0,26.0,0.0,0.0,32.0,0.0,0.0,-4.6770443249879815e-05,-0.00014679379184611395,-9.269408349172033e-06,-0.005857949416689934,-0.00502851511144442,-0.004752728738999679,0.9592592592592593,0.32040484705205197,259,-0.37314462661743164
488,0,test,2.6156770697450606,1.1970641071530856,1.6584464870570204,4.197249251451376,1.920870311478207,2.6612280838821953,13.67647316999576,9.545087092749153,11.071999567810979,21.945968575109475,15.316535102318408,17.76669698090599,2.571756998923376,1.1740920470626262,1.6183799488485375,3.7543897794501837,1.7140029884125925,2.3625984654723173,13.088801259622278,9.043059333127253,10.49434476837596,19.10773906514201,13.201546471718617,15.320211340694833,2.6156770697450606,1.1970641071530856,1.6584464870570204,4.197249251451376,1.920870311478207,2.6612280838821953,13.67647316999576,9.545087092749153,11.071999567810979,21.945968575109475,15.316535102318408,17.76669698090599,0.6281407035175879,-0.006859296482412125,-0.0018592964824121205,0.457286432160804,0.0022864321608040417,-0.0027135678391959628,0.3467336683417085,-0.003266331658291488,-0.003266331658291488,0.3927272727272727,0.09327173733707306,0.16419039243706712,0.4124087591240876,0.39698492462311563,0.10876437324466948,0.17160929857970997,0.41414141414141414,0.3927272727272727,0.09327173733707306,0.16419039243706712,0.4124087591240876,22.0,-9.0,-9.0,32.0,-14.0,-14.0,44.0,-20.0,-20.0,-7.221632154086677e-05,-0.0002762716694397224,6.809744345223116e-05,-0.005892599025992595,-0.004046842700990538,-0.004770251523845026,0.04363636363636364,-0.7439714626784063,12,-0.46123480796813965
256,0,test,2.0371623350477948,0.9394523526742644,1.297497734681302,3.5176582180767153,1.6221938880480031,2.240446669769457,7.6688167611359805,4.671522459151971,5.573584104769264,13.242084756147595,8.06652424632637,9.624153948351578,2.146630401205214,0.9547202841664333,1.3331222345545837,3.462307098718087,1.5398714260748925,2.150197152507393,8.555979551056565,5.26261363349621,6.3001716795935145,13.799967017833168,8.488086505639046,10.16156722515083,2.0371623350477948,0.9394523526742644,1.297497734681302,3.5176582180767153,1.6221938880480031,2.240446669769457,7.6688167611359805,4.671522459151971,5.573584104769264,13.242084756147595,8.06652424632637,9.624153948351578,0.5577889447236181,-0.00221105527638199,-0.00221105527638199,0.38190954773869346,-0.0030904522613065533,-0.0030904522613065533,0.29648241206030146,-0.0035175879396985854,-0.0035175879396985854,0.3648648648648649,0.1136001093842578,0.1682356513817188,0.32881355932203393,0.35678391959798994,0.0986385561894686,0.15144168253622037,0.33838383838383834,0.3648648648648649,0.1136001093842578,0.1682356513817188,0.32881355932203393,18.0,-8.0,-8.0,29.0,-13.0,-13.0,38.0,-18.0,-18.0,0.00041988283611248627,0.00012536632077262552,1.8896904010539663e-06,-0.019447057857073347,-0.01747509635957112,-0.017755844712189273,0.033783783783783786,-0.4539411927188709,10,-0.5962812900543213
448,0,test,2.1746228004717834,0.982719582621367,1.3730206911723606,3.953859637221424,1.7867628774933948,2.4964012566770193,8.798865568218696,5.50552237213178,6.569756222174243,15.997937396761264,10.010040676603236,11.945011313044077,2.286662066537942,0.9949484338269052,1.4025252743213659,3.84312952359318,1.6721822417258911,2.3571853349938925,9.842030747382708,6.203013592801463,7.421136992426325,16.541228146861695,10.42523292907809,12.472499146935,2.2053618913765725,0.9760724032998205,1.3647435531221452,4.05894826633725,1.7964522760119395,2.511797950531556,9.073534607698234,5.654735032425898,6.755734889690402,16.699756946683866,10.407487789740918,12.433867895135709,0.5628140703517588,-0.0021859296482411583,-0.0021859296482411583,0.44221105527638194,-0.0027889447236180143,-0.0027889447236180143,0.321608040201005,-0.0033919597989949812,-0.0033919597989949812,0.38557993730407525,0.13205881054351187,0.18641413959813158,0.3805031446540881,0.4120603015075377,0.1413836097782144,0.20504861536396513,0.41414141414141414,0.3913043478260869,0.13587863831022717,0.19775596072931267,0.38926174496644295,25.0,-14.0,-14.0,36.0,-13.0,-13.0,43.0,-15.0,-15.0,0.0005033794943344266,0.00017269637406004253,0.00020248534459250419,-0.025549958165538733,-0.028275064821993823,-0.030987537778246477,0.034482758620689655,-0.4792860490711892,11,-0.38039565086364746
389,0,test,2.579891279537526,1.2364338557099672,1.679470197872177,4.032147960071895,1.9324396685268361,2.624867329124727,13.195703438687483,9.363433028976042,10.73506441566995,20.623748420730106,14.634239700916197,16.7779814708484,2.5577329116255427,1.211945160757166,1.6505307073316149,3.6801912397489827,1.7438059867009585,2.3748643270958487,12.906523892428991,9.065312625839852,10.429142271805025,18.570537974717976,13.043615288978206,15.005960103316585,2.579891279537526,1.2364338557099672,1.679470197872177,4.032147960071895,1.9324396685268361,2.624867329124727,13.195703438687483,9.363433028976042,10.73506441566995,20.623748420730106,14.634239700916197,16.7779814708484,0.6030150753768844,-0.0019849246231156137,-0.0019849246231156137,0.44221105527638194,-0.0027889447236180143,-0.0027889447236180143,0.3266331658291457,-0.0033668341708542604,-0.0033668341708542604,0.3829787234042553,0.08786195058047608,0.16374251406903606,0.3803418803418803,0.371859296482412,0.0811324794398055,0.15650036492982433,0.36363636363636365,0.3829787234042553,0.08786195058047608,0.16374251406903606,0.3803418803418803,17.0,-3.0,-3.0,28.0,-4.0,-4.0,36.0,-6.0,-6.0,4.604663945868766e-05,9.704630466160621e-05,-4.6390114809273736e-05,5.923247650940766e-05,-2.987576684176929e-05,-5.7128588733412755e-05,0.0425531914893617,0.8695518819038965,10,-0.4526851177215576
31,0,test,1.6482506590851322,0.7451751495081003,0.9295132069467658,3.658754210276887,1.654125057149849,2.063315030804909,5.197879006864796,2.7306997184527018,3.1460379797556524,11.538149004249327,6.061553221180722,6.98351287813892,1.8142412802187944,0.7600055567890989,1.0805887727407635,3.023735467031324,1.2666759279818316,1.8009812879012728,6.1364185885970475,3.2666375794428104,4.05374487498929,10.227364314328414,5.4443959657380185,6.756241458315484,1.6427489910833668,0.7054894082007079,1.0028956376104623,3.2854979821667336,1.4109788164014159,2.0057912752209246,5.1693605238024585,2.616384918562592,3.2731577364410533,10.338721047604917,5.232769837125184,6.546315472882107,0.4623115577889447,-0.002688442211055242,-0.002688442211055242,0.31658291457286436,-0.003417085427135591,-0.003417085427135591,0.2211055276381909,-0.003894472361809065,-0.003894472361809065,0.33002481389578164,0.10449817201226241,0.1364764267990074,0.33582089552238803,0.3417085427135679,0.10110703895416939,0.15473024555163128,0.35858585858585856,0.31438127090301005,0.09234454302321038,0.13195635432903896,0.3221476510067114,19.0,-7.0,-7.0,28.0,-10.0,-10.0,32.0,-8.0,-8.0,-0.00031143581470344906,0.0002577951681888245,-0.00011797045874831078,-0.07350891534074844,-0.0824162978724825,-0.07780649997861655,0.02729528535980149,-0.48971740225520133,11,-0.46754324436187744
359,0,test,2.4695176687743516,1.1903380693561172,1.6138504469388026,4.524444780017243,2.180838360645149,2.9567624976762,11.816745891352351,8.22305564106528,9.463802098932476,21.64965853087183,15.065598291294783,17.3387907068033,2.5408014234087557,1.2153164363160478,1.6553318702742628,4.199671774229349,2.0087874980430542,2.736085735990517,12.689836828999464,8.925826420133992,10.265714450446275,20.974936907437133,14.753432099395031,16.968123058588887,2.4695176687743516,1.1903380693561172,1.6138504469388026,4.524444780017243,2.180838360645149,2.9567624976762,11.816745891352351,8.22305564106528,9.463802098932476,21.64965853087183,15.065598291294783,17.3387907068033,0.6532663316582914,-0.0017336683417086274,-0.0017336683417086274,0.48743718592964824,-0.002562814070351749,-0.002562814070351749,0.31155778894472363,-0.003442211055276312,-0.003442211055276312,0.41200000000000003,0.11659081836327345,0.18726595744680852,0.3975903614457831,0.4120603015075377,0.10880215614412914,0.17833743005511704,0.40909090909090906,0.41200000000000003,0.11659081836327345,0.18726595744680852,0.3975903614457831,23.0,0.0,0.0,31.0,1.0,1.0,41.0,0.0,0.0,0.00027334443810016635,6.868732923417294e-05,5.257535911830235e-05,-4.4716351397688925e-05,-0.00011232505964553496,0.0001314175181095223,0.94,-0.25856823810529284,235,-0.38117504119873047
475,0,test,3.018856654707834,1.4433994164157153,1.9661553324616172,4.576355947901048,2.1880831917639503,2.980541204623343,20.467876450714677,15.634925527506311,17.602495460376893,31.02773627560569,23.701352073544605,26.68403770426561,2.9121639544561533,1.3789880827814154,1.8862483844553888,4.251334240081976,2.0131212887319934,2.75364727657721,18.396564853776653,13.763697980005999,15.606916443694184,26.85629905660825,20.092989751833574,22.783819625830922,3.018856654707834,1.4433994164157153,1.9661553324616172,4.576355947901048,2.1880831917639503,2.980541204623343,20.467876450714677,15.634925527506311,17.602495460376893,31.02773627560569,23.701352073544605,26.68403770426561,0.6633165829145728,-0.0016834170854271857,-0.0016834170854271857,0.5376884422110553,-0.0023115577889447625,-0.0023115577889447625,0.4170854271356784,-0.0029145728643216184,-0.0029145728643216184,0.4345991561181435,0.12447257383966248,0.2053445850914205,0.44491525423728817,0.42211055276381915,0.11557788944723624,0.19430485762144056,0.4292929292929293,0.4345991561181435,0.12447257383966248,0.2053445850914205,0.44491525423728817,21.0,-1.0,-1.0,36.0,-4.0,-4.0,44.0,-3.0,-3.0,2.4147541769376146e-06,-2.9898355774896588e-05,-0.0001786615387631492,4.537263278781012e-05,-4.0869005880850295e-05,-6.618974063954397e-05,0.9029535864978903,0.24324294160474969,214,-0.43113279342651367
404,0,test,2.3379169755592315,1.0785456815228538,1.4947825388313776,4.05142134273929,1.869032578539604,2.59033744306804,10.359634699661502,6.836428969206731,8.035995826457263,17.95241044227055,11.84697939384272,13.925731898022212,2.5311548842648297,1.132663100477792,1.5927323887757074,3.8062479462629017,1.7032527826733714,2.3950862989108384,12.568012358265129,8.5189238998607,10.012066138562211,18.899266704158087,12.810411879489774,15.055738554228888,2.3379169755592315,1.0785456815228538,1.4947825388313776,4.05142134273929,1.869032578539604,2.59033744306804,10.359634699661502,6.836428969206731,8.035995826457263,17.95241044227055,11.84697939384272,13.925731898022212,0.6130653266331658,-0.001934673366834172,-0.001934673366834172,0.457286432160804,-0.0027135678391959628,-0.0027135678391959628,0.3266331658291457,-0.0033668341708542604,-0.0033668341708542604,0.37410071942446044,0.10659623109411931,0.1540050256445561,0.37545126353790614,0.3869346733668342,0.11625798163751089,0.1682368436506405,0.40909090909090906,0.37410071942446044,0.10659623109411931,0.1540050256445561,0.37545126353790614,14.0,0.0,0.0,20.0,1.0,1.0,28.0,0.0,0.0,0.0003756588964846919,-6.474744403241536e-05,-3.328508720755455e-08,-0.019230485006855425,-0.014767750006236646,-0.016025273887889213,0.9568345323741008,0.184044432702907,266,-0.5065784454345703
380,0,test,2.2496469236803796,1.0222307913273052,1.4273175309374222,3.456488762946417,1.5706150179247662,2.1930139147215604,9.48438653282257,6.0719855899740285,7.208591644713815,14.57236472490968,9.329352859595513,11.07570070411758,2.4508307947667847,1.089230571031816,1.5299562927683275,3.6308604366915325,1.6136749200471345,2.2666019152123367,11.597978257395171,7.695545183418149,9.086492528223799,17.182190010955807,11.400807679137998,13.461470412183402,2.2496469236803796,1.0222307913273052,1.4273175309374222,3.456488762946417,1.5706150179247662,2.1930139147215604,9.48438653282257,6.0719855899740285,7.208591644713815,14.57236472490968,9.329352859595513,11.07570070411758,0.5628140703517588,-0.0021859296482411583,-0.0021859296482411583,0.40703517587939697,-0.00296482412060306,-0.00296482412060306,0.31155778894472363,-0.003442211055276312,-0.003442211055276312,0.3639455782312925,0.10418326923299026,0.16371933388740112,0.341296928327645,0.3417085427135679,0.08105691364088619,0.1313579584063892,0.3484848484848485,0.3639455782312925,0.10418326923299026,0.16371933388740112,0.341296928327645,19.0,-6.0,-6.0,28.0,-10.0,-10.0,34.0,-10.0,-10.0,0.000781702539090038,-9.49058261937223e-05,0.0001504241795979502,-0.024447076138091717,-0.020400836570577674,-0.023377925392495058,0.03741496598639456,-0.3803698480467513,11,-0.4631783962249756
138,0,test,2.1821283223668893,1.0129952239882984,1.400883591344509,3.883668859450595,1.8028903093601265,2.493239248881001,8.86515410022231,5.645953401992685,6.680964797881563,15.777863547419472,10.048452780927457,11.890526634324926,2.0322045229321115,0.9402866228878561,1.299689008617272,3.473853885354037,1.6073275604920618,2.2216906130209777,7.630890302298915,4.650906395665171,5.550583228782929,13.044256927006693,7.950267343017386,9.488176459458,2.1821283223668893,1.0129952239882984,1.400883591344509,3.883668859450595,1.8028903093601265,2.493239248881001,8.86515410022231,5.645953401992685,6.680964797881563,15.777863547419472,10.048452780927457,11.890526634324926,0.5376884422110553,-0.0023115577889447625,-0.0023115577889447625,0.36180904522613067,-0.0031909547738693256,-0.0031909547738693256,0.2562814070351759,-0.00371859296482413,-0.00371859296482413,0.3825503355704698,0.10570469798657722,0.17337807606263977,0.37710437710437705,0.36180904522613067,0.10050251256281406,0.1591289782244556,0.3434343434343434,0.3825503355704698,0.10570469798657722,0.17337807606263977,0.37710437710437705,21.0,-12.0,-12.0,30.0,-13.0,-13.0,38.0,-16.0,-16.0,-0.00024780648201883077,0.00017119187899927287,-0.00010881739306067495,-0.013491909565385818,-0.015606094645272073,-0.013213960474921294,0.9630872483221476,-0.36873424753965506,287,-0.38555216789245605
241,0,test,2.8132105560963314,1.3012014456183734,1.8005192082603247,5.100209065728601,2.359012692775756,3.264250650946776,16.663330989451737,12.127496350615347,13.910330654478965,30.20977992332257,21.98654014643933,25.218728956321574,2.833201045282893,1.329449794609352,1.8200318687795656,4.761682429046879,2.2343694027047936,3.058877090385825,16.99979092213921,12.501258340292145,14.245474810352338,28.5710771800659,21.010518218978397,23.9419744711804,2.8132105560963314,1.3012014456183734,1.8005192082603247,5.100209065728601,2.359012692775756,3.264250650946776,16.663330989451737,12.127496350615347,13.910330654478965,30.20977992332257,21.98654014643933,25.218728956321574,0.6432160804020101,-0.001783919597989958,-0.001783919597989958,0.4974874371859297,-0.002512562814070307,-0.002512562814070307,0.37688442211055273,-0.003115577889447274,-0.003115577889447274,0.398406374501992,0.09820756734493441,0.17191630827682647,0.4,0.39698492462311563,0.09873931058802787,0.17327874766151297,0.4040404040404041,0.398406374501992,0.09820756734493441,0.17191630827682647,0.4,22.0,-11.0,-11.0,37.0,-16.0,-16.0,41.0,-11.0,-11.0,0.0002061444032415271,0.00014115481056050584,0.00018253261599527584,-5.164627325804361e-05,-0.00011782167916685182,0.0001279129611404528,0.04780876494023904,-0.4848631563141526,12,-0.4165947437286377
259,0,test,2.421011389096728,1.1447932079986898,1.566462275943627,3.8516090281084314,1.8212619218160975,2.4920990753648615,11.257239008055025,7.674175435127427,8.90692459228041,17.90924387645118,12.208915464975455,14.170107305900652,2.6226271916435033,1.2107436471039905,1.667233057376404,3.856804693593387,1.7805053633882215,2.4518133196711824,13.771857407753226,9.668179818990243,11.172162397840443,20.252731481990036,14.217911498515065,16.429650585059473,2.421011389096728,1.1447932079986898,1.566462275943627,3.8516090281084314,1.8212619218160975,2.4920990753648615,11.257239008055025,7.674175435127427,8.90692459228041,17.90924387645118,12.208915464975455,14.170107305900652,0.592964824120603,-0.0020351758793969443,-0.0020351758793969443,0.42713567839195976,-0.002864321608040288,-0.002864321608040288,0.3266331658291457,-0.0033668341708542604,-0.0033668341708542604,0.34050179211469533,0.06858765973544667,0.127152566846519,0.32733812949640284,0.3517587939698492,0.07356330524804466,0.13473041333545854,0.3484848484848485,0.34050179211469533,0.06858765973544667,0.127152566846519,0.32733812949640284,15.0,0.0,0.0,26.0,-6.0,-6.0,31.0,-1.0,-1.0,0.0002095431268601497,9.5231438160628e-05,4.319809170420999e-05,-0.0002456840853515274,0.00018111633153772289,2.978536601450088e-05,0.9605734767025089,0.4646484031507986,268,-0.523705244064331
67,0,test,2.339499043099309,1.1339186532373768,1.534639886562299,3.712683264048904,1.799479601876707,2.43540677650104,10.376037313046776,7.037341051732361,8.139655816123842,16.466320083748144,11.167954277749182,12.917279882109572,2.3352324478502267,1.0936856078548471,1.5032963177995389,3.434165364485627,1.6083611880218338,2.2107298791169683,10.331861269206446,6.870898387048149,8.034098064471197,15.193913631185948,10.104262333894336,11.814850094810582,2.339499043099309,1.1339186532373768,1.534639886562299,3.712683264048904,1.799479601876707,2.43540677650104,10.376037313046776,7.037341051732361,8.139655816123842,16.466320083748144,11.167954277749182,12.917279882109572,0.5678391959798995,-0.0021608040201005485,-0.0021608040201005485,0.40201005025125625,-0.002989949748743781,-0.002989949748743781,0.31155778894472363,-0.003442211055276312,-0.003442211055276312,0.3608247422680413,0.09152800127318705,0.15739617083946988,0.32068965517241377,0.371859296482412,0.11120766740973032,0.16818650850244543,0.31818181818181823,0.3608247422680413,0.09152800127318705,0.15739617083946988,0.32068965517241377,23.0,-5.0,-5.0,33.0,-5.0,-5.0,36.0,-1.0,-1.0,0.0005111542010815175,0.0002776440960158606,0.00012411541565812185,-0.005004372189240769,-0.005109859137489181,-0.004200469803375739,0.9621993127147767,-0.43483447363101796,280,-0.4116795063018799
75,0,test,2.294130364210786,1.0974870545731696,1.4951404951238545,4.358847692000493,2.085225403689022,2.8407669407353238,9.91580911921247,6.606818117370087,7.692515143360952,18.840037326503694,12.552954423003165,14.61577877238581,2.36010571152577,1.1195265203789881,1.5218136222404262,3.9665642210517147,1.8815571771075432,2.557669953345254,10.592071097249814,7.134455592035562,8.279656891996181,17.801800163445066,11.990681667286658,13.915389734447363,2.294130364210786,1.0974870545731696,1.4951404951238545,4.358847692000493,2.085225403689022,2.8407669407353238,9.91580911921247,6.606818117370087,7.692515143360952,18.840037326503694,12.552954423003165,14.61577877238581,0.5728643216080402,-0.0021356783919597166,-0.0021356783919597166,0.457286432160804,-0.0027135678391959628,-0.0027135678391959628,0.35678391959798994,-0.0032160804020100464,-0.0032160804020100464,0.41901408450704225,0.13606153617663808,0.20472837022132795,0.3851590106007067,0.4321608040201005,0.16399037795493754,0.22514911787652792,0.38888888888888884,0.41901408450704225,0.13606153617663808,0.20472837022132795,0.3851590106007067,22.0,-13.0,-13.0,33.0,-20.0,-20.0,42.0,-23.0,-23.0,0.00033172612316827675,0.00025820985984534984,-5.058401123014392e-05,-0.02115722143883758,-0.019963583934660356,-0.02113498096939903,0.035211267605633804,0.3588946234148021,10,-0.397263765335083
328,0,test,2.4012639022043643,1.1144018555297805,1.540294197469286,4.102159166265789,1.9037698365300417,2.6313359206766966,11.03711740575854,7.41571249777979,8.671664032506857,18.85507556817084,12.668508850373808,14.814092722199215,2.612767643043199,1.17418449127896,1.6464900488340477,3.8707668785825167,1.7395325796725332,2.439244516791182,13.63674030172906,9.42202033571785,11.008597088680922,20.20257822478379,13.958548645507925,16.309032723971733,2.4253612386355683,1.1013845342350523,1.5371734406600763,3.9978481955531344,1.815469012475361,2.533802374714411,11.306312958735585,7.547975462369717,8.875592258168394,18.636779602311403,12.441717795114918,14.630097128849002,0.6080402010050252,-0.001959798994974782,-0.001959798994974782,0.4522613065326633,-0.0027386934673366836,-0.0027386934673366836,0.35678391959798994,-0.0032160804020100464,-0.0032160804020100464,0.3853211009174312,0.11661881084109538,0.1767758313345218,0.35582822085889576,0.39698492462311563,0.11127063890882993,0.17494819674331596,0.3737373737373737,0.3913043478260869,0.12586194381940907,0.18552014315422927,0.36241610738255037,24.0,-10.0,-10.0,33.0,-8.0,-8.0,43.0,-12.0,-12.0,0.0008433613912536766,3.80795871319663e-05,0.00022454185892030083,-0.05791597286321171,-0.052788797179747604,-0.05856207468072139,0.03669724770642202,0.22392572628001262,12,-0.9732654094696045
144,0,test,2.927169348647494,1.4054436823268681,1.912468442092738,4.848685424140021,2.3280355474126035,3.1678925114419583,18.674694061720356,14.094571919760751,15.916155848439548,30.93354231082513,23.346836922303083,26.364184534225018,3.0936102881362477,1.485811932913867,2.020968428412032,4.833766075212887,2.3215811451779174,3.1577631693938004,22.056564958767286,17.06475602812756,19.133473252310214,34.46338274807388,26.663681293949317,29.89605195673471,2.927169348647494,1.4054436823268681,1.912468442092738,4.848685424140021,2.3280355474126035,3.1678925114419583,18.674694061720356,14.094571919760751,15.916155848439548,30.93354231082513,23.346836922303083,26.364184534225018,0.7035175879396984,-0.001482412060301641,-0.001482412060301641,0.5125628140703518,-0.0024371859296482556,-0.0024371859296482556,0.3919597989949749,-0.0030402010050251116,-0.0030402010050251116,0.379182156133829,0.0637832693063708,0.1418521190510107,0.3768656716417911,0.371859296482412,0.0660948854548431,0.13646697594818835,0.38888888888888884,0.379182156133829,0.0637832693063708,0.1418521190510107,0.3768656716417911,17.0,0.0,0.0,28.0,0.0,0.0,35.0,0.0,0.0,0.0006451499858420196,0.00013083051913994131,-0.00013551894086613706,-0.00017638486674709242,0.00021985158203818855,6.483093570341936e-05,0.03717472118959108,0.6601077749963781,10,-0.3020806312561035
331,0,test,2.497696747885735,1.1551639700633256,1.5813628932095365,3.7202535771140157,1.7205863343574797,2.3553984146226252,12.154466894821066,8.325738340900864,9.654359085491453,18.10375858544401,12.400968160394445,14.379913795758323,2.4151347344709593,1.0429537511873044,1.4678739385041397,3.4501924778156563,1.4899339302675778,2.096962769291628,11.19127810691261,7.247335110934016,8.612641542177002,15.987540152732302,10.35333587276288,12.303773631681434,2.497696747885735,1.1551639700633256,1.5813628932095365,3.7202535771140157,1.7205863343574797,2.3553984146226252,12.154466894821066,8.325738340900864,9.654359085491453,18.10375858544401,12.400968160394445,14.379913795758323,0.6180904522613065,-0.0019095477386934512,-0.0019095477386934512,0.4773869346733668,-0.0026130653266331905,-0.0026130653266331905,0.36180904522613067,-0.0031909547738693256,-0.0031909547738693256,0.4148936170212766,0.11577857277348902,0.18376154154957847,0.45195729537366547,0.4170854271356784,0.12134607876475112,0.19337925017407576,0.4545454545454546,0.4148936170212766,0.11577857277348902,0.18376154154957847,0.45195729537366547,20.0,-8.0,-8.0,35.0,-18.0,-18.0,40.0,-14.0,-14.0,-8.737239803344532e-05,-0.00024913249082078587,-0.000132056511286227,-0.00026647385093347964,0.00016949575638847136,1.9271695109068787e-05,0.9609929078014184,-0.511250157572397,271,-0.6030693054199219
377,0,test,2.4830037126334976,1.1924167389030589,1.6178594666218569,4.148621109928017,1.9922987749374084,2.7031316554116738,11.977186467389688,8.342266935421097,9.601837771547592,20.011572420669726,13.938321774088667,16.042822115194422,2.397053578453532,1.1355059660256457,1.5513846714716741,3.835285725525651,1.816809545641033,2.4822154743546787,10.990745257585328,7.459863560057824,8.661209721473991,17.585192412136525,11.93578169609252,13.857935554358388,2.4830037126334976,1.1924167389030589,1.6178594666218569,4.148621109928017,1.9922987749374084,2.7031316554116738,11.977186467389688,8.342266935421097,9.601837771547592,20.011572420669726,13.938321774088667,16.042822115194422,0.592964824120603,-0.0020351758793969443,-0.0020351758793969443,0.40703517587939697,-0.00296482412060306,-0.00296482412060306,0.31155778894472363,-0.003442211055276312,-0.003442211055276312,0.3880597014925373,0.09569471080352432,0.17466019777045294,0.3595505617977528,0.37688442211055273,0.08615760506794623,0.16653383780337405,0.33838383838383834,0.3880597014925373,0.09569471080352432,0.17466019777045294,0.3595505617977528,18.0,0.0,0.0,28.0,0.0,0.0,36.0,1.0,1.0,-0.0004038166279681319,3.565003824193493e-05,0.0001405242016415047,-0.027169241313040438,-0.030100897483531952,-0.032245856900631864,0.041044776119402986,0.2321776637725075,11,-0.3930041790008545
145,0,test,2.2655247323536205,1.0654831696255131,1.462826798408761,4.48417653921027,2.108921859879464,2.8953882147814793,9.636179689958581,6.3159247712373645,7.4046262920738135,19.072990144952502,12.50117523686292,14.656053419484032,2.284068413108547,1.0661287206053047,1.4686129640569496,3.938048988118185,1.8381529665608705,2.5320913173395683,9.816537005839084,6.436320736352268,7.556332159721702,16.925063803170836,11.097104717848739,13.0281588960719,2.2655247323536205,1.0654831696255131,1.462826798408761,4.48417653921027,2.108921859879464,2.8953882147814793,9.636179689958581,6.3159247712373645,7.4046262920738135,19.072990144952502,12.50117523686292,14.656053419484032,0.5477386934673367,-0.002261306532663321,-0.002261306532663321,0.42211055276381915,-0.0028894472361808976,-0.0028894472361808976,0.3065326633165829,-0.0034673366834171437,-0.0034673366834171437,0.3706293706293706,0.10012326242692737,0.17644332411774277,0.368421052631579,0.36180904522613067,0.09113235349680737,0.16481405357337608,0.36363636363636365,0.3706293706293706,0.10012326242692737,0.17644332411774277,0.368421052631579,15.0,0.0,0.0,24.0,0.0,0.0,31.0,0.0,0.0,-0.00031200384604823943,6.266256978162475e-05,-1.8100426108766188e-05,-0.022677885246370266,-0.02192243999063237,-0.024395813159727275,0.9475524475524476,0.24874474314986253,271,-0.42278265953063965
81,0,test,2.4827427066263983,1.205520952117376,1.5829617982703477,4.317813402828519,2.0965581775954365,2.75297704047017,11.974060757705798,8.38739951248437,9.51499646601036,20.824453491662258,14.586781760842381,16.547819940887578,2.3668249149891083,1.129360118281251,1.5282196521047602,3.9121072975026583,1.8667109393078527,2.525982896040926,10.663481018278816,7.216617140471233,8.350342512536159,17.625588459964984,11.928292794167326,13.802219028985386,2.4482597692807717,1.1809936868645274,1.5921084908639869,4.1495928292894435,2.0016842150246226,2.698488967566079,11.568197859195022,8.017067078942073,9.214114833142624,19.607115015584785,13.588249286342498,15.6171437849875,0.5276381909547738,-0.002361809045226204,-0.002361809045226204,0.40201005025125625,-0.002989949748743781,-0.002989949748743781,0.31658291457286436,-0.003417085427135591,-0.003417085427135591,0.35376044568245124,0.10202191995227039,0.15336943883983145,0.34357541899441346,0.3467336683417085,0.0910945705973476,0.1514081257707569,0.3232323232323232,0.35785953177257523,0.10911161858392748,0.17209757404176318,0.3422818791946308,22.0,-7.0,-7.0,31.0,-11.0,-11.0,35.0,-8.0,-8.0,0.0005024966306436796,-0.0003197406498644625,6.450828666195684e-05,-0.021455740341275842,-0.016382828397912164,-0.019355018631170395,0.03064066852367688,0.5652826413503347,11,-0.3292086124420166
272,0,test,2.3591031707738037,1.0765122015266364,1.4920510048394466,3.8016121159603338,1.7347617005492935,2.404387924996051,10.581457435530266,6.975486844265798,8.201572438514354,17.051647969357692,11.240752685345523,13.21654666843396,2.5093009278496163,1.163433373787862,1.5992203211231701,4.014881484559386,1.8614933980605795,2.5587525137970726,12.296331032613349,8.454813212866899,9.811808238050588,19.674129652181357,13.527701140587038,15.69889318088094,2.3591031707738037,1.0765122015266364,1.4920510048394466,3.8016121159603338,1.7347617005492935,2.404387924996051,10.581457435530266,6.975486844265798,8.201572438514354,17.051647969357692,11.240752685345523,13.21654666843396,0.6231155778894473,-0.0018844221105527303,-0.0018844221105527303,0.4723618090452262,-0.0026381909547738003,-0.0026381909547738003,0.3316582914572864,-0.0033417085427135396,-0.0033417085427135396,0.38095238095238093,0.0898632720414898,0.16591280311596934,0.38247011952191234,0.37688442211055273,0.07863880807546497,0.15651714331255606,0.4040404040404041,0.38095238095238093,0.0898632720414898,0.16591280311596934,0.38247011952191234,18.0,-7.0,-7.0,30.0,-11.0,-11.0,37.0,-9.0,-9.0,0.00017093707573001443,0.00022763607351112845,0.00011568710443703302,-5.857619511928647e-05,-0.00012331829868550415,0.00012440840417138332,0.03968253968253968,-0.6536478974130756,10,-0.5948090553283691
440,0,test,2.1887887041717407,1.0328439118592327,1.416751192093212,3.836669855013683,1.8104447880291148,2.4833857102783314,8.92439648072266,5.747372853205967,6.760225190975813,15.643338658737996,10.074417932343792,11.849820018664499,2.308704254790089,1.0843291009592717,1.466046210916693,3.4717357214888556,1.6305700766304836,2.2045807682957785,10.061379221128703,6.659339554063433,7.738847049246768,15.129893565607071,10.01404444220065,11.637363983829726,2.192432423339204,1.038133443716213,1.416615043218395,3.801905936426365,1.8002314052882307,2.4565578784134017,8.956973790478273,5.785174648321195,6.784606739144649,15.532324492158855,10.032094765874906,11.765213998516732,0.6180904522613065,-0.0019095477386934512,-0.0019095477386934512,0.42211055276381915,-0.0028894472361808976,-0.0028894472361808976,0.29648241206030146,-0.0035175879396985854,-0.0035175879396985854,0.381578947368421,0.09586466165413532,0.1671369342393182,0.306930693069307,0.38190954773869346,0.0936889963602473,0.16655061618610578,0.2828282828282829,0.3846153846153846,0.10080904070887375,0.17104475057756474,0.3087248322147651,20.0,-11.0,-11.0,31.0,-17.0,-17.0,39.0,-20.0,-20.0,0.0011408764469157478,0.0004937809434588782,0.00012360493992946982,-0.017236667932028382,-0.013918192930415962,-0.015937278397053944,0.03289473684210526,0.5196074457634354,10,-0.5306763648986816
57,0,test,2.1596910907123315,0.9985131239646539,1.3692096416637156,3.827017373179364,1.7693859502378837,2.4262678624300036,8.668459477184935,5.474766351688168,6.464001972408728,15.360689850762942,9.701399441851573,11.454345464061062,1.8067917618623204,0.7680644735594839,1.0886401515925601,3.142246542369253,1.3357643018425809,1.893287220160974,6.090875074919673,3.2652565477519926,4.040235750153791,10.592826217251606,5.678707039568684,7.026496956789201,1.9716245437132527,0.8834987835607635,1.2373732404459852,3.56317688622877,1.5966845486037895,2.2362166996011776,7.182335033099271,4.213630242804744,5.098413849788923,12.980123553793863,7.614994414707368,9.214000933353475,0.4623115577889447,-0.002688442211055242,-0.002688442211055242,0.36180904522613067,-0.0031909547738693256,-0.0031909547738693256,0.25125628140703515,-0.003743718592964851,-0.003743718592964851,0.3841642228739003,0.12501341760303641,0.18963831867057668,0.4205882352941176,0.38190954773869346,0.13880177831513452,0.19493125057675686,0.3939393939393939,0.3846153846153846,0.13085912418132783,0.1944040386754513,0.40268456375838924,19.0,-9.0,-9.0,29.0,-14.0,-14.0,32.0,-13.0,-13.0,-0.0007736831673597652,-9.461847093271159e-05,-0.0002931509002439781,-0.061554256155398335,-0.07412817130768712,-0.06702124438146484,0.03519061583577713,-0.522679374015636,12,-0.6149783134460449
250,0,test,2.4121299085033514,1.1623911756866347,1.5773387272995836,3.5992514341542154,1.734458037019324,2.35362061403341,11.157700736188088,7.66826957168346,8.853367926148634,16.648925182270187,11.442182345182129,13.21052282174011,2.529962480622825,1.183613430206865,1.6260221207198184,3.538409063808147,1.6554033988907204,2.2741568121955504,12.553035145772318,8.70966720382324,10.083721193599132,17.556692511569675,12.181352732619917,14.103106564474311,2.4121299085033514,1.1623911756866347,1.5773387272995836,3.5992514341542154,1.734458037019324,2.35362061403341,11.157700736188088,7.66826957168346,8.853367926148634,16.648925182270187,11.442182345182129,13.21052282174011,0.5728643216080402,-0.0021356783919597166,-0.0021356783919597166,0.44221105527638194,-0.0027889447236180143,-0.0027889447236180143,0.31658291457286436,-0.003417085427135591,-0.003417085427135591,0.40492957746478875,0.12021955989009625,0.19181482336642808,0.36042402826855124,0.40201005025125625,0.1238145615294517,0.19666781318948667,0.3434343434343434,0.40492957746478875,0.12021955989009625,0.19181482336642808,0.36042402826855124,18.0,-9.0,-9.0,28.0,-16.0,-16.0,35.0,-18.0,-18.0,0.00025961420938117323,0.00031397200071150863,3.654336753678716e-05,-0.015799317266234958,-0.01727988532295832,-0.015327388230609529,0.954225352112676,-0.35726351551777097,271,-0.46634554862976074
461,0,test,1.9281210056171967,0.9198489735718642,1.251236683818717,3.6165885529090924,1.725366436304288,2.3469524238859556,6.876577045044102,4.135716243949087,4.9088397099184276,12.898438299178768,7.757388660966648,9.207541150807447,2.1810731526839207,0.9601099904620771,1.3617212536841508,3.575529758498231,1.5739508040361923,2.2323299240723786,8.85580479180176,5.4653530752969335,6.586775990743485,14.517712773445508,8.95959520540481,10.797993427448338,1.9822305323500384,0.9380252509825326,1.2795051490841225,3.5823443355723588,1.6952263571973483,2.312358703164077,7.258916188413447,4.4177764688722885,5.239667747423981,13.118523232072494,7.9839333774800405,9.469279061609605,0.5829145728643217,-0.002085427135678275,-0.002085427135678275,0.40703517587939697,-0.00296482412060306,-0.00296482412060306,0.29648241206030146,-0.0035175879396985854,-0.0035175879396985854,0.3534743202416919,0.09103088132766479,0.14543411923666683,0.30606060606060603,0.3869346733668342,0.08868905933174642,0.16155904732342852,0.33838383838383834,0.35785953177257523,0.09074767868409439,0.14762593889159636,0.3120805369127517,16.0,-5.0,-5.0,27.0,-11.0,-11.0,31.0,-7.0,-7.0,0.0006549207562334441,3.9731007891603484e-05,0.0002969507924633606,-0.05222138081795169,-0.04701644648639469,-0.054480516084054464,0.03323262839879154,0.35026688709437476,11,-0.29220330715179443
344,0,test,2.27187869038367,1.0464778795993706,1.4515557962914198,3.7394276580849226,1.7224635906449266,2.3892067454486106,9.697602503617945,6.292071720874638,7.426369416726974,15.9618923196196,10.356515565414778,12.223527300823902,2.4920799861760723,1.1756048629530222,1.605892906988609,3.955682517739797,1.8660394650047971,2.5490363602993793,12.086389516745507,8.356140010314785,9.66052714305885,19.18474526467541,13.263714302086964,15.334170068347383,2.27187869038367,1.0464778795993706,1.4515557962914198,3.7394276580849226,1.7224635906449266,2.3892067454486106,9.697602503617945,6.292071720874638,7.426369416726974,15.9618923196196,10.356515565414778,12.223527300823902,0.6482412060301508,-0.0017587939698492372,-0.0017587939698492372,0.457286432160804,-0.0027135678391959628,-0.0027135678391959628,0.31658291457286436,-0.003417085427135591,-0.003417085427135591,0.38257575757575757,0.11087764436821035,0.17026419978681284,0.3422053231939164,0.371859296482412,0.08435929648241203,0.14556977901153012,0.36363636363636365,0.38257575757575757,0.11087764436821035,0.17026419978681284,0.3422053231939164,16.0,0.0,0.0,24.0,0.0,0.0,32.0,0.0,0.0,0.0003952706651204415,0.00018295375362123597,-0.0001309050374870455,-0.0452722127797518,-0.04480916695268444,-0.042514632444227374,0.03787878787878788,0.4736781778642547,10,-0.7024359703063965
35,0,test,2.1971995012069385,1.03183957536809,1.3969436901256038,3.738880919180868,1.7558375094661423,2.3771196494955027,8.999774317666104,5.7926973322971325,6.773663998317023,15.314533093045082,9.857186620704512,11.526455864539464,2.1817594809802356,0.9624539855286494,1.3582481832256912,3.3825728387290472,1.4921767217498438,2.105811136784017,8.861884867442326,5.4770487344151455,6.5833986157952396,13.739356383631513,8.491548425449839,10.206819559372464,2.203189044083228,1.0142262937895141,1.4015153940222795,3.713239961938024,1.7093701580722147,2.362104596666763,9.05384060636196,5.770167155343065,6.824571782432852,15.259281920834765,9.725000823611907,11.502087273763234,0.5628140703517588,-0.0021859296482411583,-0.0021859296482411583,0.40703517587939697,-0.00296482412060306,-0.00296482412060306,0.27135678391959794,-0.0036432160804020786,-0.0036432160804020786,0.37459283387622155,0.09329202086809152,0.16332522824241869,0.3529411764705882,0.38190954773869346,0.09619526202440776,0.17322841251331778,0.33838383838383834,0.3712374581939799,0.09243946153287808,0.1621162123652814,0.3489932885906041,19.0,-1.0,-1.0,28.0,0.0,0.0,35.0,0.0,0.0,0.00011945920623366548,2.187175530790817e-05,3.30205007166728e-05,-0.03610025519701754,-0.032983681744505056,-0.03578849940989404,0.03257328990228013,0.3741046388835359,10,-0.7489278316497803
187,0,test,1.887104994961648,0.8802530933725232,1.150065999009244,3.599117773895927,1.67883321931873,2.193424843471239,6.600233287256024,3.8632621035251224,4.510494667261101,12.588073795282108,7.368077207754101,8.602489829312411,2.3632479044111063,1.055207005394974,1.4706078846767272,3.635766006786317,1.6233953929153446,2.262473668733426,10.62540577225474,6.926485720963388,8.183838837090287,16.34677811116114,10.656131878405212,12.59052128783121,1.990131439463511,0.8841050635397645,1.244139368609881,3.5327777031896646,1.569417272555795,2.2085314235678357,7.316495375338147,4.294170456386898,5.207963164277371,12.987861613026295,7.622787792402777,9.244905025344444,0.5477386934673367,-0.002261306532663321,-0.002261306532663321,0.44723618090452266,-0.0027638190954772934,-0.0027638190954772934,0.321608040201005,-0.0033919597989949812,-0.0033919597989949812,0.3577235772357723,0.12195121951219512,0.1631976730324487,0.3125,0.3919597989949749,0.11809045226130654,0.19095477386934678,0.38383838383838387,0.36789297658862874,0.137123745819398,0.18506131549609806,0.3221476510067114,20.0,-9.0,-9.0,31.0,-15.0,-15.0,39.0,-16.0,-16.0,0.0006458463032071396,0.0005714578438007029,0.0003551863626003617,-0.10271898017809633,-0.11968272922208456,-0.11828241828147679,0.9701897018970189,-0.3467757367802469,358,-0.43618059158325195
381,0,test,2.3820657010608555,1.1094216158017367,1.5331640104311457,4.305472788873968,2.0052278894304676,2.7711225281705794,10.827245632034668,7.256965413638486,8.490167025547134,19.569742105106137,13.116626927756517,15.34558139400134,2.520400251678923,1.1406108825377559,1.5979763418582933,4.098211791347842,1.8546518415248063,2.5983355152167373,12.433572225930966,8.459507747212015,9.91819216495054,20.217190611269864,13.755297149938237,16.127141731626892,2.3820657010608555,1.1094216158017367,1.5331640104311457,4.305472788873968,2.0052278894304676,2.7711225281705794,10.827245632034668,7.256965413638486,8.490167025547134,19.569742105106137,13.116626927756517,15.34558139400134,0.6281407035175879,-0.0018592964824121205,-0.0018592964824121205,0.4623115577889447,-0.002688442211055242,-0.002688442211055242,0.35678391959798994,-0.0032160804020100464,-0.0032160804020100464,0.403448275862069,0.1228975013353909,0.19243910155014243,0.38754325259515576,0.39698492462311563,0.10625810758050913,0.17160929857970997,0.398989898989899,0.403448275862069,0.1228975013353909,0.19243910155014243,0.38754325259515576,25.0,-16.0,-16.0,37.0,-25.0,-25.0,44.0,-23.0,-23.0,0.00016994125293392484,0.00031708115639784057,0.00013746006123081494,-0.009393663739441394,-0.009815758997159918,-0.008151529614462305,0.03793103448275862,-0.4081870177721601,11,-0.7706317901611328
403,0,test,2.4449531406145875,1.1342406115062045,1.561342377397351,4.567308297398084,2.1188244756608956,2.9166743022214403,11.530009297030384,7.82119388713803,9.110388667513622,21.53869792292482,14.61042469194535,17.0187121636192,2.6717163256651033,1.1929517630628523,1.6817718476913677,4.567036454128382,2.039233783013423,2.874823671267295,14.464774163146249,10.077252340499433,11.773689109439992,24.72610968059188,17.226072376922108,20.125964289641015,2.4449531406145875,1.1342406115062045,1.561342377397351,4.567308297398084,2.1188244756608956,2.9166743022214403,11.530009297030384,7.82119388713803,9.110388667513622,21.53869792292482,14.61042469194535,17.0187121636192,0.6683417085427136,-0.0016582914572863539,-0.0016582914572863539,0.4773869346733668,-0.0026130653266331905,-0.0026130653266331905,0.36180904522613067,-0.0031909547738693256,-0.0031909547738693256,0.3805970149253731,0.08823202423636012,0.15975334246879747,0.35205992509363293,0.38190954773869346,0.08617019936776615,0.1448477781226667,0.3737373737373737,0.3805970149253731,0.08823202423636012,0.15975334246879747,0.35205992509363293,14.0,-5.0,-5.0,20.0,-5.0,-5.0,28.0,-8.0,-8.0,0.00040765227727512527,0.0005002202967235328,4.234799166086917e-05,-0.00016945494488584956,0.00022372510708557058,6.833549267337702e-05,0.03731343283582089,-0.3621537196619945,10,-0.3981659412384033
142,0,test,2.2805896458721375,1.097033336706406,1.4858641119943878,3.778624021101875,1.8176336657194376,2.461872891441682,9.782446888698836,6.516478521005032,7.568613597526987,16.208171805785327,10.796910490684809,12.540153901784912,1.9571453143842485,0.9079257581448317,1.2517069674716113,3.1566859909423366,1.4643963841045675,2.0188822055993727,7.0790896178204195,4.223667865681751,5.054355591484608,11.417886480355515,6.812367525293146,8.1521864378784,2.3131909780410234,1.1030973721380484,1.4999109661847951,3.7309531903887474,1.779189309900078,2.419211235781928,10.106623268075863,6.75282469487564,7.851330011285803,16.3010052710901,10.891652733670387,12.663435502073877,0.42211055276381915,-0.0028894472361808976,-0.0028894472361808976,0.3266331658291457,-0.0033668341708542604,-0.0033668341708542604,0.2613065326633166,-0.003693467336683409,-0.003693467336683409,0.35311572700296734,0.10274535663259698,0.16160536175123985,0.38690476190476186,0.3266331658291457,0.10608178738303042,0.1480021140762242,0.33838383838383834,0.35785953177257523,0.10577272042032149,0.16876053288492232,0.3959731543624161,20.0,-5.0,-5.0,32.0,-4.0,-4.0,40.0,-8.0,-8.0,-0.0009688530848044294,7.169086940104958e-05,-0.00041974383727262106,-0.03403832123044381,-0.0360187204261182,-0.03368326646359421,0.9673590504451038,0.474244673040458,326,-0.31415891647338867
8,0,test,2.648271483319314,1.2395256790492961,1.6913936186813174,4.291476078390937,2.0086289618328954,2.7408727917185205,14.129594285806007,10.038772791376065,11.526039166479315,22.896752186035037,16.26764988482025,18.677738167367085,2.6331826459281205,1.2024052579828997,1.6684690309017494,3.9301233521315226,1.7946347134073126,2.490252284927984,13.917995539357737,9.736046614067874,11.293959474999461,20.773127670683188,14.53141285681772,16.856655932835015,2.648271483319314,1.2395256790492961,1.6913936186813174,4.291476078390937,2.0086289618328954,2.7408727917185205,14.129594285806007,10.038772791376065,11.526039166479315,22.896752186035037,16.26764988482025,18.677738167367085,0.6532663316582914,-0.0017336683417086274,-0.0017336683417086274,0.4723618090452262,-0.0026381909547738003,-0.0026381909547738003,0.35678391959798994,-0.0032160804020100464,-0.0032160804020100464,0.39179104477611937,0.09383946190833536,0.16970667753046176,0.4044943820224719,0.39698492462311563,0.09372677925970707,0.16993984949790697,0.40909090909090906,0.39179104477611937,0.09383946190833536,0.16970667753046176,0.4044943820224719,22.0,-13.0,-13.0,30.0,-17.0,-17.0,40.0,-18.0,-18.0,-0.0005280583946834533,-9.215702616160988e-05,-0.00012013957152134594,-0.00016945494488584956,0.00022372510708557058,6.833549267337702e-05,0.9589552238805971,0.449704878685795,257,-0.8192052841186523
29,0,test,2.449153777866403,1.1207491984301898,1.5409609568031444,4.299934757731355,1.9676789904257306,2.7054371343873385,11.578544551728273,7.803528709019553,9.098707579371375,20.32824015047748,13.700513472085468,15.974435466055425,2.7848971087214562,1.2353417357578276,1.745553678826566,4.420471601145168,1.9608598980282976,2.770720125121533,16.19815114253682,11.488775341326518,13.370791097815669,25.711351019899713,18.23615133543892,21.223477933040744,2.4366791331625097,1.0992461872429315,1.518940907250125,4.225455144212445,1.9062072611149103,2.6340015732661124,11.43500349554013,7.62575110884522,8.931382140131674,19.82948583041641,13.22384585348882,15.487945907742786,0.6080402010050252,-0.001959798994974782,-0.001959798994974782,0.4773869346733668,-0.0026130653266331905,-0.0026130653266331905,0.3919597989949749,-0.0030402010050251116,-0.0030402010050251116,0.38961038961038963,0.13353259382432803,0.19198619954559482,0.35179153094462545,0.40703517587939697,0.12382715582927162,0.1966845915722183,0.38888888888888884,0.38795986622073575,0.132534156704876,0.1899620909148403,0.3489932885906041,21.0,-12.0,-12.0,30.0,-14.0,-14.0,41.0,-20.0,-20.0,0.0017821113933206996,0.00027716167342571433,0.0002561381246612819,-0.029231505675280545,-0.027573510888525554,-0.02916805725848537,0.04220779220779221,-0.6838118807399347,13,-0.467332124710083
64,0,test,1.8042490811127794,0.8557569429799445,1.0251320620798927,2.934537415973314,1.391853704924579,1.6673354161455065,6.075407596881535,3.4935938925413903,3.895860679725991,9.881402239285919,5.682187731837747,6.33645822616912,1.6767931538027978,0.7409221790118566,1.0471998058108918,2.2063067813194706,0.9748976039629691,1.3778944813301204,5.348377018212175,2.7989440353294173,3.47152981783501,7.037338181858125,3.682821099117654,4.56780239188817,1.7642526484293153,0.8114663450872308,1.1237801707777446,2.6731100733777504,1.22949446225338,1.7026972284511284,5.837208280762056,3.2442840035914258,3.9398311449110808,8.8442549708516,4.915581823623372,5.969441128653152,0.4371859296482412,-0.002814070351758735,-0.002814070351758735,0.29648241206030146,-0.0035175879396985854,-0.0035175879396985854,0.18090452261306533,-0.0040954773869347205,-0.0040954773869347205,0.33573141486810554,0.09860566636511148,0.1255652369599921,0.3341346153846154,0.321608040201005,0.0860190677699273,0.13963809028447738,0.28787878787878785,0.33444816053511706,0.0990558400008934,0.1586973262748278,0.3221476510067114,17.0,0.0,0.0,23.0,0.0,0.0,28.0,0.0,0.0,0.00039138267113531124,-1.906234754313193e-06,0.00019858380160774032,-0.03023594953212072,-0.03341517179307463,-0.03183688334414647,0.03357314148681055,0.505378411455358,14,-0.8071835041046143
433,0,test,2.402341625026592,1.1248182299961242,1.549974651145422,3.7462258014028538,1.754048229944451,2.4170396787663755,11.049018771112923,7.46127548033705,8.703827477010945,17.229905509408766,11.63515730844639,13.572800273556672,2.4700126575763814,1.1387975232611327,1.580226336237485,3.6058578942720896,1.662478136147639,2.3068997609306354,11.822596496117468,8.036955840397539,9.387987124482786,17.25926495783572,11.732782248755532,13.705090692675597,2.3831917468144868,1.1330361376237892,1.5446098676174538,3.7432331101798217,1.7796379124980979,2.4260887973049012,10.839444472939654,7.348558343774787,8.526360056272129,17.025305454879035,11.542238236295475,13.392188570060934,0.6231155778894473,-0.0018844221105527303,-0.0018844221105527303,0.4723618090452262,-0.0026381909547738003,-0.0026381909547738003,0.3266331658291457,-0.0033668341708542604,-0.0033668341708542604,0.43630573248407645,0.14218808542525296,0.2053735290942459,0.39616613418530355,0.4170854271356784,0.13137114142139272,0.19504869925587875,0.3737373737373737,0.4247491638795987,0.14261226905489088,0.20116740637125607,0.3825503355704698,18.0,-9.0,-9.0,30.0,-18.0,-18.0,36.0,-21.0,-21.0,0.0004879517962520388,0.00016570818181531845,5.9425046964367685e-05,-0.002761459106856101,-0.004187194387188065,-0.00427263066106498,0.03184713375796178,0.5107449896251623,10,-0.43993520736694336
258,0,test,2.4071294092246633,1.097833821065663,1.5196377853236083,3.786495699903965,1.7269296061707058,2.3904414600596082,11.102045928588216,7.3984819697472,8.673016843857091,17.46389247193652,11.638061525445035,13.642947844269582,2.5659781061226172,1.1465595862612288,1.610740639934956,3.515038501537832,1.5706295702208612,2.2064940273081586,13.01338061405836,8.878665127889736,10.41409286146696,17.826548786381316,12.16255496971197,14.265880632146523,2.4071294092246633,1.097833821065663,1.5196377853236083,3.786495699903965,1.7269296061707058,2.3904414600596082,11.102045928588216,7.3984819697472,8.673016843857091,17.46389247193652,11.638061525445035,13.642947844269582,0.6281407035175879,-0.0018592964824121205,-0.0018592964824121205,0.4824120603015075,-0.0025879396984924696,-0.0025879396984924696,0.33668341708542715,-0.0033165829145728187,-0.0033165829145728187,0.4014336917562724,0.10984156295484127,0.17974120069548571,0.39568345323741005,0.40703517587939697,0.11380209317263001,0.1799901007541883,0.4242424242424242,0.4014336917562724,0.10984156295484127,0.17974120069548571,0.39568345323741005,21.0,-12.0,-12.0,32.0,-14.0,-14.0,41.0,-19.0,-19.0,0.00045797608352704354,0.00016135629637893702,7.735135793125969e-06,-0.0002456840853515274,0.00018111633153772289,2.978536601450088e-05,0.053763440860215055,-0.32001456623886726,15,-0.5602078437805176
12,0,test,2.3029788453989544,1.1097320845972152,1.4973668138708849,3.7081862764898417,1.7868567463853464,2.4110143613175268,10.003938299355625,6.706167381480161,7.765872452760376,16.108036244725156,10.798066122722291,12.504370898512468,2.2729050987173576,1.0442472403285639,1.4494227306512766,3.5238838739803993,1.6189879695016494,2.2471670242655453,9.707561313672954,6.290920471877694,7.429140976969842,15.050482656857293,9.753365072678594,11.518048026309833,2.3029788453989544,1.1097320845972152,1.4973668138708849,3.7081862764898417,1.7868567463853464,2.4110143613175268,10.003938299355625,6.706167381480161,7.765872452760376,16.108036244725156,10.798066122722291,12.504370898512468,0.5326633165829145,-0.0023366834170853723,-0.0023366834170853723,0.39698492462311563,-0.0030150753768843908,-0.0030150753768843908,0.2864321608040201,-0.003567839195979916,-0.003567839195979916,0.35915492957746475,0.0920196044456546,0.14369825510439682,0.3639575971731449,0.35678391959798994,0.0986385561894686,0.14810278437261426,0.3434343434343434,0.35915492957746475,0.0920196044456546,0.14369825510439682,0.3639575971731449,20.0,-9.0,-9.0,29.0,-12.0,-12.0,37.0,-14.0,-14.0,-0.00011365858265189452,0.0001719351800899956,-8.88713581822663e-05,-0.005954968322737564,-0.00508274446214152,-0.0055720047335183764,0.035211267605633804,0.8291503598378066,10,-0.37039947509765625
88,0,test,1.1424429750322782,0.5271262800318985,0.5677202990675687,2.874146010870679,1.326138746606566,1.4282647523910414,3.1344163203120696,1.2841738509901273,1.3577785660749813,7.8855315847851015,3.2307110567014776,3.415885024125479,1.027467048748433,0.4397643689419033,0.6299673092893531,2.555824283761727,1.0939138677429843,1.5670436818572657,2.7939798495034376,0.9941310163275294,1.3058804432474627,6.950024875639801,2.4729009031147298,3.248377602578063,0.9478918327525663,0.40721493191342606,0.5871082799678511,2.5851595438706356,1.1105861779457076,1.6012043999123216,2.5802642927891526,0.8630954708979277,1.1458113488598196,7.037084434879508,2.35389673881253,3.1249400423449627,0.2222222222222222,-0.007777777777777772,-0.007777777777777772,0.1717171717171717,-0.008282828282828336,-0.008282828282828336,0.14141414141414144,-0.003585858585858581,-0.003585858585858581,0.24947589098532497,0.08507798522616261,0.09405067104397602,0.2542016806722689,0.21717171717171713,0.05596264916164151,0.08965493864822716,0.20304568527918787,0.22073578595317722,0.06213812318189171,0.1017146513591839,0.20805369127516782,15.0,-4.0,-4.0,22.0,-7.0,-7.0,23.0,-5.0,-5.0,-0.00041532903865736895,0.0002656206043364013,-0.0003231108206828155,-0.2565393417489288,-0.27354663292836534,-0.24921434763436512,0.025157232704402517,0.24837878630804652,12,-1.1947472095489502
343,0,test,3.0305283667334915,1.4623325821980644,1.9820623921450573,4.52984240080164,2.1858023860223703,2.9626616808905073,20.708171208111715,15.910187424758508,17.85490043883887,30.953266437388038,23.781543308586404,26.688377498053896,3.38204537530081,1.6123404814270084,2.199405823912432,4.632938870275082,2.208685590995902,3.0128846902910027,29.430906842192485,23.561785749988644,26.16793120438655,40.316310742729435,32.276418835600886,35.84648110189939,3.0305283667334915,1.4623325821980644,1.9820623921450573,4.52984240080164,2.1858023860223703,2.9626616808905073,20.708171208111715,15.910187424758508,17.85490043883887,30.953266437388038,23.781543308586404,26.688377498053896,0.7537688442211055,-0.0012311557788945438,-0.0012311557788945438,0.5678391959798995,-0.0021608040201005485,-0.0021608040201005485,0.42713567839195976,-0.002864321608040288,-0.002864321608040288,0.3851590106007067,0.07475336686172962,0.14191576735746347,0.33687943262411346,0.39698492462311563,0.08620798226722592,0.15157590959807388,0.3535353535353535,0.3851590106007067,0.07475336686172962,0.14191576735746347,0.33687943262411346,19.0,0.0,0.0,29.0,0.0,0.0,37.0,0.0,0.0,0.0007704166855612324,0.0003864041571776234,0.00014840829800268077,-0.006705784181360919,-0.004645959440336078,-0.005749021473337557,0.0353356890459364,0.9337483437391088,10,-0.38673973083496094
287,0,test,2.660701460137221,1.2825343584964084,1.740365274027465,4.497443758425496,2.1678967866197354,2.941778721259328,14.306320893631304,10.338698184011403,11.796186773303292,24.182297252460653,17.475734994909594,19.939360868422337,2.7525621209961675,1.3206984442883873,1.7889191851061401,4.234710955378719,2.0318437604436728,2.7521833617017535,15.682761586397774,11.496267388692559,13.061533519206384,24.127325517535038,17.686565213373168,20.094666952625204,2.660701460137221,1.2825343584964084,1.740365274027465,4.497443758425496,2.1678967866197354,2.941778721259328,14.306320893631304,10.338698184011403,11.796186773303292,24.182297252460653,17.475734994909594,19.939360868422337,0.6783919597989949,-0.0016080402010050232,-0.0016080402010050232,0.4723618090452262,-0.0026381909547738003,-0.0026381909547738003,0.3417085427135679,-0.003291457286432098,-0.003291457286432098,0.3869731800766284,0.0810458378204143,0.1576738170193036,0.3846153846153846,0.3869346733668342,0.08868905933174642,0.15488125099621652,0.4040404040404041,0.3869731800766284,0.0810458378204143,0.1576738170193036,0.3846153846153846,18.0,1.0,1.0,30.0,-2.0,-2.0,38.0,-1.0,-1.0,0.0002114334460904429,-6.942133093494739e-05,-0.0001839712735756096,-0.00012094549186336678,-0.00017278787436758591,9.286739145242251e-05,0.9386973180076629,-0.27562862790353093,245,-0.1349961757659912
270,0,test,2.608884744624537,1.2654553304977254,1.7114137844039319,4.322412594644203,2.0966123818897224,2.8354784593674607,13.583892891336802,9.751729820869443,11.130502355053673,22.50585804481837,16.156712129251147,18.44106899062147,2.816988550190834,1.3416889497406939,1.8297868917645064,4.082592101725846,1.9444767387546285,2.65186506052827,16.726404025281713,12.35405849187419,14.042690018917066,24.241165254031472,17.90443259691912,20.351724665097198,2.608884744624537,1.2654553304977254,1.7114137844039319,4.322412594644203,2.0966123818897224,2.8354784593674607,13.583892891336802,9.751729820869443,11.130502355053673,22.50585804481837,16.156712129251147,18.44106899062147,0.6884422110552764,-0.0015577889447235815,-0.0015577889447235815,0.5175879396984925,-0.002412060301507535,-0.002412060301507535,0.3668341708542714,-0.0031658291457286047,-0.0031658291457286047,0.40501792114695345,0.1134257923455223,0.17974974474647665,0.3453237410071942,0.39698492462311563,0.09122051359554673,0.15992315500708887,0.3484848484848485,0.40501792114695345,0.1134257923455223,0.17974974474647665,0.3453237410071942,20.0,-8.0,-8.0,30.0,-9.0,-9.0,38.0,-12.0,-12.0,0.00030189181977276463,0.00017176660414060176,0.00018305850125786887,-0.0002456840853515274,0.00018111633153772289,2.978536601450088e-05,0.9283154121863799,-0.2770677178340487,259,-0.3474874496459961
19,0,test,1.9400228821990366,0.9093776697183564,1.252056875596816,3.574345189021255,1.6754594642083656,2.3068199404935275,6.958910203983826,4.15603650348292,4.969245753637823,12.82126486067323,7.657182406417015,9.155458843066048,1.9617559827040376,0.9135138735514619,1.2546419485494706,3.189847126348029,1.4853884122788,2.04006820902353,7.111804312402426,4.259172220342426,5.083674620848507,11.563909451060855,6.925483285109635,8.26613759487562,1.9429636320038073,0.9136068194032247,1.2556790738605785,3.520885611934172,1.655566296979177,2.2754426853594727,6.979404737685859,4.180139933974289,4.991095679246142,12.64752737313983,7.574920243989774,9.044470352088464,0.5025125628140703,-0.0024874371859296973,-0.0024874371859296973,0.35678391959798994,-0.0032160804020100464,-0.0032160804020100464,0.2361809045226131,-0.0038190954773869024,-0.0038190954773869024,0.34983498349834985,0.0961282289678721,0.15554299667068794,0.3178807947019867,0.36180904522613067,0.10867621314593012,0.16815295173698208,0.31313131313131315,0.3523489932885906,0.0994176700055085,0.158152564717162,0.31986531986531985,17.0,0.0,0.0,25.0,0.0,0.0,33.0,0.0,0.0,0.0003445758045408356,9.036406540179152e-05,5.67904292386602e-05,-0.06541585600145883,-0.06634571327886363,-0.06436396705969116,0.9636963696369637,0.5373238507636962,292,-0.565735936164856
155,0,test,2.187223249161975,1.000413620969281,1.3851335425024494,4.07139749392199,1.8622157161416135,2.578350991766608,8.910436669122163,5.63382576199506,6.680240150215429,16.58629476360692,10.487061207569118,12.43490485793113,2.1545712425909986,0.9403802106312813,1.304957824579768,3.6830277651128185,1.607487539540652,2.2306971360337915,8.624191700062244,5.256622993412771,6.285449138666811,14.742208034294435,8.985680330620122,10.74435750199455,2.191006295007703,0.9991581455554523,1.3851669055245823,4.082620425480192,1.8617853643890414,2.581056345697979,8.944209100597549,5.651047258651563,6.705634354079118,16.666228137759408,10.529901724195458,12.494970846110157,0.6231155778894473,-0.0018844221105527303,-0.0018844221105527303,0.42713567839195976,-0.002864321608040288,-0.002864321608040288,0.27135678391959794,-0.0036432160804020786,-0.0036432160804020786,0.4058441558441559,0.10762697594140058,0.1823020392134863,0.39739413680781754,0.3869346733668342,0.08117026233926528,0.15822014915982252,0.36868686868686873,0.4013377926421404,0.1041758560812055,0.17775603513379779,0.3926174496644296,18.0,-7.0,-7.0,28.0,-11.0,-11.0,36.0,-15.0,-15.0,0.00011915613707923367,0.0001092541250968012,-9.4272435942619e-06,-0.013555092390284074,-0.013662615328792427,-0.013262302875345355,0.03896103896103896,-0.3348789793436452,12,-0.5011599063873291
247,0,test,2.6728053630144943,1.2845127774611824,1.7427174283156486,3.9404787637585117,1.893738837628486,2.569263408602499,14.480535423203118,10.472534534345861,11.94580336448466,21.3484465096366,15.4395080563499,17.611527245925956,2.7855273486306475,1.3014301444018859,1.7924898640126297,3.8421066877664107,1.795076061243981,2.4723998124312137,16.20836308148968,11.797381682170077,13.50894159816188,22.35636287102025,16.272250596096658,18.633022894016385,2.6728053630144943,1.2845127774611824,1.7427174283156486,3.9404787637585117,1.893738837628486,2.569263408602499,14.480535423203118,10.472534534345861,11.94580336448466,21.3484465096366,15.4395080563499,17.611527245925956,0.6934673366834171,-0.0015326633165829717,-0.0015326633165829717,0.5276381909547738,-0.002361809045226204,-0.002361809045226204,0.36180904522613067,-0.0031909547738693256,-0.0031909547738693256,0.3735408560311284,0.0783952249631672,0.13680088190434958,0.36328125,0.371859296482412,0.05356355713404104,0.12811973053917325,0.3737373737373737,0.3735408560311284,0.0783952249631672,0.13680088190434958,0.36328125,12.0,0.0,0.0,22.0,-3.0,-3.0,29.0,-3.0,-3.0,0.0004872441803903485,0.00030971083852962636,0.00011311851728652209,-9.322580442105988e-05,-0.00015080139628764755,0.00010688561932692409,0.042801556420233464,0.27291620637912734,11,-0.3643162250518799
459,0,test,2.375578860092531,1.0898471592021757,1.5115929257442593,4.447892333790271,2.040564893825351,2.8302165418190395,10.75723832013106,7.139924539293274,8.384639425517062,20.141212173862414,13.36836935016613,15.69889934990429,2.315384490046199,1.0480709365055458,1.4504057967868071,4.134615160796784,1.8715552437599037,2.590010351405013,10.12881659931684,6.577517238891515,7.753861116439249,18.08717249878007,11.745566498020562,13.846180565070085,2.375578860092531,1.0898471592021757,1.5115929257442593,4.447892333790271,2.040564893825351,2.8302165418190395,10.75723832013106,7.139924539293274,8.384639425517062,20.141212173862414,13.36836935016613,15.69889934990429,0.5979899497487438,-0.0020100502512562235,-0.0020100502512562235,0.42211055276381915,-0.0028894472361808976,-0.0028894472361808976,0.3015075376884422,-0.0034924623115578646,-0.0034924623115578646,0.3954372623574145,0.11839741416007099,0.17419832430431714,0.3969465648854962,0.3919597989949749,0.11627057593733081,0.16491472386976624,0.3939393939393939,0.3954372623574145,0.11839741416007099,0.17419832430431714,0.3969465648854962,16.0,-4.0,-4.0,31.0,-13.0,-13.0,35.0,-10.0,-10.0,0.00015134269962546637,-5.596010487469896e-06,0.00012177128038029324,-0.010602016984163853,-0.009584436785592843,-0.009923836181192414,0.9505703422053232,0.3433763889066515,250,-0.45632171630859375
10,0,test,2.9212068372926807,1.4247633053772908,1.9174902146188324,4.539326310891077,2.2139704304147116,2.9796294021282836,18.563677284627943,14.097898888760238,15.835273830811257,28.846498525622835,21.907029155573507,24.606773550819454,3.2174592776397524,1.555408136581755,2.099927068723399,4.437874865710003,2.1453905332162133,2.896451129273654,24.964611390025063,19.694501886167494,21.907311281809687,34.433946744862155,27.164830187817234,30.216981078358188,2.9571128018313315,1.4166325128951,1.921207939702075,4.572854848192781,2.1906688343738665,2.9709401129413537,19.242335042547694,14.575503882366293,16.42468037108352,29.756188210125302,22.53943899334994,25.39899026456215,0.6984924623115578,-0.0015075376884421399,-0.0015075376884421399,0.5678391959798995,-0.0021608040201005485,-0.0021608040201005485,0.4371859296482412,-0.002814070351758735,-0.002814070351758735,0.3892405063291139,0.10014098026276319,0.17239840106595594,0.32698412698412693,0.4170854271356784,0.10380221911562826,0.18169310660145477,0.35858585858585856,0.38795986622073575,0.09580627690520982,0.16882749692151444,0.33221476510067116,22.0,-4.0,-4.0,35.0,-6.0,-6.0,45.0,-6.0,-6.0,0.001421279934108709,0.0004686739215163611,0.00017728205300390393,0.00043990332195509296,3.7795904697546234e-05,-9.98832418286355e-05,0.03164556962025317,-0.4053041711684135,10,-0.11278343200683594
267,0,test,2.6634611471459664,1.2944835572620284,1.7458954538010505,4.5748862056860125,2.2234658748265423,2.9988321912347455,14.345856389249782,10.414527179986207,11.84266695280063,24.641118033299627,17.888481979741016,20.341522060104612,2.7223022362372293,1.2941365727066692,1.7635264165357158,3.9453655597641006,1.8755602502995203,2.555835386283646,15.215311193877803,11.044270116350528,12.606809951654498,22.051175643301164,16.006188574421056,18.27073906036884,2.6634611471459664,1.2944835572620284,1.7458954538010505,4.5748862056860125,2.2234658748265423,2.9988321912347455,14.345856389249782,10.414527179986207,11.84266695280063,24.641118033299627,17.888481979741016,20.341522060104612,0.6733668341708543,-0.001633165829145744,-0.001633165829145744,0.5226130653266332,-0.002386934673366814,-0.002386934673366814,0.3919597989949749,-0.0030402010050251116,-0.0030402010050251116,0.4192439862542955,0.11564192793525607,0.1952439862542955,0.4,0.4321608040201005,0.12138386166421078,0.20010738164948283,0.40909090909090906,0.4192439862542955,0.11564192793525607,0.1952439862542955,0.4,23.0,-7.0,-7.0,38.0,-13.0,-13.0,44.0,-10.0,-10.0,0.00017758110755856972,0.000218682549473134,3.543772635083468e-05,-0.004996474336127932,-0.004103461206415915,-0.004196247827079169,0.9553264604810997,-0.2668656993653246,278,-0.5151944160461426
217,0,test,2.137909351546975,0.9845075217841301,1.3524033847331502,4.0382732195887305,1.8596253189255787,2.5545397267181724,8.481686854535619,5.3127320154615045,6.288170347969919,16.02096405856728,10.035160473649508,11.877655101720958,2.048547158021549,0.9267652336110876,1.2892654857522592,3.5017900137120495,1.5842140745488678,2.2038726252175374,7.756623767574267,4.686303357024224,5.6198829786449895,13.259185927477379,8.010774969272177,9.606637570333316,2.137909351546975,0.9845075217841301,1.3524033847331502,4.0382732195887305,1.8596253189255787,2.5545397267181724,8.481686854535619,5.3127320154615045,6.288170347969919,16.02096405856728,10.035160473649508,11.877655101720958,0.49246231155778897,-0.002537688442211028,-0.002537688442211028,0.3467336683417085,-0.003266331658291488,-0.003266331658291488,0.2613065326633166,-0.003693467336683409,-0.003693467336683409,0.34375,0.09245017331022531,0.14744515011547343,0.33797909407665505,0.3467336683417085,0.0961071019256684,0.1463997785253479,0.33333333333333337,0.34375,0.09245017331022531,0.14744515011547343,0.33797909407665505,17.0,0.0,0.0,27.0,0.0,0.0,33.0,0.0,0.0,-0.00013396624090319695,0.0001795890434335497,-5.2490229255496416e-05,-0.019010169548348443,-0.019830678031932614,-0.018006266853706876,0.03819444444444445,0.44944026516884117,11,-0.4278426170349121
445,0,test,2.5483322230663203,1.185572808225809,1.6233170304653277,3.9965647432788742,1.8593409615344658,2.545857856522126,12.785762191840282,8.878802829244016,10.263855617452855,20.051987699771374,13.924679846956465,16.096866460158303,2.5256249648799014,1.1096797893823163,1.5423573953231218,3.769589499820748,1.6562384916153974,2.3020259631688385,12.498704074327152,8.378324966885238,9.825527296576656,18.654782200488285,12.504962637142146,14.664966114293513,2.5483322230663203,1.185572808225809,1.6233170304653277,3.9965647432788742,1.8593409615344658,2.545857856522126,12.785762191840282,8.878802829244016,10.263855617452855,20.051987699771374,13.924679846956465,16.096866460158303,0.6080402010050252,-0.001959798994974782,-0.001959798994974782,0.4170854271356784,-0.0029145728643216184,-0.0029145728643216184,0.31155778894472363,-0.003442211055276312,-0.003442211055276312,0.3496503496503497,0.0756538400517458,0.13918523337127997,0.36140350877192984,0.3467336683417085,0.0710444452840644,0.12970528770731782,0.35858585858585856,0.3496503496503497,0.0756538400517458,0.13918523337127997,0.36140350877192984,18.0,-5.0,-5.0,27.0,-7.0,-7.0,33.0,-6.0,-6.0,0.0001032910319641078,-9.553037549458017e-05,-1.0014665516961414e-05,-0.00029419353837489837,0.00015400165618917327,5.253467235455389e-06,0.03496503496503497,-0.7949863440881603,10,-0.5203783512115479
392,0,test,2.624712839401857,1.2250423860750068,1.685418293669671,4.522095614873079,2.1106151952858547,2.9037929637923248,13.800610625403177,9.746746816041314,11.242434520033255,23.77695565581511,16.79258788787841,19.369495618852476,2.753309272162343,1.243225777927419,1.7323390212979206,4.335920113641485,1.957835870751841,2.7280929469258597,15.694483358428434,11.167374592410793,12.918596594100531,24.715721824296747,17.58641668096188,20.344246604882727,2.624712839401857,1.2250423860750068,1.685418293669671,4.522095614873079,2.1106151952858547,2.9037929637923248,13.800610625403177,9.746746816041314,11.242434520033255,23.77695565581511,16.79258788787841,19.369495618852476,0.6180904522613065,-0.0019095477386934512,-0.0019095477386934512,0.4723618090452262,-0.0026381909547738003,-0.0026381909547738003,0.36180904522613067,-0.0031909547738693256,-0.0031909547738693256,0.3789473684210526,0.10399115125818048,0.16424491801265118,0.37323943661971826,0.3919597989949749,0.11877684160149116,0.17493141836058423,0.3939393939393939,0.3789473684210526,0.10399115125818048,0.16424491801265118,0.37323943661971826,20.0,-11.0,-11.0,32.0,-17.0,-17.0,42.0,-22.0,-22.0,0.00019933961486275602,-0.00013451310141368494,8.306280528061732e-05,-0.016285387360601256,-0.013627229894806803,-0.015832730284717655,0.9614035087719298,0.38890482092628903,274,-0.5716221332550049
157,0,test,2.636474091073163,1.279109645140043,1.7181747843138426,4.584316889701843,2.224123487445,2.987572572724816,13.963881332063565,10.077943138488038,11.458854848506228,24.280480226647843,17.52358769602771,19.924725221656352,2.7577542201396494,1.3490573279615377,1.8164549389791942,4.634881042251512,2.267323240271492,3.052865443662511,15.76439979282936,11.673778384142981,13.201090077143329,26.49478956778044,19.61979560360165,22.186706012005597,2.636474091073163,1.279109645140043,1.7181747843138426,4.584316889701843,2.224123487445,2.987572572724816,13.963881332063565,10.077943138488038,11.458854848506228,24.280480226647843,17.52358769602771,19.924725221656352,0.6934673366834171,-0.0015326633165829717,-0.0015326633165829717,0.5125628140703518,-0.0024371859296482556,-0.0024371859296482556,0.35678391959798994,-0.0032160804020100464,-0.0032160804020100464,0.4051724137931034,0.0954949944382647,0.16878272897934987,0.37662337662337664,0.40201005025125625,0.08371431090288528,0.1599399333898205,0.398989898989899,0.4051724137931034,0.0954949944382647,0.16878272897934987,0.37662337662337664,17.0,0.0,0.0,27.0,0.0,0.0,37.0,0.0,0.0,9.178537739042337e-05,0.00020419243368015582,0.00013553491440122226,8.002224209047171e-05,-1.3385908281371428e-05,-4.3536860872883665e-05,0.9525862068965517,-0.7074301672003336,221,-0.2570185661315918
179,0,test,2.551699885304233,1.207444514936254,1.6472488347234693,3.935151630348697,1.8620831073715727,2.5403355523446276,12.828892904430074,8.993563327439594,10.358317574581562,19.784316768277705,13.869591637497205,15.974272886101687,2.523366038884209,1.1492367393224832,1.597557955506796,3.7662179684838937,1.7152787154066913,2.384414858965367,12.470502291643413,8.518867756984012,9.946595327853807,18.61268998752748,12.714727995498524,14.845664668438516,2.551699885304233,1.207444514936254,1.6472488347234693,3.935151630348697,1.8620831073715727,2.5403355523446276,12.828892904430074,8.993563327439594,10.358317574581562,19.784316768277705,13.869591637497205,15.974272886101687,0.5678391959798995,-0.0021608040201005485,-0.0021608040201005485,0.44221105527638194,-0.0027889447236180143,-0.0027889447236180143,0.31658291457286436,-0.003417085427135591,-0.003417085427135591,0.388235294117647,0.11817658570277423,0.1783265587851829,0.3582677165354331,0.37688442211055273,0.10871399604538978,0.16820328688517705,0.3282828282828283,0.388235294117647,0.11817658570277423,0.1783265587851829,0.3582677165354331,17.0,-6.0,-6.0,28.0,-9.0,-9.0,35.0,-5.0,-5.0,-8.843651019679035e-05,-2.2215281205705643e-05,0.0002238544916338126,-7.936596070123869e-05,-0.0001398081572467902,0.00011389473326595123,0.9568627450980393,-0.22392328020768162,244,-0.40735721588134766
398,0,test,2.293014712185196,1.0884211300389632,1.4750867888947796,3.59287655539846,1.7054241910164647,2.3112824845102917,9.904752695390883,6.569349460248466,7.638952636858097,15.519548809338582,10.293375587395687,11.96931432272033,2.343937389998547,1.08665632064831,1.491757195121342,3.606057523074688,1.6717789548435538,2.2950110694174493,10.422192115827785,6.906342985812801,8.077438813314737,16.03414171665813,10.625143055096615,12.426828943561134,2.293014712185196,1.0884211300389632,1.4750867888947796,3.59287655539846,1.7054241910164647,2.3112824845102917,9.904752695390883,6.569349460248466,7.638952636858097,15.519548809338582,10.293375587395687,11.96931432272033,0.592964824120603,-0.0020351758793969443,-0.0020351758793969443,0.44221105527638194,-0.0027889447236180143,-0.0027889447236180143,0.33668341708542715,-0.0033165829145728187,-0.0033165829145728187,0.3877551020408163,0.0904027598819569,0.16116080081964945,0.3770491803278688,0.40703517587939697,0.11129582750846967,0.1833289989177943,0.398989898989899,0.3877551020408163,0.0904027598819569,0.16116080081964945,0.3770491803278688,21.0,-11.0,-11.0,30.0,-13.0,-13.0,43.0,-17.0,-17.0,-2.7810201402378962e-05,0.00026202458825944617,0.00018188949908616356,-1.0066742095027337e-05,-8.484196204427974e-05,-0.00010243434826673337,0.04081632653061224,-0.5089513959315509,10,-0.4527463912963867
476,0,test,1.9689790035716934,0.9557463632544005,1.2911266713587337,3.8731889609732653,1.8800537014017484,2.5397820706332985,7.163358989469246,4.408868072730218,5.193715941884267,14.091081170074371,8.672707590436415,10.216585964627603,2.3039483564987577,1.0767116302170567,1.4799765675651266,3.599919307029309,1.6823619222141513,2.31246338682051,10.013641931708156,6.6018531393933175,7.734106215624502,15.646315518293994,10.315395530302059,12.084540961913286,1.9689790035716934,0.9557463632544005,1.2911266713587337,3.8731889609732653,1.8800537014017484,2.5397820706332985,7.163358989469246,4.408868072730218,5.193715941884267,14.091081170074371,8.672707590436415,10.216585964627603,0.592964824120603,-0.0020351758793969443,-0.0020351758793969443,0.4371859296482412,-0.002814070351758735,-0.002814070351758735,0.31155778894472363,-0.003442211055276312,-0.003442211055276312,0.3691275167785235,0.11241610738255037,0.1778523489932886,0.3164983164983165,0.3919597989949749,0.11306532663316582,0.17755443886097155,0.36868686868686873,0.3691275167785235,0.11241610738255037,0.1778523489932886,0.3164983164983165,11.0,0.0,0.0,17.0,1.0,1.0,24.0,-1.0,-1.0,0.0013462363498921057,0.0001661218772622697,0.00024498261911154673,-0.04363752106733543,-0.03581645343591777,-0.04201338505860974,0.040268456375838924,0.1667411477294214,12,-0.3482125997543335
176,0,test,2.181499741130267,1.0416514317789276,1.415344282259074,3.490399585808427,1.6666422908462841,2.2645508516145183,8.859583381703137,5.7332892820667745,6.708104497335603,14.17533341072502,9.17326285130684,10.732967195736967,2.4323828080060643,1.1582897882550964,1.5788816558826726,3.401933997211279,1.6199857178392958,2.2082260921435983,11.385980387371998,7.810523317268011,9.038127719379512,15.924448094226571,10.923808835339877,12.640738069062255,2.1606737916183776,1.0308487821189096,1.404881973269583,3.4478837100293256,1.644971460828047,2.241832936068483,8.67698216710888,5.5818673300702715,6.547685294753208,13.846248139003531,8.907235101175964,10.44843398098916,0.5477386934673367,-0.002261306532663321,-0.002261306532663321,0.42211055276381915,-0.0028894472361808976,-0.0028894472361808976,0.31658291457286436,-0.003417085427135591,-0.003417085427135591,0.36963696369636967,0.11922510208187209,0.17095419750537078,0.347682119205298,0.371859296482412,0.11622019873805112,0.16317816125703632,0.38888888888888884,0.36789297658862874,0.11747561431817799,0.16878285423045303,0.3422818791946308,22.0,-3.0,-3.0,30.0,-2.0,-2.0,39.0,-7.0,-7.0,0.0008007286168723903,-5.6242022460402856e-05,0.00015587205433766164,-0.026895015314393866,-0.02577441114729151,-0.02621062403363883,0.033003300330033,0.2093640680328811,10,-0.4269840717315674
195,0,test,2.8249177320619556,1.2755127668939472,1.7706984780755641,4.609988446186994,2.0815116318637417,2.8896061053257664,16.859557927967533,12.15089040032397,13.989824182119719,27.51314361251143,19.82906040789065,22.830019830943833,3.0608647269651024,1.391415332578527,1.9302531930017606,4.436035836181308,2.0165439602587347,2.7974683956547253,21.346007651973057,16.03676395911247,18.248457473794474,30.936242973874,23.24168689726445,26.44703981709344,2.8249177320619556,1.2755127668939472,1.7706984780755641,4.609988446186994,2.0815116318637417,2.8896061053257664,16.859557927967533,12.15089040032397,13.989824182119719,27.51314361251143,19.82906040789065,22.830019830943833,0.6683417085427136,-0.0016582914572863539,-0.0016582914572863539,0.507537688442211,-0.0024623115577889765,-0.0024623115577889765,0.40703517587939697,-0.00296482412060306,-0.00296482412060306,0.3886792452830189,0.10807660874817893,0.16408702445491352,0.375,0.40201005025125625,0.11378949887281009,0.1716260769624416,0.4191919191919192,0.3886792452830189,0.10807660874817893,0.16408702445491352,0.375,17.0,-6.0,-6.0,28.0,-5.0,-5.0,36.0,-7.0,-7.0,0.000502575347396666,0.0004256861230775717,-0.00010605719047261585,-0.0001486651793047855,0.00023534568223659846,7.884916357880911e-05,0.03773584905660377,-0.508443200401075,10,-0.519179105758667
260,0,test,2.181489663342495,1.027844442781793,1.4054567706472105,3.5083751286745284,1.6530281760202032,2.260322229082112,8.859494097151966,5.689767869760596,6.686658822950257,14.248258547996976,9.150554512192297,10.75380181835299,2.2524703497448404,1.0571891955775823,1.446883443335047,3.194993403893391,1.4995591426632375,2.052316940900776,9.511202836075173,6.206716125958044,7.2731932204426215,13.491067852588898,8.803852660933398,10.316586128287408,2.162235278292787,1.039687034095341,1.4043565809939507,3.43211948935363,1.6502968795164146,2.2291374301491285,8.690541742930261,5.617867583350188,6.556796645914433,13.794510703063906,8.917250132301888,10.407613723673705,0.5728643216080402,-0.0021356783919597166,-0.0021356783919597166,0.4170854271356784,-0.0029145728643216184,-0.0029145728643216184,0.321608040201005,-0.0033919597989949812,-0.0033919597989949812,0.37299035369774924,0.11295825096901735,0.17085131626459416,0.37419354838709673,0.39698492462311563,0.11628317023715073,0.18329544215233096,0.40909090909090906,0.3745819397993311,0.10747008671085023,0.174359470388875,0.37583892617449666,19.0,-8.0,-8.0,29.0,-11.0,-11.0,37.0,-13.0,-13.0,0.00042317362417971366,-0.0001812948698192794,0.00015359807910189795,-0.02622369081927367,-0.02402988309971832,-0.027381119802837084,0.9614147909967846,-0.3988323107334811,299,-0.6694576740264893
167,0,test,2.8579463472686117,1.335606053042818,1.8343206419236562,4.738174207313751,2.2142942458341452,3.0411105379260617,17.425703820802557,12.842765742677603,14.64243601986274,28.889982650277926,21.29195373128129,24.275617611877703,2.959017615918695,1.353419275528365,1.8628478753059938,4.623465024872961,2.1147176180130702,2.910699805165615,19.279023044228754,14.298184095788809,16.2863417466152,30.12347350660743,22.340912649670017,25.447408979086248,2.8579463472686117,1.335606053042818,1.8343206419236562,4.738174207313751,2.2142942458341452,3.0411105379260617,17.425703820802557,12.842765742677603,14.64243601986274,28.889982650277926,21.29195373128129,24.275617611877703,0.7085427135678393,-0.0014572864321606982,-0.0014572864321606982,0.5477386934673367,-0.002261306532663321,-0.002261306532663321,0.40703517587939697,-0.00296482412060306,-0.00296482412060306,0.4183266932270916,0.11017559978772773,0.18124060051185986,0.372,0.4120603015075377,0.10880215614412914,0.17499853189151093,0.38888888888888884,0.4183266932270916,0.11017559978772773,0.18124060051185986,0.372,20.0,-9.0,-9.0,33.0,-15.0,-15.0,39.0,-11.0,-11.0,4.07533756376473e-05,0.0002694711145405173,0.0002868873872704492,-5.164627325804361e-05,-0.00011782167916685182,0.0001279129611404528,0.04780876494023904,-0.4691096026941641,12,-0.4255673885345459
308,0,test,2.401235868244472,1.1309471202987653,1.5463686833213182,4.336777507496077,2.042559041509285,2.792835561392441,11.036807995988871,7.474927096313007,8.685745892644999,19.933144138210203,13.500171361825913,15.686983490958845,2.6340223785008487,1.2314164801477074,1.684927629846843,4.1809879023823,1.9546293335677896,2.674488301344195,13.929687842075875,9.863906655512249,11.346317840760422,22.11061562234266,15.656994691289286,18.010028318667338,2.401235868244472,1.1309471202987653,1.5463686833213182,4.336777507496077,2.042559041509285,2.792835561392441,11.036807995988871,7.474927096313007,8.685745892644999,19.933144138210203,13.500171361825913,15.686983490958845,0.5778894472361809,-0.002110552763819218,-0.002110552763819218,0.4522613065326633,-0.0027386934673366836,-0.0027386934673366836,0.3266331658291457,-0.0033668341708542604,-0.0033668341708542604,0.37037037037037035,0.11154684095860568,0.17104226286757085,0.32094594594594594,0.35678391959798994,0.08610722786866665,0.14810278437261426,0.33333333333333337,0.37037037037037035,0.11154684095860568,0.17104226286757085,0.32094594594594594,19.0,-5.0,-5.0,27.0,-1.0,-1.0,39.0,-9.0,-9.0,0.0011542537775743283,0.00019163195496354416,0.0001252813860417692,-0.011720230424407951,-0.009043016090225287,-0.011002828528254405,0.04040404040404041,0.3603318346406195,12,-0.5812885761260986
393,0,test,1.8366156729064278,0.8248593525324865,1.0824042293924405,4.029750858788809,1.8098384617330439,2.3749222209610608,6.2752647345850985,3.5248373274620484,4.1493302917729835,13.768669094119069,7.733907783196142,9.104118816654841,1.7570709210604607,0.6970086744047064,1.010366986757698,3.4117881962339043,1.3534149017567114,1.9618776441897052,5.795437216029896,2.90888655422864,3.6854034835810583,11.253276147630865,5.648323406269204,7.156123269089433,1.721614213713916,0.7467997512715706,1.0675643132637092,3.6372131275646113,1.5777459533906422,2.2554175632331876,5.5935503663888815,2.942875000866221,3.670236057424046,11.817359928990594,6.217341551125818,7.754019839628265,0.3919597989949749,-0.0030402010050251116,-0.0030402010050251116,0.29648241206030146,-0.0035175879396985854,-0.0035175879396985854,0.2613065326633166,-0.003693467336683409,-0.003693467336683409,0.33870967741935487,0.09978350292271054,0.14613880742913,0.3504043126684636,0.3065326633165829,0.09851261319126958,0.1362488569726764,0.3232323232323232,0.3210702341137124,0.09903350623391272,0.14198235869658227,0.325503355704698,18.0,-8.0,-8.0,25.0,-11.0,-11.0,36.0,-11.0,-11.0,-0.0005786520597044912,-0.00021035061306509656,-0.00021497141850485772,-0.05250567728781075,-0.048947691242549496,-0.049974734409290456,0.9704301075268817,0.5689036637805559,361,-0.4495326280593872
124,0,test,2.1245710787878496,1.0066693169504002,1.3718248200347523,3.4669617604100234,1.6427240595011507,2.2385997063253673,8.369306944872575,5.31087679367906,6.246485107980503,13.657376507055744,8.666505414560854,10.193269230933359,2.328190081076867,1.0929853041623145,1.4918134776472685,3.5010377159050634,1.6435869235523528,2.243328537815441,10.259356116294192,6.820273422947844,7.951367068227323,15.42760318239728,10.256050260071945,11.956942959740335,2.153467260783711,1.0247572984414435,1.395482721248753,3.382409310131483,1.6095664373425813,2.1918576773540623,8.614676002867567,5.523010441419354,6.4807050535472115,13.530904716545916,8.674885510082753,10.179117885152689,0.592964824120603,-0.0020351758793969443,-0.0020351758793969443,0.42211055276381915,-0.0028894472361808976,-0.0028894472361808976,0.3015075376884422,-0.0034924623115578646,-0.0034924623115578646,0.37614678899082565,0.1135513691434974,0.17472257739367403,0.3496932515337423,0.39698492462311563,0.11377690457299028,0.18830378939773995,0.38383838383838387,0.3745819397993311,0.11080898487445634,0.17769651154571597,0.3489932885906041,17.0,-7.0,-7.0,27.0,-14.0,-14.0,33.0,-15.0,-15.0,0.0005372103553186896,2.1932347729125848e-05,0.00024649608843357515,0.00039646512983626536,-4.812870849413287e-06,-0.00013843336848395893,0.03058103975535168,0.24512056765157592,10,-0.45535802841186523
199,0,test,2.373181128009037,1.087641058614583,1.5075826634788463,3.7164912004669826,1.7032869408492526,2.360931340919703,10.731476242303799,7.114855586302583,8.35504837402454,16.805896756815386,11.14213233326631,13.084321038566735,2.4494883561747707,1.0757107158035293,1.5225810128207145,3.602188759080545,1.5819275232404841,2.2390897247363446,11.582419129716477,7.632173979349428,9.055736210548016,17.03296930840658,11.223785263749157,13.317259133158842,2.373181128009037,1.087641058614583,1.5075826634788463,3.7164912004669826,1.7032869408492526,2.360931340919703,10.731476242303799,7.114855586302583,8.35504837402454,16.805896756815386,11.14213233326631,13.084321038566735,0.6231155778894473,-0.0018844221105527303,-0.0018844221105527303,0.40703517587939697,-0.00296482412060306,-0.00296482412060306,0.3015075376884422,-0.0034924623115578646,-0.0034924623115578646,0.3790322580645161,0.08124553774258458,0.1538311856784571,0.36032388663967607,0.3668341708542714,0.07360108814750443,0.13811964664725973,0.3535353535353535,0.3790322580645161,0.08124553774258458,0.1538311856784571,0.36032388663967607,18.0,0.0,0.0,28.0,0.0,0.0,35.0,1.0,1.0,0.00012115246373862013,2.1252225879838247e-05,5.109653897860503e-05,-3.085650767697956e-05,-0.00010133182060556578,-0.00011602607612637428,0.04032258064516129,0.7073088310955817,10,-0.43181443214416504
228,0,test,1.784340327290531,0.8055168855849358,1.0563093300649582,4.017436904558321,1.8136188561672801,2.378277294038469,5.955649871755673,3.2943266744515367,3.884651083679407,13.409127854970857,7.417166644274118,8.746280284212318,1.8913024364383029,0.7948970065268777,1.1368622395050685,3.4387317026150956,1.4452672845943226,2.067022253645579,6.627995604802239,3.6346088811049206,4.501574791589912,12.050901099640432,6.608379783827127,8.184681439254383,1.963609048662046,0.8509111665973088,1.208956764087209,3.953575265762509,1.713243959591897,2.4341411357460583,7.124995172866375,4.082439384511456,4.998123324250891,14.345627864831627,8.219676613110314,10.063335552183002,0.4623115577889447,-0.002688442211055242,-0.002688442211055242,0.3517587939698492,-0.0032412060301507672,-0.0032412060301507672,0.24623115577889443,-0.0037688442211055717,-0.0037688442211055717,0.3466666666666667,0.11497558810474928,0.15605083088954053,0.32887700534759357,0.35678391959798994,0.11618241583859146,0.16646672427244735,0.33838383838383834,0.3745819397993311,0.12416457752888033,0.1821458997548372,0.3657718120805369,16.0,-6.0,-6.0,23.0,-7.0,-7.0,32.0,-12.0,-12.0,0.0005259250415345658,6.309007459749518e-05,6.067514419794625e-05,-0.12971277312256468,-0.12149481132301787,-0.1265595394518364,0.9653333333333334,-0.4032183130898116,362,-0.46445226669311523
229,0,test,2.497715591872544,1.1968149702614375,1.6291577579318184,3.9802306528549574,1.9071825655133874,2.5961417174784462,12.154695935592919,8.482093131531762,9.77122492288108,19.36909610381581,13.516625828957064,15.570919715816943,2.455731461074121,1.1420605908478507,1.577054238532482,3.638120683072772,1.6919416160708898,2.336376649677751,11.654955578059155,7.935151981652925,9.247242847133595,17.26660085638393,11.755780713559886,13.699619032790508,2.497715591872544,1.1968149702614375,1.6291577579318184,3.9802306528549574,1.9071825655133874,2.5961417174784462,12.154695935592919,8.482093131531762,9.77122492288108,19.36909610381581,13.516625828957064,15.570919715816943,0.6432160804020101,-0.001783919597989958,-0.001783919597989958,0.4974874371859297,-0.002512562814070307,-0.002512562814070307,0.31155778894472363,-0.003442211055276312,-0.003442211055276312,0.4024390243902439,0.11034977489734332,0.17676334871456822,0.3918367346938776,0.40201005025125625,0.10627070188032894,0.17329552604424459,0.3787878787878788,0.4024390243902439,0.11034977489734332,0.17676334871456822,0.3918367346938776,17.0,-5.0,-5.0,30.0,-10.0,-10.0,37.0,-8.0,-8.0,-5.523273683869013e-07,0.00011526945150774238,4.16283431585169e-05,-0.004692525705518591,-0.0053348317499954945,-0.005691232238909549,0.9512195121951219,-0.507203009034361,234,-0.4293248653411865
51,0,test,1.719228295745433,0.7721354829949129,1.038464682293584,2.811170591691857,1.2625458573295198,1.6980300886151847,5.580220522342772,3.0020170888905646,3.6048349348876916,9.124414637884804,4.908703618321059,5.894392258397442,1.8688906110066688,0.7862391992097055,1.1344479856088157,2.943134820482943,1.238171967259379,1.7865322608012846,6.481102345915522,3.5286048770702982,4.396782424221888,10.206460387268539,5.556858074126454,6.92406680979825,1.7921690265827723,0.8023487815498622,1.1175932827839863,2.844712740607575,1.273569494523591,1.7739575917206132,6.00245784740869,3.311707094346661,4.039257947876868,9.527710868902682,5.2566779275343825,6.411520552185506,0.507537688442211,-0.0024623115577889765,-0.0024623115577889765,0.35678391959798994,-0.0032160804020100464,-0.0032160804020100464,0.24120603015075381,-0.0037939698492461815,-0.0037939698492461815,0.34806629834254144,0.10806629834254144,0.148652808606471,0.332409972299169,0.371859296482412,0.10118260475308871,0.17152540666605143,0.36363636363636365,0.35451505016722407,0.10075878973316732,0.16207901012273018,0.34563758389261745,18.0,-6.0,-6.0,30.0,-12.0,-12.0,36.0,-13.0,-13.0,0.0008721008307016857,0.00017648342141028905,0.00012489595501465834,-0.07176968898233849,-0.06991998605854377,-0.07020677841905165,0.03314917127071823,-0.3498282685624202,12,-0.861405611038208
372,0,test,1.9005494493006916,0.8684141476175236,1.1972821145398638,3.9633409247611984,1.8109612102755674,2.496771238857521,6.689569011707435,3.882515666120831,4.669225939415034,13.950198792706969,8.09646559642271,9.737044337072815,1.9141658272361055,0.7828959423555453,1.1412255137223806,3.3581856618177293,1.3735016532553428,2.002150024074352,6.7812796781741875,3.6816895535680483,4.6151536892611045,11.896981891533663,6.459104479943945,8.096760858352816,1.9145695197892658,0.8629103072407955,1.198620424566513,3.9072847342638077,1.7610414433485624,2.446164131768394,6.784017782920227,3.921621278549233,4.737890051872762,13.844934250857605,8.003308731733128,9.669163371168903,0.49246231155778897,-0.002537688442211028,-0.002537688442211028,0.371859296482412,-0.003140703517587995,-0.003140703517587995,0.27638190954773867,-0.0036180904522613577,-0.0036180904522613577,0.36950146627565983,0.12206369175150167,0.1808406647116324,0.35882352941176465,0.38190954773869346,0.13128298132265337,0.17656731067692388,0.3737373737373737,0.3745819397993311,0.12917292477428932,0.18548294091167816,0.3657718120805369,14.0,-3.0,-3.0,24.0,-11.0,-11.0,34.0,-15.0,-15.0,-0.00017313936291358837,2.4571210851089077e-05,-3.1142533471941705e-05,-0.07740134192093606,-0.08509009924370314,-0.08568266323140694,0.02932551319648094,-0.2756640935891208,10,-0.46582961082458496
435,0,test,2.4600497379816466,1.1435182945023545,1.5638569967972082,4.358745844477548,2.026099528514239,2.77086071915747,11.70539372816072,7.974934127205717,9.255137158989308,20.739758014996173,14.130084628069188,16.398363825323337,2.558818501999267,1.1787228514090475,1.6273621381765329,4.229452069420276,1.9483022337339624,2.6898547738455085,12.92054269848854,8.94526085112322,10.382339664249328,21.356268923121554,14.785555125823503,17.160892007023683,2.4600497379816466,1.1435182945023545,1.5638569967972082,4.358745844477548,2.026099528514239,2.77086071915747,11.70539372816072,7.974934127205717,9.255137158989308,20.739758014996173,14.130084628069188,16.398363825323337,0.6331658291457287,-0.0018341708542712887,-0.0018341708542712887,0.4371859296482412,-0.002814070351758735,-0.002814070351758735,0.321608040201005,-0.0033919597989949812,-0.0033919597989949812,0.37262357414448666,0.10317385877446772,0.1513846360913893,0.3244274809160306,0.37688442211055273,0.10620773038122944,0.15484769423075306,0.3282828282828283,0.37262357414448666,0.10317385877446772,0.1513846360913893,0.3244274809160306,18.0,-3.0,-3.0,26.0,-4.0,-4.0,33.0,-3.0,-3.0,2.2347759214952555e-05,0.00014899523519194556,2.5028012835579626e-05,-0.006567185744150272,-0.007401153621424683,-0.005678930333962384,0.03802281368821293,-0.5461076441701181,10,-0.547919511795044
474,0,test,3.3159727591691412,1.5432175517052944,2.1305272147573353,6.117841214591129,2.8471765682624812,3.930740132653068,27.549179671572787,21.662128587393013,24.277035289190813,50.82716869639011,39.96578762635301,44.790189138197015,3.282519030254648,1.4982439149434617,2.0578303126250646,5.914448703161527,2.699538585483715,3.707802365090206,26.642802264651657,20.687540759949176,23.23969567383924,48.00504912549847,37.27484821612463,41.87332553844907,3.3159727591691412,1.5432175517052944,2.1305272147573353,6.117841214591129,2.8471765682624812,3.930740132653068,27.549179671572787,21.662128587393013,24.277035289190813,50.82716869639011,39.96578762635301,44.790189138197015,0.7688442211055276,-0.0011557788944723812,-0.0011557788944723812,0.5728643216080402,-0.0021356783919597166,-0.0021356783919597166,0.4170854271356784,-0.0029145728643216184,-0.0029145728643216184,0.37130801687763715,0.0618343326671108,0.12306117255786153,0.40254237288135597,0.371859296482412,0.05356355713404104,0.11977248513015826,0.40909090909090906,0.37130801687763715,0.0618343326671108,0.12306117255786153,0.40254237288135597,22.0,-5.0,-5.0,35.0,-11.0,-11.0,40.0,-5.0,-5.0,-0.0002753636875151713,-4.941627993045039e-05,-8.11434247635383e-06,4.537263278781012e-05,-4.0869005880850295e-05,-6.618974063954397e-05,0.04219409282700422,-0.6444987833511411,10,-0.34081268310546875
140,0,test,2.501293024316806,1.1647261886054336,1.603651802701405,4.231639568535966,1.9704614286680968,2.713027364844158,12.198256410053036,8.39230182739885,9.744448120512605,20.636776255363696,14.197935283339149,16.485470450456255,2.5874117412876876,1.199016941992248,1.6580484806938376,4.1398587860603,1.9184271071875965,2.6528775691101396,13.2953153158391,9.286904733274735,10.762419446406927,21.27250450534256,14.859047573239575,17.219871114251085,2.501293024316806,1.1647261886054336,1.603651802701405,4.231639568535966,1.9704614286680968,2.713027364844158,12.198256410053036,8.39230182739885,9.744448120512605,20.636776255363696,14.197935283339149,16.485470450456255,0.6884422110552764,-0.0015577889447235815,-0.0015577889447235815,0.4824120603015075,-0.0025879396984924696,-0.0025879396984924696,0.35678391959798994,-0.0032160804020100464,-0.0032160804020100464,0.41056910569105687,0.09819588053892703,0.168677213799165,0.4285714285714286,0.40703517587939697,0.088739436531026,0.16162616085435522,0.4545454545454546,0.41056910569105687,0.09819588053892703,0.168677213799165,0.4285714285714286,20.0,-5.0,-5.0,32.0,-6.0,-6.0,39.0,-4.0,-4.0,0.00012214293408177492,6.226302400744944e-05,0.00018952895930006848,-0.005539359976904912,-0.005605401247551711,-0.005802279389598652,0.04065040650406504,0.33420600439683285,10,-0.7561464309692383
405,0,test,1.7325046127278352,0.7819482289285611,1.0219126068804782,3.730791183090054,1.6838544247950264,2.20059589777103,5.654799268931074,3.0676505623569907,3.619603519067989,12.177096152982257,6.605906608711929,7.794487123447545,1.9869643886637767,0.8198020516023112,1.1966182657053244,3.2308364043313444,1.3330114660200185,1.94572075724443,7.293360317098236,4.0804976476544095,5.089201112752711,11.8591224668264,6.634955524641316,8.275123760573514,1.7357917718664022,0.7753745180635884,1.0825580853351437,3.403513278169416,1.5203421922815459,2.1226629124218506,5.673418078754806,3.060631637665594,3.7516729652127703,11.124349174029032,6.001238505226655,7.356221500417197,0.5276381909547738,-0.002361809045226204,-0.002361809045226204,0.36180904522613067,-0.0031909547738693256,-0.0031909547738693256,0.24120603015075381,-0.0037939698492461815,-0.0037939698492461815,0.3571428571428571,0.11011511605963387,0.15870688451333603,0.32095490716180375,0.371859296482412,0.09366380776060745,0.16150871217523333,0.36868686868686873,0.36454849498327757,0.11413113271282682,0.17322480199106405,0.3221476510067114,14.0,-3.0,-3.0,23.0,-11.0,-11.0,29.0,-14.0,-14.0,0.00019716442775995964,0.0003744897134276046,6.89357014703804e-05,-0.05954175585640531,-0.06268121655656245,-0.06070079569178155,0.042328042328042326,-0.4257024115614593,16,-0.603687047958374
437,0,test,2.0796110323852526,0.9300984915965915,1.30593459501858,3.705689871537551,1.6573563547066925,2.3270643049533204,8.001356040558223,4.844702245935084,5.833634927603814,14.257735497803216,8.632847087171559,10.395040961421689,2.5062339536088665,1.0761778797277526,1.5394656509651545,3.685638167071862,1.5826145290114004,2.2639200749487562,12.258676274682985,8.079742760308417,9.62924309311964,18.02746510982792,11.88197464751238,14.160651607528884,2.076557101024507,0.8980486164079142,1.25758318352347,3.5802708638353575,1.5483596834619213,2.168246868143914,7.976957722773954,4.727433851000342,5.708786410554904,13.753375384093026,8.150748018966107,9.842735190611904,0.6281407035175879,-0.0018592964824121205,-0.0018592964824121205,0.4623115577889447,-0.002688442211055242,-0.002688442211055242,0.33668341708542715,-0.0033165829145728187,-0.0033165829145728187,0.3562874251497006,0.09769250736195767,0.1580802538349595,0.34534534534534533,0.4120603015075377,0.11882721880077074,0.18501522638232903,0.43939393939393945,0.35451505016722407,0.09741989156956132,0.154292580756768,0.3422818791946308,14.0,-4.0,-4.0,23.0,-12.0,-12.0,31.0,-13.0,-13.0,0.0007579339700583732,0.00021130445002815265,0.000412223897266072,-0.041934770106667685,-0.04552510226650508,-0.04764259718899666,0.03293413173652695,-0.3543702644301929,11,-0.5932433605194092
335,0,test,2.511694302776907,1.2034263954048257,1.6374660608924527,4.031930328141877,1.931816055781431,2.6285639398536746,12.325796009307485,8.626036176941447,9.92877135260267,19.786146225467277,13.847058073511269,15.93829085549376,2.6207497665780273,1.247140880246989,1.6987511253220098,3.8825922467822624,1.847616118884428,2.516668333810385,13.746026033280078,9.796447446497716,11.231715456942421,20.36448301226678,14.513255476292912,16.63957845472951,2.511694302776907,1.2034263954048257,1.6374660608924527,4.031930328141877,1.931816055781431,2.6285639398536746,12.325796009307485,8.626036176941447,9.92877135260267,19.786146225467277,13.847058073511269,15.93829085549376,0.6080402010050252,-0.001959798994974782,-0.001959798994974782,0.4974874371859297,-0.002512562814070307,-0.002512562814070307,0.3467336683417085,-0.003266331658291488,-0.003266331658291488,0.4156378600823045,0.13227030361413206,0.1994955892204714,0.3677685950413223,0.4170854271356784,0.13638367274971352,0.20673484282849974,0.3787878787878788,0.4156378600823045,0.13227030361413206,0.1994955892204714,0.3677685950413223,17.0,0.0,0.0,23.0,0.0,0.0,32.0,0.0,0.0,0.00033964862270046884,0.00021764362454364245,2.4722479231184916e-05,3.793101625682027e-06,-7.384872300431056e-05,-9.33731963588258e-05,0.0411522633744856,-0.5265405759415889,10,-0.4208958148956299
422,0,test,2.734363827757592,1.2856336839520335,1.7527733324014094,4.641222812904333,2.182194016181741,2.9751021036813396,15.399943302509701,11.142238893959885,12.731245883408512,26.13937744768094,18.91248443843191,21.60961472315392,2.8259866878894293,1.3549551711275825,1.838975599937004,4.671052376676743,2.2395953241778224,3.0396290908049655,16.877589686522935,12.523865921863738,14.194387068079031,27.896842457062704,20.70060482952684,23.461796806742203,2.734363827757592,1.2856336839520335,1.7527733324014094,4.641222812904333,2.182194016181741,2.9751021036813396,15.399943302509701,11.142238893959885,12.731245883408512,26.13937744768094,18.91248443843191,21.60961472315392,0.6884422110552764,-0.0015577889447235815,-0.0015577889447235815,0.5025125628140703,-0.0024874371859296973,-0.0024874371859296973,0.3668341708542714,-0.0031658291457286047,-0.0031658291457286047,0.377431906614786,0.0706357901099316,0.1458665767312155,0.34765625,0.37688442211055273,0.06861374541882337,0.14149210157632908,0.3434343434343434,0.377431906614786,0.0706357901099316,0.1458665767312155,0.34765625,17.0,-4.0,-4.0,24.0,-2.0,-2.0,32.0,-2.0,-2.0,5.4226602216834965e-05,0.0002910597596491448,0.00032581078276871627,-0.004768754845984269,-0.005395294564718434,-0.005477381695361494,0.042801556420233464,-0.4444293290768687,11,-0.3233027458190918
423,0,test,1.832943715024737,0.8237718249887187,1.1355153164152025,3.3717112782553804,1.5153333570780134,2.0887874338995704,6.2522644806084,3.5089361839888826,4.243683689496644,11.50107910630434,6.454709770547451,7.806282342407407,2.0025323114903952,0.8696638573087931,1.2209708380569717,3.1289567367037425,1.3588497770449892,1.907766934464018,7.407791202139984,4.303242205420474,5.222909964836649,11.574673753343726,6.723815945969492,8.160796820057264,1.832943715024737,0.8237718249887187,1.1355153164152025,3.3717112782553804,1.5153333570780134,2.0887874338995704,6.2522644806084,3.5089361839888826,4.243683689496644,11.50107910630434,6.454709770547451,7.806282342407407,0.5577889447236181,-0.00221105527638199,-0.00221105527638199,0.38190954773869346,-0.0030904522613065533,-0.0030904522613065533,0.29145728643216084,-0.0035427135678391952,-0.0035427135678391952,0.37710437710437705,0.11111111111111105,0.18069584736251398,0.347972972972973,0.38190954773869346,0.10050251256281406,0.16582914572864316,0.36363636363636365,0.37710437710437705,0.11111111111111105,0.18069584736251398,0.347972972972973,16.0,-7.0,-7.0,26.0,-16.0,-16.0,34.0,-20.0,-20.0,0.0008891923311295215,0.00019584230728037332,0.00010867318513846295,-0.05535275534308948,-0.05255295357925238,-0.05276759411038867,0.9393939393939394,0.21418760501505857,279,-0.5728917121887207
78,0,test,1.725070759312127,0.8004687964464806,1.1048793113801807,3.2138304557047848,1.4912843331057721,2.0584052924343093,5.612918181871458,3.0920535189811,3.7536342180266895,10.456943462116689,5.760538062759309,6.993071967830545,1.847295015807033,0.866826114428511,1.1866397148532855,3.311817190500897,1.5540396105520151,2.127399128430665,6.342639557565396,3.6769336554703362,4.406578936391948,11.37103848608571,6.591980157104477,7.900082958036015,1.725070759312127,0.8004687964464806,1.1048793113801807,3.2138304557047848,1.4912843331057721,2.0584052924343093,5.612918181871458,3.0920535189811,3.7536342180266895,10.456943462116689,5.760538062759309,6.993071967830545,0.46464646464646464,-0.0053535353535353325,-0.0053535353535353325,0.3434343434343434,-0.006565656565656552,-0.006565656565656552,0.23737373737373735,-0.007626262626262648,-0.007626262626262648,0.3468634686346863,0.10192792535660156,0.15913340728499303,0.28148148148148144,0.3535353535353535,0.1016461847696104,0.16058233340112527,0.2842639593908629,0.3468634686346863,0.10192792535660156,0.15913340728499303,0.28148148148148144,13.0,0.0,0.0,24.0,1.0,1.0,31.0,0.0,0.0,0.0002379884954560004,0.0005250556554120774,0.00018264424625245008,-0.019873983078658064,-0.020752624472171632,-0.019477262501121473,0.948339483394834,-0.44515670155050746,257,-0.718207597732544
112,0,test,2.030528315197997,0.910289851835703,1.27566556279548,3.80402772973802,1.7053531401478996,2.389854472072545,7.618110059119609,4.552524913240299,5.490790525296379,14.271902389236736,8.528780850121066,10.286544275238787,2.062798044395705,0.8724183217023886,1.2368097090382681,3.3004768710331276,1.3958693147238217,1.978895534461229,7.867953924095357,4.579624300372015,5.583816780478673,12.58872627855257,7.327398880595224,8.934106848765877,2.030528315197997,0.910289851835703,1.27566556279548,3.80402772973802,1.7053531401478996,2.389854472072545,7.618110059119609,4.552524913240299,5.490790525296379,14.271902389236736,8.528780850121066,10.286544275238787,0.5527638190954773,-0.0022361809045226,-0.0022361809045226,0.40703517587939697,-0.00296482412060306,-0.00296482412060306,0.29648241206030146,-0.0035175879396985854,-0.0035175879396985854,0.3830508474576271,0.11232326708537665,0.17673743144860787,0.41156462585034015,0.3919597989949749,0.10875177894484955,0.17159252019697824,0.43939393939393945,0.3830508474576271,0.11232326708537665,0.17673743144860787,0.41156462585034015,11.0,-1.0,-1.0,17.0,-4.0,-4.0,29.0,-10.0,-10.0,-4.699318410878877e-05,-0.0001848632358214709,8.064465399071074e-05,-0.016381361132848937,-0.013612259503143598,-0.015238665095641757,0.03389830508474576,-0.22053260006982467,10,-0.5463550090789795
332,0,test,2.8149478218096577,1.3534330154038827,1.8365774791076308,4.753384944612716,2.285437786490389,3.1012865216068977,16.69230478335175,12.379817617124374,14.032187155794634,28.187005682067028,20.90484172472499,23.69507052655142,2.889646823805407,1.377593270242649,1.8686838630819185,4.411674540160926,2.103195832431525,2.852952462720486,17.986955914988567,13.450919685189056,15.21108938719263,27.46100139692911,20.535755244563447,23.22303723235516,2.8149478218096577,1.3534330154038827,1.8365774791076308,4.753384944612716,2.285437786490389,3.1012865216068977,16.69230478335175,12.379817617124374,14.032187155794634,28.187005682067028,20.90484172472499,23.69507052655142,0.6783919597989949,-0.0016080402010050232,-0.0016080402010050232,0.5326633165829145,-0.0023366834170853723,-0.0023366834170853723,0.40201005025125625,-0.002989949748743781,-0.002989949748743781,0.402135231316726,0.0895242188833335,0.1713660005474953,0.39642857142857146,0.40703517587939697,0.09625823352350726,0.1766512025905823,0.4040404040404041,0.402135231316726,0.0895242188833335,0.1713660005474953,0.39642857142857146,20.0,-9.0,-9.0,31.0,-13.0,-13.0,41.0,-18.0,-18.0,0.00027625422632457884,0.00035866837795252575,0.00011190464496510769,-0.00025954392907312496,0.0001733692814402943,2.277625207813827e-05,0.9608540925266904,-0.4467486738118472,270,-0.4050719738006592
251,0,test,2.6428328260015284,1.2175581963821387,1.6559014392372522,4.242442168055085,1.9545013152450124,2.6581575735124314,14.05295685571091,9.893956985227927,11.36996808318174,22.558693899956985,15.882404634181672,18.251790870370687,2.6077265346827647,1.182106792084944,1.653791925567289,3.9812618850118544,1.8047431940228154,2.524873168805021,13.568168999083987,9.407733556065299,10.972265541818427,20.714761830662574,14.362951993992823,16.751550445524316,2.6428328260015284,1.2175581963821387,1.6559014392372522,4.242442168055085,1.9545013152450124,2.6581575735124314,14.05295685571091,9.893956985227927,11.36996808318174,22.558693899956985,15.882404634181672,18.251790870370687,0.6381909547738693,-0.0018090452261306789,-0.0018090452261306789,0.4623115577889447,-0.002688442211055242,-0.002688442211055242,0.3517587939698492,-0.0032412060301507672,-0.0032412060301507672,0.39094650205761317,0.09115184086664807,0.1665962968592547,0.3842975206611571,0.3919597989949749,0.09371418495988715,0.16992307111517524,0.3787878787878788,0.39094650205761317,0.09115184086664807,0.1665962968592547,0.3842975206611571,20.0,-10.0,-10.0,31.0,-15.0,-15.0,39.0,-17.0,-17.0,6.974269743197793e-05,-1.2069444782740475e-05,2.795865840210811e-05,3.793101625682027e-06,-7.384872300431056e-05,-9.33731963588258e-05,0.0411522633744856,-0.2640374393684303,10,-0.5175557136535645
480,0,test,2.997341684862974,1.405697225087601,1.9212836338420727,4.520315297712268,2.1199433826996787,2.897503426172639,20.03221414212855,15.120394561828252,17.09911951901419,30.210744571101973,22.803189636486934,25.787320788134913,3.3108309771994016,1.5291363000033011,2.108985359298048,4.763785578704176,2.200196115112664,3.0345113083425153,27.407891344423582,21.467977213502923,24.08164109631329,39.43581488406271,30.889175846766797,34.6498433040479,2.997341684862974,1.405697225087601,1.9212836338420727,4.520315297712268,2.1199433826996787,2.897503426172639,20.03221414212855,15.120394561828252,17.09911951901419,30.210744571101973,22.803189636486934,25.787320788134913,0.7135678391959799,-0.0014321608040201994,-0.0014321608040201994,0.5376884422110553,-0.0023115577889447625,-0.0023115577889447625,0.44221105527638194,-0.0027889447236180143,-0.0027889447236180143,0.3992805755395683,0.1138227658447748,0.16722315927162568,0.36823104693140796,0.40201005025125625,0.11378949887281009,0.16494828063522948,0.4040404040404041,0.3992805755395683,0.1138227658447748,0.16722315927162568,0.36823104693140796,20.0,-3.0,-3.0,33.0,-6.0,-5.0,42.0,-6.0,-6.0,0.0007260923518658326,0.0005068161671131548,0.00011077020956020514,-0.008619552306134537,-0.009215665815595742,-0.009976404535723127,0.050359712230215826,-0.5839778491161471,14,-0.6056506633758545
305,0,test,2.167099448347344,1.039147041106904,1.4072051210088365,3.5471996233474945,1.7009196304434058,2.303372592809201,8.732916992493726,5.643592651151147,6.594866717397798,14.294406235081835,9.23767007635793,10.794755521635341,2.301128557505292,1.090780182359141,1.485333816400317,3.409079344452284,1.6159706405320606,2.2004945428152842,9.985445247442431,6.630792120665589,7.72447340167067,14.793252218433231,9.82339573431939,11.443664298771363,2.1958233230841975,1.0497376313080138,1.4244382725946578,3.619488994094831,1.7303367549033195,2.347975174606579,8.987397543416831,5.841542611129315,6.824637831758219,14.814391555082688,9.628916391971398,11.249403019381678,0.5326633165829145,-0.0023366834170853723,-0.0023366834170853723,0.3668341708542714,-0.0031658291457286047,-0.0031658291457286047,0.27638190954773867,-0.0036180904522613577,-0.0036180904522613577,0.34838709677419355,0.08590722559867014,0.14130555170981585,0.33009708737864074,0.321608040201005,0.06847520812080443,0.1212741503846444,0.3232323232323232,0.3377926421404682,0.07401968721559349,0.13200843746861057,0.33221476510067116,18.0,0.0,0.0,25.0,0.0,0.0,35.0,0.0,0.0,0.00033720095126582594,-6.03855540761043e-05,0.00019191645351875658,-0.004196136454046595,-0.005170212443814215,-0.005651864611246893,0.03225806451612903,0.7656071568155964,10,-0.2245492935180664
129,0,test,2.031012084658708,0.9888351288611588,1.3341299437915044,3.789201650482664,1.8448416583230571,2.48904840259609,7.621796359702477,4.786413556078692,5.614312471775759,14.219769327803128,8.929876037460245,10.474463566745818,2.082203426654677,0.9735751849914793,1.3370222177086513,3.6853157993888095,1.7231419203389016,2.3664110047940734,8.022125619942836,4.991926778328683,5.915302444343448,14.198452424677587,8.83526863421006,10.469561848395484,2.031012084658708,0.9888351288611588,1.3341299437915044,3.789201650482664,1.8448416583230571,2.48904840259609,7.621796359702477,4.786413556078692,5.614312471775759,14.219769327803128,8.929876037460245,10.474463566745818,0.5678391959798995,-0.0021608040201005485,-0.0021608040201005485,0.3869346733668342,-0.0030653266331658324,-0.0030653266331658324,0.29145728643216084,-0.0035427135678391952,-0.0035427135678391952,0.37349397590361444,0.09293285365912551,0.1545353644216385,0.3266129032258065,0.37688442211055273,0.08866387073210658,0.15818659239435906,0.3282828282828283,0.37349397590361444,0.09293285365912551,0.1545353644216385,0.3266129032258065,18.0,-7.0,-7.0,28.0,-11.0,-11.0,36.0,-13.0,-13.0,0.0002928169401524989,3.595846450451665e-05,3.0270615661311808e-05,-3.7786429536446065e-05,-0.00010682844012599446,0.00013492207507859177,0.040160642570281124,0.6958660437730066,10,-0.24624252319335938
425,0,test,2.4008336355017534,1.1126536922299393,1.5361608714381745,4.152385218635109,1.924401040020336,2.6568820103490447,11.03236952314718,7.406188831659828,8.658140497362673,19.081142257015564,12.809446092493415,14.974771300470035,2.499978161965131,1.1330516639381483,1.5722708278363073,3.906215878070517,1.7703932249033567,2.45667316849423,12.182227921880463,8.258953966088596,9.65352287095037,19.034731127938223,12.90461557201343,15.083629485859953,2.4008336355017534,1.1126536922299393,1.5361608714381745,4.152385218635109,1.924401040020336,2.6568820103490447,11.03236952314718,7.406188831659828,8.658140497362673,19.081142257015564,12.809446092493415,14.974771300470035,0.6080402010050252,-0.001959798994974782,-0.001959798994974782,0.44723618090452266,-0.0027638190954772934,-0.0027638190954772934,0.3266331658291457,-0.0033668341708542604,-0.0033668341708542604,0.35036496350364965,0.08624838791166423,0.14041350719297008,0.336996336996337,0.36180904522613067,0.08862608783264692,0.141441766428134,0.35858585858585856,0.35036496350364965,0.08624838791166423,0.14041350719297008,0.336996336996337,21.0,-12.0,-12.0,30.0,-15.0,-15.0,38.0,-17.0,-17.0,0.0003078178010795774,0.00015230810090119344,-6.8851306734747325e-06,-0.000211034476049754,0.00020048395678795572,4.730815085896012e-05,0.9562043795620438,-0.6260371715652072,262,-0.3743741512298584
22,0,test,1.9236397053756675,0.8498409101341624,1.1829858507186373,3.416118787132651,1.5092002369623918,2.1008197004141316,6.845829983533661,3.919354491427629,4.748523583711272,12.15724979834426,6.960232976155962,8.432722915901053,1.973844667171731,0.8512887235357816,1.1935341973799867,3.1330867732884617,1.3512519421202882,1.8944987259999786,7.198298417377971,4.125600599841089,5.01614876549124,11.425870503774556,6.548572380700141,7.962140897605142,1.921341819166697,0.8551626188835924,1.1983026891736892,3.4309675342262445,1.5270761051492718,2.139826230667302,6.830117105342626,3.92585543351116,4.76943070779874,12.19663768811183,7.010456131269928,8.516840549640605,0.5628140703517588,-0.0021859296482411583,-0.0021859296482411583,0.36180904522613067,-0.0031909547738693256,-0.0031909547738693256,0.27135678391959794,-0.0036432160804020786,-0.0036432160804020786,0.36038961038961037,0.08810435917405124,0.15304619786261253,0.3615635179153095,0.371859296482412,0.09115754209644711,0.15483091584802133,0.3787878787878788,0.3612040133779264,0.08908381304403656,0.1543074616537885,0.36241610738255037,11.0,-1.0,-1.0,17.0,-3.0,-3.0,26.0,-8.0,-8.0,0.0004594139698468022,6.345941638489767e-05,1.9426450912686073e-06,-0.037085353291108625,-0.03440237978603289,-0.03698216010505018,0.032467532467532464,-0.3724424161234647,10,-0.7453736066818237
52,0,test,2.2556247593855514,1.0410096670407787,1.4401895655306396,3.3834371390783273,1.5615145005611681,2.1602843482959595,9.54125243545216,6.1722553734871966,7.281093369764838,14.31187865317824,9.258383060230795,10.921640054647256,2.3284340300711324,1.0416890441537836,1.459035363946081,3.3991737665272,1.5207139330712167,2.1299786334979283,10.261859181198242,6.640878172808786,7.87638322655678,14.98081632291714,9.694712661034721,11.498369673805517,2.2556247593855514,1.0410096670407787,1.4401895655306396,3.3834371390783273,1.5615145005611681,2.1602843482959595,9.54125243545216,6.1722553734871966,7.281093369764838,14.31187865317824,9.258383060230795,10.921640054647256,0.5829145728643217,-0.002085427135678275,-0.002085427135678275,0.4120603015075377,-0.0029396984924623393,-0.0029396984924623393,0.321608040201005,-0.0033919597989949812,-0.0033919597989949812,0.3848920863309353,0.11559226586414895,0.17197342604385402,0.35018050541516244,0.3869346733668342,0.11375171597335043,0.1715757418142465,0.3434343434343434,0.3848920863309353,0.11559226586414895,0.17197342604385402,0.35018050541516244,15.0,-3.0,-3.0,25.0,-2.0,-2.0,33.0,-3.0,-3.0,0.0003790462692423211,0.00040998358557366036,0.0002487829682570816,-0.00023875416349117273,0.00018498985658865763,3.328992298534672e-05,0.960431654676259,0.4441002607219261,267,-0.8650245666503906
413,0,test,2.857526650478864,1.3500641505352515,1.848700294135272,4.357728141980268,2.058847829566259,2.8192679485562904,17.41839184336393,12.903133067416272,14.676011295351314,26.56304756113,19.67727792780982,22.38091722541076,2.997929437304777,1.4026352872289416,1.9307634580496835,4.282756339006824,2.0037646960413453,2.758233511499548,20.04399158567686,15.114212631956493,17.13686263504593,28.63427369382409,21.59173233136642,24.4812323357799,2.857526650478864,1.3500641505352515,1.848700294135272,4.357728141980268,2.058847829566259,2.8192679485562904,17.41839184336393,12.903133067416272,14.676011295351314,26.56304756113,19.67727792780982,22.38091722541076,0.7236180904522613,-0.0013819095477386467,-0.0013819095477386467,0.5728643216080402,-0.0021356783919597166,-0.0021356783919597166,0.4120603015075377,-0.0029396984924623393,-0.0029396984924623393,0.4032921810699589,0.08230452674897126,0.16598079561042534,0.3429752066115702,0.4120603015075377,0.08291457286432158,0.16582914572864327,0.36868686868686873,0.4032921810699589,0.08230452674897126,0.16598079561042534,0.3429752066115702,22.0,-4.0,-4.0,32.0,-1.0,-1.0,42.0,-3.0,-3.0,0.00027136469092425256,0.00012330068939287985,0.00024839465364246674,3.793101625682027e-06,-7.384872300431056e-05,-9.33731963588258e-05,0.9506172839506173,0.45664916824847335,231,-0.406219482421875
109,0,test,2.9147350822463056,1.4063031682057745,1.9019515359468444,4.680721632077891,2.25835744070692,3.054310407726403,18.443925632131585,13.92428757835141,15.69067146305666,29.618774691599544,22.36076769935256,25.1973724083204,3.0110907345406606,1.4460586949731773,1.961683481571694,4.46087516228246,2.1423091777380407,2.9061977504765837,20.309540165446926,15.526711992260484,17.453582409682404,30.08820765251396,23.00253628483034,25.857159125455414,2.9147350822463056,1.4063031682057745,1.9019515359468444,4.680721632077891,2.25835744070692,3.054310407726403,18.443925632131585,13.92428757835141,15.69067146305666,29.618774691599544,22.36076769935256,25.1973724083204,0.6683417085427136,-0.0016582914572863539,-0.0016582914572863539,0.4824120603015075,-0.0025879396984924696,-0.0025879396984924696,0.3869346733668342,-0.0030653266331658324,-0.0030653266331658324,0.3897058823529411,0.10897193739881272,0.1672119948223788,0.36900369003690037,0.3869346733668342,0.10372665331670883,0.15988959824162552,0.3787878787878788,0.3897058823529411,0.10897193739881272,0.1672119948223788,0.36900369003690037,21.0,-1.0,-1.0,33.0,1.0,1.0,42.0,-1.0,-1.0,0.00017280935468882516,-0.00013452133030343133,-0.00010015812884995483,-0.02532377335403435,-0.025430975949041645,-0.025344533305935002,0.04411764705882353,0.42555979425825813,12,0.0017960071563720703
388,0,test,2.8305949656608878,1.310461189548143,1.8076447042440202,4.612821425521447,2.1355663829673444,2.945791369879144,16.955545791646603,12.382708901077038,14.174157297288616,27.63125980860928,20.17922932027369,23.09862670669256,2.7534770737008727,1.210361718777123,1.6879873722275456,4.405563317921397,1.936578750043397,2.700779795564073,15.697117137852345,11.017972353129698,12.794857260790028,25.115387420563753,17.62875576500752,20.471771617264046,2.8305949656608878,1.310461189548143,1.8076447042440202,4.612821425521447,2.1355663829673444,2.945791369879144,16.955545791646603,12.382708901077038,14.174157297288616,27.63125980860928,20.17922932027369,23.09862670669256,0.6482412060301508,-0.0017587939698492372,-0.0017587939698492372,0.5125628140703518,-0.0024371859296482556,-0.0024371859296482556,0.38190954773869346,-0.0030904522613065533,-0.0030904522613065533,0.40304182509505704,0.11082171124306461,0.17295332951983577,0.4389312977099237,0.42211055276381915,0.11634614173625024,0.18504878314779238,0.4696969696969697,0.40304182509505704,0.11082171124306461,0.17295332951983577,0.4389312977099237,21.0,-9.0,-9.0,35.0,-14.0,-14.0,41.0,-12.0,-12.0,-0.00018625486954407992,-0.00010520112206954997,-8.284603771241946e-05,-0.00013480533558407615,-0.00018378111340844328,8.585827751517172e-05,0.9429657794676806,-0.6837625972039537,248,-0.46553564071655273
201,0,test,1.9487004989142256,0.9013739837938533,1.2374894287701916,3.909580375946665,1.808381554986418,2.482713166470197,7.019559725560029,4.169538291085959,4.983103668606143,14.082991699404808,8.365136196491205,9.997351735141073,1.9770462808281861,0.8466104860712353,1.2103576561895357,3.3795662920139935,1.447197412087582,2.068987446477839,7.2213815197647575,4.124375654766258,5.068755234656454,12.34424191412779,7.050214794472236,8.664538862660605,1.8769064845115504,0.8582350926829916,1.186018234224555,3.7790063446541287,1.7279901194959564,2.3879561762910506,6.533262819076032,3.7637500977985057,4.5377755806960485,13.154220441092681,7.578020331137931,9.136460900730299,0.4623115577889447,-0.002688442211055242,-0.002688442211055242,0.31658291457286436,-0.003417085427135591,-0.003417085427135591,0.24120603015075381,-0.0037939698492461815,-0.0037939698492461815,0.328125,0.08631532761310456,0.14101481288981288,0.3385579937304075,0.31658291457286436,0.08350020780594702,0.12960461741092777,0.33333333333333337,0.3177257525083612,0.08567233013774356,0.13530083593439013,0.3221476510067114,15.0,-6.0,-6.0,21.0,-11.0,-11.0,29.0,-16.0,-16.0,-2.2925381593501397e-05,-3.631032385963016e-06,-2.7457564291147787e-05,-0.055566040886010803,-0.057939046130743854,-0.05836102230443618,0.034375,-0.4042392031618671,11,-0.3320859670639038
245,0,test,2.8782976166693746,1.3586593707289591,1.8583853390558647,4.373517157796322,2.0644564464323145,2.8237803203835865,17.783972257114648,13.213400783859829,15.011020753743392,27.022399403667713,20.077505087163637,22.80895361283087,2.9877412471876754,1.4145285827030352,1.9256280380192503,4.330059778532863,2.0500414242072975,2.7907652724916674,19.8408163401602,15.018701166637623,16.948339395946512,28.75480629008725,21.766233574837138,24.562810718763068,2.8782976166693746,1.3586593707289591,1.8583853390558647,4.373517157796322,2.0644564464323145,2.8237803203835865,17.783972257114648,13.213400783859829,15.011020753743392,27.022399403667713,20.077505087163637,22.80895361283087,0.7135678391959799,-0.0014321608040201994,-0.0014321608040201994,0.5226130653266332,-0.002386934673366814,-0.002386934673366814,0.371859296482412,-0.003140703517587995,-0.003140703517587995,0.36909871244635195,0.06288886233928559,0.12373494639784977,0.3232758620689655,0.37688442211055273,0.06861374541882337,0.12980595800370798,0.33838383838383834,0.36909871244635195,0.06288886233928559,0.12373494639784977,0.3232758620689655,21.0,-3.0,-3.0,30.0,-1.0,-1.0,39.0,-2.0,-2.0,0.00026728707215044193,0.00020393183123163585,0.0001458673961550327,7.309232023011702e-05,-1.888252780091193e-05,-4.806743682639336e-05,0.04721030042918455,-0.47209456787702625,11,-0.3029618263244629
303,0,test,2.550309123193073,1.1671578159090292,1.6205671494670373,4.228993609345475,1.935413593469403,2.6872695769643276,12.811063367446561,8.823615845898571,10.277208075424676,21.243662039689866,14.631565516616616,17.04195263140041,2.7239720375304817,1.2015896007020639,1.6686648554174919,4.3583552600487705,1.922543361123302,2.669863768667987,15.240738963940025,10.65760774480709,12.367881455127565,24.38518234230404,17.052172391691343,19.788610328204104,2.550309123193073,1.1671578159090292,1.6205671494670373,4.228993609345475,1.935413593469403,2.6872695769643276,12.811063367446561,8.823615845898571,10.277208075424676,21.243662039689866,14.631565516616616,17.04195263140041,0.6381909547738693,-0.0018090452261306789,-0.0018090452261306789,0.4773869346733668,-0.0026130653266331905,-0.0026130653266331905,0.371859296482412,-0.003140703517587995,-0.003140703517587995,0.3716475095785441,0.09822494743705268,0.15253922932376707,0.3846153846153846,0.3869346733668342,0.10623291898086928,0.16155904732342852,0.4242424242424242,0.3716475095785441,0.09822494743705268,0.15253922932376707,0.3846153846153846,14.0,0.0,0.0,24.0,0.0,0.0,32.0,0.0,0.0,0.0001645779098050297,0.0001687671664944843,-9.592707882740907e-05,-0.009472003574989785,-0.01066177421123271,-0.00890938821204923,0.04980842911877394,-0.4041881993310138,13,-0.3813467025756836
27,0,test,2.152630141415969,0.993666269263874,1.3781358302384907,3.5011168391995353,1.6161353689751512,2.241450804353407,8.60746750834489,5.420837699226433,6.4379727478519975,13.999501752078181,8.816649821155636,10.470955676104111,2.141825826176139,0.9980298332086275,1.3738362127835109,3.3729540569702974,1.5717005247379958,2.1635215949346627,8.51497030025536,5.3763101881296125,6.35954165003113,13.409402047646235,8.466630217526948,10.015026220521465,2.152630141415969,0.993666269263874,1.3781358302384907,3.5011168391995353,1.6161353689751512,2.241450804353407,8.60746750834489,5.420837699226433,6.4379727478519975,13.999501752078181,8.816649821155636,10.470955676104111,0.542713567839196,-0.0022864321608039306,-0.0022864321608039306,0.4120603015075377,-0.0029396984924623393,-0.0029396984924623393,0.27638190954773867,-0.0036180904522613577,-0.0036180904522613577,0.3936170212765957,0.10866126906420637,0.17781513448414288,0.34519572953736655,0.39698492462311563,0.12630823289379234,0.18162599307052796,0.33333333333333337,0.3936170212765957,0.10866126906420637,0.17781513448414288,0.34519572953736655,17.0,-3.0,-3.0,32.0,-10.0,-10.0,37.0,-7.0,-7.0,-1.5483466520757115e-05,0.00019302921797641393,0.00023627517943567556,-0.03937565002317722,-0.040968057290966975,-0.04321974076453383,0.9609929078014184,-0.2560818217298504,271,-0.5374085903167725
106,0,test,3.004779121866981,1.4536710552745713,1.9707043483015514,4.675976498635695,2.2621734961295292,3.066770249884998,20.181757894641137,15.465064195872504,17.369255065166584,31.40644346525615,24.066420125037546,27.029683444107544,3.029366393752885,1.4252328658318452,1.9591863662032412,4.45495057904836,2.095930685046831,2.8811564208871188,20.68412284716874,15.710574552703957,17.76821845131764,30.41782771642462,23.103786106917582,26.129733016643588,3.004779121866981,1.4536710552745713,1.9707043483015514,4.675976498635695,2.2621734961295292,3.066770249884998,20.181757894641137,15.465064195872504,17.369255065166584,31.40644346525615,24.066420125037546,27.029683444107544,0.7135678391959799,-0.0014321608040201994,-0.0014321608040201994,0.542713567839196,-0.0022864321608039306,-0.0022864321608039306,0.40201005025125625,-0.002989949748743781,-0.002989949748743781,0.39492753623188404,0.08208847655738127,0.15637331936441412,0.3490909090909091,0.39698492462311563,0.08119545093890512,0.15491480776167987,0.33838383838383834,0.39492753623188404,0.08208847655738127,0.15637331936441412,0.3490909090909091,18.0,-6.0,-6.0,30.0,-8.0,-8.0,37.0,-7.0,-7.0,-0.00018187265360622196,0.00023316726733563814,0.00019534663164432473,-0.00022489431977135155,0.00019273690668875076,4.029903692170933e-05,0.9565217391304348,-0.5397360435928575,264,-0.3243424892425537
95,0,test,2.266720075702457,1.046392924052512,1.439939925049099,3.531311275831196,1.6301700290502292,2.2432748306028065,9.647705120310086,6.259409081350949,7.361758645731673,15.030109029535712,9.751500463578319,11.468845048087235,2.101662699255057,0.9212368071273374,1.287277954523899,2.8988451024207684,1.2706714581066723,1.775555799343309,8.179759091426044,4.923998580994929,5.921972961306574,11.28242633300144,6.791722180682661,8.168238567319412,2.266720075702457,1.046392924052512,1.439939925049099,3.531311275831196,1.6301700290502292,2.2432748306028065,9.647705120310086,6.259409081350949,7.361758645731673,15.030109029535712,9.751500463578319,11.468845048087235,0.542713567839196,-0.0022864321608039306,-0.0022864321608039306,0.3869346733668342,-0.0030653266331658324,-0.0030653266331658324,0.2814070351758794,-0.003592964824120637,-0.003592964824120637,0.3966101694915254,0.12372881355932197,0.192090395480226,0.3979591836734694,0.37688442211055273,0.11306532663316582,0.17085427135678388,0.35858585858585856,0.3966101694915254,0.12372881355932197,0.192090395480226,0.3979591836734694,19.0,-10.0,-10.0,32.0,-19.0,-19.0,38.0,-19.0,-19.0,-0.0004804717594820127,8.074103072268074e-05,-4.469687051873232e-05,-0.005032091876683076,-0.005125353237687591,-0.005610554860172812,0.9457627118644067,-0.2992261364464488,279,-0.5244157314300537
123,0,test,2.0902307354782743,0.9539238226786368,1.329681160755594,3.5796765889029127,1.633665947820899,2.2771785148269457,8.086780856304694,4.971538622741619,5.947329170273496,13.849217514390073,8.514132012599418,10.185246363462392,2.252329610570398,1.0019334369907604,1.4129648115750508,3.3122494273094083,1.4734315249864123,2.0778894287868397,9.509864331432295,6.018138318359878,7.194968246076688,13.985094605047491,8.85020340935276,10.580835655995129,2.0902307354782743,0.9539238226786368,1.329681160755594,3.5796765889029127,1.633665947820899,2.2771785148269457,8.086780856304694,4.971538622741619,5.947329170273496,13.849217514390073,8.514132012599418,10.185246363462392,0.5728643216080402,-0.0021356783919597166,-0.0021356783919597166,0.4170854271356784,-0.0029145728643216184,-0.0029145728643216184,0.31155778894472363,-0.003442211055276312,-0.003442211055276312,0.3789473684210526,0.11449903216886348,0.17007922373027085,0.3697183098591549,0.3869346733668342,0.11876424730167123,0.1682368436506405,0.4040404040404041,0.3789473684210526,0.11449903216886348,0.17007922373027085,0.3697183098591549,14.0,-4.0,-4.0,23.0,-7.0,-7.0,29.0,-7.0,-7.0,0.0009402292128994795,0.00012095296418129832,2.445848306279643e-05,-0.031700837421897,-0.028225801042058407,-0.02943100781799224,0.03859649122807018,-0.32833288769578,11,-0.49866604804992676
5,0,test,2.6178599409037844,1.2566513182929528,1.707750776944124,4.075531953452483,1.9563776205242567,2.658657459560739,13.706359756247902,9.805454580266707,11.22176600957518,21.338310075067756,15.265309971551577,17.470249355815902,2.4521303782360206,1.1516881747600605,1.575399784765938,3.579752376986891,1.6812966054891392,2.2998537003882307,11.613060596471575,7.942140994304378,9.210030230251762,16.953373133535145,11.594366415042886,13.44529960620695,2.6178599409037844,1.2566513182929528,1.707750776944124,4.075531953452483,1.9563776205242567,2.658657459560739,13.706359756247902,9.805454580266707,11.22176600957518,21.338310075067756,15.265309971551577,17.470249355815902,0.5678391959798995,-0.0021608040201005485,-0.0021608040201005485,0.4723618090452262,-0.0026381909547738003,-0.0026381909547738003,0.321608040201005,-0.0033919597989949812,-0.0033919597989949812,0.391941391941392,0.1012649751223792,0.1751326221484566,0.46691176470588236,0.3919597989949749,0.11627057593733081,0.18494811285140234,0.46464646464646464,0.391941391941392,0.1012649751223792,0.1751326221484566,0.46691176470588236,18.0,-1.0,-1.0,26.0,-2.0,-2.0,34.0,0.0,0.0,-0.0004472065818387146,-0.0006877862305940632,-0.00020480633816239195,-0.016865968730383152,-0.012257508194609912,-0.01321983942249716,0.9597069597069597,0.5333571241564079,262,-0.48866724967956543
32,0,test,3.1215770066567208,1.52511958711623,2.0510977178794567,4.48521327798571,2.1913560383301625,2.9471035630583775,22.682121309638966,17.7466043578223,19.765344166075476,32.59062693437599,25.49906836676573,28.399678722834764,3.0202713992983985,1.4617370710101705,1.97558269930088,4.224155803214543,2.0443875119023365,2.763052726294937,20.496853761117055,15.745002276721301,17.654340249673456,28.66692833722665,22.020982205204618,24.691384964578262,3.1215770066567208,1.52511958711623,2.0510977178794567,4.48521327798571,2.1913560383301625,2.9471035630583775,22.682121309638966,17.7466043578223,19.765344166075476,32.59062693437599,25.49906836676573,28.399678722834764,0.6532663316582914,-0.0017336683417086274,-0.0017336683417086274,0.4974874371859297,-0.002512562814070307,-0.002512562814070307,0.371859296482412,-0.003140703517587995,-0.003140703517587995,0.375,0.08509174311926604,0.15617359413202936,0.35424354243542433,0.371859296482412,0.07862621377564505,0.14815311952080934,0.3282828282828283,0.375,0.08509174311926604,0.15617359413202936,0.35424354243542433,22.0,-2.0,-2.0,31.0,0.0,0.0,39.0,-2.0,-2.0,-0.00043137607222180696,0.00014234233701799424,0.00020120550705905336,-0.00019717463232815646,0.00020823100688893703,5.431726479621091e-05,0.04044117647058824,0.6043621667950689,11,-0.3386988639831543
366,0,test,2.818757596836183,1.2932097173979014,1.7809824991672922,4.457160449997214,2.044887865635431,2.81617857680828,16.756020002510304,12.158358158733634,13.933090722298228,26.495456628969418,19.225403838497556,22.03169970463407,3.124545695818679,1.4517333445188814,1.9880556919085957,4.734160145179817,2.1995959765437596,3.0122055938009025,22.749557526397098,17.422429019682085,19.633744867455857,34.46902655514712,26.397619726791035,29.748098284024024,2.818757596836183,1.2932097173979014,1.7809824991672922,4.457160449997214,2.044887865635431,2.81617857680828,16.756020002510304,12.158358158733634,13.933090722298228,26.495456628969418,19.225403838497556,22.03169970463407,0.6884422110552764,-0.0015577889447235815,-0.0015577889447235815,0.507537688442211,-0.0024623115577889765,-0.0024623115577889765,0.38190954773869346,-0.0030904522613065533,-0.0030904522613065533,0.3571428571428571,0.06407355021216399,0.12891066716924227,0.350597609561753,0.371859296482412,0.06860115111900345,0.13813642502999135,0.398989898989899,0.3571428571428571,0.06407355021216399,0.12891066716924227,0.350597609561753,23.0,-13.0,-13.0,34.0,-17.0,-17.0,42.0,-15.0,-15.0,0.00037135074702399345,0.0003261731372937705,0.0004474973290818295,-0.00762610835759947,-0.00861706042236765,-0.008922996075309442,0.06349206349206349,-0.36330101643322593,16,-0.38163208961486816
356,0,test,3.2988033610009033,1.5837546584333915,2.1530212923666525,5.0338882456831975,2.4167684722847214,3.285454569520542,27.08021428371874,21.52326814040288,23.93531436080102,41.32370361476561,32.843948136329075,36.52466801810546,3.283666822288873,1.5727994839271284,2.1380952267585562,4.793674193122442,2.29605764076953,3.1213069003774536,26.673400217544547,21.139641179276953,23.529162141822205,38.93927039057598,30.860790042740078,34.349141812879125,3.2988033610009033,1.5837546584333915,2.1530212923666525,5.0338882456831975,2.4167684722847214,3.285454569520542,27.08021428371874,21.52326814040288,23.93531436080102,41.32370361476561,32.843948136329075,36.52466801810546,0.7386934673366834,-0.0013065326633165952,-0.0013065326633165952,0.592964824120603,-0.0020351758793969443,-0.0020351758793969443,0.46733668341708545,-0.002663316582914521,-0.002663316582914521,0.4444444444444444,0.12606837606837606,0.1951566951566951,0.4291845493562232,0.4522613065326633,0.12311557788944716,0.20268006700167496,0.43434343434343436,0.4444444444444444,0.12606837606837606,0.1951566951566951,0.4291845493562232,29.0,-16.0,-16.0,43.0,-15.0,-15.0,51.0,-19.0,-19.0,0.00016583837246197047,4.068549099464084e-05,8.419015064008917e-05,6.616239837065052e-05,-2.437914732134061e-05,-5.259801277901488e-05,0.9444444444444444,0.3241506991841031,221,-0.3752329349517822
374,0,test,2.0552850845146335,0.9368709163910238,1.3061514751184666,3.586044288085428,1.6346445676614219,2.278962209191075,7.809063798495063,4.749066086886687,5.693897136489812,13.625189440082531,8.286130932849169,9.93466427460462,1.972276757606215,0.9011824621462756,1.2537784945071142,3.130598027946373,1.4304483526131362,1.990124594455737,7.1870209797454105,4.268449447022651,5.135670671830601,11.407969809119699,6.775316582575637,8.151858209254922,1.9832522407578588,0.9452023817855653,1.2887202988665512,3.499856895455045,1.6680042031509976,2.2742122921174435,7.266336474153481,4.442631455646406,5.263565033041382,12.822946719094379,7.839937862905424,9.28864417595538,0.5527638190954773,-0.0022361809045226,-0.0022361809045226,0.3316582914572864,-0.0033417085427135396,-0.0033417085427135396,0.25125628140703515,-0.003743718592964851,-0.003743718592964851,0.35029940119760483,0.060314348880713964,0.12918386334899923,0.3303303303303303,0.3467336683417085,0.06603191395574359,0.13304418587092381,0.2777777777777778,0.35451505016722407,0.06403090993350125,0.136495027920283,0.3120805369127517,12.0,-1.0,-1.0,16.0,-4.0,-4.0,23.0,-4.0,-4.0,0.0005930559602908553,6.584448766629915e-05,6.269760247659696e-05,-0.008982235439184194,-0.00851883381165397,-0.008193723280696119,0.03592814371257485,0.3298955708848848,12,-0.6041457653045654
334,0,test,2.2659123271542727,1.0516455535350762,1.4510147953900456,3.917135671942227,1.8180042813771262,2.5084032367115148,9.63991534701842,6.272091565466917,7.3809711565541924,16.664747275430777,10.842711482855043,12.759657584468682,2.3079587591083652,1.0345757802770321,1.4482730459455608,3.5507057832436386,1.5916550465800492,2.2281123783777854,10.053881301547756,6.480962051185388,7.691463201442362,15.467509694688856,9.97071084797752,11.833020309911326,2.2811213288552734,1.0578988681320942,1.4552120203739756,3.8663073370428367,1.793048929037448,2.466461051481315,9.787649432172348,6.389529013503948,7.503692789646484,16.589236325715845,10.829710192379574,12.718123372282179,0.5628140703517588,-0.0021859296482411583,-0.0021859296482411583,0.4321608040201005,-0.002839195979899567,-0.002839195979899567,0.321608040201005,-0.0033919597989949812,-0.0033919597989949812,0.3734567901234568,0.10227034944549063,0.161957816817502,0.3622291021671826,0.40201005025125625,0.1238145615294517,0.19332891502588057,0.38383838383838387,0.3846153846153846,0.11249518428149474,0.1721570976298451,0.37248322147651003,21.0,-9.0,-9.0,32.0,-14.0,-14.0,38.0,-15.0,-15.0,0.0003101878441840002,-1.1499717292223777e-05,0.00014004454035942954,-0.007487356262398492,-0.006985849852943815,-0.008504320669111998,0.030864197530864196,-0.6250038762236663,10,-0.49433159828186035
369,0,test,2.438090131293342,1.1132328526916764,1.5429472630197925,4.013260721735669,1.8324563249362988,2.539795213847186,11.45114965251825,7.6895012035580965,9.003464191439008,18.84936431566206,12.657437374396192,14.820309034222635,2.4825616693779256,1.0862170635921353,1.5318930149456305,3.6778691398191485,1.6092104645809409,2.2694711332527855,11.971893202903177,7.931489530933875,9.384454019200366,17.736138078375074,11.750354860642776,13.9028948432598,2.438090131293342,1.1132328526916764,1.5429472630197925,4.013260721735669,1.8324563249362988,2.539795213847186,11.45114965251825,7.6895012035580965,9.003464191439008,18.84936431566206,12.657437374396192,14.820309034222635,0.5628140703517588,-0.0021859296482411583,-0.0021859296482411583,0.4371859296482412,-0.002814070351758735,-0.002814070351758735,0.3467336683417085,-0.003266331658291488,-0.003266331658291488,0.38013698630136983,0.09124809741248097,0.167152931631666,0.3883161512027491,0.3668341708542714,0.08863868213246684,0.15481413746528971,0.3787878787878788,0.38013698630136983,0.09124809741248097,0.167152931631666,0.3883161512027491,21.0,-11.0,-11.0,36.0,-17.0,-17.0,44.0,-21.0,-21.0,0.00021216414223535133,0.00013630568586458543,3.9280294019645006e-05,-0.02667616263016015,-0.025080601100772704,-0.02702771643531765,0.04794520547945205,-0.5746853539416683,14,-0.4696033000946045
428,0,test,2.6078487897230205,1.249417382558225,1.6918503017328534,4.200666613386183,2.0125345862764226,2.7251959950068123,13.569827877532227,9.67974132588039,11.070558380494486,21.857986221893228,15.591918662645657,17.832216792533035,2.556895166305938,1.2068800737001038,1.6469907131703962,3.933684871239904,1.8567385749232366,2.5338318664159942,12.89571604019165,9.038232290452267,10.41163086469562,19.839563138756382,13.904972754541951,16.01789363799326,2.6078487897230205,1.249417382558225,1.6918503017328534,4.200666613386183,2.0125345862764226,2.7251959950068123,13.569827877532227,9.67974132588039,11.070558380494486,21.857986221893228,15.591918662645657,17.832216792533035,0.6381909547738693,-0.0018090452261306789,-0.0018090452261306789,0.4522613065326633,-0.0027386934673366836,-0.0027386934673366836,0.3316582914572864,-0.0033417085427135396,-0.0033417085427135396,0.3880597014925373,0.09197031601767702,0.17217880819228915,0.32958801498127344,0.3869346733668342,0.08618279366758608,0.16322849640523152,0.303030303030303,0.3880597014925373,0.09197031601767702,0.17217880819228915,0.32958801498127344,18.0,-6.0,-6.0,27.0,-5.0,-5.0,34.0,-7.0,-7.0,-1.1437798750902055e-05,0.00018857491242443996,0.000245332752263147,-0.00016945494488584956,0.00022372510708557058,6.833549267337702e-05,0.041044776119402986,0.43639819280422015,11,-0.37774038314819336
244,0,test,2.590251198763222,1.2118140824102235,1.665811408314925,4.08774017304821,1.9123940988036336,2.6288586287469906,13.333120445931499,9.36442627515897,10.81266456460989,21.041330703735646,14.77823521548525,17.06373626602498,2.4986115375897096,1.1019403690808334,1.5189489575785493,3.6211761414343617,1.5970150276533817,2.2013753008384773,12.165590763218145,8.123867430559091,9.502033410424033,17.63129096118572,11.773720913853758,13.771062913658023,2.5933277523207967,1.2269672575042594,1.6794087936480808,4.094728029980206,1.9373167223751468,2.6516980952338125,13.374203670037629,9.45314967158944,10.88012607696193,21.117163689533097,14.926025797246481,17.17914643730831,0.5829145728643217,-0.002085427135678275,-0.002085427135678275,0.4371859296482412,-0.002814070351758735,-0.002814070351758735,0.3467336683417085,-0.003266331658291488,-0.003266331658291488,0.3774834437086093,0.09318592304745232,0.15501648335618645,0.3754152823920266,0.38190954773869346,0.11373912167353051,0.16822006526790878,0.3737373737373737,0.37792642140468224,0.09245062841636842,0.1543446638963396,0.37583892617449666,19.0,0.0,0.0,33.0,0.0,0.0,40.0,0.0,0.0,6.079096499255735e-05,0.00033074135190412266,-0.00011358313517769909,-0.004180340747820921,-0.005152467913037029,-0.004239019930032839,0.03642384105960265,0.34638333801261245,11,-0.7166688442230225
447,0,test,2.5862686809215862,1.2488685629444103,1.6791923264115356,4.364328399055177,2.1074656999686923,2.8336370508194664,13.280126650281327,9.47099931145182,10.803056787981127,22.41021372234974,15.982311338074947,18.230158329718154,2.6461110503738046,1.2631314800925322,1.7091321754980604,4.523266752775735,2.159199111269286,2.921593462389847,14.099101195802861,10.112338407742207,11.546842130682863,24.101027685133097,17.286048560243092,19.738191676380964,2.5862686809215862,1.2488685629444103,1.6791923264115356,4.364328399055177,2.1074656999686923,2.8336370508194664,13.280126650281327,9.47099931145182,10.803056787981127,22.41021372234974,15.982311338074947,18.230158329718154,0.6432160804020101,-0.001783919597989958,-0.001783919597989958,0.4723618090452262,-0.0026381909547738003,-0.0026381909547738003,0.3266331658291457,-0.0033668341708542604,-0.0033668341708542604,0.36363636363636365,0.06260543580131206,0.13698801198801203,0.3360995850622407,0.36180904522613067,0.06606969685520336,0.136433419182725,0.33838383838383834,0.36363636363636365,0.06260543580131206,0.13698801198801203,0.3360995850622407,23.0,-7.0,-7.0,32.0,-8.0,-8.0,41.0,-10.0,-10.0,0.0002607163137873714,0.00014995168150887272,6.677228119223741e-05,1.0723023486036709e-05,-6.835210348388188e-05,-8.884262040620428e-05,0.04132231404958678,0.5425671719915672,10,-0.342679500579834
46,0,test,1.9581221456045121,0.9146586733231965,1.2596977906935949,3.5972243910824466,1.6802999223409285,2.3141639188584584,7.0860080721010865,4.246975154300072,5.075425825778064,13.017554154927277,7.802027390202942,9.32395643274959,2.149568788960018,0.9913758856734289,1.3752774226474478,3.4952338031870216,1.611993310038096,2.2362234514592645,8.581157309492633,5.396983345931023,6.412102792146774,13.953101316248185,8.775582676310608,10.426183401864673,2.032408153232358,0.9189334339019004,1.2865419766648234,3.5656283390041374,1.6121639191261412,2.2570911871312695,7.6324443410016345,4.587524063634609,5.524177565389525,13.39025322982743,8.04828783093791,9.691539588402676,0.592964824120603,-0.0020351758793969443,-0.0020351758793969443,0.4522613065326633,-0.0027386934673366836,-0.0027386934673366836,0.3015075376884422,-0.0034924623115578646,-0.0034924623115578646,0.3926380368098159,0.11392440740705945,0.18039313885063224,0.36,0.4170854271356784,0.12635861009307192,0.20005704650128775,0.398989898989899,0.4013377926421404,0.12087034689923559,0.18331777039519936,0.37583892617449666,22.0,-13.0,-13.0,34.0,-21.0,-21.0,39.0,-21.0,-21.0,0.00035875307198821824,0.0002205063785395783,0.00024202977638138566,-0.02227116579296151,-0.02230118167971895,-0.02500396832497831,0.03067484662576687,0.28319107777411284,10,-0.30633246898651123
221,0,test,1.7914401791996486,0.8127516932456817,1.0664777631800102,3.8271676555628855,1.7363331628430472,2.2783843122482033,5.998084565635381,3.3371205049693398,3.933431065023752,12.814089753857404,7.1293028969799535,8.403239093459835,1.9696363182599217,0.8408889716686108,1.2077536916534,3.3959246866550377,1.4498085718424325,2.082333951126552,7.168069118398951,4.076287975194974,5.025763530490286,12.358739859308537,7.028082715853405,8.665109535328078,1.917619281537809,0.8568877893558515,1.1850012589562327,3.7356219770217063,1.6692619273165943,2.3084440109537003,6.804739002186214,3.9162558826961855,4.724218669067593,13.255985069193924,7.629069901356205,9.203023381300504,0.49246231155778897,-0.002537688442211028,-0.002537688442211028,0.36180904522613067,-0.0031909547738693256,-0.0031909547738693256,0.27638190954773867,-0.0036180904522613577,-0.0036180904522613577,0.3466666666666667,0.10299156679982246,0.15018572825024434,0.320855614973262,0.36180904522613067,0.10366368181760932,0.17149184990058808,0.33333333333333337,0.36789297658862874,0.112467267072769,0.17656928359641522,0.3422818791946308,22.0,-13.0,-13.0,36.0,-26.0,-26.0,42.0,-29.0,-29.0,0.0002612167911090584,0.0002466864969453638,0.0001890025969855139,-0.07426725834739312,-0.08208230584603982,-0.07876902087703463,0.02666666666666667,-0.3796244202298381,10,-0.4063199758529663
300,0,test,2.0745153497992046,0.9675785283237714,1.2093503064072562,3.3361593788607613,1.5560242455492486,1.9448327376508527,7.960687375222566,4.935609540993532,5.58528927783657,12.802085003419146,7.9372659557202105,8.982057042724932,2.0195756014639428,0.8652912746952077,1.2424796252690768,2.8245812607887313,1.2101975869863046,1.7377337416350727,7.535126358379095,4.363373691792075,5.35997995060375,10.538638263467266,6.102620547960945,7.496475455389861,2.006902727232713,0.9042779109243453,1.2673365319675982,3.0717898886214994,1.3840988432515489,1.9398008142361196,7.440237178985002,4.428175413163098,5.345210694055918,11.388118131099493,6.777819509943517,8.181444939881509,0.5025125628140703,-0.0024874371859296973,-0.0024874371859296973,0.371859296482412,-0.003140703517587995,-0.003140703517587995,0.27638190954773867,-0.0036180904522613577,-0.0036180904522613577,0.3740458015267175,0.12023869492773276,0.16485714072515345,0.3877551020408163,0.371859296482412,0.10935929648241205,0.17052818167375972,0.38888888888888884,0.3712374581939799,0.1129041248606466,0.17811870125724294,0.3825503355704698,20.0,-9.0,-9.0,27.0,-11.0,-11.0,35.0,-11.0,-11.0,-0.0003433249218795972,-3.700176892571666e-07,-0.00011355948067459999,-0.018377172249706142,-0.021032515170377408,-0.018853976731787903,0.02544529262086514,0.2824693808101976,10,-0.577934980392456
225,0,test,1.8948008292355114,0.8518832674015726,1.0448374374115135,3.5451112288922473,1.5938461132029422,1.9548571409634767,6.651223543422513,3.8137400603869804,4.31166234013253,12.444224694145348,7.135384629111125,8.066981152506024,2.1428852581355726,0.914710112474578,1.3138476552456595,3.3482582158368324,1.4292345507415283,2.0528869613213434,8.523996112197684,5.109004128428682,6.232883393556953,13.318743925308882,7.982818950669816,9.738880302432738,2.148263677272833,0.9903009293080547,1.3506142785620545,3.9059339586778776,1.8005471441964627,2.45566232465828,8.569965245833618,5.386524052526572,6.349649533111498,15.58175499242476,9.793680095502857,11.544817332929997,0.4723618090452262,-0.0026381909547738003,-0.0026381909547738003,0.37688442211055273,-0.003115577889447274,-0.003115577889447274,0.3015075376884422,-0.0034924623115578646,-0.0034924623115578646,0.3382716049382716,0.1163233928544245,0.14667825205459606,0.3044554455445545,0.36180904522613067,0.12371380713089253,0.18150854439140618,0.31818181818181823,0.3745819397993311,0.13418127201969832,0.19215702322536,0.34563758389261745,17.0,-6.0,-6.0,30.0,-13.0,-13.0,33.0,-7.0,-7.0,0.0008862684545760214,0.0009983439547375074,0.000265318855425271,-0.11084601262991,-0.11861334309487859,-0.11326936271035937,0.024691358024691357,-0.7923524142988957,10,-0.4458109140396118
59,0,test,2.0408834495454395,0.977664451945742,1.3303740434358668,3.8114512104093636,1.8258369235013194,2.4845396042974466,7.6974064661591495,4.801729285336616,5.662378815988751,14.37528889706543,8.967467936853811,10.574773682839918,2.1569237118666167,1.0276726427589857,1.4033724518990542,3.6250818686833894,1.727180912199976,2.3586091628555534,8.644503728407567,5.551164793111688,6.519972329351216,14.528577694802635,9.329688727918803,10.957936687985237,2.0408834495454395,0.977664451945742,1.3303740434358668,3.8114512104093636,1.8258369235013194,2.4845396042974466,7.6974064661591495,4.801729285336616,5.662378815988751,14.37528889706543,8.967467936853811,10.574773682839918,0.5577889447236181,-0.00221105527638199,-0.00221105527638199,0.371859296482412,-0.003140703517587995,-0.003140703517587995,0.2814070351758794,-0.003592964824120637,-0.003592964824120637,0.34519572953736655,0.07698969046099002,0.1333614100107393,0.30714285714285716,0.36180904522613067,0.08361355650432611,0.15312791000075499,0.31818181818181823,0.34519572953736655,0.07698969046099002,0.1333614100107393,0.30714285714285716,15.0,0.0,0.0,23.0,0.0,0.0,27.0,0.0,0.0,0.0005784061150088463,0.0003433179941235942,7.210245393610479e-05,-0.004935072970635446,-0.005071123886992268,-0.00479127886565589,0.03558718861209965,0.45640157394867414,10,-0.4682197570800781
399,0,test,2.699013975568823,1.2028297865794655,1.6732206978189363,4.1801801816736655,1.8629193036047824,2.5914515685732313,14.865067176852186,10.400446798852316,12.075759898293647,23.02272599341741,16.108009066515173,18.702701305893818,2.851692251018867,1.2974765239498145,1.7999961234449335,4.132887320317199,1.8804007593475576,2.6086900339781645,17.31706187459753,12.585687493768054,14.454559702836349,25.09719112260512,18.2401268025624,20.948637250487465,2.699013975568823,1.2028297865794655,1.6732206978189363,4.1801801816736655,1.8629193036047824,2.5914515685732313,14.865067176852186,10.400446798852316,12.075759898293647,23.02272599341741,16.108009066515173,18.702701305893818,0.6582914572864322,-0.0017085427135676845,-0.0017085427135676845,0.5226130653266332,-0.002386934673366814,-0.002386934673366814,0.3869346733668342,-0.0030653266331658324,-0.0030653266331658324,0.40711462450592883,0.11520140951579072,0.17058374408542953,0.4087301587301587,0.42211055276381915,0.1288774700570522,0.1933960285568075,0.4242424242424242,0.40711462450592883,0.11520140951579072,0.17058374408542953,0.4087301587301587,25.0,-16.0,-16.0,36.0,-20.0,-20.0,45.0,-20.0,-20.0,0.0002855927389330198,0.00026601698372489445,0.00012037182932855471,-6.550611697964115e-05,-0.000128814918206821,0.00012090384720320202,0.04743083003952569,-0.435997663128259,12,-0.5127739906311035
223,0,test,2.6021807622860385,1.213342527124255,1.667247072738093,4.160463428073608,1.9399371799951752,2.6656566569940434,13.49313128533457,9.482942835594962,10.946086728871403,21.573320368994224,15.161681859236129,17.501010758369972,2.776344682732778,1.2711160329305844,1.7546665551496823,4.023687945989534,1.8421971491747602,2.542995007463308,16.06020836723114,11.555024745356844,13.28235592164118,23.275664300334988,16.74641267443021,19.249791190784318,2.6021807622860385,1.213342527124255,1.667247072738093,4.160463428073608,1.9399371799951752,2.6656566569940434,13.49313128533457,9.482942835594962,10.946086728871403,21.573320368994224,15.161681859236129,17.501010758369972,0.6281407035175879,-0.0018592964824121205,-0.0018592964824121205,0.4773869346733668,-0.0026130653266331905,-0.0026130653266331905,0.33668341708542715,-0.0033165829145728187,-0.0033165829145728187,0.3722627737226277,0.09357424913246382,0.1526025795478705,0.35531135531135527,0.3668341708542714,0.07109482248334409,0.14145854481086573,0.36363636363636365,0.3722627737226277,0.09357424913246382,0.1526025795478705,0.35531135531135527,19.0,0.0,0.0,26.0,1.0,1.0,36.0,1.0,1.0,0.00016930392013597231,0.0002014944984535356,4.0615152371681336e-05,-0.000211034476049754,0.00020048395678795572,4.730815085896012e-05,0.0364963503649635,0.18179698611769066,10,-0.4629521369934082
71,0,test,2.1918569361845646,1.0092058719797146,1.398482151682009,3.8326184141284387,1.7646685532902437,2.4453459337982557,8.951820650042695,5.688807445980846,6.740975674118849,15.65289782236037,9.947286162686506,11.787077464459244,2.0535558304154664,0.9142861917455678,1.2627547808490913,3.285689328664746,1.4628579067929084,2.020407649358546,7.795571611982437,4.671086083749003,5.590409448847735,12.4729145791719,7.473737733998406,8.944655118156376,2.168661159443881,1.011338728535899,1.39026988294463,3.7825485339137455,1.763962898609126,2.4248893307173778,8.746565940949086,5.565162506861805,6.568600239848101,15.255638269097242,9.706678791038032,11.45686088345599,0.5577889447236181,-0.00221105527638199,-0.00221105527638199,0.3919597989949749,-0.0030402010050251116,-0.0030402010050251116,0.26633165829145733,-0.0036683417085426884,-0.0036683417085426884,0.37049180327868847,0.09553271980896672,0.15784185780431548,0.4144736842105263,0.3919597989949749,0.11125804460901001,0.18160921468779623,0.4191919191919192,0.3846153846153846,0.11249518428149474,0.17326944468212535,0.4161073825503355,19.0,-10.0,-10.0,33.0,-21.0,-21.0,38.0,-22.0,-22.0,-0.0005831815071162928,-0.00017970536045204633,-8.682866657786645e-05,-0.008867716569053385,-0.010408581656617066,-0.011229867744551925,0.036065573770491806,-0.5065763719282135,11,-0.672875165939331
365,0,test,2.2844550447851413,1.0583748303898046,1.4494209688974435,3.6884430410593425,1.708834361566872,2.340210939365664,9.82033312380244,6.412487824991581,7.515440535592603,15.855746189472688,10.353495967434323,12.134305031425555,2.206729497890038,0.9543609329692564,1.3546310204597785,3.3435295422576328,1.4460014135897823,2.052471243120876,9.085952121929125,5.587332262256149,6.741390418841061,13.766594124135038,8.465654942812346,10.21422790733494,2.2873282229527376,1.0059090292161232,1.4257131963033445,3.6306797189725994,1.596680998755751,2.263036819529118,9.848589263555967,6.246841585685674,7.4816089187641275,15.632681370723757,9.915621564580437,11.875569712324012,0.5527638190954773,-0.0022361809045226,-0.0022361809045226,0.39698492462311563,-0.0030150753768843908,-0.0030150753768843908,0.31155778894472363,-0.003442211055276312,-0.003442211055276312,0.3656957928802589,0.08459724683825565,0.15148696618488755,0.37662337662337664,0.371859296482412,0.09366380776060745,0.15816981401162733,0.3787878787878788,0.36789297658862874,0.0941033271729359,0.15765938370764987,0.3791946308724832,16.0,-4.0,-4.0,27.0,-12.0,-12.0,37.0,-16.0,-16.0,-0.00038205504394440336,-4.542112631093574e-05,-7.830093457215508e-05,-0.011133391465135034,-0.013579198224864975,-0.01224927499576367,0.9644012944983819,0.5909851989633261,298,-0.551750898361206
321,0,test,3.0407778161926533,1.411502999433773,1.947551691037194,4.6344384788960316,2.151266619618943,2.9682564929663253,20.921509997247757,15.821335181405829,17.93762504967288,31.886397766889655,24.11323976443178,27.338669503417105,3.1096420897486143,1.43378636434254,1.954429970396062,4.442345842498021,2.0482662347750575,2.7920428148515173,22.4130211150023,17.069655468015547,19.23832435427035,32.018601592860435,24.38522209716507,27.483320506100505,3.0407778161926533,1.411502999433773,1.947551691037194,4.6344384788960316,2.151266619618943,2.9682564929663253,20.921509997247757,15.821335181405829,17.93762504967288,31.886397766889655,24.11323976443178,27.338669503417105,0.7185929648241206,-0.0014070351758793676,-0.0014070351758793676,0.592964824120603,-0.0020351758793969443,-0.0020351758793969443,0.44723618090452266,-0.0027638190954772934,-0.0027638190954772934,0.4206349206349206,0.09588244538739588,0.17921011852410262,0.4223107569721115,0.42211055276381915,0.09128348509464623,0.1733626395751714,0.4444444444444444,0.4206349206349206,0.09588244538739588,0.17921011852410262,0.4223107569721115,20.0,-9.0,-9.0,34.0,-19.0,-19.0,43.0,-17.0,-17.0,0.00015137962294350756,5.724681394841112e-05,0.00011900391988183958,-5.857619511928647e-05,-0.00012331829868550415,0.00012440840417138332,0.03968253968253968,-0.7507007856059137,10,-0.5105915069580078
376,0,test,2.40234102427086,1.1574224781148192,1.5665083205353993,3.7883069998117405,1.8251662154887534,2.470263120844284,11.049012133353553,7.576360206385276,8.74227805850329,17.423442210288297,11.94733724853063,13.785900015332112,2.443775692909582,1.1702137582040824,1.5895036137961123,3.5417039027675106,1.6959619684117135,2.303628425791467,11.516441303413915,7.9428826009486215,9.166777914553832,16.690494642628863,11.51142405934583,13.285185383411351,2.40234102427086,1.1574224781148192,1.5665083205353993,3.7883069998117405,1.8251662154887534,2.470263120844284,11.049012133353553,7.576360206385276,8.74227805850329,17.423442210288297,11.94733724853063,13.785900015332112,0.6180904522613065,-0.0019095477386934512,-0.0019095477386934512,0.44723618090452266,-0.0027638190954772934,-0.0027638190954772934,0.3015075376884422,-0.0034924623115578646,-0.0034924623115578646,0.3776223776223776,0.09839026592953293,0.16715726134330788,0.3403508771929824,0.371859296482412,0.08363874510396585,0.15483091584802133,0.3232323232323232,0.3776223776223776,0.09839026592953293,0.16715726134330788,0.3403508771929824,19.0,0.0,0.0,25.0,0.0,0.0,33.0,0.0,0.0,-6.290777548544706e-05,0.00044929289434182803,1.778986517109571e-05,-0.03053053203516054,-0.033785883491984414,-0.030014090663244453,0.958041958041958,-0.27509073886917756,274,-0.39931416511535645
235,0,test,2.69483769236574,1.2380261912232322,1.719101431525442,4.698691361047957,2.158609769312302,2.997407624198207,14.803115899570914,10.510864053184822,12.149996019241,25.81056105566211,18.32663475939918,21.184608443804823,2.9594665708217183,1.340497701876769,1.868774817426813,4.624166516908935,2.094527659182452,2.9199606522293955,19.287680399385568,14.239797795792384,16.31134815084239,30.13700062403995,22.2496840559256,25.486481485691236,2.69483769236574,1.2380261912232322,1.719101431525442,4.698691361047957,2.158609769312302,2.997407624198207,14.803115899570914,10.510864053184822,12.149996019241,25.81056105566211,18.32663475939918,21.184608443804823,0.7336683417085428,-0.001331658291457205,-0.001331658291457205,0.5527638190954773,-0.0022361809045226,-0.0022361809045226,0.3668341708542714,-0.0031658291457286047,-0.0031658291457286047,0.3653136531365314,0.05960462919546328,0.13095782491567254,0.3592592592592593,0.37688442211055273,0.04856362010554016,0.12980595800370798,0.398989898989899,0.3653136531365314,0.05960462919546328,0.13095782491567254,0.3592592592592593,22.0,-9.0,-9.0,31.0,-9.0,-9.0,42.0,-14.0,-14.0,0.0005718668131330494,0.0002731565536778907,-6.78212445928392e-05,-0.006622625119035774,-0.0070052679760781444,-0.005706966789713164,0.04059040590405904,-0.39940547211874006,11,-0.4592723846435547
430,0,test,2.5171043626090777,1.2187604953051554,1.6482276817352752,4.129182437538487,1.9993149698264352,2.703834174532025,12.392660009231692,8.72943515454354,10.00842891292865,20.329532149975584,14.320196995093896,16.418321587500934,2.3709546092751186,1.1310165195272444,1.5346434625284306,3.5923554685986643,1.7136613932230973,2.325217367467319,10.707608989710154,7.2522094562259936,8.399771010006294,16.223649984409324,10.988196145796959,12.72692577273681,2.5171043626090777,1.2187604953051554,1.6482276817352752,4.129182437538487,1.9993149698264352,2.703834174532025,12.392660009231692,8.72943515454354,10.00842891292865,20.329532149975584,14.320196995093896,16.418321587500934,0.5577889447236181,-0.00221105527638199,-0.00221105527638199,0.40201005025125625,-0.002989949748743781,-0.002989949748743781,0.3015075376884422,-0.0034924623115578646,-0.0034924623115578646,0.38144329896907214,0.11214655797421791,0.17344329896907218,0.3517241379310345,0.3668341708542714,0.10367627611742924,0.15982248471069882,0.30808080808080807,0.38144329896907214,0.11214655797421791,0.17344329896907218,0.3517241379310345,20.0,0.0,0.0,28.0,0.0,0.0,36.0,0.0,0.0,-0.00013297867943893747,-4.548989222998413e-05,0.00010734822583995343,-0.01915866274746314,-0.01617710369670089,-0.018742753320012184,0.03436426116838488,0.7523893825016491,10,-0.54093337059021
189,0,test,2.450960712701531,1.1340080479771677,1.5724746010180146,4.11464313586863,1.903758965391972,2.6398512998908483,11.599485140661065,7.867453859879031,9.192232505815547,19.473075054321907,13.207786176887826,15.431808509763066,2.471863631230044,1.0844780241414516,1.5359708859457897,3.689348703328424,1.6186239166290322,2.2924938596205813,11.84450007597062,7.840132709593731,9.295011590069993,17.67835832234421,11.701690611333927,13.87315162697014,2.450960712701531,1.1340080479771677,1.5724746010180146,4.11464313586863,1.903758965391972,2.6398512998908483,11.599485140661065,7.867453859879031,9.192232505815547,19.473075054321907,13.207786176887826,15.431808509763066,0.6281407035175879,-0.0018592964824121205,-0.0018592964824121205,0.4371859296482412,-0.002814070351758735,-0.002814070351758735,0.33668341708542715,-0.0033165829145728187,-0.0033165829145728187,0.3913043478260869,0.10197342558377231,0.16600314300680985,0.36363636363636365,0.3919597989949749,0.10624551328068921,0.16825362203337224,0.36868686868686873,0.3913043478260869,0.10197342558377231,0.16600314300680985,0.36363636363636365,17.0,-2.0,-2.0,28.0,-4.0,-4.0,36.0,-6.0,-6.0,0.0002680251553609716,0.00037074854339326193,9.642987124066865e-05,-0.005899528947853838,-0.005051756261742035,-0.005543968277766709,0.036231884057971016,-0.2687930207187363,10,-0.7566373348236084
414,0,test,1.7113270185596783,0.7723211990562633,1.0674847900198836,3.2100668298448625,1.4487018764906305,2.0023627738261167,5.53630338246514,2.9788657830165075,3.6325217736464483,10.384867214313493,5.587686127148977,6.813798606467252,1.6870002002706201,0.7333154411244528,1.0386479410732423,2.7655740988042954,1.2021564608597588,1.7027015427430203,5.403247708421263,2.807992756536931,3.490860595223766,8.857783128559449,4.60326681399497,5.7227222872520755,1.7160542150328442,0.7580079173705542,1.0653869190331915,3.2176016531865828,1.421264845069789,1.997600473187234,5.5625365320639135,2.9559375550295974,3.6457170437429722,10.429755997619838,5.542382915680495,6.835719457018072,0.4974874371859297,-0.002512562814070307,-0.002512562814070307,0.3417085427135679,-0.003291457286432098,-0.003291457286432098,0.21105527638190957,-0.0039447236180903955,-0.0039447236180903955,0.3820598006644518,0.1200365834173539,0.18868963491859547,0.39,0.3869346733668342,0.12377677862999203,0.1849313344686706,0.398989898989899,0.3812709030100334,0.12250629533056767,0.18661016886097892,0.38926174496644295,19.0,-9.0,-9.0,30.0,-15.0,-15.0,38.0,-18.0,-18.0,-0.0001287124285889095,-1.1045051869017794e-05,-4.960844237497479e-06,-0.03365038357411265,-0.030523390301460118,-0.03320470557075428,0.9568106312292359,-0.24554739637535253,288,-0.5286524295806885
311,0,test,1.9992248120690375,0.8992746004378498,1.2546954348447308,4.094963925410373,1.8419624574485614,2.5699623734405863,7.38333041135023,4.379313956206347,5.27788008244763,15.123097463248403,8.970043068919207,10.810554375772043,1.9607550209071059,0.8128280567540851,1.1800156016099936,3.410008732012358,1.413614011746235,2.05220104627825,7.104689229535587,3.953036585514471,4.921603344851098,12.355981268757542,6.874846235677341,8.559310164958433,1.9992248120690375,0.8992746004378498,1.2546954348447308,4.094963925410373,1.8419624574485614,2.5699623734405863,7.38333041135023,4.379313956206347,5.27788008244763,15.123097463248403,8.970043068919207,10.810554375772043,0.4522613065326633,-0.0027386934673366836,-0.0027386934673366836,0.33668341708542715,-0.0033165829145728187,-0.0033165829145728187,0.27638190954773867,-0.0036180904522613577,-0.0036180904522613577,0.347972972972973,0.09839455813317544,0.15246735499544495,0.36949152542372876,0.33668341708542715,0.10610697598267027,0.14636622175988456,0.36868686868686873,0.347972972972973,0.09839455813317544,0.15246735499544495,0.36949152542372876,20.0,-8.0,-8.0,30.0,-10.0,-10.0,37.0,-12.0,-12.0,-0.00012445441370178648,-0.000209727803737968,-7.410139318574246e-06,-0.04416895978989821,-0.04634955351141823,-0.04541962405721289,0.9628378378378378,0.3184917184091869,285,-0.5921365022659302
292,0,test,2.165948257465886,1.0247877366295988,1.3980356242803331,3.487732065868145,1.6501710220599692,2.2511958257642286,8.722869522470985,5.592470371052746,6.567606791204265,14.046056564389175,9.005311264156731,10.5755309355802,2.3142685919141806,1.0971911168740256,1.4978595650690503,3.5332344914720313,1.6751009417924054,2.286808496288627,10.117520175795276,6.740217131707637,7.855159020586964,15.446595688237062,10.290407834668148,11.992609191735824,2.1745175792615474,1.0263852405906215,1.4062645781666783,3.5454090966220884,1.6734541966151437,2.2928226817934974,8.79793978964153,5.6456398100072,6.641943351246845,14.344467048328584,9.20484751631609,10.829255463989423,0.5678391959798995,-0.0021608040201005485,-0.0021608040201005485,0.42713567839195976,-0.002864321608040288,-0.002864321608040288,0.3266331658291457,-0.0033668341708542604,-0.0033668341708542604,0.3929712460063898,0.12662355860607077,0.18680759032094874,0.34935897435897434,0.39698492462311563,0.13132076422211314,0.19331213664314906,0.36868686868686873,0.3913043478260869,0.12920084198301518,0.19108187841563085,0.34563758389261745,21.0,0.0,0.0,32.0,-2.0,-2.0,43.0,-4.0,-4.0,0.0003433152676631859,0.0003252124284120306,0.00014312290232223622,-0.0211357049474028,-0.02138947658373258,-0.023065895660249858,0.038338658146964855,0.2893690180834231,12,-0.8047170639038086
216,0,test,2.397118954108657,1.0980601353569854,1.5145526971339902,4.464095776813128,2.0448904317127097,2.820514304243539,10.991463808244458,7.325618989180954,8.574369168144365,20.46913319978459,13.64232039302561,15.967837193370645,2.3559908591751553,1.0260123027458967,1.4495601189501368,3.926651431958592,1.7100205045764945,2.415933531583561,10.548575838253605,6.7676135288868755,8.073104691509197,17.580959730422677,11.279355881478129,13.455174485848666,2.397762534100128,1.0723410386313592,1.4901573401457622,4.46788049832322,1.9981510036609182,2.776690695923781,10.998539971222634,7.234768537903992,8.52015979022936,20.494173859421057,13.480935163796259,15.876074143284523,0.5527638190954773,-0.0022361809045226,-0.0022361809045226,0.44723618090452266,-0.0027638190954772934,-0.0027638190954772934,0.33668341708542715,-0.0033165829145728187,-0.0033165829145728187,0.40645161290322585,0.1455820476858345,0.20044302921223867,0.42071197411003236,0.42713567839195976,0.1589652523267968,0.2217934413301902,0.43939393939393945,0.41137123745819393,0.1492677316151222,0.2078117268908969,0.4261744966442953,14.0,-3.0,-3.0,23.0,-7.0,-7.0,31.0,-8.0,-8.0,-6.390244609116985e-05,-3.5329218789046166e-05,-1.4974238524558618e-05,-0.05783084957213536,-0.05685903125267178,-0.054493860666452676,0.964516129032258,0.4442276417443687,299,-0.5795626640319824
50,0,test,2.666744461476257,1.2122791318701736,1.6936515933213063,3.8743268591258833,1.761235719886856,2.4605881638818983,14.39303575507346,10.110842463634905,11.746919851220094,20.910636851710496,14.689337164148823,17.06627978384806,2.666744461476257,1.2122791318701736,1.6936515933213063,3.8743268591258833,1.761235719886856,2.4605881638818983,14.39303575507346,10.110842463634905,11.746919851220094,20.910636851710496,14.689337164148823,17.06627978384806,2.666744461476257,1.2122791318701736,1.6936515933213063,3.8743268591258833,1.761235719886856,2.4605881638818983,14.39303575507346,10.110842463634905,11.746919851220094,20.910636851710496,14.689337164148823,17.06627978384806,0.6209150326797386,0.12591503267973858,0.12591503267973858,0.4575163398692811,0.0975163398692811,0.0975163398692811,0.3464052287581699,0.0714052287581699,0.0714052287581699,0.3790849673202614,0.09244001618019626,0.15565763543305966,0.32894736842105265,0.3790849673202614,0.09244001618019626,0.15565763543305966,0.32894736842105265,0.3790849673202614,0.09244001618019626,0.15565763543305966,0.32894736842105265,20.0,-10.0,-10.0,26.0,-10.0,-10.0,36.0,-13.0,-13.0,0.00037538981197909784,0.0001001656899704364,6.567144232335548e-05,0.00018320562441420662,-7.062452390904639e-05,1.95680601144943e-06,0.9281045751633987,0.35227140128648254,142,-0.7140719890594482
456,0,test,2.296349206106372,1.0386296423126113,1.4474959007235753,4.173867424935482,1.8878236894864449,2.6309831151516563,9.937835159028126,6.420444010646827,7.60086962993036,18.063109188422192,11.669863641993292,13.815417126099838,2.336607527490406,0.9974662481795449,1.4339638103482408,3.9270714747737916,1.6764138624866303,2.4100232106693125,10.346078173730705,6.530312752354439,7.879963964707647,17.388366678539,10.975315550175527,13.243636915475038,2.296349206106372,1.0386296423126113,1.4474959007235753,4.173867424935482,1.8878236894864449,2.6309831151516563,9.937835159028126,6.420444010646827,7.60086962993036,18.063109188422192,11.669863641993292,13.815417126099838,0.5477386934673367,-0.002261306532663321,-0.002261306532663321,0.4321608040201005,-0.002839195979899567,-0.002839195979899567,0.31658291457286436,-0.003417085427135591,-0.003417085427135591,0.38888888888888884,0.12545734642788364,0.18565563253784956,0.3797909407665505,0.39698492462311563,0.13633329555043394,0.18997323847954306,0.38888888888888884,0.38888888888888884,0.12545734642788364,0.18565563253784956,0.3797909407665505,23.0,-14.0,-14.0,35.0,-26.0,-26.0,44.0,-31.0,-31.0,-0.0004194890746238726,-5.7166353795736415e-05,7.154878877538454e-05,-0.029227950666301794,-0.03230588477950924,-0.028862492146458862,0.9409722222222222,0.28709885632507304,271,-0.6195616722106934
471,0,test,2.100869277336373,0.9936784290515235,1.3598703550717,3.728695141232768,1.7636146952702538,2.413544736153746,8.173271665246743,5.147425282535417,6.075241428043239,14.506204015139915,9.135827653771472,10.782547700103233,2.1263429865656915,1.0245784911611482,1.389264313319106,3.5146165067201514,1.6935181672085093,2.296304650114225,8.38414973108407,5.374678190590651,6.2943281942702125,13.85809872906458,8.883765604282068,10.403848254992088,2.100869277336373,0.9936784290515235,1.3598703550717,3.728695141232768,1.7636146952702538,2.413544736153746,8.173271665246743,5.147425282535417,6.075241428043239,14.506204015139915,9.135827653771472,10.782547700103233,0.5628140703517588,-0.0021859296482411583,-0.0021859296482411583,0.371859296482412,-0.003140703517587995,-0.003140703517587995,0.2864321608040201,-0.003567839195979916,-0.003567839195979916,0.33333333333333337,0.06417445482866047,0.11041926110419265,0.30827067669172936,0.3467336683417085,0.0760569766123852,0.12135804229830283,0.31313131313131315,0.33333333333333337,0.06417445482866047,0.11041926110419265,0.30827067669172936,20.0,0.0,0.0,28.0,0.0,0.0,38.0,0.0,0.0,9.449706109927875e-05,0.00029281287641189953,0.00016491419921618207,-0.009505685253039076,-0.01025476586991747,-0.010320853081053905,0.951310861423221,0.21971968637316794,254,-0.23490667343139648
198,0,test,2.1737774016604936,1.0190348177268915,1.3906349138827845,4.283620173860384,2.0080980231676975,2.740368800886663,8.79143016111163,5.618223683055642,6.603091863120397,17.324288846896447,11.071205493080235,13.011975142031371,2.1444599239766724,0.9514096097509679,1.3290044540846355,3.8293927213869146,1.6989457316981569,2.3732222394368487,8.537429131187624,5.240305985489128,6.277224237966578,15.245409162835042,9.357689259802013,11.209328996368889,2.111390358797866,0.9575398030710918,1.3318477336222134,4.13998109568209,1.8775290256295918,2.6114661443572813,8.259717275487409,5.08934012500832,6.079242532345264,16.195524069583154,9.979098284330039,11.920083396755416,0.5025125628140703,-0.0024874371859296973,-0.0024874371859296973,0.3668341708542714,-0.0031658291457286047,-0.0031658291457286047,0.31658291457286436,-0.003417085427135591,-0.003417085427135591,0.35928143712574845,0.10628742514970058,0.17365269461077837,0.3483483483483484,0.3517587939698492,0.09798994974874364,0.16080402010050243,0.3282828282828283,0.3511705685618729,0.10367892976588633,0.1683389074693422,0.33221476510067116,16.0,-4.0,-4.0,27.0,-11.0,-11.0,35.0,-11.0,-11.0,0.00043350864654498865,0.0002975429542904505,0.00018946326725357665,-0.06434726592316498,-0.06483155121825313,-0.0670072714363874,0.029940119760479042,-0.48650106009147354,10,-0.6012306213378906
127,0,test,2.807736503065371,1.3677418502555325,1.8442959998124109,4.346917357155424,2.117528045275132,2.8553257346493353,16.57236423750852,12.351690989314775,13.951666738723134,25.657214512287286,19.12279870032468,21.599869589468945,2.8878980243997416,1.3948881475706385,1.890885279194872,4.215909524671155,2.0363330621469173,2.760416465977915,17.95552782589618,13.505057077101815,15.245354081377897,26.212449380870332,19.715411791389506,22.255991359675757,2.807736503065371,1.3677418502555325,1.8442959998124109,4.346917357155424,2.117528045275132,2.8553257346493353,16.57236423750852,12.351690989314775,13.951666738723134,25.657214512287286,19.12279870032468,21.599869589468945,0.6532663316582914,-0.0017336683417086274,-0.0017336683417086274,0.5175879396984925,-0.002412060301507535,-0.002412060301507535,0.38190954773869346,-0.0030904522613065533,-0.0030904522613065533,0.40234375,0.11384472465886941,0.1802658279220779,0.41960784313725485,0.40201005025125625,0.11128323320864975,0.18164277145325958,0.4292929292929293,0.40234375,0.11384472465886941,0.1802658279220779,0.41960784313725485,14.0,0.0,0.0,26.0,0.0,0.0,33.0,0.0,0.0,-0.00024978643771011403,0.00031081724286852625,5.130157676562543e-06,-8.629588256159337e-05,-0.00014530477676810705,0.00011039017629776993,0.0390625,0.33899318937535156,10,-0.47243762016296387
227,0,test,2.7645477985914284,1.302292901073952,1.7858283502649972,4.4672163103066795,2.1043673368347307,2.8857093871831747,15.871861089640191,11.556181108650584,13.210814637938284,25.647245734253026,18.673564175567833,21.34727663348968,2.823239134117395,1.3409965239016184,1.8282339519276374,4.310288754377702,2.0473229372543793,2.7911968731719656,16.831281247911537,12.428472847146807,14.126542890200989,25.696612592231354,18.974767705567643,21.567241053741967,2.7645477985914284,1.302292901073952,1.7858283502649972,4.4672163103066795,2.1043673368347307,2.8857093871831747,15.871861089640191,11.556181108650584,13.210814637938284,25.647245734253026,18.673564175567833,21.34727663348968,0.6683417085427136,-0.0016582914572863539,-0.0016582914572863539,0.5025125628140703,-0.0024874371859296973,-0.0024874371859296973,0.36180904522613067,-0.0031909547738693256,-0.0031909547738693256,0.37037037037037035,0.08700281390219788,0.13781223083548666,0.3677685950413223,0.37688442211055273,0.09117013639626703,0.13982265249452597,0.3787878787878788,0.37037037037037035,0.08700281390219788,0.13781223083548666,0.3677685950413223,20.0,0.0,0.0,31.0,0.0,0.0,39.0,0.0,0.0,0.00020669198017465921,8.287271240854848e-05,-3.298930285341561e-05,3.793101625682027e-06,-7.384872300431056e-05,-9.33731963588258e-05,0.05761316872427984,-0.4323711135613652,14,-0.591944694519043
317,0,test,2.758352618672925,1.3314047878903028,1.799477559809872,4.48012686472354,2.1624727446625935,2.9227183296274992,15.773836009570909,11.60787147064594,13.16507588902623,25.6199247289209,18.853549203915378,21.382766571348334,2.818279940745824,1.3310854133710164,1.8196141415751446,4.23801494848996,2.001632200557919,2.736261867030292,16.748018298689345,12.323353484545342,14.033360785780117,25.18498992284112,18.531358623376452,21.102798174105438,2.758352618672925,1.3314047878903028,1.799477559809872,4.48012686472354,2.1624727446625935,2.9227183296274992,15.773836009570909,11.60787147064594,13.16507588902623,25.6199247289209,18.853549203915378,21.382766571348334,0.6934673366834171,-0.0015326633165829717,-0.0015326633165829717,0.507537688442211,-0.0024623115577889765,-0.0024623115577889765,0.3919597989949749,-0.0030402010050251116,-0.0030402010050251116,0.40944881889763785,0.08921306251256911,0.17384672465680018,0.3675889328063241,0.42211055276381915,0.11133361040792944,0.18504878314779238,0.3787878787878788,0.40944881889763785,0.08921306251256911,0.17384672465680018,0.3675889328063241,19.0,-6.0,-6.0,31.0,-9.0,-9.0,42.0,-11.0,-11.0,7.73221203034946e-05,-6.288979292456764e-06,1.979941337735687e-05,-7.243603883999583e-05,-0.00013431153772813786,0.00011739929023413254,0.04330708661417323,0.38701697324617895,11,-0.3454756736755371
313,0,test,2.165249781863598,0.9929268826555975,1.37572307972352,3.861995224961388,1.7710099369003345,2.453775083717389,8.716778938237457,5.487293236114285,6.514425128041189,15.547471205628213,9.787277409443607,11.619296281009138,2.3364786644970628,1.0355631081452743,1.4508642406385437,3.487281588801586,1.5456165793213048,2.1654690158784233,10.344745033025971,6.672087379184727,7.920271444669279,15.439917959740255,9.958339371917504,11.821300663685491,2.146502280000192,0.9774867700685923,1.359287375495229,3.855992119760824,1.75596425760825,2.4418336086740644,8.554883418866726,5.336061239192617,6.357615124394023,15.368054045868371,9.58573875304063,11.420865492923395,0.5577889447236181,-0.00221105527638199,-0.00221105527638199,0.42211055276381915,-0.0028894472361808976,-0.0028894472361808976,0.31658291457286436,-0.003417085427135591,-0.003417085427135591,0.375,0.11720032840722494,0.18134573304157553,0.36963696369636967,0.3919597989949749,0.12128310726565161,0.18327866376959923,0.40909090909090906,0.3712374581939799,0.11748119775992316,0.17768907109720566,0.36241610738255037,13.0,-2.0,-2.0,25.0,-6.0,-6.0,33.0,-7.0,-7.0,0.0005166877326069884,-6.080572555069384e-05,0.00018208415943569343,-0.019978267532766658,-0.01523699447201654,-0.018424612668011875,0.03289473684210526,-0.7280325679474383,10,-0.49045610427856445
438,0,test,2.1154423701991685,0.9548438528319725,1.331664894484673,3.726540864059462,1.682042813598044,2.3458467677677017,8.293253643045515,5.101410564995577,6.1035253353604615,14.609307742053689,8.986590796614726,10.751905557654853,2.4292750145373225,1.095980290183371,1.5345406774359798,3.8559920865671784,1.7396512542593188,2.435778853072984,11.350650040036404,7.557128612171269,8.903964330539022,18.01690482545461,11.995442241541696,14.133276715141305,2.1154423701991685,0.9548438528319725,1.331664894484673,3.726540864059462,1.682042813598044,2.3458467677677017,8.293253643045515,5.101410564995577,6.1035253353604615,14.609307742053689,8.986590796614726,10.751905557654853,0.592964824120603,-0.0020351758793969443,-0.0020351758793969443,0.4371859296482412,-0.002814070351758735,-0.002814070351758735,0.3065326633165829,-0.0034673366834171437,-0.0034673366834171437,0.36603773584905663,0.10615073019933907,0.17281314362822853,0.28409090909090906,0.371859296482412,0.0761199481114847,0.14982256860261234,0.3232323232323232,0.36603773584905663,0.10615073019933907,0.17281314362822853,0.28409090909090906,19.0,0.0,0.0,31.0,0.0,0.0,35.0,0.0,0.0,0.0008496080861701076,0.0009496850334943117,0.0002271567416786744,-0.015388304888560356,-0.01694547569915006,-0.013682891762800686,0.03773584905660377,0.2640761754226865,10,-0.6387016773223877
194,0,test,1.9333254052159676,0.8958750806461746,1.12802178710647,3.9267541909049704,1.8196012000689143,2.2911116090452652,6.912458790338282,4.0904461727553345,4.675083086851602,14.039812672604178,8.308056475233633,9.495505544278902,2.0346200525692733,0.8762103983406146,1.2428578628874547,3.391033420948789,1.4603506639010244,2.071429771479091,7.649345224214095,4.464481013142974,5.442062572383211,12.748908707023492,7.440801688571623,9.070104287305352,2.0466940958480078,0.9330895731180009,1.28083852214721,3.6548108854428705,1.6662313805678584,2.2872116466914463,7.742263570754169,4.696948026730862,5.591429786265698,13.825470662061015,8.387407190590825,9.98469604690303,0.5326633165829145,-0.0023366834170853723,-0.0023366834170853723,0.38190954773869346,-0.0030904522613065533,-0.0030904522613065533,0.2864321608040201,-0.003567839195979916,-0.003567839195979916,0.370843989769821,0.1218018441759513,0.16654291450100378,0.3615384615384616,0.371859296482412,0.10619513608140951,0.16651705942064243,0.3787878787878788,0.37792642140468224,0.1225007118888225,0.18660272841246872,0.3825503355704698,15.0,-2.0,-2.0,29.0,-14.0,-14.0,33.0,-9.0,-9.0,0.00032790872886188005,0.00040695739303916437,9.497104779678196e-05,-0.048868769331481765,-0.05342984108435367,-0.050351820048273765,0.030690537084398978,-0.5009755981283089,12,-0.3050650358200073
295,0,test,2.7281620024776996,1.2749079292016856,1.753306252507706,4.296071199303964,2.0076136356394363,2.7609535240638596,15.304731094741683,11.027721497009292,12.653946287127301,24.10055356298403,17.365492472301987,19.926329210763683,2.9432290327818214,1.3656437974508326,1.8831394354973063,4.36033930782492,2.0231759962234555,2.7898362007367496,18.977024920802144,14.133778541875685,16.090395308945677,28.11411099378095,20.938931173149157,23.83762267991952,2.7281620024776996,1.2749079292016856,1.753306252507706,4.296071199303964,2.0076136356394363,2.7609535240638596,15.304731094741683,11.027721497009292,12.653946287127301,24.10055356298403,17.365492472301987,19.926329210763683,0.6733668341708543,-0.001633165829145744,-0.001633165829145744,0.5477386934673367,-0.002261306532663321,-0.002261306532663321,0.40703517587939697,-0.00296482412060306,-0.00296482412060306,0.391941391941392,0.0994368215574798,0.17026051496209849,0.34558823529411764,0.40703517587939697,0.10127076485182807,0.17164285534517332,0.36868686868686873,0.391941391941392,0.0994368215574798,0.17026051496209849,0.34558823529411764,19.0,0.0,0.0,31.0,0.0,0.0,42.0,0.0,0.0,0.00017645078293191765,0.0005207607100866081,-5.386473806843807e-05,-0.0221619460420861,-0.024460187773859055,-0.021918440250830784,0.03663003663003663,0.6613509850234635,10,-0.43725085258483887
93,0,test,3.0091441512794983,1.4692665965600913,1.9791756049622722,4.477461478108651,2.186197887652666,2.9449179182269956,20.270044407880647,15.606025258990787,17.46906667563218,30.160849209316385,23.221013487775448,25.993129330609328,3.0032796886733184,1.4588090770275088,1.9686119036343495,4.352579258946839,2.1142160536630565,2.8530607299048545,20.151519372934477,15.466028846705708,17.337348202388874,29.20510054048475,22.414534560443055,25.126591597665037,3.0091441512794983,1.4692665965600913,1.9791756049622722,4.477461478108651,2.186197887652666,2.9449179182269956,20.270044407880647,15.606025258990787,17.46906667563218,30.160849209316385,23.221013487775448,25.993129330609328,0.6783919597989949,-0.0016080402010050232,-0.0016080402010050232,0.507537688442211,-0.0024623115577889765,-0.0024623115577889765,0.39698492462311563,-0.0030150753768843908,-0.0030150753768843908,0.4065040650406504,0.09615923745444355,0.16866622720281255,0.42040816326530617,0.39698492462311563,0.10124557625218833,0.16827040041610397,0.40909090909090906,0.4065040650406504,0.09615923745444355,0.16866622720281255,0.42040816326530617,22.0,-3.0,-3.0,30.0,-2.0,-2.0,39.0,-2.0,-2.0,-7.332518805127522e-05,0.00010381735365135082,-4.63987709365691e-05,-1.699666395538202e-05,-9.033858156382024e-05,-0.00010696492421935488,0.9512195121951219,-0.4388244385302142,234,-0.35233092308044434
97,0,test,1.778732550762504,0.8334079641526185,1.143495675593766,3.8617219852080678,1.8093725537523953,2.4825892956969913,5.922345387525734,3.3486967726190544,4.034876204434385,12.857723538707186,7.270196940554526,8.759928601732547,1.6868942557513065,0.7654086171861642,1.0554058681251797,3.095218817892305,1.4044194810755302,1.9365245286700539,5.402675294262669,2.8896542352251657,3.5222680218800404,9.91316567754618,5.302117862798468,6.462877104367045,1.7698749545936288,0.824163917478359,1.1345169936259878,3.713024380266354,1.7290152114930608,2.3801055810335408,5.870119284035738,3.2954758891169074,3.982421541393071,12.314935560914135,6.913585781364141,8.35473050641903,0.44723618090452266,-0.0027638190954772934,-0.0027638190954772934,0.3266331658291457,-0.0033668341708542604,-0.0033668341708542604,0.19095477386934678,-0.004045226130653168,-0.004045226130653168,0.35258358662613987,0.11737873078395478,0.17058156438144823,0.3292682926829268,0.3668341708542714,0.13876399541567486,0.1882031191013499,0.31818181818181823,0.35451505016722407,0.12246162779660641,0.17542717475009395,0.32885906040268453,15.0,-4.0,-4.0,21.0,-9.0,-9.0,27.0,-10.0,-10.0,-6.707485647627964e-05,0.00025336493466426255,5.011542287032482e-05,-0.07616622910593662,-0.07878594851058729,-0.07793365367695948,0.030395136778115502,0.3376526102007734,10,-0.4071989059448242
174,0,test,2.5026812581522115,1.1471651950328468,1.5867015275346863,4.095296604249073,1.877179410053749,2.596420681420396,12.215202201973797,8.336440075667788,9.715979584225677,19.98851269413894,13.641447396547289,15.89887568327838,2.4646471343115643,1.1022481513833773,1.5343323319499182,3.975237313405749,1.777819599005447,2.4747295676611585,11.759331955026523,7.85378053151636,9.224024782335164,18.966664443591167,12.667387954058645,14.87745932634704,2.5026812581522115,1.1471651950328468,1.5867015275346863,4.095296604249073,1.877179410053749,2.596420681420396,12.215202201973797,8.336440075667788,9.715979584225677,19.98851269413894,13.641447396547289,15.89887568327838,0.6281407035175879,-0.0018592964824121205,-0.0018592964824121205,0.4522613065326633,-0.0027386934673366836,-0.0027386934673366836,0.31155778894472363,-0.003442211055276312,-0.003442211055276312,0.3754646840148699,0.0934609734397307,0.15296777424972774,0.3731343283582089,0.35678391959798994,0.07106963388370424,0.12973884447278128,0.3484848484848485,0.3754646840148699,0.0934609734397307,0.15296777424972774,0.3731343283582089,20.0,-8.0,-8.0,30.0,-8.0,-8.0,38.0,-11.0,-11.0,-0.00021472804247356635,0.00017125301467457805,8.053284339952067e-05,-0.004844016055198352,-0.005018019751584113,-0.004744371303888606,0.05204460966542751,-0.7804943281384337,14,-0.5816249847412109
263,0,test,2.3289681616345885,1.0779467327302874,1.4831116421542374,4.494760210033633,2.0803685351418926,2.862311003647987,10.267341828183715,6.773431912152029,7.9373692010895365,19.815315757577487,13.0722921616692,15.318616993185536,2.4367000023535437,1.1178958892485078,1.5338390122728907,4.237739134527902,1.9441667639104483,2.6675461083006793,11.435242137302675,7.696294792857391,8.96859205018498,19.88737763009161,13.384860509317203,15.597551391626054,2.345019830388499,1.0628272603288014,1.485369000177713,4.509653519977882,2.0438985775553866,2.856478846495601,10.433479625451845,6.828945363805701,8.07114393202638,20.064383895099702,13.132587238087886,15.521430638512271,0.6331658291457287,-0.0018341708542712887,-0.0018341708542712887,0.44723618090452266,-0.0027638190954772934,-0.0027638190954772934,0.321608040201005,-0.0033919597989949812,-0.0033919597989949812,0.3675496688741722,0.07994636308904823,0.1472853516935554,0.3521594684385382,0.37688442211055273,0.08114507373962543,0.14483099973993507,0.38888888888888884,0.3712374581939799,0.07908386887845398,0.14876804773791763,0.3557046979865772,19.0,-5.0,-5.0,30.0,-10.0,-10.0,37.0,-7.0,-7.0,0.0006237041252231988,0.0001935057860898685,0.0001553300611963448,-0.004180340747820921,-0.003404303523225849,-0.004239019930032839,0.033112582781456956,-0.3570632869082286,10,-0.24405169486999512
255,0,test,2.6755312169263683,1.2371149426694756,1.7093806131150355,4.931066254451505,2.2800316094547894,3.150428223008525,14.520061093460036,10.306044410728205,11.892251608173488,26.760810271086232,18.994279524423494,21.91769627785463,2.5225768168243485,1.1312764826359658,1.5716690105715276,4.3870901162162586,1.9674373611060276,2.7333374096896135,12.460664178875778,8.440590083331971,9.872606130383314,21.67072031108831,14.679287101446906,17.16974979197098,2.6725440518461494,1.246647255688565,1.714977220775791,4.8888000948405175,2.2804522969912777,3.137153452638642,14.476751991921374,10.31516372576353,11.871402492449796,26.481863399856174,18.86920193737231,21.715980169115483,0.5326633165829145,-0.0023366834170853723,-0.0023366834170853723,0.4371859296482412,-0.002814070351758735,-0.002814070351758735,0.3417085427135679,-0.003291457286432098,-0.003291457286432098,0.4018987341772152,0.1349161117443558,0.20084610259826785,0.41587301587301584,0.3869346733668342,0.1312955756224733,0.1932785798776856,0.3939393939393939,0.39799331103678925,0.13755925427552051,0.1999955357308938,0.412751677852349,20.0,-2.0,-2.0,28.0,-3.0,-3.0,34.0,-1.0,-1.0,-0.0001983975734668548,-0.00011344500040625329,-5.778297902603634e-05,-0.02577784099125502,-0.028382326058499885,-0.023884993592282022,0.04113924050632911,-0.5630362584791365,13,-0.4045579433441162
213,0,test,2.9412068576396773,1.3614997179477832,1.8721229238641413,4.606709536062145,2.13246943774954,2.9322407241245587,18.938688826947107,14.08515463138683,16.02597878477479,29.663006596423184,22.06108556723239,25.100930626755698,3.0095424154278176,1.3913479403743438,1.912939427145482,4.4585813561893595,2.061256207961991,2.8339843365118256,20.278118847626352,15.234143780304892,17.284140696905638,30.041657552039037,22.569101896747988,25.60613436578613,2.9412068576396773,1.3614997179477832,1.8721229238641413,4.606709536062145,2.13246943774954,2.9322407241245587,18.938688826947107,14.08515463138683,16.02597878477479,29.663006596423184,22.06108556723239,25.100930626755698,0.7185929648241206,-0.0014070351758793676,-0.0014070351758793676,0.4974874371859297,-0.002512562814070307,-0.002512562814070307,0.3919597989949749,-0.0030402010050251116,-0.0030402010050251116,0.38996138996138996,0.08360300845849977,0.14862634503199335,0.36046511627906974,0.3919597989949749,0.0912079192957268,0.15990637662435725,0.35858585858585856,0.38996138996138996,0.08360300845849977,0.14862634503199335,0.36046511627906974,19.0,-3.0,-3.0,33.0,-7.0,-7.0,39.0,-7.0,-7.0,0.00015751895272167552,0.0002584356375250476,0.00027349855887175996,-0.00010708564814265742,-0.00016179463533028127,9.987650539144965e-05,0.05405405405405406,-0.5588380884348211,14,-0.4841651916503906
402,0,test,2.666388769246568,1.2920075540959945,1.7472625084238969,4.181023809765329,2.0259290049434235,2.739790323859957,14.387917174467384,10.435287036068488,11.880818292309547,22.56093521440152,16.363024050639936,18.629685487941007,2.8630525064686823,1.3795779780883979,1.8714912882749242,4.21037133304218,2.028791144247644,2.7521930709925355,17.514909794816138,13.106674152135085,14.819470436726998,25.757220286494316,19.274520811963356,21.7933388775397,2.666388769246568,1.2920075540959945,1.7472625084238969,4.181023809765329,2.0259290049434235,2.739790323859957,14.387917174467384,10.435287036068488,11.880818292309547,22.56093521440152,16.363024050639936,18.629685487941007,0.7035175879396984,-0.001482412060301641,-0.001482412060301641,0.4773869346733668,-0.0026130653266331905,-0.0026130653266331905,0.3668341708542714,-0.0031658291457286047,-0.0031658291457286047,0.36742424242424243,0.07441857134673768,0.13820509884741627,0.3269961977186312,0.37688442211055273,0.07362627674714417,0.13314485616731397,0.33333333333333337,0.36742424242424243,0.07441857134673768,0.13820509884741627,0.3269961977186312,19.0,0.0,0.0,32.0,0.0,0.0,38.0,0.0,0.0,0.0005431708151282216,0.0004979906463682985,0.00025790873188538774,-0.004817264299008528,-0.005433770901363211,-0.005501913594141428,0.03787878787878788,-0.3683949615921956,10,-0.5937974452972412
118,0,test,1.6268580676405004,0.7435134681414247,1.0344515129239085,2.9301421549768127,1.3391458044978144,1.8631557636088074,5.087863855095951,2.668887155103339,3.2795288147707726,9.163776888183866,4.806945925766233,5.906775655332993,1.8373515595209102,0.8132549827848905,1.1536776857314246,2.8486070690246668,1.2608604384261866,1.7886475747774024,6.279884317441738,3.4953056467194705,4.298741470160967,9.736254755723625,5.419078522045691,6.664715457613902,1.6643441820726166,0.7631755013832933,1.0348718825718652,2.86955893460796,1.3158198299711956,1.7842618665032164,5.282207946913346,2.8197286647615964,3.4055879223079946,9.107255080885079,4.861601146140683,5.871703314324128,0.44221105527638194,-0.0027889447236180143,-0.0027889447236180143,0.3015075376884422,-0.0034924623115578646,-0.0034924623115578646,0.22613065326633164,-0.003869346733668344,-0.003869346733668344,0.3538461538461538,0.12189530899208312,0.1829147311235335,0.30246913580246915,0.321608040201005,0.0910315990982481,0.15132423385709848,0.297979797979798,0.34782608695652173,0.11744211366770707,0.18208637616675527,0.30201342281879195,17.0,-5.0,-5.0,25.0,-8.0,-8.0,29.0,-9.0,-9.0,0.0006113147999437928,0.00043918932492430587,0.0003112765640585049,-0.09221136265526741,-0.09567460945258421,-0.09807144776355425,0.03076923076923077,0.5933597163646345,10,-1.1727689504623413
319,0,test,2.4283896652025643,1.1264332322591377,1.5515008975227698,3.962109453751552,1.8378647473701721,2.5313962012213613,11.340605196828143,7.664122769392585,8.93719470311685,18.503092689561708,12.504621360587903,14.581738726138019,2.1622615796086415,0.9395655819784661,1.315506150809198,3.4051363458403805,1.479630837761364,2.0716632296207846,8.690770318619496,5.294438414102452,6.3587023157822955,13.686252470266922,8.337698289925122,10.013704434302827,2.4604622669866645,1.1173731306537205,1.5608068913655344,3.968487527397846,1.8022147268608393,2.5174304699444106,11.710223538738722,7.879364246430764,9.251467920734433,18.887457320546325,12.708652010372198,14.921722452797471,0.542713567839196,-0.0022864321608039306,-0.0022864321608039306,0.39698492462311563,-0.0030150753768843908,-0.0030150753768843908,0.27135678391959794,-0.0036432160804020786,-0.0036432160804020786,0.3559870550161812,0.09750563336836215,0.15146606470401758,0.3701298701298701,0.3668341708542714,0.09866374478910844,0.15314468838348672,0.36363636363636365,0.35451505016722407,0.09074209524234933,0.14873084549536641,0.37583892617449666,19.0,-5.0,-5.0,28.0,-6.0,-6.0,36.0,-8.0,-8.0,-0.000952338886555531,0.00020568270003489136,-0.00016857102128589867,-0.019407813297748433,-0.02225418686143943,-0.020854681641752748,0.9611650485436893,0.2189428832632663,297,-0.515458345413208
156,0,test,2.171306018207988,0.990969560892708,1.3733836881425052,3.460518966518981,1.5793577376727534,2.1888302529771178,8.76972999185212,5.514260646731253,6.548808202649782,13.976757174514317,8.788352905727933,10.437163072973089,2.225673606140164,1.002797322198843,1.3968704465271933,3.2256139219422666,1.4533294524620914,2.024449922503179,9.259718106574816,5.862773834708216,6.969142460948649,13.419881313876546,8.496773673490168,10.100206465142971,2.155421482103546,0.9767780912084352,1.3553267663753665,3.43950236505885,1.5586884434177157,2.162755478258563,8.631527446738337,5.381565164220712,6.405775714533178,13.773714010752665,8.587603985458582,10.22198252319124,0.5226130653266332,-0.002386934673366814,-0.002386934673366814,0.40703517587939697,-0.00296482412060306,-0.00296482412060306,0.29648241206030146,-0.0035175879396985854,-0.0035175879396985854,0.37049180327868847,0.11353599313138896,0.1731090333768346,0.368421052631579,0.371859296482412,0.11120766740973032,0.16818650850244543,0.36868686868686873,0.36789297658862874,0.110797817990966,0.16989520128273328,0.36241610738255037,23.0,-8.0,-8.0,31.0,-5.0,-5.0,39.0,-8.0,-8.0,0.0003025065331444226,0.00014437520585916947,-4.196214824756477e-05,-0.012001436614584193,-0.009288917735815971,-0.011308503907828005,0.9639344262295082,0.46911304670601583,294,-0.42215919494628906
325,0,test,2.4095677365666117,1.1619477739438788,1.5759184515909455,4.293411603336872,2.070379669936366,2.8080001501075027,11.129149380843312,7.647103692257973,8.82744637797873,19.830120714957175,13.625748397114208,15.728904455307553,2.569520256635335,1.1835731443213517,1.6419601248872726,3.9837523358687363,1.83499712297884,2.5456746122283294,13.059557701688622,9.060946455776698,10.53122485476694,20.247376281687785,14.04797900120418,16.327480394987504,2.4095677365666117,1.1619477739438788,1.5759184515909455,4.293411603336872,2.070379669936366,2.8080001501075027,11.129149380843312,7.647103692257973,8.82744637797873,19.830120714957175,13.625748397114208,15.728904455307553,0.5879396984924623,-0.002060301507537776,-0.002060301507537776,0.44723618090452266,-0.0027638190954772934,-0.0027638190954772934,0.3266331658291457,-0.0033668341708542604,-0.0033668341708542604,0.3651877133105802,0.07898669116407253,0.15406399026858242,0.3356164383561644,0.371859296482412,0.08865127643228665,0.16651705942064243,0.3484848484848485,0.3651877133105802,0.07898669116407253,0.15406399026858242,0.3356164383561644,16.0,-6.0,-6.0,28.0,-13.0,-13.0,33.0,-12.0,-12.0,0.000612697966894232,0.00020954812924948353,-6.363567496666224e-05,-0.005018232032962366,-0.0041165661518860475,-0.0048333335492820595,0.034129692832764506,0.49315381677160985,10,-0.71177077293396
353,0,test,2.797522927412861,1.290473321345636,1.7764655830862994,4.449072607451779,2.0523190170798067,2.8252223731011026,16.403962597004163,11.890567758924652,13.627834060559218,26.08822967234397,18.910300532265712,21.673181879443575,3.2348499411006704,1.4897825802903133,2.055926059673269,4.688188320435755,2.1591051888265413,2.9796029850337233,25.402559612695136,19.676272422919553,22.151685618669717,36.81530378651469,28.516336844810944,32.103892200970606,2.797522927412861,1.290473321345636,1.7764655830862994,4.449072607451779,2.0523190170798067,2.8252223731011026,16.403962597004163,11.890567758924652,13.627834060559218,26.08822967234397,18.910300532265712,21.673181879443575,0.7035175879396984,-0.001482412060301641,-0.001482412060301641,0.4974874371859297,-0.002512562814070307,-0.002512562814070307,0.3869346733668342,-0.0030653266331658324,-0.0030653266331658324,0.34980988593155893,0.07656510414787776,0.12983517038162218,0.3129770992366412,0.36180904522613067,0.06857596251936371,0.1230778265283009,0.36363636363636365,0.34980988593155893,0.07656510414787776,0.12983517038162218,0.3129770992366412,21.0,0.0,0.0,29.0,0.0,0.0,40.0,0.0,0.0,0.0007802583511691177,0.000818372489137549,2.8751980754233248e-05,-0.01871935595453955,-0.021044280484738387,-0.016579992783417374,0.03802281368821293,0.5060463416759978,10,-0.4870631694793701
329,0,test,2.4931059256334414,1.1816772306961476,1.6085515013350598,4.646242861407777,2.202216657206457,2.997755070669884,12.098795783599025,8.387323295503627,9.676890774592561,22.547755778525453,15.63092068707494,18.03420553446795,2.556523116818701,1.1727119931124452,1.6172058911798035,4.333090028506273,1.9876474459532973,2.741026934203057,12.890919088058466,8.900839714979103,10.332684962835181,21.849015403488927,15.086169008439159,17.5130253607376,2.4931059256334414,1.1816772306961476,1.6085515013350598,4.646242861407777,2.202216657206457,2.997755070669884,12.098795783599025,8.387323295503627,9.676890774592561,22.547755778525453,15.63092068707494,18.03420553446795,0.6381909547738693,-0.0018090452261306789,-0.0018090452261306789,0.4974874371859297,-0.002512562814070307,-0.002512562814070307,0.371859296482412,-0.003140703517587995,-0.003140703517587995,0.42657342657342656,0.12465370580553825,0.20215482192226375,0.4140350877192982,0.44723618090452266,0.13144670722031215,0.215182758533905,0.4292929292929293,0.42657342657342656,0.12465370580553825,0.20215482192226375,0.4140350877192982,18.0,-3.0,-3.0,32.0,-13.0,-13.0,41.0,-12.0,-12.0,0.0001964003131294769,0.0001261659107816836,2.254067410572463e-05,-0.04104473572763201,-0.0429867489290201,-0.043298264670134756,0.03496503496503497,-0.4195183465943829,10,-0.5234615802764893
463,0,test,2.537706484077914,1.2009998680070413,1.644593608413057,3.9695967348704806,1.8786590114076622,2.572548661204782,12.650623266994184,8.844136649457043,10.207901549423442,19.788684439990906,13.834403697474709,15.967667228148402,2.8225680933707675,1.284967301987166,1.7955789121796066,4.376074563365531,1.9921973674219626,2.7838432746970647,16.819990561055388,12.166578200805647,14.02734554491552,26.077504745822306,18.862911939233562,21.74782255025662,2.537706484077914,1.2009998680070413,1.644593608413057,3.9695967348704806,1.8786590114076622,2.572548661204782,12.650623266994184,8.844136649457043,10.207901549423442,19.788684439990906,13.834403697474709,15.967667228148402,0.6683417085427136,-0.0016582914572863539,-0.0016582914572863539,0.507537688442211,-0.0024623115577889765,-0.0024623115577889765,0.39698492462311563,-0.0030150753768843908,-0.0030150753768843908,0.3799283154121864,0.08833618661075526,0.16538719503077992,0.3309352517985612,0.40703517587939697,0.09625823352350726,0.17498175350877931,0.36363636363636365,0.3799283154121864,0.08833618661075526,0.16538719503077992,0.3309352517985612,21.0,-12.0,-12.0,30.0,-17.0,-17.0,42.0,-23.0,-23.0,0.0008492475326541985,0.00041628066266580606,0.0001996864294080814,-0.010648009823157167,-0.011516064476809973,-0.012443645428056982,0.035842293906810034,0.3309795897885663,10,-0.5028584003448486
482,0,test,2.728046705661382,1.2866040825963194,1.7627112648964243,5.0479604396096445,2.3807240898435835,3.261709820871336,15.302966609693575,11.076177525473646,12.677298344751929,28.31651301793693,20.495289121939425,23.45799300013152,2.8527309974799127,1.372217008835605,1.8557576821978077,4.835137283864259,2.3257915403993303,3.1453520037250975,17.3350592570759,12.939855071588962,14.624992372392292,29.381456367925257,21.93195774845587,24.78812266507168,2.728046705661382,1.2866040825963194,1.7627112648964243,5.0479604396096445,2.3807240898435835,3.261709820871336,15.302966609693575,11.076177525473646,12.677298344751929,28.31651301793693,20.495289121939425,23.45799300013152,0.6683417085427136,-0.0016582914572863539,-0.0016582914572863539,0.5025125628140703,-0.0024874371859296973,-0.0024874371859296973,0.38190954773869346,-0.008090452261306558,-0.0030904522613065533,0.4017094017094017,0.10959852750897525,0.17869803807303808,0.41201716738197425,0.4120603015075377,0.11381468747244994,0.18334577730052604,0.4292929292929293,0.4017094017094017,0.10959852750897525,0.17869803807303808,0.41201716738197425,18.0,0.0,0.0,29.0,0.0,0.0,36.0,0.0,0.0,7.00277600414171e-05,0.00010704784974618025,2.6005039703141015e-05,6.616239837065052e-05,-2.437914732134061e-05,-5.259801277901488e-05,0.042735042735042736,0.5727568773735171,10,-0.3664696216583252
401,0,test,2.034133808829105,0.8573650895993494,1.2343151749927113,3.556614328320828,1.4990739296675741,2.158158434803207,7.645626682114611,4.401751304544728,5.420489354841384,13.368120272408982,7.69631363064569,9.477542736992604,2.324747636381152,1.0444831325284274,1.4522120564637477,3.63241818184555,1.6320048945756676,2.2690813382246056,10.22409956942367,6.626508392964446,7.83112883326287,15.975155577224484,10.353919364006948,12.236138801973235,2.034133808829105,0.8573650895993494,1.2343151749927113,3.556614328320828,1.4990739296675741,2.158158434803207,7.645626682114611,4.401751304544728,5.420489354841384,13.368120272408982,7.69631363064569,9.477542736992604,0.5879396984924623,-0.002060301507537776,-0.002060301507537776,0.3869346733668342,-0.0030653266331658324,-0.0030653266331658324,0.2864321608040201,-0.003567839195979916,-0.003567839195979916,0.34507042253521125,0.07090522042624814,0.13898142956097237,0.3356890459363958,0.35678391959798994,0.07106963388370424,0.13808608988179627,0.38383838383838387,0.34507042253521125,0.07090522042624814,0.13898142956097237,0.3356890459363958,20.0,-10.0,-10.0,30.0,-17.0,-17.0,37.0,-17.0,-17.0,0.0009762341428615854,-7.476240055114307e-06,9.323481703625267e-05,-0.029184054918496294,-0.02470632212862256,-0.028225655742459388,0.03873239436619718,-0.5326187674038909,11,-0.6100881099700928
16,0,test,2.581578150324215,1.216415852348917,1.6633893673759657,4.297383140478724,2.024887363971063,2.768934739595358,13.217981670294265,9.301623052804276,10.713232036511197,22.003103634087406,15.483799350094925,17.833611865655836,2.587258720763374,1.1882615148381037,1.642969678167658,3.8047922364167266,1.7474434041736822,2.4161318796583204,13.29328101536739,9.242145540756344,10.7222961474268,19.548942669657926,13.591390501112269,15.768082569745292,2.581578150324215,1.216415852348917,1.6633893673759657,4.297383140478724,2.024887363971063,2.768934739595358,13.217981670294265,9.301623052804276,10.713232036511197,22.003103634087406,15.483799350094925,17.833611865655836,0.6432160804020101,-0.001783919597989958,-0.001783919597989958,0.48743718592964824,-0.002562814070351749,-0.002562814070351749,0.3015075376884422,-0.0034924623115578646,-0.0034924623115578646,0.3897058823529411,0.09062331354560171,0.15620954983460367,0.36900369003690037,0.3869346733668342,0.08367652800342562,0.15488125099621652,0.35858585858585856,0.3897058823529411,0.09062331354560171,0.15620954983460367,0.36900369003690037,17.0,-7.0,-7.0,25.0,-8.0,-8.0,34.0,-11.0,-11.0,-6.705542029068461e-05,8.8033388860955e-06,0.00011871244794349329,-0.00019717463232815646,0.00020823100688893703,5.431726479621091e-05,0.03676470588235294,0.33162895288274497,10,-0.5501632690429688
45,0,test,2.55131963339114,1.2053278096927889,1.6518442030918776,3.960888491618289,1.8712547763738878,2.564465309772473,12.824015620717294,8.982020387284006,10.365702404478823,19.90910712387602,13.944462590203347,16.09260981026823,2.434933197329078,1.1528382506587314,1.577637507453825,3.381851662957053,1.601164237026016,2.1911632047969793,11.415056131657657,7.810873739687532,9.05827752388295,15.854244627302302,10.848435749566018,12.580941005392987,2.55131963339114,1.2053278096927889,1.6518442030918776,3.960888491618289,1.8712547763738878,2.564465309772473,12.824015620717294,8.982020387284006,10.365702404478823,19.90910712387602,13.944462590203347,16.09260981026823,0.6080402010050252,-0.001959798994974782,-0.001959798994974782,0.42211055276381915,-0.0028894472361808976,-0.0028894472361808976,0.31155778894472363,-0.003442211055276312,-0.003442211055276312,0.3642857142857143,0.07908072319837034,0.14100780454699702,0.33333333333333337,0.3668341708542714,0.0861324164683065,0.14813634113807772,0.303030303030303,0.3642857142857143,0.07908072319837034,0.14100780454699702,0.33333333333333337,21.0,-8.0,-8.0,29.0,-4.0,-4.0,38.0,-8.0,-8.0,-0.00042190117873837975,3.273915352908312e-05,8.520485418238679e-05,-0.018946832321352858,-0.02079410803342796,-0.02153494695202607,0.039285714285714285,0.5193589918662744,11,-0.3728210926055908
151,0,test,2.1389232376131027,1.0242883775840845,1.3894295899311242,3.2948059973333144,1.577817955369423,2.1402829541868327,8.49029067956681,5.441835816350132,6.374362339473956,13.07847806700948,8.38262587872116,9.819093502725034,2.0343350132805327,0.9287898283015295,1.2871875854720178,3.0363209153440787,1.3862534750769098,1.9211755007045046,7.647165171007222,4.626294217593465,5.536195444762882,11.41367935971227,6.9049167426768125,8.262978275765494,2.143585677758302,1.0158027553918358,1.379914363461853,3.3148232130283026,1.5708290031832515,2.1338881909203913,8.52996857771059,5.441167785746565,6.383827645074387,13.190673058315348,8.414176988267885,9.871898420218125,0.5226130653266332,-0.002386934673366814,-0.002386934673366814,0.38190954773869346,-0.0030904522613065533,-0.0030904522613065533,0.3015075376884422,-0.0034924623115578646,-0.0034924623115578646,0.3782894736842105,0.11720572984184596,0.16931792007370727,0.3564356435643564,0.37688442211055273,0.11873905870203139,0.17154218504878316,0.3232323232323232,0.3812709030100334,0.11916739716696167,0.17326200423361515,0.35906040268456374,20.0,-8.0,-8.0,32.0,-11.0,-11.0,38.0,-12.0,-12.0,0.0003507496393372276,0.0003730700889511406,-0.00025772043437846643,-0.027915741330142296,-0.02839415462955941,-0.025517539602316397,0.9572368421052632,-0.35894871575414194,291,-0.3829224109649658
101,0,test,2.3964408728908313,1.1392398181352414,1.553777079243531,3.760161369618763,1.7875365102232517,2.43797066577438,10.98401322941394,7.468445407387412,8.661467703458738,17.23458429366607,11.718444727613399,13.590369214266751,2.473305859001014,1.1195948314523527,1.5632729772028833,3.805085936924637,1.7224535868497735,2.4050353495428975,11.861594867241669,7.989827729543083,9.377190643521763,18.248607488064106,12.292042660835513,14.426447143879635,2.3964408728908313,1.1392398181352414,1.553777079243531,3.760161369618763,1.7875365102232517,2.43797066577438,10.98401322941394,7.468445407387412,8.661467703458738,17.23458429366607,11.718444727613399,13.590369214266751,0.6231155778894473,-0.0018844221105527303,-0.0018844221105527303,0.44723618090452266,-0.0027638190954772934,-0.0027638190954772934,0.371859296482412,-0.003140703517587995,-0.003140703517587995,0.39575971731448767,0.11180910003053701,0.17601823670344185,0.3794326241134752,0.40201005025125625,0.11629576453697055,0.17830387328965358,0.38383838383838387,0.39575971731448767,0.11180910003053701,0.17601823670344185,0.3794326241134752,19.0,-10.0,-10.0,32.0,-17.0,-17.0,38.0,-20.0,-20.0,3.8895430961428056e-05,8.979617896161197e-05,6.109401876593546e-05,-0.004948932814357043,-0.005078870937090585,-0.005568500176549307,0.9575971731448764,-0.4258520753539179,271,-0.4384946823120117
44,0,test,1.9593549627609588,0.8922508497176684,1.247049270930571,3.2376507138670387,1.4743610297473773,2.0606322177408902,7.0947492114292645,4.187800108290434,5.05606278502945,11.723409124768143,6.919947772522694,8.354670591305347,1.9446266596795836,0.8308829034198819,1.1956700777001454,2.778038085256548,1.186975576314117,1.7081001110002079,6.991021337611364,3.9452817540362513,4.8762290849549,9.987173339444805,5.636116791480358,6.966041549935572,1.9664633317939253,0.9022758441148888,1.2542876074684117,3.188859456963122,1.4631500174836034,2.0339799040028295,7.145360977462704,4.2468780035455005,5.106939496833405,11.587071855344924,6.886829194938647,8.281523508378495,0.5778894472361809,-0.002110552763819218,-0.002110552763819218,0.36180904522613067,-0.0031909547738693256,-0.0031909547738693256,0.24120603015075381,-0.0037939698492461815,-0.0037939698492461815,0.3831168831168831,0.10434864972952484,0.17469355698297384,0.38110749185667747,0.371859296482412,0.0761199481114847,0.14815311952080934,0.36868686868686873,0.3812709030100334,0.10247290634893158,0.1721496571813349,0.3791946308724832,14.0,-3.0,-3.0,22.0,-9.0,-9.0,32.0,-15.0,-15.0,-0.00010167761717907008,-8.225412453990693e-05,-3.7802625661291854e-05,-0.008863767642496967,-0.006915044339065979,-0.008439803805018187,0.032467532467532464,0.26043982462989723,10,-0.6645318269729614
43,0,test,1.6795489011520026,0.7957211844601217,0.9111177409130558,3.050609228623025,1.445289498305119,1.6548873253318768,5.363136120841408,2.942990489273299,3.2067555377481947,9.741206423569087,5.345431705006605,5.824515160399782,1.7324870472374796,0.790323330832475,1.0967083482066564,2.510850793097797,1.1453961316412682,1.5894323887052995,5.654699940481432,3.0891734515440423,3.766207804442602,8.195217305045555,4.477062973252236,5.458272180351598,1.6683528391041624,0.7829280895483582,1.0716242563330094,2.7961220767108865,1.3121699824832818,1.7960183067033673,5.3034250044833495,2.8794112328548924,3.487257375239996,8.88842179522349,4.8258288818797075,5.844565433363121,0.46733668341708545,-0.002663316582914521,-0.002663316582914521,0.31155778894472363,-0.003442211055276312,-0.003442211055276312,0.24120603015075381,-0.0037939698492461815,-0.0037939698492461815,0.3581081081081081,0.11963791688201142,0.13816675913450105,0.31602708803611734,0.36180904522613067,0.11368874447425092,0.17650019714599707,0.297979797979798,0.36789297658862874,0.12248396156358698,0.1843557129623773,0.30201342281879195,18.0,-1.0,-1.0,23.0,0.0,0.0,33.0,-1.0,-1.0,0.00010719237569605005,0.00019870495694854394,-4.4318085714113736e-05,-0.031057930457810023,-0.03140462800787791,-0.031782524273138435,0.02252252252252252,0.9114830585934703,10,-0.595218300819397
85,0,test,2.3779297268983237,1.0914320087494027,1.5110035098527286,3.854422040985518,1.7691185501297508,2.449208303552135,10.782556903267771,7.16247113608507,8.402971631247203,17.47760857523142,11.609757135615018,13.620503036269977,2.260274647684932,1.0113838485405564,1.417305320387949,3.450800988831957,1.5440974786878723,2.163824916622823,9.585721501484297,6.099247889080158,7.262466251301202,14.6346893152432,9.311828838290317,11.087734734810994,2.3779297268983237,1.0914320087494027,1.5110035098527286,3.854422040985518,1.7691185501297508,2.449208303552135,10.782556903267771,7.16247113608507,8.402971631247203,17.47760857523142,11.609757135615018,13.620503036269977,0.5477386934673367,-0.002261306532663321,-0.002261306532663321,0.3869346733668342,-0.0030653266331658324,-0.0030653266331658324,0.29648241206030146,-0.0035175879396985854,-0.0035175879396985854,0.38866396761133604,0.1199770989244674,0.1719748693609996,0.41056910569105687,0.371859296482412,0.11371393307389066,0.16317816125703632,0.38888888888888884,0.38866396761133604,0.1199770989244674,0.1719748693609996,0.41056910569105687,14.0,-2.0,-2.0,21.0,-3.0,-3.0,31.0,-8.0,-8.0,-0.00030476906083416554,-0.00011085165172125762,-0.000192202990129379,-2.39265858157367e-05,-9.583520108336074e-05,-0.00011149550017286458,0.951417004048583,0.18309292331104823,235,-0.5365679264068604
316,0,test,1.950537482918359,0.9210091753178988,1.2603438168944217,3.294505382734058,1.5556069607503535,2.1287514468277733,7.032466395535614,4.232721490740584,5.038364709941258,11.878007265630275,7.149169834970376,8.50992088203493,1.8992376522838097,0.8239142417885552,1.1734085904152742,2.944554499664821,1.277386421377605,1.8192381246748437,6.6807994082610405,3.749858764025416,4.614355808684818,10.357828539939597,5.813734517868861,7.154040013464835,1.950537482918359,0.9210091753178988,1.2603438168944217,3.294505382734058,1.5556069607503535,2.1287514468277733,7.032466395535614,4.232721490740584,5.038364709941258,11.878007265630275,7.149169834970376,8.50992088203493,0.5125628140703518,-0.0024371859296482556,-0.0024371859296482556,0.371859296482412,-0.003140703517587995,-0.003140703517587995,0.2613065326633166,-0.003693467336683409,-0.003693467336683409,0.3804347826086957,0.1032608695652174,0.17270531400966183,0.4036363636363637,0.37688442211055273,0.10050251256281406,0.16582914572864316,0.38888888888888884,0.3804347826086957,0.1032608695652174,0.17270531400966183,0.4036363636363637,16.0,-6.0,-6.0,24.0,-9.0,-9.0,31.0,-11.0,-11.0,-0.0004886976759916891,-0.00011351873612825337,5.9655499593702796e-05,-0.004900423361333672,-0.005051756261742035,-0.005543968277766709,0.9565217391304348,-0.19834063577008468,264,-0.5500152111053467
385,0,test,1.8210070829683678,0.8385531622811516,0.9732544080346799,4.3347885996747015,1.9961211145605673,2.3167686452129876,6.178077154261647,3.50707451916021,3.8436823456176086,14.706509747644574,8.348362170609633,9.149635148807135,2.012596622113688,0.8438521048227869,1.1908957716374609,3.7618628450723137,1.577293653874368,2.225973404929833,7.482721944484898,4.264771923753533,5.20835704020401,13.986396157915696,7.971536306081369,9.735246804119644,1.854581774145698,0.8168978133584339,1.154641809863433,3.9741038017407813,1.750495314339501,2.474232449707356,6.389025636076799,3.5663536171132018,4.375393822066457,13.69076922016457,7.642186322385433,9.375843904428123,0.5125628140703518,-0.0024371859296482556,-0.0024371859296482556,0.35678391959798994,-0.0032160804020100464,-0.0032160804020100464,0.2562814070351759,-0.00371859296482413,-0.00371859296482413,0.34553775743707094,0.11468061457992806,0.13146151110276005,0.3371559633027523,0.3517587939698492,0.08860089923300707,0.13973876058086754,0.36363636363636365,0.34448160535117056,0.1074198357351438,0.15983199467263887,0.33221476510067116,17.0,-2.0,-2.0,27.0,-7.0,-7.0,35.0,-8.0,-8.0,0.00041127520301843676,0.00041884448545865676,-6.709293688359894e-05,-0.14208745814187207,-0.15391524456716077,-0.1459146284457633,0.02288329519450801,-0.3858848511870339,10,-0.3221069574356079
330,0,test,1.9551712664162886,0.9193315776633775,1.232695265418177,3.615030206134284,1.6998057816171823,2.279202183455484,7.065128939403358,4.24765789802354,5.005602647444115,13.063129028584335,7.853742467699775,9.255150728347193,2.6260297327193185,1.2237330500904362,1.6826251521449316,3.8904144188434344,1.812937851985831,2.4927780031776763,13.818796529132026,9.754272351689174,11.25008459435484,20.472291154269666,14.450773854354331,16.6667919916368,2.0710570726604702,0.9526847377023169,1.3165130197028456,3.5302109193076197,1.6238944392653127,2.2440562835843956,7.933204660875958,4.873334955980667,5.806562994583526,13.52250794467493,8.30682094769432,9.897550558949193,0.6633165829145728,-0.0016834170854271857,-0.0016834170854271857,0.4824120603015075,-0.0025879396984924696,-0.0025879396984924696,0.36180904522613067,-0.0031909547738693256,-0.0031909547738693256,0.3728813559322034,0.11618177906337401,0.17346786619613297,0.3031161473087819,0.40703517587939697,0.10377703051598841,0.1766512025905823,0.3737373737373737,0.3846153846153846,0.11583408244510074,0.17771883289124668,0.3087248322147651,15.0,-5.0,-5.0,30.0,-17.0,-17.0,34.0,-13.0,-13.0,0.0014860056183544606,0.0005795122286933349,0.0006594957787234871,-0.047850690191688194,-0.05590545885467346,-0.055873323771277406,0.9689265536723164,0.4389409873871009,343,-0.6588085889816284
110,0,test,2.2337392243825054,1.0333788089445515,1.4147719882104077,3.9402604951840465,1.8228545449705131,2.4956226375885455,9.334705461021391,6.013391701223757,7.066549303150344,16.466188515093634,10.607473559922651,12.465217404314892,2.4263139252868666,1.1055529382794924,1.5268876565529275,3.977563811945683,1.8123818660319548,2.5030945189392253,11.317089464668376,7.570818308191338,8.85889709998502,18.55260567978422,12.411177554412028,14.52278213112298,2.2337392243825054,1.0333788089445515,1.4147719882104077,3.9402604951840465,1.8228545449705131,2.4956226375885455,9.334705461021391,6.013391701223757,7.066549303150344,16.466188515093634,10.607473559922651,12.465217404314892,0.592964824120603,-0.0020351758793969443,-0.0020351758793969443,0.4522613065326633,-0.0027386934673366836,-0.0027386934673366836,0.31658291457286436,-0.003417085427135591,-0.003417085427135591,0.3745583038869258,0.1024734982332155,0.17196702002355713,0.33687943262411346,0.38190954773869346,0.09798994974874375,0.16415410385259632,0.3535353535353535,0.3745583038869258,0.1024734982332155,0.17196702002355713,0.33687943262411346,16.0,-4.0,-4.0,28.0,-13.0,-13.0,34.0,-8.0,-8.0,0.0007716531963896241,0.00031699182972542143,2.5657720502855724e-05,-0.019358607825489038,-0.015429080698442732,-0.017085306978870562,0.0353356890459364,-0.6057132958274503,10,-0.5659654140472412
98,0,test,2.5742935832015634,1.1857803264169369,1.6317080153373746,3.8545572368793466,1.7754999539932745,2.4431991673500804,13.122044251118046,9.113158814175966,10.5554352627768,19.647980696861246,13.645371486466686,15.804929805227294,2.607322573745531,1.1819162687001865,1.6411541906109912,3.751543271576304,1.700598947770053,2.3613729361309233,13.56268909572654,9.403141551107245,10.934832889350494,19.514660569390706,13.529700073535604,15.733572502662582,2.5742935832015634,1.1857803264169369,1.6317080153373746,3.8545572368793466,1.7754999539932745,2.4431991673500804,13.122044251118046,9.113158814175966,10.5554352627768,19.647980696861246,13.645371486466686,15.804929805227294,0.6130653266331658,-0.001934673366834172,-0.001934673366834172,0.4623115577889447,-0.002688442211055242,-0.002688442211055242,0.3467336683417085,-0.003266331658291488,-0.003266331658291488,0.39426523297491034,0.10803983047043808,0.17614842725381374,0.38848920863309355,0.3869346733668342,0.10623291898086928,0.16155904732342852,0.3787878787878788,0.39426523297491034,0.10803983047043808,0.17614842725381374,0.38848920863309355,23.0,-13.0,-13.0,31.0,-12.0,-12.0,39.0,-15.0,-15.0,9.297398836274502e-05,0.0002957703967280309,3.928258298879406e-05,-0.005910733181966776,-0.005056755002081914,-0.004779416873575748,0.035842293906810034,-0.49702685136698493,10,-0.4559133052825928
269,0,test,1.948676711942588,0.8996852337513765,1.1700447590242684,3.8765119617253623,1.7897481655374978,2.3275756703584376,7.019392753477817,4.164622186095882,4.840902804306493,13.963711787667101,8.284702958436728,9.630031247069603,1.833107206680136,0.7886715058912992,1.1165214002983967,3.055178677800227,1.3144525098188322,1.8608690004973278,6.2532867572429,3.41149230850338,4.20585581899711,10.422144595404832,5.6858205141723,7.009759698328516,1.9417364891028985,0.8667002322358235,1.214497744803462,3.6181425262786933,1.6149693768369384,2.2630392760312956,6.9708452636324765,4.0407461288098,4.901486580631278,12.989152665153684,7.529340612689069,9.133204808629714,0.4824120603015075,-0.0025879396984924696,-0.0025879396984924696,0.3316582914572864,-0.0033417085427135396,-0.0033417085427135396,0.2361809045226131,-0.0038190954773869024,-0.0038190954773869024,0.3584905660377359,0.11757535742400771,0.16689721315406036,0.3675675675675676,0.3467336683417085,0.09360083626150795,0.1614248202615749,0.33838383838383834,0.3511705685618729,0.11243934986404314,0.17097034609246242,0.35906040268456374,12.0,-2.0,-2.0,23.0,-12.0,-12.0,26.0,-6.0,-6.0,0.00018544335524537872,-9.622985423596418e-05,-0.000136699726064599,-0.08039555751287786,-0.08351247962654362,-0.08160230906822186,0.03234501347708895,-0.41245930536059733,12,-0.4409524202346802
278,0,test,2.5290106406792745,1.183944709395548,1.6270833571554193,4.150552757350104,1.9430621995373993,2.670330921449189,12.54109235022438,8.702652744716277,10.076744315578363,20.582145680662364,14.282588916328475,16.537715670860962,2.633764451709968,1.1913153188349426,1.663860029143316,4.180578494777727,1.890976696563401,2.641047665306851,13.926095465697767,9.695049935081737,11.288403122255867,22.1049134376155,15.388968150923393,17.91810019405693,2.5290106406792745,1.183944709395548,1.6270833571554193,4.150552757350104,1.9430621995373993,2.670330921449189,12.54109235022438,8.702652744716277,10.076744315578363,20.582145680662364,14.282588916328475,16.537715670860962,0.6180904522613065,-0.0019095477386934512,-0.0019095477386934512,0.4522613065326633,-0.0027386934673366836,-0.0027386934673366836,0.35678391959798994,-0.0032160804020100464,-0.0032160804020100464,0.36690647482014394,0.0922206579440219,0.1527916422842588,0.38267148014440433,0.37688442211055273,0.09868893338874818,0.15484769423075306,0.41414141414141414,0.36690647482014394,0.0922206579440219,0.1527916422842588,0.38267148014440433,13.0,-2.0,-2.0,24.0,-7.0,-7.0,31.0,-5.0,-5.0,1.0841772595061644e-05,-0.00031353130247579905,0.00011954918286567246,-0.00023875416349117273,0.00018498985658865763,3.328992298534672e-05,0.960431654676259,0.5470544375433617,267,-0.6287717819213867
357,0,test,2.40139297469099,1.1190163243172266,1.4429376313648565,3.960191923174615,1.845395341856479,2.379581356987658,11.038542085888809,7.433344239369138,8.430876672749894,18.203911510062245,12.25849751755612,13.903551004184035,2.259680292042157,0.966377810086599,1.3867496460561974,3.2281147029173676,1.3805397286951415,1.9810709229374253,9.580025866603856,5.9352222666884025,7.186109562133475,13.68575123800551,8.478888952412005,10.265870803047822,2.4770933934133472,1.131742555449188,1.5690232363839498,3.697154318527384,1.6891679932077435,2.341825725946194,11.906606253264343,8.067072894868838,9.427073449058167,17.771054109349766,12.040407305774387,14.070258879191293,0.5175879396984925,-0.002412060301507535,-0.002412060301507535,0.39698492462311563,-0.0030150753768843908,-0.0030150753768843908,0.3015075376884422,-0.0034924623115578646,-0.0034924623115578646,0.384,0.11599999999999999,0.16894623655913976,0.40374331550802134,0.36180904522613067,0.1080402010050251,0.17085427135678388,0.398989898989899,0.3745819397993311,0.11204013377926414,0.1794871794871794,0.4161073825503355,17.0,-4.0,-4.0,28.0,-10.0,-10.0,34.0,-8.0,-8.0,-0.0009639544779436911,-0.00012963865286059266,-0.000299629836899907,-0.06066923670833724,-0.0629619879492962,-0.059853051561316484,0.02666666666666667,-0.474699955668172,10,-1.1048998832702637
351,0,test,1.8048094955977987,0.827272721284845,1.038274602984716,3.832794358930809,1.7568426070296437,2.2049380009621657,6.078813297514072,3.420912136006147,3.926517914569087,12.909307809236873,7.264840288830258,8.338572990617147,1.7506071812573696,0.7185085993330071,1.0315145829391987,3.1260842522453025,1.2830510702375126,1.8419903266771407,5.758097823880972,2.9511475507237637,3.705527963856032,10.282317542644591,5.269906340578149,6.617014221171485,1.7865570010527856,0.7768800982212927,1.105268142187045,3.573114002105571,1.5537601964425853,2.21053628437409,5.968866247348362,3.224152184951591,3.9924428251376893,11.937732494696723,6.448304369903182,7.984885650275379,0.4170854271356784,-0.0029145728643216184,-0.0029145728643216184,0.27135678391959794,-0.0036432160804020786,-0.0036432160804020786,0.1959798994974874,-0.004020100502512558,-0.004020100502512558,0.3375634517766497,0.08788030855738482,0.12446472254888818,0.34860050890585237,0.3015075376884422,0.07844989357816645,0.1278848331809297,0.3232323232323232,0.32441471571906355,0.08401404793943079,0.14643918735421368,0.3355704697986577,14.0,-1.0,-1.0,21.0,-5.0,-5.0,26.0,-3.0,-3.0,-0.000446123477362558,-0.00017430835890124512,-0.00013147858656952245,-0.08553900190899366,-0.09136023557535111,-0.0876847097732707,0.025380710659898477,-0.5737345301023075,10,-0.4517613649368286
238,0,test,1.9479531803269041,0.929134608446579,1.2651867933964727,3.3989795289377613,1.6212450820853572,2.207621853783641,7.014315837773764,4.244395469472534,5.034970036071858,12.23926539040116,7.406036992651053,8.785508940492733,2.4109512001238538,1.1099211020257784,1.5415801975992411,3.6254905265020354,1.6690542887605688,2.3181657106755504,11.144556808784898,7.471478458229261,8.759146844084338,16.758732043285562,11.235305952224454,13.17164938960051,2.0529312907197594,0.9449520900300459,1.3134219233720676,3.5599964578955365,1.6386452428266691,2.2776102717434696,7.7907044880742715,4.7624717315622185,5.695797055754484,13.509892175851338,8.258621499818876,9.877104720961533,0.6080402010050252,-0.001959798994974782,-0.001959798994974782,0.4371859296482412,-0.002814070351758735,-0.002814070351758735,0.31658291457286436,-0.003417085427135591,-0.003417085427135591,0.36950146627565983,0.11474304753481068,0.17106549364613877,0.2647058823529411,0.3869346733668342,0.09620785632422768,0.15988959824162552,0.2777777777777778,0.3745819397993311,0.10913953579265323,0.1643483469183522,0.2651006711409396,20.0,-9.0,-9.0,33.0,-16.0,-16.0,40.0,-20.0,-20.0,0.0018181913678990203,0.0003374508038552565,0.000871561762763862,-0.061889125498181485,-0.056534271164315086,-0.06432219124727201,0.03812316715542522,0.31500445428114837,13,-0.41133904457092285
14,0,test,2.4360848193736615,1.0908767378159494,1.5138985424764078,3.722556577919303,1.6669577117187542,2.313373053671814,11.428209534359581,7.58922425482694,8.913427139481062,17.463331423291045,11.597016838836673,13.62051787606095,2.5490412482272244,1.1641342829711674,1.6109883341368687,3.468083330921394,1.5838561673077107,2.19182086277125,12.794830833503278,8.800376569003799,10.239829069442042,17.40793310680718,11.973301454426936,13.93174023053339,2.4360848193736615,1.0908767378159494,1.5138985424764078,3.722556577919303,1.6669577117187542,2.313373053671814,11.428209534359581,7.58922425482694,8.913427139481062,17.463331423291045,11.597016838836673,13.62051787606095,0.6331658291457287,-0.0018341708542712887,-0.0018341708542712887,0.4321608040201005,-0.002839195979899567,-0.002839195979899567,0.3015075376884422,-0.0034924623115578646,-0.0034924623115578646,0.36162361623616235,0.09090538419196348,0.14321870826070227,0.34444444444444444,0.3517587939698492,0.06353824259140306,0.12137482068103456,0.3434343434343434,0.36162361623616235,0.09090538419196348,0.14321870826070227,0.34444444444444444,21.0,-8.0,-8.0,34.0,-14.0,-14.0,43.0,-16.0,-16.0,0.00013577204127592694,0.00030078453063078856,5.939035341610932e-05,-0.005864879338552065,-0.005032388636494467,-0.005526445492923138,0.03690036900369004,-0.4809987742801348,10,-0.5776207447052002
472,0,test,3.09731261159334,1.4783045691611472,2.01623743610107,4.555930760076251,2.174482883707967,2.965744600776575,22.13837685018838,17.09029649955722,19.19052954919858,32.56400780870733,25.138633804581268,28.22793009271652,3.1696855469534277,1.5128521907345895,2.061000791431472,4.433126639095703,2.115877189838587,2.882518589414646,23.799999197368784,18.557316375493542,20.769629102686245,33.28671216415215,25.954288637053907,29.0484323114493,3.09731261159334,1.4783045691611472,2.01623743610107,4.555930760076251,2.174482883707967,2.965744600776575,22.13837685018838,17.09029649955722,19.19052954919858,32.56400780870733,25.138633804581268,28.22793009271652,0.7135678391959799,-0.0014321608040201994,-0.0014321608040201994,0.5829145728643217,-0.002085427135678275,-0.002085427135678275,0.4321608040201005,-0.002839195979899567,-0.002839195979899567,0.4087301587301587,0.09722222222222221,0.17063492063492058,0.40637450199203184,0.42211055276381915,0.10552763819095479,0.17755443886097155,0.4292929292929293,0.4087301587301587,0.09722222222222221,0.17063492063492058,0.40637450199203184,21.0,0.0,0.0,33.0,0.0,0.0,43.0,0.0,0.0,2.3873013658046787e-05,0.00021396260498519304,-4.25062329938096e-05,-5.857619511928647e-05,-0.00012331829868550415,0.00012440840417138332,0.9563492063492064,-0.6128927604477443,241,-0.42868828773498535
53,0,test,2.8550966647738414,1.30824769429637,1.8121301476956997,5.392960366795034,2.471134533670921,3.4229125012029886,17.376116784876228,12.679469218410375,14.538494388743626,32.82155392698843,23.950108523664042,27.461600512071293,2.9625917382143863,1.3322148407991978,1.856485436059327,5.021341929176926,2.2579912555918606,3.146585484846317,19.348051915661262,14.242253197383185,16.32548542401557,32.79330833162926,24.139412198954552,27.670314277992496,2.8550966647738414,1.30824769429637,1.8121301476956997,5.392960366795034,2.471134533670921,3.4229125012029886,17.376116784876228,12.679469218410375,14.538494388743626,32.82155392698843,23.950108523664042,27.461600512071293,0.6683417085427136,-0.0016582914572863539,-0.0016582914572863539,0.49246231155778897,-0.002537688442211028,-0.002537688442211028,0.38190954773869346,-0.0030904522613065533,-0.0030904522613065533,0.37401574803149606,0.08128490323778292,0.13972255431421854,0.39920948616600793,0.38190954773869346,0.09118273069608696,0.1431783290408637,0.41414141414141414,0.37401574803149606,0.08128490323778292,0.13972255431421854,0.39920948616600793,23.0,-13.0,-13.0,35.0,-17.0,-17.0,41.0,-15.0,-15.0,-1.6441428147747e-05,0.0002150910139385844,-4.9677587765579757e-05,-7.243603883999583e-05,-0.00013431153772813786,0.00011739929023413254,0.03937007874015748,-0.3154599696655662,10,-0.4168732166290283
326,0,test,2.635411236143639,1.2152248009444044,1.6807361079766054,4.404143609394403,2.030811915672192,2.8087469186991587,13.949047636384199,9.811155819355614,11.35122115122101,23.3108245735548,16.39582415449361,18.969490380228397,2.544658368923136,1.1561773705476122,1.6097880556105217,4.039140268131962,1.8352021754724,2.5552191358897165,12.738875346889579,8.730119228128158,10.191992207406566,20.220437058554886,13.857332108139932,16.17776540858185,2.635411236143639,1.2152248009444044,1.6807361079766054,4.404143609394403,2.030811915672192,2.8087469186991587,13.949047636384199,9.811155819355614,11.35122115122101,23.3108245735548,16.39582415449361,18.969490380228397,0.6331658291457287,-0.0018341708542712887,-0.0018341708542712887,0.4824120603015075,-0.0025879396984924696,-0.0025879396984924696,0.3065326633165829,-0.0034673366834171437,-0.0034673366834171437,0.3709677419354839,0.0651327318751217,0.14174522182824523,0.33603238866396756,0.3668341708542714,0.06858855681918363,0.13811964664725973,0.3232323232323232,0.3709677419354839,0.0651327318751217,0.14174522182824523,0.33603238866396756,15.0,0.0,0.0,22.0,0.0,0.0,31.0,0.0,0.0,-4.8239062800122894e-05,-5.606780111642081e-05,3.654727795935384e-05,-3.085650767697956e-05,-0.00010133182060556578,-0.00011602607612637428,0.04032258064516129,-0.27873884898294965,10,-0.4614567756652832
164,0,test,2.8535278255109806,1.3140000380583192,1.8086970872838442,4.5890067369328635,2.1131579559417415,2.9087233859827903,17.34887782299134,12.686489710073111,14.5059605372859,27.90024211299777,20.40224953374331,23.328299109670304,2.7899238765372187,1.2518532559265396,1.7373241092178615,4.227157388692755,1.896747357464454,2.632309256390699,16.279780481354784,11.624181298296147,13.414690469798483,24.666334062658763,17.612395906509313,20.325288590603762,2.8535278255109806,1.3140000380583192,1.8086970872838442,4.5890067369328635,2.1131579559417415,2.9087233859827903,17.34887782299134,12.686489710073111,14.5059605372859,27.90024211299777,20.40224953374331,23.328299109670304,0.6934673366834171,-0.0015326633165829717,-0.0015326633165829717,0.5125628140703518,-0.0024371859296482556,-0.0024371859296482556,0.3668341708542714,-0.0031658291457286047,-0.0031658291457286047,0.3941605839416058,0.08086368048076786,0.15508291403869323,0.4212454212454212,0.40201005025125625,0.08622057656704574,0.1532621370626085,0.43434343434343436,0.3941605839416058,0.08086368048076786,0.15508291403869323,0.4212454212454212,13.0,0.0,0.0,25.0,-2.0,-2.0,31.0,-2.0,-2.0,0.00018929638584354888,-0.0004049032317584665,-0.0001239329122594666,-0.000211034476049754,0.00020048395678795572,4.730815085896012e-05,0.04744525547445255,-0.2408131125434077,13,-0.5766613483428955
394,0,test,2.1758526538222025,0.9728000206897316,1.3586383968793219,3.743547733594721,1.6736994144786066,2.3375331424569694,8.809693539561264,5.479426032780519,6.545509929409484,15.157050375518448,9.427335472547849,11.261529505878428,2.3170423975115266,1.0161842834363763,1.4385766245727327,3.6203787461117605,1.5877879428693382,2.247775975894895,10.145623167989992,6.473176473906635,7.738419493143401,15.852536199984362,10.114338240479118,12.091280458036564,2.1758526538222025,0.9728000206897316,1.3586383968793219,3.743547733594721,1.6736994144786066,2.3375331424569694,8.809693539561264,5.479426032780519,6.545509929409484,15.157050375518448,9.427335472547849,11.261529505878428,0.6381909547738693,-0.0018090452261306789,-0.0018090452261306789,0.46733668341708545,-0.002663316582914521,-0.002663316582914521,0.3065326633165829,-0.0034673366834171437,-0.0034673366834171437,0.41666666666666663,0.12862318840579712,0.20048309178743962,0.38181818181818183,0.4170854271356784,0.11557788944723624,0.1842546063651591,0.4040404040404041,0.41666666666666663,0.12862318840579712,0.20048309178743962,0.38181818181818183,22.0,-13.0,-13.0,36.0,-23.0,-23.0,41.0,-21.0,-21.0,0.0003336899271034198,0.00046640059169466446,3.1451518644184424e-05,-0.03278284436803691,-0.03394879849801047,-0.03025113095419396,0.9601449275362319,0.3725193671180421,265,-0.8861973285675049
236,0,test,2.6609323472169093,1.2484265591210684,1.7100779912692583,4.12015331181973,1.933047575413267,2.6478626961588514,14.309624419639576,10.203392549329536,11.721704699942709,22.156837811054825,15.798801366703795,18.14973630958871,2.651639603678065,1.2499470940451154,1.7046461490351406,4.017635763148584,1.8938592334016904,2.582797195507789,14.177264694753015,10.115195451382377,11.599317413989317,21.480704082959114,15.326053714215723,17.57472335452927,2.6609323472169093,1.2484265591210684,1.7100779912692583,4.12015331181973,1.933047575413267,2.6478626961588514,14.309624419639576,10.203392549329536,11.721704699942709,22.156837811054825,15.798801366703795,18.14973630958871,0.6884422110552764,-0.0015577889447235815,-0.0015577889447235815,0.5025125628140703,-0.0024874371859296973,-0.0024874371859296973,0.38190954773869346,-0.0030904522613065533,-0.0030904522613065533,0.41422594142259417,0.10524890593198877,0.17917726270214906,0.3739495798319328,0.4170854271356784,0.10380221911562826,0.18002365751965166,0.36868686868686873,0.41422594142259417,0.10524890593198877,0.17917726270214906,0.3739495798319328,17.0,-3.0,-3.0,28.0,-7.0,-7.0,35.0,-3.0,-3.0,0.000327457219550504,0.0001591692566147852,-5.11343607966182e-06,3.151278906887711e-05,-5.1862244922595835e-05,-7.525089254567519e-05,0.9539748953974896,-0.2952765275843241,228,-0.39842724800109863
298,0,test,2.731710233865897,1.3159087405175627,1.784953778781381,4.380156064647042,2.1099916011747126,2.8620810590804906,15.35913227891894,11.239345153873241,12.781795898128014,24.627574171370025,18.02170860879675,20.494948595274227,2.5623697322239307,1.2254512999678249,1.6497250732608357,4.035227924762095,1.9298445668784638,2.597992241355646,12.966508088773415,9.15921511036468,10.475606673919053,20.41969777759593,14.423960803723904,16.49701838412449,2.731710233865897,1.3159087405175627,1.784953778781381,4.380156064647042,2.1099916011747126,2.8620810590804906,15.35913227891894,11.239345153873241,12.781795898128014,24.627574171370025,18.02170860879675,20.494948595274227,0.6080402010050252,-0.001959798994974782,-0.001959798994974782,0.4623115577889447,-0.002688442211055242,-0.002688442211055242,0.36180904522613067,-0.0031909547738693256,-0.0031909547738693256,0.3920863309352518,0.1066285212404583,0.1767753261505628,0.3646209386281588,0.40201005025125625,0.12632082719361215,0.18832056778047157,0.3434343434343434,0.3920863309352518,0.1066285212404583,0.1767753261505628,0.3646209386281588,23.0,-12.0,-12.0,32.0,-9.0,-9.0,41.0,-15.0,-15.0,-0.00046134477355567674,0.0002499651181145766,0.00015191589407601285,-0.004898487498829596,-0.005046259642224271,-0.004771059438462899,0.03597122302158273,-0.5381959098184794,10,-0.3760700225830078
230,0,test,1.9569761981370275,0.9262480511631703,1.2609357387571318,3.8857944653656085,1.839168792237662,2.503728517244377,7.077892529976867,4.274786364926641,5.0720975931955214,14.053944879666297,8.48806501237232,10.071215364906214,2.078011070607738,0.9805423819048866,1.341959520905361,3.8128643497389683,1.799160333770434,2.462311047532772,7.988564412511766,4.9919932514238194,5.900888278616026,14.657916353232597,9.159620644814346,10.827317942414727,1.9569761981370275,0.9262480511631703,1.2609357387571318,3.8857944653656085,1.839168792237662,2.503728517244377,7.077892529976867,4.274786364926641,5.0720975931955214,14.053944879666297,8.48806501237232,10.071215364906214,0.5879396984924623,-0.002060301507537776,-0.002060301507537776,0.40201005025125625,-0.002989949748743781,-0.002989949748743781,0.27135678391959794,-0.0036432160804020786,-0.0036432160804020786,0.3781818181818182,0.09687510311829728,0.15690007694844454,0.34306569343065696,0.38190954773869346,0.09619526202440776,0.1582033707770908,0.3535353535353535,0.3781818181818182,0.09687510311829728,0.15690007694844454,0.34306569343065696,22.0,-7.0,-7.0,34.0,-11.0,-11.0,40.0,-7.0,-7.0,0.0002362152680722091,0.00018561927286110232,0.00010382747403076797,-0.00956112462792369,-0.009285977974051285,-0.008953599131467094,0.96,0.21819189759980986,264,-0.4703378677368164
48,0,test,2.187932057704442,1.0550808029248144,1.427572408984111,3.4840439831923997,1.680101495961797,2.2732538903931765,8.916754701623534,5.812259100830977,6.777709314513696,14.198962649867909,9.255390850779762,10.792765375828873,2.226897114575187,1.0477642565676855,1.4285354303523428,3.181281592250267,1.496806080810979,2.040764900503347,9.27105438338512,6.0195009618403486,7.049156608575554,13.244363404835887,8.599287088343356,10.070223726536506,2.187932057704442,1.0550808029248144,1.427572408984111,3.4840439831923997,1.680101495961797,2.2732538903931765,8.916754701623534,5.812259100830977,6.777709314513696,14.198962649867909,9.255390850779762,10.792765375828873,0.5829145728643217,-0.002085427135678275,-0.002085427135678275,0.42211055276381915,-0.0028894472361808976,-0.0028894472361808976,0.321608040201005,-0.0033919597989949812,-0.0033919597989949812,0.3835616438356164,0.115185575459548,0.17171654132992165,0.3470790378006873,0.39698492462311563,0.11878943590131108,0.18162599307052796,0.3434343434343434,0.3835616438356164,0.115185575459548,0.17171654132992165,0.3470790378006873,21.0,-9.0,-9.0,29.0,-10.0,-10.0,38.0,-12.0,-12.0,0.0004917466724570445,0.00018517447812127993,2.6243276494218017e-05,-0.00732306309884212,-0.007075469428329484,-0.0062841738256809165,0.03424657534246575,-0.19268052273249345,10,-0.7909266948699951
364,0,test,2.1349512634980163,0.9789439754587979,1.3542784098115255,3.6040513903605125,1.6525737407497527,2.286182860127377,8.45663435004132,5.279412165919843,6.273693778965286,14.275803531505396,8.912274992963695,10.59074048825328,2.069594368003466,0.8780233778848001,1.2587271080504507,2.874436622227036,1.219476913728889,1.7482320945145151,7.921609207902436,4.629359970023742,5.671750855036057,11.002235010975605,6.429666625032974,7.877431743105635,2.161547601875023,0.9747051323056986,1.359245359390189,3.4129698976974048,1.539008103640577,2.146176883247667,8.684567516718726,5.407848999411727,6.453896950780043,13.712475026397989,8.53870894643957,10.190363606494806,0.5778894472361809,-0.002110552763819218,-0.002110552763819218,0.3869346733668342,-0.0030653266331658324,-0.0030653266331658324,0.2814070351758794,-0.003592964824120637,-0.003592964824120637,0.37941176470588234,0.09600500993348882,0.15827673535167486,0.38053097345132747,0.38190954773869346,0.10120779335272856,0.16321171802249979,0.3787878787878788,0.3745819397993311,0.09578394313822924,0.1543372234478294,0.3825503355704698,12.0,-2.0,-2.0,21.0,-10.0,-10.0,25.0,-8.0,-8.0,-5.348151106985999e-06,-0.00011177991904790324,-5.8576152906478104e-05,0.00034512908460637703,-5.516869649557776e-05,0.0001678595039624753,0.029411764705882353,-0.35743681500710023,10,-0.5819425582885742
310,0,test,1.7493231518747216,0.7922755969718452,0.988037953096727,4.165055123511242,1.8863704689805836,2.3524713168969686,5.7507090018344345,3.1467120470633883,3.6096829046614523,13.692164290081987,7.4921715406271145,8.594483106336792,2.0378054141911437,0.8397764120104776,1.201935572864627,3.6717214670110696,1.513110652271131,2.1656496808371655,7.673750003311796,4.360170578975927,5.366930260324041,13.826576582543776,7.856163205362029,9.67014461319647,1.8041163782248317,0.8044214592813497,1.132973222811608,3.8659636676246394,1.7237602698886065,2.427799763167732,6.074601426239739,3.3571487675844023,4.11812883124242,13.017003056228011,7.19389021625229,8.824561781233758,0.5226130653266332,-0.002386934673366814,-0.002386934673366814,0.36180904522613067,-0.0031909547738693256,-0.0031909547738693256,0.24120603015075381,-0.0037939698492461815,-0.0037939698492461815,0.3408521303258145,0.10680957713432515,0.138506089270096,0.31909547738693467,0.36180904522613067,0.09614488482512817,0.1547973590825581,0.36868686868686873,0.3411371237458194,0.09405865963897464,0.15203812485816648,0.325503355704698,20.0,-10.0,-10.0,27.0,-10.0,-10.0,34.0,-13.0,-13.0,-2.2371790239276132e-05,0.000557964133008508,-9.450198683416119e-06,-0.08800718797662466,-0.10672694329521182,-0.0959294537224693,0.9674185463659147,0.5215914455721606,386,-0.29677271842956543
248,0,test,2.2502953132810317,1.024833675784544,1.4213322577808565,3.794102563090112,1.727917244055336,2.3964322950956305,9.490538104511058,6.08480016822681,7.199596175977039,16.0014886645826,10.259256097591715,12.138854017635706,2.453536690936858,1.060380005406544,1.4958931251462757,3.661995061099788,1.582656724487379,2.232676306188471,11.629403680133553,7.601859983691039,9.023854252226421,17.357318925572468,11.346059677150805,13.468439182427495,2.2502953132810317,1.024833675784544,1.4213322577808565,3.794102563090112,1.727917244055336,2.3964322950956305,9.490538104511058,6.08480016822681,7.199596175977039,16.0014886645826,10.259256097591715,12.138854017635706,0.5979899497487438,-0.0020100502512562235,-0.0020100502512562235,0.4371859296482412,-0.002814070351758735,-0.002814070351758735,0.33668341708542715,-0.0033165829145728187,-0.0033165829145728187,0.3633217993079585,0.09734597892799302,0.16194090172452924,0.375,0.3869346733668342,0.11625798163751089,0.1699062927324435,0.40909090909090906,0.3633217993079585,0.09734597892799302,0.16194090172452924,0.375,14.0,-3.0,-3.0,25.0,-9.0,-9.0,32.0,-9.0,-9.0,0.0005281882380443764,2.3214748387253066e-05,1.4490052091257658e-05,-0.020008307203616127,-0.018081029271799665,-0.0180055494343776,0.03460207612456748,-0.2513790296018215,10,-0.623307466506958
239,0,test,2.620257934733962,1.211693045939953,1.671047902099065,4.011425807298901,1.8550146115678667,2.5582537470279503,13.739266962246994,9.649185493791892,11.155599122586011,21.033826225708026,14.772206658021608,17.07841721344353,2.784678362256397,1.254488437130341,1.7432578808527757,3.867608836467218,1.742345051569918,2.4211915011844107,16.19460824174653,11.575554228333946,13.361369521536322,22.49251144687018,16.07715865046381,18.557457668800446,2.620257934733962,1.211693045939953,1.671047902099065,4.011425807298901,1.8550146115678667,2.5582537470279503,13.739266962246994,9.649185493791892,11.155599122586011,21.033826225708026,14.772206658021608,17.07841721344353,0.6381909547738693,-0.0018090452261306789,-0.0018090452261306789,0.5025125628140703,-0.0024874371859296973,-0.0024874371859296973,0.38190954773869346,-0.0030904522613065533,-0.0030904522613065533,0.3986486486486487,0.1001663552253772,0.17055876100819922,0.41694915254237286,0.40703517587939697,0.10878956184430921,0.1816595498359913,0.4494949494949495,0.3986486486486487,0.1001663552253772,0.17055876100819922,0.41694915254237286,18.0,-4.0,-4.0,26.0,-5.0,-5.0,38.0,-10.0,-10.0,0.001003847095146515,9.209306617651797e-05,9.003062312588219e-06,-0.00036349275698022154,0.0001152664056931485,-2.979210245257491e-05,0.033783783783783786,-0.37534368726729317,10,-0.6356179714202881
54,0,test,2.212433145405116,1.0168620598022124,1.4031514735144472,3.3968670515310873,1.5612427584842052,2.1543335754969295,9.137923261810975,5.83247833821652,6.891629430812419,14.02994278581079,8.954916236453645,10.58108761094432,2.4007729520428884,1.0622534839068989,1.4889748755446814,3.4296756457755553,1.5175049770098559,2.127106965063831,11.031700061117881,7.218306587792987,8.542906507358087,15.759571515882689,10.311866553989983,12.204152153368696,2.228988249536018,0.9975430324545134,1.4006165842187865,3.4117167084734965,1.5268515802875202,2.1438008942124283,9.290461693910654,5.864284163653906,7.000874205402122,14.220094429455083,8.975945148449856,10.715623783778756,0.542713567839196,-0.0022864321608039306,-0.0022864321608039306,0.3919597989949749,-0.0030402010050251116,-0.0030402010050251116,0.31155778894472363,-0.003442211055276312,-0.003442211055276312,0.34983498349834985,0.0796537643879709,0.14566374310317975,0.32450331125827814,0.35678391959798994,0.10114482185362905,0.15811947886343236,0.33838383838383834,0.34782608695652173,0.08071423386804089,0.14315422933694444,0.325503355704698,22.0,0.0,0.0,31.0,0.0,0.0,40.0,0.0,0.0,0.0011446307061177986,0.00038897617366441404,1.8356160921784126e-05,-0.048473861677673646,-0.04522219525379967,-0.04622346021850987,0.9636963696369637,-0.4056151871911591,292,-0.3823204040527344
281,0,test,2.5101073145319255,1.2110365622143267,1.6394917581563482,4.469215462459282,2.1562358302840448,2.919095081595449,12.306250629177068,8.64036206325171,9.917870045154388,21.911129169022583,15.384059283350604,17.65864666576269,2.638894915475751,1.2361695638085075,1.7002110936047214,4.435117505001262,2.077595905560517,2.8574976363104563,13.997726386685365,9.931459500075928,11.441112143522227,23.525590565857758,16.691528571556184,19.228759905079375,2.5101073145319255,1.2110365622143267,1.6394917581563482,4.469215462459282,2.1562358302840448,2.919095081595449,12.306250629177068,8.64036206325171,9.917870045154388,21.911129169022583,15.384059283350604,17.65864666576269,0.6281407035175879,-0.0018592964824121205,-0.0018592964824121205,0.49246231155778897,-0.002537688442211028,-0.002537688442211028,0.371859296482412,-0.003140703517587995,-0.003140703517587995,0.40893470790378006,0.1121937130495777,0.19064899361806575,0.3758620689655172,0.42211055276381915,0.12637120439289184,0.20007382488401948,0.3787878787878788,0.40893470790378006,0.1121937130495777,0.19064899361806575,0.3758620689655172,16.0,-5.0,-5.0,32.0,-17.0,-17.0,38.0,-17.0,-17.0,0.0003377064429984088,0.0002133149365971385,0.00014145448064424517,-0.00032884314767755995,0.00013463403094249315,-1.2269317609892028e-05,0.9553264604810997,0.26424841175186237,278,-0.35552382469177246
173,0,test,2.2607528474894254,1.0030656032494902,1.4017851834917197,3.536984293652811,1.5693123147612993,2.193115529011239,9.590306487814647,6.073029018108864,7.229584111174379,15.004189182548723,9.501351850912254,11.310800948127657,2.408382114325928,1.0589345975886626,1.479985997020428,3.465298006224357,1.52364690300527,2.129476254705652,11.115962232850231,7.260667276588661,8.585514852447552,15.99419026309386,10.44700327566714,12.353258780500076,2.2607528474894254,1.0030656032494902,1.4017851834917197,3.536984293652811,1.5693123147612993,2.193115529011239,9.590306487814647,6.073029018108864,7.229584111174379,15.004189182548723,9.501351850912254,11.310800948127657,0.5829145728643217,-0.002085427135678275,-0.002085427135678275,0.4371859296482412,-0.002814070351758735,-0.002814070351758735,0.35678391959798994,-0.0032160804020100464,-0.0032160804020100464,0.39655172413793105,0.13665499436168316,0.1878361278076558,0.38062283737024216,0.40703517587939697,0.13385221848591322,0.1849984479995973,0.398989898989899,0.39655172413793105,0.13665499436168316,0.1878361278076558,0.38062283737024216,22.0,-12.0,-12.0,33.0,-16.0,-16.0,40.0,-14.0,-14.0,0.0008670806022899108,1.1035190278976381e-05,0.00011675583775921653,-0.025787458205647873,-0.02237705181562344,-0.022842168252700468,0.03793103448275862,-0.6303307760288787,11,-0.45479273796081543
337,0,test,2.463471096699573,1.1611511372573489,1.5910915873965266,3.877416045692819,1.8276106657423359,2.504321670103409,11.745510667125707,8.06769149794961,9.352913374235323,18.48701678967715,12.6982599908556,14.721153594950271,2.7150168126960246,1.2599200415208738,1.7401437248692364,4.209328391776782,1.9533644054587187,2.697897247859281,15.104864023247908,10.819965923083897,12.45403325630772,23.41839383449288,16.775140966021546,19.308578691949954,2.463471096699573,1.1611511372573489,1.5910915873965266,3.877416045692819,1.8276106657423359,2.504321670103409,11.745510667125707,8.06769149794961,9.352913374235323,18.48701678967715,12.6982599908556,14.721153594950271,0.6482412060301508,-0.0017587939698492372,-0.0017587939698492372,0.5025125628140703,-0.0024874371859296973,-0.0024874371859296973,0.3266331658291457,-0.0033668341708542604,-0.0033668341708542604,0.3547169811320755,0.07735849056603772,0.1320754716981133,0.2689393939393939,0.3467336683417085,0.04773869346733661,0.11390284757118918,0.2828282828282829,0.3547169811320755,0.07735849056603772,0.1320754716981133,0.2689393939393939,18.0,0.0,0.0,23.0,1.0,1.0,32.0,1.0,1.0,0.0005742663397388461,0.0007142673742176369,0.0003079495751578239,-0.0001486651793047855,0.00023534568223659846,7.884916357880911e-05,0.9509433962264151,0.2233318393755793,252,-0.4911210536956787
121,0,test,2.6792877675921067,1.2735311582585525,1.7349599585409279,4.448940799273313,2.1146906269848804,2.880890301527837,14.574709018211834,10.496097528545157,12.003624480368954,24.20121435740113,17.42870515542375,19.93194435320524,2.6323164882354164,1.2186697970639502,1.683896390338041,4.049717674208333,1.8748766108676156,2.590609831289294,13.905945579790242,9.79502622343497,11.324317863217889,21.393762430446525,15.069271112976878,17.422027481873677,2.6792877675921067,1.2735311582585525,1.7349599585409279,4.448940799273313,2.1146906269848804,2.880890301527837,14.574709018211834,10.496097528545157,12.003624480368954,24.20121435740113,17.42870515542375,19.93194435320524,0.6633165829145728,-0.0016834170854271857,-0.0016834170854271857,0.48743718592964824,-0.002562814070351749,-0.002562814070351749,0.35678391959798994,-0.0032160804020100464,-0.0032160804020100464,0.40671641791044777,0.10690263764974017,0.17098440798488945,0.3707865168539326,0.39698492462311563,0.08871424793138627,0.16159260408889198,0.3484848484848485,0.40671641791044777,0.10690263764974017,0.17098440798488945,0.3707865168539326,20.0,-9.0,-9.0,35.0,-18.0,-18.0,40.0,-17.0,-17.0,0.0001580792749118355,0.00041835843682569836,0.00028941857882279004,-0.00016945494488584956,0.00022372510708557058,6.833549267337702e-05,0.9514925373134329,0.4162664217001348,255,-0.49663281440734863
205,0,test,2.4291112380076694,1.1555826752091198,1.57585682436896,3.9218611608056784,1.8657172800862325,2.54426045945603,11.348791222183063,7.775351774196385,9.001517788337518,18.322908733021816,12.553500909177401,14.533176764410852,2.5585989485339726,1.2000673922218152,1.6484297096021265,3.7905169607910705,1.7778776181063929,2.4421180882994467,12.91770625995195,9.027230099939654,10.432963246895461,19.137342607336222,13.373674222132822,15.456241847252535,2.4291112380076694,1.1555826752091198,1.57585682436896,3.9218611608056784,1.8657172800862325,2.54426045945603,11.348791222183063,7.775351774196385,9.001517788337518,18.322908733021816,12.553500909177401,14.533176764410852,0.6030150753768844,-0.0019849246231156137,-0.0019849246231156137,0.46733668341708545,-0.002663316582914521,-0.002663316582914521,0.3668341708542714,-0.0031658291457286047,-0.0031658291457286047,0.3784722222222222,0.10117586173695359,0.16600109058249934,0.32752613240418116,0.40201005025125625,0.11880203020113089,0.18665111869866857,0.3434343434343434,0.3784722222222222,0.10117586173695359,0.16600109058249934,0.32752613240418116,17.0,-2.0,-2.0,29.0,-6.0,-6.0,36.0,-5.0,-5.0,0.0007933818145980506,0.0003997902047223247,7.314872949789349e-05,-0.0003080533820964959,0.0001462546060908565,-1.7556467044599344e-06,0.9618055555555556,-0.6320672875445783,277,-0.4523289203643799
220,0,test,1.6890767895824177,0.7723997368026672,1.075736851929547,3.5919607677195717,1.6425715921879502,2.287642925622327,5.414479692934826,2.913513704092009,3.5678910914139657,11.514336562190516,6.19582661123364,7.587413966551218,1.65336592472552,0.7496113737757466,1.0397247868536885,2.8506309046991722,1.292433403061632,1.792628942851187,5.224535658554065,2.7556804843976854,3.377390780370976,9.007820100955286,4.7511732489615275,5.823087552363752,1.592375580497429,0.7172956289938203,1.0075403381436563,3.2720046174604707,1.4738951280694936,2.0702883660486084,4.91541202647435,2.516344931153228,3.1207167549629915,10.100161698234965,5.170571776342249,6.41243168828012,0.4522613065326633,-0.0027386934673366836,-0.0027386934673366836,0.3266331658291457,-0.0033668341708542604,-0.0033668341708542604,0.1959798994974874,-0.004020100502512558,-0.004020100502512558,0.37014925373134333,0.11381542362702146,0.17948391112955586,0.3682634730538922,0.371859296482412,0.13627032405133432,0.19322824472949052,0.35858585858585856,0.36454849498327757,0.11246168363102382,0.18323592546158685,0.3489932885906041,16.0,-6.0,-6.0,23.0,-11.0,-11.0,30.0,-13.0,-13.0,-0.00018003436527578212,7.495730869237946e-05,-2.9495876351134623e-05,-0.07714255304488304,-0.0775718362564346,-0.07985603509360839,0.029850746268656716,0.5196660548008056,10,-0.45309174060821533
117,0,test,2.1803326278133746,1.0135399295228393,1.3637195101409922,4.568315982085165,2.1236074713811868,2.857317068866841,8.849249275665674,5.637573985365943,6.5864263461773085,18.54128419663284,11.812059778861979,13.80013139199055,2.28088344877981,0.9987561266424294,1.3971838563466275,4.109699907711369,1.7995605885449177,2.5174483898137434,9.785321422291373,6.1810223413441125,7.365485850224756,17.631209769894365,11.136977191611013,13.27114567608064,2.2549828363451003,1.0031677915521509,1.3867570173310106,4.39282370716578,1.9542229705561383,2.7014747090863844,9.535129651067516,6.0384458120438715,7.152449854953972,18.574927891689967,11.763206127358192,13.93334387328696,0.5728643216080402,-0.0021356783919597166,-0.0021356783919597166,0.4522613065326633,-0.0027386934673366836,-0.0027386934673366836,0.3417085427135679,-0.003291457286432098,-0.003291457286432098,0.3931623931623932,0.12289212289212292,0.1800636639346317,0.37428571428571433,0.42713567839195976,0.1489401896701552,0.21344619592117509,0.4191919191919192,0.40802675585284276,0.12922875919174093,0.1922314277104623,0.3959731543624161,18.0,-4.0,-4.0,32.0,-7.0,-7.0,41.0,-9.0,-9.0,9.505805017150162e-05,0.0003059522471251066,0.00016789673164270346,-0.04938933498539555,-0.04763512289185545,-0.04897482291415578,0.02849002849002849,-0.3547549806522157,10,-0.407024621963501
240,0,test,2.5970287919245716,1.1541586104045871,1.5962502023161567,4.304664161957167,1.9130574227254113,2.645839376441849,13.423793838472156,9.190966456772031,10.703394759901219,22.25039800623467,15.234341661224875,17.741243369151334,2.643188553641472,1.2068805980044701,1.6659738989247086,4.333095989576184,1.9784927836138855,2.731104752335588,14.057956770138578,9.852815218154273,11.40091163280103,23.04583077071898,16.152156095334874,18.690019070165622,2.5970287919245716,1.1541586104045871,1.5962502023161567,4.304664161957167,1.9130574227254113,2.645839376441849,13.423793838472156,9.190966456772031,10.703394759901219,22.25039800623467,15.234341661224875,17.741243369151334,0.6683417085427136,-0.0016582914572863539,-0.0016582914572863539,0.4824120603015075,-0.0025879396984924696,-0.0025879396984924696,0.3517587939698492,-0.0032412060301507672,-0.0032412060301507672,0.37344398340248963,0.07737773081449795,0.13896122478179995,0.39583333333333337,0.3869346733668342,0.08117026233926528,0.14486455650539842,0.4191919191919192,0.37344398340248963,0.07737773081449795,0.13896122478179995,0.39583333333333337,18.0,-7.0,-7.0,28.0,-11.0,-11.0,36.0,-14.0,-14.0,-0.00015039981373693464,9.779898720897086e-06,6.83175430862383e-05,1.765294534639139e-05,-6.285548396256502e-05,-8.431204445269458e-05,0.06224066390041494,-0.3166698231393727,15,-0.43216967582702637
436,0,test,1.9841739122971362,0.8926578838669534,1.1906558965361627,3.893674612841154,1.7517211161905268,2.3365021625575233,7.273036736922961,4.2942501606290335,5.061875076212008,14.272357037510112,8.426888756073105,9.933249477512813,2.1999363473391105,0.9208341872834804,1.3300871810642592,3.859537451472124,1.615498574181545,2.333486282568876,9.02443905159308,5.4310270836132455,6.637888197573721,15.832349213321192,9.528117690549553,11.645417890480214,2.136492142061637,0.9462082228036386,1.331469180669709,4.18920027855223,1.8553102407914484,2.610723883666096,8.469675041112124,5.181660435573038,6.232927184037576,16.607205962964947,10.160118501123602,12.221425851054072,0.5226130653266332,-0.002386934673366814,-0.002386934673366814,0.3919597989949749,-0.0030402010050251116,-0.0030402010050251116,0.29145728643216084,-0.0035427135678391952,-0.0035427135678391952,0.3516483516483516,0.10747825562640378,0.16103251587122547,0.3415977961432507,0.371859296482412,0.09867633908892826,0.16651705942064243,0.38383838383838387,0.3511705685618729,0.09741430812781615,0.16318391672650023,0.3557046979865772,25.0,-16.0,-16.0,29.0,-14.0,-14.0,40.0,-16.0,-16.0,0.0007067548934242019,7.968756752704738e-05,4.591459112881658e-05,-0.060006469901814796,-0.06612463175188488,-0.06676328825942957,0.967032967032967,0.47063439899255993,352,-0.6903539896011353
458,0,test,2.5525876797736076,1.1854955273779941,1.6307375433748341,3.9169017844801908,1.819122447183474,2.502338644144142,12.840287381827423,8.916363464732466,10.326350165099427,19.703199603148974,13.682006006227402,15.845606287824982,2.5804925029898564,1.2076652632185652,1.6560689727508147,3.6419716886168896,1.7044353714928684,2.337288833882355,13.203639390465932,9.25714677197301,10.683224491951176,18.6349236787427,13.065051117890988,15.077742368072938,2.5525876797736076,1.1854955273779941,1.6307375433748341,3.9169017844801908,1.819122447183474,2.502338644144142,12.840287381827423,8.916363464732466,10.326350165099427,19.703199603148974,13.682006006227402,15.845606287824982,0.6414141414141414,0.0014141414141414232,0.0014141414141414232,0.48989898989898994,-0.00010101010101004615,-0.00010101010101004615,0.3434343434343434,-0.001565656565656548,-0.001565656565656548,0.3984962406015038,0.1039371411643556,0.17099624060150376,0.39622641509433965,0.40909090909090906,0.11438058163498965,0.1809029896278218,0.40609137055837563,0.3984962406015038,0.1039371411643556,0.17099624060150376,0.39622641509433965,18.0,0.0,0.0,29.0,0.0,0.0,33.0,-1.0,-1.0,0.00014927505107144496,6.7093498660778336e-06,-1.443911553000188e-05,-0.005830229729248515,-0.005013021011245122,-0.005508922708080455,0.03759398496240601,-0.5193713532024155,10,-0.655689001083374
322,0,test,2.454886316727075,1.1807714341038558,1.6021939597087287,3.7096059897209135,1.784276833756938,2.421093094670968,11.645109619451468,8.069574378731804,9.29915511548786,17.597054536059996,12.194023505639171,14.052056618959433,2.424348216494206,1.1443073032079416,1.5658179243400485,3.367150300686397,1.589315698899919,2.1747471171389563,11.294865212760271,7.698078333830065,8.93517512385473,15.687312795500377,10.691775463652867,12.409965449798236,2.454886316727075,1.1807714341038558,1.6021939597087287,3.7096059897209135,1.784276833756938,2.421093094670968,11.645109619451468,8.069574378731804,9.29915511548786,17.597054536059996,12.194023505639171,14.052056618959433,0.5979899497487438,-0.0020100502512562235,-0.0020100502512562235,0.42713567839195976,-0.002864321608040288,-0.002864321608040288,0.321608040201005,-0.0033919597989949812,-0.0033919597989949812,0.38745387453874536,0.08358647122382823,0.1678219726982546,0.4037037037037037,0.38190954773869346,0.0836639337036057,0.16488116710430278,0.398989898989899,0.38745387453874536,0.08358647122382823,0.1678219726982546,0.4037037037037037,17.0,-5.0,-5.0,28.0,-6.0,-6.0,33.0,-6.0,-6.0,-0.00025598131302543653,-0.0001481661539571817,-1.1763295710040702e-05,-0.015215937421677594,-0.015521374973358704,-0.01592476792534736,0.03690036900369004,0.3398912077176573,10,-0.39071035385131836
367,0,test,2.354525760485959,1.0834115748747566,1.4971673748139593,3.7452105663870223,1.723321335473297,2.381459216078345,10.533132449426908,6.968310225323463,8.176206076907565,16.754456293825257,11.084095797005741,13.0054272100518,2.422003003684419,1.0954458995177867,1.5280638988886124,3.588152598050991,1.6228828141004246,2.2637983687238696,11.268407386921083,7.500359354213858,8.823666587511225,16.693936869512715,11.111643487724233,13.072098648164776,2.354525760485959,1.0834115748747566,1.4971673748139593,3.7452105663870223,1.723321335473297,2.381459216078345,10.533132449426908,6.968310225323463,8.176206076907565,16.754456293825257,11.084095797005741,13.0054272100518,0.5829145728643217,-0.002085427135678275,-0.002085427135678275,0.46733668341708545,-0.002663316582914521,-0.002663316582914521,0.3266331658291457,-0.0033668341708542604,-0.0033668341708542604,0.4095940959409594,0.12230127826140136,0.19364317569556067,0.4185185185185185,0.40703517587939697,0.12132089016511127,0.1933456934086123,0.4292929292929293,0.4095940959409594,0.12230127826140136,0.19364317569556067,0.4185185185185185,17.0,-6.0,-6.0,25.0,-8.0,-8.0,34.0,-12.0,-12.0,0.00015105076313780806,5.4375297915141294e-05,-3.957034575496581e-06,-0.00019024471046957814,0.00021210453193631906,5.782182176528039e-05,0.03690036900369004,-0.3632757116799024,10,-0.5908589363098145
406,0,test,2.5872530000128946,1.199528762241838,1.6374505878975412,4.378428153867976,2.0299717514861877,2.771070225672762,13.29320496804117,9.287481370392367,10.708006163156233,22.496193022838902,15.71727616527939,18.12124119918747,2.5150040887809832,1.169666225302453,1.6003272682509946,3.992069982192037,1.8566130560356395,2.540202013096817,12.366659343570369,8.527175800822079,9.870690867794366,19.62961800566725,13.535199683844567,15.667763282213278,2.5872530000128946,1.199528762241838,1.6374505878975412,4.378428153867976,2.0299717514861877,2.771070225672762,13.29320496804117,9.287481370392367,10.708006163156233,22.496193022838902,15.71727616527939,18.12124119918747,0.6331658291457287,-0.0018341708542712887,-0.0018341708542712887,0.48743718592964824,-0.002562814070351749,-0.002562814070351749,0.38190954773869346,-0.0030904522613065533,-0.0030904522613065533,0.4334600760456274,0.12226463012532385,0.20084313546408505,0.40458015267175573,0.4522613065326633,0.15150942683341517,0.22354678232565162,0.3939393939393939,0.4334600760456274,0.12226463012532385,0.20084313546408505,0.40458015267175573,26.0,-12.0,-12.0,37.0,-11.0,-11.0,47.0,-12.0,-12.0,-0.00014409443982142062,1.4398947675521895e-05,0.00019313180023544245,-0.00013480533558407615,-0.00018378111340844328,8.585827751517172e-05,0.9581749049429658,-0.36380201548894,252,-0.4141113758087158
15,0,test,2.564821636720199,1.2347416479100468,1.6674240038657129,3.941067393009086,1.8972859467886085,2.5621393230131684,12.998339736389916,9.216993895563153,10.545129094177215,19.973058619330846,14.162697937084843,16.203491047150354,2.5055084219218395,1.1805271874336654,1.6052316483911286,3.65767652835305,1.7233973539177596,2.3434038662644214,12.24978544228502,8.487670685956468,9.789501483874947,17.88289845589054,12.390760125483894,14.291243042153205,2.564821636720199,1.2347416479100468,1.6674240038657129,3.941067393009086,1.8972859467886085,2.5621393230131684,12.998339736389916,9.216993895563153,10.545129094177215,19.973058619330846,14.162697937084843,16.203491047150354,0.6381909547738693,-0.0018090452261306789,-0.0018090452261306789,0.46733668341708545,-0.002663316582914521,-0.002663316582914521,0.3266331658291457,-0.0033668341708542604,-0.0033668341708542604,0.36254980079681276,0.09561752988047811,0.1394422310756972,0.33999999999999997,0.3668341708542714,0.09798994974874375,0.1390284757118928,0.33333333333333337,0.36254980079681276,0.09561752988047811,0.1394422310756972,0.33999999999999997,18.0,-8.0,-8.0,26.0,-8.0,-8.0,35.0,-14.0,-14.0,5.340461542536869e-05,0.00015932318875614071,9.94083108255505e-05,-5.164627325804361e-05,-0.00011782167916685182,0.0001279129611404528,0.05179282868525897,0.4080523737183812,13,-0.3546457290649414
464,0,test,3.298081148718228,1.5502172584511564,2.1298733686800904,5.4285186609337295,2.55159983533886,3.505692190684621,27.060663681038044,21.31834034813632,23.844440390518667,44.5408439470502,35.08919374072128,39.24706027010836,3.1861905499849468,1.5047232366319705,2.0642964102422443,4.939830310054181,2.3329042428402644,3.2004595507631692,24.196077904961207,18.822643203046795,21.125412938054314,37.51329907745924,29.18239256286325,32.752578198533826,3.298081148718228,1.5502172584511564,2.1298733686800904,5.4285186609337295,2.55159983533886,3.505692190684621,27.060663681038044,21.31834034813632,23.844440390518667,44.5408439470502,35.08919374072128,39.24706027010836,0.6834170854271358,-0.0015829145728643024,-0.0015829145728643024,0.5125628140703518,-0.0024371859296482556,-0.0024371859296482556,0.4120603015075377,-0.0029396984924623393,-0.0029396984924623393,0.4053030303030303,0.10662628172079969,0.17482444088237536,0.4296577946768061,0.40201005025125625,0.10627070188032894,0.17329552604424459,0.4191919191919192,0.4053030303030303,0.10662628172079969,0.17482444088237536,0.4296577946768061,20.0,0.0,0.0,33.0,0.0,0.0,39.0,0.0,0.0,-9.129432071037416e-06,-0.0004196426378924289,-0.0002533882680056516,-0.000141735257445319,-0.00018927773293242467,8.23537205478786e-05,0.04924242424242424,-0.26500020159580745,13,-0.4988844394683838
279,0,test,2.324389220308724,1.0566590712270176,1.4725062728724494,4.261380237232661,1.9372082972495321,2.69959483359949,10.220435744437987,6.667656620324087,7.876379310267427,18.737465531469645,12.22403713726083,14.440028735490284,2.349507185650648,1.0480406660384927,1.449640652689062,3.7592114970410373,1.6768650656615884,2.3194250443024993,10.480403558591059,6.805721847775329,8.021128701470994,16.768645693745693,10.889154956440526,12.833805922353589,2.3337744756335272,1.0584256294875043,1.466557774164534,4.243226319333686,1.924410235431826,2.666468680299152,10.316808678325216,6.736858634251044,7.936532073443125,18.757833960591302,12.248833880456445,14.430058315351136,0.5628140703517588,-0.0021859296482411583,-0.0021859296482411583,0.44221105527638194,-0.0027889447236180143,-0.0027889447236180143,0.31658291457286436,-0.003417085427135591,-0.003417085427135591,0.4104234527687296,0.1274966235004369,0.20132269437219652,0.37254901960784315,0.4120603015075377,0.126346015793252,0.20671806444576812,0.35858585858585856,0.4046822742474916,0.12087593034098076,0.19333633431423236,0.3691275167785235,19.0,-6.0,-6.0,31.0,-7.0,-7.0,36.0,-7.0,-7.0,0.00033181107417360237,0.00014801598399969576,0.00014863109807841752,-0.004200085380603014,-0.0051718355382863734,-0.004882397346843703,0.03257328990228013,0.47655691306186854,10,-0.29811668395996094
386,0,test,2.363240749710279,1.1365090563441835,1.5207390940486412,4.508138604066891,2.1680145585696113,2.9009751196253974,10.625329750927225,7.2152635892244055,8.30316076729848,20.268971427040523,13.763899564226993,15.839181681096559,2.289953097576145,1.0839637920843361,1.4841321026032084,3.914449739446402,1.8529295591185235,2.5369779531678773,9.874474533521978,6.534412747949822,7.635940964110802,16.879443647046116,11.169936321281746,13.052890536941542,2.288178746694575,1.0987145945792138,1.492148285048601,4.317318389989763,2.0730464048664405,2.815374122733209,9.85696928574697,6.571648982045074,7.6402452163210555,18.598055256126358,12.399337701971836,14.415557011926518,0.5829145728643217,-0.002085427135678275,-0.002085427135678275,0.42211055276381915,-0.0028894472361808976,-0.0028894472361808976,0.3015075376884422,-0.0034924623115578646,-0.0034924623115578646,0.4085714285714286,0.11613205624617895,0.18569752827817343,0.3868194842406877,0.3919597989949749,0.11125804460901001,0.18327866376959923,0.3484848484848485,0.39799331103678925,0.11418696713027843,0.18887206520809074,0.3691275167785235,21.0,1.0,1.0,33.0,0.0,0.0,43.0,0.0,0.0,0.0004672735779135984,-0.0001434948946850289,0.00013597916504671557,-0.03282683748866955,-0.033392908890584216,-0.03295115698373152,0.03142857142857143,0.5676117911550976,11,-0.4264373779296875
417,0,test,2.210391341902005,1.0090266331970887,1.403922712697116,4.195772786724165,1.9153379803801025,2.664931137275364,9.119284452951835,5.794633444600136,6.8793006630161955,17.31025851248941,10.999394023582294,13.058313234587626,2.3424936116737056,1.0330045373190926,1.4478484007549355,3.840153461760173,1.6934500611788401,2.373521968450714,10.407155638035935,6.702875021364852,7.960687982578489,17.06091088202612,10.988319707155494,13.050308168161456,2.1500536061587345,0.9581433601761846,1.3244427763478133,4.108382686927518,1.8308471850500343,2.530782375186904,8.585318610794879,5.291952268575482,6.302043578882699,16.40506740916219,10.11201070428436,12.04212148831089,0.5577889447236181,-0.00221105527638199,-0.00221105527638199,0.4522613065326633,-0.0027386934673366836,-0.0027386934673366836,0.36180904522613067,-0.0031909547738693256,-0.0031909547738693256,0.379746835443038,0.12066310716499695,0.1839573617588275,0.38095238095238093,0.4120603015075377,0.13386481278573314,0.20838751352757112,0.4191919191919192,0.38795986622073575,0.130864707623073,0.19552382617624187,0.37583892617449666,20.0,-10.0,-10.0,32.0,-15.0,-15.0,39.0,-17.0,-17.0,0.00097688891106304,-2.396092453885436e-06,4.105381528661426e-06,-0.045311304595366586,-0.045248468665868735,-0.04417588690558283,0.04113924050632911,-0.551331829681887,13,-0.36832547187805176
462,0,test,2.7707113994076535,1.3491988203982774,1.8214782280802004,4.719147157700777,2.297990248936421,3.1023887239559538,15.969991011778827,11.826608114954055,13.38626338873038,27.200500820062,20.143384144179812,22.799829255644003,2.716852526000266,1.2937235328522694,1.76129594637267,4.528087543333776,2.1562058880871153,2.93549324395445,15.13261768918725,10.982531953844287,12.532500336578522,25.22102948197875,18.304219923073813,20.887500560964206,2.7707113994076535,1.3491988203982774,1.8214782280802004,4.719147157700777,2.297990248936421,3.1023887239559538,15.969991011778827,11.826608114954055,13.38626338873038,27.200500820062,20.143384144179812,22.799829255644003,0.6733668341708543,-0.001633165829145744,-0.001633165829145744,0.49246231155778897,-0.002537688442211028,-0.002537688442211028,0.37688442211055273,-0.003115577889447274,-0.003115577889447274,0.41825095057034223,0.10705550465003866,0.18689823249196047,0.4007633587786259,0.4120603015075377,0.09877709348748753,0.17666798097331404,0.3787878787878788,0.41825095057034223,0.10705550465003866,0.18689823249196047,0.4007633587786259,20.0,-7.0,-7.0,28.0,-2.0,-2.0,38.0,-8.0,-8.0,1.5937738935105633e-05,0.00027852107184779285,0.0001107603866404114,-0.00013480533558407615,-0.00018378111340844328,8.585827751517172e-05,0.049429657794676805,-0.3580292381892022,13,-0.8330395221710205
294,0,test,2.239086671664174,1.0823764318586973,1.4655852606021953,4.188767583045223,2.024853869123413,2.7417411337796165,9.384756008428917,6.205299605179178,7.217414270489243,17.556516342298995,11.608553683158327,13.501965472003686,2.2967915413722784,1.097258016023182,1.4843637384224642,3.8279859022871308,1.8287633600386366,2.4739395640374404,9.942231986349926,6.623663452825635,7.688859891827809,16.570386643916542,11.039439088042723,12.81476648637968,2.239086671664174,1.0823764318586973,1.4655852606021953,4.188767583045223,2.024853869123413,2.7417411337796165,9.384756008428917,6.205299605179178,7.217414270489243,17.556516342298995,11.608553683158327,13.501965472003686,0.5728643216080402,-0.0021356783919597166,-0.0021356783919597166,0.40201005025125625,-0.002989949748743781,-0.002989949748743781,0.2864321608040201,-0.003567839195979916,-0.003567839195979916,0.35766423357664234,0.08261869623602303,0.14892636949897242,0.2857142857142857,0.36180904522613067,0.07860102517600531,0.149789011837149,0.2727272727272727,0.35766423357664234,0.08261869623602303,0.14892636949897242,0.2857142857142857,22.0,-8.0,-8.0,28.0,-5.0,-5.0,36.0,-8.0,-8.0,0.00018178692348592214,0.0007218626408773832,0.00030311402766637716,-0.009562092559175284,-0.010288502380075393,-0.010351014281565263,0.948905109489051,-0.39121375962108984,260,-0.3144187927246094
17,0,test,1.8781368745111138,0.8240089693443138,1.1505342400443288,3.3400380092657103,1.4653997346717795,2.046085216078833,6.541306227563108,3.671834616532485,4.471194388259674,11.632917561450068,6.529911291022636,7.951475425607744,2.207502481725526,0.99940662119155,1.3809512688008905,3.3961576641931166,1.5375486479869998,2.1245404135398314,9.092978131195352,5.745872905535182,6.807554936109315,13.989197124915925,8.839804470054126,10.473161440168177,1.9485417945079644,0.8821145446385839,1.218553810022145,3.3213780588203936,1.5036043374521313,2.0770803579922923,7.018445778898029,4.1134636168054675,4.943390104234582,11.963259850394367,7.011585710463866,8.426233132218037,0.592964824120603,-0.0020351758793969443,-0.0020351758793969443,0.42211055276381915,-0.0028894472361808976,-0.0028894472361808976,0.3065326633165829,-0.0034673366834171437,-0.0034673366834171437,0.375,0.09950532724505323,0.1660750507099391,0.35779816513761464,0.4120603015075377,0.11882721880077074,0.19002357362773803,0.4292929292929293,0.36789297658862874,0.0924338780911329,0.16099642486449084,0.3657718120805369,19.0,-10.0,-10.0,30.0,-18.0,-18.0,37.0,-21.0,-21.0,0.0007444782114791849,3.796220157549291e-05,0.00045833995703698573,-0.03727210469696285,-0.03321341231214259,-0.03992058601869619,0.06707317073170732,-0.2141985623567023,22,-0.5006692409515381
84,0,test,2.2933931976993827,1.0384175506737572,1.4370261104442545,4.2465577342016045,1.9227841460277815,2.6608670286797467,9.908502210331473,6.400749261246748,7.553911097533026,18.347061785064323,11.851936818901946,13.98718703224522,2.4974099508079175,1.0684937867046904,1.536167075102246,3.783954470921087,1.6189299798555914,2.3275258713670395,12.15098152905345,7.976808907843198,9.536037023500928,18.410578074323407,12.086074102792722,14.448540944698374,2.353717486791071,1.0734719322597785,1.4920202768137516,4.129328924194862,1.8832840916838225,2.617579433006582,10.524622235297691,6.927099230104151,8.157447356190351,18.464249535609987,12.152805666849389,14.311311151211145,0.5728643216080402,-0.0021356783919597166,-0.0021356783919597166,0.4371859296482412,-0.002814070351758735,-0.002814070351758735,0.371859296482412,-0.003140703517587995,-0.003140703517587995,0.38095238095238093,0.1253803155734805,0.18689297501178692,0.36716417910447763,0.39698492462311563,0.14134582687875474,0.19164268756134606,0.40909090909090906,0.37792642140468224,0.1191618137252165,0.17992864609878678,0.3791946308724832,24.0,-15.0,-15.0,35.0,-26.0,-26.0,43.0,-28.0,-28.0,0.0007892291751833289,0.00018801534218079876,0.00035602460651659794,-0.07715076682203126,-0.07842811105415226,-0.07964551555543586,0.03273809523809524,-0.5459129203477524,11,-0.3994162082672119
66,0,test,2.1162719444432585,0.9730883757363249,1.3463614342283807,3.7528555814793783,1.7256100529724159,2.3875476100316617,8.30013636713809,5.1633978581324715,6.14056338172324,14.718908491058214,9.15642553508825,10.889265730255879,2.2620206550864044,1.004222343968338,1.4154739763974287,3.5070087675758206,1.5569338666175783,2.1945332967401994,9.602472861918393,6.084804717489418,7.270891627726132,14.887554824679679,9.433805763549486,11.27270019802501,2.1162719444432585,0.9730883757363249,1.3463614342283807,3.7528555814793783,1.7256100529724159,2.3875476100316617,8.30013636713809,5.1633978581324715,6.14056338172324,14.718908491058214,9.15642553508825,10.889265730255879,0.6231155778894473,-0.0018844221105527303,-0.0018844221105527303,0.42211055276381915,-0.0028894472361808976,-0.0028894472361808976,0.29648241206030146,-0.0035175879396985854,-0.0035175879396985854,0.36226415094339626,0.08354475357993107,0.1502189815582018,0.33712121212121215,0.38190954773869346,0.09118273069608696,0.1582033707770908,0.36868686868686873,0.36226415094339626,0.08354475357993107,0.1502189815582018,0.33712121212121215,19.0,-8.0,-8.0,28.0,-14.0,-14.0,35.0,-15.0,-15.0,0.00021205201217424578,0.00025450396999987827,3.8715044306567466e-05,-0.018153807875011196,-0.01997665051111852,-0.017789341471690534,0.03773584905660377,-0.5042292391566712,10,-0.5705018043518066
207,0,test,2.4577438415611943,1.1202430633239477,1.5549639086842553,4.626341348821072,2.108692825080372,2.9269908869350685,11.678433398472857,7.868922612596164,9.211983243010705,21.982933455948906,14.812089623710428,17.34020375154956,2.5177889489748293,1.1464095187119714,1.5751638903420595,4.0939657706907795,1.864080518230848,2.56124209811717,12.40114675993487,8.460363776750464,9.834436412230659,20.164466276316862,13.756689067886933,15.990953515822213,2.4577438415611943,1.1202430633239477,1.5549639086842553,4.626341348821072,2.108692825080372,2.9269908869350685,11.678433398472857,7.868922612596164,9.211983243010705,21.982933455948906,14.812089623710428,17.34020375154956,0.6080402010050252,-0.001959798994974782,-0.001959798994974782,0.48743718592964824,-0.002562814070351749,-0.002562814070351749,0.3316582914572864,-0.0033417085427135396,-0.0033417085427135396,0.3921568627450981,0.10644257703081239,0.166602755835059,0.38188976377952755,0.4120603015075377,0.1213334844649312,0.19002357362773803,0.40909090909090906,0.3921568627450981,0.10644257703081239,0.166602755835059,0.38188976377952755,24.0,-15.0,-15.0,33.0,-19.0,-19.0,42.0,-20.0,-20.0,0.0001278262397652206,5.582329379224596e-06,0.0001376456309451674,-0.018781482127952387,-0.016656987094502362,-0.016638907210801968,0.9568627450980393,0.68841324268698,244,-0.4792654514312744
426,0,test,2.4901044665748486,1.1831443357813425,1.61550950877462,4.0146582216206745,1.907518418912777,2.6045969631264283,12.062536186465568,8.367611650921543,9.66463234147232,19.44776242307714,13.490639192302078,15.581754183190068,2.4439185092821787,1.142082195264754,1.5675155550983106,3.8186226707534043,1.7845034301011782,2.4492430548411104,11.518086157239322,7.842045318402307,9.11584298920788,17.99700962068644,12.253195810003604,14.243504670637314,2.4901044665748486,1.1831443357813425,1.61550950877462,4.0146582216206745,1.907518418912777,2.6045969631264283,12.062536186465568,8.367611650921543,9.66463234147232,19.44776242307714,13.490639192302078,15.581754183190068,0.6231155778894473,-0.0018844221105527303,-0.0018844221105527303,0.4623115577889447,-0.002688442211055242,-0.002688442211055242,0.3316582914572864,-0.0033417085427135396,-0.0033417085427135396,0.3813559322033898,0.08836230163014136,0.16180918999375804,0.3531914893617021,0.3869346733668342,0.09222434591091477,0.16676660613994343,0.3484848484848485,0.3813559322033898,0.08836230163014136,0.16180918999375804,0.3531914893617021,18.0,-6.0,-6.0,30.0,-12.0,-12.0,37.0,-10.0,-10.0,6.833393818530002e-05,6.719680836053798e-05,-1.6985434949117146e-05,5.230255464905298e-05,-3.5372386360421615e-05,-6.165916468603427e-05,0.0423728813559322,-0.25912275141890173,10,-0.4598512649536133
384,0,test,2.307510587920864,1.0679620584493243,1.4523893101165575,3.8939241171164585,1.802185973633235,2.450906960821691,10.04937645117332,6.595322741929417,7.697716883783373,16.958322761354978,11.129607127005894,12.989897241384442,2.4105555059194277,1.0862585768200343,1.5241171354293694,3.7664929779991057,1.6972790262813038,2.3814330241083894,11.14014784460308,7.3806066430263755,8.713675796200855,17.406481007192312,11.532197879728711,13.615118431563836,2.2524847259960277,1.0153504912771563,1.424657482012714,3.8394626011295925,1.7307110646769708,2.4283934352489442,9.511339572499113,6.065614908569966,7.2229982450160914,16.21251063494167,10.339116321426078,12.311928826731975,0.5577889447236181,-0.00221105527638199,-0.00221105527638199,0.4321608040201005,-0.002839195979899567,-0.002839195979899567,0.31155778894472363,-0.003442211055276312,-0.003442211055276312,0.3771428571428571,0.1003953535765233,0.16306661080854623,0.3581661891117478,0.3668341708542714,0.09365121346078764,0.16149193379250182,0.3535353535353535,0.3745819397993311,0.10246173946544124,0.16546069397063257,0.34563758389261745,18.0,-8.0,-8.0,26.0,-9.0,-9.0,34.0,-12.0,-12.0,0.0006849830705634563,-0.00018452285275203138,0.00022079344981674017,-0.0029090598870871176,-0.0043319991843500105,-0.004040815983636037,0.9628571428571429,0.3905043402905433,337,-0.7230634689331055
70,0,test,2.5881333886578473,1.1973678818527504,1.6566164626194582,4.2158902368703295,1.9504294427664295,2.6985136089210036,13.304913307938564,9.28698868325472,10.766556549844935,21.672783312931372,15.127862068949511,17.537975763583887,2.631648694336292,1.1955536349203224,1.6662557178859232,4.080075495095026,1.8535715270082522,2.5833421982727494,13.896662374149532,9.692415985618712,11.27084303523857,21.545212983177567,15.027001528091027,17.47417524843189,2.5881333886578473,1.1973678818527504,1.6566164626194582,4.2158902368703295,1.9504294427664295,2.6985136089210036,13.304913307938564,9.28698868325472,10.766556549844935,21.672783312931372,15.127862068949511,17.537975763583887,0.6532663316582914,-0.0017336683417086274,-0.0017336683417086274,0.49246231155778897,-0.002537688442211028,-0.002537688442211028,0.3668341708542714,-0.0031658291457286047,-0.0031658291457286047,0.40697674418604646,0.10523593180693624,0.17888396068089185,0.38521400778210113,0.4120603015075377,0.10128335915164799,0.17666798097331404,0.38888888888888884,0.40697674418604646,0.10523593180693624,0.17888396068089185,0.38521400778210113,19.0,-6.0,-6.0,29.0,-10.0,-10.0,42.0,-15.0,-15.0,-0.0002943371993425523,0.00011925710165743636,8.86847332003518e-05,-0.00010015572628230274,-0.00015629801580718805,0.00010338106235963096,0.9573643410852714,-0.4034049991918112,247,-0.6403460502624512
301,0,test,1.9990951681178473,0.928680813604295,1.237412322133391,3.5474139747973563,1.6479532084546802,2.1958002971190567,7.382373269267942,4.465785518331579,5.240495629752962,13.100093742524484,7.924580184490351,9.299310872404764,1.9948196218745755,0.8895793424928873,1.2534723834531383,3.4393441756458203,1.5337574870567026,2.161159281815756,7.350876970890318,4.330926957531999,5.252115828572176,12.67392581187986,7.467115444020689,9.05537211822789,1.9818069697528697,0.899255469709362,1.2567036511576704,3.4768543328997716,1.5776411749287051,2.2047432476450357,7.255842234072052,4.303639739690061,5.190897797968247,12.729547779073776,7.550245157350984,9.106838242049557,0.4321608040201005,-0.002839195979899567,-0.002839195979899567,0.3517587939698492,-0.0032412060301507672,-0.0032412060301507672,0.2814070351758794,-0.003592964824120637,-0.003592964824120637,0.3545706371191135,0.10284172978854644,0.15613466448959246,0.3222222222222222,0.3517587939698492,0.12368861853125268,0.18314443670774572,0.297979797979798,0.3511705685618729,0.11577824802764924,0.17097034609246242,0.3087248322147651,19.0,-4.0,-4.0,29.0,-6.0,-6.0,34.0,-5.0,-5.0,4.682865690113127e-05,0.0005232374332037127,0.00015936100436849594,-0.06226448682408581,-0.06391920669138074,-0.057997494741289124,0.027700831024930747,0.8729728630488839,10,-0.8874297142028809
486,0,test,2.0826816889655753,0.96878658063306,1.2232405148050627,4.365835412163131,2.030825345498179,2.564226105901522,8.025963217896228,4.979762620435068,5.6641227505262846,16.82447904500172,10.438860680270302,11.873455177573817,2.5352379631622446,1.1408847364381702,1.5835984265043854,4.122338151483325,1.8550971324197891,2.574956791064041,12.619433451058025,8.587067748383813,10.029480948771283,20.519403985460205,13.962711785989939,16.308099103693145,2.1623129041141045,0.9728198222485276,1.3608348478887675,4.105657412874883,1.8471262447756858,2.583863635231838,8.691216379555023,5.4058010309825555,6.462383544226064,16.50230958143359,10.264179172751689,12.270348501695059,0.6080402010050252,-0.001959798994974782,-0.001959798994974782,0.46733668341708545,-0.002663316582914521,-0.002663316582914521,0.3668341708542714,-0.0031658291457286047,-0.0031658291457286047,0.36828644501278773,0.10902718575352843,0.15518771578502621,0.3487179487179487,0.40703517587939697,0.11881462450095082,0.1900067952450063,0.43434343434343436,0.38795986622073575,0.125856360377664,0.18884974386256004,0.3691275167785235,18.0,-8.0,-8.0,28.0,-13.0,-13.0,35.0,-13.0,-13.0,-0.00027743062337060996,0.000619046108493748,-2.2114315642267835e-05,-0.07966772153628465,-0.08986335163447201,-0.08327987828157113,0.02557544757033248,-0.7568964861037373,10,-0.4572634696960449
224,0,test,1.939211178723893,0.9259095006442772,1.182731854799067,3.983244583324753,1.9018681634855423,2.4293951612088938,6.953263924250491,4.198582837057836,4.822502645085805,14.282379952514521,8.624116097740421,9.905681108824895,2.2710756631016915,1.065141960903242,1.458569614241622,3.5210475396925447,1.6513828851213053,2.261348239134297,9.689818190164107,6.349942117864071,7.436269771593082,15.022973938238925,9.84487150056445,11.529100421074546,2.078210396276553,0.987110951218382,1.3473460547337934,3.848537770882505,1.8279832429970035,2.4950852865440614,7.990156897162422,5.012610975388988,5.913281935758988,14.796586846597078,9.282612917387015,10.950522103257386,0.5376884422110553,-0.0023115577889447625,-0.0023115577889447625,0.40201005025125625,-0.002989949748743781,-0.002989949748743781,0.31155778894472363,-0.003442211055276312,-0.003442211055276312,0.3641160949868074,0.12037432950591154,0.16274757103763826,0.30687830687830686,0.3668341708542714,0.10367627611742924,0.1681697301197138,0.31818181818181823,0.3712374581939799,0.10913395235090817,0.1743520299403648,0.3120805369127517,17.0,-5.0,-5.0,24.0,-4.0,-4.0,34.0,-7.0,-7.0,0.0005831594262280735,0.0004753382266378134,0.00032059562686849387,-0.06843090171609578,-0.07469268306315602,-0.07594359732217626,0.04221635883905013,0.27375304896508734,16,-0.334458589553833
253,0,test,2.1789613873057565,1.0440552237539102,1.4062955226258675,3.5198607025708375,1.686550746064009,2.2717081519340936,8.83712314241949,5.726241527292272,6.671591562686821,14.27535276852379,9.250082467164438,10.777186370494096,2.3046550355726074,1.086761762644791,1.4868291692696238,3.439783635182996,1.6220324815593892,2.2191480138352593,10.020720863886337,6.6406614989618475,7.755152034282185,14.956299796845279,9.911435073077385,11.574853782510724,2.1789613873057565,1.0440552237539102,1.4062955226258675,3.5198607025708375,1.686550746064009,2.2717081519340936,8.83712314241949,5.726241527292272,6.671591562686821,14.27535276852379,9.250082467164438,10.777186370494096,0.6733668341708543,-0.001633165829145744,-0.001633165829145744,0.48743718592964824,-0.002562814070351749,-0.002562814070351749,0.33668341708542715,-0.0033165829145728187,-0.0033165829145728187,0.40808823529411764,0.10477941176470584,0.19117647058823528,0.3579335793357934,0.4371859296482412,0.11306532663316582,0.1993299832495813,0.3787878787878788,0.40808823529411764,0.10477941176470584,0.19117647058823528,0.3579335793357934,17.0,-6.0,-6.0,26.0,-13.0,-13.0,37.0,-15.0,-15.0,0.00044319322459782464,0.0003749808597620215,0.00011470028125121945,-0.004849010114553742,-0.005016396657112843,-0.004747071924046331,0.04044117647058824,0.3104733223435491,11,-0.6757783889770508
306,0,test,2.467515916144287,1.211507440106574,1.6293029845269862,4.201023933182362,2.0626297556244837,2.773939891378223,11.793115348327012,8.281737618662188,9.480884181144887,20.07815208037953,14.09992037607676,16.141505346379585,2.596463400279865,1.2332321390324208,1.6819969698151733,3.9340354549694925,1.8685335439885162,2.548480257295717,13.416206282768046,9.507403000445267,10.920762878725766,20.32758527692128,14.405156061280707,16.546610422311765,2.467515916144287,1.211507440106574,1.6293029845269862,4.201023933182362,2.0626297556244837,2.773939891378223,11.793115348327012,8.281737618662188,9.480884181144887,20.07815208037953,14.09992037607676,16.141505346379585,0.6231155778894473,-0.0018844221105527303,-0.0018844221105527303,0.4623115577889447,-0.002688442211055242,-0.002688442211055242,0.3417085427135679,-0.003291457286432098,-0.003291457286432098,0.3805970149253731,0.09195641902220741,0.15603125810155183,0.36704119850187267,0.3869346733668342,0.10122038765254848,0.1665673945688375,0.38383838383838387,0.3805970149253731,0.09195641902220741,0.15603125810155183,0.36704119850187267,16.0,-6.0,-6.0,21.0,-3.0,-3.0,31.0,-10.0,-10.0,0.0005195838976120062,0.00035687489884282436,5.7286984982432856e-05,-0.00016945494488584956,0.00022372510708557058,6.833549267337702e-05,0.04477611940298507,0.14886119939529607,12,-0.28533411026000977
182,0,test,2.411781168475181,1.1059135226070218,1.5399319293491924,4.3835752318907,2.0100725512249245,2.7989303310468423,11.153810277737756,7.462920187362576,8.762481371513969,20.272803815617948,13.564361691895492,15.926401952278766,2.4430092482312675,1.0698504083215006,1.5226780617219307,4.038031815258294,1.7683477823495881,2.5168232425155885,11.507617969994193,7.559816477002997,8.997496399302412,19.020856148750735,12.495564424798344,14.87189487488002,2.411781168475181,1.1059135226070218,1.5399319293491924,4.3835752318907,2.0100725512249245,2.7989303310468423,11.153810277737756,7.462920187362576,8.762481371513969,20.272803815617948,13.564361691895492,15.926401952278766,0.6381909547738693,-0.0018090452261306789,-0.0018090452261306789,0.5175879396984925,-0.002412060301507535,-0.002412060301507535,0.33668341708542715,-0.0033165829145728187,-0.0033165829145728187,0.417910447761194,0.11809666750048642,0.1958260805155364,0.37827715355805247,0.4170854271356784,0.10881475044394906,0.18336255568325777,0.3787878787878788,0.417910447761194,0.11809666750048642,0.1958260805155364,0.37827715355805247,21.0,-10.0,-10.0,35.0,-18.0,-18.0,42.0,-21.0,-21.0,-1.9821655775816217e-05,0.00033197256612243033,0.0001552346622753472,-0.00952051302801138,-0.010265261229777778,-0.011100199136706124,0.9365671641791045,0.20333584540880245,251,-0.717376708984375
284,0,test,1.8265260027557897,0.8810726443872526,1.090295690220291,3.093435528071508,1.4921996275154321,1.8465433391815993,6.212267727248738,3.638287677744516,4.124218361093629,10.521202363595737,6.161865939329012,6.984846415809637,1.740157918236562,0.7845602635003683,1.0971325287979052,2.521967997444293,1.1370438601454613,1.59004714318537,5.698243208142785,3.0980190532379903,3.796016047628696,8.258323490062008,4.48988268585216,5.501472532795211,1.7823481025625856,0.8340865644415504,1.1479032714355717,2.814233846151451,1.3169787859603426,1.8124788496351134,5.943796689831643,3.362578283121726,4.0578218735804015,9.384942141839437,5.309334131244831,6.40708716881116,0.4623115577889447,-0.002688442211055242,-0.002688442211055242,0.3316582914572864,-0.0033417085427135396,-0.0033417085427135396,0.24623115577889443,-0.0037688442211055717,-0.0037688442211055717,0.36523929471032746,0.11869841420718286,0.15996070233496085,0.3712121212121212,0.3517587939698492,0.10363849321796947,0.16811939497151862,0.3484848484848485,0.3712374581939799,0.12248954500533216,0.1865878475154482,0.3691275167785235,17.0,-7.0,-7.0,26.0,-11.0,-11.0,32.0,-14.0,-14.0,6.793910802541233e-05,-0.0002434601061191059,2.4352290222844194e-05,-0.0109799713241161,-0.014901783990675987,-0.012780708832381471,0.0327455919395466,0.2797682883562826,13,-0.9070237874984741
410,0,test,2.2109084302742232,1.0447351868504444,1.43188221913505,3.8293512027625436,1.809508656963188,2.480057438371165,9.124001148274465,5.9143147297919905,6.944652142197637,15.803008524789105,10.243747734607041,12.028319069819437,2.220931978066161,1.0234925946109414,1.4200286401073532,3.6112715090506686,1.6642156009934008,2.308989658711144,9.21591589620572,5.9042896444765365,6.988363643797818,14.985229099521497,9.600470966628514,11.36319291674442,2.2109084302742232,1.0447351868504444,1.43188221913505,3.8293512027625436,1.809508656963188,2.480057438371165,9.124001148274465,5.9143147297919905,6.944652142197637,15.803008524789105,10.243747734607041,12.028319069819437,0.6030150753768844,-0.0019849246231156137,-0.0019849246231156137,0.44221105527638194,-0.0027889447236180143,-0.0027889447236180143,0.2864321608040201,-0.003567839195979916,-0.003567839195979916,0.3939393939393939,0.10849515953485711,0.16975803373788256,0.3307984790874525,0.40703517587939697,0.11129582750846967,0.17331230442697632,0.3282828282828283,0.3939393939393939,0.10849515953485711,0.16975803373788256,0.3307984790874525,16.0,0.0,0.0,26.0,0.0,0.0,34.0,0.0,0.0,0.0002406437185658532,0.0001883616587006889,0.00018177037976877737,-0.004817264299008528,-0.005433770901363211,-0.005501913594141428,0.9545454545454546,0.461090799659988,252,-0.4587104320526123
285,0,test,2.5631724255721635,1.2144871788108924,1.5979228335494002,4.644163899799069,2.200506472498944,2.895246322173666,12.976920396952268,9.1245630964988,10.351477532653268,23.51263794695312,16.532624224349313,18.75564741064899,2.7420015673290794,1.2746761899787626,1.7586035569640361,4.218463949737045,1.9610402922750194,2.705543933790825,15.518014382978587,11.180396262234797,12.844488891145788,23.873868281505516,17.20060963420738,19.760752140224287,2.6742060346387846,1.2775199115845168,1.7413279160811368,4.6643128511141585,2.2282324039264823,3.0371998536298888,14.50083210945287,10.459048334206834,11.959017806470653,25.29214902811547,18.242526164314246,20.858751988030207,0.6482412060301508,-0.0017587939698492372,-0.0017587939698492372,0.5025125628140703,-0.0024874371859296973,-0.0024874371859296973,0.3869346733668342,-0.0030653266331658324,-0.0030653266331658324,0.40273972602739727,0.12230196952944927,0.17888830862759275,0.35439560439560436,0.4371859296482412,0.1464591126056347,0.20847140544122955,0.36363636363636365,0.4280936454849499,0.13760950525122706,0.21007362323800882,0.37248322147651003,13.0,0.0,0.0,23.0,0.0,0.0,30.0,0.0,0.0,0.0008688112379825992,0.00016272140765382007,0.0002869421887272886,-0.008531636860261926,-0.010640993158604672,-0.010262996876570618,0.030136986301369864,0.4239673314383577,11,-0.37058067321777344
119,0,test,2.3683231651255356,1.1002384427620027,1.502269721460908,3.9381830917230336,1.829539353392816,2.4980599368292813,10.679469554591737,7.125430486566172,8.30196021521318,17.75843223077826,11.848572980518608,13.80497384358306,2.338949912895333,1.0125159698678092,1.4468207367337333,3.5709158975501265,1.5458259081951282,2.2088866209675313,10.370341081690082,6.6027570974938214,7.930021086779144,15.832581804106995,10.080545187013469,12.106902422563579,2.3683231651255356,1.1002384427620027,1.502269721460908,3.9381830917230336,1.829539353392816,2.4980599368292813,10.679469554591737,7.125430486566172,8.30196021521318,17.75843223077826,11.848572980518608,13.80497384358306,0.592964824120603,-0.0020351758793969443,-0.0020351758793969443,0.4623115577889447,-0.002688442211055242,-0.002688442211055242,0.3517587939698492,-0.0032412060301507672,-0.0032412060301507672,0.43103448275862066,0.1384355154608582,0.21773173046504268,0.4325259515570934,0.42713567839195976,0.1389151270135136,0.21511564500297808,0.4242424242424242,0.43103448275862066,0.1384355154608582,0.21773173046504268,0.4325259515570934,20.0,-11.0,-11.0,32.0,-21.0,-21.0,42.0,-29.0,-29.0,-1.5407073216431548e-05,8.954222655981266e-05,3.156677236337544e-05,-0.012428928262466776,-0.009917567284115414,-0.010587608489852407,0.04482758620689655,-0.35676203352803454,13,-0.6087558269500732
304,0,test,2.891281812087675,1.4062671202002854,1.8984150453814674,4.221626204152556,2.0533225436053244,2.7719189006183385,18.0163884314965,13.601358154066759,15.317427748432882,26.306137709792438,19.859651783238583,22.365323951699544,2.7589417182035736,1.319472910304441,1.7851047969917375,4.057267232652314,1.9404013386830012,2.625154113223143,15.783131106560502,11.564676694481104,13.13504561943364,23.2104869214125,17.006877491883973,19.316243557990646,2.891281812087675,1.4062671202002854,1.8984150453814674,4.221626204152556,2.0533225436053244,2.7719189006183385,18.0163884314965,13.601358154066759,15.317427748432882,26.306137709792438,19.859651783238583,22.365323951699544,0.6683417085427136,-0.0016582914572863539,-0.0016582914572863539,0.4974874371859297,-0.002512562814070307,-0.002512562814070307,0.36180904522613067,-0.0031909547738693256,-0.0031909547738693256,0.4092827004219409,0.09770375305351986,0.18207372426485813,0.3813559322033898,0.39698492462311563,0.08871424793138627,0.16660095133430097,0.3535353535353535,0.4092827004219409,0.09770375305351986,0.18207372426485813,0.3813559322033898,21.0,0.0,0.0,31.0,0.0,0.0,41.0,0.0,0.0,0.00014192643732963142,-3.501498286739184e-05,-0.00019150687668505043,4.537263278781012e-05,-4.0869005880850295e-05,-6.618974063954397e-05,0.9535864978902954,0.5014397378163428,226,-0.27811765670776367
24,0,test,2.299041869685664,1.0528883597955336,1.4526314708329315,3.5565288591822424,1.6287775731643614,2.2471647062608886,9.964630465000283,6.487687289618396,7.6333669566665,15.414897956906515,10.036201332006359,11.808523468876354,2.314833755416525,1.030426424471393,1.4496736204147254,3.2834521353425887,1.4615977652076495,2.0562746388861353,10.123239845054782,6.510713554966593,7.747853407020791,14.359205453978415,9.235054687895879,10.989862988681974,2.299041869685664,1.0528883597955336,1.4526314708329315,3.5565288591822424,1.6287775731643614,2.2471647062608886,9.964630465000283,6.487687289618396,7.6333669566665,15.414897956906515,10.036201332006359,11.808523468876354,0.6432160804020101,-0.001783919597989958,-0.001783919597989958,0.4522613065326633,-0.0027386934673366836,-0.0027386934673366836,0.321608040201005,-0.0033919597989949812,-0.0033919597989949812,0.3906810035842294,0.09318996415770608,0.1600955794504182,0.39568345323741005,0.40703517587939697,0.10301507537688437,0.16917922948073705,0.4191919191919192,0.3906810035842294,0.09318996415770608,0.1600955794504182,0.39568345323741005,15.0,-3.0,-3.0,27.0,-12.0,-12.0,33.0,-8.0,-8.0,6.708264345544796e-05,-0.0002723594164373481,6.067705048189422e-05,-0.004921213126914736,-0.004062336801190725,-0.004784269751719528,0.05734767025089606,-0.1812270477942938,16,-0.3852548599243164
293,0,test,2.1582416400906306,0.9510360635455217,1.3335362416948637,3.929488227475355,1.7315415225932256,2.427955640051338,8.655904074622711,5.311777397080416,6.37469545601493,15.759715004830317,9.671098157442966,11.606342071640977,2.1616401870244477,0.9451994427345798,1.328001859344704,3.4865164306845933,1.5245152302170644,2.141938482814039,8.6853716159232,5.31021832005874,6.383693833361372,14.008663896650324,8.564868258159258,10.29628037638931,2.1582416400906306,0.9510360635455217,1.3335362416948637,3.929488227475355,1.7315415225932256,2.427955640051338,8.655904074622711,5.311777397080416,6.37469545601493,15.759715004830317,9.671098157442966,11.606342071640977,0.5728643216080402,-0.0021356783919597166,-0.0021356783919597166,0.4170854271356784,-0.0029145728643216184,-0.0029145728643216184,0.29145728643216084,-0.0035427135678391952,-0.0035427135678391952,0.35361216730038025,0.07087971948254346,0.1386943417630857,0.33587786259541985,0.371859296482412,0.0811324794398055,0.15483091584802133,0.3484848484848485,0.35361216730038025,0.07087971948254346,0.1386943417630857,0.33587786259541985,17.0,-6.0,-6.0,30.0,-14.0,-14.0,35.0,-12.0,-12.0,-0.00024864666459603596,0.0002835238410507128,0.00016344170823193535,-0.00013480533558407615,-0.00018378111340844328,8.585827751517172e-05,0.049429657794676805,-0.42706104584884613,13,-0.5447208881378174
47,0,test,2.8359295446665227,1.3537762983373605,1.8408348299585717,3.989528003513922,1.9044649620678125,2.5896489980773127,17.046238178031118,12.643823211757418,14.341257647443337,23.980301165704795,17.78707333179434,20.17498957182707,2.7518669414888763,1.2893761347197652,1.7718019231013082,3.8220374187345505,1.790800187110785,2.4608360043073727,15.671863040586945,11.355164830662638,13.007233554376961,21.76647644525965,15.77106226480922,18.065602158856894,2.8359295446665227,1.3537762983373605,1.8408348299585717,3.989528003513922,1.9044649620678125,2.5896489980773127,17.046238178031118,12.643823211757418,14.341257647443337,23.980301165704795,17.78707333179434,20.17498957182707,0.6281407035175879,-0.0018592964824121205,-0.0018592964824121205,0.49246231155778897,-0.002537688442211028,-0.002537688442211028,0.371859296482412,-0.003140703517587995,-0.003140703517587995,0.3951612903225806,0.08530213539300313,0.1632578050678889,0.3724696356275303,0.38190954773869346,0.0886764650319265,0.16488116710430278,0.3535353535353535,0.3951612903225806,0.08530213539300313,0.1632578050678889,0.3724696356275303,24.0,-11.0,-11.0,35.0,-9.0,-9.0,43.0,-10.0,-10.0,-0.00026024786999725194,-0.00010211258966499043,-6.273151852629877e-05,-3.085650767697956e-05,-0.00010133182060556578,-0.00011602607612637428,0.04032258064516129,0.6450355617438099,10,-0.45374178886413574
20,0,test,1.819664261860971,0.8220213401336947,1.1491319454748044,3.2480028760099056,1.467263897442939,2.0511387413851345,6.169786669420559,3.457904498788362,4.21450879931019,11.012737495954978,6.172173621493206,7.522671620274103,1.7942525611430522,0.7690798275798238,1.0977436915206056,2.739316887241301,1.1741676756943875,1.6759445672070314,6.014977213517367,3.2274002864400395,4.008242521764932,9.183171318347126,4.927328681587848,6.1194542317021865,1.8456581990030694,0.8338050229498313,1.1426373397252574,3.219171277330935,1.4543110865404034,1.9929721041719604,6.332266310424679,3.5815724958854274,4.312421141803833,11.044650541438392,6.246928771893186,7.521664782215987,0.5025125628140703,-0.0024874371859296973,-0.0024874371859296973,0.3517587939698492,-0.0032412060301507672,-0.0032412060301507672,0.2562814070351759,-0.00371859296482413,-0.00371859296482413,0.3655589123867069,0.11178247734138969,0.17522658610271902,0.36363636363636365,0.371859296482412,0.1105527638190954,0.17085427135678388,0.35858585858585856,0.36454849498327757,0.10702341137123739,0.17391304347826086,0.3657718120805369,17.0,-8.0,-8.0,27.0,-15.0,-15.0,34.0,-19.0,-19.0,-6.002866478446167e-05,0.00017847037026256078,-5.669150575376023e-05,-0.0517524505375615,-0.060226092367799744,-0.060594746316293246,0.9637462235649547,0.3746446625774377,319,-0.41545772552490234
318,0,test,2.250503265359377,1.054300450945406,1.4473545938664316,4.303593963581966,2.0161184061938466,2.767748258446334,9.492511886853462,6.18497815875785,7.259952417341614,18.15234729240399,11.827414373765013,13.883066903337474,2.448235930049247,1.0846520735863887,1.521038393684282,3.9487676291116887,1.7494388283651432,2.4532877317488415,11.567922085535061,7.657740334870551,9.040505834243891,18.657938847637194,12.35119408850089,14.581461022974018,2.22700577593939,1.024289522900852,1.4183187835830393,4.255425049565714,1.9572411265621374,2.7101632807319227,9.27206184353703,5.942914384061666,7.027103440392668,17.717315624593052,11.355887358079617,13.427586191833125,0.5979899497487438,-0.0020100502512562235,-0.0020100502512562235,0.4623115577889447,-0.002688442211055242,-0.002688442211055242,0.3316582914572864,-0.0033417085427135396,-0.0033417085427135396,0.4171779141104295,0.13846428470767302,0.21309628145736825,0.41538461538461535,0.4120603015075377,0.126346015793252,0.19336247179134403,0.43434343434343436,0.4046822742474916,0.12755372666819276,0.20112276368019455,0.40268456375838924,22.0,-9.0,-9.0,33.0,-13.0,-13.0,39.0,-13.0,-13.0,0.0003460373048629482,-0.0001930882341679484,0.0001354905244044388,-0.012159904308655989,-0.011228220922691712,-0.013316940948190137,0.9662576687116564,-0.6794848092210568,315,-0.48093509674072266
102,0,test,2.7783699488511218,1.2838070506737411,1.7746385035947843,4.506774510055017,2.0824544601044983,2.878628735482237,16.092767522438784,11.635379727791975,13.364323626337113,26.1039659230257,18.87366827938349,21.678176114814267,2.819963671278297,1.205572119595925,1.6991218298558757,4.338405648120457,1.8547263378398844,2.614033584393655,16.77624120167146,11.751411557654125,13.708805790825167,25.809601848725322,18.079094704083268,21.090470447423332,2.7783699488511218,1.2838070506737411,1.7746385035947843,4.506774510055017,2.0824544601044983,2.878628735482237,16.092767522438784,11.635379727791975,13.364323626337113,26.1039659230257,18.87366827938349,21.678176114814267,0.6884422110552764,-0.0015577889447235815,-0.0015577889447235815,0.507537688442211,-0.0024623115577889765,-0.0024623115577889765,0.37688442211055273,-0.003115577889447274,-0.003115577889447274,0.39568345323741005,0.09406765431460928,0.1648222092182713,0.3862815884476535,0.3919597989949749,0.07867659097492474,0.14321188580632715,0.38383838383838387,0.39568345323741005,0.09406765431460928,0.1648222092182713,0.3862815884476535,19.0,-5.0,-5.0,34.0,-12.0,-12.0,42.0,-7.0,-7.0,4.225656779939864e-05,0.0002364256746951104,5.0100623473269965e-05,-0.0049142832050534935,-0.0033113389220318368,-0.004154910562782277,0.960431654676259,-0.3826241681761627,267,-0.3010866641998291
296,0,test,2.0896345778084346,1.0029961723735314,1.3622454205644896,3.678757879495089,1.7657537405857382,2.3982045128500595,8.081961296624371,5.117668741312146,6.012291331880604,14.228123480284822,9.009548562549528,10.584512883670046,2.204731286348635,1.0349574785896503,1.4207670533709242,3.5560182037881205,1.6692862557897583,2.291559763501491,9.06781459487743,5.846550663667296,6.877677301337098,14.625507411092627,9.429920425269831,11.093027905382414,2.0896345778084346,1.0029961723735314,1.3622454205644896,3.678757879495089,1.7657537405857382,2.3982045128500595,8.081961296624371,5.117668741312146,6.012291331880604,14.228123480284822,9.009548562549528,10.584512883670046,0.5829145728643217,-0.002085427135678275,-0.002085427135678275,0.4170854271356784,-0.0029145728643216184,-0.0029145728643216184,0.29145728643216084,-0.0035427135678391952,-0.0035427135678391952,0.3720136518771331,0.09773767232006325,0.16202500261493102,0.3287671232876712,0.371859296482412,0.0811324794398055,0.14982256860261234,0.33333333333333337,0.3720136518771331,0.09773767232006325,0.16202500261493102,0.3287671232876712,21.0,-7.0,-7.0,30.0,-4.0,-4.0,39.0,-5.0,-5.0,0.0005640719237552315,0.000265184062398285,0.00011159275154999122,-0.013414555575803178,-0.009708341449999658,-0.011843778014462458,0.034129692832764506,0.29481968225584154,10,-0.34000086784362793
416,0,test,2.0378018626145837,0.9273703975897163,1.2878064934203983,3.9460325085311303,1.795775047355809,2.4937293369701354,7.673722749449555,4.6380548530119245,5.556732536230168,14.859520931015034,8.981204484156041,10.760146818711597,2.015991827994724,0.8803109799283841,1.2357538684343288,3.506072744338651,1.5309756172667552,2.149137162494485,7.5081705031386194,4.394878002480468,5.326179073691543,13.057687831545426,7.6432660912703785,9.262920128159205,2.0644048565493875,0.9329075673739613,1.3054793339552453,3.970009339518053,1.7940530141806947,2.510537180683164,7.880606410447402,4.780311345584419,5.744626485557193,15.155012327783464,9.19290643381619,11.047358626071524,0.4824120603015075,-0.0025879396984924696,-0.0025879396984924696,0.3668341708542714,-0.0031658291457286047,-0.0031658291457286047,0.29145728643216084,-0.0035427135678391952,-0.0035427135678391952,0.37425149700598803,0.11826347305389218,0.17764471057884235,0.37537537537537535,0.3668341708542714,0.11557788944723624,0.17755443886097155,0.3737373737373737,0.36789297658862874,0.11204013377926414,0.17279821627647707,0.3791946308724832,13.0,-3.0,-3.0,22.0,-11.0,-11.0,31.0,-13.0,-13.0,-0.0004218670876149842,3.4883787905562006e-05,-9.351481828993641e-05,-0.038380695852890945,-0.039453858403732944,-0.03825087082985501,0.9670658682634731,-0.3421766749958266,323,-0.3141591548919678
434,0,test,1.790524239530659,0.8147284259179505,1.123059401668097,3.258337714959862,1.4826162634437121,2.0437069344308973,5.992593197308718,3.339315311629611,4.043303910451574,10.905125992776911,6.076777282209699,7.3578728137868765,1.977866796063324,0.8676677380968287,1.2238363095430067,3.242404583710367,1.422406128027588,2.0062890320377154,7.22730920486587,4.19234673709777,5.101759429954043,11.848047876829295,6.872699569012737,8.363540049104987,1.7820511124059346,0.8026606979261457,1.121297865373395,3.2205742995287974,1.4505916227580946,2.0264419253736055,5.942031702826485,3.2791991798933093,4.005781442819851,10.738611511132202,5.926263578120439,7.239364053288886,0.5125628140703518,-0.0024371859296482556,-0.0024371859296482556,0.35678391959798994,-0.0032160804020100464,-0.0032160804020100464,0.2562814070351759,-0.00371859296482413,-0.00371859296482413,0.34935897435897434,0.10615897435897437,0.1670562025039637,0.337620578778135,0.3668341708542714,0.09866374478910844,0.1681697301197138,0.3737373737373737,0.35451505016722407,0.1141143823875913,0.17542717475009395,0.3389261744966443,16.0,-6.0,-6.0,23.0,-8.0,-8.0,33.0,-13.0,-13.0,0.0005616479067282063,2.786520997457457e-05,-6.819680551276716e-06,-0.06310042396908155,-0.057676734604684476,-0.05923455842440628,0.9647435897435898,-0.42594668602118624,301,-0.5856139659881592
358,0,test,2.431547664208339,1.1260413214911982,1.5005970266041664,4.5103319367180585,2.0887191352012895,2.7834908576388164,11.376475426027667,7.686918624996876,8.839555703081468,21.102477733253394,14.258636620460528,16.396688817114846,2.4528522677533995,1.0707002112947634,1.5083178104873012,4.229055634057586,1.8460348470599373,2.6005479491160366,11.621446969834167,7.637981918438685,9.049831067060218,20.03697753419684,13.168934342135664,15.60315701217279,2.331526968752775,1.0619090861532605,1.4749432218761678,4.426949940669827,2.0162830749745457,2.800525104828167,10.293647616905162,6.734155458340747,7.938546304019594,19.544900538427523,12.786371123431799,15.073189184847331,0.5226130653266332,-0.002386934673366814,-0.002386934673366814,0.4321608040201005,-0.002839195979899567,-0.002839195979899567,0.371859296482412,-0.003140703517587995,-0.003140703517587995,0.38655462184873945,0.13061056590468356,0.19105120053886648,0.3792134831460674,0.40703517587939697,0.15390234379919643,0.21504853147205139,0.398989898989899,0.3812709030100334,0.13753133706679466,0.2021830275929033,0.3657718120805369,22.0,-9.0,-9.0,33.0,-10.0,-10.0,42.0,-11.0,-11.0,0.00014313766091535252,-0.00020920830305560481,0.0001303012412664806,-0.04673928931905813,-0.04781620292563993,-0.0503240996492913,0.0392156862745098,-0.7049348923851363,14,-0.44473743438720703
302,0,test,2.4864541839451215,1.1580669502390208,1.5963045300706669,4.297778423905144,2.0016918808767183,2.75917537979102,12.01858478647239,8.24363442360175,9.583090681325114,20.773845226948964,14.248931023576533,16.56415011805202,2.5148808202677775,1.1954536246904126,1.6218169315015625,3.960442236642169,1.8826041333707284,2.5540424118134837,12.36513501781238,8.623857274871977,9.922532958671955,19.472653571358077,13.580877598223585,15.626036155388903,2.4864541839451215,1.1580669502390208,1.5963045300706669,4.297778423905144,2.0016918808767183,2.75917537979102,12.01858478647239,8.24363442360175,9.583090681325114,20.773845226948964,14.248931023576533,16.56415011805202,0.6130653266331658,-0.001934673366834172,-0.001934673366834172,0.4723618090452262,-0.0026381909547738003,-0.0026381909547738003,0.35678391959798994,-0.0032160804020100464,-0.0032160804020100464,0.4076923076923077,0.1178650524139967,0.18646468620893175,0.362934362934363,0.40703517587939697,0.12883968715759242,0.1900067952450063,0.3535353535353535,0.4076923076923077,0.1178650524139967,0.18646468620893175,0.362934362934363,19.0,-6.0,-6.0,32.0,-13.0,-13.0,41.0,-12.0,-12.0,0.0002077743398339755,0.0003065474313536549,0.00031116934746651913,-0.004789544611566221,-0.00541178442327972,-0.0047176831693125365,0.9461538461538461,0.22528640890754226,246,-0.35753536224365234
274,0,test,1.9743589946237268,0.9492708178627209,1.1626814502214406,4.406856540486109,2.118814422190825,2.5951563861296245,7.202001652117695,4.414660423666168,4.950319535230898,16.075186008041705,9.853717188735537,11.049332001288853,2.2634077734111213,1.0360436546634808,1.444126603102887,3.804046678001885,1.741249839770556,2.4271035346267014,9.615801870306457,6.203578414118238,7.34693354901101,16.161011546733544,10.426182208602082,12.34778747732943,2.073371371208834,0.9871078845800441,1.3474981289942245,4.174573230621814,1.9874655394229075,2.713083481196425,7.95158572633901,4.9884043317420526,5.885050828552638,16.009904146991296,10.04376711089004,11.84909562795833,0.542713567839196,-0.0022864321608039306,-0.0022864321608039306,0.40201005025125625,-0.002989949748743781,-0.002989949748743781,0.31155778894472363,-0.003442211055276312,-0.003442211055276312,0.3722084367245657,0.1305727489922237,0.16497481013610038,0.31840796019900497,0.37688442211055273,0.11122026170955024,0.17821998137599515,0.33333333333333337,0.3712374581939799,0.12248954500533216,0.18102611225404663,0.325503355704698,20.0,-10.0,-10.0,28.0,-10.0,-10.0,37.0,-15.0,-15.0,0.0005400476779250622,0.0007310878786570695,0.0002156207100725976,-0.05598613576385869,-0.06550751612084404,-0.06009374936720846,0.9727047146401985,-0.535802767855886,392,-0.31815361976623535
9,0,test,2.131532686182584,0.9982885740198459,1.3700575768403676,4.263065372365168,1.9965771480396919,2.740115153680735,8.427774050376968,5.322058585966282,6.2863413111182656,16.855548100753936,10.644117171932564,12.572682622236531,2.3835114202909597,1.1004873872918832,1.51765658666754,4.005901546707496,1.8495586341040058,2.5506833389370422,10.842910109743924,7.235377565137652,8.465872920704781,18.223378335704076,12.16029842880278,14.228357849924004,2.153401784684235,1.0124665093547365,1.389361893263822,4.278281691425633,2.0115228662676885,2.760321642246004,8.61411196595032,5.484417843470114,6.46717986906798,17.114129733676133,10.896194391000225,12.848701726625126,0.5979899497487438,-0.0020100502512562235,-0.0020100502512562235,0.4120603015075377,-0.0029396984924623393,-0.0029396984924623393,0.3015075376884422,-0.0034924623115578646,-0.0034924623115578646,0.35782747603833864,0.09105431309904155,0.15441959531416394,0.3108974358974359,0.371859296482412,0.09045226130653261,0.14572864321608037,0.3232323232323232,0.36454849498327757,0.09698996655518388,0.15607580824972123,0.31543624161073824,20.0,-9.0,-9.0,32.0,-12.0,-12.0,33.0,-5.0,-5.0,0.0007218382746376146,0.0002502330719316089,0.0001541404038745786,-0.03300066317297645,-0.03529237725478751,-0.03651035530237934,0.03514376996805112,0.6758544207572798,11,-0.28992509841918945
446,0,test,2.68414152681839,1.2576411438094022,1.730652082490058,4.504210096373326,2.1104252070774216,2.90417643979496,14.6456231073146,10.481522202976945,12.05087499767992,24.576559323918335,17.5888557515709,20.222358728983426,2.7063382862442307,1.2638119690067278,1.738260781611611,4.365061752006824,2.0384064016237544,2.8036464219542108,14.974343244486713,10.742971130715397,12.34146534935146,24.152166523365665,17.327372791476442,19.905589273147513,2.68414152681839,1.2576411438094022,1.730652082490058,4.504210096373326,2.1104252070774216,2.90417643979496,14.6456231073146,10.481522202976945,12.05087499767992,24.576559323918335,17.5888557515709,20.222358728983426,0.6984924623115578,-0.0015075376884421399,-0.0015075376884421399,0.542713567839196,-0.0022864321608039306,-0.0022864321608039306,0.371859296482412,-0.003140703517587995,-0.003140703517587995,0.4180327868852459,0.09901438197727042,0.1782507705364721,0.3827160493827161,0.4170854271356784,0.09628342212314711,0.17334586119243967,0.38383838383838387,0.4180327868852459,0.09901438197727042,0.1782507705364721,0.3827160493827161,22.0,-10.0,-10.0,35.0,-17.0,-17.0,45.0,-18.0,-18.0,0.00017806854045703956,0.00012492561959032104,9.98729408783156e-05,-3.136820234672655e-06,-7.934534252473924e-05,-9.790377231322367e-05,0.9549180327868853,0.45335984326138057,233,-0.5027554035186768
172,0,test,2.687373738100902,1.269822105547682,1.7370511672754596,4.4843525629756025,2.118920019498241,2.8985733333451953,14.69303744085452,10.5660338017354,12.106493572500998,24.51789982600423,17.631273271570517,20.201799515558893,2.691235785295408,1.2241381999114471,1.7088134461000455,4.077629977720315,1.8547548483506775,2.589111281969766,14.749892362409037,10.413262203697094,12.07897408022356,22.34832176122581,15.777670005601657,18.301475879126603,2.687373738100902,1.269822105547682,1.7370511672754596,4.4843525629756025,2.118920019498241,2.8985733333451953,14.69303744085452,10.5660338017354,12.106493572500998,24.51789982600423,17.631273271570517,20.201799515558893,0.6381909547738693,-0.0018090452261306789,-0.0018090452261306789,0.5125628140703518,-0.0024371859296482556,-0.0024371859296482556,0.3869346733668342,-0.0030653266331658324,-0.0030653266331658324,0.42028985507246375,0.1092591136619755,0.1901693731447529,0.38909090909090904,0.4120603015075377,0.10629589047996879,0.19002357362773803,0.3737373737373737,0.42028985507246375,0.1092591136619755,0.1901693731447529,0.38909090909090904,14.0,0.0,0.0,22.0,0.0,0.0,31.0,0.0,0.0,-0.00016872443716847718,0.00027723933027361784,0.0002380367440800002,-0.004884627655108886,-0.005038512592122402,-0.00476405032452476,0.036231884057971016,0.28201763352942577,10,-0.3583981990814209
148,0,test,2.5076523853035133,1.1467326949116643,1.5885236634098532,4.071065292190271,1.8616709800109112,2.5788995276345146,12.27607670739064,8.376298465786316,9.768971655076886,19.929680086689743,13.598558620381489,15.859503365958153,2.558874797948352,1.1362714084635728,1.5983271133582053,3.8770830271944727,1.7216233461569281,2.421707747512432,12.92127009317694,8.773365084949855,10.308142842069508,19.577681959358998,13.29297740143917,15.618398245559858,2.5076523853035133,1.1467326949116643,1.5885236634098532,4.071065292190271,1.8616709800109112,2.5788995276345146,12.27607670739064,8.376298465786316,9.768971655076886,19.929680086689743,13.598558620381489,15.859503365958153,0.6130653266331658,-0.001934673366834172,-0.001934673366834172,0.46733668341708545,-0.002663316582914521,-0.002663316582914521,0.3517587939698492,-0.0032412060301507672,-0.0032412060301507672,0.42366412213740456,0.1354961832061069,0.19974554707379133,0.4099616858237548,0.42211055276381915,0.13567839195979903,0.20100502512562823,0.40909090909090906,0.42366412213740456,0.1354961832061069,0.19974554707379133,0.4099616858237548,21.0,-11.0,-11.0,31.0,-16.0,-16.0,39.0,-18.0,-18.0,-4.971535782360583e-05,5.167876330998808e-05,2.123072879439366e-05,-0.004803404455286042,-0.005422777662320577,-0.005494904480204177,0.03816793893129771,-0.4155043636030301,10,-0.3818845748901367
87,0,test,1.942103728659202,0.8674218607899966,1.10238725097908,4.140309047910827,1.849229021903949,2.3501442493400173,6.973405703872846,4.044344779970088,4.657695375739028,14.866381390673979,8.622009750705462,9.929592339487597,1.7596686791070897,0.7384543171064295,1.0496436090001895,3.5193373582141794,1.476908634212859,2.099287218000379,5.810511931445757,3.033947459531129,3.77646967978152,11.621023862891514,6.067894919062258,7.55293935956304,1.8856211748503942,0.8501003272946637,1.1822238601379245,3.95584861856726,1.7834272600587346,2.480189916373268,6.590446990712797,3.773874131976411,4.569841297258186,13.826112567928945,7.917218458691771,9.587079644597594,0.4773869346733668,-0.0026130653266331905,-0.0026130653266331905,0.3316582914572864,-0.0033417085427135396,-0.0033417085427135396,0.22613065326633164,-0.003869346733668344,-0.003869346733668344,0.37726098191214474,0.11661582062182219,0.15731963293853768,0.39119170984455953,0.3517587939698492,0.09862596188964867,0.15643325139889763,0.36363636363636365,0.3712374581939799,0.10579505418730206,0.17101498878352384,0.38590604026845643,18.0,-9.0,-9.0,29.0,-16.0,-16.0,35.0,-17.0,-17.0,-0.00028477138899522916,-0.00020188958019312756,-7.30273932785352e-05,-0.02019985434015137,-0.021224440057461713,-0.020402976249988214,0.9715762273901809,0.45682116245011656,376,-0.4814506769180298
58,0,test,2.7622362898063106,1.321072975188178,1.7989412627348536,4.920705084572991,2.3533868301166456,3.2046713205003403,15.835215512898271,11.609606841715618,13.214899235447897,28.209181733359763,20.681594701635472,23.54129590577057,2.753500295324682,1.2933742750072186,1.7788876074471718,4.405600472519491,2.0693988400115497,2.8462201719154745,15.697481654633728,11.39097945370861,13.047341074024654,25.115970647413967,18.225567125933775,20.875745718439447,2.700418836231829,1.2849821997611592,1.7528358248360683,4.7100328538927245,2.2412480228392306,3.05727178750477,14.885965200950798,10.767680934391386,12.30649762585341,25.96389279235604,18.780838839054745,21.464821440441995,0.6381909547738693,-0.0018090452261306789,-0.0018090452261306789,0.4773869346733668,-0.0026130653266331905,-0.0026130653266331905,0.3517587939698492,-0.0032412060301507672,-0.0032412060301507672,0.36923076923076925,0.07583599196502422,0.1420045665695615,0.34259259259259256,0.3668341708542714,0.08111988513998569,0.14813634113807772,0.3232323232323232,0.36789297658862874,0.07740883635490592,0.1420865249757255,0.33221476510067116,19.0,-8.0,-8.0,28.0,-13.0,-13.0,36.0,-14.0,-14.0,0.00026329776438401736,2.763531609504417e-05,-0.00014419622057022734,-0.007491305188954911,-0.009485012121908554,-0.008507825226080179,0.9661538461538461,-0.3931113305634124,314,-0.35118842124938965
3,0,test,2.63486829035633,1.2376692001461254,1.6954919545680558,4.077111986130321,1.915130236015583,2.623550708647412,13.941476115381771,9.897618505948698,11.383090768087868,21.572599883801267,15.315262319731143,17.613835188514912,2.5577204680885552,1.169394904904884,1.6042722275738042,3.6801733353792163,1.6825825969854444,2.3083053634155455,12.906363290620785,8.898230225212313,10.311722092300911,18.57030689297955,12.803208957140018,14.837010204749514,2.63486829035633,1.2376692001461254,1.6954919545680558,4.077111986130321,1.915130236015583,2.623550708647412,13.941476115381771,9.897618505948698,11.383090768087868,21.572599883801267,15.315262319731143,17.613835188514912,0.5778894472361809,-0.002110552763819218,-0.002110552763819218,0.42211055276381915,-0.0028894472361808976,-0.0028894472361808976,0.3668341708542714,-0.0031658291457286047,-0.0031658291457286047,0.39590443686006827,0.13184992237965942,0.19159115649684466,0.3938356164383562,0.3869346733668342,0.1312955756224733,0.1799229872232616,0.3787878787878788,0.39590443686006827,0.13184992237965942,0.19159115649684466,0.3938356164383562,18.0,-4.0,-4.0,29.0,-10.0,-10.0,39.0,-10.0,-10.0,-0.0002549527454196095,0.0003711620707446651,5.138088109049602e-05,-0.0003427029913991575,0.00012688698084151184,-1.9278431547142816e-05,0.034129692832764506,-0.8153353567965942,10,-0.5696368217468262
383,0,test,2.64651305834035,1.201898075150415,1.6653791288721058,3.990998301882239,1.8124880063765616,2.511427349422106,14.104770286238114,9.8645510134371,11.437291025237839,21.270295297963358,14.875953934701936,17.247679513995028,2.8525976139451577,1.3015774694870197,1.8036227811031011,4.19499649109582,1.9140845139514995,2.6523864427986776,17.33274719979562,12.61646818457349,14.478024150671057,25.4893341173465,18.55362968319631,21.291211986280963,2.64651305834035,1.201898075150415,1.6653791288721058,3.990998301882239,1.8124880063765616,2.511427349422106,14.104770286238114,9.8645510134371,11.437291025237839,21.270295297963358,14.875953934701936,17.247679513995028,0.6432160804020101,-0.001783919597989958,-0.001783919597989958,0.4974874371859297,-0.002512562814070307,-0.002512562814070307,0.37688442211055273,-0.003115577889447274,-0.003115577889447274,0.37722419928825623,0.0841513751319507,0.15355556023500183,0.36071428571428577,0.3919597989949749,0.0962204506240476,0.16157582570616025,0.3939393939393939,0.37722419928825623,0.0841513751319507,0.15355556023500183,0.36071428571428577,17.0,0.0,0.0,26.0,-1.0,-1.0,37.0,0.0,0.0,0.0006861414376846544,0.0004946550628983977,-5.040601227636778e-05,-0.00025954392907312496,0.0001733692814402943,2.277625207813827e-05,0.03914590747330961,-0.3833583481669231,11,-0.4888589382171631
360,0,test,2.4989279798793245,1.1277218082592624,1.572051183676805,3.969725590894013,1.791466643977571,2.4973155946408676,12.169441079783141,8.22934081216506,9.642835342401849,19.332026401026933,13.07289569018221,15.318332715358366,2.8852580510729466,1.3286539282113576,1.8414973649851647,4.3063553001088755,1.9830655644945638,2.748503529828604,17.90818822650142,13.165499945350174,15.068311383513326,26.728639144031966,19.649999918433096,22.490016990318395,2.4989279798793245,1.1277218082592624,1.572051183676805,3.969725590894013,1.791466643977571,2.4973155946408676,12.169441079783141,8.22934081216506,9.642835342401849,19.332026401026933,13.07289569018221,15.318332715358366,0.7185929648241206,-0.0014070351758793676,-0.0014070351758793676,0.5125628140703518,-0.0024371859296482556,-0.0024371859296482556,0.3869346733668342,-0.0030653266331658324,-0.0030653266331658324,0.39350180505415167,0.09800630955865619,0.16180912798332336,0.3188405797101449,0.39698492462311563,0.08871424793138627,0.15324535867987688,0.36363636363636365,0.39350180505415167,0.09800630955865619,0.16180912798332336,0.3188405797101449,22.0,-12.0,-12.0,33.0,-16.0,-16.0,41.0,-17.0,-17.0,0.0008946166176363037,0.000558903664339415,0.0002438633771113963,-0.018933940407882766,-0.01529070044105918,-0.017341862095082483,0.04332129963898917,-0.41882900426162345,12,-0.48027563095092773
7,0,test,2.334597470148331,1.050132898056441,1.4609455273829868,3.899838955815962,1.7541992728897369,2.440443096878398,10.325302850126718,6.712569768972569,7.929659198645778,17.24794907918895,11.213042682260996,13.246135252283288,2.4474884061375364,1.0673792947182905,1.5122173645385684,3.599247656084612,1.5696754334092509,2.2238490654978946,11.55927801839328,7.583942660078531,9.011374066273651,16.99893826234306,11.152856853056665,13.252020685696547,2.334597470148331,1.050132898056441,1.4609455273829868,3.899838955815962,1.7541992728897369,2.440443096878398,10.325302850126718,6.712569768972569,7.929659198645778,17.24794907918895,11.213042682260996,13.246135252283288,0.592964824120603,-0.0020351758793969443,-0.0020351758793969443,0.44723618090452266,-0.0027638190954772934,-0.0027638190954772934,0.35678391959798994,-0.0032160804020100464,-0.0032160804020100464,0.39590443686006827,0.1352570774052131,0.19159115649684466,0.4212328767123288,0.39698492462311563,0.11878943590131108,0.17995654398872496,0.43939393939393945,0.39590443686006827,0.1352570774052131,0.19159115649684466,0.4212328767123288,22.0,-12.0,-12.0,31.0,-15.0,-15.0,40.0,-16.0,-16.0,0.0005701100650329332,-0.00014661380828130804,1.912990946642876e-05,-0.009693761074524687,-0.008613934966211545,-0.009021534035048795,0.040955631399317405,-0.23757134704344884,12,-0.6709961891174316
479,0,test,2.1865416099688773,0.9784717041002327,1.370300465020911,3.3985103880659118,1.52082459151579,2.1298384370610726,8.904365035827574,5.557346682035995,6.642383658222284,13.839927369972,8.63770455722166,10.324162028779778,2.2466471424137495,0.9791307359801684,1.3798071035122894,3.3532046901697754,1.4613891581793559,2.0594135873317754,9.455978078653477,5.903958253807561,7.076597866039515,14.113400117393248,8.811877990757553,10.562086367223156,2.1865416099688773,0.9784717041002327,1.370300465020911,3.3985103880659118,1.52082459151579,2.1298384370610726,8.904365035827574,5.557346682035995,6.642383658222284,13.839927369972,8.63770455722166,10.324162028779778,0.6281407035175879,-0.0018592964824121205,-0.0018592964824121205,0.42713567839195976,-0.002864321608040288,-0.002864321608040288,0.29145728643216084,-0.0035427135678391952,-0.0035427135678391952,0.38745387453874536,0.10516605166051662,0.16482164821648215,0.3592592592592593,0.3869346733668342,0.0879396984924623,0.1507537688442211,0.36868686868686873,0.38745387453874536,0.10516605166051662,0.16482164821648215,0.3592592592592593,24.0,-15.0,-15.0,36.0,-24.0,-24.0,43.0,-21.0,-21.0,-0.0001032338034864593,0.000321427791121804,0.0002121353860703205,-0.00019024471046957814,0.00021210453193631906,5.782182176528039e-05,0.04059040590405904,-0.3990939714775501,11,-0.5488100051879883
395,0,test,2.3184349730813927,1.0957129439874294,1.4999629975610906,4.021482885406613,1.9005885016078246,2.601787668609052,10.159761557057566,6.763341239898788,7.892728449559355,17.622796281068986,11.73147461982444,13.690473421766534,2.4099920714118404,1.106692458393931,1.534985636149369,3.736421816142388,1.7158022610758619,2.3798226917044483,11.133872868822753,7.4524489455300165,8.73498213741383,17.261818401275583,11.554184411674441,13.54260796498268,2.3184349730813927,1.0957129439874294,1.4999629975610906,4.021482885406613,1.9005885016078246,2.601787668609052,10.159761557057566,6.763341239898788,7.892728449559355,17.622796281068986,11.73147461982444,13.690473421766534,0.5979899497487438,-0.0020100502512562235,-0.0020100502512562235,0.42713567839195976,-0.002864321608040288,-0.002864321608040288,0.3015075376884422,-0.0034924623115578646,-0.0034924623115578646,0.375,0.08801247771836007,0.15409738717339672,0.35125448028673834,0.3668341708542714,0.07610735381166489,0.14145854481086573,0.35858585858585856,0.375,0.08801247771836007,0.15409738717339672,0.35125448028673834,15.0,0.0,0.0,25.0,0.0,0.0,32.0,0.0,0.0,0.0002743686772203378,0.00012729061085319798,0.00017506411797520312,-0.023401032658195042,-0.021970021677161,-0.024414147803754283,0.03571428571428571,0.5215719527529802,10,-0.556506872177124
466,0,test,2.360698589518539,1.087751367185757,1.4010468848017605,3.6171994516816324,1.6667158045588213,2.146765388002698,10.598352765048512,7.026990098297944,7.987565774794751,16.239411494832396,10.76716224739201,12.239012074282279,2.3370966585546964,1.0053763526652886,1.428747099009851,3.2916854345840796,1.4160230319229417,2.0123198577603536,10.351139999806323,6.5635864629112275,7.870914311105187,14.579070422262427,9.244487975931307,11.085794804373503,2.2598758983760456,1.0201235551678522,1.417938749782334,3.424054391478857,1.5456417502543214,2.1483920451247487,9.58189996362883,6.127142199046207,7.261041490873136,14.51803024792247,9.283548786433649,11.001578016474449,0.5025125628140703,-0.0024874371859296973,-0.0024874371859296973,0.42211055276381915,-0.0028894472361808976,-0.0028894472361808976,0.3668341708542714,-0.0031658291457286047,-0.0031658291457286047,0.40897097625329815,0.1418657130954034,0.18707459306659235,0.3915343915343915,0.40703517587939697,0.14953517587939702,0.2090318480923753,0.36868686868686873,0.4013377926421404,0.14300445930880712,0.20488940196511485,0.37583892617449666,21.0,-7.0,-7.0,31.0,-9.0,-9.0,40.0,-9.0,-9.0,0.00015945465259093922,-0.0002938489893724122,5.479811081110566e-05,-0.03128340533236518,-0.02491906800157917,-0.029594548692194245,0.029023746701846966,0.27897766024549614,11,-0.9071762561798096
209,0,test,2.1540272498894764,0.9930611443114659,1.3712239617862303,3.5478095880532554,1.6356301200424144,2.258486525294968,8.619501478559679,5.426484900954392,6.431905338329788,14.19682596468653,8.937739836866058,10.593726439602005,2.2663165756160852,1.0118414851671165,1.4228702513352185,3.6261065209857364,1.6189463762673864,2.27659240213635,9.643813055737752,6.1378154960884626,7.31944935546487,15.430100889180403,9.82050479374154,11.711118968743792,2.1540272498894764,0.9930611443114659,1.3712239617862303,3.5478095880532554,1.6356301200424144,2.258486525294968,8.619501478559679,5.426484900954392,6.431905338329788,14.19682596468653,8.937739836866058,10.593726439602005,0.6030150753768844,-0.0019849246231156137,-0.0019849246231156137,0.39698492462311563,-0.0030150753768843908,-0.0030150753768843908,0.29145728643216084,-0.0035427135678391952,-0.0035427135678391952,0.36200716845878134,0.09545976237649156,0.14984983830383503,0.3093525179856115,0.37688442211055273,0.10119519905290864,0.14983934698534407,0.303030303030303,0.36200716845878134,0.09545976237649156,0.14984983830383503,0.3093525179856115,18.0,-7.0,-7.0,27.0,-9.0,-9.0,31.0,-9.0,-9.0,9.166941538196917e-05,0.000582400259201872,7.23589390236871e-05,-0.023583840027604275,-0.02400995208348089,-0.021514069107761102,0.035842293906810034,0.9397527520743667,10,-0.476625919342041
