idx,membership,set_split,cut_T,cut_T_rep1_diff,cut_T_rep2_diff,cal_T,cal_T_rep1_diff,cal_T_rep2_diff,ppl_T,ppl_T_rep1_diff,ppl_T_rep2_diff,calppl_T,calppl_T_rep1_diff,calppl_T_rep2_diff,cut_200,cut_200_rep1_diff,cut_200_rep2_diff,cal_200,cal_200_rep1_diff,cal_200_rep2_diff,ppl_200,ppl_200_rep1_diff,ppl_200_rep2_diff,calppl_200,calppl_200_rep1_diff,calppl_200_rep2_diff,cut_300,cut_300_rep1_diff,cut_300_rep2_diff,cal_300,cal_300_rep1_diff,cal_300_rep2_diff,ppl_300,ppl_300_rep1_diff,ppl_300_rep2_diff,calppl_300,calppl_300_rep1_diff,calppl_300_rep2_diff,cb_const1,cb_const1_rep1_diff,cb_const1_rep2_diff,cb_const2,cb_const2_rep1_diff,cb_const2_rep2_diff,cb_const3,cb_const3_rep1_diff,cb_const3_rep2_diff,cbm_T,cbm_T_rep1_diff,cbm_T_rep2_diff,cbpm_T,cbm_200,cbm_200_rep1_diff,cbm_200_rep2_diff,cbpm_200,cbm_300,cbm_300_rep1_diff,cbm_300_rep2_diff,cbpm_300,lz_bins3,lz_bins3_rep1_diff,lz_bins3_rep2_diff,lz_bins4,lz_bins4_rep1_diff,lz_bins4_rep2_diff,lz_bins5,lz_bins5_rep1_diff,lz_bins5_rep2_diff,slope_600,slope_800,slope_1000,apen_600,apen_800,apen_1000,elbow_frac,elbow_delta_slope,flat_frac,nei_delta
248,1,test,0.4512007879599224,0.16017089975543713,0.16017089975543713,1.088677130582198,0.38646740032733906,0.38646740032733906,1.570196527000786,0.2323919590717909,0.2323919590717909,3.7886393266165754,0.5607255526227615,0.5607255526227615,0.06686600158543547,-0.10465899262007743,-0.09296383185039465,0.10698560253669676,-0.16745438819212388,-0.14874213096063144,1.0691522038753027,-0.11796160945280465,-0.10415899179308852,1.7106435262004844,-0.18873857512448744,-0.16665438686894163,0.24741629029259923,-0.013683240810617142,0.04590524559008011,0.4581783153566652,-0.0253393348344762,0.0850097140557039,1.2807121498570908,-0.01764473603898664,0.057462402439323323,2.3716891664020197,-0.03267543710923482,0.10641185636911699,0.03015075376884424,-0.0048492462311557905,-0.0048492462311557905,0.005025125628140725,-0.004974874371859284,-0.004974874371859284,0.0,-0.0050000000000000044,-0.0050000000000000044,0.15428571428571425,0.038938695712889215,0.038938695712889215,0.1927480916030534,0.07537688442211055,0.007707711489779667,0.00859892114999039,0.06565656565656564,0.12040133779264217,0.025242740129870933,0.03920000297617943,0.15100671140939592,14.0,-5.0,-5.0,14.0,-5.0,-5.0,16.0,-7.0,-7.0,-0.0010828224175461613,-0.00044109713787832686,-0.0007154772122981936,-0.13829548196902253,-0.13501955310435587,-0.13827583120950182,0.047619047619047616,0.043760123308552626,0.6876190476190476,-2.7508814334869385
193,1,test,0.7155067891064646,0.2713183063917963,0.4058603191675511,1.4583577867138133,0.5530054652571647,0.827231223780996,2.0452229163546027,0.48599857158996373,0.6822797287935265,4.168607218047598,0.9905703369986525,1.3906338421269333,0.5048672958407964,0.11624686639949983,0.22233677092435677,0.8557072810860956,0.19702858711779636,0.3768419846175539,1.6567656461799838,0.18182104665651444,0.3302833809409118,2.8080773664067524,0.3081712655195159,0.559802340577817,0.7468046537664891,0.26575492849052323,0.4107725644342845,1.4643228505225276,0.5210880950794574,0.8054364008515383,2.1102462646176985,0.49247453757044135,0.7108623352314589,4.137737773760193,0.9656363481773362,1.3938477161401157,0.11055276381909551,-0.004447236180904479,-0.004447236180904479,0.085427135678392,-0.009572864321607977,-0.004572864321607972,0.0653266331658291,-0.004673366834170856,-0.004673366834170856,0.20376175548589337,0.05196206847493878,0.08384517571529904,0.23899371069182385,0.14070351758793975,0.02040276570824051,0.043875470843365516,0.16161616161616166,0.2006688963210702,0.04874902987699681,0.07831072057023591,0.24832214765100669,12.0,-1.0,-1.0,16.0,-4.0,-4.0,17.0,-3.0,-3.0,-0.001284573592797411,0.00017789058230349678,-0.0003416512115070924,-0.12975563949326396,-0.127922334606819,-0.14683541627606056,0.07836990595611286,0.06968454280002975,0.4012539184952978,-2.4785115718841553
217,1,test,0.7159598683530494,0.27641538685661726,0.3157190451130018,3.467930612335083,1.33888703008674,1.5292641247661027,2.046149774366852,0.4941496816575006,0.553965767405032,9.91103796958944,2.3935375205285183,2.6832716858681236,1.0407425173314313,0.3442112125046354,0.5753605035778238,3.9273302540808728,1.2989102358665487,2.17117171161443,2.831318537131086,0.8245388233707285,1.2386960607481943,10.684220894834286,3.11146725800275,4.674324757540356,0.9006354841196943,0.31115357992372217,0.5060366298091136,3.752647850498726,1.2964732496821756,2.1084859575379733,2.461166646623202,0.6581126279794576,0.9773777906059196,10.254861027596675,2.742135949914406,4.072407460857998,0.26633165829145733,-0.0036683417085426884,-0.0036683417085426884,0.16582914572864327,-0.004170854271356772,-0.004170854271356772,0.11557788944723613,-0.009422110552763874,-0.009422110552763874,0.23706896551724133,0.07560502579711215,0.08457629689554047,0.16414686825053992,0.26633165829145733,0.07334920215110641,0.11608124092918692,0.15656565656565657,0.2642140468227425,0.08725244415162403,0.13406944170594604,0.1778523489932886,15.0,0.0,0.0,23.0,-2.0,-2.0,27.0,0.0,0.0,0.0004554661690213669,0.0007428466137384393,5.151453696189774e-05,-0.30293517154714866,-0.3181289602795294,-0.3084878630494501,0.05387931034482758,0.123872123266819,0.10129310344827586,-0.8500902056694031
229,1,test,1.1296023394402515,0.4641958658891032,0.6429896938488723,2.3767355581286216,0.9766895675354541,1.3528800494854885,3.0944257243597915,1.1491446583987228,1.467629383776477,6.510814818884186,2.417853500908296,3.0879600907204487,0.48488007159120694,0.15590796116751982,0.2536074419760908,0.8506667922652754,0.2735227388903857,0.4449253368001594,1.6239802357994613,0.2344411344090751,0.36377747458570275,2.849088132981511,0.411300235805395,0.6382060957643909,0.9961333398096514,0.3755691942659538,0.5618712979202718,1.8794968675653798,0.7086211212565166,1.0601345243778713,2.7077914507598964,0.8478144070756575,1.1639680892523123,5.10904047313188,1.5996498246710518,2.1961662061364384,0.09045226130653261,-0.0045477386934673625,-0.0045477386934673625,0.06030150753768848,-0.0046984924623114654,-0.0046984924623114654,0.045226130653266305,-0.004773869346733739,-0.004773869346733739,0.209366391184573,0.058059651157062686,0.07837909890695816,0.23480662983425415,0.10552763819095479,0.02532713693782196,0.035410776755228524,0.10606060606060608,0.2006688963210702,0.060435173449617796,0.07942306762251627,0.22483221476510062,13.0,-1.0,-1.0,15.0,-2.0,-2.0,15.0,-1.0,-1.0,-0.0002718572091839876,-0.0008311824630324922,-0.0004510266642845225,-0.16961186978871678,-0.17878869185066915,-0.16496355678972963,0.06887052341597796,0.19045533389988106,0.4986225895316804,-2.1487584114074707
10,1,test,1.736313495074058,0.8019164722674426,0.8545268706241852,4.738075808591921,2.1882805429670893,2.3318445113643023,5.67637880490584,3.13070079582175,3.261167876006001,15.489779450675258,8.543098781818673,8.899119119270612,2.3119317868314297,1.0451073599052743,1.449206540811562,4.128449619341838,1.866263142687989,2.5878688228777884,10.093905105877502,6.544342355739632,7.724295434362684,18.024830546209824,11.686325635249341,13.79338470421908,2.1987585108838,0.9862614662496312,1.3810597919104357,4.549155539759586,2.0405409646544097,2.857365086711247,9.013815995628788,5.6519470786375665,6.748535208739069,18.649274473714733,11.693683610974276,13.96248663877049,0.4623115577889447,-0.002688442211055242,-0.002688442211055242,0.3869346733668342,-0.0030653266331658324,-0.0030653266331658324,0.31155778894472363,-0.003442211055276312,-0.003442211055276312,0.30082987551867224,0.10808376152903498,0.11314659106119418,0.2785862785862786,0.371859296482412,0.13376405838717387,0.19155879564768752,0.3787878787878788,0.35451505016722407,0.12246162779660641,0.1743148276978136,0.3489932885906041,18.0,-5.0,-5.0,28.0,-6.0,-6.0,36.0,-6.0,-6.0,0.0017026340504289867,4.4441824302124866e-05,0.0005963937196638248,-0.1545998881559063,-0.14123558756776866,-0.1656356462106574,0.056016597510373446,0.16130258743582532,0.5414937759336099,-1.1800364255905151
263,1,test,0.8708387247968318,0.37665459117595607,0.5363941902887879,1.7416774495936636,0.7533091823519121,1.0727883805775758,2.388913654627021,0.7497532970877494,0.9917495614266822,4.777827309254042,1.4995065941754988,1.9834991228533645,0.09506481736757216,-0.01645327273122553,0.011904210491313974,0.1682563139249065,-0.029120836692434565,0.02106939909967076,1.099730134428363,-0.018243833653775354,0.013013805780141219,1.9464250166873682,-0.032289971068629075,0.02303328456662146,0.7549123842716351,0.3082139056347025,0.4506079472925432,1.4333779448195605,0.5852162765215871,0.8555847100491328,2.127425119288085,0.5642822120455422,0.7717434063703086,4.03941478345839,1.0714219216054603,1.465335581715776,0.02010050251256279,-0.004899497487437232,-0.004899497487437232,0.015075376884422065,-0.004924623115577953,-0.004924623115577953,0.005025125628140725,-0.004974874371859284,-0.004974874371859284,0.17522658610271902,0.05456293602730422,0.08276427454493007,0.2151515151515152,0.0653266331658291,0.00768252289013982,0.010234813466329928,0.06060606060606055,0.15719063545150502,0.040329199725294695,0.06709052421679984,0.19798657718120805,10.0,0.0,0.0,10.0,0.0,0.0,11.0,-1.0,-1.0,-0.0017324765770147822,-0.00031648254994754,-0.0009188686247030658,-0.04974204313991715,-0.05282179346695459,-0.054916693776470904,0.0755287009063444,0.03075424302275183,0.5619335347432024,-2.1457958221435547
242,1,test,2.5051198510937893,1.171643280968611,1.5895218234269306,5.218999689778728,2.4409235020179394,3.311503798806106,12.245026457673449,8.45081513125293,9.746757618531262,25.510471786819686,17.60586485677694,20.305745038606798,2.730869823705739,1.2432434875980878,1.7292130266318153,4.833397918063255,2.2004309515010405,3.0605540294368416,15.346229730576297,10.919653894957452,12.62344052786658,27.161468549692565,19.326821053022044,22.342372615693066,2.659125801248489,1.204925330015351,1.6857556226628287,5.3539445662721254,2.4260241543933243,3.3941388375761656,14.283796761784531,10.002737494909208,11.636946960636177,28.759322339163486,20.13973992263599,23.430094551616463,0.6331658291457287,-0.0018341708542712887,-0.0018341708542712887,0.507537688442211,-0.0024623115577889765,-0.0024623115577889765,0.3517587939698492,-0.0032412060301507672,-0.0032412060301507672,0.36676217765042984,0.09208406606244701,0.1546409655292177,0.29885057471264365,0.38190954773869346,0.0836639337036057,0.1548644726134848,0.30808080808080807,0.3812709030100334,0.09245621185811359,0.16325088076309235,0.31879194630872487,20.0,0.0,0.0,28.0,0.0,0.0,38.0,0.0,0.0,0.000523470414217998,0.00023423686106396633,0.00017773148951229125,-0.009136410619452917,-0.01158396914486648,-0.011828290544777076,0.07736389684813753,0.06674349982584533,0.12034383954154727,-1.1332097053527832
93,1,test,0.6713664289947429,0.25038204773751505,0.3660840630870419,1.3621365120066748,0.5080005708431664,0.7427485904251544,1.9569094724105258,0.4334489887250115,0.5999013506666284,3.97037702205835,0.8794254048698207,1.2171408906588819,0.6238455916439081,0.1935602308439447,0.32751911282051466,0.8912079880627258,0.2765146154913496,0.4678844468864495,1.8660904830759077,0.32839422389495865,0.5211813135486902,2.665843547251297,0.4691346055642267,0.7445447336409861,0.7578022026656265,0.2863732238076904,0.43301340716303877,1.3452110106490411,0.5083548351615808,0.7686628529521399,2.1335818832098377,0.5312996977606224,0.7498435198592843,3.7874234613192383,0.943135558154951,1.3310831713478422,0.1306532663316583,-0.004346733668341707,-0.004346733668341707,0.09547738693467334,-0.004522613065326642,-0.004522613065326642,0.09045226130653261,-0.0045477386934673625,-0.0045477386934673625,0.1685714285714286,0.048742612594253165,0.06397709817064656,0.16905444126074498,0.14572864321608037,0.030440422664701927,0.04890059647150613,0.14646464646464652,0.17725752508361203,0.048709945784780606,0.06491047280330053,0.1912751677852349,16.0,-7.0,-7.0,20.0,-8.0,-8.0,20.0,-5.0,-5.0,-0.0007577273124142652,0.00017836026468151243,-0.0004064918816112489,-0.0993038773406445,-0.10430848655303082,-0.1032014015226208,0.07142857142857142,0.06039028537318914,0.14857142857142858,-1.7350003719329834
111,1,test,1.1249284376002353,0.5152049302140447,0.5746249086911845,2.357726725381315,1.0798130729143676,1.2043508360239894,3.0799964290955066,1.2400738256595363,1.3462172389802847,6.455334981528938,2.5990588400809456,2.8215238022463494,0.5175944246586903,0.15631913608110853,0.26193897635308244,0.8485154502601481,0.2562608788214894,0.42940815795587284,1.677986268333934,0.24282777909216313,0.38667853931840823,2.7507971612031703,0.39807832638059537,0.6338992447842755,1.0595635752098418,0.4283664352265555,0.6275406562842774,1.795870466457359,0.7260448054687381,1.0636282309903007,2.8851115802532954,1.005251892311119,1.344741161861765,4.890019627547958,1.7038167666290152,2.2792223082402794,0.09547738693467334,-0.004522613065326642,-0.004522613065326642,0.07035175879396982,-0.004648241206030135,-0.004648241206030135,0.055276381909547756,-0.004723618090452297,-0.004723618090452297,0.22052401746724892,0.060218673955798496,0.07096390016519616,0.2713347921225383,0.12562814070351758,0.005327388823818335,0.023791746713534234,0.1515151515151515,0.20735785953177255,0.053768544005896035,0.08611203083321861,0.2785234899328859,10.0,0.0,0.0,11.0,0.0,0.0,14.0,0.0,0.0,0.0003997396705522141,-0.0010506342711836406,-0.00013891439105519028,-0.1629884304113478,-0.15057059279413298,-0.16830759108825832,0.05458515283842795,0.08068331680192918,0.2052401746724891,-1.9790077209472656
37,1,test,1.2650487286356387,0.5004054900864947,0.5004054900864947,3.3008945896027595,1.3057092090163884,1.3057092090163884,3.5432653903905234,1.3950375573419085,1.3950375573419085,9.245450623298064,3.6400747426456315,3.6400747426456315,0.7176990250338723,0.1811789151675105,0.3359481450835763,1.1214047266154255,0.2830920549492352,0.524918976693088,2.04971144567139,0.339665720768499,0.584864328783564,3.2026741338615468,0.5307276887007797,0.9138505137243187,1.1467985894969965,0.45484484692543925,0.6675526256653705,2.136891781671422,0.8475369818486445,1.2438868801218084,3.1480984046869165,1.1504838569358937,1.5332421217333623,5.866021872087423,2.1437587396321005,2.856972897639806,0.18090452261306533,-0.0040954773869347205,-0.0040954773869347205,0.11557788944723613,-0.004422110552763869,-0.004422110552763869,0.10050251256281406,0.0005025125628140836,-0.004497487437185921,0.25357142857142856,0.06197807568775304,0.06197807568775304,0.29695885509838993,0.1959798994974874,0.03557889699122174,0.06910176928045897,0.2272727272727273,0.22073578595317722,0.04878253052746773,0.07946771031357769,0.28859060402684567,15.0,-6.0,-6.0,18.0,-6.0,-6.0,22.0,-8.0,-8.0,-0.0012093452959627052,-0.000490098423115494,-0.0006179561442739004,-0.18309789964152312,-0.16149659631825575,-0.17165322925001636,0.044642857142857144,0.03045527676247823,0.1357142857142857,-2.313958168029785
59,1,test,2.34953147251492,1.0885480110597485,1.2121188485107846,5.700705309628305,2.641161226834442,2.940983100860377,10.480658097820767,6.951767788862748,7.361969400969915,25.429386226817755,16.867183950872246,17.86246259919543,2.977067615572904,1.3580237827948909,1.8873824865958624,4.880438714053941,2.226268496385067,3.0940696501571514,19.63016896172256,14.58190793531672,16.656831254454396,32.18060485528289,23.904767107076587,27.306280745007207,2.637177684259479,1.1971225555615388,1.6597039072279656,5.494120175540582,2.494005324086539,3.457716473391595,13.97370968099755,9.752781176122372,11.315975954763097,29.111895168744894,20.318294116921606,23.57494990575645,0.5628140703517588,-0.0021859296482411583,-0.0021859296482411583,0.4824120603015075,-0.0025879396984924696,-0.0025879396984924696,0.40703517587939697,-0.00296482412060306,-0.00296482412060306,0.34782608695652173,0.11739130434782608,0.13374984062221085,0.30936819172113295,0.4120603015075377,0.14572864321608037,0.2077051926298158,0.3787878787878788,0.3745819397993311,0.1270903010033445,0.18617614269788185,0.3355704697986577,19.0,0.0,0.0,29.0,1.0,1.0,40.0,0.0,0.0,5.855501902081211e-05,0.0009049431517813179,0.0002683550318436846,-0.08267580350079573,-0.0993614432809844,-0.09621595378521075,0.05434782608695652,0.17570312841326263,0.26521739130434785,-1.3350985050201416
165,1,test,1.4916598321323342,0.5142842904393486,0.5142842904393486,4.9721994404411145,1.7142809681311624,1.7142809681311624,4.444466468297311,1.7869938126117861,1.7869938126117861,14.814888227657706,5.956646042039289,5.956646042039289,1.93836019239844,0.8135712021106465,1.1814011787666758,3.6572833818838486,1.5350400039823517,2.2290588278616523,6.947349308719092,3.8677823469032284,4.815565680115201,13.108206242866212,7.297702541326847,9.085972981349435,1.8101088485123111,0.8043525186034131,1.1345345243710372,4.400183298416106,1.9552959598570774,2.7579335185930094,6.111112581542764,3.3771383039678384,4.145951290042149,14.855468795782816,8.209466283629137,10.07836939611872,0.40201005025125625,-0.002989949748743781,-0.007989949748743785,0.31658291457286436,-0.003417085427135591,-0.003417085427135591,0.24623115577889443,-0.0037688442211055717,-0.0037688442211055717,0.2972085385878489,0.07237960408149502,0.07237960408149502,0.30098684210526316,0.31658291457286436,0.09853780179090943,0.14963800639256386,0.398989898989899,0.3389261744966443,0.11279552123031267,0.1659351030680729,0.39057239057239057,24.0,-13.0,-13.0,31.0,-7.0,-7.0,33.0,-7.0,-7.0,0.0009017165346502573,-0.0004777415426450322,-2.2630945652289522e-05,-0.1940840080535038,-0.18139389203082068,-0.18094181546974308,0.041050903119868636,0.05240958478423582,0.0016420361247947454,-1.87874174118042
255,1,test,1.3860940727682014,0.6243441038302541,0.6635102052667622,5.4654928885575425,2.461844637054254,2.6162800776778834,3.9991989268187345,1.85717751332536,1.9394504689779528,15.769199020382816,7.323017024087802,7.647426645969977,1.6224114628275628,0.6506576729401315,0.9548661482253236,4.326430567540167,1.7350871278403504,2.5463097286008622,5.065290360090215,2.4227154411799257,3.115844194474116,13.507440960240572,6.460574509813135,8.308917851930975,1.7021150564705407,0.7382079120697117,1.0491152889587028,4.8631858756301165,2.109165463056319,2.9974722541677226,5.485537351967066,2.8636166425146103,3.5642417185845376,15.672963862763046,8.18176183575603,10.183547767384393,0.31658291457286436,-0.003417085427135591,-0.003417085427135591,0.2562814070351759,-0.00371859296482413,-0.00371859296482413,0.2160804020100503,-0.003919597989949675,-0.003919597989949675,0.25619834710743805,0.07766377538401181,0.08415533635474992,0.2525879917184265,0.29145728643216084,0.09596856462764958,0.13119017457907234,0.30808080808080807,0.30434782608695654,0.10568338535239896,0.1430575035063114,0.3221476510067114,12.0,0.0,0.0,18.0,0.0,0.0,23.0,0.0,0.0,0.0010151296654557372,-3.935136501763462e-05,0.000497207800568144,-0.18589380512725562,-0.16683372028044996,-0.1871177702156075,0.06611570247933884,0.052092924255984524,0.8533057851239669,-1.8862707614898682
98,1,test,1.9622300652911526,0.8967693221647031,1.0118328041325888,5.282927098860795,2.414378944289585,2.724165241895431,7.115176694320515,4.213000860689562,4.528439628928947,19.15624494624754,11.342694624933436,12.191952847116395,2.2353692825823126,0.9483755859213567,1.3582480936786991,4.80724576899422,2.039517389078186,2.9209636423197827,9.34993398251712,5.728052285247623,6.945964820276842,20.107384908638966,12.31839201128521,14.937558753283529,2.1988476985876106,0.9815315001710023,1.3791101949523674,5.153549293564712,2.3004644535257865,3.232289519419611,9.014619953031035,5.636510571515439,6.744716035235358,21.128015514916488,13.210571651989309,15.807928207582872,0.4623115577889447,-0.002688442211055242,-0.002688442211055242,0.35678391959798994,-0.0032160804020100464,-0.0032160804020100464,0.27638190954773867,-0.0036180904522613577,-0.0036180904522613577,0.3303964757709251,0.10487392351569957,0.11534271233006488,0.30242825607064017,0.3266331658291457,0.09104419339806802,0.1396548686672091,0.31313131313131315,0.3277591973244147,0.09570577495379706,0.1486713219072846,0.31879194630872487,20.0,-8.0,-8.0,24.0,-2.0,-2.0,33.0,-8.0,-8.0,0.0006028501444107207,0.0006129392271695672,0.0002644692261807628,-0.12089656309923136,-0.1259358458676898,-0.12468499690059787,0.07488986784140969,0.12097351146491273,0.04185022026431718,-0.7944034337997437
249,1,test,1.1455488644466694,0.5266637625688633,0.6888614584694054,3.835543072924116,1.7633831336011045,2.306455776125241,3.1441666045959455,1.2873099232402327,1.5653313319616158,10.527343542173924,4.310189475134707,5.241064727550052,1.3972934794374718,0.6290350344255478,0.8815230266533396,3.4932336985936794,1.5725875860638692,2.2038075666333485,4.044239324042597,1.888231148550183,2.3693108659403235,10.110598310106493,4.720577871375458,5.923277164850808,1.306069322809899,0.5868047412121575,0.8233871385676743,3.696422611726129,1.660768135506106,2.3303409582103987,3.691634532866825,1.638711634788359,2.071219703066968,10.448022262830637,4.637863117325545,5.861942555849909,0.29648241206030146,-0.0035175879396985854,-0.0035175879396985854,0.2160804020100503,-0.003919597989949675,-0.003919597989949675,0.16582914572864327,-0.004170854271356772,-0.004170854271356772,0.24866310160427807,0.06975789466168791,0.10399056983497212,0.2091152815013405,0.24623115577889443,0.06828629362350591,0.10766688198924501,0.2222222222222222,0.254180602006689,0.06219395759934343,0.11068783226252887,0.2214765100671141,18.0,0.0,0.0,22.0,0.0,0.0,29.0,0.0,0.0,-0.00014196648715699236,7.25024707483772e-05,1.3003763310123691e-05,-0.16889518725708008,-0.20722001785928335,-0.18430341660525773,0.06684491978609626,0.3082666190373429,0.01871657754010695,-1.6372675895690918
58,1,test,1.9803203502002829,0.9568694478965818,1.100286576164993,6.268639957468521,3.0289392595287477,3.4829215360618475,7.2450635710071305,4.462282251223113,4.834082437403101,22.934014181605306,14.125210003871725,15.302131456527803,2.3439887672507416,1.0977035127158146,1.5076594377372707,6.010227608335234,2.8146243915790112,3.8657934300955654,10.422727593176099,6.945326318975222,8.11484765021098,26.72494254660538,17.80852902301339,20.807301667207636,2.0879401508767885,0.986305715965238,1.3510426292366242,6.14100044375526,2.9008991646036413,3.973654791872424,8.06827859918205,5.059198446588232,5.978835602609097,23.730231174064848,14.879995431141854,17.584810595909108,0.4824120603015075,-0.0025879396984924696,-0.0025879396984924696,0.3668341708542714,-0.0031658291457286047,-0.0031658291457286047,0.29145728643216084,-0.0035427135678391952,-0.0035427135678391952,0.31890660592255127,0.11640376178148182,0.1370884241043695,0.273972602739726,0.3417085427135679,0.11865089860329214,0.16975528728785838,0.2727272727272727,0.3210702341137124,0.1123890988883367,0.16422929974218847,0.2651006711409396,17.0,-5.0,-5.0,23.0,-2.0,-2.0,31.0,-6.0,-6.0,0.0005621585650195751,0.0011458853452863066,-8.757059049572535e-05,-0.13256413500277553,-0.14758892034536508,-0.13046780999578544,0.05694760820045558,0.16457775408807113,0.09339407744874716,-0.870846152305603
2,1,test,0.7037252103282982,0.2765457105941806,0.2765457105941806,1.8331183527576158,0.7203678510111828,0.7203678510111828,2.021268349837937,0.48834055267601384,0.48834055267601384,5.265157555187602,1.2720675859950803,1.2720675859950803,0.1325043626221138,-0.06268198272281533,-0.002812053605955045,0.25238926213735957,-0.11939425280536253,-0.005356292582771538,1.1416839968141717,-0.07385347832242983,-0.0032149948504471837,2.174636184407946,-0.14067329204272339,-0.006123799715137768,0.627794126969921,0.22464394622134465,0.3488846246279559,1.2472730999402404,0.4463124759364463,0.6931482608502435,1.8734733734794773,0.37694174845191464,0.5517856446664089,3.722132530091677,0.748890890964069,1.0962628701981636,0.03015075376884424,-0.0048492462311557905,-0.0048492462311557905,0.02010050251256279,-0.004899497487437232,-0.004899497487437232,0.015075376884422065,-0.004924623115577953,-0.004924623115577953,0.1838649155722326,0.041147418016025394,0.041147418016025394,0.20112781954887216,0.10552763819095479,0.022820871273661503,0.04041912400063763,0.03535353535353536,0.15384615384615385,0.025298574547322428,0.042611448618122716,0.17449664429530198,12.0,-3.0,-3.0,13.0,-4.0,-4.0,15.0,-6.0,-6.0,-0.0006704400946298822,-0.00045000649347713267,-0.0004858716532618944,-0.19121073170650815,-0.16087336158736187,-0.18593325461873045,0.04878048780487805,0.0633398837114376,0.19887429643527205,-1.8998764753341675
42,1,test,1.6031093042942983,0.7660187604813163,0.9516082376467241,4.61184343336838,2.2036916515295837,2.7375976112010827,4.968456876613171,2.6588194736169206,3.0500385340192455,14.29331434793789,7.648922688593605,8.774386217432177,2.336989402297949,1.0287005527908537,1.4608671682603118,4.409413966599904,1.940944439228026,2.756353147660966,10.350029834814011,6.650192520766731,7.948460930191892,19.528358178894358,12.547533058050433,14.99709609470168,1.7836477360430587,0.8145780574669033,1.1314691991091284,4.315276780749335,1.9707533648392817,2.7374254817156327,5.951526468862689,3.316035004540149,4.031808014501036,14.398854360151669,8.022665333564877,9.754374228631537,0.4773869346733668,-0.0026130653266331905,-0.0026130653266331905,0.3919597989949749,-0.0030402010050251116,-0.0030402010050251116,0.31658291457286436,-0.003417085427135591,-0.003417085427135591,0.3055555555555556,0.10505114193638787,0.13546757901596618,0.2759493670886076,0.371859296482412,0.12624526139469272,0.18321155023867242,0.3939393939393939,0.3076923076923077,0.09734172338512903,0.14417729100710197,0.2986577181208053,11.0,0.0,0.0,13.0,0.0,0.0,21.0,0.0,0.0,-1.6385173196169923e-05,0.0013662656890142653,-7.071876370240115e-07,-0.1226016600435571,-0.15803247999236714,-0.13728523422154204,0.15404040404040403,0.12728650943814776,0.4772727272727273,-1.477457046508789
161,1,test,1.4749473576680785,0.7049130881760378,0.7731599593808629,5.096273332838212,2.4356325360112354,2.671440755174176,4.370805677470193,2.210965408324607,2.353450373180945,15.102112154244026,7.639380478017113,8.13169793121476,1.4285254513920405,0.6309891385730412,0.8895071101946461,5.012370004884353,2.2139969774492676,3.121077579630338,4.172542037474097,1.9524773969377534,2.458218881982876,14.640498377102094,6.850797883992117,8.625329410466232,1.6911785257444811,0.7652876465628018,1.0700635707199804,5.023302551716281,2.273131623453867,3.1784066457029123,5.425871467763377,2.901755526415697,3.564869648887364,16.116449904247656,8.619075821036724,10.588721729368409,0.29145728643216084,-0.0085427135678392,-0.0035427135678391952,0.2160804020100503,-0.008919597989949679,-0.008919597989949679,0.1507537688442211,-0.0042462311557789345,-0.0042462311557789345,0.2640692640692641,0.09217737217737221,0.09691383884932281,0.23210412147505421,0.2562814070351759,0.09337413886474977,0.12105603140913246,0.18686868686868685,0.27090301003344486,0.08893306011691726,0.13185962849840593,0.2348993288590604,16.0,0.0,0.0,23.0,0.0,0.0,26.0,0.0,0.0,0.0007626288242379621,8.23046756279069e-06,0.00026752530975251347,-0.18042613525256357,-0.17817480991708212,-0.18139847592942981,0.05411255411255411,0.09537387986218471,0.19696969696969696,-1.2424150705337524
227,1,test,2.7747995931840164,1.3419557230565944,1.6012864969664131,5.871924391636884,2.8397951917207735,3.388581021358218,16.035413067544027,11.844813283969438,12.80208135289334,33.93352563283307,25.065539222137346,27.09127316597126,2.2174613941114187,1.0089344717154511,1.4092505771717396,4.525431416553916,2.059049942276431,2.876021586064775,9.183986724851762,5.8354383787659945,6.940097061236489,18.74283005071788,11.909057915848969,14.163463390278551,2.6634496216162113,1.2488044065870165,1.7180070986438594,5.326899243232423,2.497608813174033,3.4360141972877187,14.345691046607937,10.230664789119999,11.771738887046224,28.691382093215875,20.461329578239997,23.543477774092448,0.4824120603015075,0.002412060301507535,-0.0025879396984924696,0.39698492462311563,-0.0030150753768843908,-0.0030150753768843908,0.321608040201005,-0.0033919597989949812,-0.0033919597989949812,0.416267942583732,0.13669805011061376,0.17188866594639085,0.41966426858513195,0.38190954773869346,0.13629551265097417,0.19827014874036286,0.33838383838383834,0.4046822742474916,0.13590097207720775,0.20112276368019455,0.3993288590604027,17.0,0.0,0.0,28.0,0.0,0.0,37.0,0.0,0.0,0.0001234442430668268,-0.0006592452906141991,4.5762736354902936e-05,-0.03933887324626628,-0.036471332077885776,-0.03850254430637978,0.06220095693779904,0.15028648930884053,0.4473684210526316,-0.9944305419921875
153,1,test,0.4491955298010827,0.1052952499859166,0.20340056028883727,0.9492998863129547,0.2225239616369037,0.42985318407707607,1.567051032422388,0.1566130530637202,0.2884136454049684,3.311701181852647,0.3309755854746621,0.6095141706225,0.4532145119119834,0.060124701756671894,0.18202047675064353,0.8166027241657359,0.10833279595796741,0.32796482297413254,1.5733616551342458,0.09181021341471585,0.2618321265936985,2.834885865106749,0.165423807954443,0.47176959746612335,0.448759074922139,0.10228417607257095,0.20110242124692054,0.9480825526524064,0.21609332973078366,0.424864270239973,1.5663672345880388,0.15229323608731948,0.2853472114271949,3.309226551946561,0.3217462734239147,0.6028462213250596,0.12562814070351758,-0.004371859296482428,-0.004371859296482428,0.07035175879396982,-0.004648241206030135,-0.004648241206030135,0.05025125628140703,-0.004748743718593018,-0.004748743718593018,0.22784810126582278,0.05407242985981964,0.0825849433710859,0.18412698412698414,0.18592964824120606,0.048085036712383955,0.07741545792401072,0.1262626262626263,0.22073578595317722,0.04878253052746773,0.07835536326129733,0.17449664429530198,13.0,-4.0,-4.0,15.0,-4.0,-4.0,17.0,-5.0,-5.0,0.0004158117465546588,0.00036625301498451583,-8.03675069473573e-05,-0.13961941926288723,-0.1291682317287859,-0.1488020481315342,0.12025316455696203,0.08689050392792347,0.02531645569620253,-2.029815196990967
155,1,test,0.5414875811265447,0.20127245050997827,0.30369604377448356,1.0701841170296278,0.39779043368507516,0.6002181652550818,1.7185614612216336,0.3133115909029891,0.45011671930949704,3.3965269824144095,0.6192221206035451,0.8896007602101084,0.39639000642174055,0.09044567498551459,0.17706907282736564,0.7273211127004413,0.1659553669458983,0.3248973813346158,1.4864489291458771,0.1285422174184736,0.2412180801676722,2.7274292277906,0.23585727966692405,0.44260198195903167,0.5414359837543962,0.20122085313782972,0.30359586691965057,1.0700821411208932,0.39768845777634054,0.6000201779278133,1.718472790253973,0.31322291993532847,0.44996642645569285,3.3963517350688757,0.6190468732580112,0.8893037247273932,0.09045226130653261,-0.0045477386934673625,-0.0045477386934673625,0.07035175879396982,-0.004648241206030135,-0.004648241206030135,0.055276381909547756,-0.004723618090452297,-0.004723618090452297,0.15200000000000002,0.03623153692614778,0.048276595744680906,0.14457831325301207,0.10050251256281406,0.005264417324718829,0.013691160309057815,0.08585858585858586,0.15200000000000002,0.03623153692614778,0.04694680851063837,0.14457831325301207,12.0,0.0,0.0,14.0,0.0,0.0,17.0,0.0,0.0,-0.00013593056969922316,-0.0003410609702973497,-0.0002795435667183265,-0.06969665868782804,-0.07539546066107183,-0.07323856735441536,0.1,0.13872397767528058,0.58,-2.8983874320983887
241,1,test,1.788091404188951,0.7869429375994534,1.0666178584468455,4.168342948726191,1.8344968480402843,2.4864663063793344,5.978031924561275,3.256626446881357,3.920569181077973,13.935801694269466,7.591746067729917,9.139508675370081,1.3977474137003325,0.43749883866199,0.7134078973117405,2.795494827400665,0.87499767732398,1.426815794623481,4.046075559572569,1.4337298029039705,2.063613540217877,8.092151119145138,2.867459605807941,4.127227080435754,1.5861997618230694,0.606562492223565,0.9045513662980251,3.5778941996009084,1.368186072684733,2.0403414277399063,4.885148879132493,2.2216589412182977,2.908014732489142,11.019132810073293,5.011260769665333,6.559431727419118,0.29648241206030146,-0.0035175879396985854,-0.0035175879396985854,0.23115577889447236,-0.003844221105527623,-0.003844221105527623,0.18592964824120606,-0.004070351758793889,-0.004070351758793889,0.3296089385474861,0.09948341553493378,0.1429031711965575,0.37254901960784315,0.2613065326633166,0.06331154519464488,0.08935327723760711,0.29292929292929293,0.3110367892976589,0.08900006141785921,0.12972421977596815,0.3422818791946308,17.0,0.0,0.0,22.0,0.0,0.0,30.0,0.0,0.0,-0.0008721307917303286,-0.0004941929626863848,-0.0003471027870178852,-0.12799030730884997,-0.11256692116761613,-0.1167318248734368,0.14804469273743018,0.0715363467939626,0.9245810055865922,-1.825063705444336
256,1,test,1.6323245575146719,0.504407882482856,0.504407882482856,7.032341647154404,2.173077984281486,2.173077984281486,5.115752769124867,2.0265388141919747,2.0265388141919747,22.039563816670025,8.730686086298759,8.730686086298759,2.0640115738592177,0.8799418295715318,1.2682138615279426,5.733365482942272,2.444282859920922,3.522816282022063,7.877507713729962,4.609862052615162,5.6612995252742815,21.88196587147212,12.805172368375452,15.725832014650784,1.9550110412794468,0.913868607911817,1.2551569738315984,6.239396940253553,2.916601940144097,4.005820129249782,7.063997018835723,4.231545965577466,5.050538161995542,22.54467133670975,13.504933932694037,16.118738814879386,0.3919597989949749,-0.0030402010050251116,-0.0030402010050251116,0.31658291457286436,-0.003417085427135591,-0.003417085427135591,0.29145728643216084,-0.0035427135678391952,-0.0035427135678391952,0.2733918128654971,0.05833804942463683,0.05833804942463683,0.260614934114202,0.31658291457286436,0.12109419276835309,0.15631580271977585,0.30808080808080807,0.29431438127090304,0.09564994053634546,0.13969814100393974,0.28523489932885904,16.0,-6.0,-6.0,27.0,-12.0,-12.0,33.0,-10.0,-10.0,0.0019909924601412077,0.0009524816431871552,0.0001874893960798463,-0.10859723785857067,-0.12787469091629777,-0.11649539078649962,0.04532163742690058,0.09640505841299227,0.5789473684210527,-1.6536685228347778
214,1,test,1.0184112881623615,0.4079340561998205,0.43530296343151775,2.4130829044635265,0.966582665182826,1.0314321448796062,2.7687924545412117,0.9274825334584242,0.9771937993517932,6.560537786375974,2.1976310275541975,2.315419790582328,0.7124508110317143,0.23023360274034432,0.38228734856210156,1.177604646333412,0.38055140948817245,0.6318799149786802,2.03898230041375,0.4193207493983271,0.6477867822802066,3.370218678369835,0.6930921477658298,1.0707219541821593,0.7602721710759717,0.2576574443487236,0.4154515561705193,1.4810496839142306,0.5019300863936175,0.8093212133191936,2.1388582766423063,0.485820409469119,0.7271216242030252,4.166607032420077,0.9464033950697122,1.4164706964993994,0.18592964824120606,-0.004070351758793889,-0.004070351758793889,0.12060301507537685,-0.0043969849246231485,-0.0043969849246231485,0.09547738693467334,-0.004522613065326642,-0.004522613065326642,0.2645833333333333,0.07623785986819276,0.08276515151515151,0.29436325678496866,0.1959798994974874,0.06565408496114655,0.09748240367111005,0.19696969696969702,0.23076923076923073,0.06883266983433922,0.09951227860015399,0.23154362416107388,15.0,-5.0,-5.0,18.0,-8.0,-8.0,22.0,-7.0,-7.0,-0.0003701027614139751,-0.0004575490925522304,-0.0006399146886616905,-0.11688462969036673,-0.12283383961639327,-0.13219392096960547,0.052083333333333336,0.07917197888831755,0.2916666666666667,-2.0741076469421387
243,1,test,0.6216949218791585,0.15400144228148777,0.15400144228148777,4.0466687642316135,1.00240938794132,1.00240938794132,1.8620814512926653,0.2657734245822305,0.2657734245822305,12.120457446595895,1.7299433818261551,1.7299433818261551,0.5368621726707449,0.16268659042611489,0.2790634060861415,3.067783843832828,0.9296376595777995,1.5946480347779515,1.7106307679942103,0.2568383798148772,0.4165523873858301,9.775032959966916,1.46764788465644,2.3802993564904575,0.4416541283832312,0.1396172019543082,0.2365164473111845,3.1546723455945083,0.9972657282450585,1.6894031950798891,1.5552777209767625,0.20266654808911677,0.32758363741161234,11.109126578405446,1.4476182006365494,2.3398831243686598,0.11557788944723613,-0.004422110552763869,-0.004422110552763869,0.07035175879396982,-0.004648241206030135,-0.004648241206030135,0.055276381909547756,-0.004723618090452297,-0.004723618090452297,0.1566433566433566,0.03152116700503793,0.03152116700503793,0.1428571428571429,0.1507537688442211,0.0530094079419654,0.06561186567226784,0.08585858585858586,0.13377926421404684,0.0452984628784876,0.06703844107722812,0.08053691275167785,15.0,-6.0,-6.0,18.0,-8.0,-8.0,18.0,-4.0,-4.0,-0.0008289974381578632,-0.00035904412134878165,0.00019044154974249804,-0.24151113742251784,-0.25128266290174706,-0.2381544464340255,0.03496503496503497,0.09998070625885988,0.0013986013986013986,-2.355358123779297
151,1,test,0.3961187413920394,0.13646734287289453,0.21745315178927882,0.814420132302033,0.2805768569466711,0.44708368007875726,1.4860457622179797,0.18956770850672888,0.2904249129540264,3.055310087120166,0.38975120868983426,0.5971136210334782,0.07601973786663838,-0.019590617498674315,0.006182365096030193,0.13821770521206977,-0.035619304543044183,0.011240663810964002,1.0789838707868546,-0.021346371893143035,0.006650094384782257,1.9617888559760992,-0.038811585260260184,0.012091080699604184,0.39623384682909235,0.1365824478451939,0.21745035926051973,0.8146567890806139,0.28081351276971867,0.4470779386396286,1.4862168240098028,0.1897387696960091,0.290455005169989,3.0556617901641547,0.3901029104949947,0.5971754906294975,0.02010050251256279,-0.004899497487437232,-0.004899497487437232,0.015075376884422065,-0.004924623115577953,-0.004924623115577953,0.005025125628140725,-0.004974874371859284,-0.004974874371859284,0.12890625,0.04313626949317739,0.061373782467532445,0.1333333333333333,0.055276381909547756,0.007657334290500084,0.011870705782669577,0.04040404040404044,0.12890625,0.04313626949317739,0.061373782467532445,0.13725490196078427,9.0,0.0,0.0,11.0,-2.0,-2.0,11.0,-2.0,-2.0,-0.00042909185680306886,-0.00047599201583758483,-0.0002828456067259691,-0.07636531179866446,-0.08310924552638244,-0.07981776242988503,0.09765625,0.03313044846711814,0.70703125,-2.5043623447418213
245,1,test,1.3855763202090738,0.4303375196705377,0.4303375196705377,5.875203487639774,1.8247428593822148,1.8247428593822148,3.99712886727547,1.39783764631987,1.39783764631987,16.948864612538195,5.927194695109579,5.927194695109579,1.2506566794262155,0.4396586144715384,0.7064606494233752,3.9703386648451287,1.395741633242979,2.2427322203916673,3.4926357466037787,1.242483081763495,1.769413340407337,11.087732528900885,3.9443907357571275,5.61718520764234,1.0994674225033614,0.4499375883165446,0.6600521692463115,4.3978696900134455,1.7997503532661785,2.640208676985246,3.0025664986992964,1.0879260798093435,1.4507669552708524,12.010265994797185,4.351704319237374,5.80306782108341,0.1959798994974874,-0.004020100502512558,-0.004020100502512558,0.18090452261306533,-0.0040954773869347205,-0.0040954773869347205,0.14572864321608037,-0.004271356783919655,-0.004271356783919655,0.23466257668711654,0.060664531721329684,0.060664531721329684,0.23348694316436247,0.19095477386934678,0.04559136534804353,0.07409333814313646,0.18686868686868685,0.16722408026755853,0.033668153723318106,0.06488815145776983,0.1610738255033557,18.0,1.0,1.0,21.0,1.0,1.0,25.0,0.0,0.0,-0.0010573624882267937,0.00043531910581080064,6.772868885159389e-05,-0.23102528976359693,-0.24787833404070803,-0.23921319335925872,0.05214723926380368,0.08158974348489002,0.0015337423312883436,-1.6502405405044556
147,1,test,2.145795177977859,0.9863449564762838,1.2539611879554005,4.596457430422517,2.1128263548563018,2.6860807960574693,8.548836381688488,5.360656380298389,6.1092366291071105,18.31226153891742,11.482936071458845,13.086452232841463,1.7779839840415717,0.7599292894087732,1.0952019652360812,3.8236214710571432,1.6342565363629533,2.355273043518454,5.917913775744253,3.1501084786595928,3.938537032914243,12.726696291923124,6.7744268358270805,8.469972113794071,2.164619351138602,0.9905777178191539,1.3796224583887255,4.417590512527759,2.0215871792227627,2.815556037528011,8.711285344818783,5.476244242696776,6.5188852164317215,17.77813335677303,11.17600865856485,13.303847380472902,0.4120603015075377,-0.0029396984924623393,-0.0029396984924623393,0.2864321608040201,-0.003567839195979916,-0.003567839195979916,0.24623115577889443,-0.0037688442211055717,-0.0037688442211055717,0.3580562659846548,0.11667695563982716,0.16255284467478182,0.3538461538461538,0.29648241206030146,0.07091850228586538,0.12786805479819796,0.2777777777777778,0.3612040133779264,0.12581169284370275,0.18767787322219787,0.3557046979865772,17.0,0.0,0.0,26.0,0.0,0.0,29.0,0.0,0.0,0.00045904213331006205,-0.0003780379338116452,0.00019299131029351627,-0.09487926398625746,-0.09365906521639644,-0.09484777240529585,0.0639386189258312,0.09203989595208958,0.3273657289002558,-1.1317713260650635
79,1,test,0.4774246180939548,0.14671326916449146,0.2469909648905285,0.8124131622814259,0.24965572874399655,0.4202940176037723,1.611917748201851,0.21995980403853999,0.35277182398605045,2.7429318588186193,0.3742962411263555,0.6002968054569258,0.23482556787651254,-0.08098527417844426,-0.026457540900674426,0.372738996629385,-0.1285480542514988,-0.04199609666773718,1.26468814725264,-0.10668267815030696,-0.033907109859681483,2.007441503575619,-0.16933758436556667,-0.053820809301081685,0.4146932503379227,0.1253874676441476,0.20535993104518607,0.6989212084347012,0.21132719265867578,0.3461122433345833,1.5139062792194231,0.17840624032178765,0.28105041452291535,2.551527436886668,0.3006846746996419,0.47368047391502577,0.05025125628140703,-0.004748743718593018,-0.004748743718593018,0.035175879396984966,-0.00482412060301507,-0.00482412060301507,0.025125628140703515,-0.004874371859296511,-0.004874371859296511,0.1140065146579805,0.016445539048224433,0.02949947240445938,0.10130718954248363,0.0653266331658291,0.010188788554300277,0.013573711629935925,0.03535353535353536,0.10033444816053516,0.0035064014159609247,0.016908419239511807,0.08724832214765099,11.0,-2.0,-2.0,12.0,-1.0,-1.0,14.0,-3.0,-3.0,-0.0004775718640229107,-5.056481999874748e-06,-0.0002586896739645014,-0.05763851236446804,-0.06655241667302292,-0.06610305802780791,0.08143322475570032,0.19055069649517223,0.003257328990228013,-1.8500185012817383
171,1,test,0.9309609261392111,0.38367172080738376,0.5302827452863282,2.1364359715246,0.8804774105707911,1.216930915464779,2.5369458242679315,0.8083849368655349,1.0441090565363746,5.8219654172302535,1.8551397910119332,2.3960964246155267,0.6955150655977704,0.1747652872766685,0.3130144743847588,1.3375289723034047,0.3360870909166702,0.6019509122783824,2.0047413813833055,0.3214521109083308,0.5387956403397991,3.8552718872755873,0.6181771363621746,1.0361454621919215,1.0975462605178306,0.41458879895427125,0.6164717042470891,2.286554709412147,0.863726664488065,1.2843160505147688,2.996803619567624,1.0170795789580453,1.378991721140319,6.243340874099217,2.1189157894959276,2.872899419042331,0.16582914572864327,-0.004170854271356772,-0.004170854271356772,0.12060301507537685,-0.0043969849246231485,-0.0043969849246231485,0.08040201005025127,-0.004597989949748693,-0.004597989949748693,0.23809523809523814,0.0660672660672661,0.09831029185867901,0.2696629213483146,0.21105527638190957,0.028097882898200255,0.06080485901963917,0.23737373737373735,0.2642140468227425,0.07222740241539694,0.10848545950349897,0.31879194630872487,14.0,0.0,0.0,19.0,-1.0,-1.0,25.0,-3.0,-1.0,-0.0005601658049932868,2.562875934155691e-05,-0.0004196299786273939,-0.15499876428589987,-0.15405484012968174,-0.15225997027392602,0.0700280112044818,0.04669081163331067,0.058823529411764705,-2.677546739578247
97,1,test,0.18068332286538125,0.008928987902140584,0.05784150842974674,0.5209994843788178,0.025746693271220922,0.16678570877315324,1.198035728692973,0.010649630561599732,0.067330183187714,3.454530207978767,0.030708158027137333,0.19414625637622374,0.25384324840534467,-0.11367296939914001,-0.004896267201691562,0.6954609545351909,-0.3114327928743563,-0.013414430689565937,1.2889697403690334,-0.1551734788029766,-0.006326616025794207,3.53142394621653,-0.4251328186382919,-0.01733319459121674,0.1809721538233429,0.00902365561711238,0.058108610495440666,0.5218323270440082,0.026019667167790084,0.16755589628296969,1.1983818084770355,0.010765141226868336,0.06765169372586133,3.455528127356112,0.03104123246970758,0.19507333045224096,0.055276381909547756,-0.004723618090452297,-0.004723618090452297,0.04020100502512558,-0.00479899497487446,-0.00479899497487446,0.025125628140703515,-0.004874371859296511,-0.004874371859296511,0.1182432432432432,0.020435486076295528,0.023861220771333125,0.057627118644067776,0.09547738693467334,0.015276885681540509,0.02869942366255318,0.08080808080808077,0.11486486486486491,0.015370767057107715,0.02160643789857275,0.057627118644067776,13.0,-4.0,-4.0,13.0,-4.0,-4.0,15.0,-4.0,-4.0,0.0003084629340178591,0.00011715101627261351,1.2828545030768342e-05,-0.08361806603528077,-0.09327946649621455,-0.0894859536602417,0.08445945945945946,0.03220539859291673,0.25,-2.3997642993927
164,1,test,1.6277546014982358,0.7489418581947309,0.9960820802860596,3.9283144382824093,1.807446351109951,2.4038780870903573,5.09242734266048,2.6843882945603936,3.211673792263827,12.289724653620626,6.478323750872416,7.750839418663369,2.04519497661981,0.9221859498945117,1.280085181158424,3.6999436395212926,1.6683182184455259,2.3157904640956946,7.730665690040516,4.6565753696479035,5.581435352602831,13.985477021073299,8.424168168726663,10.097323956072396,1.891908017555789,0.8235472123785286,1.1691345146014707,4.054088609048119,1.7647440265254177,2.5052882455745795,6.632010609370063,3.7214060697614153,4.57187151315939,14.211451305792991,7.9744415780601745,9.796867528198693,0.4191919191919192,-0.005808080808080818,-0.015808080808080827,0.3282828282828283,-0.0017171717171716727,-0.0017171717171716727,0.26262626262626265,-0.0023737373737373613,-0.0023737373737373613,0.29639889196675895,0.10414439680769949,0.13999615491886064,0.24722222222222223,0.3232323232323232,0.11164542146909906,0.15376923598400105,0.2639593908629442,0.31438127090301005,0.11070848292304347,0.15754033653148614,0.2684563758389261,16.0,0.0,0.0,25.0,0.0,0.0,32.0,1.0,1.0,0.0009619113487626133,0.0004567126313438217,0.0002983181182697239,-0.14542898702878126,-0.1487499986890617,-0.153586253698605,0.09695290858725762,0.10122480947688235,0.8725761772853186,-1.4084864854812622
121,1,test,0.41572465143401355,0.04246608701360893,0.13662458925069693,0.7887378660768612,0.08056921988198407,0.2592124056331715,1.515468529329935,0.06300868360731293,0.19352891591416488,2.87523823715337,0.11954387232346386,0.3671747240289296,0.5433171136653996,0.033788367437223576,0.1850332859021216,0.9208764638396604,0.057268419385124725,0.3136157388171553,1.7217085032650583,0.0572018981909872,0.2908368193043347,2.9181500055339975,0.09695236981523259,0.492943761532771,0.4156642781787455,0.04194269090192393,0.13646258514421294,0.7886233222980308,0.07957620123173237,0.258905041677719,1.515377038323396,0.06224451477358994,0.19330306823218235,2.8750646549012373,0.11809404515263289,0.36674623219393476,0.11055276381909551,-0.004447236180904479,-0.004447236180904479,0.0653266331658291,-0.004673366834170856,-0.004673366834170856,0.045226130653266305,-0.004773869346733739,-0.004773869346733739,0.17391304347826086,0.02382262756506015,0.03897328444211634,0.047272727272727244,0.1758793969849246,0.01046586315033815,0.03564567411347219,0.06060606060606055,0.1811594202898551,0.03287732264066889,0.045014841976602105,0.043636363636363584,12.0,-3.0,-3.0,13.0,-3.0,-3.0,16.0,-4.0,-4.0,0.0002227250800928059,0.0006005694888598136,0.00026376188779310346,-0.09424985666838404,-0.09551330256093626,-0.0981302820185761,0.09057971014492754,0.24610788440872536,0.11594202898550725,-1.6056681871414185
3,1,test,0.9719798499504685,0.437211605324873,0.6121610686818509,3.3381126159915078,1.5015348061662306,2.102371346988175,2.643172367090081,0.9361197892920763,1.2101026751338892,9.077561664753812,3.2149568521142013,4.155908177227498,1.1885407031700357,0.5104331718919984,0.7310284041738988,3.08711870953256,1.325800446472723,1.8987750757763602,3.282287878492811,1.3121421157000543,1.7021496983583644,8.52542306102029,3.408161339480661,4.4211680476840645,1.0812256144758874,0.4753558807317352,0.6732679180821814,3.367567278419691,1.4805355035290504,2.0969490365267944,2.9482908055009673,1.1154452019609655,1.4445472594513598,9.18269740463322,3.4741470352742567,4.4991628184995465,0.3065326633165829,-0.0034673366834171437,-0.0034673366834171437,0.18090452261306533,-0.0040954773869347205,-0.0040954773869347205,0.11557788944723613,-0.004422110552763869,-0.004422110552763869,0.27138643067846613,0.07403738796859871,0.12810870742036995,0.22189349112426038,0.2864321608040201,0.0834246420070276,0.1278344980327346,0.24242424242424243,0.2818791946308725,0.07584904387710367,0.12562919463087252,0.24242424242424243,16.0,0.0,0.0,20.0,0.0,0.0,23.0,0.0,0.0,0.0007463317440714026,2.6981595616544416e-05,0.000359442701560296,-0.25116695595058935,-0.25643392019847777,-0.26684577120134545,0.07374631268436578,0.13906184592149623,0.3746312684365782,-1.747267484664917
211,1,test,1.4953760456345264,0.0,0.0,8.16353249402522,0.0,0.0,4.4610137822290366,0.0,0.0,24.353493607066678,0.0,0.0,2.43531867814582,1.093094698432178,1.5307807468583743,8.25531755303668,3.705405757397215,5.189087277486016,11.419457265040192,7.591910832728573,8.948667280536572,38.71002462725489,25.73529095840194,30.334465357751093,2.6037577743907567,1.2122120741315026,1.6685277071665912,8.978475084106059,4.180041634936217,5.753543817815832,13.514426904012854,9.493366297660419,10.966627348525911,46.60147208280295,32.73574585400145,37.815956374227284,0.42713567839195976,-0.002864321608040288,-0.002864321608040288,0.3517587939698492,-0.0032412060301507672,-0.0032412060301507672,0.2864321608040201,-0.003567839195979916,-0.003567839195979916,0.2375366568914956,0.0,0.0,0.1810176125244618,0.3266331658291457,0.11109431871135123,0.1630271558124512,0.19191919191919193,0.3110367892976589,0.1006862049904802,0.15197116082157436,0.2348993288590604,23.0,0.0,0.0,27.0,0.0,0.0,32.0,0.0,0.0,0.0046333478202535685,0.004117086997726758,0.001967679857763221,-0.21648306132519046,-0.23609135639304046,-0.24928090769502997,0.026392961876832845,0.2369210291173962,0.03128054740957967,-2.11515474319458
170,1,test,0.06030735459851961,-0.09522152392138142,-0.06363471275341473,0.117403074928479,-0.1853720791132218,-0.12388059465013875,1.0621629570501319,-0.10611271660226351,-0.06978733517157831,2.0677610228964105,-0.20657446013103353,-0.13585818503816105,0.09899005984524772,-0.13886148098710074,-0.09230579200326328,0.21288184912956498,-0.2986268408324747,-0.19850707957691027,1.1040553250235519,-0.16446553027116262,-0.10676229670415704,2.3743125269323695,-0.35368931241110246,-0.22959633699818704,0.06615373517093626,-0.11783921678333778,-0.08340043720569537,0.12887091267065506,-0.229556915811697,-0.162468384166939,1.0683909538071061,-0.13361639745656584,-0.09292542656924185,2.081281078845012,-0.26029168335694663,-0.18102355825176986,0.035175879396984966,-0.00482412060301507,-0.00482412060301507,0.02010050251256279,-0.004899497487437232,-0.004899497487437232,0.01005025125628145,-0.004949748743718563,-0.004949748743718563,0.04878048780487809,0.00311838734825709,0.00618413892049674,0.015290519877675823,0.07537688442211055,0.010213977153940124,0.013607268395399386,0.025252525252525304,0.05351170568561869,0.00509768231333152,0.009017823594406282,0.016778523489932917,13.0,-4.0,-4.0,13.0,-4.0,-4.0,15.0,-6.0,-6.0,0.00027128773443697195,8.406644440703142e-05,4.2821682959352194e-05,-0.03772762911386918,-0.04517738167522134,-0.04361984594547963,0.08841463414634146,0.03819496380736416,0.003048780487804878,-1.8776836395263672
95,1,test,1.977511754589783,0.9419041399832999,1.0401494033859673,7.825537969017688,3.7273642462586993,4.116146784339341,7.224743665819369,4.407926410760179,4.6715056820807295,28.590224933968955,17.443332719503957,18.486385733362205,2.7564537545384686,1.3121359383105275,1.7905204835322053,7.123822040950068,3.391104567841493,4.627449041855959,15.743912057860236,11.50495265093418,13.116673619724427,40.688811682002424,29.733578929037684,33.89893571850858,2.4477138954433566,1.1870669344065907,1.6037560259832175,7.6236089035162875,3.6972188894538607,4.99503178926023,11.561884805859735,8.034181770197005,9.23633178437127,36.01045371825063,25.023128638426083,28.767325036739685,0.6060606060606061,-0.003939393939393909,-0.003939393939393909,0.45959595959595956,-0.005404040404040411,-0.005404040404040411,0.36363636363636365,-0.0013636363636363447,-0.0013636363636363447,0.31385281385281383,0.08898794898794893,0.10564167015779913,0.26464208242950105,0.3939393939393939,0.10174795817113191,0.17917429326825296,0.36040609137055835,0.37248322147651003,0.12457702382156866,0.18609929290508143,0.32996632996633,18.0,0.0,0.0,24.0,1.0,1.0,33.0,0.0,0.0,0.0011417212993800815,0.00044271727199756897,0.0007065677140758897,-0.08805869315357828,-0.08961081456978626,-0.1038834435924878,0.07792207792207792,0.0790973315595807,0.9458874458874459,-0.24388158321380615
96,1,test,0.32059178934853616,0.11286329745178705,0.11286329745178705,1.0743641512096778,0.37822640753188164,0.37822640753188164,1.377942975071188,0.14706404449833355,0.14706404449833355,4.617749374792137,0.4928396253128682,0.4928396253128682,0.1305647068775144,-0.023053324394036345,0.019662589804287006,0.2331512622812757,-0.04116665070363634,0.03511176750765538,1.1394716691618672,-0.026573739660542328,0.0221861308385094,2.0347708377890483,-0.047453106536682554,0.03961809078305256,0.39014860172281934,0.13113110775853115,0.20933705758764248,0.8128095869225404,0.27318980783027325,0.4361188699742552,1.477200292081686,0.18154382128386715,0.27901093987762926,3.0775006085035126,0.37821629434139004,0.5812727914117275,0.035175879396984966,-0.00482412060301507,-0.00482412060301507,0.03015075376884424,-0.0048492462311557905,-0.0048492462311557905,0.01005025125628145,-0.004949748743718563,-0.004949748743718563,0.13523131672597866,0.038457123177591535,0.038457123177591535,0.13190730837789666,0.06030150753768848,-0.022198492462311536,-0.012909806938185109,0.05555555555555558,0.12040133779264217,0.0370680044593088,0.04825927341972325,0.12416107382550334,9.0,1.0,1.0,13.0,0.0,0.0,14.0,1.0,1.0,6.75770237819342e-05,-7.291310717371557e-05,-0.00015560467500751624,-0.16808994966601043,-0.14001487699231174,-0.15514551427966028,0.04448398576512456,0.02039445381188301,0.0017793594306049821,-1.7789944410324097
137,1,test,2.3550729265279133,1.0964288699668037,1.5041773317753966,5.617285054385097,2.6151858972541544,3.5877414876420572,10.538897398867096,7.018252944211836,8.197154232913977,25.13722194396448,16.739832948416378,19.551730837024447,2.423598236255769,1.1298373266701545,1.5569758253836978,4.572826860859941,2.1317685408870837,2.9376902365730144,11.286397462774373,7.6399226011355825,8.907535013645283,21.295089552404477,14.414948304029402,16.806669837066572,2.431063081378405,1.140065263401385,1.5669237396370028,5.525143366769102,2.5910574168213296,3.5611903173568247,11.370963916870249,7.734550692308671,8.998001020125288,25.843099811068747,17.578524300701524,20.450002318466566,0.6281407035175879,-0.0018592964824121205,-0.0018592964824121205,0.42211055276381915,-0.0028894472361808976,-0.0028894472361808976,0.31658291457286436,-0.003417085427135591,-0.003417085427135591,0.39252336448598135,0.10747663551401876,0.17341640706126693,0.328125,0.40201005025125625,0.10552763819095479,0.1758793969849246,0.31313131313131315,0.39799331103678925,0.1053511705685618,0.17614269788182824,0.3422818791946308,20.0,0.0,0.0,32.0,-1.0,-1.0,39.0,1.0,1.0,0.0008480871478467883,4.790355629904107e-05,0.00015169889171711638,-0.02295423295636656,-0.025165693615624818,-0.02799462514471962,0.0778816199376947,0.08622528962726528,0.19626168224299065,-1.1270394325256348
25,1,test,2.149332050984528,1.0149913516118367,1.0149913516118367,5.496301861721629,2.5955500235247966,2.5955500235247966,8.579126064129767,5.470003043863436,5.470003043863436,21.938660681406468,13.987967982814954,13.987967982814954,1.9831292693931366,0.8716543509771628,1.2369733813106865,3.541302266773458,1.5565256267449334,2.2088810380547974,7.2654429777790845,4.226605850195705,5.156565324520695,12.97400531746265,7.547510446778045,9.208152365215527,1.8220521837262045,0.8145251786347525,1.1466046711926485,3.7184738443391927,1.6622962829280663,2.3400095330462216,6.184537242511108,3.4457176961004436,4.2196251404729015,12.621504576553281,7.032076930817232,8.611479878516125,0.44221105527638194,-0.0027889447236180143,-0.0027889447236180143,0.3517587939698492,-0.0032412060301507672,-0.0032412060301507672,0.25125628140703515,-0.003743718592964851,-0.003743718592964851,0.32748538011695905,0.09483630875821025,0.09483630875821025,0.3515625,0.3517587939698492,0.12118235286709234,0.18481388578954872,0.3787878787878788,0.3311036789297659,0.10405860380455723,0.15980223287859796,0.3355704697986577,15.0,0.0,0.0,23.0,0.0,0.0,26.0,0.0,0.0,0.0003745831323561335,-7.282421714698997e-05,-0.0006483352693721848,-0.12774925898457123,-0.1243111821768963,-0.11199031453136765,0.06042884990253411,0.11520733122718045,0.12280701754385964,-1.7527098655700684
194,1,test,2.6336396886330835,1.2665711712266847,1.391613076247357,5.77661535478483,2.778092427454757,3.0523588700708544,13.924358111559558,10.000526935268091,10.461734356577782,30.541634537147143,21.935118041979543,22.946728659474854,3.219169082893168,1.5055834935223114,2.074825666568151,5.410368206543139,2.530392426087918,3.487101960618741,25.007332525732636,19.458510878673977,21.866953767379616,42.02913029534897,32.7033796280235,36.75118280231868,3.0683739624788315,1.4672030982622168,1.9986962932672425,5.578861749961511,2.667641996840394,3.6339932604858953,21.506903195920152,16.54806804665705,18.59246326108238,39.103460356218456,30.087396448467363,33.80447865651342,0.5829145728643217,-0.002085427135678275,-0.002085427135678275,0.5175879396984925,-0.002412060301507535,-0.002412060301507535,0.457286432160804,-0.0027135678391959628,-0.0027135678391959628,0.3987068965517241,0.14897600311792425,0.1709454107257221,0.3455723542116631,0.4371859296482412,0.16149670659059712,0.23852148891368363,0.41414141414141414,0.4147157190635451,0.13758717148424626,0.2222796790190512,0.3926174496644296,24.0,-1.0,-1.0,33.0,-3.0,-3.0,41.0,-2.0,-2.0,0.0017435315016357201,1.4881092887711537e-05,0.0006230180605375371,-0.10910425942829338,-0.091233819231193,-0.10627112392995297,0.12931034482758622,0.0689793762768697,0.7758620689655172,-1.6512067317962646
129,1,test,0.6870982315935249,0.22047619731099166,0.3169065662219866,1.4410492640988521,0.4624041327387285,0.6646472848331394,1.9879386181856125,0.39334003228220493,0.5399264963360701,4.169298291113608,0.8249509866242999,1.1323863815048387,0.3530583898003104,0.021743370601015333,0.12176862604058811,0.5984040505090007,0.03685317051019543,0.20638750176370863,1.4234142538812202,0.0306157724119962,0.16318989998613254,2.412566532002068,0.05189113968134951,0.27659305082395313,0.37616078183114926,0.039230380381569674,0.11295285003166261,0.7523215636622985,0.07846076076313935,0.22590570006332522,1.4566813228343947,0.05603974511173071,0.1555840925191958,2.9133626456687893,0.11207949022346142,0.3111681850383916,0.07035175879396982,-0.004648241206030135,-0.004648241206030135,0.0653266331658291,0.0003266331658291488,-0.004673366834170856,0.05025125628140703,-0.004748743718593018,-0.004748743718593018,0.2041343669250646,0.055747270150871,0.06923700622125228,0.20207253886010368,0.13567839195979903,0.022896437072580933,0.04051979429702779,0.07070707070707072,0.1505016722408027,0.01193739845115327,0.02925584354224875,0.11409395973154357,14.0,-5.0,-5.0,16.0,-7.0,-7.0,18.0,-7.0,-7.0,0.00045205859320344196,-0.0009021184752405695,6.707157338616576e-05,-0.1286783070594164,-0.1476648082412706,-0.13889514531857472,0.06459948320413436,0.13042570587246483,0.7131782945736435,-2.247321605682373
210,1,test,0.38839714117204593,0.1113401114014887,0.1500145965366087,1.1064208034703678,0.3171728173476619,0.427344212502313,1.4746152984625014,0.15537369352680996,0.20542067489840288,4.2007133173306785,0.4426105874809787,0.5851786330987401,0.3517439080805191,-0.07849757257382173,0.0407069773981103,0.8180090885593467,-0.18255249435772503,0.09466738929793095,1.421544431057996,-0.11608435526754723,0.056704806343839564,3.3059172815302236,-0.26996361690127246,0.1318716426600921,0.5544081735727865,0.1219269206633743,0.2554770428455838,1.3305796165746875,0.29262460959209835,0.613144902829401,1.7409103630693024,0.19983377874974995,0.3924936072756191,4.178184871366326,0.47960106899940014,0.9419846574614859,0.055276381909547756,-0.004723618090452297,-0.004723618090452297,0.045226130653266305,-0.004773869346733739,-0.004773869346733739,0.03015075376884424,-0.0048492462311557905,-0.0048492462311557905,0.09259259259259256,0.020916292014557913,0.02025632670793953,0.09280742459396751,0.10050251256281406,0.01027694865303963,0.015360609390860813,0.09595959595959591,0.11371237458193983,0.018553776919168596,0.0347357338700377,0.1308724832214765,10.0,0.0,0.0,12.0,-2.0,-2.0,12.0,-1.0,-1.0,5.124879747873852e-05,-0.0001266791172948407,1.4880103601702046e-05,-0.070830053990248,-0.0628159017906238,-0.06434696716652932,0.05787037037037037,0.036431046073640706,0.0023148148148148147,-2.559283494949341
76,1,test,2.1714034141885534,0.9434183938621292,0.9434183938621292,6.968690026930706,3.027714845417996,3.027714845417996,8.77058416990005,5.356241400906474,5.356241400906474,28.147456173167605,17.189797984304498,17.189797984304498,2.873406621303638,1.352677481568303,1.8571773298276673,6.246536133268778,2.9406032208006585,4.037342021364494,17.6972032974831,13.12164309557704,14.934445752432339,38.472181081485,28.525311077341392,32.46618641833117,2.5380943247076124,1.1934613393786644,1.6359086113113213,6.564037046657618,3.0865379466689595,4.230798132701693,12.655530644266763,8.818752515967654,10.190545666173453,32.72982063172439,22.807118575778418,26.354859481483068,0.4974874371859297,-0.002512562814070307,-0.002512562814070307,0.4170854271356784,-0.0029145728643216184,-0.0029145728643216184,0.38190954773869346,-0.0030904522613065533,-0.0030904522613065533,0.32486388384754994,0.1205628085787327,0.1205628085787327,0.2909090909090909,0.3869346733668342,0.1613707635923981,0.2149814179411247,0.3232323232323232,0.35451505016722407,0.1408255676964394,0.19211238053429858,0.30536912751677847,27.0,-8.0,-8.0,31.0,-3.0,-3.0,40.0,-3.0,-3.0,0.0013245301368084337,0.0006101100579679358,0.0009018595423775617,-0.16434733035447024,-0.16052263871393357,-0.16866762003081615,0.045372050816696916,0.22347705446244975,0.1161524500907441,-1.0328712463378906
115,1,test,0.5634343368394382,0.20161080974494056,0.2930982360063917,1.0141818063109886,0.3628994575408929,0.5275768248115049,1.7566952354886527,0.3207497213662367,0.4462904306147011,3.1620514238795745,0.5773494984592258,0.8033227751064618,0.6400065785768418,0.10025655140490475,0.25724567877874616,1.0756413085325074,0.16849840572252905,0.4323456786197415,1.8964933554911827,0.18091539478554863,0.4301659665150537,3.1873837907414835,0.30405948703453545,0.7229680109496699,0.4265318712459889,0.047112811087784534,0.1562375921325702,0.7030745130428389,0.07765847981502949,0.25753449252621463,1.531935350853176,0.07050001409075657,0.22158534821560294,2.5251681607469934,0.11620881443531328,0.3652505739817631,0.10050251256281406,-0.004497487437185921,-0.004497487437185921,0.085427135678392,-0.004572864321607972,-0.004572864321607972,0.07035175879396982,-0.004648241206030135,-0.004648241206030135,0.125,0.01916553595658077,0.03702346041055715,0.10081743869209814,0.11557788944723613,0.015327262880820092,0.030435986275282878,0.07070707070707072,0.09030100334448166,0.015175794663346398,0.025784874312223538,0.046979865771812124,15.0,-3.0,-3.0,18.0,-2.0,-2.0,20.0,-1.0,-1.0,0.0011336872893223167,-0.00038849572668942986,0.0004496880764852469,-0.02891259910066757,-0.039406049986805636,-0.03243598935843828,0.17391304347826086,0.06569177875444156,0.029891304347826088,-1.6731371879577637
57,1,test,0.32304880984462403,0.0767137033353544,0.1364793821927975,0.5627301848906354,0.13363032193900448,0.2377382786584215,1.381332771898183,0.1020045589687355,0.17622448487828568,2.4061925704032863,0.177685360784249,0.30697168333636826,0.05991361517548046,-0.1251196387710742,-0.09495061179949713,0.09903076888509167,-0.20680932028276733,-0.15694315999916886,1.0617448239433953,-0.14151362861128347,-0.10575461147015885,1.7549501222204882,-0.2339068241508817,-0.1748010106944775,0.24284422667609631,0.030465719198845054,0.07565005708155484,0.4116003841967734,0.05163681220143229,0.12822043573144887,1.2748700179098515,0.038254153052522,0.09288626957635548,2.1607966405251724,0.06483754754664783,0.15743435521416194,0.015075376884422065,-0.004924623115577953,-0.004924623115577953,0.015075376884422065,-0.004924623115577953,7.537688442205148e-05,0.01005025125628145,-0.004949748743718563,-0.004949748743718563,0.11455108359133126,0.012541810021006738,0.028042329729333293,0.12422360248447206,0.055276381909547756,-0.0023677283661415194,0.00018456221004858886,0.025252525252525304,0.09030100334448166,-0.0031881452364865837,0.011324362632579521,0.09395973154362414,12.0,-3.0,-3.0,12.0,-3.0,-3.0,13.0,-4.0,-4.0,7.825192486378536e-05,-0.00019731677009262813,-0.00038033968543779636,-0.04789946577487636,-0.059454990097647764,-0.0604250762034364,0.07739938080495357,0.047569137850525106,0.826625386996904,-3.2567873001098633
213,1,test,1.5602621110765051,0.7227755014002377,0.7227755014002377,4.332217138201786,2.006855381547469,2.006855381547469,4.76006874838238,2.449516395676022,2.449516395676022,13.216786631146821,6.80131680076002,6.80131680076002,1.2826179009563894,0.5066611196501083,0.7539218422637528,2.466572886454595,0.974348307019439,1.449849696661063,3.6060677075236436,1.4333978045393336,1.909349263232463,6.934745591391622,2.756534239498719,3.671825506216275,1.463177879756955,0.6422078239445499,0.9077102913707783,3.2893998950927035,1.4437604463114317,2.0406419332320507,4.319665115784742,2.0469616980627867,2.576909429179068,9.711126839245399,4.601816148276491,5.793202400936401,0.29648241206030146,-0.0035175879396985854,-0.0035175879396985854,0.20100502512562812,-0.003994974874371837,-0.003994974874371837,0.16582914572864327,-0.004170854271356772,-0.004170854271356772,0.29558541266794625,0.09519440582532646,0.09519440582532646,0.32692307692307687,0.26633165829145733,0.07836173347942721,0.11942013909279292,0.30808080808080807,0.2818791946308725,0.08589929513338512,0.13344169463087252,0.3232323232323232,13.0,1.0,1.0,21.0,1.0,1.0,25.0,-1.0,-1.0,0.0002653954092513248,-0.00016947739753775864,-0.00036437614338706234,-0.1368854931109631,-0.13125884936997956,-0.13245638622211597,0.19001919385796545,0.035109874820595154,0.03262955854126679,-1.7095853090286255
267,1,test,0.8489347678776026,0.2360356181948543,0.2360356181948543,3.626313946736426,1.0082509122891308,1.0082509122891308,2.337155911894465,0.49138108505070033,0.49138108505070033,9.983406734759072,2.09898586947583,2.09898586947583,1.9249980672995506,0.8388273396780357,1.1927835120051093,3.6483296704058152,1.5897775294850391,2.260608751323969,6.855135416963074,3.8922288713830975,4.77545433642222,12.992113790244302,7.376700432430822,9.050622980457348,1.699512515124392,0.7636280045507827,1.0698173586121436,3.6945924241834605,1.6600608794582232,2.325689910026399,5.471279575476727,2.9218120837896344,3.594241286336115,11.894086033645058,6.351765399542684,7.813568013774164,0.43434343434343436,-0.0006565656565656885,-0.0006565656565656885,0.31818181818181823,-0.0018181818181817189,-0.0018181818181817189,0.23232323232323238,-0.0026767676767676107,-0.007676767676767615,0.22286541244573077,0.04300226484064773,0.04300226484064773,0.16521739130434787,0.3232323232323232,0.08897539628018214,0.1470578265880279,0.3248730964467005,0.3277591973244147,0.10238357128100906,0.15423305716868618,0.31543624161073824,15.0,0.0,0.0,22.0,0.0,0.0,27.0,1.0,1.0,0.0042644308539358956,0.0017252850687786956,0.00018610257502139134,-0.13370861151101998,-0.13359415504185312,-0.11948690480369262,0.03907380607814761,0.08147992565458254,0.4240231548480463,-1.4583185911178589
80,1,test,0.0530642627798319,-0.0326771345282521,-0.0326771345282521,0.26625774206586245,-0.16396232795646493,-0.16396232795646493,1.0544974078767766,-0.03502713001563529,-0.03502713001563529,5.2910958171699445,-0.17575377590198116,-0.17575377590198116,0.07967543136480193,-0.07627605426715706,-0.045205307286082116,1.2257758671507988,-1.1734777579562623,-0.695466265939725,1.082935523723032,-0.08583397587772246,-0.050077796588750445,16.660546518815877,-1.3205227058111149,-0.7704276398269307,0.10725707343742419,-0.019807871857888237,0.009541270335406457,1.2375816165856637,-0.22855236759101816,0.11009158079315151,1.1132203970920085,-0.02227036307758512,0.010571026047856646,12.84485073567702,-0.2569657278182902,0.12197337747526937,0.03015075376884424,-0.0048492462311557905,-0.0048492462311557905,0.01005025125628145,-0.004949748743718563,-0.004949748743718563,0.005025125628140725,-0.004974874371859284,-0.004974874371859284,0.09507042253521125,0.02175663954400886,0.02175663954400886,0.06815511163337251,0.09547738693467334,0.025301948338182112,0.03203832182615918,0.0505050505050505,0.11371237458193983,0.030239920491789585,0.04252216323599989,0.09060402684563762,11.0,-2.0,-2.0,13.0,-4.0,-4.0,14.0,-5.0,-5.0,0.00021619816827952532,0.0001515232656851741,6.460251312873281e-05,-0.08125430956496726,-0.07283595477287508,-0.07475211170709173,0.029342723004694836,0.05903154050080781,0.0011737089201877935,-1.1554396152496338
34,1,test,0.3081560608430628,0.11382330247029696,0.17370948577687376,0.5198188097049645,0.19200496477312723,0.2930250921690699,1.3609133576514294,0.14641300676693403,0.21700981325268698,2.2956821285635223,0.24697951646543403,0.366067058719179,0.09990244603427047,-0.0846057470956205,-0.030365277553787665,0.16650407672378412,-0.14100957849270088,-0.050608795922979455,1.1050631095284416,-0.09756372499393229,-0.03407020583407472,1.8417718492140693,-0.1626062083232207,-0.056783676390124604,0.06828651515051827,-0.03732269918725879,-0.008540211305326811,0.11706259740088845,-0.06398177003530078,-0.014640362237703097,1.0706720282940814,-0.04071544904817559,-0.009182921592610693,1.8354377627898537,-0.06979791265401514,-0.015742151301618268,0.02010050251256279,-0.004899497487437232,-0.004899497487437232,0.015075376884422065,-0.004924623115577953,-0.004924623115577953,0.01005025125628145,-0.004949748743718563,-0.004949748743718563,0.0930930930930931,0.01824279369189552,0.028287509842843894,0.09036144578313254,0.07537688442211055,0.022876884422110555,0.020468398565205437,0.010101010101010055,0.06688963210702337,0.011889632107023318,0.004736468954970041,0.010067114093959773,11.0,-2.0,-2.0,11.0,0.0,0.0,12.0,-1.0,-1.0,0.00018694171098095123,-0.0002428054036400662,-0.00037545395720735313,-0.013244760957700996,-0.01820083349573509,-0.015002402759003886,0.07507507507507508,0.12317693629761464,0.003003003003003003,-1.7911527156829834
77,1,test,1.696649960866552,0.8110742620485358,0.9350293651662405,6.665410560547169,3.186363172333534,3.673329648867374,5.455640135883724,3.0312604335470574,3.3138958247104995,21.432871962400345,11.908523131792013,13.01887645421982,2.444411662127296,1.1544914441269643,1.5786113829611623,6.267722210582811,2.9602344721204212,4.047721494772211,11.523767735026052,7.891270998687688,9.146860220423514,29.548122397502695,20.2340282017633,23.453487744675677,1.9451807684325038,0.9127846108080868,1.2534963680944382,6.9470741729732275,3.25994503860031,4.476772743194422,6.994896197174042,4.187110519532409,4.997819618934759,24.981772132764434,14.953966141187172,17.84935578190985,0.4974874371859297,-0.002512562814070307,-0.002512562814070307,0.371859296482412,-0.003140703517587995,-0.003140703517587995,0.3266331658291457,-0.0033668341708542604,0.001633165829145744,0.2984054669703873,0.09135199711828257,0.10974466540635985,0.25799086757990863,0.3517587939698492,0.12118235286709234,0.16811939497151862,0.3434343434343434,0.3010033444816054,0.0956611074198358,0.13637598074411927,0.2751677852348994,21.0,0.0,0.0,31.0,0.0,0.0,39.0,0.0,0.0,0.0002717953012769064,0.0008586949606686839,0.00023412667376559348,-0.13118566724250869,-0.1376596381676265,-0.1431328833207859,0.05694760820045558,0.13074870192209437,0.43507972665148065,-0.7828322649002075
192,1,test,0.42708932872007777,0.13258919491417448,0.21367662020041542,0.8613767921938646,0.26741303918083503,0.4309545317525232,1.5327895777397895,0.19033443474162848,0.29489414191319674,3.0914126876886767,0.3838767532148575,0.5947584098136947,0.1903413047607528,-0.12771969810292047,-0.03758861809183861,0.3226123809504285,-0.21647406458122115,-0.063709522189557,1.2096623907419857,-0.16479771393059406,-0.046334914897974366,2.0502752385457383,-0.27931815920439673,-0.07853375406436358,0.1723916380264234,-0.03771282804606943,0.025634395446241992,0.3358278662852404,-0.07346654814169368,0.04993713398618571,1.1881430641116415,-0.04566388007864375,0.03007026597227558,2.314564410607094,-0.08895561054281265,0.05857844020573166,0.055276381909547756,-0.004723618090452297,-0.004723618090452297,0.02010050251256279,-0.004899497487437232,-0.004899497487437232,0.01005025125628145,-0.004949748743718563,-0.004949748743718563,0.13687150837988826,0.02111139680387708,0.03814228061840241,0.12605042016806722,0.1758793969849246,0.07562877041850857,0.08405969748575937,0.0505050505050505,0.15719063545150502,0.0386597506434917,0.06375348305995887,0.06711409395973156,11.0,-2.0,-2.0,13.0,-4.0,-4.0,15.0,-5.0,-5.0,0.00019167517862037382,-0.0005331488566958479,0.00011422540745643456,-0.07067374055145903,-0.09147830033300619,-0.07982894193140799,0.06983240223463687,0.0919046259464306,0.002793296089385475,-1.6798588037490845
184,1,test,1.0247267095748178,0.09810146302242406,0.09810146302242406,5.3423252236979835,0.511443602952272,0.511443602952272,2.786333878133743,0.2603636276100949,0.2603636276100949,14.526313815880185,1.3573835463818966,1.3573835463818966,1.7344481488104595,0.7250084189854251,1.0434178574550215,4.625195063494559,1.9333557839611335,2.782447619880057,5.665800262301152,2.921737094800029,3.6700295626506723,15.10880069946974,7.791298919466744,9.786745500401793,1.5793570892165434,0.6903875029436388,0.973287599324877,5.040501348563436,2.2033643710967192,3.1062370191219473,4.851835510938016,2.419213758359561,3.0186237486512497,15.484581417887284,7.720894973487961,9.633905580801862,0.35678391959798994,-0.0032160804020100464,-0.0032160804020100464,0.3015075376884422,-0.0034924623115578646,-0.0034924623115578646,0.22613065326633164,-0.003869346733668344,-0.003869346733668344,0.24473067915690871,0.01990174465055483,0.01990174465055483,0.21805392731535755,0.321608040201005,0.1060691930832105,0.15633258110250747,0.297979797979798,0.29431438127090304,0.10733608410896645,0.14525987626534131,0.2751677852348994,19.0,0.0,0.0,26.0,0.0,0.0,34.0,0.0,0.0,0.0018061505138937672,0.001121929852216984,-2.500631543740342e-06,-0.25252042829793186,-0.25770273588042336,-0.25122063148862406,0.04449648711943794,0.0592620986232777,0.01756440281030445,-2.1888742446899414
218,1,test,1.5564602093351112,0.7116737761568033,0.9789350004298304,7.293999804531207,3.335098676499529,4.5875581392692055,4.742005793266516,2.4145251044324376,2.9603819696513387,22.2223408743274,11.315127450183384,13.873162563660197,1.703321694102729,0.7468560513339302,1.0537228457258236,7.5703186404565725,3.3193602281508,4.683212647670327,5.492160402776314,2.8896783046308774,3.5773878419687595,24.409601790116948,12.843014687248342,15.89950151986115,1.5568150677598689,0.712028634581561,0.9795163654470436,7.295662768521739,3.3367616404900606,4.590282575330264,4.7436888325751845,2.416208143741106,2.9624685128014665,22.23022805853861,11.323014634394594,13.882940677638246,0.29145728643216084,-0.0035427135678391952,-0.0035427135678391952,0.2562814070351759,-0.00371859296482413,-0.00371859296482413,0.2211055276381909,-0.003894472361809065,-0.003894472361809065,0.24789915966386555,0.09099539397348899,0.12812200088949233,0.189873417721519,0.2613065326633166,0.09380653266331662,0.1348506258413532,0.19191919191919193,0.24789915966386555,0.09099539397348899,0.12812200088949233,0.189873417721519,20.0,-2.0,-2.0,24.0,-2.0,-2.0,31.0,-5.0,-5.0,0.0009398125884157423,0.00032276003545992407,0.0001487827612757292,-0.18975090911361114,-0.19092909245097545,-0.19110836311050594,0.1134453781512605,0.1439457017966769,0.3949579831932773,-0.32150232791900635
112,1,test,0.17991432243817532,0.036673754420097016,0.06205257164922588,0.4938073956281833,0.10065775149345774,0.17031450516489655,1.1971147928512118,0.043107407305853496,0.07202623484169313,3.2856980484639644,0.11831607537138522,0.19768902754422157,0.2357272743767204,-0.03570227741050083,0.021712676336315434,0.399537753180882,-0.06051233459406924,0.03680114633273801,1.265829039073236,-0.04600941285348581,0.02718830268424499,2.145472947581756,-0.0779820556838744,0.04608186895634736,0.22808574916529312,-0.005687285744905818,0.059358705839541004,0.49227140107617223,-0.012274717435048543,0.1281123147615993,1.256193038318616,-0.0071646832482044065,0.07239606878205018,2.7112079963711135,-0.015463345140009466,0.15625050816269814,0.06030150753768848,-0.0046984924623114654,-0.0046984924623114654,0.04020100502512558,-0.00479899497487446,-0.00479899497487446,0.025125628140703515,-0.004874371859296511,-0.004874371859296511,0.10362694300518138,0.017063635511641362,0.024448057374682808,0.09090909090909094,0.10552763819095479,0.010527638190954813,0.02233296265018936,0.11111111111111116,0.11371237458193983,0.020379041248606455,0.030471531074725666,0.11409395973154357,10.0,0.0,0.0,12.0,-2.0,-2.0,14.0,-2.0,-2.0,-0.00018065830809569324,6.166940510749629e-05,-0.00011867876095627942,-0.09562195890425396,-0.08965196830798527,-0.09242670927118257,0.06476683937823834,0.043057413356964176,0.0025906735751295338,-2.1290793418884277
29,1,test,1.2006399245944486,0.4858164487921398,0.4858164487921398,3.8055370709367904,1.5398392704405839,1.5398392704405839,3.322242227156609,1.2784163614647048,1.2784163614647048,10.5301478778882,4.052056537508013,4.052056537508013,1.1941197357712887,0.44310352402560305,0.6787710180894332,2.567999431766212,0.9529108043561354,1.459722619547168,3.30065104629918,1.1814986159351695,1.6264288153906235,7.098174293116515,2.540857238570257,3.4976963771841363,1.0385372887432631,0.42050729754316873,0.6198315372897624,2.709227709765034,1.0969755588082664,1.6169518364080757,2.825081711890944,0.9698121698238509,1.3050886786500984,7.369778378845941,2.5299447908448283,3.404579161695909,0.2562814070351759,-0.00371859296482413,-0.00371859296482413,0.20100502512562812,-0.003994974874371837,-0.003994974874371837,0.17085427135678388,-0.004145728643216162,-0.004145728643216162,0.25138632162661734,0.07543324244773175,0.07543324244773175,0.25,0.24120603015075381,0.07286432160804024,0.09212730318257956,0.23232323232323238,0.23076923076923073,0.0635451505016722,0.09810479375696768,0.21476510067114096,16.0,-7.0,-7.0,22.0,-12.0,-12.0,27.0,-11.0,-11.0,-0.000323097878656251,0.00024401997001676832,-6.358948990361754e-05,-0.25309401876774995,-0.2694612531859484,-0.2615646743847906,0.05730129390018484,0.07799081341499513,0.0018484288354898336,-1.5898947715759277
163,1,test,1.4569571457949109,0.628050386149002,0.6719863580401456,4.580368543316027,1.974459057108954,2.11258456351183,4.292877035440901,2.002064073809638,2.10053413890145,13.495907542791327,6.294070715702194,6.603640005304558,1.4294576738595342,0.5227697811569479,0.793908861997694,3.286109595079389,1.201769611855053,1.8250778436728599,4.176433588521826,1.7003257863836394,2.2883755426959995,9.600996755222589,3.9087949112267566,5.260633431485056,1.223021791176671,0.44611732598456777,0.6841610450170184,3.397282753268531,1.2392147944015774,1.9004473472694956,3.397438587798639,1.2227087046072094,1.6833855798422948,9.437329410551776,3.39641306835336,4.676071055117487,0.35678391959798994,-0.0032160804020100464,-0.0032160804020100464,0.27135678391959794,0.0013567839195979259,0.0013567839195979259,0.20100502512562812,-0.003994974874371837,-0.003994974874371837,0.30208333333333337,0.07731746444675691,0.08605205278592376,0.29227557411273486,0.3065326633165829,0.07846248787798638,0.11955436615464632,0.23737373737373735,0.29096989966555187,0.0739415190311612,0.11410671835298236,0.22483221476510062,19.0,-10.0,-10.0,24.0,-11.0,-11.0,32.0,-13.0,-13.0,-0.0001640767305102613,0.0006683595872412923,-0.0006151764936920071,-0.17416222121753666,-0.17711546467040673,-0.1546147436567109,0.12708333333333333,0.05905419585837833,0.6645833333333333,-2.170903205871582
159,1,test,0.34041060082286045,0.10397256047978432,0.17555223192544786,0.6401199341560311,0.19551361916307264,0.33011452307720085,1.4055245816487558,0.1387955145585702,0.2262984898567697,2.6429973111438563,0.2609959132460071,0.425539551578491,0.156735025534376,-0.05807429686804169,0.0003666785414013496,0.2749737290076772,-0.10188473134744158,0.0006432956866690431,1.1696856360082646,-0.06993986960793341,0.000428819998559149,2.052080063172394,-0.12270152562795333,0.0007523157869457897,0.10476290781424402,-0.031005041520799387,-0.001586609967456104,0.18379457511270883,-0.05439480968561297,-0.0027835262586949072,1.1104473007649103,-0.034968767428387615,-0.0017632451770255297,1.9481531592366848,-0.061348714786645164,-0.003093412591272937,0.05025125628140703,-0.004748743718593018,-0.004748743718593018,0.035175879396984966,-0.00482412060301507,-0.00482412060301507,0.015075376884422065,-0.004924623115577953,-0.004924623115577953,0.10434782608695647,0.021858679921978208,0.03787666284159963,0.09883720930232553,0.07537688442211055,0.012720242818100469,0.02028506472261138,0.04040404040404044,0.05685618729096986,0.008442163918682688,0.01792404046115892,0.02684563758389258,12.0,-3.0,-3.0,13.0,-3.0,-3.0,15.0,-5.0,-5.0,0.00023296611108402626,-0.00029121904475620965,0.00014028491182816174,-0.03896495353962526,-0.03901822439941993,-0.038519632009581306,0.07246376811594203,0.08781143901678085,0.9246376811594202,-1.6936317682266235
72,1,test,1.1694716199598343,0.48455396285183494,0.6389765977532637,2.4193830867952126,1.002437034259616,1.3219039667805612,3.2202906516162946,1.2366821588639911,1.5205171255840455,6.662082776624186,2.558427111723918,3.1456200852029723,1.0636922074456205,0.45184260904451046,0.6433069008928689,1.866126679729159,0.792706331657036,1.128608598057665,2.89704776803722,1.0532091602702403,1.3744996776675855,5.082539943924949,1.847735368895159,2.4114029432764665,0.9329060333259509,0.38362914813062043,0.5410211795877748,1.8412619078801662,0.7571627923630666,1.0678049597127135,2.5418852581298976,0.8098851281344819,1.0621179462121895,5.016878798940587,1.5984574897391086,2.0962854201556365,0.21105527638190957,-0.0039447236180903955,-0.0039447236180903955,0.1758793969849246,-0.004120603015075441,-0.004120603015075441,0.13567839195979903,-0.004321608040200986,-0.004321608040200986,0.2512820512820513,0.08354837650612301,0.1154071734716896,0.2133676092544987,0.21105527638190957,0.08323572750972907,0.11756612780094133,0.11616161616161613,0.19397993311036787,0.057085108402521456,0.0860822690391777,0.1308724832214765,17.0,-4.0,-4.0,20.0,-3.0,-3.0,27.0,-6.0,-6.0,0.0014835462483594054,-0.00018562730508615483,0.00048782930712358135,-0.08875649019443488,-0.09928224144995257,-0.09506149792755503,0.06923076923076923,0.09528000458391893,0.002564102564102564,-2.0591630935668945
224,1,test,0.4436501820455462,0.17561713272649127,0.2415715684852216,1.0579350494932254,0.4187793165016329,0.5760552786955283,1.5583852391223671,0.2509948914606974,0.3344410161799496,3.7161494163687214,0.5985262796370474,0.7975131924291103,0.23807659907709766,0.044221986480577014,0.09032661021611504,0.4578396136098032,0.08504228169341732,0.17370501964637508,1.2688063785003054,0.05488659701936882,0.10958333704226919,2.440012266346741,0.10555114811417043,0.2107371866197485,0.5158323150234219,0.1550365192820044,0.25972453200933066,1.0456060439663957,0.31426321476081975,0.5264686459648594,1.6750320761323307,0.24056157015020818,0.38314011168661843,3.395335289457427,0.4876248043585303,0.7766353615269295,0.055276381909547756,-0.004723618090452297,-0.004723618090452297,0.04020100502512558,-0.00479899497487446,-0.00479899497487446,0.035175879396984966,-0.00482412060301507,-0.00482412060301507,0.15094339622641506,0.03788821453058733,0.056124236891126666,0.14054054054054055,0.09547738693467334,0.00023929169657810334,0.015343831008129083,0.0757575757575758,0.16387959866220736,0.043679264772391035,0.06265601690469902,0.1610738255033557,14.0,-5.0,-5.0,15.0,-2.0,-2.0,16.0,-3.0,-3.0,-0.00022600580940245314,-0.00010778206582668313,-0.0003320312902950244,-0.0861470579666217,-0.1091120972886106,-0.09769230311715882,0.0673854447439353,0.0799008218936949,0.0026954177897574125,-2.274702787399292
146,1,test,0.5423222436028605,0.17479502708669808,0.17479502708669808,1.3670519228145839,0.4406123493844417,0.4406123493844417,1.7199964787809023,0.2758373758066526,0.2758373758066526,4.33565932669656,0.6953135694296728,0.6953135694296728,0.17267389449156909,-0.1143694178528614,-0.0354746335676778,0.2854113958538332,-0.18904036008737424,-0.05863575796310383,1.1884784725063722,-0.14400345263557002,-0.04291758032640125,1.96442722728326,-0.23802223576127268,-0.07093814929983688,0.42162887564543694,0.09590176926556448,0.1860374843898929,0.748453625406101,0.17023982709863517,0.3302440551299874,1.5244426618880804,0.13940531244879595,0.25878561592980387,2.706111234120853,0.24746505168425337,0.45938275017124974,0.03015075376884424,-0.0048492462311557905,-0.0048492462311557905,0.025125628140703515,-0.004874371859296511,-0.004874371859296511,0.02010050251256279,-0.004899497487437232,-0.004899497487437232,0.15384615384615385,0.03752161816677946,0.03752161816677946,0.14862385321100913,0.11055276381909551,0.025339731237641883,0.025410860647142264,0.030303030303030276,0.13043478260869568,0.020251143209697342,0.030323547903467696,0.1174496644295302,13.0,-4.0,-4.0,13.0,-4.0,-4.0,13.0,-4.0,-4.0,-0.0007302996230124446,0.0003201428899199622,-0.0003466622466413056,-0.15068205412251068,-0.11866477759513172,-0.1423170969295655,0.05311355311355311,0.062459592291848075,0.0018315018315018315,-2.726933240890503
90,1,test,0.5215082317459645,0.18043485018387556,0.20491121942126234,1.411668834208904,0.48841847377359426,0.5546734732610034,1.6845664512670488,0.27811000622062054,0.31211707098403485,4.559947118084943,0.7528150168385763,0.8448686231809219,0.041463232072865897,-0.11121219548391556,-0.07638927000481519,0.0767837630978998,-0.20594851015539917,-0.1414616111200281,1.0423348366555854,-0.1226119712868563,-0.08274331578282812,1.9302496975103431,-0.22705920608677088,-0.15322836256079286,0.43792378307126456,0.12169860951209505,0.20393126368962294,0.9384081065812812,0.2607827346687751,0.436995565049192,1.5494868057934408,0.17754766052528925,0.2858517663924933,3.320328869557373,0.3804592725541913,0.612539499412486,0.01005025125628145,-0.004949748743718563,-0.004949748743718563,0.01005025125628145,-0.004949748743718563,-0.004949748743718563,0.005025125628140725,-0.004974874371859284,-0.004974874371859284,0.17659574468085104,0.050134533203699094,0.055383623468729826,0.1876332622601279,0.04020100502512558,0.015138348383521572,0.015159268798080494,0.025252525252525304,0.12040133779264217,0.023573291048067935,0.03586296181933846,0.13422818791946312,11.0,-2.0,-2.0,11.0,-2.0,-2.0,11.0,-2.0,-2.0,4.532706630786717e-05,-0.0008336911265768187,-0.0001903189386188386,-0.13230538721899476,-0.12858010777750328,-0.15147079377564765,0.05319148936170213,0.047141339242385644,0.19574468085106383,-2.1875483989715576
113,1,test,1.0448467033456788,0.17773467089549566,0.17773467089549566,5.653243421413375,0.9616505041166885,0.9616505041166885,2.842962673579224,0.4629351968756348,0.4629351968756348,15.382122545127325,2.5047553367377073,2.5047553367377073,1.622589677144725,0.6886762007421801,0.9888915323754632,4.056474192861812,1.7216905018554503,2.4722288309386578,5.066193147795425,2.5217457945949553,3.181626037587688,12.665482869488562,6.304364486487388,7.954065093969221,1.3375934511469776,0.5839633407793237,0.8241908350115091,4.376256834730873,1.9105757127671352,2.6965374058528724,3.8098638406849266,1.685164914873063,2.1388966479042497,12.464880609197422,5.513419993225999,6.9979118589041205,0.3517587939698492,-0.0032412060301507672,-0.0032412060301507672,0.29145728643216084,-0.0035427135678391952,-0.0035427135678391952,0.2160804020100503,-0.003919597989949675,-0.003919597989949675,0.2365196078431373,0.029285981254671967,0.029285981254671967,0.20736196319018407,0.3065326633165829,0.11104394151207164,0.1462655514634944,0.25757575757575757,0.2566666666666667,0.08195784803105943,0.1191943828529195,0.21404682274247488,22.0,-11.0,-11.0,30.0,-14.0,-14.0,36.0,-11.0,-11.0,0.0018269803344131087,0.0011920003008984452,0.00018708851308126464,-0.23305618310994536,-0.26921019730831564,-0.2519584896091853,0.03799019607843137,0.1364439427843967,0.012254901960784314,-2.6496376991271973
150,1,test,2.760302876614723,1.2018754912296818,1.699264512220406,5.195864238333596,2.2623538658441067,3.1986155524148816,15.80462907597221,11.05328574119773,12.915259425257998,29.749890025359456,20.806184924607493,24.311076565191527,2.7600905279889374,1.2016631415250385,1.699052166161107,5.195464523273294,2.261954148753014,3.198215842185614,15.801273341012342,11.049930001111836,12.911903697713658,29.743573347787937,20.79986823738698,24.30475990157865,2.760496325845028,1.2020689404599871,1.6996209545795289,5.196228378061229,2.26271800557174,3.1992865027379365,15.807686765046482,11.056343430272001,12.918788023353441,29.75564567538161,20.811940574629645,24.317718632194712,0.6020942408376964,0.007094240837696386,0.007094240837696386,0.5026178010471204,0.002617801047120394,0.002617801047120394,0.39267015706806285,0.0026701570680628395,0.0026701570680628395,0.4136125654450262,0.11857340095416458,0.18404734805372192,0.3421052631578947,0.4136125654450262,0.11857340095416458,0.18404734805372192,0.3421052631578947,0.4136125654450262,0.11857340095416458,0.18404734805372192,0.3421052631578947,18.0,1.0,1.0,29.0,0.0,0.0,36.0,1.0,1.0,0.00018909647871993675,-9.422767277039445e-05,-4.440622575039389e-05,-0.04040902968855509,-0.04023139554993449,-0.04013959284006763,0.7068062827225131,0.07260925544693347,0.16753926701570682,-0.7728378772735596
1,1,test,0.7148440378731458,0.300464353024928,0.4221875868705509,2.040764430702368,0.8577772658937461,1.205277465743347,2.0438678914161996,0.530436246542223,0.7038855296668152,5.8349131738817315,1.5143099296447335,2.0094796572746176,0.7559275866972268,0.15091662131180839,0.34212549070907194,1.6256507240800575,0.3245518737888351,0.7357537434603697,2.1295859831009545,0.29831369371881755,0.6170282270869936,4.579754802367644,0.6415348252017581,1.326942423842997,0.6737052469689561,0.23802334342005782,0.376054208137667,1.7729085446551476,0.6263772195264681,0.9896163372043869,1.9614916838489935,0.4154747498251006,0.6147999211063504,5.161820220655246,1.0933546048028955,1.6178945292272373,0.2160804020100503,-0.003919597989949675,-0.003919597989949675,0.14070351758793975,-0.004296482412060265,-0.004296482412060265,0.07035175879396982,-0.004648241206030135,-0.004648241206030135,0.22946175637393773,0.06538820616177365,0.08869929303082924,0.20170454545454541,0.2361809045226131,0.08079243334466824,0.09594718165116067,0.19696969696969702,0.21404682274247488,0.05377971088938638,0.07500344120743596,0.1778523489932886,12.0,-3.0,-3.0,17.0,-6.0,-6.0,21.0,-9.0,-9.0,0.0005655909318216018,-2.3319073653939288e-06,0.00024091237083420026,-0.2537505246912213,-0.2467332228199206,-0.2560848566669076,0.0708215297450425,0.11294610401915878,0.0028328611898017,-1.8924908638000488
62,1,test,0.5148220716548096,0.21061870547811734,0.28541750438035257,2.5273083517599746,1.0339463723471214,1.4011404760490034,1.6733407405593255,0.317796040555953,0.4154899191962984,8.214581817291235,1.5600896536383146,2.0396777851454653,0.7308562508404925,0.23876223169329702,0.3991849262716132,2.1495772083543896,0.7022418579214618,1.1740733125635683,2.076858158094451,0.44112025543597544,0.6835633266266969,6.10840634733662,1.2974125159881629,2.010480372431462,0.546007001841062,0.1715172077442489,0.2892704766561682,2.307071838765051,0.7247205961024603,1.2222696196739502,1.7263459409080883,0.2720966821564601,0.4336414540974374,7.294419468625725,1.1497042908019441,1.8322878342145241,0.1758793969849246,-0.004120603015075441,-0.004120603015075441,0.10050251256281406,-0.004497487437185921,-0.004497487437185921,0.09547738693467334,-0.004522613065326642,-0.004522613065326642,0.1511936339522546,0.031988335939009516,0.04562178644492321,0.11702127659574468,0.1959798994974874,0.05562902230450495,0.08078791285308007,0.14646464646464652,0.15719063545150502,0.040329199725294695,0.06597817716451948,0.11409395973154357,15.0,-4.0,-4.0,18.0,-1.0,-1.0,21.0,-3.0,-3.0,0.0002791436994486746,9.563824041494085e-05,0.00015967257597138666,-0.17496562352403933,-0.16519021766656872,-0.1710113404410234,0.08222811671087533,0.06462244829119865,0.08488063660477453,-1.0248866081237793
134,1,test,3.0527296423940053,1.465074043571843,1.9909577523359898,7.056672144374549,3.386656665937811,4.602286398515803,21.173060498127153,16.280794459055002,18.281570643105162,48.94352390509103,37.63459009013439,42.25957271848222,3.7532857457402833,1.7995510059212845,2.4464133181783474,6.7626770193518615,3.2424342449032153,4.407951924645671,42.66102524717706,35.60603826706721,38.96642475424521,76.86671215707577,64.1550239046256,70.20977433197334,3.1498075427376917,1.5113798939885128,2.053696999713986,7.158653506222026,3.434954304519347,4.667493181168149,23.331573817994247,18.184503673795927,20.33906967465454,53.026304131805105,41.328417440445286,46.225158351487586,0.7135678391959799,-0.0014321608040201994,-0.0014321608040201994,0.5628140703517588,-0.0021859296482411583,-0.0021859296482411583,0.4824120603015075,-0.0025879396984924696,-0.0025879396984924696,0.3867924528301887,0.13090548265750424,0.19432383358332683,0.2996845425867508,0.4170854271356784,0.12385234442891147,0.19170980109227276,0.33333333333333337,0.3913043478260869,0.12920084198301518,0.19553126662475206,0.30201342281879195,25.0,0.0,0.0,37.0,0.0,1.0,40.0,0.0,0.0,0.002519507453421883,0.0005993953064343135,0.0004506138846072731,-0.07664573668743646,-0.07198500101057004,-0.07789256838554248,0.07861635220125786,0.13867578682980042,0.6037735849056604,-2.1006064414978027
88,1,test,0.5398835632198893,0.19854155123027084,0.3063741443600123,0.9672913841023016,0.35572027928756855,0.5489203419783554,1.7158070675031283,0.3089727547094505,0.4527823434153426,3.074154329276438,0.553576185521099,0.811235031952489,0.07919356429654359,-0.08218576964683469,-0.03854890771050731,0.13772793790703233,-0.14293177329884296,-0.06704157862696924,1.0824138184634895,-0.0927168327577177,-0.04254054835654175,1.8824588147191124,-0.16124666566559576,-0.07398356235920311,0.5415226945968028,0.18415681731907824,0.29693274263705305,0.9670048117800049,0.3288514594983539,0.530237040423309,1.7186218069378565,0.28906298966869204,0.44152427245407355,3.068967512389029,0.5161839101226642,0.7884362008108456,0.02010050251256279,-0.004899497487437232,-0.004899497487437232,0.005025125628140725,-0.004974874371859284,-0.004974874371859284,0.005025125628140725,-0.004974874371859284,-0.004974874371859284,0.1333333333333333,0.02535991140642302,0.045943952802359855,0.1806020066889632,0.12562814070351758,0.0256281407035176,0.044097358673567455,0.08080808080808077,0.13377926421404684,0.028779264214046862,0.048318664879973605,0.18120805369127513,10.0,-1.0,-1.0,13.0,-4.0,-4.0,14.0,-5.0,-5.0,-0.0018328013117286585,-0.00010522387317329313,-0.0003691007865985512,-0.052828145306439644,-0.06208509742585888,-0.06135812870098811,0.74,0.04912346001208875,0.9833333333333333,-2.829331874847412
8,1,test,0.23964476411243274,0.06040504702955088,0.10732106937703634,0.43996320796026117,0.11089747095681651,0.19703047608707186,1.270797637202751,0.07449015206402776,0.1293198873919168,2.333054123685051,0.13675627917395872,0.23741804967336533,0.21306926700358286,-0.08054960513188703,-0.022620082572283484,0.38048083393496934,-0.14383858059265542,-0.04039300459336337,1.2374703641391753,-0.10380224573427554,-0.028310669530142052,2.2097685073913844,-0.18536115309692036,-0.05055476701811079,0.14318604272941735,-0.01838355303157993,0.026687357252453248,0.2541764072119834,-0.032633526091562004,0.04737400695701757,1.1539444646749493,-0.021409790310853882,0.030388431149004136,2.048422126641922,-0.03800554493050967,0.05394396061953399,0.055276381909547756,-0.004723618090452297,-0.004723618090452297,0.035175879396984966,-0.00482412060301507,-0.00482412060301507,0.02010050251256279,-0.004899497487437232,-0.004899497487437232,0.09523809523809523,-0.0012654012654013114,0.014104175394497931,0.0786516853932584,0.07537688442211055,0.005201445825619322,0.015276717477202384,0.03535353535353536,0.06020066889632103,-0.0015689471303901303,0.004583316282305461,0.023489932885906062,11.0,-1.0,-1.0,13.0,-2.0,-2.0,13.0,-1.0,-1.0,0.0004397448832629916,-0.00011724122092784629,0.00019036734738828908,-0.05994469110912948,-0.07654882121470563,-0.0628376576366545,0.0784313725490196,0.09308129616031328,0.0028011204481792717,-1.9707772731781006
149,1,test,2.295552678326862,1.1010604550267895,1.2150392380354096,6.931668871810524,3.3247707857671682,3.6689420128912364,9.929922548980972,6.628041822324097,6.983730692582492,29.984472010648425,20.014087071331588,21.088127973680464,2.695180713151255,1.2827888760599477,1.7518683789683025,5.5003688023495005,2.6179364817549957,3.57524158973123,14.808194547005874,10.702430559283952,12.239719555706547,30.22080519797117,21.84169501894684,24.979019501441933,2.5864592117085277,1.221433076810748,1.6649977508322098,6.412708789359987,3.028346471431607,4.1280935971046535,13.282657164325448,9.366831773973733,10.76969686359462,32.932207845434995,23.22354985282744,26.701727760978393,0.6030150753768844,-0.0019849246231156137,-0.0019849246231156137,0.44723618090452266,-0.0027638190954772934,-0.0027638190954772934,0.36180904522613067,-0.0031909547738693256,-0.0031909547738693256,0.34273318872017355,0.1141308051882125,0.1276794252793133,0.3108695652173913,0.37688442211055273,0.10620773038122944,0.16987273596698016,0.3787878787878788,0.37792642140468224,0.1191618137252165,0.18104099315106714,0.36241610738255037,17.0,0.0,0.0,25.0,0.0,0.0,33.0,0.0,0.0,0.000950439057386311,-0.00047313625607030833,0.0005147848657873202,-0.10203527371870269,-0.08862316459860065,-0.10280114692169562,0.05422993492407809,0.17278821890873078,0.7266811279826464,-1.41395902633667
178,1,test,1.302796890221172,0.47655042643248113,0.47655042643248113,5.591169987199196,2.0451955801060646,2.0451955801060646,3.6795736526876177,1.3948468322303786,1.3948468322303786,15.791503592784359,5.9862176549887085,5.9862176549887085,1.5518822213832744,0.6565577558425236,0.9444673238185978,4.310783948286874,1.8237715440070104,2.62352034394055,4.7203465635515265,2.272216569119784,2.8846667241808976,13.11207378764313,6.311712691999401,8.012963122724717,1.4806792920737408,0.627133428285045,0.9088208996701521,4.725572208745981,2.001489664739505,2.900492232989847,4.395930787865136,2.047973141123105,2.6243745470198263,14.029566344250432,6.536084492946079,8.375663447935615,0.31658291457286436,-0.003417085427135591,-0.003417085427135591,0.2361809045226131,0.001180904522613102,-0.0038190954773869024,0.18592964824120606,-0.004070351758793889,-0.004070351758793889,0.2431118314424635,0.051518478558787995,0.051518478558787995,0.24188311688311692,0.2562814070351759,0.07583027921562702,0.10936988783651147,0.23232323232323238,0.254180602006689,0.07888844841737352,0.12069895573305167,0.2348993288590604,18.0,0.0,0.0,22.0,0.0,0.0,30.0,0.0,0.0,0.0002683138208506706,-0.00011460819976930506,3.4549414120712796e-05,-0.25131534109386067,-0.2415228932049871,-0.24458033070950513,0.050243111831442464,0.17471042791406083,0.0016207455429497568,-2.284050941467285
233,1,test,2.499345966616154,1.1847717764272467,1.1847717764272467,7.115624309327958,3.373038773325659,3.373038773325659,12.174528807976499,8.451363520611862,8.451363520611862,34.66081698882927,24.060985760867652,24.060985760867652,2.966756853598507,1.4158092383213916,1.9280945217026066,6.380122265803241,3.04475105015353,4.146439831618508,19.428806844400043,14.712869884627711,16.603371853298274,41.782380310537725,31.640580397048836,35.706176028598435,2.7328137224520646,1.3044754803869636,1.776604250749719,6.306493205658611,3.010328031662224,4.099855963268583,15.376090260831116,11.204329289029811,12.774274757915336,35.48328521730257,25.856144513145715,29.479095595189236,0.5979899497487438,-0.007010050251256228,-0.007010050251256228,0.46733668341708545,-0.002663316582914521,-0.002663316582914521,0.40201005025125625,-0.002989949748743781,-0.002989949748743781,0.35961538461538467,0.10252838559290178,0.10252838559290178,0.33140655105973027,0.40703517587939697,0.13134595282175288,0.2016929388176274,0.3787878787878788,0.3846153846153846,0.11917298060870674,0.1821682211003679,0.3523489932885906,19.0,0.0,0.0,28.0,1.0,1.0,37.0,0.0,0.0,0.000537293559422666,0.0001958742846348789,0.0005837352115448246,-0.02713377084166435,-0.02297446487329413,-0.030893057542774827,0.04807692307692308,0.1448851441217773,0.1576923076923077,-1.315338373184204
260,1,test,0.4427547605187567,0.11976574292801684,0.16418324543678386,0.8898932315376991,0.2407172852909646,0.3299920675610607,1.556990451986632,0.17574027061908337,0.23574936130433954,3.1293966510226365,0.35322054391756375,0.4738328747008014,0.4634941294707494,0.04162637984301426,0.12547800604305281,0.9363517767085847,0.08409369665255406,0.25349092129909667,1.589618625794529,0.06481177072061173,0.1874555148959267,3.211350759180867,0.13093287014264998,0.3786980098907611,0.36491136237392985,0.012713250584191094,0.0725111690150303,0.706280056207606,0.024606291453272977,0.140344198093607,1.4403863300658386,0.018196081599206826,0.10074730504585983,2.7878445098048488,0.035218222450077885,0.19499478395972902,0.10050251256281406,-0.004497487437185921,-0.004497487437185921,0.0653266331658291,-0.004673366834170856,-0.004673366834170856,0.045226130653266305,-0.004773869346733739,-0.004773869346733739,0.16790123456790118,0.007605303618456016,0.010520980413453507,0.14356435643564358,0.1507537688442211,-0.002128436669563416,-0.002835546681655421,0.11111111111111116,0.19732441471571904,0.03204895561722154,0.04270817444875574,0.12751677852348997,13.0,-4.0,-4.0,17.0,-6.0,-6.0,18.0,-5.0,-5.0,0.0002949362738123638,0.00015148927754718853,5.6576311918879216e-05,-0.14317093884175014,-0.14409082507668503,-0.14582683750893866,0.07160493827160494,0.07397035115891853,0.0024691358024691358,-1.503360629081726
176,1,test,1.3360647956119014,0.5698474424410748,0.6080240604893531,2.951488593942655,1.2588448046652834,1.343180424535571,3.80404432039118,1.652432267623782,1.7330253650438854,8.403479725955062,3.6503731002961732,3.8284105791424023,0.6187865799106385,0.23658332341047406,0.35494223665966407,0.982200920493077,0.3755290847785303,0.5634003756502605,1.8566737491942833,0.39116381991254645,0.5547482221614111,2.947101189197275,0.6208949522421374,0.8805527335895413,0.7958825930935316,0.287329830096388,0.4361582296816963,1.5708209074214439,0.5670983488744501,0.8608386112138743,2.2163963098798676,0.5535134428408546,0.7834619189050951,4.374466401078686,1.0924607424490551,1.5463064188916351,0.11055276381909551,-0.004447236180904479,-0.004447236180904479,0.09547738693467334,-0.004522613065326642,-0.004522613065326642,0.085427135678392,-0.004572864321607972,-0.004572864321607972,0.24329896907216497,0.07440092581778801,0.08103112938497048,0.25413223140495866,0.11557788944723613,0.02785859120162204,0.03711378260249487,0.06060606060606055,0.15719063545150502,0.020295810743658604,0.03149541854382987,0.13422818791946312,14.0,-1.0,-1.0,16.0,0.0,0.0,20.0,0.0,0.0,-0.0006904419009232143,-2.704313609863522e-05,-0.0010734149767788704,-0.09298753922194924,-0.10109305280109604,-0.09909483794454133,0.07628865979381444,0.1701531275903897,0.4061855670103093,-2.0193004608154297
83,1,test,1.2648065608293098,0.49598223369677763,0.49598223369677763,2.977240134956235,1.1674972743808922,1.1674972743808922,3.542407429473141,1.3851788622359629,1.3851788622359629,8.338506377196035,3.2605856345636655,3.2605856345636655,0.9487322322139865,0.35812664706335473,0.5418922745169958,1.3749742495854878,0.519024126178775,0.7853511224883999,2.5824336569496906,0.777352442097393,1.080369964257995,3.7426574738401315,1.1265977421701345,1.5657535713883983,1.2689898176028942,0.5418740957231744,0.7680921905333903,2.1630508254594787,0.9236490268008652,1.3092480520455516,3.5572572680355976,1.488153146888116,1.9070553960783527,6.06350670687886,2.536624682195652,3.250662606951738,0.20603015075376885,-0.003969849246231116,-0.003969849246231116,0.1507537688442211,-0.0042462311557789345,-0.0042462311557789345,0.09045226130653261,-0.0045477386934673625,-0.0045477386934673625,0.2714535901926445,0.08377030573516642,0.08377030573516642,0.243859649122807,0.2211055276381909,0.05360552763819093,0.08133847272970507,0.11111111111111116,0.2775919732441472,0.08759197324414725,0.12220906536401399,0.22483221476510062,15.0,-4.0,-4.0,19.0,-4.0,-4.0,21.0,-2.0,-2.0,-0.001043673891144063,0.0006025415422665992,-0.0002304881161411864,-0.2032704024494194,-0.2153421565628273,-0.20821862686506432,0.04903677758318739,0.06931339668069704,0.0017513134851138354,-1.8431980609893799
53,1,test,1.4262449107376336,0.4550910167801968,0.4550910167801968,4.945349201362012,1.5779786342704645,1.5779786342704645,4.163037227897178,1.5220471035220249,1.5220471035220249,14.434879083686953,5.277532891560064,5.277532891560064,2.1415442481238323,0.9784836766617235,1.355547805464591,4.304720256329723,1.9668510268250805,2.7247880130045816,8.512573009030902,5.312861758701991,6.317980371715714,17.11113160401161,10.6793887876939,12.69977872698411,1.9489366453906132,0.8559777943234432,1.2105090738672364,4.552594195092135,1.999510628927418,2.827673539736747,7.021217565593849,4.038130026579828,4.928575170012135,16.40112540712938,9.432819358963815,11.51284356120022,0.4747474747474747,-0.0002525252525252819,0.0047474747474747225,0.35858585858585856,-0.0014141414141414232,-0.0014141414141414232,0.28787878787878785,-0.0021212121212121904,-0.0021212121212121904,0.2857142857142857,0.07359307359307354,0.07359307359307354,0.24528301886792447,0.3434343434343434,0.10162074141923005,0.17229340383702796,0.3350253807106599,0.3422818791946308,0.11615122592829918,0.18156759348034512,0.3097643097643098,19.0,-3.0,-3.0,26.0,-3.0,-3.0,35.0,-5.0,-5.0,0.0020651868346737096,0.00019709513543880207,0.0003046012935800302,-0.17436188630468585,-0.16140744708567922,-0.1752869440376088,0.04081632653061224,0.09604900991533412,0.21821036106750394,-1.5558890104293823
185,1,test,0.7929296791962006,0.3555009375750101,0.49949471442371174,3.411684277594179,1.5295895603556355,2.14914173179676,2.2098611360659475,0.661141200635748,0.8688351734204012,9.508218309125853,2.8446470079985477,3.738277654058832,0.9356413408789642,0.33522482926578145,0.522491216109755,3.0676765274720137,1.0990978008714145,1.7130859544582129,2.548847613826441,0.7259697217206875,1.0372756805374526,8.356877422381775,2.3802285958055336,3.4009038706145995,0.7411030474945429,0.3106015608211578,0.4516003072961069,3.3183718544531775,1.3907532574081696,2.0220909281915236,2.09824870645811,0.5602200754143023,0.7624856049001065,9.395143461752733,2.5084480988700113,3.414114648806448,0.20603015075376885,-0.003969849246231116,-0.003969849246231116,0.14070351758793975,-0.004296482412060265,-0.004296482412060265,0.11055276381909551,0.0005527638190955253,-0.004447236180904479,0.1901840490797546,0.07532953146872856,0.11161262050832599,0.12615384615384617,0.20603015075376885,0.07319807055326755,0.1058632058455885,0.12121212121212122,0.1806020066889632,0.06874891820816187,0.10273771302934143,0.11073825503355705,17.0,-6.0,-6.0,19.0,-2.0,-2.0,21.0,-2.0,-2.0,0.0018748785193396984,0.00027570934599848194,0.0002316235689898917,-0.16680088612730515,-0.16819851825118093,-0.1605854695321498,0.08282208588957055,0.13508787080571,0.09202453987730061,-1.2120230197906494
105,1,test,0.3485690873258768,0.10564389235878732,0.1769132194042861,0.6237552088989374,0.18904696527361936,0.31658155051293296,1.4170384389381183,0.14206519280262797,0.22976925344700905,2.5357529959945273,0.25422192396259735,0.4111660324841213,0.3471659156752472,-0.0246957766685183,0.06682353586785944,0.5884168062292325,-0.04185724859070894,0.11326023028450755,1.4150514851173919,-0.03538087640201293,0.09146858228956645,2.3983923476565967,-0.05996758712205574,0.15503149540604522,0.24813238995843132,0.08490515587956193,0.12199352427596241,0.4253698113573108,0.14555169579353472,0.2091317559016498,1.2816295958518102,0.10432541292472752,0.14718990376430208,2.1970793071745316,0.17884356501381848,0.2523255493102321,0.06030150753768848,-0.0046984924623114654,-0.0046984924623114654,0.055276381909547756,-0.004723618090452297,-0.004723618090452297,0.05025125628140703,-0.004748743718593018,-0.004748743718593018,0.09734513274336287,0.0016161194885764285,0.013930019887621992,0.08284023668639051,0.085427135678392,0.015251697081900772,0.026996417815286833,0.0505050505050505,0.0735785953177257,-0.00655496060881855,0.005725425128626727,0.04026845637583898,13.0,-4.0,-4.0,15.0,-4.0,-4.0,16.0,-3.0,-3.0,0.0007858362081859938,4.062850513048468e-05,0.00029236158309814945,-0.08955755284655287,-0.10135477986753427,-0.10103448673788007,0.07669616519174041,0.17704453460399203,0.008849557522123894,-1.5542247295379639
145,1,test,2.012267239263643,0.8994203785820052,0.8994203785820052,6.396135153373723,2.858871917635659,2.858871917635659,7.480257670071875,4.437248572197891,4.437248572197891,23.776533308442747,14.104111533057582,14.104111533057582,1.9813375765637264,0.8099390143195748,1.1807572648446365,6.191679926761645,2.5310594197486713,3.689866452639489,7.252437190360563,4.025935242036677,5.0256043795750145,22.66386621987676,12.581047631364617,15.70501368617192,2.25099982492963,0.9918739550545308,1.3954911323910344,6.311214462419524,2.7809550141715818,3.9125919599748626,9.497226654961358,5.974885498220016,7.144655843501679,26.627738284938385,16.75201541557014,20.031745355612184,0.33668341708542715,-0.0033165829145728187,-0.0033165829145728187,0.2562814070351759,-0.00371859296482413,-0.00371859296482413,0.2361809045226131,-0.0038190954773869024,-0.0038190954773869024,0.3227016885553471,0.10764792511448684,0.10764792511448684,0.29887218045112784,0.2562814070351759,0.05578015390234381,0.10269209150929937,0.21212121212121215,0.3210702341137124,0.10738075164292771,0.1608922585853475,0.2986577181208053,17.0,0.0,0.0,23.0,0.0,0.0,26.0,0.0,0.0,0.0006203348432394409,0.0003173093577234868,8.043742507552364e-05,-0.10572127924227814,-0.10738728070780645,-0.0914422161006403,0.0975609756097561,0.11573645893385953,0.020637898686679174,-1.572477102279663
136,1,test,0.025693431001899535,-0.1662573151234475,-0.13427740716620723,0.04883254430185584,-0.3159861252346224,-0.2552055984153061,1.0260263523823272,-0.18558448658450843,-0.14745029738171755,1.9500500849371714,-0.352719053450089,-0.2802417932693462,0.041439095854542245,-0.08668325108322839,-0.05533754568291923,0.0854414347516335,-0.1787283527489245,-0.11409803233591594,1.0423096789380086,-0.09438238604529459,-0.05930461232732931,2.1490921215216674,-0.19460285782534958,-0.12227755119036976,0.027780365309660982,-0.12943192431924344,-0.11286836098814311,0.052747529068976555,-0.24575681832767743,-0.21430701453444895,1.0281698378565092,-0.14207418034499475,-0.12285041596001434,1.9522212111199544,-0.2697611019208759,-0.23326028346838146,0.01005025125628145,-0.004949748743718563,-0.004949748743718563,0.005025125628140725,-0.004974874371859284,-0.004974874371859284,0.005025125628140725,-0.004974874371859284,-0.004974874371859284,0.024691358024691357,-0.0030436188628278904,-0.004056075240195689,0.003095975232198178,0.025125628140703515,-0.014974622485862898,-0.02328839523158366,0.005050505050505083,0.026755852842809347,-0.009972026956856728,-0.008839252830160627,0.003355704697986628,11.0,-2.0,-2.0,11.0,0.0,0.0,11.0,0.0,0.0,0.00012162397346647014,4.172940155416447e-05,5.017455997646377e-06,-0.012652915674960824,-0.01776091922180273,-0.02064764452442122,0.07716049382716049,0.06152617501839257,0.0030864197530864196,-1.861594319343567
251,1,test,0.39338870504821083,0.10095796283849245,0.17597770497452253,1.0461225563874643,0.26847339747421317,0.46797034137669324,1.481994336065159,0.14231438598735036,0.23913952546645167,3.941007160351053,0.37845084866265744,0.6359339973515272,0.24061928490757292,-0.1230010560724776,-0.022176804616204054,0.5468620111535748,-0.2795478547101764,-0.050401828673191096,1.2720366595550867,-0.16649130079883112,-0.028524834242905195,2.8909924080797427,-0.37838931999734315,-0.06482916873387534,0.4517945183039156,0.08266113746801246,0.19346060504279472,1.058893402274802,0.19373704094065403,0.45342329306904994,1.5711290771391615,0.12464855354926363,0.27635798945283185,3.6823337745449094,0.29214504738108626,0.6477140377800743,0.045226130653266305,-0.004773869346733739,-0.004773869346733739,0.035175879396984966,-0.00482412060301507,-0.00482412060301507,0.025125628140703515,-0.004874371859296511,-0.004874371859296511,0.1061452513966481,0.028042043586327337,0.03283146840544571,0.10644257703081228,0.10552763819095479,0.0127958086170199,0.027063531346213532,0.0757575757575758,0.11036789297658867,0.028564887968241415,0.04362706983976994,0.12080536912751683,12.0,-3.0,-3.0,13.0,-3.0,-3.0,15.0,-3.0,-3.0,0.000466132032090598,-0.00016415480807399223,-0.00023135208044007926,-0.10331851268429437,-0.11421157977197027,-0.10982185070472972,0.06983240223463687,0.03466529387315191,0.002793296089385475,-2.496671676635742
188,1,test,0.7938314032832803,0.30006939726779547,0.3000071302287854,2.0228597180112016,0.7646438448143824,0.7644851744916257,2.2118547197775826,0.5733861510530402,0.5732841252903667,5.636299844306327,1.4611159788255135,1.4608559943947412,0.49153765424928203,0.04524383064517368,0.13770694104337294,0.8124589326434414,0.07478319114904741,0.22761477858408752,1.6348280886250144,0.07231758706521019,0.21031407396883117,2.702195187809941,0.11953320176067805,0.3476265685435225,0.5373806047970676,0.15004301385059088,0.25157107788713323,1.0676435856895383,0.2980987030144189,0.4998100885174832,1.7115178438650611,0.23846414693095364,0.3806789017614014,3.4003665772153533,0.473769828339643,0.7563156988637112,0.11055276381909551,-0.004447236180904479,-0.004447236180904479,0.09045226130653261,-0.0045477386934673625,-0.0045477386934673625,0.08040201005025127,-0.004597989949748693,-0.004597989949748693,0.14371257485029942,0.03603560575757758,0.037163210236418665,0.17200000000000004,0.12060301507537685,0.005314794523998412,0.020436070167196507,0.14646464646464652,0.12374581939799334,0.023578874489812995,0.041432137529250346,0.14429530201342278,13.0,1.0,1.0,16.0,0.0,0.0,18.0,0.0,0.0,-0.0008637096542071254,-0.0005004945523961896,-0.0007584677078774352,-0.19840538072476654,-0.2055067726858537,-0.22021213806432982,0.0499001996007984,0.08449545584718722,0.7784431137724551,-2.279731512069702
219,1,test,0.8812638211850091,0.30915524511211945,0.30915524511211945,3.929783854469448,1.3786033893147844,1.3786033893147844,2.4139485787500186,0.6419490680168702,0.6419490680168702,10.76442255116675,2.86261732552708,2.86261732552708,1.333958865197722,0.46796860039434596,0.7417029183586139,3.334897162994305,1.1699215009858648,1.8542572958965344,3.7960416972013644,1.4186825614105878,1.9879789858704284,9.49010424300341,3.5467064035264686,4.96994746467607,1.0864253499056398,0.4079904279546209,0.6254858462791277,3.1537978604056924,1.1843605627032203,1.815730757645235,2.963661063666743,0.9928701879306157,1.37809813609474,8.60324910714909,2.882215399915088,4.000498472741041,0.2613065326633166,-0.003693467336683409,-0.003693467336683409,0.18090452261306533,-0.0040954773869347205,-0.0040954773869347205,0.14070351758793975,-0.004296482412060265,-0.004296482412060265,0.20965058236272882,0.05227032820828115,0.05227032820828115,0.18666666666666665,0.24120603015075381,0.0632611679953653,0.0993028581974984,0.2272727272727273,0.22818791946308725,0.059008689982350204,0.09649149089165865,0.2087542087542088,12.0,0.0,0.0,15.0,0.0,0.0,17.0,1.0,1.0,0.0018849429952362679,0.00020454844939024147,0.00025479461439590744,-0.22753266724292942,-0.24052928294191034,-0.23438849742295975,0.07154742096505824,0.04842893863751339,0.2545757071547421,-2.075493097305298
187,1,test,0.8113412641863037,0.27215596272600406,0.27215596272600406,1.969894073744912,0.6607804160509094,0.6607804160509094,2.250925048038978,0.536315644807678,0.536315644807678,5.465128064234375,1.3021462817164586,1.3021462817164586,0.16343064316338451,0.011289804836360884,0.04595619234841326,0.286720426602429,0.019806675151510356,0.08062489885686541,1.17754368165041,0.013219475291857075,0.052890786038667814,2.065866108158614,0.023192061915538353,0.092790852699417,0.5479818330692479,0.15521761334583917,0.23745233021556134,1.1183302715698935,0.31677063948130435,0.48459659227665575,1.729758551338583,0.24868941007238154,0.36561130854996415,3.5301194925277204,0.5075294083109827,0.7461455276529882,0.025125628140703515,-0.004874371859296511,-0.004874371859296511,0.025125628140703515,-0.004874371859296511,-0.004874371859296511,0.02010050251256279,-0.004899497487437232,-0.004899497487437232,0.19999999999999996,0.032844574780058644,0.032844574780058644,0.23285198555956677,0.06030150753768848,0.015188725582801266,0.016895831410810302,0.06060606060606055,0.14046822742474918,0.01859844445312986,0.03145821630127865,0.15771812080536918,11.0,-2.0,-2.0,12.0,-1.0,-1.0,12.0,-1.0,-1.0,-0.0019288174702777787,-0.0005548964715047743,-0.0004912692271235851,-0.16797910806759564,-0.1544707486664989,-0.17039258991420336,0.04504504504504504,0.029567081632005204,0.33153153153153153,-2.0666089057922363
177,1,test,2.103665138232749,0.92764720849206,0.92764720849206,7.878155349891771,3.474007666701808,3.474007666701808,8.196154970253634,4.954714146188122,4.954714146188122,30.694325324842467,18.55523821189914,18.55523821189914,2.3026382939771692,1.0157162656854017,1.4396877588261807,6.201772471778509,2.7356624755793484,3.877559030438513,10.00053202398321,6.378909891766936,7.630388445024888,26.934766251261447,17.180530641825616,20.551179545267033,1.999953628645107,0.9399938720787737,1.291210972541737,6.312353640411119,2.9668556587486297,4.075384632084857,7.3887134663321925,4.502458632206422,5.3572780270716365,23.320626878110982,14.21088505790152,16.90890877294485,0.4,-0.0050000000000000044,-0.0050000000000000044,0.32499999999999996,0.0,0.0,0.27,0.0,0.0,0.3052064631956912,0.09699531950067652,0.09699531950067652,0.26798561151079137,0.2935323383084577,0.0900583928990284,0.14642490029192878,0.20999999999999996,0.304635761589404,0.11290022439932135,0.1669705633515185,0.21594684385382057,17.0,0.0,0.0,25.0,0.0,0.0,29.0,0.0,0.0,-0.0005880343061657735,0.0007364735829954218,0.00027408978876006164,-0.15205554693818968,-0.16518449353912068,-0.16249285782814127,0.04488330341113106,0.2781593754259802,0.0017953321364452424,-1.4225385189056396
168,1,test,1.2018052268368529,0.49773797260064734,0.7050481431480367,4.55151766759489,1.8850501941045796,2.67018232936916,3.3261159000352234,1.3041560694203262,1.6827326344064906,12.596779366090846,4.9391442629110225,6.372902317539475,1.7206555045468213,0.6448296108389975,0.9983287002147923,4.021532051324548,1.50710176486789,2.3333031249206195,5.588190348135878,2.6557765853518136,3.528971307712082,13.060770464829204,6.207105740182727,8.24794456802475,1.4099329759560124,0.5468780239913009,0.829499061419234,4.529784667433146,1.7569910983550305,2.664986346261794,4.095680885775769,1.725289811055732,2.3088672988237384,13.158464122385983,5.542952371689693,7.417850257923075,0.35,0.0,0.0,0.24,0.0,0.0,0.18500000000000005,0.0,0.0,0.23943661971830987,0.05940849032309192,0.10062919058830011,0.1694915254237288,0.25,0.045511221945137126,0.07890365448504988,0.21105527638190957,0.2558139534883721,0.06841760191291602,0.10664268277014011,0.19333333333333336,18.0,0.0,0.0,23.0,0.0,0.0,28.0,0.0,0.0,0.0016377816154903326,0.0002888512022943357,0.0005571243362541958,-0.18714381405567782,-0.18378336051686706,-0.19759851566873543,0.09859154929577464,0.06551752905085838,0.5126760563380282,-1.5418437719345093
50,1,test,1.3080886254717625,0.6005932055608745,0.6153595474265117,4.020566879517503,1.845995067398761,1.8913811856483576,3.699096591847855,1.6701932529979535,1.6999326220918916,11.369615905004757,5.133538771484507,5.22494628017201,1.8773545707415178,0.8315380973663518,1.1742446938016555,3.663575424456748,1.6227102676760845,2.2914872180012886,6.536190940158393,3.6904699093134536,4.516165961639924,12.755091057979001,7.201790793902954,8.813100565918688,1.6302561596549154,0.7179314475400098,1.0184230778764276,3.7458557561536603,1.6495982115232284,2.3400408125252268,5.105182292790093,2.61507770651437,3.261374138758076,11.73022801625815,6.00868999741088,7.493691723405961,0.44499999999999995,0.0,0.0,0.32499999999999996,0.0,0.0,0.24,0.0,0.0,0.29000000000000004,0.0971928071928072,0.09840664711632452,0.21442885771543085,0.33499999999999996,0.0931047381546134,0.1539368770764119,0.2562814070351759,0.31000000000000005,0.08038269550748756,0.13594235033259428,0.24080267558528423,14.0,0.0,0.0,23.0,0.0,0.0,28.0,0.0,0.0,0.0010541216669306287,0.0005544814100393947,0.0008193076497543745,-0.17955074836261709,-0.1816935716198138,-0.19516240277829322,0.052,0.1466810248763834,0.464,-1.448846697807312
21,1,test,1.4097785468610502,0.6455581533519708,0.7094523807281374,2.899939203850143,1.3279244470266416,1.459355993690774,4.095048442318417,1.9477287847316584,2.0806388097871724,8.423586488804112,4.006512280873456,4.279910534167473,0.45619117686648686,0.17252223105012143,0.26258370787778357,0.6911987528280104,0.26139731977291125,0.39785410284512657,1.578052002967605,0.2500587827061993,0.3644321969310309,2.39098788328425,0.3788769434942414,0.552169995350047,0.7280985392400396,0.2629140184993227,0.4109065596171322,1.2553423090345512,0.45330003189538404,0.7084595855467797,2.0711386722303478,0.4788306966018412,0.6978724864854486,3.570928745224738,0.8255701665548987,1.2032284249749114,0.09547738693467334,-0.004522613065326642,-0.004522613065326642,0.07537688442211055,-0.004623115577889414,-0.004623115577889414,0.06030150753768848,-0.0046984924623114654,-0.0046984924623114654,0.25213675213675213,0.07924454295852379,0.090846429556107,0.29764453961456105,0.11055276381909551,0.02032719990932108,0.043774800546975356,0.04040404040404044,0.1806020066889632,0.042037732899313784,0.07381668967005328,0.16442953020134232,14.0,0.0,0.0,17.0,0.0,0.0,17.0,0.0,0.0,-0.0014616373845852339,-0.000348878355164969,-0.0012584569693641834,-0.07791180993892288,-0.08503028829985348,-0.08688633199074669,0.057692307692307696,0.22497466018824228,0.8333333333333334,-1.720144271850586
110,1,test,1.170893274404306,0.5351818926952848,0.7403506797865493,2.6499163578623763,1.211201125573539,1.675530485832717,3.224872047943258,1.3365070358584,1.686780190404497,7.298394634818953,3.024726449574274,3.8174499045996515,1.0339740245153135,0.4192524753455914,0.6189675447106324,1.6812585764476642,0.6817113420253518,1.0064512922124103,2.8122194867595303,0.963077853917297,1.2978389332090747,4.572714612617123,1.5659802502720281,2.1103072084700405,1.200866720523152,0.5455083286586085,0.7604353256351049,2.4507484092309224,1.1132823033849153,1.5519088278267446,3.3229957836164337,1.3971631871717811,1.76961859064701,6.781624048196804,2.8513534432077168,3.611466511524511,0.20603015075376885,-0.003969849246231116,-0.003969849246231116,0.17085427135678388,-0.004145728643216162,-0.004145728643216162,0.13567839195979903,-0.004321608040200986,-0.004321608040200986,0.22157434402332365,0.07746954052987387,0.11111491098324544,0.22807017543859653,0.20603015075376885,0.05816047656830514,0.09584651135477051,0.21212121212121215,0.22742474916387956,0.08385212812882115,0.11730239098812867,0.2348993288590604,14.0,0.0,0.0,18.0,1.0,1.0,21.0,0.0,0.0,-0.0020623268443397866,0.000352566899839696,-0.00046050960357027433,-0.08282792099956149,-0.0951733936387531,-0.08965596531823206,0.0728862973760933,0.14709317577874348,0.21865889212827988,-1.7490185499191284
207,1,test,0.6746644392338235,0.2709331210170247,0.39536307838478496,1.2615300815810535,0.5066078221756696,0.7392747972537418,1.9633740341233334,0.4659724657422317,0.641168289242162,3.6712404884634933,0.8713046790933507,1.1988968696103437,0.47228962112739103,0.10613934411143044,0.20519256206174813,0.8433743234417697,0.18953454305612583,0.3664152893959788,1.603661770805188,0.16148981913687277,0.2974945552571695,2.8636817335806923,0.28837467703012987,0.5312402772449456,0.6749072271813068,0.2711759099400688,0.3956131776849365,1.2619840617842244,0.5070618042030054,0.739742448684847,1.963850775546414,0.4664492086261185,0.6416546977424036,3.67213192961761,0.8721961229789748,1.1998063868744944,0.09045226130653261,-0.0045477386934673625,-0.0045477386934673625,0.08040201005025127,-0.004597989949748693,-0.004597989949748693,0.0653266331658291,-0.004673366834170856,-0.004673366834170856,0.17279411764705888,0.048023475445224006,0.07499460664461388,0.1512915129151291,0.10050251256281406,0.0002518859963980269,0.010352262145451818,0.06060606060606055,0.17279411764705888,0.048023475445224006,0.07499460664461388,0.1512915129151291,12.0,0.0,0.0,16.0,0.0,0.0,19.0,-1.0,-1.0,-0.0005833269825060564,-2.41175700484046e-05,0.00027156057617229033,-0.08123118512456262,-0.07230843016221655,-0.07122027742508985,0.09191176470588236,0.1937677967556842,0.625,-2.5087509155273438
16,1,test,2.032165716140033,0.9385204552942896,1.290844967829611,3.3906243198640764,1.5659009770399286,2.1537467669765786,7.6305941776714405,4.6454583152861275,5.531888631032581,12.731480502962674,7.750846210830656,9.22983592242936,1.685844190308075,0.692570492248653,1.0096331604266067,2.6137119229582555,1.073752701160702,1.565322729343576,5.3970051091888775,2.696945910907243,3.430592189796509,8.367449781688181,4.18131148977867,5.318747581079858,1.9695328022447054,0.915582028797266,1.2547282086419624,3.3194373071539975,1.5431157788717964,2.1147104640033074,7.167327146850651,4.298363765247041,5.123539872722272,12.079764854242669,7.244433312214113,8.635179560767874,0.36180904522613067,-0.0031909547738693256,-0.0031909547738693256,0.24623115577889443,-0.0037688442211055717,-0.0037688442211055717,0.18592964824120606,-0.004070351758793889,-0.004070351758793889,0.3104575163398693,0.09186045271833587,0.13002273373117368,0.30819672131147546,0.2562814070351759,0.058286419566504155,0.09434484610028437,0.23737373737373735,0.30434782608695654,0.08564999637076287,0.12525995066982643,0.30201342281879195,14.0,-3.0,-3.0,22.0,-6.0,-6.0,26.0,-4.0,-4.0,-7.218726744264039e-05,0.00039011593541322877,-0.00027996042377721183,-0.05861387319697897,-0.059411587482921746,-0.05771858938193031,0.17973856209150327,0.08913058381259738,0.7908496732026143,-1.4493920803070068
190,1,test,0.9951027364836011,0.4178307962639666,0.5935981740245562,2.025326746019565,0.8504085618078381,1.2081468718382147,2.7050022294217664,0.9238295781943817,1.210931298969903,5.505475125764301,1.8802649062073882,2.4646013496681554,0.5455619385815256,0.13840724304652724,0.251597270301689,0.9655963514717267,0.24496857176376496,0.4453049031888301,1.725577778709606,0.22304125533377217,0.3838412817385539,3.054119962317887,0.3947632837765882,0.6793651004222196,1.0174328014762002,0.3852618422992099,0.5743770868537772,1.9692247770507099,0.7456680818694386,1.1116975874589237,2.7660845530265425,0.8843933299915048,1.208625447856004,5.353712038115888,1.7117290257900089,2.3392750603664587,0.09547738693467334,-0.004522613065326642,-0.004522613065326642,0.085427135678392,-0.004572864321607972,-0.004572864321607972,0.06030150753768848,-0.0046984924623114654,-0.0046984924623114654,0.21449275362318843,0.05530317330480927,0.09425814951761657,0.24127906976744184,0.12562814070351758,0.017858717144620284,0.03213899212254934,0.1262626262626263,0.20735785953177255,0.055437993087699144,0.08833672493777922,0.24161073825503354,11.0,0.0,0.0,14.0,1.0,1.0,16.0,1.0,1.0,-0.0014892256165016597,-0.0001314610317147733,-0.0007368276244496065,-0.10607306906925862,-0.1093137610119661,-0.10615304786200097,0.07246376811594203,0.06156947762795804,0.3652173913043478,-2.069901943206787
208,1,test,0.6216936079865728,0.2585719324144829,0.2839644437579261,1.94279252495804,0.8080372887952592,0.8873888867435191,1.8620790047192597,0.4242682096699286,0.46031819969845134,5.8189968897476865,1.325838155218527,1.4384943740576608,0.4889627510177335,0.12376500624556935,0.2240794884639663,0.931357620986159,0.23574286903917974,0.4268180732646977,1.630623979406608,0.1898250889769877,0.3273451539506995,3.1059504369649673,0.36157159805140493,0.6235145789537131,0.7409695053623464,0.2507630587222944,0.39543352861369485,1.6588869523037606,0.5614098329603605,0.8852989446575258,2.0979685205606984,0.465315279618979,0.685221604278597,4.696944449016489,1.0417506260126395,1.5340782185341726,0.10050251256281406,-0.004497487437185921,-0.004497487437185921,0.08040201005025127,-0.004597989949748693,-0.004597989949748693,0.0653266331658291,-0.004673366834170856,-0.004673366834170856,0.17510548523206748,0.04971033243965439,0.0529158469133969,0.17336152219873147,0.1507537688442211,0.03546554829284265,0.04724792577243475,0.13636363636363635,0.18729096989966554,0.04872669611001612,0.0760562646716344,0.19798657718120805,14.0,-4.0,-4.0,18.0,-5.0,-5.0,20.0,-5.0,-5.0,0.0008358532605306334,-0.000501325132203786,8.91785690656116e-05,-0.19645563017825207,-0.21593372248347764,-0.21541701199149843,0.052742616033755275,0.07677875295012906,0.002109704641350211,-1.4226195812225342
197,1,test,0.8675576349372222,0.3934993951148221,0.4832353327107008,4.5134960501164345,2.047193055597366,2.5140471106847855,2.3810882591925346,0.7745877125830274,0.9124695547031025,12.38768701934344,4.029817086982586,4.747151733961711,1.4301379224033641,0.5116204948458245,0.8084102589158003,4.540120388582109,1.6241920471296019,2.5663817743358743,4.179275567905399,1.6737026263771493,2.317133148072938,13.267541485413965,5.313341671038569,7.355978247850597,0.9841416721532715,0.3672053932096957,0.5669574384769719,4.406604502178828,1.644203253177742,2.5386153961655458,2.675514430037937,0.8222729097698382,1.1578323347060122,11.979915358378822,3.6818189989694243,5.184323886743337,0.37688442211055273,-0.003115577889447274,-0.003115577889447274,0.25125628140703515,-0.003743718592964851,-0.003743718592964851,0.15577889447236182,-0.004221105527638214,-0.004221105527638214,0.23902439024390243,0.07682926829268288,0.09728440979424458,0.15403422982885084,0.31658291457286436,0.07788944723618096,0.12897822445561147,0.23232323232323238,0.26086956521739135,0.07692307692307698,0.11371237458193983,0.1610738255033557,14.0,-5.0,-5.0,20.0,-7.0,-7.0,28.0,-11.0,-11.0,0.0003154849216498478,0.0012773752751551587,2.5701868909920283e-05,-0.1264259544258648,-0.1206374837804236,-0.12682472770547726,0.06341463414634146,0.0760212883288405,0.23902439024390243,-0.665006160736084
181,1,test,2.3240514114773974,1.0998601943029063,1.0998601943029063,7.589940052673019,3.5919484826601242,3.5919484826601242,10.216983774069371,6.815569809258595,6.815569809258595,33.36685840139111,22.25844317454073,22.25844317454073,2.6353360220391595,1.2217945099935876,1.6890966837025587,6.50700252355348,3.016776567885401,4.170609095561873,13.947998510712907,9.83751151452413,11.371994569186477,34.43950249558742,24.290151887713897,28.0789989362629,2.328888799520257,1.114495838471184,1.5139455055734286,6.783171260738613,3.2461043838966526,4.409550016233287,10.266527022560444,6.898278237167164,8.007479455514336,29.90250589095275,20.09207253543834,23.32275569567282,0.5175879396984925,-0.002412060301507535,-0.002412060301507535,0.39698492462311563,0.0019849246231156137,0.0019849246231156137,0.3467336683417085,-0.003266331658291488,-0.003266331658291488,0.3339805825242719,0.11208419933756608,0.11208419933756608,0.31712062256809337,0.36180904522613067,0.13123260412337379,0.17816964622780007,0.3282828282828283,0.3277591973244147,0.11573916393543304,0.1664688747437696,0.2953020134228188,20.0,0.0,0.0,31.0,0.0,0.0,38.0,0.0,0.0,-0.0003009669413047426,0.00043655274996560914,0.00043838360430925534,-0.1186403886453622,-0.1340012584630319,-0.1406101087313214,0.05048543689320388,0.1341220458166744,0.003883495145631068,-1.8012142181396484
138,1,test,1.6294640051189826,0.7320204862299295,1.0171145397514438,3.0986528621934752,1.3920389574208498,1.934185026412582,5.101139800830658,2.647816587926936,3.2563792886566456,9.700528145841906,5.035192199992206,6.192458975150342,0.8878752903946985,0.3150818538661606,0.5016541839558932,1.5177355391362368,0.5386014596002746,0.8575285195827236,2.4299612006024014,0.6567477018181691,0.9585512275330272,4.153779830089575,1.1226456441336223,1.6385491068940636,1.484256545626695,0.6442929652705643,0.9218760519403882,2.7656954266335934,1.2005458980196853,1.7177814632429595,4.411684307261709,2.095401690204797,2.656839377881659,8.22052976508393,3.904475199139373,4.950632381145949,0.18090452261306533,-0.0040954773869347205,-0.0040954773869347205,0.15577889447236182,-0.004221105527638214,-0.004221105527638214,0.11055276381909551,-0.004447236180904479,-0.004447236180904479,0.3198847262247838,0.11700702838305721,0.1713021260292804,0.338150289017341,0.1959798994974874,0.06064155363282575,0.09915185275291316,0.1717171717171717,0.31438127090301005,0.12406407557746746,0.17978727757709234,0.31879194630872487,17.0,0.0,0.0,19.0,0.0,0.0,22.0,0.0,0.0,-0.002221786438987666,-0.0003494286751955106,-0.0010582241677931255,-0.015782364279612437,-0.019190359125105694,-0.015698201329127137,0.07204610951008646,0.11635971930975375,0.38904899135446686,-1.8609756231307983
167,1,test,1.314952342793956,0.5898102541582798,0.7793661782151312,2.7942737284371564,1.2533467900863444,1.6561531287071536,3.724573478255827,1.6595489826207062,2.016124096934364,7.914718641293632,3.5265415880690005,4.284263705985524,0.5392311393209527,0.14305210544691993,0.2553319021304939,0.9139510835948351,0.2424611956727457,0.4327659358143965,1.7146879990595183,0.2285526367531001,0.38638891819745447,2.9062508458635903,0.387377350428983,0.6548964715211092,1.1669910691201086,0.4977890984342288,0.7108322341500336,2.273359225558653,0.9697190229238224,1.3847381184740915,3.2123124561868606,1.2596340521062483,1.634311489588357,6.257751538026352,2.4538325690381466,3.1837236810162803,0.15577889447236182,-0.004221105527638214,-0.004221105527638214,0.085427135678392,-0.009572864321607977,-0.004572864321607972,0.055276381909547756,-0.004723618090452297,-0.004723618090452297,0.3002680965147453,0.08072325046387518,0.1243150173358597,0.3360215053763441,0.20100502512562812,0.053135350940164416,0.0774657930722058,0.14646464646464652,0.27090301003344486,0.07390801838069028,0.12407319913244375,0.2986577181208053,11.0,0.0,0.0,14.0,0.0,0.0,16.0,0.0,0.0,-0.00036431099421227367,-0.0011621107980662629,-0.0003757860828457631,-0.09761962370124255,-0.08195111968765545,-0.09004953270967953,0.14209115281501342,0.04861028562457045,0.4745308310991957,-1.014847993850708
198,1,test,2.2498539848391834,1.0528424139398542,1.3551400315333684,6.227856682670783,2.9143898704711906,3.751184724969179,9.486350584220963,6.176140784773047,7.039714746956509,26.25931828385803,17.09627376654568,19.48674661838686,2.717181169442364,1.2410342025932237,1.7290468639114054,5.602435400912091,2.5588334074087085,3.565045080229701,15.137591742052741,10.761539659774689,12.451373610039145,31.2115293650572,22.18874156654575,25.672935278431225,2.4275921934771283,1.1401213380644695,1.5671527890926784,6.0188236201912275,2.826747119168106,3.8855027828744095,11.331564989968124,7.707954667767682,8.967365684923877,28.094789231325926,19.110631407688466,22.233138061794737,0.5628140703517588,-0.0021859296482411583,-0.0021859296482411583,0.46733668341708545,-0.0076633165829145256,-0.002663316582914521,0.37688442211055273,-0.003115577889447274,-0.003115577889447274,0.36745406824146987,0.12105826221263627,0.1660855442923007,0.29210526315789476,0.39698492462311563,0.13132076422211314,0.19665103480675505,0.3282828282828283,0.38795986622073575,0.130864707623073,0.1944114791239615,0.3087248322147651,18.0,1.0,1.0,26.0,1.0,1.0,38.0,1.0,1.0,0.0010279133628729455,0.00046947402109702387,0.000335137433452403,-0.04490395295793359,-0.054197105857321404,-0.0489306308776607,0.06561679790026247,0.19874153963120875,0.4566929133858268,-1.4243104457855225
135,1,test,1.3442482341206028,0.6219430748650039,0.8048481452611272,4.920209555955993,2.2764324196515195,2.9459004928489807,3.8353022072275076,1.7761277382748495,2.120324487948478,14.037950797327868,6.50097240125843,7.760799339384236,1.2892588536530578,0.5462673420338551,0.7906788210168217,3.6835967247230226,1.5607638343824433,2.259082345762348,3.6300951267623742,1.5278802090523977,1.9837133250806656,10.371700362178213,4.365372025863994,5.667752357373331,1.339316015536013,0.5921523400770103,0.8350331057397834,4.565850052963681,2.0187011593534443,2.8467037695674433,3.816432232078359,1.7054282072570808,2.1606344937776463,13.01056442753986,5.81395979746732,7.365799410605611,0.29648241206030146,-0.00851758793969859,-0.0035175879396985854,0.2211055276381909,0.0011055276381909396,-0.003894472361809065,0.16080402010050254,-0.004195979899497493,-0.004195979899497493,0.2606382978723404,0.07604334435308413,0.09934797529169526,0.23199999999999998,0.26633165829145733,0.07084293648694606,0.10439509735656582,0.20707070707070707,0.2575250836120402,0.07221623553190659,0.11069527271103907,0.2214765100671141,16.0,0.0,0.0,25.0,1.0,1.0,28.0,1.0,1.0,0.0010424008522891006,2.1655620002980812e-05,0.00023008011203727244,-0.18943903180835253,-0.19410755024850435,-0.19154269699510973,0.06648936170212766,0.10259416500269233,0.013297872340425532,-0.9328099489212036
156,1,test,0.5236711147933457,0.14975614823241096,0.14975614823241096,1.4501661640431112,0.4147093335666765,0.4147093335666765,1.6882139145830457,0.23480035813401945,0.23480035813401945,4.6750539173068955,0.6502163763711302,0.6502163763711302,0.03640280651009118,-0.07116958732247139,-0.04364453527480403,0.06559064236052464,-0.1282334906711196,-0.0786388022969442,1.0370735023262119,-0.07649797120915625,-0.04626485130605906,1.8686009050922734,-0.13783418235884026,-0.08336009244334974,0.3392138735407982,0.07834599435040068,0.14317806450213097,0.7538086078684404,0.17410220966755707,0.31817347667140217,1.4038435581002828,0.10578740422642574,0.18727308932699605,3.119652351333962,0.23508312050316826,0.4161624207266579,0.01005025125628145,-0.004949748743718563,-0.004949748743718563,0.005025125628140725,-0.004974874371859284,-0.004974874371859284,0.0,-0.0050000000000000044,-0.0050000000000000044,0.16512059369202226,0.03120075009475931,0.03120075009475931,0.19702602230483268,0.08040201005025127,0.0327829624312036,0.0303185375961611,0.05555555555555558,0.10033444816053516,0.015192544988581913,0.023582501553193636,0.1308724832214765,10.0,-1.0,-1.0,10.0,-1.0,-1.0,10.0,-1.0,-1.0,-0.0013060872919942463,-0.00025207620017778684,-0.00029551677525034114,-0.22154924620649652,-0.20798283740524726,-0.2352043593865849,0.04638218923933209,0.028682389748729362,0.3320964749536178,-1.8863484859466553
20,1,test,1.7463436166156845,0.5542125006284222,0.5542125006284222,6.9143023425307035,2.194294842604392,2.194294842604392,5.733600062600088,2.439506234204185,2.439506234204185,22.70105606180616,9.658742706354941,9.658742706354941,2.5035039312902816,1.1634331376244724,1.6065064976570258,5.689781662023368,2.6441662218738013,3.6511511310386955,12.225255455405232,8.405941576379009,9.77302638975487,27.784671489557347,19.104412673588655,22.21142361307925,1.8402268141814853,0.8572831916137793,1.1781140007033515,5.750708794317141,2.67900997379306,3.6816062521979736,6.297966567172444,3.6256556167417116,4.359082055968029,19.681145522413885,11.330173802317848,13.622131424900092,0.5025125628140703,-0.0024874371859296973,-0.0024874371859296973,0.42713567839195976,-0.002864321608040288,-0.002864321608040288,0.3266331658291457,-0.0033668341708542604,-0.0033668341708542604,0.3279411764705882,0.08551693404634575,0.08551693404634575,0.28865979381443296,0.37688442211055273,0.12375159003035219,0.19658392127582824,0.3282828282828283,0.3411371237458194,0.14080323392945882,0.19430731284481828,0.2516778523489933,21.0,0.0,0.0,31.0,0.0,0.0,38.0,0.0,0.0,0.0012056122999590771,-0.000856705244984409,0.0005261366500618511,-0.2010718286200941,-0.1716795409971441,-0.19398330083326076,0.041176470588235294,0.1659169051770433,0.0014705882352941176,-2.7839221954345703
169,1,test,0.0315234551524666,-0.11757300599652706,-0.09261211837737683,0.05593491127663281,-0.2086203947865206,-0.16433003931595525,1.0320255816291333,-0.1287593728301588,-0.10014377116131112,1.8312161235004742,-0.22846937496083042,-0.17769413053622873,0.04500294375822194,-0.13875833061564677,-0.10082088663068056,0.07500490626370324,-0.23126388435941128,-0.1680348110511343,1.0460309391663623,-0.15569796619862108,-0.11096140403818233,1.7433848986106038,-0.2594966103310352,-0.1849356733969707,0.031536489218581015,-0.11769169768550172,-0.09296843946685553,0.055958038796384606,-0.2088310001614695,-0.1649622919808229,1.0320390332064602,-0.12889883659867762,-0.10054856940805124,1.8312399918480482,-0.22871683811106847,-0.1784124005959935,0.01005025125628145,-0.004949748743718563,-0.004949748743718563,0.01005025125628145,-0.004949748743718563,-0.004949748743718563,0.0,-0.0050000000000000044,-0.0050000000000000044,0.037931034482758585,-0.011982906997447973,-0.013674470104397374,0.01730103806228378,0.055276381909547756,0.007657334290500084,0.005192909455457584,0.025252525252525304,0.037931034482758585,-0.010261736601578808,-0.013674470104397374,0.01730103806228378,11.0,-2.0,-2.0,11.0,-2.0,-2.0,13.0,-4.0,-4.0,7.708235510331363e-06,6.272811425285262e-05,2.367803864993608e-05,-0.022861680244393057,-0.017789385018979226,-0.020659410205106477,0.08620689655172414,0.03855240666425824,0.0034482758620689655,-3.337869167327881
140,1,test,2.440110229575079,1.1670353439316012,1.321279103311959,5.6185102209190285,2.6871736893604563,3.0423298327542034,11.474305480905269,7.902486853068837,8.413031612310622,26.420323902187004,18.195982548861064,19.37154458424343,1.7422317555218108,0.7749422303699619,1.0946920655230947,4.099368836521908,1.8233934832234397,2.575746036524929,5.710072699348521,3.079268640792367,3.7992389018414148,13.435465174937695,7.24533797833498,8.939385651391564,2.2294873500545402,1.0504868296073666,1.4395853179308375,5.028918834709489,2.369519164527895,3.247184927663543,9.2950997254851,6.043976578116064,7.091919150724255,20.966390358237067,13.63302987544977,15.996810114415613,0.3417085427135679,-0.003291457286432098,-0.003291457286432098,0.2864321608040201,-0.003567839195979916,-0.003567839195979916,0.2361809045226131,-0.0038190954773869024,-0.0038190954773869024,0.3727678571428571,0.10743898311833089,0.1293660976120653,0.40044742729306493,0.3065326633165829,0.11856273850455279,0.1679683895269335,0.29292929292929293,0.3511705685618729,0.11744769710945224,0.18098146956298522,0.3691275167785235,18.0,0.0,0.0,24.0,0.0,0.0,30.0,1.0,1.0,-0.0002533684504939029,-0.0009280495396546257,-0.0005397655454770421,-0.06970956023242714,-0.06878837203354493,-0.058953344669821384,0.06919642857142858,0.04468182664117355,0.3794642857142857,-1.130361795425415
45,1,test,0.7770594875670896,0.33460129043361986,0.3866401998609545,1.8199551156176574,0.7836714433840044,0.9055520470427619,2.1750670411157116,0.6185382670266164,0.6974668374976272,5.0942359647183775,1.4486817306676016,1.6335407509812847,0.2568350557998722,-0.042014621953638476,0.038527720860493914,0.4316555559661718,-0.07061281000611508,0.06475247203444356,1.2928318640538978,-0.055475063658222634,0.048862539941418204,2.1728266622754586,-0.09323540110625661,0.08212191586792983,0.447131630841876,0.14228746779751011,0.2284032728884532,0.8179237149546513,0.2602819532881283,0.41781086503985343,1.563820132699718,0.2074065255318298,0.3193269586043106,2.8606465842068016,0.37940218085090827,0.5841346803737388,0.05025125628140703,-0.004748743718593018,-0.004748743718593018,0.04020100502512558,-0.00479899497487446,-0.00479899497487446,0.035175879396984966,-0.00482412060301507,-0.00482412060301507,0.19819819819819817,0.05309133655590348,0.058413251961639046,0.2279909706546276,0.11557788944723613,0.012820997216659635,0.01708039362085878,0.06060606060606055,0.15719063545150502,0.028643056152673596,0.034832459700670726,0.15100671140939592,13.0,-4.0,-4.0,15.0,-4.0,-4.0,16.0,-4.0,-4.0,-0.0004494013227750628,-0.0007027306307813726,-0.0004132745784557929,-0.14706601136525466,-0.1386598773703378,-0.15491557609851547,0.05630630630630631,0.047251195191098556,0.527027027027027,-2.115596055984497
85,1,test,1.9072377186557705,0.9036521053520163,1.037235666525305,4.958818068505003,2.3494954739152427,2.6968127329657934,6.734460607324434,4.006414576512203,4.34754485554265,17.509597579043525,10.416677898931727,11.303616624410889,2.421042138448135,1.0827411763798884,1.5198819510319854,4.525312408314271,2.0238152829530622,2.8409008430504397,11.257585166175197,7.445024851434497,8.79512679844386,21.042215263878873,13.915934301746724,16.43948934288572,2.079949089017381,0.9727044286626276,1.3370083877421264,4.656602438098615,2.17769648208051,2.993302360616701,8.00406140929191,4.978052195142411,5.901953303131368,17.91954046856398,11.14489297419943,13.213328290592614,0.48743718592964824,-0.002562814070351749,-0.002562814070351749,0.40201005025125625,-0.002989949748743781,-0.002989949748743781,0.3417085427135679,0.0017085427135679065,-0.003291457286432098,0.3197278911564626,0.10568485604887479,0.12422446984658964,0.2886363636363637,0.37688442211055273,0.1337766526869938,0.18656722678501014,0.35858585858585856,0.34782608695652173,0.12245046091311607,0.18097402911447502,0.31543624161073824,18.0,-1.0,-1.0,25.0,-1.0,-1.0,33.0,0.0,0.0,0.0013958539477155797,7.038527501197826e-05,0.0005445518447191938,-0.11709378780170177,-0.11249612241209217,-0.119371864745772,0.05895691609977324,0.14384470489556464,0.81859410430839,-1.3152835369110107
36,1,test,1.8564651642547216,0.7128387960737559,0.7128387960737559,5.56015934766837,2.134969926549259,2.134969926549259,6.401070002325944,3.262942239600652,3.262942239600652,19.171363887563274,9.772593175321356,9.772593175321356,2.3373840587907644,1.0419430965934988,1.4610818831204178,5.472228561168966,2.4393726614365443,3.420650526364272,10.354115347423162,6.701509067058934,7.9521142616887595,24.240811225143638,15.68941534523209,18.617302800894862,1.9991163298430628,0.9019065563616897,1.2551567093358975,5.152894677785135,2.3247418995874587,3.2352746214778736,7.382529494675497,4.386734091041358,5.278278418566787,19.02910619748253,11.307185286391086,13.605217647857494,0.4494949494949495,-0.0005050505050504528,-0.0005050505050504528,0.38888888888888884,-0.0011111111111111738,0.0038888888888888307,0.2727272727272727,-0.002272727272727315,-0.002272727272727315,0.3261231281198004,0.09347405676105158,0.09347405676105158,0.28500000000000003,0.33333333333333337,0.10663308144416461,0.1605145413870247,0.2639593908629442,0.3389261744966443,0.12787089811473473,0.1737476030680729,0.25589225589225584,22.0,-4.0,-4.0,30.0,-6.0,-8.0,33.0,-2.0,-2.0,0.0012746219431859758,7.599619124774526e-05,0.0005814378450962618,-0.13409691856650596,-0.1210704540104679,-0.13821732418884025,0.04326123128119801,0.2494671790728109,0.0066555740432612314,-1.556089997291565
61,1,test,0.9962380118134682,0.3919092404877984,0.448098839966093,2.127480240181098,0.8369276771164667,0.9569213545070303,2.708074895551074,0.8780514632166725,0.9780441647039342,5.783131903116079,1.8750912088318659,2.0886270246247567,0.4604274595638486,0.08934584781916266,0.18243530301797234,0.8007434079371281,0.15538408316376118,0.3172787878573432,1.5847512573121636,0.13544990874027407,0.2642754172353592,2.756089143151589,0.23556505867873767,0.4596094212788855,0.843946838139979,0.30570351259912354,0.46186393315806645,1.6656845489604846,0.6033621959193227,0.9115735522856573,2.3255273677100337,0.6125323247841925,0.8601938041601445,4.589856646796119,1.2089453778635382,1.6977509292634432,0.08040201005025127,-0.004597989949748693,-0.004597989949748693,0.0653266331658291,-0.004673366834170856,-0.004673366834170856,0.05025125628140703,-0.004748743718593018,-0.004748743718593018,0.21271929824561409,0.0506163409619339,0.06413669805011069,0.22857142857142854,0.10050251256281406,0.005264417324718829,0.013691160309057815,0.08585858585858586,0.1605351170568562,0.030318088676221766,0.04373867656742347,0.16778523489932884,11.0,0.0,0.0,12.0,0.0,0.0,13.0,0.0,0.0,-0.0003454819522134756,-0.0006422806719974457,-0.0004801593303221336,-0.18429865562859193,-0.17209358360971727,-0.1865101682026875,0.05482456140350877,0.0859117120875813,0.42105263157894735,-2.2840662002563477
13,1,test,1.429150608907353,0.5551995948522882,0.5551995948522882,5.340992339698633,2.074880537172333,2.074880537172333,4.17515134901716,1.77879112215144,1.77879112215144,15.603289977416694,6.647661693681345,6.647661693681345,1.5123350008266585,0.622903012236056,0.9137921396238479,3.558435296062726,1.465654146437779,2.1500991520561126,4.537313064457724,2.1035662018360957,2.7178474105935413,10.676030739900527,4.94956753373199,6.394935083749509,1.7437816135023783,0.7891544443864444,1.1028372757014764,4.471234906416354,2.0234729343242166,2.8277878864140424,5.718929362603487,3.1212274637459037,3.820656718833217,14.663921442573043,8.003147342938215,9.796555689315941,0.3316582914572864,-0.0033417085427135396,-0.0033417085427135396,0.25125628140703515,-0.003743718592964851,-0.003743718592964851,0.21105527638190957,-0.0039447236180903955,-0.0039447236180903955,0.29725085910652926,0.08903971541151456,0.08903971541151456,0.2805507745266781,0.29145728643216084,0.09596856462764958,0.13786797090628433,0.2676767676767676,0.3210702341137124,0.1107196498065337,0.16422929974218847,0.31879194630872487,13.0,0.0,0.0,19.0,0.0,0.0,26.0,0.0,0.0,0.0016832277591573505,0.00034142384556585154,0.000129539399318094,-0.1846024398868611,-0.16817326211013217,-0.17473187771057042,0.13745704467353953,0.033974267325225925,0.738831615120275,-1.9022548198699951
189,1,test,0.8049094700999962,0.30882624611472653,0.30882624611472653,2.035054131950934,0.7808059807428933,0.7808059807428933,2.2364940200749386,0.5942177911707853,0.5942177911707853,5.654532050755505,1.5023619625827402,1.5023619625827402,0.560516212502715,0.13644376509815292,0.2449169545345417,0.9664072629357155,0.23524787085888432,0.42227061126645127,1.7515764526245867,0.2234041507338398,0.380495756770894,3.019959401076874,0.38517957023075855,0.6560271668463691,0.7250492010880741,0.25283283653525734,0.3793619137661888,1.459830606217599,0.5090594024199813,0.7638159337574271,2.0648326894823223,0.4612883931422984,0.651871993481326,4.157381253991253,0.9287685767965739,1.3124939466066965,0.10552763819095479,-0.0044723618090452,-0.0044723618090452,0.08040201005025127,-0.004597989949748693,-0.004597989949748693,0.07035175879396982,-0.004648241206030135,-0.004648241206030135,0.1906542056074766,0.04402663962507192,0.04402663962507192,0.2134831460674157,0.12060301507537685,0.010327325852319214,0.020436070167196507,0.1262626262626263,0.14381270903010035,0.011926231567662926,0.024791574436107022,0.17449664429530198,15.0,-3.0,-3.0,17.0,1.0,1.0,19.0,-1.0,-1.0,-0.0003594142051366124,0.00013947071761200055,-0.00046239492090635484,-0.19804601838547775,-0.18633147552079388,-0.1969017040664065,0.04672897196261682,0.13324009003878234,0.10467289719626169,-2.3105266094207764
12,1,test,1.1077818258702665,0.4690320185476461,0.4690320185476461,3.3047793017582254,1.399235183823704,1.399235183823704,3.027635118599771,1.1335237243378702,1.1335237243378702,9.032162867778087,3.3815735686950976,3.3815735686950976,0.49685296203151325,0.15364113276581642,0.25731899162662186,1.0037433576394208,0.3103861267996292,0.5198363467204483,1.6435408380464278,0.23407354131780767,0.3728839894260487,3.320284521305915,0.47287584104607605,0.7533009887394924,0.7817236964407647,0.30450543182235223,0.45744196820408684,1.861246896287535,0.7250129329103625,1.089147543343064,2.185235704058888,0.5736505463698827,0.8021988112755623,5.202942152521162,1.3658346342140062,1.9099971697037192,0.15577889447236182,-0.004221105527638214,-0.004221105527638214,0.09547738693467334,-0.004522613065326642,-0.004522613065326642,0.08040201005025127,-0.004597989949748693,-0.004597989949748693,0.2964352720450282,0.11168453890719832,0.11168453890719832,0.3101503759398496,0.16582914572864327,0.03049079986398162,0.045628811838826944,0.14646464646464652,0.24749163879598657,0.08221617969748907,0.12735815714971288,0.24496644295302017,14.0,-2.0,-2.0,18.0,0.0,0.0,19.0,-1.0,-1.0,-0.001173290460645543,-0.0003749404349119087,-0.0005709465134617871,-0.1936209323106004,-0.187695664284675,-0.1983222272533478,0.04690431519699812,0.07864394694153311,0.27392120075046905,-2.387366771697998
220,1,test,2.7831492780424454,1.3333755566426984,1.8119892816649577,5.583064515591171,2.6747834961567385,3.6348941614122343,16.169864244581834,11.907714271866453,13.528858003726418,32.43713730991416,23.88716176223813,27.1392151520536,2.8608508940842285,1.347264485879585,1.8469850293475876,4.890343408690989,2.303016215178778,3.1572393664061327,17.47639116959906,12.933396523851332,14.72015548959363,29.874172939485575,22.108370126241592,25.162658956570304,2.7844255682077867,1.3297192503621675,1.8100866720237812,5.4955767793574735,2.624445888872699,3.5725394842574625,16.190514858576694,11.907289484560598,13.5410997651245,31.954963536664525,23.501229245843284,26.725854799587825,0.6482412060301508,-0.0017587939698492372,-0.0017587939698492372,0.4974874371859297,-0.002512562814070307,-0.002512562814070307,0.38190954773869346,-0.0030904522613065533,-0.0030904522613065533,0.4156626506024096,0.11190325210616903,0.19021174879880243,0.3806646525679759,0.3919597989949749,0.0962204506240476,0.16324527478796325,0.3484848484848485,0.4046822742474916,0.10418143952295067,0.17553878147774749,0.3657718120805369,25.0,-11.0,-11.0,35.0,-10.0,-10.0,42.0,-10.0,-10.0,0.000411915877849267,0.00017858971988271547,9.639570701373857e-05,0.00037672049705506083,-2.4180496096981585e-05,0.00018761708646408692,0.1144578313253012,0.0769081735044536,0.009036144578313253,-1.0829825401306152
222,1,test,2.8761996130623957,1.3788640070341787,1.6405523488673919,5.752399226124791,2.7577280140683573,3.2811046977347837,17.7467005309521,13.276936552330529,14.306095750530275,35.4934010619042,26.553873104661058,28.61219150106055,3.110854866517966,1.4528402336641146,1.9996930081828257,4.977367786428745,2.324544373862583,3.1995088130925207,22.440219595850742,17.19134005595471,19.402333657966633,35.904351353361186,27.506144089527535,31.043733852746612,3.132784031077489,1.4880621891009749,2.032967391520425,5.464158193739806,2.5954573065714674,3.545873357303067,22.937750140827106,17.758181172940304,19.934134911594953,40.00770373400076,30.973571813267974,34.768839962084215,0.6030150753768844,-0.0019849246231156137,-0.0019849246231156137,0.4824120603015075,-0.0025879396984924696,-0.0025879396984924696,0.42211055276381915,-0.0028894472361808976,-0.0028894472361808976,0.40380047505938244,0.12977912274621517,0.16137623263514,0.3761904761904762,0.4120603015075377,0.13386481278573314,0.20671806444576812,0.38383838383838387,0.4180602006688964,0.12423716227156745,0.20115252547423568,0.4093959731543624,19.0,1.0,0.0,28.0,0.0,0.0,36.0,1.0,0.0,-0.0002377499825148702,0.00015163713230884708,5.294623654181773e-05,-0.02709437408312443,-0.021783520464643935,-0.030180620196893493,0.06413301662707839,0.19788802856545967,0.39667458432304037,-1.2127008438110352
47,1,test,0.3942822921134968,0.11511109028810917,0.11511109028810917,1.3085243569516676,0.3820249308936623,0.3820249308936623,1.4833192188956146,0.16128555982375903,0.16128555982375903,4.922765657709821,0.5352664516651,0.5352664516651,0.21060313111026613,-0.03242907926344574,0.04019065701775423,0.39000579835234467,-0.06005385048786244,0.07442714262547079,1.2344223540056416,-0.04068734121116324,0.04862849429766536,2.2859673222326693,-0.07534692816882105,0.09005276721789857,0.44495005315053104,0.09993221373707245,0.18953709389029838,0.9142809311312281,0.20534016521316256,0.38945978196636655,1.5604122562101932,0.14839714724587738,0.2694176172111782,3.2063265538565613,0.30492564502577535,0.5535978435846127,0.06030150753768848,-0.0046984924623114654,-0.0046984924623114654,0.035175879396984966,0.00017587939698493482,0.00017587939698493482,0.02010050251256279,-0.004899497487437232,-0.004899497487437232,0.160377358490566,0.03134510042604988,0.03134510042604988,0.15122873345935728,0.11055276381909551,0.025339731237641883,0.03208865697435426,0.0505050505050505,0.1605351170568562,0.021970843267206774,0.042626329515143224,0.1610738255033557,10.0,-1.0,-1.0,11.0,-1.0,-1.0,14.0,-4.0,-4.0,-1.5356419404137887e-05,3.644429135745724e-05,-1.0766597614095939e-05,-0.22351449735406215,-0.19868557296596956,-0.22022164446310288,0.04716981132075472,0.13117490048789834,0.0018867924528301887,-1.6346769332885742
125,1,test,0.4807355095065532,0.15124247904981414,0.2141563494569555,0.9967081767779846,0.3135707942603476,0.4440100229578763,1.6172634775134997,0.22700034880469566,0.31177254954175293,3.3530698277243243,0.47063946663172507,0.6463975372698125,0.9172529165070635,0.25312144460673214,0.4579536511441477,2.1839355154930087,0.6026701062065054,1.0903658360574948,2.5024066192026075,0.5596042093308577,0.9194422608947836,5.958110998101446,1.3323909745972804,2.1891482402256752,0.6327708255741958,0.19912840793887487,0.3364828595174143,1.395817997590138,0.4392538410416358,0.7422416018766492,1.8828203249909563,0.33995325758004036,0.5379629506393049,4.1532801286565215,0.7498968917206774,1.1866829793514078,0.1959798994974874,-0.004020100502512558,-0.004020100502512558,0.14070351758793975,-0.004296482412060265,-0.004296482412060265,0.10050251256281406,-0.004497487437185921,-0.004497487437185921,0.12151898734177213,0.030494967114212068,0.038430033285076104,0.06852791878172593,0.20100502512562812,0.06817294492512682,0.09916863113564478,0.1262626262626263,0.15719063545150502,0.05368479237971868,0.07265225947820131,0.09060402684563762,14.0,-1.0,-1.0,19.0,-5.0,-5.0,22.0,-5.0,-5.0,0.0011459587262100332,0.001100878191386403,0.0003889116222053855,-0.15280817005544645,-0.13237439534854478,-0.1464733967497165,0.06582278481012659,0.1409247801861487,0.24556962025316456,-1.2087153196334839
237,1,test,1.093950006179862,0.4607432200932843,0.4607432200932843,3.067690493520248,1.292031252113443,1.292031252113443,2.9860457072395308,1.1024043679830722,1.1024043679830722,8.373567327179638,3.091398492227663,3.091398492227663,0.9891560065243081,0.40875899800683335,0.593885591330255,1.7054413905591521,0.7047568931152299,1.0239406747073363,2.688964046260219,0.902216402268067,1.2041784010230407,4.636144907345206,1.5555455211518399,2.0761696569362775,1.0751889333476776,0.451412167827291,0.6536708430516431,2.2556411189112118,0.9470185339034076,1.371337432975475,2.9305465261985995,1.0645844744770152,1.4062727408687634,6.147999705311747,2.233394002399333,2.9502225332911123,0.2211055276381909,-0.003894472361809065,-0.003894472361809065,0.15577889447236182,-0.004221105527638214,-0.004221105527638214,0.09045226130653261,0.00045226130653264196,0.00045226130653264196,0.2551984877126654,0.05969506640279243,0.05969506640279243,0.29734848484848486,0.2211055276381909,0.030629337162000447,0.0725245593577235,0.31313131313131315,0.24080267558528423,0.05215492934154464,0.09842225289340434,0.30536912751677847,10.0,0.0,0.0,15.0,0.0,0.0,19.0,0.0,0.0,0.0002493993455901056,-0.0005742418937554202,-0.00028477936935347443,-0.22449985893727487,-0.22455624462990098,-0.23656781351267764,0.04725897920604915,0.0334707634237485,0.03213610586011342,-1.9179837703704834
78,1,test,2.5167225469219545,1.2144543314425795,1.3443134843528195,5.817549605950247,2.807281369163752,3.107458305539181,12.387929200440961,8.71030033127984,9.158165222986561,28.635414232175087,20.13436257481772,21.169628153637277,2.828394268204629,1.3329318600887516,1.8268615750242814,5.142535033099325,2.4235124728886386,3.321566500044147,16.918272793492534,12.456873730407256,14.195821478557232,30.76049598816824,22.648861328013194,25.81058450646769,3.1210824359686344,1.5065835835225945,2.040811764557881,5.709297138967014,2.755945579614502,3.733192252240026,22.670906170863653,17.645537329860606,19.725429471352044,41.47116982475059,32.27842194486696,36.08310269149765,0.6331658291457287,-0.0018341708542712887,-0.0018341708542712887,0.507537688442211,-0.007462311557788981,-0.007462311557788981,0.40201005025125625,-0.002989949748743781,-0.002989949748743781,0.37037037037037035,0.10486438560432032,0.1259910937330292,0.3253275109170306,0.4170854271356784,0.12134607876475112,0.20005704650128775,0.3737373737373737,0.4046822742474916,0.10585088860475367,0.18554990494827028,0.40604026845637586,21.0,0.0,0.0,29.0,1.0,0.0,40.0,0.0,0.0,0.0022785249314291483,-0.0005996623630991347,0.0008617978640194534,-0.050777370719606196,-0.03946436074210791,-0.05979207336197678,0.07625272331154684,0.1418876685116668,0.7559912854030502,-1.7138049602508545
124,1,test,0.7686780420590533,0.3156146173713874,0.3561466723851871,1.7691183078545045,0.7263894208849015,0.8196742510171642,2.156913019978199,0.5837890617323414,0.6462760902259781,4.9641515736181665,1.343594925997047,1.4874092930829046,0.6096962962782323,0.20110615231304624,0.31927629400121205,1.033383553013953,0.3408578852763495,0.5411462610190034,1.8398725377845473,0.33517765197656235,0.5028836292803454,3.1184280301433005,0.5680977152145124,0.8523451343734667,0.5395201002554437,0.18574898608830992,0.28462566927556077,0.9691977848900187,0.33368081333229327,0.5113035975010074,1.7151835484998537,0.29075443097974696,0.42485815320505105,3.081168051197342,0.5223133490654135,0.7632182392905107,0.11557788944723613,-0.004422110552763869,-0.004422110552763869,0.08040201005025127,-0.004597989949748693,-0.004597989949748693,0.07537688442211055,-0.004623115577889414,-0.004623115577889414,0.17067833698030632,0.035159211297246196,0.043601113128888924,0.16666666666666663,0.1507537688442211,0.03546554829284265,0.06227296750866185,0.09090909090909094,0.1505016722408027,0.026962440187380365,0.047053396378733736,0.10738255033557043,13.0,-3.0,-3.0,18.0,-5.0,-5.0,20.0,-5.0,-5.0,-0.00036938383679450666,0.0002979713882667796,-0.0005120153080779462,-0.15527091548733862,-0.15558755169021143,-0.17185023397588806,0.14660831509846828,0.058589409065053055,0.002188183807439825,-2.0520029067993164
63,1,test,0.04125171053529615,-0.07209661659082521,-0.04860190421232988,0.07641710312276173,-0.13355602745513523,-0.09003303567202092,1.042114383704369,-0.0779076153490934,-0.051899740744942635,1.930474186206454,-0.14432066449914016,-0.09614214269145105,0.0670879158410274,-0.09445365625910655,-0.059963816902634956,0.13154493302162235,-0.18520324756687562,-0.11757611157379402,1.0693894903183885,-0.10593182739989238,-0.06608626722,2.096842137879193,-0.20770946548998515,-0.12958091611764688,0.046462686381033125,-0.06243375445870032,-0.036428400369607664,0.08878220327585948,-0.11930016775547833,-0.06960840834956877,1.0475589901222606,-0.06748788092219771,-0.038864486071141346,2.00170507666674,-0.1289577342462378,-0.07426334918052513,0.015075376884422065,-0.004924623115577953,-0.004924623115577953,0.005025125628140725,-0.004974874371859284,-0.004974874371859284,0.005025125628140725,-0.004974874371859284,-0.004974874371859284,0.1124260355029586,0.0430021064039926,0.04746540558169876,0.03857566765578635,0.15577889447236182,0.07557839321922899,0.08232313487302956,0.06060606060606055,0.117056856187291,0.040262198424352746,0.03585552137082826,0.046979865771812124,10.0,-1.0,-1.0,12.0,-3.0,-3.0,12.0,-3.0,-3.0,0.0001406394463846646,4.368249252630884e-05,6.040158568771137e-05,-0.012749911212600745,-0.01780568212469008,-0.01464940355736477,0.07396449704142012,0.03435703722835773,0.0029585798816568047,-1.5651836395263672
120,1,test,2.000137590293889,0.8600917610534673,1.0991166817439129,15.057639594853995,6.475030427553461,8.27448218897776,7.390072831275511,4.263161165386547,4.927957408070614,55.63469923922507,32.09436424507986,37.099151053210846,2.1094203082912695,0.89014304152395,1.2847149640644653,9.58827412859668,4.046104734199774,5.839613473020298,8.243461233154315,4.858720648249024,5.962252738117235,37.47027833251961,22.08509385567738,27.101148809623794,2.0384207642324252,0.8725798503052491,1.2497068136098277,12.740129776452658,5.453624064407808,7.810667585061424,7.678473498845656,4.469853576610992,5.477908927848724,47.99045936778535,27.9365848538187,34.23693079905453,0.507537688442211,-0.0024623115577889765,-0.0024623115577889765,0.507537688442211,-0.0024623115577889765,-0.0024623115577889765,0.4723618090452262,-0.0026381909547738003,0.002361809045226204,0.5050251256281407,0.2176976475854807,0.2704210200562932,0.49874055415617125,0.507537688442211,0.21179834007128373,0.29885655321683535,0.4949494949494949,0.5050167224080268,0.21119368401069782,0.30034486478844946,0.49664429530201337,23.0,-10.0,-10.0,19.0,1.0,1.0,29.0,-9.0,-9.0,0.00020919709827738934,0.00018761032608003033,6.989079911008989e-05,-0.28133663393564046,-0.2907239306816276,-0.28767874966740736,0.06532663316582915,0.09470374036032815,0.005025125628140704,-2.0460822582244873
60,1,test,0.03516654980430405,-0.11546800427239082,-0.09126787273970172,0.06239918288446634,-0.2048853002638154,-0.1619448229710561,1.035792205423698,-0.12677951792067166,-0.09898282765253019,1.8378995840140009,-0.22495633972509443,-0.1756341637005261,0.050326146898016906,-0.1294925797959535,-0.09071899189367552,0.08387691149669485,-0.21582096632658915,-0.15119831982279253,1.05161402110196,-0.14538633813950064,-0.09986260197315655,1.7526900351699335,-0.24231056356583425,-0.16643766995526077,0.035151171022751615,-0.11528454603558674,-0.09123880244035704,0.062371894924516585,-0.2045597737582667,-0.16189324091551158,1.0357762763241225,-0.12656430770543947,-0.09894831816584326,1.8378713195751197,-0.22457447281879817,-0.17557293040402677,0.01005025125628145,-0.004949748743718563,-0.004949748743718563,0.01005025125628145,-0.004949748743718563,-0.004949748743718563,0.005025125628140725,-0.004974874371859284,-0.004974874371859284,0.037931034482758585,-0.008540566205709532,-0.01252768111357172,0.01384083044982698,0.055276381909547756,0.007657334290500084,0.006862358537260582,0.02020202020202022,0.037931034482758585,-0.008540566205709532,-0.01252768111357172,0.01384083044982698,11.0,-2.0,-2.0,11.0,-2.0,-2.0,11.0,-2.0,-2.0,7.595503021372908e-06,7.055253534629025e-05,2.6720928184941614e-05,-0.022861680244393057,-0.017789385018979226,-0.020659410205106477,0.08620689655172414,0.043699477680876536,0.0034482758620689655,-3.3330538272857666
114,1,test,0.8807784387552051,0.37336286103031213,0.5044843249272211,2.435093330676155,1.0322384981426276,1.3947507806811403,2.41277717483588,0.7517842388981646,0.9559016168233658,6.670619248075668,2.078462307541984,2.642786822982246,1.4300667812705476,0.5645532783654804,0.8516721531983622,2.4870726630792137,0.9818317884617054,1.4811689620841084,4.178978260082679,1.802752288400244,2.3958047850163133,7.26778827840466,3.13522137113086,4.166617017419677,1.0493092055234643,0.42949849892809977,0.6308079345959543,2.331798234496587,0.9544411087291105,1.4017954102132313,2.855677750129248,0.9971015577984725,1.335995494088316,6.345950555842773,2.215781239552161,2.968878875751813,0.3467336683417085,-0.003266331658291488,-0.003266331658291488,0.24120603015075381,-0.0037939698492461815,-0.0037939698492461815,0.18090452261306533,-0.0040954773869347205,-0.0040954773869347205,0.22666666666666668,0.06687971593430986,0.09567937438905183,0.106951871657754,0.2864321608040201,0.07841211067870679,0.12449559986912861,0.15656565656565657,0.24080267558528423,0.06884942015957474,0.0995345999456847,0.12080536912751683,19.0,-9.0,-9.0,25.0,-11.0,-11.0,28.0,-9.0,-9.0,0.0019391876210123854,0.0004121110599400586,0.0007218482961791144,-0.18621661571658787,-0.19235363708638387,-0.19671020379943416,0.09866666666666667,0.09028379223552098,0.2826666666666667,-2.395773410797119
235,1,test,2.239191163304406,1.0487246664730951,1.3782854133689173,4.862622230371106,2.2774080035244135,2.9930813414579447,9.385736688212942,6.09712171014055,7.020434592220179,20.38204357736183,13.240495074683913,15.245559144052104,2.113675085551112,0.9316316890761318,1.3141698079656878,3.7082019044756356,1.6344415597826876,2.3055610666064696,8.278610046712577,5.017579068148745,6.054169870896029,14.523877274934348,8.8027702949978,10.621350650694788,2.115244032166265,0.9606047809144471,1.3355770509033986,4.316824555441357,1.9604179202335659,2.725667450823263,8.291608938540705,5.118730339479349,6.110863023230628,16.92165089498103,10.44638844791704,12.471149027001282,0.457286432160804,-0.007713567839195967,-0.007713567839195967,0.3316582914572864,-0.0033417085427135396,-0.0033417085427135396,0.24120603015075381,0.001206030150753823,0.001206030150753823,0.34699453551912574,0.10176292788969798,0.15442366552890086,0.33150684931506846,0.321608040201005,0.07660804020100498,0.13192417996805983,0.2676767676767676,0.32441471571906355,0.09274804905239686,0.1479441274837694,0.2919463087248322,16.0,0.0,0.0,22.0,0.0,0.0,28.0,0.0,0.0,0.0003647019068111653,-0.0002410859913195519,0.0003285133083573831,-0.056920424197900665,-0.05370974561558217,-0.060016181522064116,0.07377049180327869,0.09150484620450379,0.7049180327868853,-1.2074475288391113
262,1,test,1.2323248498962316,0.5335040622571972,0.5335040622571972,3.4505095797094483,1.493811374320152,1.493811374320152,3.429192634339275,1.4178131693999037,1.4178131693999037,9.60173937614997,3.9698768743197306,3.9698768743197306,0.8969855967014831,0.27275310262323216,0.4700821708560535,1.9713969158274354,0.599457368402708,1.0331476282550627,2.4522000389540155,0.5853874212386847,0.9196953847180886,5.3894506350637705,1.2865657609641428,2.0213085378419535,1.3455687403868082,0.5687960899611882,0.8198374761740941,2.8533691728769903,1.2061704319035127,1.73852060550393,3.840370093176097,1.665926852604105,2.148674620643733,8.143763530919525,3.532710134245584,4.556409301932455,0.23115577889447236,-0.003844221105527623,-0.003844221105527623,0.13567839195979903,-0.004321608040200986,-0.004321608040200986,0.085427135678392,-0.004572864321607972,-0.004572864321607972,0.2649903288201161,0.08023959568228622,0.08023959568228622,0.28682170542635654,0.24623115577889443,0.07123115577889438,0.10646410087040858,0.2777777777777778,0.2919463087248322,0.09462189400911314,0.14272581874710388,0.3468013468013468,12.0,0.0,0.0,17.0,0.0,0.0,19.0,0.0,0.0,0.0006605526835963655,-0.0005463528821078561,-0.0002745667269657263,-0.2244905784522544,-0.21116644014008568,-0.21454313840004513,0.048355899419729204,0.0819584891718345,0.0019342359767891683,-2.4455018043518066
221,1,test,0.23974812522757052,0.0036928195238122574,0.04958932574747904,0.4524279137358992,0.006968707811065067,0.09357985665250074,1.2709289950521767,0.004684656287519795,0.0614873539397196,2.3983660067920107,0.00884039976838391,0.11603258727334165,0.42074053844484166,0.02780601683278089,0.11703515176886553,0.8249814479310621,0.05452160163290376,0.2294806897428736,1.523089044084892,0.04176765246796288,0.16821920950590585,2.986449106048808,0.08189735778031926,0.32984158726648216,0.2802681246314801,0.007467607135691501,0.08001980631766828,0.5255027336840252,0.014001763379421606,0.15003713684562808,1.3234846235954636,0.009846452741390843,0.10177853110172586,2.4815336692414944,0.01846209889010808,0.190834745815736,0.09045226130653261,-0.0045477386934673625,-0.0045477386934673625,0.05025125628140703,-0.004748743718593018,-0.004748743718593018,0.035175879396984966,-0.00482412060301507,-0.00482412060301507,0.08285714285714285,0.011530466680252704,0.013453428292137914,0.045845272206303744,0.12562814070351758,0.02036498280878074,0.033808441204352335,0.08080808080808077,0.09364548494983282,0.013511929023288571,0.01911823244705191,0.05369127516778527,13.0,-4.0,-4.0,14.0,-2.0,-2.0,15.0,-2.0,-2.0,0.0008852124288704135,0.00013089496654644138,0.0003619233008693908,-0.03553048331884501,-0.04241416171198309,-0.03506644243210921,0.08571428571428572,0.20412766498346435,0.11142857142857143,-1.7470219135284424
173,1,test,1.2054982753796886,0.5295342155461997,0.5295342155461997,4.120755542637759,1.8101071551023686,1.8101071551023686,3.3384221172553015,1.372494782991023,1.372494782991023,11.411730505389036,4.691599813753626,4.691599813753626,0.964176795836148,0.38518721128558897,0.5733929693871063,1.9879933934765939,0.7942004356403896,1.182253545128054,2.6226278094660347,0.8383931081281959,1.1444888651372402,5.407480019517598,1.7286455837694765,2.359770855953073,1.3926061475140536,0.6260894926354715,0.8780902278072492,3.2896208208993394,1.4789515574066256,2.0742288845840533,4.025326990771832,1.8730708604606674,2.3524984683276178,9.508646434894091,4.424576835733859,5.557082996049489,0.2211055276381909,-0.013894472361809074,-0.00889447236180907,0.15577889447236182,-0.004221105527638214,-0.004221105527638214,0.12060301507537685,-0.0043969849246231485,-0.009396984924623153,0.2586206896551724,0.09244278154178043,0.09244278154178043,0.2648752399232246,0.23115577889447236,0.07075477638820671,0.11930269041367103,0.2525252525252525,0.2775919732441472,0.1022998196548317,0.14855971517963107,0.31543624161073824,17.0,0.0,0.0,23.0,-1.0,-1.0,26.0,0.0,0.0,0.0013538565242515064,-0.000697257859206674,-0.0002647811097198986,-0.16724702902524502,-0.14644911928676585,-0.1603763494065289,0.04789272030651341,0.03601063361976952,0.0019157088122605363,-1.6654317378997803
22,1,test,0.21641727975763805,0.009031859908389533,0.05244281868961914,0.47898236181653714,0.0199896311207739,0.11606829724687767,1.241620373967476,0.011163651121582685,0.06343614882577198,2.7479980335603695,0.024707786673502596,0.140399123504098,0.27909417383830604,-0.055410609474804196,0.016629528033211105,0.4811968514453553,-0.09553553357724864,0.02867160005726055,1.3219318294021607,-0.07531644380112201,0.021801327113388114,2.2791928093140705,-0.1298559375881414,0.03758849502308337,0.2184624987241411,0.0044605613617508255,0.0419484100556059,0.4819025707150172,0.009839473592097414,0.09253325747560126,1.2441623580764907,0.005537303619766787,0.05111112293189968,2.744475789874612,0.012214640337720795,0.11274512411448478,0.07537688442211055,-0.004623115577889414,-0.004623115577889414,0.05025125628140703,-0.004748743718593018,-0.004748743718593018,0.03015075376884424,-0.0048492462311557905,-0.0048492462311557905,0.1233333333333333,0.021835829173599497,0.03353288987435321,0.08026755852842804,0.14070351758793975,0.02040276570824051,0.03719767451615341,0.101010101010101,0.12040133779264217,0.020234392884461827,0.03030122655793699,0.08389261744966447,12.0,-3.0,-3.0,16.0,-7.0,-7.0,16.0,-7.0,-7.0,0.0004488902324019788,0.00015005204739137201,5.791067053900407e-05,-0.14037733737743063,-0.1497968602450377,-0.1551534459602908,0.1,0.05320436625284948,0.05,-1.8880364894866943
216,1,test,1.7688458334539328,0.8104026150237432,1.0665164447454845,4.482691495739418,2.0537600517724997,2.702815647642666,5.864081327615191,3.2564475319563884,3.845632339718548,14.861028022038496,8.252641005642902,9.745780586957965,2.294901230857263,0.9902224569814542,1.412974547488739,3.9229080869354926,1.6926879606520586,2.4153411068183575,9.923455832654815,6.236951130785608,7.50790660823386,16.963172363512506,10.661454924419843,12.834028390143352,2.0873653345000833,0.9156829969371303,1.289465608636117,4.570872995255657,2.005145248767439,2.823647318181278,8.063642153191624,4.83622447332388,5.8427705655855755,17.657610554434214,10.590272569322366,12.794388099822427,0.4522613065326633,0.002261306532663321,0.002261306532663321,0.3467336683417085,-0.003266331658291488,-0.003266331658291488,0.27135678391959794,-0.0036432160804020786,-0.0036432160804020786,0.3062330623306233,0.09649016652548126,0.12441488051244154,0.27717391304347827,0.3316582914572864,0.09606931902620874,0.13967164704994084,0.3282828282828283,0.3411371237458194,0.11075315045700473,0.16093690127640892,0.32885906040268453,17.0,1.0,1.0,24.0,0.0,0.0,33.0,-1.0,-1.0,0.0010960401497724216,0.0007617212239928768,0.00035102268807147066,-0.1023493456307456,-0.11789142067897718,-0.10889794455050428,0.07046070460704607,0.2623696181060194,0.7886178861788617,-1.4581689834594727
209,1,test,0.13757395279271148,-0.03168008480983234,0.006953059721925503,0.25013445962311176,-0.057600154199695164,0.012641926767137268,1.147486562670247,-0.036934425506832014,0.007950869134322858,2.0863392048549945,-0.06715350092151295,0.014456125698768751,0.20324339876689768,-0.04648060801031595,0.020523516117179785,0.3763766643831438,-0.08607520001910363,0.038006511328110726,1.2253706856670348,-0.058300397606875,0.024892599429385154,2.2692049734574717,-0.10796369927199079,0.04609740635071313,0.14633039706064668,-0.03387336515404135,0.003917295016231476,0.2709822167789753,-0.06272845398896548,0.007254250030058307,1.1575785854379275,-0.03988275020060139,0.0045257067720192445,2.143664047107273,-0.0738569448159283,0.008380938466702403,0.04020100502512558,-0.00479899497487446,-0.00479899497487446,0.025125628140703515,-0.004874371859296511,-0.004874371859296511,0.015075376884422065,-0.004924623115577953,-0.004924623115577953,0.08777429467084641,0.015786814232661706,0.017909852543630533,0.053459119496855334,0.11055276381909551,0.02032719990932108,0.023741411565339265,0.06565656565656564,0.09364548494983282,0.01518137810509157,0.023567620656173238,0.057046979865771785,12.0,-3.0,-3.0,12.0,-1.0,-1.0,13.0,-2.0,-2.0,0.0003256744025042978,7.615860770477882e-05,6.53388626005482e-05,-0.10030303504214078,-0.10068726735563716,-0.09984183567138483,0.07836990595611286,0.05991421224759472,0.02821316614420063,-1.3751752376556396
160,1,test,1.1399226463315895,0.49906148102494097,0.49906148102494097,5.8931850017897265,2.5800536943553554,2.5800536943553554,3.1265265075372475,1.2284117412719089,1.2284117412719089,16.163552133305767,6.350656926575526,6.350656926575526,1.4650644016821763,0.6557106751858975,0.9194260317108043,4.246563483136743,1.9006106527127464,2.6650029904660997,4.32782195033974,2.081366257693737,2.6021122782818873,12.544411450260117,6.0329456744746,7.542354429802573,1.323939852011495,0.582821615976998,0.8265361310598581,5.027619691182894,2.213246642950626,3.1387448014931327,3.7581989952024455,1.6599184191679979,2.113752713061058,14.27164175393334,6.303487667726576,8.026909036940728,0.3065326633165829,-0.0034673366834171437,-0.0034673366834171437,0.22613065326633164,-0.003869346733668344,-0.003869346733668344,0.1758793969849246,-0.004120603015075441,-0.004120603015075441,0.2504570383912249,0.07743651053198741,0.07743651053198741,0.22344322344322343,0.27135678391959794,0.08589312477172828,0.12611471380273653,0.24747474747474751,0.2575250836120402,0.07388568461370959,0.11959404912928151,0.22818791946308725,16.0,0.0,0.0,24.0,0.0,0.0,26.0,0.0,0.0,0.0007308713824964123,0.00018581530045205902,0.0004098220353838619,-0.21796990466563404,-0.21369122074482227,-0.22699731568373238,0.04570383912248629,0.136981869388104,0.12614259597806216,-0.6438007354736328
162,1,test,0.9367147841440001,0.33145882823608885,0.33145882823608885,4.2189043821288825,1.4928696830790775,1.4928696830790775,2.551585126150324,0.719864137451889,0.719864137451889,11.492178678409333,3.2422227293108694,3.2422227293108694,1.6344793711982972,0.6340124429910174,0.9508672416914314,3.335672186118974,1.2939029448796275,1.9405453912070032,5.126788148517106,2.4072367812283373,3.1457676217038735,10.462832956157358,4.91272812495579,6.419933921844639,1.4763946516594717,0.6197846499083383,0.8958322216871016,3.690986629148679,1.5494616247708457,2.239580554217754,4.377136098149642,2.021972951562894,2.5900928633148306,10.942840245374105,5.054932378907235,6.475232158287077,0.3266331658291457,-0.008366834170854265,-0.008366834170854265,0.24623115577889443,-0.0037688442211055717,-0.0037688442211055717,0.21105527638190957,-0.0039447236180903955,-0.0039447236180903955,0.2206654991243433,0.0505775225847539,0.0505775225847539,0.16491228070175434,0.27135678391959794,0.06333673379428462,0.11275912114831244,0.23737373737373735,0.2775919732441472,0.08226643067319561,0.12075103887262328,0.24832214765100669,15.0,0.0,0.0,23.0,-1.0,0.0,25.0,0.0,0.0,0.0024214515325378322,0.00046270982962597827,0.0005626575005161422,-0.16916202322965024,-0.1715855958053485,-0.17808874150047327,0.047285464098073555,0.11294653089194737,0.6514886164623468,-1.186397910118103
254,1,test,1.433361610673653,0.6413088462526529,0.8983963336558258,4.090023216663614,1.8299416216347253,2.563527469311021,4.192769988748701,1.9848458631434376,2.4853810331600554,11.963852295481207,5.663655006038603,7.091906223930847,1.4421103805252882,0.6043652647466288,0.880393458897897,3.8456276814007686,1.61164070599101,2.347715890394392,4.2296124967361886,1.9184627749383094,2.4759316471508774,11.278966657963169,5.115900733168824,6.6024843924023395,1.5095975205341052,0.6693937060825796,0.9472354852827759,4.19332644592807,1.8594269613404992,2.631209681341044,4.524909244714651,2.2080701107540612,2.7700967067266777,12.569192346429586,6.1335280854279475,7.694713074240772,0.321608040201005,-0.0033919597989949812,-0.0033919597989949812,0.23115577889447236,-0.003844221105527623,-0.003844221105527623,0.16582914572864327,-0.004170854271356772,-0.004170854271356772,0.28787878787878785,0.09423279695594367,0.14473362658846523,0.276595744680851,0.27638190954773867,0.090918250399869,0.13614818667628625,0.2777777777777778,0.28428093645484953,0.08561649572029195,0.13856347260612878,0.28859060402684567,14.0,0.0,0.0,23.0,-1.0,-1.0,25.0,0.0,0.0,-0.0004484148916489011,0.00035898687634586116,-6.443650664289394e-05,-0.16047903434951039,-0.16858751165207497,-0.16539874678214872,0.09696969696969697,0.077550758382407,0.0030303030303030303,-1.6300212144851685
259,1,test,1.1908573968561322,0.53211400231871,0.53211400231871,3.9313561498776157,1.7566584050906129,1.7566584050906129,3.2899007490365273,1.3575381583165418,1.3575381583165418,10.860890293293663,4.48161635598089,4.48161635598089,1.3179247342740057,0.5001011669093516,0.7674534176765935,3.064941242497688,1.1630259695566318,1.7847753899455663,3.735660838553886,1.4700972173467672,2.0015907172295706,8.687583345474154,3.418830738015738,4.654862133092025,1.3899411002094533,0.6008727929128802,0.8585528306990797,3.594675259162379,1.5539813609815867,2.2203952518079646,4.014613586130997,1.8132690922145338,2.3133210636608066,10.382621343442233,4.689489031589312,5.982726888777949,0.321608040201005,-0.008391959798994986,-0.0033919597989949812,0.23115577889447236,-0.003844221105527623,-0.003844221105527623,0.15577889447236182,-0.004221105527638214,-0.009221105527638218,0.2704280155642024,0.08958735085256997,0.08958735085256997,0.24756335282651076,0.2814070351758794,0.06336192239392446,0.1094537797501699,0.24242424242424243,0.2876254180602007,0.08228318099843113,0.12633509547955557,0.2751677852348994,14.0,0.0,0.0,18.0,1.0,1.0,23.0,1.0,1.0,0.0007150909632565781,0.00010021434485848377,0.000398409142321479,-0.231338169901119,-0.23472001236024642,-0.2405608035696174,0.048638132295719845,0.05993319563607584,0.029182879377431907,-2.4770615100860596
130,1,test,1.773487835117218,0.731665986058891,0.731665986058891,7.4693611741798165,3.0815421456640886,3.0815421456640886,5.891365680904301,3.056989562071502,3.056989562071502,24.812540130523956,12.875058228578517,12.875058228578517,1.9440149783057947,0.8909341391220185,1.237514364606459,6.0750468072056085,2.784169184756308,3.8672323893951845,6.986746367668421,4.120277710331273,4.959860390854133,21.833582398963816,12.87586784478523,15.499563721419166,2.3693978584964874,1.1244659486316533,1.5340659731963506,7.179993510595416,3.4074725716110703,4.648684767261669,10.69095287914849,7.218254544361031,8.3853737700101,32.396826906510576,21.87349861927585,25.41022354548515,0.4321608040201005,-0.002839195979899567,-0.002839195979899567,0.31155778894472363,-0.003442211055276312,-0.003442211055276312,0.24623115577889443,-0.0037688442211055717,-0.0037688442211055717,0.2934027777777778,0.06955136037797327,0.06955136037797327,0.26260869565217393,0.31155778894472363,0.09155778894472366,0.14017675733074697,0.2777777777777778,0.32441471571906355,0.09274804905239686,0.14350461583005136,0.33221476510067116,17.0,0.0,0.0,30.0,0.0,0.0,32.0,0.0,0.0,0.0010995302911853983,0.0002742835921077685,0.0003942116513353788,-0.1112516562910848,-0.10770942453748411,-0.10262676951669736,0.059027777777777776,0.09759540696113109,0.4513888888888889,-0.7506983280181885
48,1,test,1.3016977745078997,0.5151811652234903,0.5151811652234903,4.297784272257926,1.700961277358004,1.700961277358004,3.675531597218065,1.4797971091065145,1.4797971091065145,12.135414379641768,4.885810566938268,4.885810566938268,1.971395989634356,0.8776392317923958,1.2380478857632138,3.6480037939028267,1.624042690606489,2.2909671157113674,7.180693668708862,4.195224954085926,5.098653832009396,13.287638751442566,7.763126550551526,9.434892137737013,1.8517641258951165,0.8051344808603071,1.149203947972763,4.027924886983538,1.7513144182216895,2.499728295590389,6.3710489470568605,3.523012915399426,4.352134069145867,13.858194060021493,7.663195976562256,9.466685785441374,0.4416243654822335,-0.003375634517766457,-0.003375634517766457,0.3451776649746193,-0.004822335025380653,-0.004822335025380653,0.24873096446700504,-0.00626903553299496,-0.00626903553299496,0.30000000000000004,0.08787878787878789,0.08787878787878789,0.26315789473684215,0.35025380710659904,0.11481076913191546,0.16981535853998853,0.34693877551020413,0.3434343434343434,0.10645955351837699,0.16202336919022253,0.33783783783783783,20.0,0.0,0.0,28.0,1.0,1.0,37.0,1.0,0.0,0.002693427265891794,0.00040446532550965494,0.00045065306364261914,-0.2002663312426609,-0.16258978252610046,-0.17237394503297576,0.04915254237288136,0.07795271602827772,0.8983050847457628,-1.7507359981536865
109,1,test,2.9948068823407508,1.4122028087107987,1.9364424448006246,5.228222184425379,2.465371005037496,3.38056901380448,19.981500736583257,15.113885787433269,17.09984672884014,34.88295891301823,26.385258239078418,29.85227479780567,3.009543639058996,1.3762618625607974,1.9165617613902242,4.854102643643541,2.219777197678705,3.091228647403587,20.278143660579993,15.157491651340754,17.29498743040681,32.70668332351612,24.44756717958186,27.895141016785175,3.0170874927532827,1.443877275871399,1.9634732647385333,5.2018749875056605,2.4894435790886194,3.3852987323078167,20.431697475077723,15.609594104163094,17.563699467541518,35.22706461220297,26.91309328303982,30.28224046127848,0.6633165829145728,-0.0016834170854271857,-0.0016834170854271857,0.5527638190954773,-0.0022361809045226,-0.0022361809045226,0.44221105527638194,-0.0027889447236180143,-0.0027889447236180143,0.4188311688311688,0.1189932433854638,0.1952890522004992,0.37133550488599354,0.4371859296482412,0.12891525295651185,0.20179360911401756,0.3737373737373737,0.4180602006688964,0.11588991686255246,0.1933660961082735,0.37248322147651003,22.0,0.0,0.0,34.0,0.0,-2.0,43.0,0.0,0.0,0.00033161805961862156,0.00017143563400655673,4.269792140677028e-06,0.00047149473440466494,6.878410509703059e-05,-7.1846786077856e-05,0.08116883116883117,0.05932613350353477,0.09415584415584416,-1.0234918594360352
106,1,test,0.8047888193184771,0.33746919270116466,0.4645944002591118,1.7210845232413217,0.7216961651139365,0.9935603138071368,2.236224201600786,0.6405128478627724,0.8310034358938103,4.7822866961944515,1.369771451754724,1.7771459020620641,0.4361528165144838,0.06537198116751675,0.16165108421574587,0.7034722847007803,0.10543867930244633,0.26072755518668683,1.546745144891652,0.09787964640859959,0.23087029133618042,2.494750233696213,0.15787039743322495,0.3723714376390004,0.6883567933541097,0.2809614234634613,0.4011036816057121,1.349719202655117,0.5509047518891398,0.7864778070700237,1.9904421367987877,0.48754394789328637,0.6576806284159806,3.902827719213309,0.9559685252809538,1.2895698596391778,0.09547738693467334,-0.009522613065326646,-0.004522613065326642,0.0653266331658291,-0.004673366834170856,-0.004673366834170856,0.045226130653266305,-0.004773869346733739,-0.004773869346733739,0.21468926553672318,0.061168138776159786,0.08956707589840451,0.23796033994334276,0.17085427135678388,0.04085427135678388,0.0726845542186807,0.13636363636363635,0.20401337792642138,0.05401337792642136,0.0852564411894624,0.21812080536912748,15.0,-6.0,-6.0,17.0,-6.0,-6.0,19.0,-5.0,-5.0,0.00022606420322587056,-0.0005764469834902095,-0.00013002827331091104,-0.13666191969717456,-0.15498824093479202,-0.14093486588697202,0.07909604519774012,0.13658283899091792,0.6101694915254238,-2.2973690032958984
107,1,test,0.5223843684696514,0.10923467397875286,0.23469399881639108,1.0066384910656057,0.2104960140904435,0.4522570488140675,1.686043008537067,0.17447172564455649,0.35269861222253196,3.2490171843342024,0.3362082888333062,0.6796528001952442,0.6643086270866144,0.17547333839961266,0.29842105905052513,1.3025659354639498,0.3440653694110052,0.5851393314716179,1.9431466178827985,0.3127304683636305,0.5013534879745873,3.8100914076133305,0.6131969967914324,0.983046054852132,0.5224178111009837,0.10917111786308586,0.2341588720360211,1.0067029352602899,0.21037354099163996,0.4512258556022597,1.6860993951946657,0.17438148467048098,0.35199668448436494,3.249125841834976,0.33603439381756894,0.6783001803202362,0.18592964824120606,-0.004070351758793889,-0.004070351758793889,0.07537688442211055,-0.004623115577889414,-0.009623115577889418,0.045226130653266305,-0.004773869346733739,-0.004773869346733739,0.22053231939163498,0.06303706322465208,0.0941100690755794,0.1717557251908397,0.24120603015075381,0.06576743365952575,0.09095561278848341,0.21212121212121215,0.22053231939163498,0.06493459643148314,0.09537429157873989,0.1717557251908397,14.0,-3.0,-3.0,15.0,-1.0,-1.0,18.0,-4.0,-4.0,0.0006019526654202147,0.00012301824364748608,6.487371006182026e-05,-0.1803357224213462,-0.18047695859761115,-0.19111279811244364,0.09505703422053231,0.12040915856338796,0.6730038022813688,-2.040797472000122
225,1,test,1.0896975440006524,0.459636339857327,0.5107639335772972,2.371101137408827,1.0001346283932575,1.1113844850987484,2.9733746215551484,1.0956491212270159,1.1892397884024004,6.469842926532036,2.384051328595821,2.587697687727445,0.28397033562562946,-0.02263274433527951,0.046648752002946325,0.5070898850457668,-0.040415614884427686,0.08330134286240409,1.328393524205499,-0.030408001261168716,0.0605447525801357,2.372131293224105,-0.054300002252086976,0.10811562960738508,0.7907970578622076,0.25904937319103016,0.41696358512363,1.4693204593612623,0.4813201316697536,0.7747286365568682,2.2051533607972735,0.5032492581025267,0.7518582437483228,4.097229392592466,0.9350495474621026,1.3969711812854646,0.07537688442211055,-0.004623115577889414,-0.004623115577889414,0.045226130653266305,-0.004773869346733739,-0.004773869346733739,0.02010050251256279,-0.004899497487437232,-0.004899497487437232,0.2601279317697228,0.08440908192946728,0.09492754076288024,0.3076923076923077,0.12060301507537685,0.005314794523998412,0.013758273839984514,0.1262626262626263,0.21999999999999997,0.06026622296173045,0.09139689578713961,0.254180602006689,10.0,-1.0,-1.0,11.0,-1.0,-1.0,12.0,-1.0,-1.0,-0.0006239789989697038,-0.0007611919244419454,-0.0007040420503274117,-0.11253503794300768,-0.12698869038115612,-0.12709974619615405,0.053304904051172705,0.07556732827736219,0.417910447761194,-2.1703946590423584
54,1,test,0.6458037366842405,0.273401394254902,0.3704709746615621,1.5909866890499171,0.6735451567074408,0.9126834607556364,1.9075195567588155,0.4563028068383157,0.5905507175827291,4.699319702743572,1.1241367161844598,1.4548666684819551,0.15514878276457283,-0.057401655961754394,-0.0024426915419287487,0.34477507281016184,-0.1275592354705653,-0.005428203426508349,1.1678317014091146,-0.06899679463693609,-0.00285613953321473,2.5951815586869214,-0.15332621030430227,-0.006346976740477128,0.14955251231779718,-0.002184244501615723,0.03628812287061341,0.38346798030204404,-0.005600626927219798,0.09304646889900875,1.1613144525244314,-0.002539366997180048,0.04138646157246262,2.97772936544726,-0.006511197428666904,0.10611913223708358,0.035175879396984966,-0.00482412060301507,-0.00482412060301507,0.02010050251256279,-0.004899497487437232,-0.004899497487437232,0.02010050251256279,-0.004899497487437232,-0.004899497487437232,0.17520215633423175,0.04734212941633131,0.06767527461380163,0.22432432432432436,0.12060301507537685,0.012833591516479559,0.013758273839984514,0.06060606060606055,0.1270903010033445,0.02024555976795217,0.01363090167075276,0.08389261744966447,12.0,-3.0,-3.0,12.0,-3.0,-3.0,14.0,-2.0,-2.0,-0.00011781843638295617,-0.001072674427380875,4.653755650088557e-06,-0.04035753266536424,-0.038335663118151064,-0.03869411173796289,0.0673854447439353,0.09926317025876863,0.7870619946091644,-2.5402138233184814
82,1,test,1.5466316163568932,0.6914162480939849,0.789364472013235,4.019443793671694,1.7968782726628563,2.0514297615692794,4.695626841697762,2.3437459951706803,2.5631862438757866,12.203169757202906,6.091014301402873,6.66130378495626,0.6441856453305985,0.19240435565521985,0.3111266178481151,1.1301502549659623,0.3375515011495085,0.5458361716633597,1.9044355116633649,0.3333272182696778,0.5092058587302746,3.341114932742746,0.5847845934555753,0.8933436118074995,1.4812270342550469,0.6224407609391857,0.8963763021156979,2.866891034042026,1.2047240534306818,1.734921875062641,4.398339284141037,2.0380450817077334,2.603616212969444,8.512914743498781,3.9446033839504517,5.039257186392472,0.10050251256281406,-0.004497487437185921,-0.004497487437185921,0.07537688442211055,-0.004623115577889414,-0.004623115577889414,0.06030150753768848,-0.0046984924623114654,-0.0046984924623114654,0.24663677130044848,0.08650239280100835,0.09805417110494508,0.2471910112359551,0.12060301507537685,-0.01222906512512445,0.00040268118556052723,0.06565656565656564,0.2240802675585284,0.07049095203265188,0.11173321527821689,0.21812080536912748,12.0,0.0,0.0,14.0,1.0,1.0,15.0,0.0,0.0,0.001146961389506976,-0.0014625209168295746,4.730589798006647e-05,-0.10739348850540509,-0.09009039037190414,-0.11203313674254378,0.05605381165919283,0.13720025948822748,0.23766816143497757,-2.1491308212280273
28,1,test,0.43366004975567973,0.09755317750538867,0.10479251479130725,1.4171897050839206,0.3188012336777406,0.34245919866440255,1.5428942716685798,0.1434056883554633,0.15350047437020375,5.042138142707778,0.4686460403773314,0.5016355371575285,0.20266363165356965,-0.21152065153530636,-0.15014193095633227,0.5130724851989105,-0.5354953203425478,-0.3801061543198285,1.2246604619439216,-0.2884754847662432,-0.19839395960031858,3.100406232769422,-0.730317682952514,-0.5022631888615656,0.643867955354291,0.13982845526750753,0.2731539136905844,1.5577450532765105,0.338294649840744,0.660856242799801,1.9038305876850152,0.24843583758307397,0.455061861033246,4.6060417443992305,0.6010544457655014,1.1009561154030147,0.035175879396984966,-0.00482412060301507,-0.00482412060301507,0.02010050251256279,-0.004899497487437232,-0.004899497487437232,0.015075376884422065,-0.004924623115577953,-0.004924623115577953,0.12024048096192386,0.009129369850812696,0.010758565028395006,0.1305220883534136,0.15577889447236182,0.010415485951058567,0.015545171600909402,0.13131313131313127,0.1505016722408027,0.010267949369350271,0.02925584354224875,0.2046979865771812,9.0,0.0,0.0,9.0,0.0,0.0,11.0,-2.0,-2.0,0.0005423278796921471,-0.0004889924409684213,9.971631542212506e-05,-0.09276668492317564,-0.0836546448518003,-0.07210526774866155,0.050100200400801605,0.04769938599463714,0.002004008016032064,-2.037757396697998
212,1,test,0.7625660506305226,0.2977141888494529,0.317977185456326,2.0601922583332906,0.8043217588253175,0.859065434741124,2.143770191429804,0.5519918232216974,0.5839214355937727,5.791732727122509,1.4912928262729839,1.5775557016870438,0.09740187319586319,-0.03711451811373129,-0.023111003388855744,0.16233645532643864,-0.061857530189552146,-0.03851833898142626,1.1023032707590361,-0.0416801394759283,-0.025771995869947606,1.8371721179317269,-0.06946689912654724,-0.04295332644991268,0.5389322011821109,0.17397594902728492,0.26485111139118594,1.0232889895862867,0.33033408043155366,0.502881857071872,1.7141754900284498,0.27372449988457115,0.3988540329721404,3.2547635886616137,0.5197300630719703,0.757317784124317,0.025125628140703515,-0.009874371859296516,0.00012562814070349315,0.015075376884422065,-0.004924623115577953,-0.004924623115577953,0.015075376884422065,-0.004924623115577953,-0.004924623115577953,0.1659836065573771,0.017570095810191866,0.020333557681521786,0.215605749486653,0.08040201005025127,0.007720305789599591,0.010285148614525008,0.08080808080808077,0.14381270903010035,0.011926231567662926,0.028128615592947992,0.20134228187919467,12.0,-3.0,-3.0,13.0,-4.0,-4.0,13.0,-3.0,-3.0,-0.0005444503462388433,-0.0007301368689772423,-0.0006332178913874386,-0.251381440831032,-0.24434535230256316,-0.2846511169557764,0.05122950819672131,0.04432523684311513,0.3114754098360656,-1.6834092140197754
56,1,test,1.2766917863411218,0.4051232693022916,0.4051232693022916,8.07355567743338,2.5619223887306815,2.5619223887306815,3.5847609325295138,1.1941032309319737,1.1941032309319737,22.66934532571045,7.551281384179337,7.551281384179337,2.540464730627773,1.1638323918670372,1.6183235679908292,6.351161826569432,2.9095809796675924,4.045808919977072,12.685564971739398,8.724026951704143,10.170896026849338,31.713912429348493,21.81006737926036,25.427240067123346,2.084817952533086,0.9372987611898311,1.3130574266178663,7.107333929090066,3.1953366858744245,4.476332136197271,8.04312711749203,4.89275936973429,5.879555190236083,27.41975153690465,16.679861487730534,20.0439381485321,0.5025125628140703,0.002512562814070307,-0.007487437185929702,0.3919597989949749,-0.0030402010050251116,-0.0030402010050251116,0.31155778894472363,-0.003442211055276312,-0.003442211055276312,0.24434389140271495,0.052750538519039436,0.052750538519039436,0.17069486404833834,0.3417085427135679,0.085427135678392,0.15242881072026804,0.297979797979798,0.30434782608695654,0.09531772575250841,0.14158305462653287,0.24832214765100669,18.0,0.0,0.0,25.0,0.0,0.0,35.0,0.0,0.0,0.005194656188583339,0.0010180719557190293,0.0007829638025800885,-0.22959953355633456,-0.2217603068126861,-0.21657777800897549,0.0392156862745098,0.08493993875290652,0.6168929110105581,-1.38522469997406
49,1,test,0.8187330754725801,0.35654160731182244,0.45520158959388846,1.7912613142936007,0.7800578811905066,0.9959106601059659,2.267625107016552,0.680075867755968,0.829224961531773,4.961212941317981,1.4879007935434436,1.8142159379369178,0.08561244965963581,-0.034668795006439324,-0.0050022854398852346,0.15019728010462424,-0.06082244737971812,-0.008775939368219715,1.0893840553229672,-0.03842994332780236,-0.005463062505617344,1.9112000970578373,-0.06742095320667096,-0.009584320185293649,0.5592294113685695,0.22381407538436549,0.32978388384907253,1.0894079442244862,0.4360014455539588,0.6424361373683232,1.74932397161718,0.35080285085712326,0.4914216273210974,3.4077739706828183,0.683382176994396,0.957314858417722,0.02010050251256279,-0.004899497487437232,-0.004899497487437232,0.02010050251256279,-0.004899497487437232,-0.004899497487437232,0.01005025125628145,-0.004949748743718563,-0.004949748743718563,0.19240506329113927,0.062190145465601976,0.08194563025106105,0.2284263959390863,0.05025125628140703,0.0076447399906801605,0.015192825563543955,0.05555555555555558,0.16722408026755853,0.0503626445413482,0.0804610101896942,0.1912751677852349,11.0,-2.0,-2.0,11.0,-2.0,-2.0,11.0,-2.0,-2.0,-0.0001202404520869492,-0.0012869458223733214,-3.962944271654988e-05,-0.09212442667941856,-0.1197171155989305,-0.10452354310477929,0.06329113924050633,0.032373172593488764,0.45569620253164556,-2.2184767723083496
144,1,test,0.4879063137169685,0.1745705543862342,0.24735100062415125,0.8230767379225382,0.2944929352254734,0.4172703836616117,1.6289022370278072,0.2609214707942409,0.3569469493634865,2.747887252029518,0.44016317681811046,0.6021539841436203,0.447803716447028,0.05934674142136154,0.18366170861883963,0.6942693278248496,0.09201045181606449,0.28474683506796844,1.5648715069671324,0.09016797394903575,0.26255838513893326,2.4261573751428407,0.13979530844811716,0.40706726378129154,0.3146426553842329,0.061560292983537934,0.1416338810189988,0.47673129603671655,0.0932731711871787,0.21459678942272548,1.3697697436473522,0.08178038928588682,0.1808932069721343,2.075408702495988,0.12390968073619213,0.2740806166244458,0.10050251256281406,-0.004497487437185921,-0.004497487437185921,0.07537688442211055,-0.004623115577889414,-0.004623115577889414,0.0653266331658291,-0.004673366834170856,-0.004673366834170856,0.14470284237726094,0.03889639076435769,0.05281623436162064,0.12694300518134716,0.1306532663316583,0.025390108436921466,0.05218915948691705,0.08585858585858586,0.10033444816053516,0.030217586724808898,0.04360474849423923,0.06040268456375841,15.0,-6.0,-6.0,17.0,-6.0,-6.0,17.0,-3.0,-3.0,0.0004985184179041655,-0.0002079924962709674,0.0001666870924028556,-0.08022886170490096,-0.09756157662226217,-0.08644146925820828,0.06459948320413436,0.15293500421707965,0.002583979328165375,-1.7241319417953491
201,1,test,1.264180961340599,0.5529879880143496,0.7574910331469807,2.34035552330234,1.0237367367855394,1.4023295536721028,3.5401919942562823,1.5037727903431226,1.880403919857505,6.5538938970590666,2.78390757596855,3.4811580259926123,0.5335686460784014,0.13100350128520033,0.2569008467150912,0.9199459415144852,0.2258681056641385,0.44293249433636417,1.7050060277703358,0.20934967149496053,0.38627781186199917,2.939665565121269,0.36094770947407007,0.6659962273482747,1.2521456230577703,0.5489588127791286,0.7752600937081155,2.222743709570006,0.9744830996079203,1.3762013497777197,3.497839957783114,1.4776595660204768,1.8867909421130524,6.209183357011445,2.6230643183795443,3.3493330333367792,0.09547738693467334,-0.004522613065326642,-0.004522613065326642,0.08040201005025127,-0.004597989949748693,-0.004597989949748693,0.06030150753768848,-0.0046984924623114654,-0.0046984924623114654,0.24722222222222223,0.08633456618893509,0.1181899641577061,0.24233983286908078,0.12060301507537685,0.007821060188158757,0.02878331557621161,0.0757575757575758,0.23745819397993306,0.08887722569946566,0.11732471233365938,0.23154362416107388,12.0,-2.0,-2.0,15.0,-3.0,-3.0,17.0,-4.0,-4.0,9.26988416865928e-05,-0.0006351242690656908,-0.0005045570072650601,-0.06870033487283678,-0.07637688136822085,-0.0690200783757402,0.13055555555555556,0.09663305307241284,0.4888888888888889,-1.8917983770370483
186,1,test,0.7264738926300264,0.29598203022869757,0.42872071789869987,1.4137964976332849,0.5760129330798006,0.8343367264495656,2.0677765356890316,0.5297627069799684,0.720947220346718,4.0241160125684745,1.0309753279550282,1.4030409976807383,0.6607291764241596,0.19610236095705225,0.32538859867818964,1.110469204074218,0.32958379992781894,0.5468715944171255,1.9362036538458218,0.34478346918667,0.5377870801529603,3.2541237879761713,0.5794680154397818,0.9038438321898492,0.7684953201998647,0.2797078389110968,0.42155523236457915,1.4231394818516012,0.5179774794649941,0.7806578377121837,2.1565189408256145,0.5261807353974264,0.7417869776487085,3.993553594121508,0.9744087692544929,1.3736795882383488,0.14070351758793975,-0.004296482412060265,-0.004296482412060265,0.10050251256281406,-0.004497487437185921,-0.004497487437185921,0.07537688442211055,-0.004623115577889414,-0.004623115577889414,0.16975308641975306,0.048027354524529664,0.07016376403782287,0.1702786377708978,0.1507537688442211,0.022934219972040593,0.03890068036341976,0.15656565656565657,0.17391304347826086,0.048704362343035434,0.07268946172075252,0.1778523489932886,14.0,0.0,0.0,17.0,1.0,1.0,19.0,-1.0,-1.0,-0.0011026592393247052,-0.00017381580754316126,-0.00017942541818605006,-0.09691902978245137,-0.097080481700349,-0.10340410654675347,0.07716049382716049,0.04574761428341366,0.1882716049382716,-2.2252464294433594
247,1,test,1.4984388818299328,0.688610772652612,0.8005772134526827,5.540446285757735,2.546123865270162,2.9601174278922726,4.474698082396725,2.227176457266437,2.4652468453968392,16.545102153399657,8.234938161321281,9.115198419954702,2.03180729689122,0.8776298750099933,1.2595310218244071,4.232931868523376,1.8283955729374863,2.624022962134182,7.627859715909422,4.45644610706064,5.463171640466083,15.89137440814463,9.284262723043,11.381607584304337,1.822324896676365,0.8103701404644068,1.1443343563834274,5.015573110118436,2.230376533388276,3.149544100137874,6.1862240759080915,3.435250831262532,4.216308788926855,17.026304796077316,9.454818801639997,11.604519602550976,0.4824120603015075,-0.0025879396984924696,-0.0025879396984924696,0.3517587939698492,-0.0032412060301507672,-0.0032412060301507672,0.2361809045226131,-0.0038190954773869024,-0.0038190954773869024,0.3006833712984055,0.0902169321630244,0.10909001841472998,0.2351598173515982,0.3417085427135679,0.09860077329000894,0.15473024555163128,0.2828282828282829,0.3411371237458194,0.10574480321159574,0.16093690127640892,0.2785234899328859,16.0,-5.0,-5.0,23.0,-11.0,-11.0,27.0,-10.0,-10.0,0.000425742841677092,0.0010558982395642961,7.803887660802803e-05,-0.12156818988817797,-0.13561383758442513,-0.13158659536395678,0.1548974943052392,0.08504443837763935,0.33940774487471526,-1.5451068878173828
119,1,test,2.9077315914835347,1.3943026224926263,1.8963870112465913,5.472416197454966,2.624108868174324,3.569042970604539,18.315205042201992,13.7729255856584,15.56590986332845,34.46962746706554,25.92095545615485,29.295392158511405,3.245355986880054,1.49662675382592,2.0765801010168317,5.277001604683015,2.433539437115317,3.3765530097834664,25.67084691853381,19.923552356956755,22.452795953721267,41.74121450168099,32.39602009261261,36.50861130686385,2.9114033030986515,1.3780787761761946,1.8865310335205847,5.4588811933099715,2.5838977053303647,3.5372456878510965,18.382576802436823,13.74902117750143,15.59583731601527,34.467331504569046,25.779414707815185,29.242194967528636,0.7185929648241206,-0.0014070351758793676,-0.0014070351758793676,0.5628140703517588,-0.007185929648241274,-0.007185929648241274,0.44723618090452266,-0.0027638190954772934,-0.0027638190954772934,0.4281437125748503,0.126200513770665,0.19507598349118493,0.3513513513513513,0.4120603015075377,0.08123323383836478,0.16164293923708695,0.35858585858585856,0.4280936454849499,0.12759281076040896,0.19672545861064505,0.3557046979865772,20.0,-1.0,-1.0,35.0,-6.0,-6.0,45.0,-8.0,-6.0,0.0018506554363490755,0.00023107824836822438,0.0007253257417673831,0.00036882264394222375,-3.19275461979629e-05,0.00018267769083823993,0.08982035928143713,0.1472380540647841,0.4311377245508982,-0.7699744701385498
200,1,test,0.897172960906063,0.1926334216019676,0.1926334216019676,4.815043372920309,1.0338455576623584,1.0338455576623584,2.4526595365091373,0.4297445389205725,0.4297445389205725,13.16319434702026,2.306398748451418,2.306398748451418,1.3446641161490973,0.5520815009914934,0.8083525946393906,4.0747397459063555,1.672974245428768,2.4495533170890624,3.836897572208157,1.6278032663955306,2.1272085057341377,11.626962340024717,4.932737170895547,6.446086381012536,1.0553766044961967,0.4545243068188134,0.6491780396668002,4.221506417984787,1.8180972272752536,2.596712158667201,2.8730569563503177,1.0493845063463898,1.3719563677007376,11.49222782540127,4.197538025385559,5.48782547080295,0.29648241206030146,-0.0035175879396985854,-0.0035175879396985854,0.2211055276381909,-0.003894472361809065,-0.003894472361809065,0.18090452261306533,-0.0040954773869347205,-0.0040954773869347205,0.2053691275167785,0.03821370229683718,0.03821370229683718,0.17741935483870963,0.2562814070351759,0.07081774788730621,0.12272548049093546,0.202020202020202,0.2240802675585284,0.07382985019625798,0.10617148001681542,0.16442953020134232,22.0,-6.0,-6.0,27.0,-5.0,-4.0,32.0,-6.0,-5.0,0.0018515725152651922,-0.0003357161407748673,-2.5096525665901058e-05,-0.2581063896601501,-0.26345174896925894,-0.2807497700793409,0.03355704697986577,0.2236046542647575,0.0013422818791946308,-1.4375026226043701
117,1,test,1.3812702916601562,0.6360761559411074,0.8324265436198698,3.6379935850767495,1.6752991712815084,2.1924473754495164,3.9799541202724065,1.8731037100720007,2.2487040214409246,10.48241437311183,4.933385827936114,5.922642986048631,2.0152783635877958,0.9221196272459933,1.2774010501547,4.242691291763781,1.9413044784126177,2.689265368746737,7.502815601216595,4.51913172733329,5.411324382291934,15.795401265719148,9.51396153122798,11.392261857456704,1.6137765300847489,0.739271450804085,1.020190216717511,3.752968674615695,1.719235932102523,2.3725353877151414,5.021740215391935,2.624051880761312,3.2112705172167244,11.678465617190547,6.102446234328633,7.4680709702714525,0.48743718592964824,-0.002562814070351749,-0.002562814070351749,0.35678391959798994,0.001783919597989958,-0.0032160804020100464,0.2562814070351759,-0.00371859296482413,-0.00371859296482413,0.28686327077747986,0.0887374340974263,0.12752798240993346,0.228494623655914,0.3517587939698492,0.10363849321796947,0.15476380231709463,0.33333333333333337,0.3076923076923077,0.09567227430332603,0.14640198511166258,0.2651006711409396,17.0,-3.0,-3.0,24.0,-3.0,-3.0,31.0,-4.0,-4.0,0.00034586172597342747,0.0008042391896357837,0.0003234125490192176,-0.13025396811725276,-0.15197471509651184,-0.14728931182516192,0.07506702412868632,0.0659643763319523,0.517426273458445,-1.9813560247421265
92,1,test,0.791144253543945,0.3150265526146611,0.4109394421556095,3.551358649241709,1.4141191917369236,1.844661495898514,2.2059191134470257,0.5961066322139132,0.7433350008040625,9.902125798139982,2.6758564379380108,3.3367482258315695,1.2661086715532246,0.5057609122549521,0.7530546689841169,3.0661185901469654,1.2247944983523538,1.8236625116362346,3.547023040541724,1.4080030852941108,1.8766382680676856,8.589778688540802,3.4097424113748955,4.5446300226699385,0.9539467263051412,0.3541704154016271,0.5457589716014336,3.429665611239913,1.273326969658231,1.9621334455194401,2.5959349125106783,0.7742236546452097,1.0918453779649524,9.333004090216964,2.7835183774149215,3.925444096969234,0.31999999999999995,0.0,-0.0050000000000000044,0.20999999999999996,0.0,0.0,0.15000000000000002,0.0,0.0,0.2456575682382134,0.07837132288505355,0.09805248514925935,0.15671641791044777,0.28,0.08299251870324187,0.120531561461794,0.19095477386934678,0.2558139534883721,0.08997647421805699,0.12100732365411793,0.16000000000000003,16.0,0.0,0.0,26.0,0.0,0.0,30.0,0.0,0.0,0.0008815394489839036,0.001129499653165293,0.0002662460231880104,-0.19682529164323626,-0.22181255410810685,-0.20418249158654245,0.07444168734491315,0.07771674294584488,0.19106699751861042,-1.3022795915603638
51,1,test,0.7557376522327567,0.33063538417399335,0.33063538417399335,2.0036736728427447,0.8766076595792542,0.8766076595792542,2.129181539737794,0.5994346838324143,0.5994346838324143,5.6450608002278955,1.5892704181608117,1.5892704181608117,0.5686586252301254,0.14781703860012502,0.23986677349644364,0.9638281783561449,0.2505373535595339,0.4065538533838028,1.765896732722806,0.24265377547798206,0.37660808525662115,2.993045309699671,0.41127758555590166,0.6383187885705444,0.8682829134382122,0.32324998301519925,0.4783978980995042,1.6805475743965395,0.6256451284165145,0.9259314156764596,2.3828158377279425,0.6581506623328399,0.9060048642180631,4.61190162140892,1.2738399916119478,1.7535578017123798,0.09045226130653261,-0.0045477386934673625,-0.0045477386934673625,0.08040201005025127,-0.004597989949748693,-0.004597989949748693,0.07537688442211055,-0.004623115577889414,-0.004623115577889414,0.20348837209302328,0.05686080611061861,0.05686080611061861,0.19611650485436893,0.12060301507537685,0.022858654173121162,0.0371305609852266,0.12121212121212122,0.1906354515050167,0.045393381388155296,0.07717605217242496,0.21140939597315433,13.0,-2.0,-2.0,15.0,-2.0,-2.0,19.0,-4.0,-4.0,0.0006122751133471405,-0.0005395584256870044,-0.00010109848261498286,-0.2113392556875291,-0.1776472747706057,-0.20940529515549056,0.04844961240310078,0.06483994576311033,0.001937984496124031,-1.9476524591445923
157,1,test,0.8766601497982284,0.39041321419633124,0.42641984144213263,4.682162163695083,2.0851614849122235,2.277469607702299,2.4028610938993915,0.776659580214982,0.8341719845989259,12.833462660599023,4.148068212511836,4.455236735926082,1.2687956819183783,0.5029622271320682,0.7484214131451989,4.6992432663643635,1.8628230634521037,2.771931159797033,3.5565667444906675,1.405780533584612,1.873909446545386,13.172469424039509,5.206594568831897,6.940405357575504,1.029627743503658,0.41934196274473434,0.6142852853655857,5.1481387175182896,2.0967098137236713,3.071426426827928,2.8000233138000583,0.9590658799747631,1.2851338757127986,14.00011656900029,4.795329399873815,6.425669378563993,0.27638190954773867,-0.0036180904522613577,-0.0036180904522613577,0.1959798994974874,-0.004020100502512558,-0.004020100502512558,0.16080402010050254,-0.004195979899497493,-0.004195979899497493,0.22388059701492535,0.06307122534293386,0.06943289418012577,0.1923076923076923,0.25125628140703515,0.0758176849158071,0.09599751679935564,0.23737373737373735,0.22742474916387956,0.05547149373817006,0.09060606173340124,0.20134228187919467,13.0,-1.0,-1.0,18.0,-3.0,-3.0,21.0,-2.0,-2.0,0.00029419789571370406,0.0005932950421835484,0.00039311148361003204,-0.26836340450259577,-0.2647579630080452,-0.26569666201003894,0.057569296375266525,0.09612152351587486,0.2899786780383795,-0.9335870146751404
91,1,test,1.378830931469516,0.6208532784495293,0.6808650115829548,3.24714684361071,1.4621094707486415,1.6034371022778584,3.970257410323292,1.8363011565752272,1.9605966740789453,9.349956201311352,4.32448922373466,4.617205167455916,0.665358000510598,0.18809880380800764,0.3187220464486478,1.099765290100162,0.310907113732244,0.5268132999151204,1.9451867745583908,0.3335356499799791,0.5308850137288561,3.2151847513361833,0.5512985950082299,0.8774958904609194,0.9621984096748363,0.3812897290147763,0.5612573776013242,1.8744124863795513,0.7427721993794345,1.0933585277947875,2.6174443680166024,0.8297822610965382,1.124215154743312,5.098917600032342,1.6164589501880609,2.190029522227231,0.14572864321608037,-0.004271356783919655,-0.004271356783919655,0.11055276381909551,-0.004447236180904479,-0.004447236180904479,0.085427135678392,-0.004572864321607972,-0.004572864321607972,0.27234042553191484,0.08317995794424216,0.09052224371373307,0.32196162046908317,0.16080402010050254,0.02295940857168044,0.043942584374292215,0.18181818181818177,0.24080267558528423,0.06884942015957474,0.1095457234162075,0.2684563758389261,16.0,-4.0,-4.0,20.0,-4.0,-3.0,21.0,-2.0,-2.0,-9.228483250153396e-05,-0.0008574519785870819,-0.0006030370518358584,-0.08354867989705816,-0.0831982670569884,-0.09383156094776979,0.05319148936170213,0.09650220002892712,0.28297872340425534,-1.8417632579803467
87,1,test,1.8057489023070175,0.8390306200568584,1.0431420300266736,5.298620866623511,2.4619730603128254,3.0608985114651306,6.084526458580616,3.4552247990104155,3.9406687531285387,17.8538659587548,10.138688826293336,11.563130209910017,2.165238556317012,0.9899533015065216,1.3756083736437001,4.224337967716523,1.931379480390174,2.68378496426565,8.716681088178618,5.4776143167320015,6.5140993654436485,17.00607388772103,10.686718127741846,12.708880134542023,1.9323364964218235,0.8618822362244569,1.2133303752155697,4.713015844931277,2.1021517956694074,2.9593423785745614,6.905626377924526,3.9889222362372476,4.853234010538453,16.842991165669577,9.729078624968897,11.83715612326452,0.5303030303030303,0.00030303030303024947,0.00030303030303024947,0.3787878787878788,-0.00121212121212122,-0.00121212121212122,0.28787878787878785,-0.0021212121212121904,-0.0021212121212121904,0.3466334164588528,0.10877538408027254,0.14917496093588112,0.31499999999999995,0.3484848484848485,0.08148232959316082,0.14882041895464715,0.35532994923857864,0.34782608695652173,0.09740872468607098,0.15983943512114906,0.31879194630872487,11.0,0.0,0.0,16.0,0.0,0.0,26.0,0.0,0.0,-7.196703024137303e-05,0.0006826748810256659,-3.127365220250429e-05,-0.049053668362271985,-0.06131923270933903,-0.05443537539984611,0.0773067331670823,0.0956632287424413,0.4837905236907731,-1.113149642944336
158,1,test,1.3242961074513317,0.5731927891488119,0.688797273385908,3.092410369832299,1.338482621147496,1.6084347140687152,3.759538112558233,1.6402010820827835,1.8715744253551052,8.77902953851436,3.8300911754581755,4.370379198667056,1.278082081316002,0.3636389313315235,0.6521137900246574,2.2227514457669604,0.6324155327504757,1.1341109391733173,3.589748273774548,1.0943629641768227,1.7196924339463833,6.243040476129649,1.9032399376988218,2.9907694503415363,1.116687863373641,0.4469000959396041,0.6621029784652537,2.2483648255845123,0.8997988508851091,1.3330932452320545,3.0547197799938837,1.1008971681500914,1.4792005545334537,6.150442510054799,2.216571479496828,2.9782561500673563,0.2814070351758794,-0.003592964824120637,-0.003592964824120637,0.21105527638190957,-0.0039447236180903955,-0.0039447236180903955,0.1507537688442211,-0.0042462311557789345,-0.0042462311557789345,0.2668213457076566,0.08026282890580261,0.09673336916806718,0.23720930232558135,0.25125628140703515,0.06829888792332584,0.10935310945377974,0.16161616161616166,0.2341137123745819,0.0671688041942814,0.10841849546690674,0.1610738255033557,17.0,-6.0,-6.0,23.0,-8.0,-8.0,28.0,-10.0,-10.0,0.00022686233504057955,0.000681448173501929,-0.00027822992432766574,-0.04986058039836028,-0.05691919432783887,-0.054080653574621884,0.06728538283062645,0.15258243783600364,0.002320185614849188,-1.7299748659133911
9,1,test,1.8184785050740464,0.8659150656988204,1.133090817205025,3.9043803197178057,1.8591705822357025,2.432812636940201,6.162475138708677,3.570128666539872,4.177934069794383,13.231196621345102,7.665276254629727,8.970270208676176,1.7197263311397397,0.6487155254203747,1.002609044024398,3.155461158054568,1.1903037163676597,1.839649622063115,5.583000361842707,2.664672489728341,3.5344809642779005,10.244037361179279,4.889307320602461,6.4852861729869735,1.6768957434479765,0.698205855469305,1.021015577516886,3.6454255292347315,1.5178388162376195,2.219599081558448,5.348925734458577,2.6879579430525693,3.4220880263107816,11.628099422736037,5.843386832722977,7.4393217963277865,0.44723618090452266,-0.0027638190954772934,-0.0027638190954772934,0.27638190954773867,-0.0036180904522613577,-0.0036180904522613577,0.20603015075376885,-0.003969849246231116,-0.003969849246231116,0.3076923076923077,0.08272660124511977,0.12489660876757658,0.3360881542699724,0.29648241206030146,0.04585584564426137,0.11451246214377386,0.3434343434343434,0.31438127090301005,0.07398060312337729,0.13195635432903896,0.3355704697986577,13.0,-2.0,-2.0,22.0,-7.0,-7.0,27.0,-6.0,-6.0,-0.0006118184627803362,-0.0002510350093511641,-0.0001438721850946027,-0.08954406647796187,-0.09070639906145406,-0.09267511357865121,0.06868131868131869,0.10632069360623467,0.25274725274725274,-1.7712236642837524
266,1,test,2.300600652937622,0.8935087230171754,0.8935087230171754,8.27940714021264,3.2155613325348655,3.2155613325348655,9.98017527642936,5.896113895008068,5.896113895008068,35.916678689425424,21.218948807783526,21.218948807783526,2.860699382626414,1.3028602503137436,1.8179551842179718,7.063455265744231,3.216938889663564,4.4887782326369665,17.473743496677073,12.725194332296926,14.636751886860305,43.14504567080758,31.420232919251667,36.14012811570445,2.760538894720111,1.2977078796270882,1.783578321080347,7.668163596444753,3.604744110075246,4.954384225223187,15.808359694812559,11.490192658386087,13.151989576606717,43.91211026336822,31.917201828850246,36.533304379463104,0.5577889447236181,-0.00221105527638199,-0.00221105527638199,0.4371859296482412,-0.002814070351758735,-0.002814070351758735,0.36180904522613067,-0.0031909547738693256,-0.0031909547738693256,0.33499999999999996,0.08964320625610944,0.08964320625610944,0.2954924874791319,0.371859296482412,0.11622019873805112,0.17486430482965742,0.3282828282828283,0.3846153846153846,0.13586747142673683,0.1899546504663301,0.3489932885906041,17.0,0.0,0.0,30.0,0.0,0.0,33.0,0.0,0.0,0.002701136178595204,0.0004917811319548275,0.0004116331434653099,-0.10315496480473563,-0.08133741531320648,-0.08849398539232922,0.051666666666666666,0.16634960445693914,0.49,-1.7321975231170654
261,1,test,0.8990620272629118,0.36793523146185925,0.36793523146185925,3.4963523282446576,1.4308592334627863,1.4308592334627863,2.4572971521270426,0.7564494147710019,0.7564494147710019,9.556155591605167,2.9417477241094527,2.9417477241094527,1.2566665677319298,0.5334709487926382,0.7683918163173106,3.6425117905273328,1.546292605196053,2.227222655992205,3.5136892987127455,1.452680401292712,1.8841868021226944,10.184606662935495,4.210667829833948,5.4614110206454916,1.1843145384045555,0.5085067771643474,0.7276557801617018,3.172271085012202,1.3620717245473593,1.9490779825759867,3.2684456594621043,1.3028255728628493,1.6896556162334795,8.754765159273493,3.4897113558826316,4.525863257768248,0.29648241206030146,-0.0035175879396985854,-0.0035175879396985854,0.2211055276381909,-0.003894472361809065,-0.003894472361809065,0.16080402010050254,-0.004195979899497493,-0.004195979899497493,0.2522361359570662,0.0733505054585325,0.0733505054585325,0.19175627240143367,0.27638190954773867,0.09342451606402935,0.13614818667628625,0.19191919191919193,0.2775919732441472,0.08560532883680161,0.12964981529086572,0.21476510067114096,17.0,-5.0,-5.0,21.0,-4.0,-4.0,25.0,-4.0,-4.0,0.0006183827201443891,0.0004961965371201602,0.00045485442179959897,-0.21228346286742994,-0.21533022522854406,-0.2164179015785157,0.09123434704830054,0.10649649994343578,0.055456171735241505,-1.534019112586975
199,1,test,1.4377624647025646,0.6275984181026112,0.8088357027610885,3.56235413228852,1.5550049977192089,2.0040578877328885,4.2112624188427,1.9629856402553032,2.335665881744437,10.434274400826817,4.86370327426314,5.787095719736217,1.7017372463749816,0.6627662915105317,0.9782197291063469,3.3043441677184107,1.2869248378845275,1.8994557846725182,5.483465252030711,2.657158132221991,3.4217928124990173,10.647505343748954,5.159530353829109,6.6442578883476076,1.443123653327226,0.5883189334927631,0.860796798524826,3.304863328230289,1.347295267540679,1.9712903783011284,4.2339004200930495,1.8829851714652852,2.443701298458584,9.695955160518434,4.312179781981569,5.5962625155540096,0.42211055276381915,-0.0028894472361808976,-0.0028894472361808976,0.3065326633165829,-0.0034673366834171437,-0.0034673366834171437,0.1959798994974874,-0.009020100502512562,-0.004020100502512558,0.3118556701030928,0.09821345646087909,0.12905997117836165,0.31007751937984496,0.3467336683417085,0.09861336758982875,0.1580859220979689,0.36363636363636365,0.3110367892976589,0.09233895958146521,0.13973534324649095,0.3120805369127517,16.0,0.0,0.0,23.0,0.0,0.0,30.0,0.0,0.0,-0.0001795385063474019,0.0006323850401820984,-3.129321613289435e-05,-0.16541094933120437,-0.18084895355129937,-0.17498068658304877,0.06443298969072164,0.07860192339702975,0.36855670103092786,-1.9641571044921875
94,1,test,0.7960688265376907,0.34148460071112635,0.3708971468881007,2.550669505437091,1.0941445369723846,1.188384735947588,2.216809115436185,0.6412909283714963,0.6869560736827531,7.102837369866961,2.0547484847821416,2.2010633381263727,0.9965244028847995,0.32673083644156375,0.5384296687156447,2.1096633635539903,0.6916961324667146,1.1398670646214177,2.7088505750902017,0.7550166329782584,1.1277917988336599,5.734694302584576,1.5983862761986538,2.387559233701046,1.0281455823437797,0.3956756336929528,0.5967947898207984,2.6501338717309495,1.0198880558120076,1.5382900185898167,2.7958763020266604,0.9136223890079251,1.2565408594068552,7.206612192292857,2.354940468218704,3.2388423876090493,0.24242424242424243,-0.007575757575757569,-0.007575757575757569,0.1717171717171717,-0.008282828282828336,-0.008282828282828336,0.1262626262626263,-0.00873737373737371,-0.00873737373737371,0.225531914893617,0.08525561308702823,0.08965703708325534,0.22388059701492535,0.24242424242424243,0.08121517441416681,0.1216188732967256,0.23350253807106602,0.24832214765100669,0.08081796004631658,0.12778643336529238,0.24242424242424243,16.0,-3.0,-3.0,22.0,-4.0,-4.0,25.0,-3.0,-3.0,-3.043080282666832e-05,-8.921018927388875e-05,0.00022368963152538332,-0.23910750079452248,-0.2318457684484323,-0.242897539977168,0.05319148936170213,0.0448261392906614,0.002127659574468085,-2.2669055461883545
223,1,test,0.18537694242147837,0.04296899487860956,0.07955766953997197,0.33115880976264095,0.07676014619091415,0.14212243878985284,1.2036720696908263,0.05062513442244665,0.09205111139208344,2.150249134204971,0.09043713333718628,0.16444082035090646,0.29405448971066156,0.030372542347562037,0.11026916455175581,0.49420922640447323,0.05104628965976815,0.18532632697774087,1.3418570190756531,0.04014290222815342,0.14009921083952714,2.255221880799417,0.06746706256832491,0.23546085855382692,0.20587748489122434,0.011796291862958136,0.06487661269566566,0.35293283124209884,0.020222214622213963,0.11121705033542684,1.2286026723842527,0.014407809272243055,0.07717702013160643,2.106176009801576,0.02469910160955946,0.13230346308275398,0.07035175879396982,-0.004648241206030135,-0.00964824120603014,0.04020100502512558,-0.00479899497487446,-0.00479899497487446,0.035175879396984966,-0.00482412060301507,-0.00482412060301507,0.08719346049046317,0.015084616953048191,0.017789745925458234,0.051912568306010876,0.11055276381909551,0.02032719990932108,0.03041920789255126,0.07070707070707072,0.09030100334448166,0.020184141908755393,0.025784874312223538,0.05033557046979864,11.0,0.0,0.0,12.0,-1.0,-1.0,15.0,-3.0,-3.0,0.0005676674047454515,6.41830879609268e-05,0.00021982649289170933,-0.13099863354239183,-0.12221136727856141,-0.12280345716187724,0.07084468664850137,0.13071666094732892,0.02997275204359673,-1.0336995124816895
31,1,test,1.3731373654284862,0.4554229786609101,0.4554229786609101,5.119500582088865,1.697964284602815,1.697964284602815,3.9477167169121996,1.444155044984377,1.444155044984377,14.718365794268028,5.384277479855047,5.384277479855047,1.7752427343341206,0.7455886719695146,1.0836041989040819,3.9449838540758235,1.6568637154878103,2.4080093308979595,5.901713510967985,3.1016165027739078,3.9047285263618026,13.114918913262189,6.89248111727535,8.677174503026228,1.9213944472746964,0.8842033326254843,1.225494878875058,4.5032682358000695,2.072351560840979,2.8722536223634174,6.830476570942208,4.009195352228726,4.824964212668851,16.0089294631458,9.396551606786078,11.30850987344262,0.457286432160804,-0.0027135678391959628,-0.0027135678391959628,0.31155778894472363,-0.003442211055276312,-0.003442211055276312,0.2361809045226131,-0.0038190954773869024,-0.0038190954773869024,0.29503105590062106,0.06629205296806973,0.06629205296806973,0.25194401244167963,0.3417085427135679,0.08857571063336733,0.1614080418788434,0.28787878787878785,0.36454849498327757,0.10912278546741783,0.18101123135702613,0.34563758389261745,19.0,-1.0,-1.0,27.0,-4.0,-4.0,34.0,-1.0,-1.0,0.00255919399883081,0.000669235668456385,-6.535052662728348e-05,-0.16929866089347811,-0.1706294963349526,-0.16138924971428992,0.040372670807453416,0.1910124177159845,0.37267080745341613,-1.495386004447937
4,1,test,1.0350061602470015,0.3784841406939965,0.3784841406939965,2.6862020345015205,0.9822983744523259,0.9822983744523259,2.815123577427226,0.887048724527167,0.887048724527167,7.306227703276242,2.3022008757495778,2.3022008757495778,0.5081663946145532,0.07710883978809768,0.19360275686680578,0.8399444539083524,0.12745262774892185,0.3200045568046377,1.6622405057772698,0.12335638816085281,0.2925789938214276,2.747504968226892,0.20389485646421956,0.48360164268004535,0.8361903422789927,0.3011471779141597,0.4645595842688114,1.5877031815423914,0.5717984390775186,0.8820751600040724,2.3075591994044866,0.6000372546407633,0.857461753842613,4.38144151785662,1.139311242988791,1.6280919376758476,0.14070351758793975,-0.004296482412060265,-0.004296482412060265,0.07035175879396982,-0.004648241206030135,-0.004648241206030135,0.06030150753768848,-0.0046984924623114654,-0.0046984924623114654,0.24596050269299818,0.06023225244861896,0.06023225244861896,0.2823741007194245,0.19095477386934678,0.03556630269140193,0.054059949161500365,0.1717171717171717,0.24080267558528423,0.05215492934154464,0.0895234764751619,0.27181208053691275,15.0,-6.0,-6.0,17.0,-8.0,-8.0,19.0,-9.0,-9.0,-0.0015015029001733495,-2.2999521641555348e-05,-0.0003543528572281577,-0.2155551872132344,-0.21543125187541,-0.2104818533216255,0.04488330341113106,0.04206280404548415,0.24236983842010773,-2.083395481109619
202,1,test,0.6043803981867637,0.1898247278746033,0.1898247278746033,1.98766815446449,0.624289880443214,0.624289880443214,1.8301179131387941,0.3164199028571164,0.3164199028571164,6.01883698706074,1.0406323008402492,1.0406323008402492,0.28082894982176654,0.049558892244617986,0.11278835673746523,0.5059981077869667,0.08929530134165409,0.20322226439182928,1.3242270752846776,0.06402755535609961,0.141242444616674,2.385994730242662,0.11536496460558476,0.25449089120121426,0.6458203728646449,0.22703979791542866,0.34485877470179044,1.300309475566399,0.45712710989683614,0.6943465262452156,1.907551290862253,0.3874445221742082,0.5563938372490185,3.8407072970380933,0.7800896419614931,1.1202560481523864,0.07035175879396982,-0.004648241206030135,-0.004648241206030135,0.055276381909547756,-0.004723618090452297,-0.004723618090452297,0.04020100502512558,-0.00479899497487446,-0.00479899497487446,0.17263843648208466,0.03285349024552553,0.03285349024552553,0.17618270799347469,0.12060301507537685,0.015339857180640015,0.0354611119034236,0.10606060606060608,0.15719063545150502,0.0236347089072646,0.041506542014352665,0.18120805369127513,13.0,-4.0,-4.0,15.0,-3.0,-3.0,15.0,-3.0,-3.0,-0.00023826348876654086,0.0006058965902381812,-0.00025003568143231966,-0.2470647884700039,-0.22740982785437858,-0.24080694503162503,0.04071661237785016,0.05091307422252165,0.0016286644951140066,-1.8617193698883057
19,1,test,1.007188724794637,0.43758359601755237,0.5978119495477875,2.0034297460588975,0.8704108486001314,1.1891259431222294,2.737893214410347,0.9703242629107942,1.2320142228695807,5.446026719968407,1.9301015229638625,2.450636986794927,0.8045988145773096,0.23826098654147476,0.4193926709847614,1.3637268043683215,0.4038321805787708,0.7108350355673922,2.2357993487634733,0.4739961522523506,0.7658820445185379,3.7894904216330056,0.8033833089022888,1.2981051602009117,0.7881699653717686,0.33716302507388557,0.47337362201218613,1.4778186850720663,0.6321806720135354,0.8875755412728491,2.1993678218632633,0.6294756442885132,0.8293875448995098,4.123814665993619,1.1802668330409625,1.5551016466865808,0.20603015075376885,-0.003969849246231116,-0.003969849246231116,0.14572864321608037,-0.004271356783919655,-0.004271356783919655,0.085427135678392,-0.004572864321607972,-0.004572864321607972,0.24383561643835616,0.08378089687611268,0.1157808754803894,0.20329670329670335,0.21105527638190957,0.06569186786060632,0.09586328973750224,0.11111111111111116,0.21739130434782605,0.07214923423096464,0.1039319050152343,0.15436241610738255,15.0,-6.0,-6.0,17.0,-7.0,-7.0,22.0,-12.0,-12.0,0.0013856624830436476,-0.0007205838786497283,0.0004475029960843968,-0.031654042101217694,-0.03537871890299993,-0.03458821646745758,0.10136986301369863,0.07071630548249606,0.0027397260273972603,-2.146385669708252
132,1,test,1.0850959496916965,0.2673537691264328,0.2673537691264328,3.4453046513252485,0.8488790181018997,0.8488790181018997,2.959723789700939,0.6943445479626367,0.6943445479626367,9.397464014303903,2.204623933392887,2.204623933392887,0.6282978142890834,0.10553293600414126,0.2350733067289293,1.396217365086852,0.23451763556475824,0.5223851260642873,1.874417255951348,0.18773256942588623,0.3926662396566907,4.1653716798918845,0.4171834876130811,0.8725916436815351,1.10908335024534,0.3978653510478558,0.6082139120300177,2.5594231159507848,0.9181508101104365,1.4035705662231177,3.0315782249733627,0.9951080572577218,1.3814228696604278,6.9959497499385295,2.2964032090562814,3.187898929985603,0.16080402010050254,-0.004195979899497493,-0.004195979899497493,0.10552763819095479,-0.0044723618090452,-0.0044723618090452,0.0653266331658291,-0.004673366834170856,-0.004673366834170856,0.25872093023255816,0.034869512832753635,0.034869512832753635,0.27219796215429404,0.21105527638190957,0.02559161723403991,0.03910202095620008,0.21212121212121215,0.24080267558528423,0.04714658209613565,0.08729878237060129,0.2785234899328859,10.0,0.0,0.0,15.0,1.0,1.0,16.0,0.0,0.0,-0.0001655712201735952,0.00036037586840996646,-0.0002793657219078738,-0.21593758745510883,-0.2174772530109701,-0.224118985695533,0.036337209302325583,0.045658545318456825,0.0014534883720930232,-2.5530896186828613
116,1,test,1.3716101224938098,0.6209452748734928,0.6503259822179601,3.301277304629709,1.4945300488376714,1.565245378769698,3.9416921960726365,1.8232842290523292,1.8846191103767453,9.487112099370904,4.38839488463085,4.536019525465598,0.8538519234036213,0.2749417574684836,0.4584077742613297,1.3883771112254004,0.4470597682414367,0.7453784947338694,2.348676371735991,0.5645833662210018,0.8636327464170777,3.8189859703024247,0.9180217336926861,1.4042808884830533,1.3009260111959613,0.5452978049945774,0.7874308523132124,2.365320020356293,0.9914505545355952,1.4316924587512951,3.6726960511054334,1.5437475290855711,2.001574215274685,6.67762918382806,2.8068136892464923,3.6392258459539724,0.20100502512562812,-0.008994974874371842,-0.008994974874371842,0.1507537688442211,-0.0042462311557789345,-0.0042462311557789345,0.08040201005025127,-0.004597989949748693,-0.004597989949748693,0.2755102040816326,0.0981401735005929,0.10444471043549386,0.2638036809815951,0.2160804020100503,0.06821072782458659,0.09921896628383997,0.14141414141414144,0.2575250836120402,0.08891072634993669,0.13294221375664528,0.2348993288590604,15.0,-5.0,-5.0,20.0,-7.0,-7.0,20.0,-4.0,-4.0,0.00017484462447395208,-0.0005312396143325934,-0.0004904447817007789,-0.09040816881045544,-0.08411858102277225,-0.08590182262568646,0.05102040816326531,0.15463910986653223,0.22040816326530613,-1.5732405185699463
226,1,test,0.9009345755255339,0.39755793390331684,0.5018859749049878,2.1092468297597793,0.9307532805501182,1.1750036353657949,2.4619028705091766,0.8076050492350957,0.9714968190029611,5.763749073309719,1.8907459387974592,2.27444549390105,0.5920301284298641,0.19046467558553426,0.30279791902853126,0.9785621957518416,0.3148176455959244,0.5004924281463327,1.8076544635823133,0.3134925558060577,0.4722526782051344,2.987858617491427,0.518169513729021,0.7805829391820405,0.9157834766909653,0.3617318769603044,0.5343551295088649,1.7839937857616208,0.7046724875850088,1.0409515509912952,2.4987321836224248,0.7584424729892902,1.0343574517462741,4.8676600979657625,1.4774853369921237,2.014982048856378,0.09547738693467334,-0.004522613065326642,-0.004522613065326642,0.07537688442211055,-0.004623115577889414,-0.004623115577889414,0.0653266331658291,-0.004673366834170856,-0.004673366834170856,0.18891687657430734,0.05935712814663441,0.06770475536218612,0.20707070707070707,0.12060301507537685,0.0028085288598379554,0.012088824758181516,0.13131313131313127,0.18394648829431437,0.05539890899548294,0.07493647717084384,0.20805369127516782,13.0,0.0,0.0,16.0,0.0,0.0,17.0,0.0,0.0,-6.158097959521131e-05,-0.0004031334482952079,-2.6852662582918588e-05,-0.15826996469433574,-0.19058156774303248,-0.17375103987756235,0.06297229219143577,0.1427707255961536,0.24685138539042822,-2.099064826965332
258,1,test,0.6839913356216732,0.19387997289010472,0.19387997289010472,3.065104030304641,0.8688155176127998,0.8688155176127998,1.9817718843612437,0.3492738750907374,0.3492738750907374,8.8807221284158,1.565167139504358,1.565167139504358,0.75057364623894,0.12009092163521218,0.2666014695094822,2.1337736514507006,0.3414013343629603,0.7579098918912424,2.1182147740972597,0.23969760721161548,0.4957082725103734,6.0217820006479235,0.6814260547873072,1.4092278032794896,0.6120799057240539,0.1284406215139306,0.2522255598406828,2.330611948718513,0.48906236653381274,0.9603973240087538,1.8442633062043783,0.2222968350034169,0.41114264677036316,7.022387204393594,0.846437948666857,1.5655046934717678,0.14646464646464652,-0.008535353535353507,-0.008535353535353507,0.13131313131313127,-0.008686868686868743,-0.008686868686868743,0.11111111111111116,-0.008888888888888835,-0.008888888888888835,0.18319327731092439,0.04145329686126653,0.04145329686126653,0.18181818181818177,0.1515151515151515,0.0205327837569651,0.039099044132601124,0.15228426395939088,0.14864864864864868,0.027232122510368773,0.04977224415426662,0.14237288135593218,16.0,-3.0,-3.0,16.0,0.0,0.0,24.0,-3.0,-3.0,-1.8285264027202742e-05,8.793498425917602e-05,-0.00015859293751390615,-0.11515657556912418,-0.11399442830624107,-0.12622574671817777,0.04201680672268908,0.14443789519939734,0.0016806722689075631,-2.2299203872680664
40,1,test,1.7458206473740527,0.8061301554351948,0.8061301554351948,6.970254077202375,3.2185047250584273,3.2185047250584273,5.730602350047582,3.17141314399929,3.17141314399929,22.879643711010868,12.661985313728508,12.661985313728508,2.154624394074612,0.9917457578472921,1.3773479766748014,6.840077441506705,3.1483992312612448,4.372533259285083,8.624650100828303,5.425520937764279,6.449111171601751,27.37984158993112,17.223875992902475,20.47336879873572,2.03284702630078,0.9746866989102703,1.3264338278393613,7.174754210473342,3.440070702036248,4.681531157080099,7.635794750417584,4.75472885748299,5.609085946579267,26.949863825003238,16.781395967587024,19.796773929103296,0.39698492462311563,-0.0030150753768843908,-0.0030150753768843908,0.3316582914572864,-0.0033417085427135396,-0.0033417085427135396,0.2814070351758794,-0.003592964824120637,-0.003592964824120637,0.297752808988764,0.10518193899853912,0.10518193899853912,0.2532833020637899,0.31155778894472363,0.11356280147605191,0.16464626974605923,0.23232323232323238,0.3076923076923077,0.11236676512135613,0.16642423205270818,0.24496644295302017,19.0,0.0,0.0,25.0,0.0,0.0,32.0,0.0,0.0,0.0005186404250537915,0.0005729399263999904,0.0006173966216257182,-0.16961408462347372,-0.18060349613578186,-0.193472965416853,0.05805243445692884,0.14015940208688715,0.08426966292134831,-1.5061074495315552
11,1,test,0.6234341778732596,0.24599009027543817,0.36214059824691575,1.2037075280476013,0.47495009737796134,0.6992099243075066,1.8653229056606804,0.4067710152861488,0.5667140510821176,3.6015080716986985,0.7853809602832564,1.0941940524739349,0.7369670610941577,0.19226201055407832,0.3514250723382765,1.2282784351569296,0.3204366842567973,0.5857084538971277,2.0895883003501976,0.36548851527578186,0.6191772485814142,3.4826471672503296,0.6091475254596368,1.031962080969024,0.6229051004732528,0.24546101287543132,0.36124058742208537,1.2026860016829726,0.47392857101333263,0.6974722110995647,1.8643362664948377,0.40578437612030616,0.5652456251364539,3.5996030991554178,0.7834759877399757,1.0913588608403844,0.1507537688442211,-0.0042462311557789345,-0.0042462311557789345,0.12060301507537685,-0.0043969849246231485,-0.0043969849246231485,0.09547738693467334,-0.004522613065326642,-0.004522613065326642,0.16800000000000004,0.048239520958083926,0.06161702127659574,0.12449799196787148,0.18592964824120606,0.05560383370486521,0.08242380516941972,0.13636363636363635,0.16800000000000004,0.048239520958083926,0.06161702127659574,0.12449799196787148,14.0,-4.0,-4.0,14.0,-1.0,-1.0,21.0,-6.0,-6.0,0.0003119839217970479,-6.338020156130253e-05,0.0002929151295181875,-0.13359406471635626,-0.12780401214964998,-0.13465570141293437,0.248,0.04563178811696852,0.104,-2.1019511222839355
118,1,test,0.6429395804899641,0.2303591829685967,0.270411859141722,1.300491424172882,0.46595380191375235,0.5469694423548468,1.9020639394042873,0.3913529445594335,0.4506652260896393,3.8473566047041268,0.7916002742224904,0.911572843681316,0.4762069679195468,0.026881995330858666,0.1155653104165223,0.9920978498323892,0.05600415693928895,0.24076106336775482,1.609956190762363,0.042702301757140626,0.17570677449743166,3.3540753974215898,0.08896312866070977,0.3660557802029829,0.3751130429294836,0.0211989090384313,0.09242904424887938,0.7981128572967737,0.045104061783896476,0.1966575409550626,1.455155900406886,0.03052304685886198,0.12847003931855894,3.0960763838444385,0.06494265289119605,0.27334050918842356,0.11557788944723613,-0.004422110552763869,-0.004422110552763869,0.07035175879396982,-0.004648241206030135,-0.004648241206030135,0.045226130653266305,-0.004773869346733739,-0.004773869346733739,0.16666666666666663,0.01031121109861266,0.01319648093841641,0.17155756207674944,0.18090452261306533,0.01799725444263922,0.012290165350961835,0.09595959595959591,0.21070234113712372,0.03874908571141422,0.05497375381788017,0.11409395973154357,12.0,-3.0,-3.0,17.0,-6.0,-6.0,18.0,-6.0,-6.0,-0.0006161308010997491,0.00042267243638575405,-0.000433539108967154,-0.14126948232357384,-0.149984780504675,-0.14875120321822033,0.07207207207207207,0.08205687999325538,0.0022522522522522522,-1.5367677211761475
0,1,test,1.5280352609459698,0.684139279602157,0.9592936154736005,3.0184958843276943,1.3514554621649166,1.8949980436814566,4.609112217645909,2.2837031157998573,2.8430688736628076,9.104885610267738,4.511249597604635,5.616226217645382,1.5137434497368436,0.6486727580158101,0.9291926445415708,2.6791919464368914,1.1480933770191328,1.6445887514010102,4.543708140610372,2.1685341554311055,2.7495232745298397,8.041961310814818,3.838113549435585,4.866412875274053,1.5280888061351827,0.68419282479137,0.9591901323641867,3.0186016580211397,1.351561235858362,1.894793622129254,4.6093590200391885,2.283949918193137,2.8430383354998927,9.105373146142988,4.511737133479885,5.616165892257985,0.3065326633165829,-0.0034673366834171437,-0.0034673366834171437,0.21105527638190957,-0.0039447236180903955,-0.0039447236180903955,0.18090452261306533,-0.0040954773869347205,-0.0040954773869347205,0.2666666666666667,0.07331947331947342,0.11846722068328719,0.2426778242677824,0.25125628140703515,0.05827382526668423,0.09766696588115864,0.21212121212121215,0.27083333333333337,0.07748613998614007,0.12263388734995384,0.2426778242677824,15.0,0.0,0.0,21.0,0.0,0.0,29.0,0.0,0.0,0.00055526705330064,0.0004112979121346075,-9.995265429950358e-05,-0.14033076702959058,-0.14546971694414523,-0.13859059467683466,0.10416666666666667,0.24907805766451208,0.029166666666666667,-2.009425163269043
191,1,test,0.8910700276372566,0.38839517004543034,0.4132058883868591,3.0283918421797673,1.3200003681264276,1.4043221101819128,2.4377367018764002,0.7845994331185575,0.8251103260047503,8.284895364419095,2.6665407307385935,2.8042211079602,0.8165828412180125,0.28326317573335624,0.4545430346447734,1.701214252537526,0.5901316161111587,0.9469646555099446,2.2627544202703076,0.5581728530696899,0.8264983070136975,4.7140717088964745,1.1628601105618541,1.7218714729452036,1.0141653432989266,0.43977312183406925,0.6247743157157195,2.5144595288403138,1.0903465830596757,1.5490272290472384,2.757061237116359,0.9810104838258717,1.2809796099856614,6.835689017643866,2.432257397915385,3.1759825040966816,0.20100502512562812,0.0010050251256281673,0.006005025125628172,0.12060301507537685,-0.0043969849246231485,-0.0043969849246231485,0.10552763819095479,-0.0044723618090452,-0.0044723618090452,0.23505154639175263,0.0764521643114231,0.08158136066350241,0.2479338842975206,0.21105527638190957,0.053160539539804263,0.08250769708307815,0.2525252525252525,0.2441471571906354,0.0738633508467289,0.10732846976015709,0.2953020134228188,17.0,-7.0,-7.0,19.0,-2.0,-2.0,22.0,-5.0,-5.0,0.00047255242631483174,-0.00031647751268951726,0.00010779581951987199,-0.18915452609904815,-0.1896159313095147,-0.19319994713734268,0.05154639175257732,0.03555028814282506,0.002061855670103093,-2.1670737266540527
27,1,test,1.6065478436790694,0.677445140998985,0.9677735798816256,3.4586826188759585,1.4584487748895345,2.083487070063627,4.985570517366817,2.453334528025946,3.0914127992508327,10.733266464140026,5.28170108581382,6.655398255711984,1.4428939470663456,0.5052360162218376,0.7867292797683124,2.6720258279006397,0.935622252262662,1.4569060736450228,4.2329279783508635,1.6789351979006137,2.3055420042537156,7.838755515464562,3.109139255371507,4.269522230099473,1.6901721238910645,0.7225242337894109,1.0257128576891401,3.3358660339955217,1.4260346719527845,2.024433271754882,5.420413607522814,2.788666592051008,3.476974253704393,10.698184751689764,5.503947221153305,6.86244918494288,0.371859296482412,-0.003140703517587995,-0.003140703517587995,0.2562814070351759,-0.00371859296482413,-0.00371859296482413,0.21105527638190957,-0.0039447236180903955,-0.0039447236180903955,0.3204747774480712,0.0878821848554786,0.13686174684589947,0.36011904761904767,0.31155778894472363,0.0784750821778063,0.12457949178278704,0.36363636363636365,0.3311036789297659,0.08736411298652713,0.1364429447807114,0.38590604026845643,15.0,-4.0,-4.0,22.0,-7.0,-7.0,30.0,-8.0,-8.0,-0.0015444351966541281,-1.1816899768100426e-05,-0.0004754276243977446,-0.12021646417603726,-0.13444329250225628,-0.12844689532878384,0.07418397626112759,0.042073144662093095,0.11275964391691394,-2.080578088760376
244,1,test,0.2895728268856597,0.06884055661344066,0.1308966316230839,0.49959267935218216,0.11876887239901301,0.225832650162903,1.335856724049514,0.08886719434838075,0.16389832449689834,2.30471984259092,0.15332032431533849,0.28276963676937417,0.36867094592972266,0.04837450015656636,0.14808713522094502,0.6196150351760045,0.08130168093540557,0.24888594154780674,1.4458117751429098,0.06827570658507898,0.19900735922167656,2.4299357565427058,0.11474908669761197,0.33446614995239754,0.2681755254927425,0.07360008165406043,0.12639923625344648,0.45711737299899285,0.125454684637603,0.21545324361382923,1.3075766329062097,0.09278150467056201,0.155257799328953,2.2288238060901304,0.15815029205209452,0.26464397612889745,0.07537688442211055,-0.004623115577889414,-0.004623115577889414,0.06030150753768848,-0.0046984924623114654,-0.0046984924623114654,0.04020100502512558,-0.00479899497487446,-0.00479899497487446,0.09584664536741216,0.014506932448751897,0.02464579520800725,0.05128205128205132,0.10050251256281406,0.02280827697384158,0.0387328965361029,0.03535353535353536,0.08026755852842804,0.013489595256307885,0.01908847065301089,0.030201342281879207,13.0,-2.0,-2.0,14.0,-3.0,-3.0,16.0,-3.0,-3.0,0.0010843484645673672,0.0003495588722414774,2.59620119703942e-06,-0.016728565505723436,-0.022553361178687892,-0.025758206950814877,0.07987220447284345,0.2015505885576242,0.025559105431309903,-1.8710519075393677
175,1,test,1.4548911098973445,0.6743796283898699,0.7524509826948362,4.345778639953107,2.014380708177533,2.24758085740016,4.284016953157476,2.101428619536632,2.265344432882986,12.796414275665187,6.2769945778366925,6.766613241079049,1.3767130442903175,0.5319643035587809,0.8086583144903094,3.3992914673834997,1.3134921075525452,1.996687196272369,3.961857750960972,1.6344647889155395,2.1970271132677586,9.782364817187585,4.035715528186517,5.424758304364836,1.365351036523137,0.6268803577722296,0.867013928174833,4.311634852178328,1.9796221824386202,2.737938720552105,3.917097855087392,1.8243652495494556,2.2711159509581407,12.369782700275975,5.761153419629859,7.171945108288866,0.3266331658291457,-0.008366834170854265,-0.01336683417085427,0.22613065326633164,-0.003869346733668344,-0.003869346733668344,0.16080402010050254,-0.009195979899497497,-0.009195979899497497,0.30065359477124187,0.08193759912379905,0.09635251950242463,0.2925764192139738,0.27638190954773867,0.07337439075074614,0.12613149218546826,0.2272727272727273,0.2976588628762542,0.07228323683284854,0.12524506977280592,0.25838926174496646,15.0,-2.0,-2.0,23.0,-5.0,-5.0,26.0,-3.0,-3.0,0.0003655230820505742,0.00015155835032628712,-0.00022913431452250264,-0.1706904154027704,-0.1630083713187247,-0.1641314243718046,0.12418300653594772,0.08752233020157259,0.002178649237472767,-1.046927809715271
73,1,test,0.12820359088019295,-0.02097947760019675,-0.02097947760019675,1.1016012253409173,-0.18026810382391267,-0.18026810382391267,1.1367844180794968,-0.02410107322057664,-0.02410107322057664,9.767925370164566,-0.2070907032286584,-0.2070907032286584,0.07665242508078969,-0.14173666504174354,-0.09140305197789451,0.3565229073525102,-0.6592403025197373,-0.4251304743157885,1.0796667460866334,-0.1644042831231809,-0.10333549222534422,5.021705795751783,-0.7646710842938642,-0.4806301963969499,0.13619855228073027,-0.04592257009146014,0.003987945499746237,0.6098442639435684,-0.2056234481707171,0.01785647238692345,1.1459093939324345,-0.05385010886421249,0.004560724206494671,5.130937584772095,-0.24111989043677262,0.020421153163408867,0.01005025125628145,-0.004949748743718563,-0.004949748743718563,0.005025125628140725,-0.004974874371859284,-0.004974874371859284,0.005025125628140725,-0.004974874371859284,-0.004974874371859284,0.09061488673139162,0.005570898461596863,0.005570898461596863,0.07991360691144711,0.15577889447236182,0.0856034558758706,0.08733148211843866,0.045454545454545414,0.11036789297658867,0.0402510315408624,0.04362706983976994,0.08724832214765099,11.0,-2.0,-2.0,11.0,-2.0,-2.0,11.0,-2.0,-2.0,6.517246573737626e-07,2.887737209639705e-05,-3.9418397451692266e-05,-0.08454973718401915,-0.09164235397757214,-0.09736730425304962,0.02696871628910464,0.056882285537189915,0.0010787486515641855,-2.34279727935791
46,1,test,1.2934584218131033,0.5299383607119175,0.5299383607119175,3.7584786602422637,1.5398732470948389,1.5398732470948389,3.6453720143876893,1.4995556678770696,1.4995556678770696,10.592573130812395,4.357347621318186,4.357347621318186,1.2452783977975008,0.47816263539302395,0.7235255144076995,2.2437448608963977,0.8615542980054485,1.3036495755093684,3.4739017913338004,1.3203558418457044,1.7889231576968054,6.259282506907748,2.3790195348571244,3.223284968823072,1.3171227966889272,0.5571677878911857,0.8004433591888828,2.688005707528423,1.137077118145277,1.6335578758956792,3.7326662726103192,1.594486253567296,2.0562146379721664,7.617686270633305,3.254053578708768,4.196356404024829,0.3065326633165829,-0.0034673366834171437,-0.0034673366834171437,0.21105527638190957,-0.0039447236180903955,-0.0089447236180904,0.13567839195979903,-0.004321608040200986,-0.004321608040200986,0.26534296028880866,0.07277209029858378,0.07277209029858378,0.2875226039783002,0.2814070351758794,0.07088071938640572,0.12447882148639688,0.33333333333333337,0.2876254180602007,0.08061373191662813,0.135233871897798,0.32885906040268453,13.0,0.0,0.0,19.0,0.0,1.0,24.0,0.0,0.0,-0.0002774131066297384,-0.0004657327873635584,-0.00015615749783412717,-0.12752517154426357,-0.11294601059547826,-0.12417797996328339,0.04512635379061372,0.049325894135087076,0.032490974729241874,-2.094980478286743
81,1,test,0.9735656445161003,0.4023233655430897,0.5254415033805178,1.9276599761418785,0.7966002637753176,1.0403741766934251,2.647367220674768,0.8769021232538925,1.0819942098995778,5.24178709693604,1.7362662040427073,2.142348535601164,0.2506744083908763,-0.031239333533845393,0.04794713137773987,0.40760066405020534,-0.05079566428267546,0.07796281524835752,1.2848916662730159,-0.04077269952520224,0.06015325789320847,2.089254741907343,-0.06629707239870264,0.09781017543611137,0.6935137451421916,0.2284627372049351,0.3690787113085522,1.2609340820767119,0.41538679491806385,0.6710522023791858,2.0007332635505053,0.40863786723245177,0.6174843272173953,3.6376968428191003,0.7429779404226395,1.1226987767589005,0.06030150753768848,-0.0046984924623114654,-0.0046984924623114654,0.035175879396984966,-0.00482412060301507,-0.00482412060301507,0.035175879396984966,-0.00482412060301507,-0.00482412060301507,0.22025316455696198,0.05716846164925027,0.07851318410730412,0.2715736040609137,0.12562814070351758,0.030390045465422344,0.035477890286155334,0.08585858585858586,0.17391304347826086,0.028670973361399454,0.05489190888426754,0.1912751677852349,13.0,-4.0,-4.0,16.0,-7.0,-7.0,16.0,-5.0,-5.0,0.0002304401248451853,-0.0013180335178728062,6.460159706595008e-05,-0.1302513707204449,-0.13770365834931342,-0.13618429677853827,0.06329113924050633,0.05791235933801177,0.8556962025316456,-2.505103588104248
196,1,test,0.6467300408614609,0.22919462841067756,0.267109061720398,1.620339939332247,0.5742321940071866,0.669224333984258,1.9092873187086092,0.3910721520421996,0.4475568606151805,4.783594858286244,0.9798057722361633,1.1213245257804254,0.2663348862544383,-0.05755802549539324,0.035501190228366064,0.6266703205986783,-0.13543064822445472,0.08353221230203778,1.3051720696941713,-0.07732718007233164,0.04552233242204484,3.070993105162756,-0.18194630605254503,0.107111370404811,0.3667295796584125,0.048041503881265324,0.1407529904205854,0.8398387320421661,0.11001871117847017,0.32233509256622606,1.4430076477278833,0.06768538606361596,0.1894613292679448,3.3045976665524046,0.15500470090904406,0.4338809067204843,0.06030150753768848,-0.00969849246231147,-0.0046984924623114654,0.035175879396984966,-0.00482412060301507,-0.00482412060301507,0.015075376884422065,-0.004924623115577953,-0.004924623115577953,0.2239130434782609,0.046931501675872234,0.05284754983212214,0.2941176470588235,0.15577889447236182,0.04299693958514372,0.043925805991560485,0.101010101010101,0.19397993311036787,0.048737862993506464,0.07162175735953358,0.18791946308724827,11.0,-1.0,-1.0,12.0,-1.0,-1.0,13.0,-2.0,-2.0,-0.0007317953646349551,-0.00017448156359788474,-0.00040953738545337714,-0.17127468401591983,-0.1671662952974402,-0.17621918034334305,0.05434782608695652,0.03449597531530612,0.6391304347826087,-2.6452174186706543
180,1,test,2.5809051948487154,1.2352356059435654,1.5337052856942848,6.46859783012716,3.095906961731974,3.8439702097147896,13.209089549490463,9.368332141150832,10.359428921892425,33.10632570631787,23.48012359427677,25.964138310565826,3.099363022309555,1.4367481867171437,1.986853323872646,5.253157664931449,2.43516641816465,3.367548006563807,22.183816184050546,16.910735110819868,19.141832901012,37.5996884475433,28.662262899694696,32.443784577986435,2.7821546674422155,1.3280109007105927,1.8087126868658823,6.0078412383897115,2.8677336841431638,3.9057708745364703,16.153789521570005,11.872973003143835,13.506749664513801,34.882820850926535,25.638738803890313,29.166749275544298,0.6432160804020101,-0.001783919597989958,-0.001783919597989958,0.457286432160804,-0.0027135678391959628,-0.0027135678391959628,0.3467336683417085,-0.003266331658291488,-0.003266331658291488,0.3443037974683544,0.09430379746835438,0.12925003402749413,0.31218274111675126,0.3417085427135679,0.07420854271356792,0.12540238630757783,0.3232323232323232,0.33333333333333337,0.07662192393736023,0.13668528864059593,0.30743243243243246,19.0,0.0,0.0,29.0,0.0,0.0,37.0,0.0,0.0,0.0010618611596600947,0.0013360529744109405,0.0004132606197162755,-0.03538615356869901,-0.04728957265737055,-0.04012422252536485,0.08354430379746836,0.12604582163480343,0.9848101265822785,-0.8128645420074463
15,1,test,0.9060121738602854,0.39644900300681796,0.5217698501258063,1.8558636464557459,0.8120810222881594,1.0687866284835064,2.4744352146038118,0.8098713085272886,1.0059339633268216,5.06860116539813,1.6589299384349294,2.0605421506855857,0.34097581149018097,0.021529060945582934,0.11332560324802837,0.6088853776610373,0.03844475168854089,0.20236714865719346,1.4063192236844075,0.029953143813902017,0.15067318971130783,2.5112843280078705,0.05348775681053963,0.2690592673416212,0.8008213231570102,0.31305837521944324,0.4679130032168072,1.4739042757490985,0.5761810586860919,0.8611895764726514,2.2273695676429566,0.5987008427147078,0.8323501704978122,4.099453191980902,1.1019033914994623,1.531932829137078,0.0653266331658291,-0.004673366834170856,-0.004673366834170856,0.05025125628140703,-0.004748743718593018,-0.004748743718593018,0.05025125628140703,-0.004748743718593018,-0.004748743718593018,0.19210526315789478,0.05938515803305899,0.07578072747852038,0.20844327176781008,0.14070351758793975,0.04045289102152372,0.04721436900697151,0.0757575757575758,0.16387959866220736,0.03533201936337593,0.06265601690469902,0.17114093959731547,12.0,-3.0,-3.0,13.0,-2.0,-2.0,16.0,-5.0,-5.0,0.0006607515400668596,-0.0009870308800823291,0.00030465415588596013,-0.07590140966931092,-0.08697606350753961,-0.07890676166024768,0.07368421052631578,0.05519264245818351,0.5473684210526316,-1.7927695512771606
182,1,test,1.686490202289368,0.7345289738519531,0.7640517744537468,4.267852756813911,1.8588080154620852,1.9335187761686652,5.400492765565123,2.809706962823189,2.8850761859941736,13.666553121021945,7.110278844695418,7.301009123740358,1.260344569176367,0.3872901007672588,0.6500133693503184,2.6533569877397203,0.8153475805626502,1.3684491986322493,3.5266364482506454,1.132423704910119,1.6855953979572125,7.424497785790833,2.384049905073935,3.548621890436237,1.6228253039465026,0.670884799746883,0.9743855783031175,3.660508204390607,1.513273984391465,2.197862206698761,5.067387019332569,2.476654908095328,3.1548326291154334,11.430196284208803,5.586439642320289,7.116163825072406,0.27135678391959794,-0.0036432160804020786,-0.0036432160804020786,0.16582914572864327,-0.004170854271356772,-0.004170854271356772,0.13567839195979903,-0.004321608040200986,-0.004321608040200986,0.28080808080808084,0.059819180707172626,0.0657543173672206,0.31376518218623484,0.2160804020100503,0.02059168020553903,0.05915218832056779,0.24747474747474751,0.25083612040133785,0.045493883339568275,0.09844457423893516,0.2953020134228188,17.0,-5.0,-5.0,22.0,-1.0,-1.0,25.0,-2.0,-2.0,0.0003707074595885638,-0.000616453414891433,-0.00028426232352769506,-0.16553169219450403,-0.15389945659179372,-0.15622310218722202,0.052525252525252523,0.11244535067646041,0.11313131313131314,-1.66388738155365
67,1,test,1.2410221309679959,0.5762312807333473,0.5762312807333473,3.166119875591521,1.4700924869441008,1.4700924869441008,3.4591473600426643,1.5150634859155325,1.5150634859155325,8.82504424049909,3.865259527482065,3.865259527482065,0.9345828809737602,0.31624473073885584,0.5120942233369137,1.6688980017388573,0.5647227334622424,0.9144539702444885,2.5461511881037304,0.6903098398661478,1.0203972742533864,4.546698550185233,1.232696142618121,1.8221379897381902,1.1289154680846956,0.4984316206340955,0.6998039719596284,2.419104574467205,1.0680677585016334,1.4995799399134895,3.0923009817637834,1.21378170558983,1.5564087108759894,6.626359246636679,2.600960797692493,3.335161523305692,0.20100502512562812,-0.003994974874371837,-0.003994974874371837,0.1507537688442211,-0.0042462311557789345,-0.0042462311557789345,0.12562814070351758,-0.004371859296482428,-0.004371859296482428,0.22988505747126442,0.07348232042336611,0.07348232042336611,0.2476007677543186,0.20100502512562812,0.06566667926096648,0.09416028389023579,0.2272727272727273,0.21070234113712372,0.0671297201020653,0.09946763590909258,0.2348993288590604,15.0,-6.0,-6.0,20.0,-8.0,-8.0,22.0,-6.0,-6.0,0.00018540071365896464,-0.0005618915997573287,-0.00026736662176756344,-0.2697095459195884,-0.26444751878938444,-0.26983975590710063,0.28160919540229884,0.02272802777142058,0.0210727969348659,-1.8762612342834473
214,0,test,2.3338415832830854,1.1201124911253328,1.4307992634271876,5.721676139661758,2.746082236307268,3.5077659361440734,10.317501038337628,6.951487586464909,7.8504036335592495,25.294518674634187,17.04235666359139,19.246150843564614,2.6716813400794925,1.2427976836964054,1.7164794210104541,5.088916838246652,2.3672336832312477,3.2694846114484837,14.4642681134037,10.290231182823327,11.865072756360169,27.550986882673712,19.600440348234905,22.600138583543178,2.5084327903613572,1.1672218120391786,1.6113247206245451,5.574295089691905,2.5938262489759523,3.5807216013878778,12.285660758978318,8.461989673331342,9.833160373250482,27.301468353285152,18.804421496291873,21.851467496112186,0.5778894472361809,-0.002110552763819218,-0.002110552763819218,0.44221105527638194,-0.0027889447236180143,-0.0027889447236180143,0.3668341708542714,-0.0031658291457286047,-0.0031658291457286047,0.3641160949868074,0.10983414505268352,0.15492743418524335,0.33333333333333337,0.3869346733668342,0.11876424730167123,0.1815924363050646,0.36868686868686873,0.37792642140468224,0.1074756701525954,0.1743669108373852,0.3489932885906041,21.0,0.0,0.0,34.0,-3.0,-2.0,41.0,0.0,0.0,0.0005852950084977343,0.0004409652353916322,0.0001654269253767914,-0.05091449731456432,-0.04416158397900816,-0.04833455197190517,0.06860158311345646,0.09407081895602609,0.158311345646438,-0.5023658275604248
53,0,test,2.694950040918695,1.2906214123223976,1.679590514197001,5.884240030171589,2.817984030455413,3.667271596086943,14.804779101648881,10.731987634195416,12.044423461038088,32.325227742653475,23.432564716083483,26.29817903623109,2.7793317733018497,1.2905284206073493,1.7834964852943855,5.396760724857961,2.505880428363785,3.463099971445409,16.10825338586895,11.676464329646928,13.401268876969686,31.278161914308637,22.67274627115908,26.021881314504245,3.050060459914589,1.4534132156572068,1.982330670384437,5.98051070571488,2.8498298346219744,3.886922883106739,21.11662109305422,16.18016716920205,18.20785261110113,41.40513939814553,31.72581797882755,35.70167178647281,0.6582914572864322,-0.0017085427135676845,-0.0067085427135678,0.5376884422110553,0.002688442211055353,-0.0023115577889447625,0.3869346733668342,-0.0030653266331658324,-0.0030653266331658324,0.3940217391304348,0.11179650168131672,0.1643052190913341,0.33514986376021794,0.40703517587939697,0.10377703051598841,0.17498175350877931,0.33838383838383834,0.40802675585284276,0.09583977755568085,0.18110795718765926,0.3825503355704698,20.0,0.0,0.0,31.0,0.0,0.0,38.0,0.0,0.0,0.00010310742078498536,0.0005186017299208302,-5.407519770002047e-05,-0.008229915717548941,-0.012840804559385965,-0.01003365505351983,0.06793478260869565,0.13603726952138526,0.9646739130434783,-1.1800756454467773
173,0,test,2.7755200950155423,1.303531823855315,1.7258738716840665,5.490702796661182,2.57872599936595,3.4142287461576104,16.046970775203246,11.689079572893625,13.190330448624671,31.745094359641204,23.12404872028956,26.093914583148806,3.235064000676207,1.4621763667835588,2.0494849943995423,5.176102401081931,2.339482186853694,3.279175991039268,25.40799785585662,19.520167118903423,22.13541673784016,40.652796569370594,31.232267390245475,35.41666678054426,2.957179642463717,1.3607294359820483,1.889561026589739,5.249431317982929,2.4154960402048196,3.354250343058708,19.243621255375672,14.308139903604705,16.33517613387477,34.160274417826635,25.399064917641486,28.99735408380137,0.7236180904522613,-0.0013819095477386467,-0.0013819095477386467,0.5778894472361809,-0.002110552763819218,-0.002110552763819218,0.42713567839195976,-0.002864321608040288,-0.002864321608040288,0.3939393939393939,0.10233004043182858,0.16031280547409577,0.34806629834254144,0.40703517587939697,0.09375196785934681,0.1666345080997642,0.4040404040404041,0.3913043478260869,0.08746461493794,0.15437442569038062,0.3657718120805369,24.0,-15.0,-15.0,38.0,-25.0,-25.0,43.0,-21.0,-21.0,0.0007454834046191946,0.0005773104768593609,0.0003635670537723664,-0.013864914658850758,-0.01747422298696577,-0.016234813333349862,0.08264462809917356,0.12740690987417574,0.5068870523415978,-1.061617374420166
152,0,test,2.5831991526507725,1.2204862730085986,1.6697530613395957,5.585892184791842,2.6391711715485084,3.6106626027257924,13.23942542482665,9.332647869128975,10.746526920843518,28.628843012659335,20.18085393922761,23.238216333106067,2.7188244070620837,1.2427065620863742,1.730244970900447,5.33102824914134,2.4366795335026943,3.3926371978440133,15.162486850963116,10.786562205664321,12.47507273481344,29.730366374437484,21.150121971890826,24.460926931006746,2.5838988455269294,1.2211859658847555,1.6703988898011735,5.587405195883019,2.6406841826396854,3.612059137775187,13.248692198050355,9.34191464235268,10.75565941193222,28.648881419715725,20.200892346284,23.257964369391892,0.6180904522613065,-0.0019095477386934512,-0.0019095477386934512,0.4321608040201005,-0.002839195979899567,-0.002839195979899567,0.3869346733668342,-0.0030653266331658324,-0.0030653266331658324,0.376984126984127,0.09579600817224576,0.16722159400259662,0.3784860557768924,0.39698492462311563,0.10876437324466948,0.17661764582511896,0.398989898989899,0.376984126984127,0.09579600817224576,0.16722159400259662,0.3784860557768924,20.0,0.0,0.0,33.0,0.0,0.0,40.0,0.0,0.0,-9.998406426827077e-05,0.00012676592899582814,-0.00012368993176711874,-0.04135331069842074,-0.043620985812388824,-0.03928468263550311,0.1111111111111111,0.1418240247432238,0.003968253968253968,-0.9347944259643555
38,0,test,2.825121023602699,1.3076995207340751,1.8095632017609782,5.692725070116717,2.6350636959152793,3.6463378802401665,16.86298568187985,12.302534769786249,14.102082621942486,33.97955009581804,24.790070062426423,28.416226636696138,3.0993516675694424,1.4425975316943809,1.990519187200591,5.390176813164248,2.5088652725119673,3.461772499479289,22.183564294013145,16.94129678282262,19.152746505305384,38.58011181567504,29.463124839691517,33.309124357052845,2.825017522744401,1.307638876566051,1.80945970090268,5.692516511996237,2.6349414956368546,3.646129322119686,16.861240438706943,12.300984968257572,14.10033737876958,33.97603336521399,24.78694715408293,28.41270990609209,0.7185929648241206,-0.0014070351758793676,-0.0014070351758793676,0.5628140703517588,-0.0021859296482411583,-0.0021859296482411583,0.4522613065326633,-0.0027386934673366836,-0.0027386934673366836,0.4269662921348315,0.1297700304525885,0.20280688989323747,0.4022556390977443,0.4371859296482412,0.12390272162819105,0.19678526186860845,0.4444444444444444,0.4269662921348315,0.1297700304525885,0.20280688989323747,0.40601503759398494,22.0,0.0,0.0,33.0,0.0,0.0,42.0,0.0,0.0,0.0007137938582469359,0.0005474980725515358,2.6207943152531577e-05,-0.010656246105376077,-0.011267649407076696,-0.009362356845839415,0.7303370786516854,0.05081332965471391,0.003745318352059925,-0.6923332214355469
165,0,test,2.3156581467156934,1.056121849405491,1.4717422962716036,5.098038090443852,2.3251054669082127,3.2401148227995,10.131588796831197,6.607801677932365,7.806133490739499,22.305203242636125,14.547408345215437,17.18559621217068,2.4040846300192045,1.0894308382238351,1.521238597864306,4.7605636238004045,2.1572887885620493,3.012353659137239,11.068294059576486,7.344832390477777,8.650523081780984,21.917413979359377,14.544222555401538,17.129748676794026,2.3152804411907875,1.0556226901116477,1.4714271350691455,5.097206552699098,2.324006542571379,3.239420979532072,10.127762762369223,6.60354764025309,7.8024528957557715,22.296780034983403,14.53804286691378,17.177493196857665,0.5728643216080402,-0.0021356783919597166,-0.0021356783919597166,0.4522613065326633,-0.0027386934673366836,-0.0027386934673366836,0.36180904522613067,-0.0031909547738693256,-0.0031909547738693256,0.4028268551236749,0.1435675958644156,0.1960113439603376,0.36524822695035464,0.4170854271356784,0.15142126673467593,0.20673484282849974,0.3787878787878788,0.4028268551236749,0.14533126429475074,0.1960113439603376,0.36524822695035464,18.0,0.0,0.0,24.0,0.0,0.0,36.0,1.0,1.0,0.000580354684197622,0.00032077327604020664,0.00012097076668635611,-0.01782631441973237,-0.01860936857320894,-0.019700776552117993,0.09187279151943463,0.10489811639794401,0.22614840989399293,-1.0385549068450928
68,0,test,2.316314258604347,1.0537542181202748,1.0537542181202748,6.974679600908645,3.1729710345621607,3.1729710345621607,10.13823843390617,6.603780162478637,6.603780162478637,30.527362395428582,19.884715822574563,19.884715822574563,2.9790904903683115,1.4091856022701843,1.9276671247622277,5.620925453525116,2.6588407590003476,3.637107782570241,19.669918526386386,14.863727480322112,16.808197029876446,37.113053823370535,28.044768830796436,31.71357930165367,2.9960294868186272,1.4321967495900716,1.9508159150153854,7.021944109731157,3.3567111318517298,4.57222480081731,20.005945148737492,15.228849594307185,17.161939290483225,46.888933942353496,35.692616236657464,40.22329521207006,0.6884422110552764,-0.0015577889447235815,-0.0015577889447235815,0.5979899497487438,-0.0020100502512562235,-0.0020100502512562235,0.4321608040201005,-0.002839195979899567,-0.002839195979899567,0.41774491682070236,0.13426495592138665,0.13426495592138665,0.3296296296296296,0.4371859296482412,0.1063588619790683,0.20012416003221445,0.40909090909090906,0.4481605351170569,0.1075929224292439,0.20789357182450963,0.4295302013422819,26.0,-13.0,-13.0,36.0,-15.0,-15.0,47.0,-14.0,-14.0,0.0028135590240282635,0.00040125291565264236,0.0009038308695220699,-0.0783598486082111,-0.06174138464419521,-0.07277837134242393,0.04621072088724584,0.16800777841392195,0.600739371534196,-1.1004612445831299
45,0,test,2.3410677298700846,1.1078411195874864,1.2754113971457293,6.2334454012203455,2.949793824443789,3.3959749249301945,10.392326838754157,6.96004049965946,7.4895833142034425,27.67113531764661,18.53215602921374,19.942143523360972,1.8705955622203532,0.8610536615872812,1.19307867223129,5.668471400667737,2.609253519961458,3.6153899158523943,6.492161734406112,3.7478181894309066,4.523179277464106,19.67321737698822,11.357024816457294,13.706603871103352,2.1127863195385412,0.9797319804213269,1.3508077023915905,5.762144507832385,2.671996310239982,3.6840210065225194,8.27125556816113,5.166129428911871,6.128744329311203,22.55796973134854,14.089443897032377,16.714757261757825,0.321608040201005,-0.0033919597989949812,-0.0033919597989949812,0.25125628140703515,-0.003743718592964851,-0.003743718592964851,0.22613065326633164,-0.003869346733668344,-0.003869346733668344,0.3378684807256236,0.1136329201367221,0.13845499098955316,0.3363636363636363,0.26633165829145733,0.08337426480774801,0.1377840789926259,0.2222222222222222,0.3076923076923077,0.10735841787594713,0.15975014973902624,0.2919463087248322,18.0,0.0,0.0,25.0,0.0,0.0,29.0,0.0,0.0,0.0008666111836355784,-0.0006469572127151948,7.013489442850254e-06,-0.11010950995143531,-0.087800119318441,-0.09502292321607442,0.09523809523809523,0.12834154008596704,0.3219954648526077,-0.8374340534210205
70,0,test,2.1536963731240752,0.6867103059119861,0.6867103059119861,7.449125084362136,2.3751681199326944,2.3751681199326944,8.61664995756812,4.280503384958741,4.280503384958741,29.80294908004231,14.805246243852139,14.805246243852139,2.564166385825554,1.134812582157737,1.603749618290231,5.963177641454776,2.6390990282738067,3.7296502750935607,12.989825352482223,8.813825548388905,10.377040181905809,30.20889616856331,20.497268717183502,24.132651585827464,1.8378270355738218,0.8335980920814368,1.1638297132513968,5.9284743083026505,2.6890261034885055,3.754289397585151,6.282870962032459,3.553069332198257,4.320806291132955,20.267325683975674,11.461513974833087,13.938084810106307,0.48743718592964824,-0.002562814070351749,-0.002562814070351749,0.4120603015075377,-0.0029396984924623393,-0.0029396984924623393,0.3266331658291457,-0.0033668341708542604,-0.0033668341708542604,0.33731343283582094,0.07142877985439378,0.07142877985439378,0.31988041853512705,0.371859296482412,0.12624526139469272,0.19322824472949052,0.3282828282828283,0.31438127090301005,0.12740297374107346,0.16755146000200893,0.2348993288590604,16.0,0.0,0.0,27.0,0.0,0.0,32.0,0.0,0.0,0.00016725979390056942,-0.0014710723889279805,0.0010415041143785918,-0.0881426894153865,-0.06991184169296005,-0.09349639196536508,0.04029850746268657,0.1054674185098129,0.0014925373134328358,-1.7846853733062744
237,0,test,1.150763232546929,0.5398969987493802,0.5673578284214912,5.911289026135804,2.7733656356810266,2.914427581786186,3.1606042654034487,1.318577932048732,1.3684732841025466,16.23552506859877,6.77332664041875,7.029631185705712,1.2432371067540906,0.5449331683383988,0.774166120936808,5.290370667038684,2.3188645461208464,3.2943239188800346,3.4668177794463184,1.456477625814491,1.8683093132891104,14.752416082750292,6.197777131125493,7.950252396974939,1.2249717901853816,0.5388564902028767,0.7647858470173994,6.2286701195866865,2.7399482552688648,3.8887415950037254,3.4040700532511874,1.4180844827607528,1.8197014931353506,17.308830779243326,7.210599064885184,9.252719456620428,0.31155778894472363,-0.003442211055276312,-0.003442211055276312,0.1959798994974874,-0.004020100502512558,-0.004020100502512558,0.14572864321608037,-0.004271356783919655,-0.004271356783919655,0.28952772073921973,0.11414310535460437,0.11943974419963033,0.2407407407407407,0.29145728643216084,0.12353748693341393,0.15957080896972342,0.19191919191919193,0.2976588628762542,0.11735836204152972,0.15750313428893492,0.2348993288590604,15.0,0.0,0.0,21.0,0.0,0.0,26.0,0.0,0.0,0.0002665664077644962,0.00038236547385694876,0.00015411926625095892,-0.2151871547066051,-0.2257799901803832,-0.22892037067221072,0.0513347022587269,0.2176561535112935,0.018480492813141684,-1.6407184600830078
74,0,test,1.6409940340424678,0.6747138493467945,0.6747138493467945,6.892174942978365,2.8337981672565373,2.8337981672565373,5.1602964739896295,2.532146452763102,2.532146452763102,21.673245190756447,10.635015101605031,10.635015101605031,2.1109898238462828,0.910381045524566,1.3071994703938898,6.088217028194352,2.6255917110056326,3.7700390522954215,8.256409632485914,4.934270879180372,6.022417110106172,23.81196401253184,14.23072326024484,17.36900007117577,2.0457364739326502,0.9086434662772489,1.2838276398554447,6.1167520570586245,2.7168439641689743,3.8386446431677803,7.734852958333089,4.61716088609912,5.592491225277826,23.127210345415936,13.805311049436364,16.721548763580696,0.4444444444444444,-0.005555555555555536,-0.005555555555555536,0.3535353535353535,-0.006464646464646506,-0.006464646464646506,0.2777777777777778,-0.007222222222222241,-0.007222222222222241,0.2950530035335689,0.08781937694510356,0.08781937694510356,0.22654867256637168,0.33333333333333337,0.10915197313182201,0.16387024608501122,0.2284263959390863,0.33221476510067116,0.11278427933852708,0.16703619367209976,0.24915824915824913,18.0,-6.0,-6.0,25.0,-6.0,-6.0,31.0,-5.0,-5.0,0.0016393771546641014,0.000789232465386788,0.0007621358397371013,-0.18427438328661339,-0.18423650600203256,-0.1897299046156471,0.054770318021201414,0.11376221591476605,0.1431095406360424,-1.8456361293792725
46,0,test,1.4550444992591833,0.6882224718134884,0.7200209339359354,4.503270633783169,2.1300049918784545,2.228419219586534,4.284674126184415,2.131760655531907,2.1991429880430418,13.260795238634044,6.597664307310776,6.8062083617281495,1.8115199241441606,0.808887809395717,1.1398507842140693,4.767157695116212,2.1286521299887284,2.9996073268791292,6.11974191047611,3.3942958278926594,4.162239970500117,16.104583974937132,8.932357441822788,10.953263080263467,1.588308602569419,0.7271754074810957,1.0113554637479325,4.292725952890322,1.9653389391380967,2.7333931452646825,4.895461750420425,2.5296216167462275,3.114856849020067,13.230977703838988,6.83681518039521,8.41853202437856,0.3467336683417085,-0.003266331658291488,-0.003266331658291488,0.2562814070351759,-0.00371859296482413,-0.00371859296482413,0.2211055276381909,-0.003894472361809065,-0.003894472361809065,0.2848360655737705,0.09465201649401589,0.09617526400974308,0.23613963039014374,0.2814070351758794,0.09140703517587945,0.12167325813760987,0.202020202020202,0.2775919732441472,0.09592530657748055,0.1321979665848797,0.21476510067114096,18.0,-1.0,-1.0,25.0,0.0,0.0,31.0,0.0,0.0,0.00041331757609981305,0.0008802656522200247,0.00012999452979479137,-0.22199707043403016,-0.24677809063598843,-0.24339220464568712,0.05122950819672131,0.33006744477704697,0.036885245901639344,-2.1383163928985596
10,0,test,1.7469894585030123,0.736765387023546,0.736765387023546,7.487097679298624,3.1575659443866257,3.1575659443866257,5.737304257719129,2.9910879628899982,2.9910879628899982,24.588446818796264,12.818948412385705,12.818948412385705,2.3181002044515977,1.0482065811740444,1.4698426820316834,7.096952933628737,3.209124763902074,4.499979903450846,10.156360956840961,6.595887166163538,7.820787337311101,31.09408969863617,20.1935622471776,23.943641232690908,1.6785428482999551,0.788877862491706,1.0843761954702154,7.4657577431848745,3.5087403436198263,4.823046361942152,5.3577432356697345,2.9234292507342645,3.5462225455464553,23.829962451187775,13.002715174907625,15.772751023475282,0.4696969696969697,-0.005303030303030254,-0.005303030303030254,0.3484848484848485,-0.006515151515151474,-0.006515151515151474,0.2828282828282829,-0.007171717171717162,-0.007171717171717162,0.3093145869947276,0.08839572091457115,0.08839572091457115,0.2605633802816901,0.33333333333333337,0.09655751469353491,0.16387024608501122,0.21319796954314718,0.29292929292929293,0.10805534334946099,0.15967061431787077,0.16891891891891897,23.0,0.0,0.0,31.0,1.0,1.0,34.0,1.0,1.0,-0.0015171906786974941,0.0001547882089034996,0.0011784501524039828,-0.11073026594693047,-0.1152108950063484,-0.13143257118889373,0.04745166959578207,0.1920073340319788,0.0017574692442882249,-2.2290256023406982
75,0,test,1.4588543988536997,0.38683681902662714,0.38683681902662714,6.224445435109119,1.6505037611802758,1.6505037611802758,4.301029440669845,1.3797619921196058,1.3797619921196058,18.351058946858007,5.886984499710319,5.886984499710319,1.7016538323948394,0.7347883753788659,1.0529855078177497,5.235857945830275,2.260887308858049,3.2399554086699984,5.483007873445217,2.8533192185417393,3.5700162253573886,16.870793456754512,8.779443749359196,10.984665308791962,1.6379083869784903,0.743223818782762,1.0358451962440436,5.459694623261634,2.477412729275873,3.4528173208134785,5.144398161230726,2.697834217573387,3.3185161013881137,17.14799387076909,8.992780725244623,11.061720337960379,0.35678391959798994,-0.0032160804020100464,-0.0032160804020100464,0.29648241206030146,-0.0035175879396985854,-0.0035175879396985854,0.22613065326633164,-0.003869346733668344,-0.003869346733668344,0.26458036984352773,0.060279294574710485,0.060279294574710485,0.24216524216524216,0.3065326633165829,0.10101887885543004,0.1512738987089034,0.2676767676767676,0.29096989966555187,0.10733050066722127,0.1530388651827932,0.25838926174496646,19.0,0.0,0.0,25.0,0.0,0.0,30.0,1.0,1.0,0.0011262854336168662,-4.486497756910493e-05,0.00024164877968662672,-0.22227738808956587,-0.22268572857145497,-0.22985281445053474,0.0953058321479374,0.07135691431872147,0.08392603129445235,-1.3388714790344238
111,0,test,2.0926191159724192,0.9786331523222407,1.1245017920510294,5.433467178314352,2.5410123955033623,2.9197590390096906,8.106118249296141,5.059640875738933,5.4731355127483425,21.047464927996998,13.13731315104144,14.210948348890433,2.5635674606356136,1.1484753472063762,1.6148913383338206,5.572972740512204,2.496685537405166,3.510633344203958,12.982047748199749,8.865182081077208,10.399758987310705,28.22184293086902,19.272134958863496,22.608171711545012,2.473214438692895,1.1580315464830133,1.5931690193293369,5.415798040933346,2.535835503247474,3.488691283202927,11.860510526150273,8.135078250660666,9.449501315716013,25.97192086018308,17.81403996495036,20.692338647553314,0.5577889447236181,-0.00221105527638199,-0.00221105527638199,0.4321608040201005,-0.002839195979899567,-0.002839195979899567,0.3417085427135679,-0.003291457286432098,-0.003291457286432098,0.3431151241534989,0.1142537938265541,0.13490398045848417,0.25791855203619907,0.37688442211055273,0.11623279303787104,0.17988943045779815,0.2727272727272727,0.35785953177257523,0.10076437317491249,0.16208645057124038,0.2818791946308725,15.0,0.0,0.0,25.0,0.0,0.0,30.0,0.0,0.0,0.0014966175471229119,0.00120703852689892,0.0004309471574678208,-0.08164445736597337,-0.08005203729029109,-0.08433519442689175,0.056433408577878104,0.19609450068211687,0.5304740406320542,-1.6606593132019043
135,0,test,3.6181949559290936,1.730062698124522,2.3567865974829587,6.1819445247017075,2.955935695652754,4.026738243699454,37.27023265638769,30.66321571101763,33.7398426139624,63.67885465291382,52.390294271967264,57.6469310947129,3.8262628084888104,1.7948676869131681,2.4682516380309574,6.122020493582097,2.8717882990610692,3.949202620849532,45.890714975535786,38.26599862725818,42.00226283760176,73.42514396085726,61.225597803613084,67.20362054016282,3.6180938204735575,1.7299590503066562,2.3566511265737526,6.181771727551963,2.9557586059525147,4.026506781974582,37.266463505030686,30.65942996041929,33.7359522429806,63.67241478859528,52.38382604665924,57.64028411800685,0.7688442211055276,-0.0011557788944723812,-0.0011557788944723812,0.6532663316582914,-0.0017336683417086274,-0.0017336683417086274,0.5226130653266332,-0.002386934673366814,-0.002386934673366814,0.412751677852349,0.08611851202320331,0.1660998921380633,0.39057239057239057,0.42713567839195976,0.09380234505862639,0.180057214285115,0.4191919191919192,0.4093959731543624,0.08276280732521668,0.16274418744007668,0.39057239057239057,27.0,0.0,0.0,37.0,0.0,0.0,46.0,0.0,0.0,0.0005287386869584014,-1.2499771312290112e-05,4.349645756091461e-05,0.0005109839999661858,0.00010751935559483172,-3.6801216390713876e-05,0.1040268456375839,0.14343834246706708,0.6778523489932886,-0.8144769668579102
193,0,test,3.1507467760176024,1.5318018095813908,2.0678964403879663,7.928518526536098,3.8546160290285814,5.2036410426156205,23.35349790290018,18.305735954923044,20.400413053522442,58.76658898516685,46.06443391935553,51.33546563468352,3.304108331243633,1.5703137426194587,2.1432856069685124,7.342462958319183,3.4895860947099075,4.7628569043744715,27.224255744683084,21.562157214072826,24.03169695313508,60.498346099295745,47.915904920161836,53.40377100696685,3.1500606187124798,1.5220558676629892,2.061404326745314,7.875151546781199,3.805139669157472,5.153510816863285,23.337479226008504,18.243777855591368,20.36719902550868,58.34369806502126,45.60944463897842,50.91799756377169,0.728643216080402,-0.001356783919598037,-0.001356783919598037,0.5879396984924623,-0.002060301507537776,-0.002060301507537776,0.4723618090452262,-0.0026381909547738003,-0.0026381909547738003,0.39869281045751637,0.11321157065327492,0.18238846263142938,0.30819672131147546,0.42211055276381915,0.10882734474376898,0.1867182322295955,0.31818181818181823,0.3946488294314381,0.10917303644312426,0.1821905424458986,0.30536912751677847,21.0,0.0,0.0,27.0,0.0,0.0,39.0,0.0,0.0,0.0014207144068681774,0.0006377960491472746,2.8173857502188552e-05,0.00047939258751661384,7.653115519623555e-05,-6.483767214060521e-05,0.08823529411764706,0.24341560098398116,0.21895424836601307,-0.6318221092224121
13,0,test,2.0151072827046477,0.9378910786616093,1.1376724017057716,5.246883113457384,2.4420560161377747,2.9622413478376695,7.501532122689891,4.565038559307008,5.096808736035229,19.532291187381226,11.886326814799379,13.270935954204937,2.068851091394743,0.8935689128986639,1.2709425499937028,4.811281607894751,2.078067239299218,2.9556803488225647,7.915723448719291,4.676666641645136,5.694832282851129,18.408659183068117,10.875968934058456,13.24379600663053,2.2327803441166845,1.0357611609768977,1.4274036926268998,5.036346640864702,2.3363033706245813,3.2197075773539097,9.325758886200083,6.015523888543301,7.0882197736357195,21.03554635984981,13.56885087641346,15.988465654817414,0.4120603015075377,-0.0029396984924623393,-0.0029396984924623393,0.3266331658291457,-0.0033668341708542604,-0.0033668341708542604,0.27135678391959794,-0.0036432160804020786,-0.0036432160804020786,0.33414043583535114,0.11044031491636686,0.1405920487385769,0.30339805825242716,0.3266331658291457,0.11360058437551157,0.1613577067306482,0.2727272727272727,0.36789297658862874,0.13917845238161708,0.19214214232833948,0.3355704697986577,16.0,-6.0,-6.0,22.0,-5.0,-5.0,29.0,-7.0,-7.0,7.522675620515343e-05,8.43862607297205e-05,-1.4827573944314975e-06,-0.12458113889320188,-0.1225373079163461,-0.12257111410333099,0.0847457627118644,0.167014019545425,0.004842615012106538,-1.9900481700897217
93,0,test,1.8322664218017635,0.6327233239452974,0.6327233239452974,8.512991682832808,2.9397299050996892,2.9397299050996892,6.2480312979622274,2.9294309972641472,2.9294309972641472,29.029314645916813,13.610587094981117,13.610587094981117,2.2334204148973,0.9738944104848348,1.377960258914643,7.570916660668813,3.3013369846943554,4.671051725134383,9.331729942715748,5.807979093610718,6.979273314169816,31.632982856663556,19.68806472410413,23.65855360735531,1.9899470078597485,0.855852095285115,1.2162481220521948,7.855053978393744,3.37836353402019,4.8009794291534,7.315146106789858,4.206787174010291,5.147376331330001,28.875576737328384,16.605738844777463,20.318590781565792,0.38190954773869346,-0.0030904522613065533,-0.0030904522613065533,0.3467336683417085,-0.003266331658291488,-0.003266331658291488,0.3065326633165829,-0.0034673366834171437,-0.0034673366834171437,0.30679933665008297,0.08392543635682781,0.08392543635682781,0.28239202657807305,0.3417085427135679,0.1211571642674526,0.18311087994228237,0.29292929292929293,0.32441471571906355,0.11573358049368787,0.1608996990338578,0.28523489932885904,17.0,0.0,0.0,27.0,0.0,0.0,32.0,0.0,0.0,0.0013664467639189222,-2.1722045143314498e-05,0.0003739270417679314,-0.2733100990063768,-0.2555251702579211,-0.25727022167440605,0.04477611940298507,0.14741183506522898,0.008291873963515755,-1.0900377035140991
253,0,test,1.98064063176197,0.8202119634197864,0.8202119634197864,6.389524297943983,2.6459945260604414,2.6459945260604414,7.2473844029221715,4.056083410269391,4.056083410269391,23.379980192477742,13.084879250078096,13.084879250078096,2.650847202773196,1.1936353408458582,1.6751563868310941,5.640100431432333,2.539649661374167,3.564162525172541,14.166035067151451,9.87206442740168,11.513035754844779,30.140500142875432,21.00439239872698,24.495820754988895,2.4352060230790555,1.1064152117104722,1.546031324009023,5.9395268855586725,2.6985736870987127,3.770808107339081,11.418170877779966,7.641696721802143,8.985050112174257,27.84919726287797,18.6382846873223,21.914756371156727,0.5276381909547738,-0.002361809045226204,-0.002361809045226204,0.40201005025125625,-0.007989949748743785,-0.007989949748743785,0.3316582914572864,-0.0033417085427135396,-0.0033417085427135396,0.32456140350877194,0.09777743478931933,0.09777743478931933,0.28119507908611596,0.3517587939698492,0.10614475888212993,0.16311104772610963,0.33838383838383834,0.34448160535117056,0.1057503866533408,0.16539372993404045,0.3221476510067114,25.0,-13.0,-13.0,34.0,-11.0,-11.0,41.0,-13.0,-13.0,0.002769743150590185,0.0005094699853356018,0.000597337787822253,-0.1556974565833471,-0.12704028992114846,-0.1380494860360031,0.043859649122807015,0.10126517255383888,0.6140350877192983,-1.5095126628875732
8,0,test,2.979972915950729,1.4306325564374838,1.9413087330081915,5.794391781015308,2.7817855264062192,3.774766980849262,19.68728342618725,14.978920095265853,16.861843205068702,38.28082888425299,29.12567796301694,32.786917343189145,3.0658615051023395,1.4726306140217917,1.997450387162272,6.028379363965274,2.8956219938630734,3.9275709859932313,21.452935842067017,16.53331781320327,18.542184858218565,42.182739015300314,32.50933277877047,36.45935224930617,3.0662017543432194,1.4728099223045168,1.9980233326217949,6.029048393371499,2.8959745663291065,3.928697564143979,21.460236429141098,16.539826568520656,18.550162687241123,42.19709410224373,32.52213089315859,36.475038991766255,0.6149425287356323,0.06494252873563222,0.06494252873563222,0.45402298850574707,0.05402298850574705,0.05402298850574705,0.3793103448275862,0.04431034482758622,0.03931034482758622,0.367816091954023,0.10707110628067051,0.1636176186715802,0.33526011560693647,0.3793103448275862,0.11856535915423372,0.17320347459857854,0.34682080924855496,0.3793103448275862,0.11856535915423372,0.17320347459857854,0.34682080924855496,16.0,1.0,1.0,25.0,1.0,2.0,32.0,2.0,2.0,0.00025757408726199266,-0.0001791980052079382,0.0001225694527897572,-0.021051336313393065,-0.020943731447930602,-0.020892565817659303,0.7413793103448276,0.1498117871511918,0.25287356321839083,-1.1682953834533691
176,0,test,2.7737064108160223,1.356293920532459,1.5264108433716221,10.230884302190246,5.002723477373824,5.630203930469098,16.01789301476625,11.89146357635164,12.536976701821114,59.08239226758043,43.861955814411786,46.242946850979514,3.5195686623627256,1.6689718366604558,2.2835280017518933,8.69029299348821,4.120918115211001,5.638340745066403,33.769859110680365,27.406242751413494,30.327900542399455,83.38236817451941,67.66973518867529,74.88370504296161,3.4041040821721618,1.6398899595687255,2.2261907162280514,9.283920224105897,4.4724271624601615,6.071429226076505,30.08732787179952,24.250344469975456,26.839737277036996,82.05634874127142,66.13730309993306,73.19928348282818,0.6482412060301508,-0.0017587939698492372,-0.0017587939698492372,0.5577889447236181,-0.00221105527638199,-0.00221105527638199,0.4522613065326633,-0.0027386934673366836,-0.0027386934673366836,0.378619153674833,0.12500402575492198,0.14988015074228167,0.2745535714285714,0.40703517587939697,0.11380209317263001,0.1900067952450063,0.303030303030303,0.40802675585284276,0.11921206470092294,0.19668081591958353,0.32885906040268453,16.0,0.0,0.0,31.0,0.0,0.0,38.0,0.0,0.0,0.0017093203825762867,0.001430904010994101,0.00036940684404316047,-0.0491527847562363,-0.04948033240636995,-0.05874189683980369,0.08463251670378619,0.05857873182837456,0.7193763919821826,-0.8668251037597656
35,0,test,2.6041281053711205,1.2224908833942378,1.6798148182905273,5.742878537010484,2.695956716359478,3.7044922813956656,13.519432641809955,9.53801788775262,10.999295586478775,29.814377945183544,21.03417189815644,24.256724703956504,2.9532852354828014,1.3642262087461987,1.889098637546554,5.181202167513687,2.3933793135898225,3.3142081360465863,19.16882450145409,14.269687699475336,16.270344106440064,33.6295166692177,25.03453982364094,28.54446334463169,2.6346213063598927,1.2400284638091141,1.7006056526589628,5.488794388249777,2.5833926329356545,3.5429284430395063,13.938033219082204,9.904701181996685,11.393325867842579,29.03756920642126,20.63479412915976,23.736095558005374,0.7035175879396984,-0.001482412060301641,-0.001482412060301641,0.542713567839196,-0.0022864321608039306,-0.0022864321608039306,0.42211055276381915,-0.0028894472361808976,-0.0028894472361808976,0.4036144578313253,0.10587009692906968,0.17315353598763794,0.3141993957703928,0.4371859296482412,0.1264089872923515,0.19845471095041145,0.33333333333333337,0.4046822742474916,0.11753703217737477,0.1777634755823081,0.3087248322147651,22.0,-2.0,-2.0,30.0,1.0,1.0,43.0,0.0,0.0,0.0009391476124067597,0.00037515302215281553,0.0005352396664209197,0.00037672049705506083,-2.4180496096981585e-05,0.00018761708646408692,0.08433734939759036,0.13991823075739374,0.5632530120481928,-0.816009521484375
236,0,test,3.203820371456124,1.548987071191202,1.5841895740859717,10.095056642135335,4.8807705828100145,4.991691676836931,24.62643283248389,19.39422519063602,19.575207785801297,77.59649590612848,61.11010578936256,61.68037170243049,4.392831172970931,2.100526084263247,2.863046326815341,7.224573581993515,3.454584221226332,4.70864643831614,80.86904944854348,70.97132290494821,76.25186613785843,132.99951107653018,116.72143188499747,125.40596166474236,3.6386234659273624,1.747195684883964,2.375222339058113,8.119018032181204,3.8985933565694415,5.299936413271461,38.03943808678681,31.41061164642362,34.50200578009324,84.87904468618848,70.0878573304527,76.98581886752149,0.7424242424242424,-0.0025757575757575646,-0.0025757575757575646,0.6313131313131313,-0.0036868686868687384,-0.0036868686868687384,0.5303030303030303,-0.004696969696969644,-0.004696969696969644,0.39,0.12826173826173826,0.13193548387096776,0.36072144288577157,0.43939393939393945,0.12705137012441803,0.19442749644091928,0.4568527918781726,0.4161073825503355,0.1414005148786437,0.20628595397890692,0.38383838383838387,23.0,0.0,0.0,36.0,0.0,0.0,44.0,0.0,0.0,0.0010476765302679042,0.000981167892885508,0.0011978661508231165,-0.05503020463374675,-0.061619046360634755,-0.06518668761928659,0.07,0.08461472282091369,0.358,-1.6297433376312256
140,0,test,3.1463851793110447,1.497271432250163,2.0447183238849824,5.720700326020081,2.7223116950002963,3.7176696797908773,23.251861173695996,18.04949400339964,20.242683463594002,42.27611122490181,32.81726182436298,36.804879024716364,3.3373487613836055,1.5408135636803242,2.1375182452186374,5.382820582876783,2.4851831672263294,3.4476100729332857,28.144410156431896,22.115687253780138,24.824855892162063,45.394209929728866,35.67046331254861,40.04009014864849,3.145969437633448,1.4968534797369881,2.044382749413039,5.719944432060815,2.7215517813399783,3.7170595443873435,23.242196415085086,18.039817743197585,20.233259932682017,42.258538936518335,32.7996686239956,36.78774533214912,0.7236180904522613,-0.0013819095477386467,-0.0013819095477386467,0.592964824120603,-0.0020351758793969443,-0.0020351758793969443,0.4623115577889447,-0.002688442211055242,-0.002688442211055242,0.40802675585284276,0.10418702296469584,0.17665856897853793,0.3691275167785235,0.4120603015075377,0.08624576516668558,0.16832073556429894,0.3737373737373737,0.40802675585284276,0.10418702296469584,0.17554622192625768,0.3691275167785235,21.0,0.0,0.0,32.0,0.0,0.0,43.0,0.0,0.0,0.001046143413021615,0.000465113379742412,9.931431007215781e-05,0.0005070350734097673,0.00010364583054389698,-4.030577335889518e-05,0.08361204013377926,0.1726758235554074,0.5284280936454849,-0.9287443161010742
240,0,test,2.144056935113126,0.9613941732161826,1.3488051297142443,5.028507631991936,2.2547805789098962,3.163384692711106,8.533989335470674,5.270937961461817,6.318990660257828,20.01496779398158,12.362055938392462,14.820078814705411,2.6562473573454763,1.212560427338764,1.684893376263319,4.619560621470394,2.108800743197851,2.9302493500231632,14.242740771113954,10.006454821857599,11.601222165749043,24.7699839497634,17.40253012496974,20.17603854912877,2.3241132823591526,1.0479227335173804,1.4674605309874948,5.016071832429826,2.261703741404418,3.167181002131284,10.217615927420093,6.6346513612554645,7.86235209635046,22.052408476446246,14.319391427170068,16.969105243921856,0.6432160804020101,-0.001783919597989958,-0.001783919597989958,0.5226130653266332,-0.002386934673366814,-0.002386934673366814,0.3668341708542714,-0.0031658291457286047,-0.0031658291457286047,0.39692307692307693,0.1265697743117098,0.19630895205101961,0.3641975308641975,0.4170854271356784,0.09878968778730746,0.18336255568325777,0.45959595959595956,0.40802675585284276,0.12588986102813493,0.1922314277104623,0.3959731543624161,18.0,0.0,0.0,28.0,0.0,0.0,35.0,1.0,1.0,0.0005101606780013123,0.00029177046867550325,0.0007665826547924587,-0.017982028558621188,-0.021343452597771595,-0.02487380381874793,0.11076923076923077,0.09964051554454957,0.9046153846153846,-1.3723900318145752
143,0,test,1.3064879706228827,0.40456903789141274,0.40456903789141274,5.788347366534493,1.7924283864195703,1.7924283864195703,3.693180351144488,1.228852895671348,1.228852895671348,16.36250102593154,5.44438799472935,5.44438799472935,1.7795966063767443,0.7373723673830719,1.0723132178486898,4.622328847731803,1.9152529022936933,2.785229137269324,5.927464834732334,3.091947961977777,3.8989916414592125,15.396012557746323,8.031033667474745,10.127251016777176,1.3963072807386423,0.5880931447065616,0.8480238863503156,5.046893785802322,2.1256378724333556,3.0651465771698154,4.040252866526177,1.7963557552214122,2.309972608257803,14.603323613950037,6.4928521273063105,8.34929858406435,0.29648241206030146,-0.0035175879396985854,-0.0035175879396985854,0.25125628140703515,-0.003743718592964851,-0.003743718592964851,0.2160804020100503,-0.003919597989949675,-0.003919597989949675,0.21706586826347307,0.05186547725663049,0.05186547725663049,0.21139430284857574,0.25125628140703515,0.07832395057996744,0.11269200761738574,0.2525252525252525,0.21404682274247488,0.06713530354381048,0.08723925878251937,0.2046979865771812,16.0,0.0,0.0,22.0,0.0,0.0,28.0,-3.0,-3.0,0.0011097025773591303,-0.0005881128265228899,0.0002505454318606978,-0.2900047986430323,-0.26420697540584914,-0.2925675151748477,0.058383233532934134,0.07781565557477833,0.0014970059880239522,-2.423361301422119
169,0,test,2.0402051749512133,0.9587184422540023,1.3127477262589369,5.726290154905087,2.690856804309553,3.6845188283234025,7.692187281132117,4.743126522660072,5.622375970802597,21.589836570572498,13.31264082830642,15.780450203765273,2.8579292859555685,1.3246130940523668,1.828372842966593,5.659265912783304,2.6229962258462707,3.620540283102164,17.425406517950865,12.791889513629874,14.625582840137046,34.50575548109082,25.330474284415594,28.961550178489198,2.076948982363508,0.9328705740430598,1.3053422504725738,5.71637334595461,2.5675336900267705,3.592685093043781,7.98008435624215,4.840537713134,5.816845147833986,21.96353492543711,13.322580861836697,16.009665544497206,0.6281407035175879,-0.0018592964824121205,-0.0018592964824121205,0.44723618090452266,-0.0027638190954772934,-0.0027638190954772934,0.3668341708542714,-0.0031658291457286047,-0.0031658291457286047,0.3303303303303303,0.09494802148475312,0.1535071535071535,0.2650602409638554,0.3869346733668342,0.11876424730167123,0.1665673945688375,0.3282828282828283,0.3277591973244147,0.08235018229937296,0.14533428075044363,0.25503355704697983,17.0,0.0,0.0,32.0,0.0,0.0,38.0,0.0,0.0,0.0026574321794629644,0.0003953340304258607,0.0009452168161478794,-0.07848819872276991,-0.07195809773657569,-0.08546276964032007,0.08708708708708708,0.14847960232265225,0.43243243243243246,-1.283297061920166
71,0,test,2.6078374870895336,1.0248593103228283,1.0248593103228283,7.488219070071374,2.9428103053555494,2.9428103053555494,13.569674503608013,8.700238223775521,8.700238223775521,38.96435107464586,24.982112613983993,24.982112613983993,2.7549743670516733,1.3161522743173975,1.793501403621091,5.989074710981898,2.861200596342168,3.8989160948284582,15.720637931339189,11.504910775726227,13.105091689931253,34.17529985073737,25.010675599404845,28.489329760720118,2.5424197528381134,1.221977752312487,1.6613852586392652,6.303520048358959,3.0296969065598858,4.1191370048907405,12.710389791640065,8.965313454443175,10.296994732971386,31.513363119768755,22.228049887049192,25.529739007367073,0.5829145728643217,-0.002085427135678275,-0.002085427135678275,0.4974874371859297,-0.002512562814070307,-0.002512562814070307,0.3668341708542714,-0.0031658291457286047,-0.0031658291457286047,0.37209302325581395,0.08470299393030079,0.08470299393030079,0.3361064891846922,0.37688442211055273,0.10119519905290864,0.17655053229419215,0.28787878787878785,0.3612040133779264,0.11245610018927865,0.1743297085948341,0.28859060402684567,20.0,0.0,0.0,32.0,0.0,0.0,39.0,0.0,0.0,0.0014725088663845064,0.0006476370673950415,8.31245949360389e-06,-0.043994804460480985,-0.04140141883413495,-0.040746547385837495,0.07142857142857142,0.1188896503674474,0.016611295681063124,-1.8082187175750732
261,0,test,3.1391130421170437,1.5042764082727373,1.89383816530721,5.842655375040813,2.7998254680291614,3.5248949583947593,23.08338378703884,17.954763701400402,19.60949422724887,42.963810015110575,33.41819655428114,36.498053848802925,3.5232281267751784,1.6587069203593416,2.2772028753562914,5.592425598055839,2.6328681275545107,3.6146077386607804,33.89366510195485,27.440819536773684,30.417167845392196,53.79946841580135,43.55685640757728,48.28121880220983,3.279727378444921,1.5452649197957304,2.1197010184472003,5.59044439507657,2.633974295106359,3.613126735989547,26.56852855889245,20.90264721932316,23.378511195034108,45.28726458902122,35.62951230566448,39.849734991535406,0.6281407035175879,-0.0018592964824121205,-0.0018592964824121205,0.5276381909547738,-0.002361809045226204,-0.002361809045226204,0.457286432160804,-0.0027135678391959628,-0.0027135678391959628,0.3969072164948454,0.11376693335456223,0.16621317934919533,0.35400516795865633,0.40703517587939697,0.12382715582927162,0.1983540406540213,0.35858585858585856,0.40802675585284276,0.12755931010993793,0.19890551002414425,0.36241610738255037,19.0,0.0,0.0,28.0,0.0,0.0,37.0,0.0,0.0,0.0009646185036541563,0.0008396905275099847,0.00026192171662516055,0.00015558060990716882,-0.0002410978988836021,4.9314008948364574e-05,0.11082474226804123,0.05588119976743778,0.5567010309278351,-0.8951578140258789
224,0,test,2.333649271837756,1.0662948372305054,1.4169352580998409,5.319560762512152,2.430622392941587,3.2299083212586432,10.31551705557817,6.764072511279568,7.814458626927745,23.51425316395769,15.418724295898144,17.813082708586848,2.5340079655184273,1.106946023576724,1.5667087641396609,4.294928755115979,1.8761797009774988,2.6554385832875615,12.603921119668154,8.437481170576671,9.973091604731794,21.362578168929076,14.30081554335029,16.903545092765754,2.43815722624281,1.0979920664498015,1.536131418610771,4.975831073964919,2.24080013561184,3.1349620787974923,11.451917992601123,7.632243682709611,8.987327148301633,23.37126120939005,15.576007515733902,18.341483976125783,0.592964824120603,-0.0020351758793969443,-0.0020351758793969443,0.4723618090452262,-0.0026381909547738003,-0.0026381909547738003,0.371859296482412,-0.003140703517587995,-0.003140703517587995,0.412568306010929,0.1342599840463996,0.18285178597182827,0.3835616438356164,0.4120603015075377,0.12383975012909154,0.19169302270954103,0.3939393939393939,0.4147157190635451,0.13257882423883727,0.20114508502572526,0.3926174496644296,22.0,-6.0,-6.0,32.0,-6.0,-6.0,43.0,-9.0,-9.0,0.0006752778236516193,0.00036266796634199373,0.0002864856573580948,-0.018405324688416158,-0.02534073550028726,-0.020610237922238817,0.1092896174863388,0.09508905450304976,0.3442622950819672,-1.2197339534759521
201,0,test,1.2580026400962698,0.5707107474253292,0.6047279741828626,5.500902453511871,2.4955624501053033,2.6443105052905174,3.5183869794034917,1.5300633376024042,1.596563112320431,15.384946700846177,6.690549685334149,6.981335063873884,1.380004739103425,0.5822946167628386,0.830208634380589,4.312514809698203,1.8196706773838707,2.594401982439341,3.9749204650093013,1.7544699225641525,2.242020813220318,12.421626453154067,5.482718508012977,7.006315041313495,1.627048479466104,0.7097664503297288,1.0072448293256484,5.175398886812395,2.25766136860201,3.203895786897541,5.0888327367813595,2.5863532648819985,3.2302696593634073,16.186819024442833,8.226804534039548,10.275006682443177,0.24623115577889443,-0.0037688442211055717,-0.0037688442211055717,0.19095477386934678,-0.004045226130653168,-0.004045226130653168,0.1758793969849246,-0.004120603015075441,-0.004120603015075441,0.2416666666666667,0.08141692681234824,0.08917399804496584,0.1983298538622129,0.2211055276381909,0.07072958778856686,0.10424409191198059,0.15656565656565657,0.261744966442953,0.08419052758198142,0.12558425215723867,0.2289562289562289,16.0,1.0,1.0,26.0,-2.0,-2.0,28.0,-1.0,-1.0,0.0005339245499373908,0.0005449428732548518,0.0002507131247459529,-0.17754126857650032,-0.1820195263826001,-0.18215833187336727,0.06041666666666667,0.19956354920290292,0.13333333333333333,-1.1539028882980347
5,0,test,2.5875506834142277,1.2162556442618353,1.6682760204301896,5.6155355257074735,2.6395335258448345,3.6205139166782843,13.29716272356051,9.356712293395702,10.789691754901263,28.857672293684512,20.306056466518335,23.41592678723253,2.534899371981518,1.158413206646904,1.6130542968373238,4.6511915082229685,2.125528819535604,2.9597326547473832,12.61516134547518,8.654202354704651,10.101236852391237,23.147085037569134,15.879270375604861,18.53437954567199,2.5974296203683624,1.2058539089883085,1.6648962288439522,5.565920615075062,2.583972662117804,3.567634776094183,13.42917555536675,9.407994270667878,10.888237333475148,28.77680476150018,20.15998772285974,23.33193714316103,0.6432160804020101,-0.001783919597989958,-0.001783919597989958,0.46733668341708545,-0.002663316582914521,-0.002663316582914521,0.3266331658291457,-0.0033668341708542604,-0.0033668341708542604,0.4,0.09230769230769231,0.15790621592148313,0.39144736842105265,0.40703517587939697,0.11129582750846967,0.17498175350877931,0.36868686868686873,0.4013377926421404,0.1025064069994025,0.1599584822973128,0.3926174496644296,22.0,-1.0,-1.0,29.0,0.0,0.0,42.0,-1.0,-1.0,-0.00019746796510467668,-0.00017414172604351125,-6.637099766086977e-05,0.0004833415140721442,8.040468024717029e-05,-6.13331151724239e-05,0.08524590163934426,0.1099546006950099,0.4426229508196721,-0.8560202121734619
250,0,test,1.0237548880258236,0.4389326542991925,0.5309591497359398,5.773977568465645,2.4755801702474454,2.9946096045107007,2.783627374160732,0.9889554490191417,1.1467412400826733,15.699658390266526,5.577708732467958,6.467620594066277,1.6774129958347608,0.7253391067780148,1.0232414221734532,6.212640725313928,2.6864411362148695,3.7897830450868635,5.3516931947374715,2.760615496020164,3.4281448557074023,19.82108590643508,10.22450183711172,12.696832798916306,1.2686548825109019,0.5315494132690254,0.7569490190648589,6.450787538191027,2.702793626791655,3.848893317278944,3.5560660172522693,1.4661884808400734,1.887931638577776,18.081691613147132,7.4551956652885085,9.599652399548013,0.31658291457286436,-0.003417085427135591,-0.003417085427135591,0.27638190954773867,-0.0036180904522613577,-0.0036180904522613577,0.21105527638190957,-0.0039447236180903955,0.001055276381909609,0.20142180094786732,0.05349280686502711,0.0723895428833512,0.12589073634204273,0.2814070351758794,0.10346217302049088,0.132826066895412,0.16666666666666663,0.21739130434782605,0.05044639616752555,0.0816849639696281,0.1308724832214765,19.0,0.0,0.0,26.0,0.0,0.0,32.0,0.0,0.0,0.0017555228342939068,0.001758217074543848,0.0005203820104228752,-0.1959348437708872,-0.21157360058892838,-0.20364105099756902,0.06398104265402843,0.10911701229807613,0.12559241706161137,-1.2635166645050049
243,0,test,2.833374443057547,1.3421439514808386,1.794825095713154,6.549878582652512,3.102618485241419,4.1490761952849535,17.002738903634025,12.560180215466676,14.17762312500416,39.30503279021892,29.035221796793095,32.77424566559403,3.2283323537536743,1.520415319817062,2.0875922994671625,6.392737334165692,3.0107234055783407,4.133846137558738,25.237534578293896,19.720077753732962,22.108451378330106,49.975315996621575,39.04965891828309,43.77911164025763,2.8159886109995167,1.3415966976141331,1.8315341769540971,6.257752468887815,2.9813259946980737,4.070075948786882,16.709686997765427,12.341308385207492,14.033335637898826,37.13263777281206,27.42512974490554,31.185190306441836,0.6582914572864322,-0.0067085427135678,-0.0067085427135678,0.5326633165829145,-0.0023366834170853723,-0.0023366834170853723,0.40703517587939697,-0.00296482412060306,-0.00296482412060306,0.3774647887323944,0.09617083655236625,0.1614335081849848,0.3389830508474576,0.39698492462311563,0.08620798226722592,0.17160929857970997,0.35858585858585856,0.3745819397993311,0.09244504497462325,0.16657304102291282,0.325503355704698,28.0,-5.0,-5.0,35.0,-1.0,-1.0,45.0,-2.0,-2.0,0.0012216667093128994,0.00028007707635825733,0.0006630705238007009,-0.011300885333098698,-0.009868791121938614,-0.011557089479259375,0.07605633802816901,0.05627593371422683,0.30704225352112674,-1.6757702827453613
131,0,test,0.6934976768635973,0.22135151248032614,0.22135151248032614,6.035304106758874,1.926356405909865,1.926356405909865,2.0007011154693166,0.3972693842596777,0.3972693842596777,17.411507004895135,3.4573173440977367,3.4573173440977367,2.1403017863638927,1.002410863937333,1.3783551911347494,6.1151479610396935,2.8640310398209516,3.938157688956427,8.502003030345396,5.381822312823686,6.3595603977158035,24.291437229558277,15.376635179496247,18.1701725649023,1.4377433109017166,0.6506802569296111,0.9068128861457554,6.161757046721642,2.788629672555476,3.886340940624666,4.2111817579334945,2.0142470944904716,2.510667985033632,18.047921819714976,8.632487547816305,10.760005650144137,0.40201005025125625,-0.002989949748743781,-0.002989949748743781,0.31658291457286436,-0.003417085427135591,-0.003417085427135591,0.26633165829145733,-0.0036683417085426884,-0.0036683417085426884,0.13996889580093308,0.03635208250670041,0.03635208250670041,0.07009345794392519,0.31155778894472363,0.10103147315524996,0.16464626974605923,0.202020202020202,0.24080267558528423,0.09389115638661982,0.1340173585663743,0.13758389261744963,23.0,0.0,0.0,33.0,0.0,0.0,36.0,0.0,0.0,0.005641385390675768,0.00045594880099522633,0.0011773623017303854,-0.10258480746125986,-0.1040035207724026,-0.11077952279823267,0.038880248833592534,0.17726478044422106,0.2177293934681182,-0.5543715953826904
42,0,test,3.496821941923484,1.679292990349565,2.2797517658271107,6.285698337322582,3.0186064182357217,4.097958695627875,33.01037618603071,26.853749869835035,29.633097792598164,59.337670076730056,48.27085099301635,53.266856768289955,3.7337419150453344,1.7817181534981452,2.426212445087043,6.12088838532022,2.920849431964172,3.977397450962365,41.835360004181275,34.79243363284029,38.138331204425064,68.58255738390373,57.036776447279166,62.52185443348371,3.534797127059976,1.6974520884365398,2.3047016962939058,6.293663177448249,3.0222927428260338,4.103493264133052,34.288057889465215,28.008214522371745,30.866501847040873,61.049468925145376,49.868284393491145,54.957430117902035,0.6984924623115578,-0.0015075376884421399,-0.006507537688442255,0.5577889447236181,-0.00221105527638199,-0.00221105527638199,0.4623115577889447,-0.002688442211055242,-0.002688442211055242,0.40753424657534243,0.10326074230183813,0.17632695728149272,0.36426116838487976,0.40703517587939697,0.11380209317263001,0.1833289989177943,0.38888888888888884,0.4054982817869416,0.10361148933411135,0.1746411389297987,0.3758620689655172,19.0,0.0,0.0,32.0,0.0,0.0,39.0,0.0,0.0,0.00079784255357973,0.00032507083929790565,4.3784524544446134e-05,-0.000335773069539691,0.00013076050589333477,-1.577387457896151e-05,0.08904109589041095,0.1866812911836573,0.3835616438356164,-0.8202047348022461
194,0,test,1.788273498496113,0.8106042250767053,0.8407152458736291,5.441617516896148,2.466623899619913,2.558250073333252,5.979120589259584,3.3208672348906116,3.399716877824467,18.19413381762426,10.105215635004562,10.345150744791018,2.792281189012398,1.2430133414136408,1.7527547215667187,5.031137277499816,2.2396636782227763,3.158116615435529,16.318202279276203,11.610180348416101,13.490324674132218,29.40216626896613,20.91924387102,24.30689130474273,2.298390882773589,0.9993950642529625,1.4289235266318854,5.145651230090125,2.23745163638723,3.1990825223101917,9.958145731951086,6.29253185468339,7.572505913298732,22.294356116308403,14.087757883619531,16.95337144768373,0.542713567839196,-0.007286432160804046,-0.0022864321608039306,0.4522613065326633,-0.0027386934673366836,-0.0027386934673366836,0.36180904522613067,-0.0031909547738693256,-0.0031909547738693256,0.303030303030303,0.09213222028560064,0.09872922776148574,0.22672064777327938,0.3919597989949749,0.12880190425813276,0.19329535826041733,0.33838383838383834,0.35785953177257523,0.11745886399294247,0.18099635046000573,0.2785234899328859,24.0,0.0,0.0,36.0,0.0,0.0,40.0,1.0,1.0,0.0004652584886445182,0.0011030796959492454,0.0014474218578768515,-0.14181901517072948,-0.1493019423866686,-0.16644150576841366,0.052525252525252523,0.1757079330221068,0.3797979797979798,-1.2800077199935913
171,0,test,3.383365119166431,1.5675937314375055,2.160493343547069,6.405149233231106,2.9676583618053543,4.090094268699795,29.469773742492464,23.323958586681957,26.072844785109798,55.790106016321616,44.155280377840654,49.35927867715443,3.406123511493206,1.5570239143927396,2.161828748758897,5.9236930634664455,2.7078676772047645,3.7597021717546033,30.148148494700955,23.794052794777812,26.677662074960192,52.431562599479925,41.38096138222228,46.395934043409035,3.383107926464651,1.56709651847918,2.1602807582795966,6.404662334070485,2.9667170731514254,4.08969181720107,29.4621953063638,23.314904853379392,26.06541787388685,55.77575905326888,44.13814048578695,49.34521857041176,0.7487437185929648,-0.0012562814070351536,-0.0012562814070351536,0.6080402010050252,-0.001959798994974782,-0.001959798994974782,0.4773869346733668,-0.0026130653266331905,-0.0026130653266331905,0.40485829959514175,0.07960577434261651,0.15317593081990621,0.34959349593495936,0.4170854271356784,0.09127089079482631,0.16499861578342467,0.3535353535353535,0.4008097165991903,0.07555719134666505,0.1477814528037663,0.34959349593495936,21.0,-8.0,-8.0,33.0,-12.0,-12.0,43.0,-14.0,-14.0,0.00025613854273699965,4.1042127583731e-05,0.00013679377512788542,-2.39265858157367e-05,-9.583520108336074e-05,-0.00011149550017286458,0.11336032388663968,0.09371351104114026,0.18218623481781376,-0.5734391212463379
161,0,test,2.17856667822933,1.0083359709717195,1.3873775722851356,5.510492186109482,2.550496867751996,3.509249153427107,8.833635738006041,5.61089967663864,6.627617681573122,22.343902160838812,14.192275652674208,16.763974135743783,2.2488992268907846,1.0077705037513789,1.41928548105513,5.291527592684199,2.3712247147091268,3.3394952495414825,9.477297737925545,6.017781640202621,7.18486463052426,22.299524089236577,14.159486212241463,16.90556383652767,2.313220434110319,1.070064288884428,1.4800182127130652,5.623194388609638,2.6012131900523903,3.597767850416313,10.106920973855791,6.640383861913097,7.806246748590478,24.56885667628359,16.142071339122083,18.97616079535409,0.48743718592964824,-0.002562814070351749,-0.002562814070351749,0.371859296482412,-0.003140703517587995,-0.003140703517587995,0.2613065326633166,-0.003693467336683409,-0.003693467336683409,0.33527696793002915,0.09655789951663762,0.15345878611184738,0.26900584795321636,0.33668341708542715,0.09357564766186821,0.15304401808709656,0.23737373737373735,0.3422818791946308,0.09940080716783017,0.15589795062320222,0.2794612794612794,14.0,0.0,0.0,21.0,0.0,0.0,27.0,0.0,0.0,0.0008923404340518843,0.0004544985084340545,0.00029216869106157237,-0.07713028371127528,-0.07267812290341613,-0.07607134936649906,0.07580174927113703,0.1580877703500086,0.05539358600583091,-1.523101806640625
257,0,test,3.217050670034277,1.5278329906231938,2.085850361173243,5.389389009078042,2.559514030683186,3.494336945264454,24.954412743707483,19.539170151915325,21.85503826874227,41.805072895386246,32.73314587305402,36.612821841965136,3.3005330488921567,1.5013785847737575,2.0961459282004284,5.077743152141779,2.309813207344242,3.2248398895391204,27.127095135390313,21.0825607030489,23.792380461368072,41.73399251598509,32.434708773921386,36.603662248258566,3.14389949903159,1.491821152523377,2.0376367686989996,5.1539336049698194,2.445608446759634,3.3403881454081956,23.19413625348545,17.976323264330773,20.171096910289315,38.02317418604172,29.46938240054225,33.06737198408084,0.6231155778894473,-0.0018844221105527303,-0.0018844221105527303,0.5276381909547738,-0.002361809045226204,-0.002361809045226204,0.4623115577889447,-0.002688442211055242,-0.002688442211055242,0.42592592592592593,0.13624950065628028,0.1979998478971785,0.37151702786377705,0.4321608040201005,0.141433986977494,0.21012407614030082,0.3535353535353535,0.43143812709030105,0.14262343593838123,0.20896871663423877,0.3657718120805369,18.0,0.0,0.0,28.0,0.0,0.0,33.0,1.0,2.0,0.001301390534907287,-2.0816406889164836e-05,0.00031614212822294197,-0.0028118272208352835,-0.0034895210743215443,-0.0043161201833461504,0.07716049382716049,0.18384823841431444,0.15432098765432098,-0.7544746398925781
230,0,test,1.8941869869855852,0.8650735866917529,1.0072728184980582,4.682259967829537,2.1383841468784905,2.4898878659502564,6.647141994239685,3.8485584831103283,4.219515160595449,16.431137513850906,9.513290632407553,10.430262194730323,2.4127548849019287,1.008039960748704,1.470827245712199,4.3473060989223935,1.8162882175652322,2.6501391814634214,11.164676215338464,7.090311142718056,8.599755317264382,20.116533721330562,12.775335392284783,15.495054625701584,2.1742335014863796,0.9863691522340186,1.37767613330346,4.407230070580499,1.9993969302040915,2.792586756696202,8.795440845444089,5.515372204637181,6.577548461846231,17.828596308332614,11.179808522913206,13.332868503742361,0.5527638190954773,-0.0022361809045226,-0.0022361809045226,0.40201005025125625,-0.002989949748743781,-0.002989949748743781,0.29648241206030146,-0.0035175879396985854,-0.0035175879396985854,0.31662870159453305,0.07317022605414625,0.10059742104712344,0.3013698630136986,0.3668341708542714,0.1011700104532689,0.1564835865470927,0.3787878787878788,0.3411371237458194,0.10073645596618663,0.14981343075360587,0.3389261744966443,16.0,-4.0,-4.0,27.0,-10.0,-10.0,32.0,-5.0,-5.0,6.021293186058564e-05,0.0009712735398426639,9.176086652469777e-05,-0.10570231799943208,-0.11939774720522056,-0.11492029094925371,0.05694760820045558,0.08750973210267955,0.3416856492027335,-1.465491771697998
130,0,test,1.8570702647191242,0.8640049346839674,1.031322396602596,7.536459909248484,3.5063501232805665,4.185366619222186,6.404944464858345,3.7054478139667766,4.1213565153642,25.992881420493088,15.037642584836043,16.725505081769278,1.6786291768516568,0.7601878014026399,1.045029540948546,7.143102880219817,3.2348417080963405,4.446934216802324,5.358205781848842,2.8528233871800164,3.4738243090667016,22.800875667441883,12.13967398800007,14.782231102411497,1.7294326011199954,0.7915023277707608,1.0878769421865475,7.011213247783765,3.2087932206922734,4.410311927783301,5.63745431552674,3.0827658795616255,3.738020862796626,22.8545445224057,12.497699511736318,15.154138632959292,0.35678391959798994,-0.0032160804020100464,-0.0032160804020100464,0.2613065326633166,-0.003693467336683409,-0.003693467336683409,0.18592964824120606,-0.004070351758793889,-0.004070351758793889,0.31175059952038364,0.0985769468257729,0.1182022124236094,0.2620192307692307,0.2864321608040201,0.07841211067870679,0.12282615078732562,0.1767676767676768,0.2976588628762542,0.08229993132366653,0.13414384619104847,0.22483221476510062,17.0,0.0,0.0,23.0,0.0,0.0,28.0,0.0,0.0,0.0010267627504674146,0.00012093078192552812,0.0001657452231337503,-0.15127467766398617,-0.14641211979130464,-0.1512549045054259,0.1079136690647482,0.1112781997965142,0.002398081534772182,-1.3745300769805908
32,0,test,3.5928060431023736,1.7099766059601391,2.3324978928086813,5.582667851589842,2.657040572338062,3.6243428795950274,36.335893090167794,29.76381924040435,32.80938507573747,56.46038772472226,46.24839605047444,50.98073680999207,3.33883462522276,1.537675752808937,2.1305820526310963,5.216929101910562,2.4026183637639638,3.3290344572360873,28.186260001643866,22.129597703807654,24.838630203134112,44.04103125256854,34.57749641219946,38.81035969239705,3.5867683876869987,1.7106094790982322,2.330999154506321,5.575287649254403,2.6589784649195325,3.6233147479372865,36.117170438908865,29.588789904646926,32.60663268080161,56.14067943871844,45.992937675616986,50.68388499606468,0.6834170854271358,-0.0015829145728643024,-0.0015829145728643024,0.5276381909547738,-0.002361809045226204,-0.002361809045226204,0.42713567839195976,0.0021356783919597166,0.0021356783919597166,0.41721854304635764,0.10151606370751465,0.17492779414767923,0.43853820598006643,0.39698492462311563,0.09623304492386753,0.16493150225249797,0.398989898989899,0.4147157190635451,0.10085929168458019,0.17333640871871747,0.43288590604026844,22.0,-11.0,-11.0,31.0,-7.0,-7.0,40.0,-11.0,-11.0,-0.0008603043691692033,-5.761429503108843e-05,-0.00010775697283584816,0.0004951882937413998,9.202525539642181e-05,-5.081944426521545e-05,0.08278145695364239,0.14918788929208676,0.40728476821192056,-1.1504008769989014
102,0,test,3.426762015692411,1.6489786119709586,2.237453665176663,5.848066913008006,2.814125176118103,3.8184089495529876,30.77682635415448,24.860099476411634,27.49201786873905,52.5233264127786,42.42591826812764,46.91751552449479,3.406248316081035,1.6060823606588124,2.2033228698252825,5.406743358858785,2.5493370804108126,3.497337888611559,30.151911356753978,24.101259837229886,26.82206738936116,47.860176756752345,38.255967995602994,42.57471014184311,3.4263232355971383,1.6485119143541591,2.2368651687944308,5.847318096677751,2.8133287161133853,3.8174046293797166,30.763325057621316,24.846432997222756,27.478024746059805,52.500285277976495,42.40259523478135,46.89363504567092,0.7386934673366834,-0.0013065326633165952,-0.0013065326633165952,0.5879396984924623,-0.00706030150753767,-0.002060301507537776,0.48743718592964824,-0.002562814070351749,-0.002562814070351749,0.43309859154929575,0.11675412757741521,0.1977355938912161,0.392226148409894,0.4321608040201005,0.11135879900756918,0.19009068715866473,0.36868686868686873,0.43309859154929575,0.11675412757741521,0.1977355938912161,0.392226148409894,22.0,0.0,0.0,33.0,0.0,0.0,43.0,0.0,0.0,0.0002594138975236347,0.0004621103058077226,6.790713751628989e-05,-0.0002803336946550772,0.00016174870629104277,1.2262581172706177e-05,0.12323943661971831,0.06956362292022233,0.15492957746478872,-1.0111002922058105
234,0,test,2.384416848763736,1.1245208939434523,1.3264809484690394,5.441036319785334,2.5660609760730906,3.0269166324107335,10.852732035139494,7.327677331804955,7.972312658905452,24.76501086741938,16.721136039065563,18.192138992927866,2.9426862752297893,1.3509885805238482,1.8780045396175782,5.208294292442106,2.391130231015661,3.3239018400311124,18.966727791886303,14.054646724251619,16.066811894669378,33.569429720152755,24.875480927878975,28.436835211804215,2.8110416856755283,1.3088397660538924,1.8051523572998653,5.303852237123638,2.469508992554514,3.40594784396201,16.62722954758313,12.135661285541552,13.892891631439964,31.37213122185496,22.8974741236633,26.213003078188606,0.6532663316582914,-0.0017336683417086274,-0.0017336683417086274,0.46733668341708545,-0.002663316582914521,-0.002663316582914521,0.3919597989949749,-0.0030402010050251116,-0.0030402010050251116,0.3551401869158879,0.09376329076652967,0.12346863266368846,0.34426229508196726,0.3919597989949749,0.11125804460901001,0.16658417295156924,0.4292929292929293,0.3946488294314381,0.11418138368853326,0.1721794189753758,0.4093959731543624,17.0,0.0,0.0,28.0,0.0,0.0,36.0,-1.0,-1.0,3.973724532797863e-05,0.000562547071735857,0.00036503083670068917,-0.0467448846059888,-0.042429688586245184,-0.04867177754934371,0.0794392523364486,0.06804429631607559,0.6869158878504673,-1.6096887588500977
188,0,test,2.1068988728003886,0.9868535299533987,0.9868535299533987,7.446300125787674,3.487783708602423,3.487783708602423,8.222702059889727,5.1577088842308605,5.1577088842308605,29.061056595226706,18.22861496070633,18.22861496070633,2.616319260014188,1.1500767045617564,1.63142974672258,6.540798150035469,2.8751917614043907,4.07857436680645,13.685258888731108,9.352335093855025,11.00774285058702,34.21314722182777,23.380837734637566,27.519357126467547,2.335579673115119,1.0958957811689425,1.5046259487092075,6.91424081446951,3.2442855303912257,4.45428869964409,10.335449375376983,6.88092808522973,8.039942397737848,30.597023398393247,20.370272252313754,23.801413632907096,0.4773869346733668,-0.0026130653266331905,-0.0026130653266331905,0.38190954773869346,-0.0030904522613065533,-0.0030904522613065533,0.31658291457286436,-0.003417085427135591,-0.003417085427135591,0.3126213592233009,0.11125283527413177,0.11125283527413177,0.2840466926070039,0.3417085427135679,0.12366342993161294,0.17142473636966138,0.303030303030303,0.3120805369127517,0.10437534428293593,0.14913410834132312,0.2794612794612794,13.0,0.0,0.0,24.0,0.0,0.0,31.0,0.0,0.0,0.000519290119081115,0.0007117759047914171,0.0007688306546859122,-0.11318124103647698,-0.12045560291029389,-0.13025926446666247,0.06601941747572816,0.07660331729448595,0.18446601941747573,-1.2550451755523682
258,0,test,3.1835296671041773,1.5088309040975758,2.0634133314333862,6.11237696084002,2.8969553358673457,3.961753596352102,24.131780557275025,18.794593408594164,21.06656978137175,46.33301866996805,36.0856193445008,40.44781398023376,3.339696954150717,1.5225451644998031,2.1207204916577895,5.66050331211986,2.580585024575938,3.5944415112843897,28.210576311836228,22.056271602822754,24.826853718250838,47.81453612175632,37.383511191225004,42.079413081781084,3.2887612831915876,1.551438219175592,2.1280725513248626,6.090298672577013,2.873033739214059,3.940875095046042,26.809633535105743,21.12752114071585,23.617502493540897,49.64746950945508,39.12503914947379,43.73611572877944,0.6934673366834171,-0.0015326633165829717,-0.0015326633165829717,0.5326633165829145,-0.0023366834170853723,-0.0023366834170853723,0.42211055276381915,-0.0028894472361808976,-0.0028894472361808976,0.3820895522388059,0.08402695909424551,0.15170226326164604,0.35029940119760483,0.3919597989949749,0.08368912230324554,0.15656747846075125,0.3535353535353535,0.3846153846153846,0.08077565172723766,0.15102250363651915,0.3557046979865772,21.0,-3.0,-3.0,34.0,-2.0,-2.0,41.0,-2.0,-2.0,0.00044004889616002706,3.4492819148816704e-05,0.0002676144839638325,0.0003648737173866934,-3.5801071247121286e-05,0.00018020799302398416,0.0955223880597015,0.0768743778351358,0.6597014925373135,-1.2067949771881104
251,0,test,2.164933930981531,1.0100445137050569,1.2642333614786985,5.558991642133221,2.5935336545458876,3.2462250185065935,8.714026170675949,5.540353725896274,6.252699332865588,22.375370425348564,14.226198599398176,16.055318286970994,2.576605854452547,1.1421579337203878,1.6173532971669609,5.102189810797123,2.261698878654233,3.2026797963702194,13.152421082997176,8.955093971260567,10.542675973718074,26.044398184152822,17.732859349030825,20.876586086570445,2.3462357730667858,1.092969605327061,1.504492711625143,5.332354029697241,2.4840218302887753,3.4193016173298707,10.446173854775015,6.9444122142288425,8.125765787120319,23.74130421539776,15.782755032338278,18.46764951618254,0.5577889447236181,-0.00221105527638199,-0.00221105527638199,0.42713567839195976,-0.002864321608040288,-0.002864321608040288,0.36180904522613067,-0.0031909547738693256,-0.0031909547738693256,0.33501259445843834,0.09224529886095412,0.12191386523067682,0.31818181818181823,0.38190954773869346,0.1037140590168889,0.17489786159512088,0.38888888888888884,0.34782608695652173,0.09740872468607098,0.15205300575518688,0.34563758389261745,22.0,0.0,0.0,29.0,0.0,0.0,41.0,0.0,0.0,-0.0002114436409929621,0.0009214084948357547,-9.773929575756127e-05,-0.09814219374491095,-0.10561171667265068,-0.1016539277077051,0.0906801007556675,0.1062849301212359,0.5163727959697733,-1.5130529403686523
195,0,test,0.42780155863359376,0.10566219771201751,0.10566219771201751,4.551528058249218,1.1241764969688415,1.1241764969688415,1.5338816651906912,0.15380457381908297,0.15380457381908297,16.319495093586205,1.6363798099768,1.6363798099768,0.6147656505839008,0.2121743296105829,0.341503596558224,4.918125204671206,1.6973946368846633,2.732028772465792,1.8492231844015146,0.35352767704355403,0.5349785816100563,14.793785475212117,2.8282214163484323,4.27982865288045,0.544294223800618,0.19308872700691954,0.306454550432153,4.948129307278346,1.7553520636992688,2.785950458474118,1.7233916242568676,0.3026123627588222,0.45488582299826197,15.667196584153341,2.7510214796256562,4.135325663620563,0.1959798994974874,-0.004020100502512558,-0.004020100502512558,0.1306532663316583,-0.004346733668341707,-0.004346733668341707,0.085427135678392,-0.004572864321607972,-0.004572864321607972,0.1743827160493827,0.03459776981282359,0.03459776981282359,0.13755795981452856,0.21105527638190957,0.06067933653228552,0.09419384065569925,0.14141414141414144,0.18729096989966554,0.045387797946410124,0.07716861172391465,0.13758389261744963,15.0,-6.0,-6.0,18.0,-8.0,-8.0,23.0,-9.0,-9.0,0.000785213288350491,0.00013640961185801091,0.00020691000087462804,-0.2726203807942791,-0.2563031837435754,-0.26591989835276664,0.038580246913580245,0.17015585935704286,0.0015432098765432098,-0.27919095754623413
244,0,test,2.3671021802484873,1.0598291509213114,1.0598291509213114,5.822648666593377,2.6069904560609043,2.6069904560609043,10.666438041030128,6.970357188121341,6.970357188121341,26.23753285985536,17.145833976137762,17.145833976137762,3.0252412358177803,1.4502173141687427,1.9735784781305061,5.000398736888894,2.397053411849162,3.262113186992573,20.59897332204326,15.768116143245207,17.73656667006136,34.04788978850126,26.0630018896615,29.316639124068363,2.5860594853162717,1.2268061554743186,1.6785425321316187,5.3138208602389145,2.5208345660431206,3.449059997530724,13.277348796715577,9.384063580363378,10.799187300248526,27.28222355489502,19.2823224254042,22.19011089092163,0.5628140703517588,-0.0021859296482411583,-0.0021859296482411583,0.48743718592964824,-0.002562814070351749,-0.002562814070351749,0.42713567839195976,-0.002864321608040288,-0.002864321608040288,0.38,0.11509286412512221,0.11509286412512221,0.33697632058287796,0.42713567839195976,0.1589652523267968,0.23347958490281118,0.398989898989899,0.3846153846153846,0.13753692050853983,0.20775220330281507,0.3489932885906041,15.0,0.0,0.0,29.0,0.0,0.0,37.0,0.0,1.0,0.0013728349652979465,0.0006568919261007106,0.0007008093131005803,-0.03487350823721869,-0.03466865793751417,-0.03520347037287319,0.045454545454545456,0.07013469658943597,0.19454545454545455,-0.9898514747619629
205,0,test,2.032788377249006,0.9794562825082951,1.0667235832389648,8.512301329730212,4.101473183003486,4.4669050048131655,7.635346931428137,4.768157967425317,5.007762928276927,31.973015275355323,19.966661488593516,20.970007262159633,2.6637427468190964,1.2327335850817334,1.698769617225846,7.7209934690408595,3.573140826323865,4.923969905002453,14.349896746574716,10.166978442789969,11.725179618264537,41.593903613260046,29.469502732724543,33.986027879027645,2.5700912019541327,1.2081609952479104,1.6572005193791157,7.948735676146803,3.73658039767395,5.12536243106943,13.067016123997012,9.163295101070197,10.57550181318928,40.41345192988767,28.34008794145422,32.70773756656479,0.5226130653266332,-0.002386934673366814,-0.002386934673366814,0.4120603015075377,-0.0029396984924623393,-0.0029396984924623393,0.321608040201005,-0.0033919597989949812,-0.0033919597989949812,0.3205128205128205,0.10897435897435892,0.1250093992029475,0.24197002141327628,0.3316582914572864,0.0879396984924623,0.1423785594639866,0.26262626262626265,0.3411371237458194,0.10200668896321075,0.15607580824972134,0.28523489932885904,19.0,-3.0,-3.0,29.0,-4.0,-4.0,38.0,-4.0,-4.0,0.001374148428739628,0.0012015276683905412,0.0005276056506437599,-0.11818335099431554,-0.12918881314877506,-0.1290987892948925,0.057692307692307696,0.16203120141024827,0.7414529914529915,-2.01102876663208
167,0,test,2.6964178965086556,1.3014387753044832,1.764944184410692,9.01529619943803,4.351275097230141,5.900975000403424,14.826526336406703,10.791636008305307,12.28827926834071,49.571517346975945,36.08112645201067,41.085054927482574,3.0025106119565272,1.4305481141087821,1.953407546920021,7.901343715675072,3.7646003002862694,5.140546176105318,20.13602726664951,15.319936773923999,17.280938126651996,52.98954543855134,40.31562308927368,45.47615296487367,2.7612153205397245,1.3350395866082463,1.809207261937959,8.907146195289434,4.306579311639504,5.836152457864383,15.81905649486388,11.6563072426253,13.228149362356081,51.0292144995609,37.600991105242905,42.67144955598736,0.6331658291457287,-0.0018341708542712887,-0.0018341708542712887,0.5276381909547738,-0.002361809045226204,-0.002361809045226204,0.48743718592964824,-0.002562814070351749,-0.002562814070351749,0.47878787878787876,0.2140375005730527,0.27011852394916913,0.452887537993921,0.48743718592964824,0.20673543154368335,0.27541715254066657,0.4494949494949495,0.48494983277591974,0.2178379796874389,0.27249154579038026,0.4563758389261745,17.0,0.0,0.0,29.0,0.0,0.0,38.0,0.0,0.0,0.001255159277716397,0.0002834956444657565,0.0004064409371593192,-0.13293618374727068,-0.12723977831424094,-0.1411336610192695,0.1,0.19282070712181176,0.6333333333333333,-0.9436676502227783
145,0,test,2.922768273008016,1.386017698838235,1.892919977753021,6.246700818781838,2.9622731210464237,4.0456525014721425,18.592685915010097,13.943228284624116,15.792044983058517,39.73730911247256,29.800233000471145,33.75162555202703,2.9519410861889193,1.3837667358127241,1.9021644333988552,5.788119776841018,2.713268109436714,3.7297341831350104,19.1430760482952,14.345195104588253,16.286063107366033,37.53544323195137,28.12783353840834,31.933457073266727,2.9831197561530116,1.4150291588725976,1.9321146577304733,6.00628138822754,2.8490519977300623,3.8901637403969263,19.749333741154395,14.951854618002582,16.88880895854437,39.76375921037798,30.10440527114614,34.00431333935108,0.6532663316582914,-0.0017336683417086274,-0.0017336683417086274,0.5125628140703518,-0.0024371859296482556,-0.0024371859296482556,0.40703517587939697,-0.00296482412060306,-0.00296482412060306,0.42024539877300615,0.12468644012063246,0.19881682734443473,0.39384615384615385,0.4120603015075377,0.10880215614412914,0.18668467546413203,0.3737373737373737,0.4180602006688964,0.11922881502615845,0.19114140200371288,0.3926174496644296,13.0,0.0,0.0,21.0,0.0,0.0,29.0,1.0,1.0,0.0004153780677448539,0.00016628520949056092,0.0001283729464898842,-0.006035915277729842,-0.008308849796097029,-0.010087917908760069,0.07975460122699386,0.06572064963986972,0.0705521472392638,-0.6438403129577637
95,0,test,1.907895958303351,0.8957039183772177,1.0862851022972613,5.549021343516085,2.6051106921816265,3.1594066707659785,6.738894955573048,3.9872688723274825,4.464734722346851,19.599743779237105,11.596774959656692,12.98546084738908,2.081620621182119,0.9221099173485316,1.3005375948868072,4.292001280787875,1.9012575615433644,2.6815208141996028,8.017451643371846,4.829078807588909,5.833615506211089,16.5308281306636,9.956863520801873,12.02807320868266,1.6545339325115564,0.7293476991583496,1.0332845065228966,4.682643205221386,2.0641916013915558,2.9243901128006504,5.230641522035568,2.7083035619594282,3.3693894356241874,14.80370242085538,7.665010081017249,9.536007836672226,0.5276381909547738,-0.002361809045226204,-0.002361809045226204,0.3467336683417085,-0.003266331658291488,-0.003266331658291488,0.27135678391959794,-0.0036432160804020786,-0.0036432160804020786,0.33009708737864074,0.08161223889379221,0.10820070419193495,0.2871046228710462,0.3316582914572864,0.06599413105628393,0.11796880898650175,0.25757575757575757,0.3076923076923077,0.07396943623988705,0.12193034996149565,0.20805369127516782,16.0,-6.0,-6.0,21.0,-3.0,-3.0,30.0,-8.0,-8.0,0.0004720506848194758,0.00040170944945823803,-5.0837167519659265e-05,-0.09029561768932215,-0.10182315193499125,-0.08904383177336062,0.06553398058252427,0.07111701434794088,0.014563106796116505,-0.7777961492538452
184,0,test,1.6118711027809822,0.7394945425180302,1.0225680991044113,5.963923080289634,2.7361298073167113,3.7835019666863214,5.012180764784457,2.619590527749015,3.209449284589148,18.54506882970249,9.692484952671355,11.874962352979848,1.6969967394506418,0.7569044562957323,1.0676213555851575,5.387291236351244,2.4028712898277216,3.3892741447147854,5.457532363118327,2.897314690726295,3.581094203521891,17.325499565455008,9.197824415004114,11.368553027053625,1.6109518171676407,0.7385968557224709,1.0216640851114112,5.96052172352027,2.7328083661731424,3.7801571149122215,5.007575256329093,2.61503669585613,3.2048713065543097,18.528028448417643,9.67563577466768,11.858023834250947,0.3668341708542714,-0.0031658291457286047,-0.0031658291457286047,0.29145728643216084,-0.0035427135678391952,-0.0035427135678391952,0.24623115577889443,-0.0037688442211055717,-0.0037688442211055717,0.2945736434108527,0.10308428170872497,0.1476664269160073,0.2178988326848249,0.31155778894472363,0.10855027014773111,0.15963792250065023,0.21717171717171713,0.29844961240310075,0.10696025070097304,0.15154239590825536,0.2178988326848249,19.0,-3.0,-3.0,29.0,-4.0,-4.0,31.0,1.0,1.0,3.2175608692890684e-05,0.000301564655661152,0.0005816704040321275,-0.1350481491626363,-0.14179622380724677,-0.1459031852235002,0.10852713178294573,0.08235463491840828,0.1511627906976744,-0.432123064994812
262,0,test,0.946731665030104,0.25601858525212107,0.25601858525212107,8.782181892713464,2.3749092447729643,2.3749092447729643,2.5772724892737497,0.5821347707953586,0.5821347707953586,23.90759348602623,5.400065965930629,5.400065965930629,2.0641047997416546,0.9758153630733897,1.335786446124921,7.371802856220194,3.4850548681192484,4.770665879017574,7.878242135571008,4.909051398252066,5.806648147243699,28.13657905561074,17.5323264223288,20.73802909729892,1.483438669692853,0.6917323006684268,0.9501774118872183,7.54290848996366,3.517282884754713,4.831410568918059,4.40807757197114,2.2009181286701103,2.7035955625160693,22.41395375578546,11.19110912883107,13.747096080590183,0.457286432160804,-0.0027135678391959628,-0.0027135678391959628,0.3417085427135679,-0.003291457286432098,-0.003291457286432098,0.31658291457286436,-0.003417085427135591,-0.003417085427135591,0.2272727272727273,0.03958944281524923,0.03958944281524923,0.17354196301564717,0.3417085427135679,0.10670854271356789,0.1669997240779606,0.297979797979798,0.28093645484949836,0.09426978818283172,0.13887208193051948,0.21812080536912748,17.0,1.0,1.0,27.0,0.0,0.0,35.0,1.0,1.0,0.003669854383403376,0.00044385920879797203,0.0006633205699138,-0.17734022875617406,-0.17596558441108634,-0.18572372503122914,0.041193181818181816,0.0690944292098321,0.1377840909090909,-0.6731314659118652
207,0,test,3.156275462457998,1.5473194852181458,2.0796108673529208,6.138411589056244,3.009269619527704,4.044484583403612,23.48296964463325,18.48537874004393,20.548095430681325,45.6703271709419,35.950874515119914,39.962502837600915,3.532614960277865,1.7184927954537936,2.317416387630084,6.308241000496187,3.068737134738917,4.138243549339435,34.21331720649222,28.077629516286052,30.84235382750287,61.095209297307534,50.13862413622509,55.075631834826545,3.1567321472010597,1.5478163496721142,2.0799577633374504,6.13929976214275,3.0102359352243875,4.045159236283869,23.493696407779836,18.49630630091427,20.558499959943006,45.691188875820096,35.972126736950514,39.98273785313054,0.7236180904522613,-0.0013819095477386467,-0.0013819095477386467,0.6030150753768844,-0.0019849246231156137,-0.0019849246231156137,0.5025125628140703,-0.0024874371859296973,-0.0024874371859296973,0.4341637010676157,0.13931467797702957,0.20812819810903582,0.3642857142857143,0.457286432160804,0.1364844271482727,0.21354686621756525,0.4040404040404041,0.4341637010676157,0.13753847904274896,0.20812819810903582,0.3642857142857143,23.0,0.0,0.0,36.0,0.0,0.0,42.0,1.0,1.0,0.0010796946107322766,0.0001884465450812668,0.00015512702359776054,-0.03315758574469818,-0.026546662549231215,-0.030095560456113724,0.14590747330960854,0.07889529359434432,0.0035587188612099642,-0.5845615863800049
108,0,test,3.678923182754985,1.7540532244641063,2.390946404425458,5.868758410585333,2.7981325247403603,3.81412878801204,39.60372512918264,32.749467860571585,35.97828107565416,63.1773710394104,52.24319872995944,57.39392457306735,3.661870016843366,1.6880680466627758,2.3422100440848017,5.465477637079651,2.5195045472578745,3.495835886693734,38.93408222777131,31.736091149515822,35.19193349937499,58.110570489210915,47.36730022315794,52.52527387966416,3.659632549930697,1.726837208938681,2.366686133922891,5.839839175421325,2.755591290859597,3.7766268094514217,38.84706589140047,31.938270177247897,35.20355985091112,61.989998762873086,50.96532475092749,56.17589337911348,0.728643216080402,-0.001356783919598037,-0.001356783919598037,0.5979899497487438,-0.0020100502512562235,-0.0020100502512562235,0.49246231155778897,-0.002537688442211028,-0.002537688442211028,0.42215568862275454,0.11273864826401014,0.17813178424028442,0.3873873873873874,0.4371859296482412,0.1163839246357099,0.18843801645959346,0.3787878787878788,0.42140468227424754,0.11255660214069163,0.17001424845889712,0.3825503355704698,22.0,0.0,0.0,36.0,0.0,0.0,44.0,0.0,0.0,0.0005397467453250858,-0.00021541080875027633,0.0002048800433267361,0.00036882264394222375,-3.19275461979629e-05,0.00018267769083823993,0.11077844311377245,0.14967278384235091,0.008982035928143712,-1.0992136001586914
28,0,test,1.532386563123082,0.7137311877117375,0.9132475022408094,5.207402126011181,2.4254227971797095,3.1034251403581488,4.629211555105418,2.361762635853552,2.771883248391253,15.731125992570625,8.02581285104216,9.419497056480012,1.568311664207654,0.6542181230727084,0.9527500839158014,4.545830910746823,1.8962844147035027,2.761594446132758,4.798539804356515,2.3040267510628736,2.947844182385232,13.908811027120333,6.678338408877894,8.544475890971688,1.4619684916914377,0.6338384523388416,0.9032923923118727,4.616742605341383,2.0015951126489737,2.8525022915111773,4.314444122086775,2.025409790532538,2.566087804663723,13.624560385537185,6.396030917471172,8.103435172622284,0.38190954773869346,-0.0030904522613065533,-0.0030904522613065533,0.2613065326633166,-0.003693467336683409,-0.003693467336683409,0.20603015075376885,-0.003969849246231116,-0.003969849246231116,0.27415143603133163,0.07858429131164457,0.11383863055723586,0.25392670157068065,0.2864321608040201,0.07339957935038599,0.1378511925235527,0.24242424242424243,0.2775919732441472,0.08560532883680161,0.1329868564477067,0.2348993288590604,18.0,-6.0,-6.0,28.0,-11.0,-11.0,31.0,-9.0,-9.0,0.0008004183108329327,-5.9781119660546455e-05,0.00015887894512825977,-0.1418329660739408,-0.1405814667411498,-0.14162957083004368,0.09138381201044386,0.08952209340769463,0.020887728459530026,-1.1792612075805664
221,0,test,1.2805834676946086,0.4849882864562539,0.4849882864562539,6.665601126718092,2.5244262089902447,2.5244262089902447,3.598738860987597,1.3829794781483837,1.3829794781483837,18.731897148217495,7.198585488823639,7.198585488823639,2.2371282649445443,1.0226283001195162,1.4247379596117522,5.6636158606191,2.588932405365864,3.6069315433208917,9.366394824401489,5.997785604386227,7.113107224378998,23.712391960510097,15.184267352876523,18.007866390832906,1.783573410915392,0.8282911067331113,1.1443524279301802,6.0120452053327815,2.791992494605993,3.8573677345961124,5.951084137336457,3.3516798352818897,4.0560800735977915,20.059834170797043,11.297797197579403,13.672180023363339,0.42211055276381915,-0.0028894472361808976,-0.0028894472361808976,0.3668341708542714,-0.0031658291457286047,-0.0031658291457286047,0.2864321608040201,-0.003567839195979916,-0.003567839195979916,0.22368421052631582,0.06923650769151624,0.06923650769151624,0.1630971993410214,0.33668341708542715,0.12114456996763268,0.17808575431414164,0.23737373737373735,0.3110367892976589,0.12739739029932828,0.17199340776261995,0.21140939597315433,19.0,-6.0,-6.0,28.0,-5.0,-5.0,35.0,-7.0,-7.0,0.004095698534892528,0.0006054898516570985,0.0010078812994708543,-0.2737138273568167,-0.25714223749928866,-0.27529913928451766,0.04276315789473684,0.21262449348800577,0.13980263157894737,-2.0378780364990234
210,0,test,1.655978079386066,0.6407128560164204,0.6407128560164204,7.3901111303945335,2.8593006559538763,2.8593006559538763,5.238200793676776,2.4781054515820338,2.4781054515820338,23.37644831805009,11.059007910791465,11.059007910791465,2.0290172797612556,0.8778653210484946,1.2569944689573882,5.410712746030015,2.3409741894626523,3.351985250553035,7.60660751742192,4.444774403613378,5.442468043517749,20.28428671312512,11.85273174296901,14.513248116047333,1.9843372357984155,0.8979244916377427,1.2566530347795577,5.836285987642398,2.6409543871698316,3.6960383375869346,7.274224691755599,4.3106009870089235,5.203943993680507,21.394778505163526,12.67823819708507,15.30571762847208,0.42713567839195976,-0.002864321608040288,-0.002864321608040288,0.3015075376884422,-0.0034924623115578646,-0.0034924623115578646,0.2562814070351759,-0.00371859296482413,-0.00371859296482413,0.27470686767169183,0.058675587124282225,0.058675587124282225,0.25335570469798663,0.3015075376884422,0.07343736224984565,0.13456262950814168,0.2727272727272727,0.3076923076923077,0.08064723256709905,0.14195259690254125,0.28859060402684567,18.0,0.0,0.0,23.0,0.0,0.0,28.0,0.0,0.0,0.002000788441027973,0.0005060285005805222,0.00046119818826750446,-0.19024502146421796,-0.18000913329475488,-0.18146580235661247,0.04187604690117253,0.050489413685595806,0.16917922948073702,-1.0829998254776
58,0,test,2.490638143365092,1.1577450984364452,1.5931130070166515,7.385031704163935,3.432848838387134,4.723765311502861,12.068975400136367,8.27697744578379,9.615451945053435,35.7859154306369,24.542200565986818,28.510933092890994,2.7627068026647694,1.24118673247822,1.741752605960527,6.65712482569824,2.990811403561976,4.196994231230186,15.842667938507107,11.263487355159768,13.066825738352241,38.17510346628219,27.14093338592715,31.48632708036685,2.491199647245551,1.1577002147253233,1.5935891025341862,7.386696628460644,3.432715752964621,4.7251769900722955,12.075754079606018,8.28145600743565,9.622021064152413,35.806015003482955,24.555480022047565,28.530411294870525,0.6532663316582914,-0.0017336683417086274,-0.0017336683417086274,0.5276381909547738,-0.002361809045226204,-0.002361809045226204,0.36180904522613067,-0.0031909547738693256,-0.0031909547738693256,0.3976377952755905,0.11276549665083613,0.1803603083645957,0.3320158102766798,0.3919597989949749,0.086195387967406,0.15489802937894814,0.3484848484848485,0.3976377952755905,0.11276549665083613,0.17905140784103557,0.3320158102766798,22.0,-2.0,-2.0,33.0,-1.0,-1.0,41.0,0.0,0.0,0.0007323872062149352,0.0004915187393304112,0.00041591213890021256,-0.02635378411210354,-0.023349134178197062,-0.024615406072634904,0.0984251968503937,0.09502759963965106,0.6377952755905512,-0.7945237159729004
96,0,test,2.9271602485256523,1.3743527013727264,1.7243370282983719,5.884037859980499,2.7626582220487297,3.4661800162749,18.674524120502277,13.949807677164422,15.345020532435568,37.53863731837006,28.04123776729498,30.845828075352713,2.662353327902917,1.184038570391344,1.6728328159476358,5.169618112432848,2.2991040201773667,3.248219060092496,14.32997257330669,9.944423836525862,11.640028206392671,27.825189462731437,19.309560847623032,22.601996517267324,2.8712311113298936,1.3165678226796285,1.8281226645095383,5.486428875152663,2.515734693018399,3.4932280213558062,17.658744703897213,12.925252267723799,14.82071953616747,33.74282427496283,24.69793426953592,28.319846247453768,0.48743718592964824,-0.002562814070351749,-0.002562814070351749,0.40703517587939697,-0.00296482412060306,-0.00296482412060306,0.3417085427135679,-0.003291457286432098,-0.003291457286432098,0.37721518987341773,0.09908623917809534,0.14358860140811958,0.36040609137055835,0.35678391959798994,0.0986385561894686,0.17314452059965935,0.30808080808080807,0.37792642140468224,0.10246732290718641,0.16880517557598373,0.3557046979865772,21.0,0.0,0.0,29.0,0.0,0.0,38.0,0.0,0.0,0.0004113215071773222,-0.0002456744162430864,0.00019761878772105423,-0.039969851068742734,-0.031990041342594644,-0.03673180938684695,0.0759493670886076,0.12769598131892598,0.020253164556962026,-1.8210639953613281
181,0,test,2.343320712895218,1.1081368107553482,1.1152176790601374,5.818293867627638,2.7514226179242547,2.7690038958127308,10.41576696990726,6.976756065887956,7.001021238566727,25.861587256989242,17.32277481725351,17.383023465514455,2.2089485574695242,0.9677271047028957,1.366117854530415,5.663970660178267,2.481351550520245,3.50286629366773,9.10613677821868,5.646299865983368,6.783203565481186,23.349068662099178,14.477691964059916,17.39282965507996,2.1500974831875603,0.9835060900095842,1.3590461860549952,5.201848749647324,2.3794502177651236,3.2880149662620854,8.585695317331364,5.374666488617257,6.379981248678657,20.771843509672657,13.003225375686913,15.43543850486772,0.4974874371859297,-0.002512562814070307,-0.002512562814070307,0.3517587939698492,-0.0032412060301507672,-0.0032412060301507672,0.25125628140703515,-0.008743718592964855,-0.003743718592964851,0.3503937007874016,0.10555594267530721,0.1050369070435111,0.34516765285996054,0.31155778894472363,0.06594375385700435,0.11957114453737805,0.2777777777777778,0.3076923076923077,0.06562219083087195,0.12749208522289723,0.2818791946308725,18.0,0.0,0.0,26.0,0.0,0.0,30.0,2.0,0.0,-0.0007486240540076166,0.0003487368026768076,-0.00015318305933177537,-0.04607702373191014,-0.05027716614207467,-0.048263728437576425,0.04921259842519685,0.24006361272362542,0.001968503937007874,-1.2226474285125732
19,0,test,2.3540856068130185,1.1049703503078119,1.1584841496126816,5.976694027659995,2.805365138087191,2.941229188135824,10.528497272661596,7.041241007759038,7.22295195590004,26.730381676705605,17.876725874621393,18.338064551248806,3.460390339066029,1.6200555115430666,2.2254889807557445,5.672771047649228,2.65582870744765,3.64834259140286,31.829398347769935,25.53075147944392,28.391358977804497,52.17934155372121,41.85369094990807,46.54321143902377,2.791013346914194,1.313906323000367,1.8011423256211523,5.9383262700302,2.7955453680858873,3.8322177140875584,16.297526485050252,11.91727112568509,13.606639102259294,34.675588266064366,25.35589601209594,28.950295962253815,0.6683417085427136,-0.0016582914572863539,-0.0016582914572863539,0.5577889447236181,-0.00221105527638199,-0.00221105527638199,0.4522613065326633,-0.0027386934673366836,-0.0027386934673366836,0.33742331288343563,0.10453260808261844,0.11063934416398302,0.32172131147540983,0.42211055276381915,0.11885240740041059,0.20508217212942847,0.5101010101010102,0.37792642140468224,0.1241701609706255,0.1821533402033474,0.3993288590604027,21.0,0.0,0.0,34.0,0.0,0.0,43.0,0.0,0.0,0.0009478928259572778,0.0007355459564590721,0.0013652187135548826,-0.11169054846507098,-0.1094181396234486,-0.1250103222484622,0.07157464212678936,0.1479423933175761,0.34151329243353784,-0.8437304496765137
208,0,test,1.251271401088267,0.5323462237322995,0.7679542279160724,4.2318279969389705,1.800406891499125,2.597238456210537,3.494783405493463,1.4425571599245433,1.8733393034610712,11.819436011837443,4.878760731879636,6.335675621817781,1.2840221843136908,0.5052010533071578,0.7595132921002947,3.721803432793307,1.4643508791511821,2.20148780318926,3.611135205659505,1.4322330949396673,1.921506350958925,10.467058567129001,4.151400275187442,5.5695836259678995,1.2564272552093139,0.5153543777656432,0.7586924618881374,4.23514805126735,1.7371495879740784,2.5573903209712503,3.512848529470299,1.4146631263274685,1.8678577264687706,11.841062458888647,4.768527392115061,6.296149639782372,0.27638190954773867,-0.0036180904522613577,-0.0036180904522613577,0.19095477386934678,-0.004045226130653168,-0.004045226130653168,0.1306532663316583,-0.004346733668341707,0.0006532663316582976,0.2466666666666667,0.06863006100942881,0.11362897265336291,0.2006688963210702,0.24120603015075381,0.06075490233120495,0.1009723072793014,0.18181818181818177,0.24749163879598657,0.07386893428847408,0.11512233957462947,0.20134228187919467,14.0,-2.0,-2.0,19.0,-4.0,-4.0,22.0,-3.0,-3.0,0.0010758818239210348,0.0006140549933542481,0.00014818842943773374,-0.19692643010162314,-0.1930465186040058,-0.1923487630195666,0.09,0.08256087003460637,0.13666666666666666,-1.8529149293899536
12,0,test,2.21027188465961,1.0259229730235562,1.1279457339658927,4.458816875547092,2.069610846012888,2.275422995792667,9.118195153442125,5.84963714500984,6.166657861018463,18.39428113205208,11.800566708115088,12.440097676340276,2.1795901961479904,0.9668288305622044,1.3609584987572667,3.555233188798771,1.5770404695235956,2.219924108628656,8.842681751059327,5.479924104226971,6.575286519874112,14.423718593941034,8.938564727386616,10.725262438155315,2.0987475483033076,0.961848377126638,1.333438284936133,3.826375103309079,1.7536138095174678,2.431085653633559,8.155948581403084,5.038860773056081,6.006289498731897,14.869686742923918,9.186703482583955,10.95049122024901,0.5151515151515151,-0.00484848484848488,-0.00484848484848488,0.4040404040404041,-0.0059595959595959425,-0.0059595959595959425,0.2828282828282829,-0.002171717171717158,-0.002171717171717158,0.3720430107526882,0.12284859614473975,0.1364613880742913,0.3836206896551724,0.38383838383838387,0.12187364832201109,0.19088536370415565,0.3908629441624365,0.3657718120805369,0.11619057254954857,0.18162002636625119,0.36363636363636365,21.0,-7.0,-7.0,32.0,-10.0,-10.0,38.0,-6.0,-6.0,0.0001146782975568565,-4.115719146885121e-05,-9.496947735037756e-05,-0.02759653170428411,-0.023131200888506953,-0.024095455881297134,0.053763440860215055,0.14020701585075948,0.002150537634408602,-0.88448166847229
138,0,test,1.10918595901315,0.4727323039795517,0.6675779040314118,9.475617192712338,4.0384845397110265,5.703022665868346,3.031889307439168,1.1421220920340949,1.476683241746563,25.90099722640889,9.756985871948409,12.615093979492066,1.3498109483131413,0.5530022362903332,0.7929761565993573,8.180672414019037,3.3515287047898976,4.805916100602165,3.856696346822357,1.6382464395742136,2.1115563292815622,23.37391725346883,9.928766300449778,12.797311086554924,1.1090320234102762,0.47254375949659344,0.6673198871590196,9.474302142847787,4.03687383112804,5.700818464587051,3.031422627651019,1.1415900083872301,1.476054685712738,25.897010447647276,9.752440357365192,12.609724315088815,0.26633165829145733,-0.0036683417085426884,-0.0036683417085426884,0.19095477386934678,-0.004045226130653168,-0.004045226130653168,0.14070351758793975,-0.004296482412060265,-0.004296482412060265,0.22818791946308725,0.045608354973974974,0.05631291946308725,0.1515151515151515,0.2160804020100503,0.023097945869699377,0.03911879933893181,0.1515151515151515,0.22818791946308725,0.045608354973974974,0.05631291946308725,0.14814814814814814,14.0,1.0,1.0,19.0,0.0,0.0,23.0,0.0,0.0,0.0014454457069708907,0.0006143449912564435,0.00022980108767339214,-0.24350487283696864,-0.2320395946069267,-0.23471348212376952,0.087248322147651,0.20087877493197911,0.18791946308724833,-0.386044979095459
110,0,test,3.551419116072602,1.6974704509531886,2.3043250262554187,5.305734583048225,2.5359799508216314,3.442606063321349,34.86275669768099,28.47777473122662,31.38254164084905,52.084118439908956,42.545109237013264,46.88476100560581,3.576499726677117,1.6471134510886905,2.2793863958663048,5.109285323824453,2.353019215840987,3.256266279809008,35.74819315261297,28.862909874422733,32.089473257463965,51.06884736087567,41.23272839203248,45.842104653519954,3.5516106217240853,1.6976147671964588,2.304743703866084,5.306020687876947,2.536195555811577,3.4432315575830645,34.869433751941294,28.484150474857195,31.39000921258708,52.09409379808097,42.554634444364964,46.89591737784094,0.7839195979899498,-0.0010804020100502187,-0.0010804020100502187,0.6180904522613065,-0.0019095477386934512,0.0030904522613065533,0.46733668341708545,-0.002663316582914521,-0.002663316582914521,0.42105263157894735,0.09175970228601804,0.17609973790465394,0.38211382113821135,0.42211055276381915,0.08877721943048578,0.1666848432479594,0.3737373737373737,0.42105263157894735,0.09175970228601804,0.17609973790465394,0.38211382113821135,19.0,-2.0,-2.0,37.0,-11.0,-11.0,41.0,-2.0,-2.0,0.0003619897772794839,-5.7407596582011535e-05,0.0001869245320345927,-2.39265858157367e-05,-9.583520108336074e-05,-0.00011149550017286458,0.17408906882591094,0.03738037849107747,0.09716599190283401,-0.8043577671051025
107,0,test,0.9885799881039697,0.43010816870180213,0.5538212638791065,5.97710669730554,2.600500158458588,3.348488564684444,2.687415599447703,0.9394163997364158,1.142825257690348,16.248528162814573,5.679856078406328,6.909697327266256,1.3709865033624966,0.513149396249926,0.7880657862263772,5.173533974952817,1.936412816037456,2.9738331555712345,3.939234847713781,1.5811798938895847,2.147972278511646,14.865037161184079,5.966716580715413,8.105555767968475,1.1411370960425646,0.4498343878075598,0.6716598874924273,5.521631109883377,2.1766180055204507,3.249967197544003,3.130325823322697,1.1340113679851362,1.5311678747795519,15.146737854787244,5.487151780573239,7.408876813449444,0.2361809045226131,-0.0038190954773869024,-0.0038190954773869024,0.20100502512562812,-0.003994974874371837,-0.003994974874371837,0.18090452261306533,-0.0040954773869347205,-0.0040954773869347205,0.18877551020408168,0.05756531912127916,0.0773385600574541,0.16112531969309463,0.2211055276381909,0.06571705646024606,0.09589684650296548,0.18181818181818177,0.20735785953177255,0.07046303482392613,0.09946019546058238,0.17114093959731547,15.0,-2.0,-2.0,25.0,-6.0,-6.0,25.0,1.0,1.0,0.0012122577573914631,0.0008488092643490978,0.0004207254838041715,-0.2773110971833477,-0.2832534453583393,-0.28064542194769837,0.06887755102040816,0.09684106758279082,0.11224489795918367,-1.061216115951538
219,0,test,2.4096955365291204,1.1439025023022942,1.5283516591846873,6.290014084322337,2.9859219729214304,3.989447345665912,11.130571776606065,7.5846681322626255,8.716429938668094,29.054066034523185,19.798214609950236,22.75244579578804,2.6253601857087,1.2098760703629687,1.6777217479359787,5.585872735550426,2.574204405027593,3.5696207402893165,13.809547291970679,9.691067489265226,11.229936742368874,29.382015514831235,20.61929253035155,23.893482430572075,2.418640628408717,1.1406202416891782,1.5626848614812614,6.046601571021792,2.8515506042229455,3.906712153703154,11.230582399064819,7.641055586529875,8.876959578301673,28.076455997662045,19.102638966324687,22.192398945754178,0.5175879396984925,-0.002412060301507535,-0.002412060301507535,0.44723618090452266,-0.0027638190954772934,-0.0027638190954772934,0.3467336683417085,-0.003266331658291488,-0.003266331658291488,0.36723163841807904,0.12040512219805088,0.18052587106715046,0.32011331444759206,0.3919597989949749,0.12880190425813276,0.2083203999966443,0.33333333333333337,0.36789297658862874,0.12582285972719298,0.19325448938061984,0.3120805369127517,18.0,1.0,1.0,26.0,-2.0,-2.0,32.0,-3.0,-3.0,0.0012880818094104705,2.1632509102025276e-05,0.0005073827352412806,-0.05335740050887949,-0.04665194876842982,-0.0547532191464315,0.07344632768361582,0.1299942041826192,0.17796610169491525,-0.8586804866790771
118,0,test,1.9007012483848242,0.8960127584896345,1.1907140770855453,6.671088695311442,3.1448290935224428,4.179172937221816,6.690584559234296,3.959528170592867,4.6566193938852996,23.48263992358704,13.897167500708301,16.343821009911153,1.9082553449307622,0.8017090245318061,1.1633916580623989,6.4244596612669,2.6990870492570807,3.916751915476743,6.7413172595493664,3.717420490852337,4.6351629406279615,22.695768107149537,12.515315652536204,15.605048566780805,1.688930204223332,0.7630675183957416,1.0640552008595647,6.375711520943078,2.880579881943924,4.0168083832448565,5.41368606765312,2.8896412885967786,3.5456736200869536,20.436664905390526,10.908395864452839,13.38491791582825,0.37,0.0,0.0,0.275,0.0050000000000000044,0.0,0.22499999999999998,0.0,0.0,0.30532212885154064,0.0983291218585336,0.1391442207381487,0.2471910112359551,0.2935323383084577,0.08757700332086471,0.1348546523580445,0.18999999999999995,0.292358803986711,0.0933538288623329,0.1387676437657165,0.20999999999999996,20.0,0.0,0.0,27.0,0.0,0.0,32.0,0.0,0.0,0.0016519146966596453,-0.000342364943833936,0.0006774176025938581,-0.08231396243361733,-0.07432121575277062,-0.08187186653807643,0.0700280112044818,0.2769760488148118,0.008403361344537815,-1.0397560596466064
109,0,test,1.6746340790138234,0.3575080478861383,0.3575080478861383,6.967194189693876,1.4873864238257521,1.4873864238257521,5.336841929271086,1.604163583560779,1.604163583560779,22.203545566700026,6.674006780803669,6.674006780803669,1.8456424351865928,0.8383730061380146,1.1683557143057168,4.614106087966482,2.0959325153450363,2.9208892857642916,6.332166490527453,3.5940523075714355,4.363637180369401,15.830416226318633,8.985130768928588,10.909092950923501,1.7122568594664078,0.7898273706481959,1.09304115158068,5.036049586665905,2.3230216783770468,3.214826916413765,5.541453657919542,3.02605956360069,3.6839829871004133,16.298393111528064,8.900175187060853,10.835244079707099,0.3919597989949749,-0.0030402010050251116,-0.0030402010050251116,0.3266331658291457,-0.0033668341708542604,0.001633165829145744,0.24120603015075381,-0.0037939698492461815,-0.0037939698492461815,0.3281853281853282,0.03786274754016694,0.03786274754016694,0.30025773195876293,0.3266331658291457,0.11610685003967203,0.1546799104034362,0.2525252525252525,0.3277591973244147,0.11240026577182705,0.1586824453778074,0.27181208053691275,19.0,0.0,0.0,26.0,0.0,0.0,34.0,0.0,0.0,0.0002106574452098806,0.00035364894946801764,0.00013227275161094488,-0.11287419992274472,-0.134004771568784,-0.1307330053960971,0.032175032175032175,0.19961125462107085,0.001287001287001287,-0.9007102251052856
122,0,test,1.1398861479973945,0.46298968970062315,0.46298968970062315,6.839316887984367,2.777938138203739,2.777938138203739,3.126412396610348,1.1586511798989483,1.1586511798989483,18.75847437966209,6.951907079393692,6.951907079393692,1.4005420787418061,0.6023193873817844,0.8633835987526207,5.959753526560878,2.56306122290121,3.67397276064945,4.0573988004571095,1.8358098321187173,2.3462610849447723,17.265526810455786,7.811956732420073,9.984089723169244,1.3199418019703064,0.553263412542112,0.8041640076533874,6.187227196735811,2.5934222462911496,3.769518785875253,3.7432035238517742,1.5905992712137778,2.068262769162172,17.54626651805519,7.455934083814583,9.69498173044768,0.27135678391959794,-0.008643216080402083,-0.008643216080402083,0.2160804020100503,-0.003919597989949675,-0.003919597989949675,0.15577889447236182,-0.004221105527638214,-0.004221105527638214,0.23901581722319865,0.06892784068360924,0.06892784068360924,0.19366197183098588,0.2562814070351759,0.09086787320058942,0.13441162406355656,0.1717171717171717,0.24749163879598657,0.07720783245208007,0.12068407483603105,0.1912751677852349,14.0,-2.0,-2.0,20.0,-3.0,-3.0,23.0,-4.0,-4.0,0.000839152628918703,0.0006852027970901759,0.00046284405998293476,-0.27151893292149953,-0.256087310067743,-0.2748975491565515,0.043936731107205626,0.16403829278264997,0.07557117750439367,-2.0438232421875
218,0,test,0.7750695170012823,0.2575765839715678,0.2575765839715678,5.557600741225104,1.8469411873415829,1.8469411873415829,2.170743025484069,0.4929270500681082,0.4929270500681082,15.565214194095994,3.5345110067383665,3.5345110067383665,1.0947186882969902,0.4518959712164493,0.6623723027160577,6.081770490538834,2.5105331734247183,3.679846126200321,2.988341909587391,1.086500238872212,1.4474731521349065,16.601899497707727,6.0361124381789555,8.04151751186059,0.9460362484558414,0.4231461269196466,0.5891612226667875,5.7920586640153555,2.5906905729774277,3.607109526531352,2.5754808343137996,0.888584888685247,1.1466235459308995,15.768250006002855,5.440315645011717,7.02014415876061,0.22613065326633164,-0.003869346733668344,-0.003869346733668344,0.19095477386934678,-0.004045226130653168,-0.004045226130653168,0.1507537688442211,-0.0042462311557789345,-0.0042462311557789345,0.1793650793650794,0.04251268444816836,0.04251268444816836,0.14785373608903019,0.2160804020100503,0.05818566516794499,0.10088841536564297,0.15656565656565657,0.2006688963210702,0.06711296977682979,0.10167000866812248,0.15100671140939592,17.0,-6.0,-6.0,22.0,-7.0,-7.0,26.0,-8.0,-8.0,0.0014730051139777956,0.0002803637614748054,0.0003811883507720359,-0.2652639057980535,-0.2659386959190164,-0.26932305668023204,0.06031746031746032,0.1252221865239155,0.011111111111111112,-0.467235267162323
259,0,test,3.207952599326331,1.5339329340360899,2.060655749710965,6.72510544919014,3.2157148255696346,4.319928921080819,24.728405406433048,19.394841498949987,21.578738039019054,51.84027157493193,40.65906531105178,45.23735444324477,3.329017501537356,1.583705565709199,2.165789906305876,5.944674109888135,2.8280456530521407,3.8674819755462067,27.910905805534906,22.183217937689506,24.710660082738507,49.84090322416947,39.61288917444554,44.126178719175904,3.163983616609606,1.5007631506673984,2.0450103377076676,6.286060165449549,2.9816486437100638,4.062934445776824,23.66467941836568,18.388403839953114,20.60297035068085,47.015919374236454,36.53325266215851,40.933053676849376,0.728643216080402,-0.001356783919598037,-0.001356783919598037,0.6080402010050252,-0.006959798994974786,-0.006959798994974786,0.48743718592964824,-0.002562814070351749,-0.002562814070351749,0.452449567723343,0.1359028051334149,0.21295787661874865,0.43063583815028905,0.44221105527638194,0.11890278459969017,0.20848818382396128,0.4242424242424242,0.4481605351170569,0.13263465865628898,0.21568000119047182,0.412751677852349,19.0,0.0,0.0,29.0,0.0,0.0,39.0,1.0,0.0,0.000663460469056268,-1.4142822181523548e-05,0.00024379821373295428,0.00031748659871144724,-8.228337184501555e-05,0.00015057161927245488,0.07492795389048991,0.08305233121767662,0.005763688760806916,-5.032197952270508
26,0,test,1.7039064131980735,0.6738162807780281,0.6738162807780281,7.173692942522324,2.8368641966089445,2.8368641966089445,5.495372712896523,2.6940543999769906,2.6940543999769906,23.13631555212232,11.342359466569796,11.342359466569796,2.438422060492636,1.1134544693305528,1.54470895873366,6.020795211092928,2.74927029464334,3.8140961944040983,11.45495125434983,7.692887825429551,9.010762911354137,28.283830257653896,18.994784754147034,22.24879731198552,2.0107578467871656,0.9259103986317749,1.2820839588706907,6.2836182712098925,2.8934699957242964,4.006512371470908,7.468975542144036,4.509987156973516,5.396644900153676,23.340548569200113,14.093709865542237,16.864515312980238,0.5175879396984925,-0.002412060301507535,-0.002412060301507535,0.3869346733668342,-0.0030653266331658324,-0.0030653266331658324,0.3065326633165829,-0.0034673366834171437,-0.0034673366834171437,0.31034482758620685,0.07965079044055678,0.07965079044055678,0.2573402417962003,0.3517587939698492,0.10363849321796947,0.15810270048070063,0.303030303030303,0.3311036789297659,0.09738080747734523,0.15312815056491602,0.2651006711409396,18.0,1.0,1.0,29.0,1.0,1.0,34.0,1.0,1.0,0.00202136166788315,0.00039349281963445726,0.0008776427429504854,-0.14555174166787932,-0.12154444106034301,-0.14198882688356385,0.05172413793103448,0.05558319057422721,0.15344827586206897,-1.3995364904403687
126,0,test,3.5277108359590232,1.681667915929605,2.295420838261369,6.957429704252518,3.3166228341944985,4.527079986571033,34.045941596406074,27.711238661307014,30.616868474886797,67.14616259291198,54.65272069313328,60.38326838102674,3.629763071455972,1.6625143214527869,2.314293366881568,6.7846038718803205,3.107503404584648,4.3257819941711535,37.703882432872874,30.552907154288185,33.977381504099306,70.4745466035007,57.1082376715667,63.50912430672767,3.5284906841918953,1.6827164846761111,2.2964290368980915,6.958967738267349,3.3186908447778856,4.529068378326791,34.07250261923373,27.739501720064887,30.644212438550756,67.19854683237764,54.708461725683534,60.43719675380844,0.7236180904522613,-0.0013819095477386467,-0.0013819095477386467,0.5477386934673367,-0.002261306532663321,-0.002261306532663321,0.457286432160804,-0.0027135678391959628,-0.0027135678391959628,0.3851590106007067,0.09768105645608582,0.1513164724103424,0.36524822695035464,0.39698492462311563,0.10375184191634867,0.15992315500708887,0.3787878787878788,0.3851590106007067,0.09768105645608582,0.1513164724103424,0.36524822695035464,20.0,0.0,0.0,31.0,0.0,0.0,41.0,0.0,0.0,-0.00031425504017950305,-0.00011720555008498445,0.0001274557450122863,-0.0002734037727947225,0.00016562223134020115,1.5767138139999304e-05,0.1696113074204947,0.09501713061442449,0.0035335689045936395,-0.47890329360961914
41,0,test,1.6756389491454793,0.6414739283334234,0.6414739283334234,7.578457974544326,2.901211630417074,2.901211630417074,5.342207457701315,2.529450796136621,2.529450796136621,24.161347365512764,11.440016100708807,11.440016100708807,2.577499660894821,1.1474257332535716,1.622749631617769,6.364196693567459,2.833149958650794,4.006789213871034,13.164182056926814,8.985173932209623,10.566160984388937,32.50415322697979,22.185614647431166,26.089286381207252,2.187422447122266,1.0014249655559337,1.39553302015215,7.056201442329891,3.2304031146965606,4.501719419845646,8.912211786725988,5.638260887788462,6.704648268368011,28.749070279761252,18.187938347704716,21.62789763989681,0.48743718592964824,-0.002562814070351749,-0.002562814070351749,0.3668341708542714,-0.0031658291457286047,-0.00816582914572861,0.29145728643216084,-0.0035427135678391952,-0.0035427135678391952,0.2785234899328859,0.07715496598371674,0.07715496598371674,0.22857142857142854,0.31658291457286436,0.07718141831351277,0.1341616873755178,0.2727272727272727,0.3076923076923077,0.09305004479713297,0.14711644944203084,0.24832214765100669,21.0,0.0,0.0,26.0,0.0,0.0,35.0,0.0,0.0,0.0032610256595217383,0.0003498278089542563,0.000956203687740644,-0.19754534139462265,-0.17839553818931986,-0.19160879522426377,0.04194630872483222,0.059466815336999615,0.15268456375838926,-0.9298644065856934
104,0,test,2.179615930567747,1.0322753793086135,1.1638930022832157,5.748577688222538,2.722550854199911,3.0696827136241542,8.842909315271386,5.693104299208404,6.081550374817485,23.322526907528626,15.015146426567192,16.03964455580518,2.0209083973082604,0.858910458664337,1.236496813021302,5.774023992309316,2.4540298818981063,3.532848037203721,7.545175838941305,4.348862900896853,5.354058565433958,21.557645254118018,12.42532257399101,15.297310186954169,2.13479034691837,0.992946515421594,1.3626036419112002,5.822155491595556,2.7080359511498022,3.7161917506669107,8.45527364684918,5.32273472933996,6.290779453962701,23.059837218679586,14.516549261836255,17.156671238080097,0.40201005025125625,-0.002989949748743781,-0.007989949748743785,0.31658291457286436,-0.003417085427135591,-0.003417085427135591,0.24120603015075381,-0.0037939698492461815,-0.0037939698492461815,0.33333333333333337,0.11246762856085835,0.1300097751710655,0.32516703786191536,0.31658291457286436,0.11106913011171149,0.15631580271977585,0.2777777777777778,0.3277591973244147,0.11573916393543304,0.16758122179604984,0.31543624161073824,21.0,-3.0,-3.0,26.0,-1.0,-1.0,31.0,0.0,0.0,0.0012826257827017052,-0.0004517723212203258,-1.6786195748968367e-05,-0.0888988009790701,-0.07659047685524545,-0.07788897632142433,0.07333333333333333,0.1272588067072365,0.0022222222222222222,-1.3912639617919922
76,0,test,3.5127733673041757,1.6892344454491284,2.2919226191417894,5.848678499877003,2.8125324777021024,3.815992990246228,33.541160869980914,27.34742200163306,30.151090266495302,55.845181550018985,45.532763535713926,50.200800037616546,3.527312814855728,1.657712818378221,2.274788218862572,5.149361773512012,2.420018712960907,3.3208587136679886,34.032393289604016,27.546691712728347,30.533227493932124,49.68232597022484,40.21414848573481,44.57405473566733,3.572968806898844,1.7133266234964901,2.3285934948852236,5.732035519089055,2.7486523371601446,3.7357114891206797,35.62219173173652,29.20075306876792,32.15142575555691,57.14790117390886,46.8461279178095,51.57982741533194,0.6733668341708543,-0.001633165829145744,-0.001633165829145744,0.5728643216080402,-0.0021356783919597166,-0.0021356783919597166,0.48743718592964824,-0.002562814070351749,-0.002562814070351749,0.43730886850152906,0.1334920746083993,0.212486894951173,0.46319018404907975,0.44221105527638194,0.13644664424881303,0.21683542923297627,0.4949494949494949,0.4381270903010034,0.13094845924925047,0.21232063868810014,0.4731543624161074,20.0,0.0,0.0,32.0,0.0,0.0,39.0,0.0,0.0,-0.0005614550615392477,-0.00014400520347416615,0.0002483697418733172,-0.015618223302948486,-0.017983056567560496,-0.017853873664393838,0.11314984709480122,0.18344654577643046,0.0061162079510703364,-1.0890905857086182
157,0,test,3.343176714025096,1.6007095707792771,2.130748406761386,5.980758342678062,2.8635809406905666,3.811791119633435,28.308913338711392,22.59749640014375,24.94727549980741,50.64308114864953,40.42567195201596,44.62929687402733,3.4838513237337247,1.6311815484945538,2.2434454616426454,5.31885698279958,2.4903535091519906,3.4251075750269395,32.584976015799406,26.208154518884264,29.12795976388015,49.74805498595329,40.01244964715154,44.470167578442975,3.4298896365796088,1.644147886854169,2.23677413821015,5.846402789624333,2.802524807137788,3.812683190130938,30.873235285806132,24.9092331815697,27.575897212953684,52.62483287353318,42.458920195857445,47.004370249352874,0.6733668341708543,-0.001633165829145744,-0.001633165829145744,0.5628140703517588,-0.0021859296482411583,-0.0021859296482411583,0.4723618090452262,-0.0026381909547738003,-0.0026381909547738003,0.4,0.10985915492957754,0.17028347996089932,0.3728813559322034,0.42211055276381915,0.1256281407035177,0.19430485762144056,0.4040404040404041,0.4013377926421404,0.10702341137123739,0.17837235228539572,0.3825503355704698,18.0,0.0,0.0,30.0,0.0,0.0,39.0,0.0,0.0,-0.00023274504329609367,0.00037399109485558563,0.00014787025059004007,-0.008121002836007918,-0.009552151638147599,-0.0074112470530876,0.07042253521126761,0.20904352240109972,0.030985915492957747,-0.8695070743560791
100,0,test,2.4596099754150953,1.1537318032067156,1.5811557093602677,5.474019193405024,2.567703862775848,3.5189630824860094,11.700247265866004,8.009318323721532,9.293071290273417,26.039648050348397,17.825249803169726,20.682324074593467,2.3715810594264104,1.0811832238736678,1.5022236148154238,4.791072847326082,2.184208533078117,3.0347951814453005,10.714318874466457,7.0800867795418725,8.328941250728922,21.645088635285774,14.303205615236108,16.826143940866512,2.545781505353018,1.1913104288792815,1.6350709897476463,5.6657994404849115,2.6513374958516334,3.638954984701528,12.753190879510651,8.87847989076722,10.267102568965258,28.3830413559034,19.759624418549603,22.850092935441477,0.5175879396984925,-0.002412060301507535,-0.002412060301507535,0.42211055276381915,-0.0028894472361808976,-0.0028894472361808976,0.29145728643216084,-0.0085427135678392,-0.0035427135678391952,0.3728813559322034,0.11907424933321864,0.17445970993445814,0.3639455782312925,0.37688442211055273,0.12625785569451264,0.18155887953960115,0.30808080808080807,0.37966101694915255,0.12077776821818809,0.1812393709514073,0.3503401360544217,17.0,1.0,1.0,27.0,1.0,1.0,31.0,1.0,1.0,-0.00012357199570425277,0.00017325851152044655,4.3660026096920935e-05,-0.07358078189265083,-0.08128479168496483,-0.07878276847578469,0.09830508474576272,0.08627268533731289,0.003389830508474576,-0.8936994075775146
247,0,test,1.7620351153695741,0.8182904245738751,0.8233646875693252,5.244888150427562,2.435729977240365,2.4508340700162954,5.824278419918309,3.254692691371826,3.267698419997974,17.336594828879644,9.687944911744207,9.726657870052449,2.591524448687907,1.1342895291867179,1.6128214472907945,4.958782358547053,2.1704193875784314,3.0860718077968086,13.350107652720054,9.056038003283685,10.689104966701146,25.54491752780087,17.328380410129355,20.453191234360844,1.9897627427679059,0.9121883410615328,1.2667526475582207,4.876549672849212,2.235609130962281,3.104582308359901,7.313798304900882,4.376252707978468,5.253171738071455,17.92480076365052,10.725406226930835,12.874576636748891,0.595959595959596,-0.004040404040403955,-0.004040404040403955,0.4545454545454546,-0.005454545454545379,-0.005454545454545379,0.31313131313131315,-0.011868686868686806,-0.011868686868686806,0.3188976377952756,0.10454168892605242,0.1048213914609647,0.23471400394477315,0.3535353535353535,0.06638170114240638,0.1337366958172327,0.29949238578680204,0.33221476510067116,0.10775915371038636,0.17261655081495686,0.2289562289562289,21.0,0.0,0.0,29.0,0.0,0.0,35.0,0.0,0.0,0.0005449944409691282,0.0012543258002108272,0.0009975336429884094,-0.12278600276186591,-0.15175036523833985,-0.14408401296720186,0.08267716535433071,0.1212004171543815,0.2125984251968504,-1.7309505939483643
20,0,test,1.5982281326615397,0.6849711624163699,0.6849711624163699,6.091149176926847,2.610554430188263,2.610554430188263,4.94426407848289,2.4518369895436165,2.4518369895436165,18.843523935476746,9.344413701407488,9.344413701407488,2.4889214163918134,1.1107692741643613,1.5621874012276447,5.447972433657636,2.4313505223375462,3.4194546449094,12.048274038903894,8.080710682148222,9.522029027160285,26.372333174045192,17.68777782648,20.842663537228624,2.3601704229094738,1.0962450270036903,1.5126042653666183,5.88042461301174,2.731322355415974,3.7686919832015744,10.592756547004765,7.053469187853169,8.258797102986808,26.392122244232212,17.573897807024,20.577002951509506,0.4744897959183674,0.004489795918367401,0.004489795918367401,0.37755102040816324,0.0025510204081632404,0.0025510204081632404,0.30612244897959184,0.0011224489795917947,0.0011224489795917947,0.28125,0.08476906158357767,0.08476906158357767,0.21731123388581952,0.33673469387755106,0.10204081632653061,0.1496598639455783,0.27692307692307694,0.3447098976109215,0.0989761092150171,0.15699658703071673,0.28767123287671237,22.0,-5.0,-5.0,30.0,-5.0,-5.0,38.0,-6.0,-6.0,0.0017168352323851483,0.0004414730990103831,0.0015145130548059151,-0.09255246720158894,-0.0903827952421068,-0.1060904208878064,0.04779411764705882,0.24468838418570454,0.39705882352941174,-1.0723508596420288
190,0,test,2.9919763680717097,1.4414962942677159,1.734588091599468,6.519359033587831,3.1409445569833387,3.7795761574851565,19.925022782166987,15.211290203148108,16.408796707880178,43.41557595693228,33.144600758438514,35.75390440559155,3.1694413458802106,1.5067909517077867,2.0593262429658026,5.815488708037083,2.7647540398308013,3.778580262322573,23.794187921610988,18.52091934177134,20.759480243579358,43.65906040662566,33.98333824178228,38.09078943776029,2.980957143220223,1.4249635084467513,1.9417015487130105,6.342462006851538,3.031837252014365,4.131279890878746,19.706669726095104,14.9668759160352,16.879558012733288,41.929084523606605,31.844416842628085,35.91395321858146,0.5979899497487438,-0.0020100502512562235,-0.0020100502512562235,0.5175879396984925,-0.002412060301507535,-0.002412060301507535,0.42713567839195976,-0.002864321608040288,-0.002864321608040288,0.38983050847457623,0.12171456644559075,0.1581589542223768,0.3519417475728155,0.4120603015075377,0.14456030150753774,0.2123930802097007,0.33333333333333337,0.3846153846153846,0.13128205128205128,0.19926577307265425,0.3221476510067114,20.0,0.0,0.0,33.0,0.0,0.0,39.0,0.0,0.0,0.00042331904379345597,0.0006380629709492339,5.6009829743721124e-05,-0.03412016302093068,-0.037375009781487556,-0.03447014011217053,0.06053268765133172,0.0929256892628394,0.07263922518159806,-0.43178510665893555
147,0,test,2.5034799230733897,1.1701508486923273,1.6106710961083248,5.294970810748143,2.4749208215704974,3.406640636901678,12.224961952343959,8.43131021467687,9.782982828237387,25.856335456727486,17.832594170865235,20.691441557068455,2.8078820111046325,1.2878719822468963,1.7896342624093216,5.399773098278139,2.4766768889363386,3.4416043507871565,16.57477582518309,12.002504775614977,13.80643614046039,31.87456889458286,23.08173995310572,26.550838731654594,2.503228274807165,1.1698992004261026,1.6105553116398892,5.294438563530198,2.474388574352553,3.4063957476277302,12.221885948915686,8.428234211248597,9.780238578829847,25.849829573370343,17.826088287508092,20.685637348144542,0.5979899497487438,-0.0020100502512562235,-0.0020100502512562235,0.46733668341708545,-0.002663316582914521,-0.002663316582914521,0.3668341708542714,-0.0031658291457286047,-0.0031658291457286047,0.365546218487395,0.09929883903246839,0.1672221961410263,0.3080168776371308,0.37688442211055273,0.09367640206042738,0.16820328688517705,0.3484848484848485,0.365546218487395,0.09929883903246839,0.1672221961410263,0.3080168776371308,22.0,-5.0,-5.0,32.0,-4.0,-4.0,40.0,-6.0,-6.0,0.0006664566559338466,0.00041625522392571015,0.00041553098686337726,-0.008328198678093202,-0.009435151782847484,-0.010070324357497107,0.10504201680672269,0.20365262594928132,0.9369747899159664,-1.5473484992980957
129,0,test,2.996586750572296,1.423060723678037,1.880569887080674,5.895458715799843,2.7997172933230945,3.699816843060891,20.017096843755894,15.193470363822142,16.96442609284797,39.38146226869366,29.891501476650085,33.375664378320465,2.970016966916467,1.3825246327852203,1.9078621482474036,4.829295881164987,2.248007532984098,3.1022148751990306,19.492250316608335,14.600782946639924,16.599653015369412,31.69471596196477,23.74111048234134,26.991305716047822,2.977698596955831,1.410579678149937,1.928813762964956,5.583184869292183,2.6448368965311313,3.6165258055592924,19.64255914145641,14.849739361442207,16.788093002565724,36.82979839023077,27.843261302704143,31.477674379810733,0.6231155778894473,-0.0018844221105527303,-0.0018844221105527303,0.49246231155778897,-0.002537688442211028,-0.002537688442211028,0.37688442211055273,-0.003115577889447274,-0.003115577889447274,0.3767313019390581,0.07935924108152004,0.1450597476868587,0.35,0.38190954773869346,0.1037140590168889,0.16822006526790878,0.3282828282828283,0.37792642140468224,0.08744228117095942,0.15990639915774119,0.34563758389261745,18.0,0.0,0.0,26.0,0.0,0.0,38.0,0.0,0.0,0.0003921506951963563,-8.768755668902267e-05,0.00015438310646382342,0.0002622016269242522,-0.0001365127225412266,0.00011599584989241407,0.06925207756232687,0.27352927079113504,0.002770083102493075,-1.082474708557129
73,0,test,0.952117514286243,0.22738406074106476,0.22738406074106476,6.273774335207566,1.4982985430973734,1.4982985430973734,2.591190737542213,0.527009910990611,0.527009910990611,17.07409610987637,3.4726188777774176,3.4726188777774176,1.6329251798667277,0.7044210026421289,1.0050794136671197,5.102891187083524,2.201315633256653,3.1408731677097492,5.118826327517133,2.5881054924007616,3.2452562068178556,15.99633227349104,8.08782966375238,10.141425646305798,1.4802579299380996,0.6688696233710011,0.9352499948896401,5.767238688070518,2.605985545601303,3.643831148920676,4.394078899265497,2.143047959862597,2.6694568319836787,17.119787919216222,8.34953750595817,10.400481163572774,0.3467336683417085,-0.003266331658291488,-0.003266331658291488,0.27135678391959794,-0.0036432160804020786,-0.0036432160804020786,0.1959798994974874,-0.004020100502512558,-0.004020100502512558,0.21438263229308008,0.0354970017945464,0.0354970017945464,0.17934782608695654,0.3065326633165829,0.11355020717623199,0.1662989404451305,0.2777777777777778,0.2675585284280937,0.09727472208418719,0.14297565857269878,0.24161073825503354,16.0,0.0,0.0,26.0,0.0,0.0,29.0,0.0,0.0,0.002077729122154377,0.001160590109965043,0.0006461582926023775,-0.24581916210796173,-0.24846139509632525,-0.2544083718250647,0.036635006784260515,0.141824741488275,0.8141112618724559,-2.5798380374908447
241,0,test,2.92391591235237,1.3763896235982729,1.8881861625407703,6.115514267384887,2.8787867479485003,3.949234438553583,18.614035861559426,13.914206092297535,15.796874552936915,38.93217359776866,29.102247953608227,33.039941846635664,2.837556729070264,1.3295736431551253,1.8234319365260176,5.429555664278678,2.5440880287295187,3.489066878544976,17.073998130092317,12.55638816182232,14.317048691623048,32.670438729695874,24.026165809640787,27.395122015701794,2.9233381778156744,1.3763574401358067,1.8877053746134738,6.1143059071215164,2.878719434650244,3.948228846902829,18.603284996047094,13.90601852469598,15.786396788423263,38.90968763257737,29.085123252357086,33.01802708564584,0.6919191919191919,-0.008080808080808022,-0.008080808080808022,0.505050505050505,-0.004949494949495037,-0.004949494949495037,0.38383838383838387,-0.006161616161616146,-0.006161616161616146,0.3986486486486487,0.1001663552253772,0.16831156999696328,0.4,0.4040404040404041,0.09673561814619758,0.15739610873839072,0.3857868020304569,0.3986486486486487,0.1001663552253772,0.16718797449134526,0.4,15.0,0.0,0.0,22.0,0.0,0.0,31.0,0.0,0.0,-0.0004845146016376796,1.1687824926138873e-06,8.884806170988288e-05,-0.005039021798542542,-0.004128186727035299,-0.0042179925882201985,0.10135135135135136,0.1000497783174458,0.34797297297297297,-0.835334062576294
87,0,test,3.1986295490876597,1.5384250354553828,2.074640458216469,6.360493241289254,3.059167024526221,4.1254344743844715,24.49893259590872,19.238546040702744,21.421827992957997,48.71626826542768,38.25595936829396,42.59742807795096,3.6345022151781357,1.69265091515129,2.332823155527035,6.730559657737288,3.134538731761648,4.32004288060562,37.882990625115255,30.911344986352344,34.207527814301024,70.15368634280603,57.24323145620804,63.347273730187084,3.365299880624917,1.6005820994634485,2.1864940484288926,6.686026252897186,3.1799644360200965,4.344027910785879,28.942175195402687,23.102251206471436,25.691684941902984,57.5010103219921,45.89851233073796,51.043082666032426,0.6884422110552764,-0.0015577889447235815,-0.0015577889447235815,0.5778894472361809,-0.002110552763819218,-0.002110552763819218,0.4723618090452262,-0.0026381909547738003,-0.0026381909547738003,0.3913043478260869,0.1134461712703706,0.18016065281142413,0.3517441860465116,0.42713567839195976,0.1188650017002304,0.18840445969413,0.3737373737373737,0.3946488294314381,0.10750358736132126,0.17885350128905764,0.3489932885906041,23.0,0.0,0.0,37.0,0.0,0.0,43.0,0.0,0.0,0.0006931283997173004,-7.233503556421395e-05,0.0003694206826030962,-0.00659212592648295,-0.006337225546104719,-0.007347537852418817,0.07536231884057971,0.09781341962667225,0.14782608695652175,-1.2694504261016846
17,0,test,1.264188966641347,0.589408252346637,0.6629309515072913,5.124480275492603,2.389208451476546,2.687237964145627,3.540220334671339,1.5766179958398299,1.7158078388045805,14.350535999471319,6.390933661707881,6.955149632297138,1.6285829597509565,0.7353912863990069,1.0278219659304026,4.653094170717019,2.1011179611400195,2.9366341883725786,5.09664744451294,2.653733238536921,3.2731414952360964,14.561849841465545,7.582094967248346,9.351832843531705,1.3485696433188994,0.5797433228793345,0.831296160313265,4.874348108381564,2.095457793539763,3.0046849167949334,3.8519119804290485,1.6946791131687102,2.1744641613718567,13.922573423237525,6.125346192176061,7.859509017006711,0.3467336683417085,-0.003266331658291488,-0.003266331658291488,0.2361809045226131,-0.0038190954773869024,-0.0038190954773869024,0.19095477386934678,-0.004045226130653168,-0.004045226130653168,0.2472406181015453,0.075245028244875,0.08986036394709762,0.20353982300884954,0.2562814070351759,0.06580521655898541,0.11938658232732946,0.18686868686868685,0.23076923076923073,0.05714652626171823,0.10284931975699496,0.17114093959731547,15.0,0.0,0.0,24.0,0.0,0.0,29.0,0.0,0.0,0.00043185430614369684,0.0008223729358933506,0.00010511068428317578,-0.23421936245225616,-0.2505154697001828,-0.24070374264757533,0.06181015452538632,0.17382438210514972,0.1479028697571744,-2.0279428958892822
172,0,test,2.014909135072066,0.9119267823107795,1.1493272334579978,12.181041589299308,5.513011911242441,6.948205547723351,7.500045859113711,4.4869069788697225,5.123657351083944,45.34118633009653,27.125392190439683,30.974837622462026,2.0795635717939827,0.8919413952405733,1.2763006774390904,9.242504763528812,3.964183978846992,5.672447455284846,8.000976300480993,4.7217019065732355,5.768161807072567,35.55989466880441,20.98534180699216,25.636274698100298,2.0313917286326113,0.9083648587640316,1.2723423091311532,11.080318519814245,4.954717411440174,6.940048958897201,7.624690478093299,4.550545305777275,5.488445895501512,41.58922078959982,24.821156213330596,29.936977611826432,0.5025125628140703,-0.0024874371859296973,-0.0024874371859296973,0.4371859296482412,-0.002814070351758735,-0.002814070351758735,0.36180904522613067,-0.0031909547738693256,-0.0031909547738693256,0.4296482412060302,0.15235840431769898,0.20970689223242311,0.4181360201511335,0.4321608040201005,0.13642145564917318,0.2268185669583309,0.4191919191919192,0.4280936454849499,0.14929564882384805,0.235657605440456,0.42281879194630867,21.0,-6.0,-6.0,31.0,-10.0,-10.0,35.0,-9.0,-9.0,5.245002758315856e-05,8.380048262794381e-05,8.702606650661096e-06,-0.2061473793041957,-0.21654819210325282,-0.21146401784411584,0.06532663316582915,0.06369158032194182,0.002512562814070352,-2.1384437084198
245,0,test,2.3505386977273903,1.0167177485620078,1.0167177485620078,9.663325757323715,4.179839632977143,4.179839632977143,10.49121979901313,6.695701600720964,6.695701600720964,43.130570284831755,27.526773247408403,27.526773247408403,2.2600005250985746,1.041036334614445,1.4439368485362856,7.290324274511531,3.358181724562725,4.657860801729953,9.58309419883216,6.199413130065412,7.321514215791909,30.91320709300697,19.99810687117875,23.61778779287713,2.5943463960667157,1.2344961826831533,1.6850121088617858,8.279828923617178,3.93988143409517,5.3776982197716565,13.38783416009086,9.492224412201935,10.905164921632746,42.727130298162315,30.294333230431704,34.803717834998125,0.4120603015075377,-0.0029396984924623393,-0.0029396984924623393,0.321608040201005,-0.0033919597989949812,-0.0033919597989949812,0.2864321608040201,-0.003567839195979916,0.0014321608040200884,0.3393501805054152,0.11745379731870942,0.11745379731870942,0.29837251356238703,0.31155778894472363,0.0985252074910895,0.15462957525524113,0.23232323232323238,0.3511705685618729,0.12579494251846723,0.17986912251070497,0.3087248322147651,22.0,0.0,0.0,29.0,1.0,1.0,37.0,0.0,0.0,0.0005907277885655318,0.0009926649180274805,0.00027041398172315074,-0.0791628521982295,-0.08011370718224331,-0.08145436963305208,0.04512635379061372,0.24487332807147444,0.05054151624548736,-0.8834888935089111
80,0,test,1.9146841534336172,0.8478943066249618,1.0440729824059356,4.758047447155397,2.107042738020115,2.5945526209488827,6.784795504177687,3.878759813452917,4.3964253940118105,16.860419965471497,9.638834266963833,10.925248733622162,2.1876234278017326,1.0010045949035447,1.3913262906116146,5.335666897077397,2.441474621715963,3.393478757589304,8.914003149115018,5.638017344295736,6.69668785476256,21.741471095402485,13.751261815355456,16.333385011616002,2.2110852592240824,1.0146369603832956,1.408746298556807,5.768048502323693,2.6468790270868583,3.674990344061236,9.12561467847125,5.817268902685768,6.8948622048600186,23.80595133514239,15.175484093962874,17.98659705615657,0.42211055276381915,-0.0028894472361808976,-0.0028894472361808976,0.3266331658291457,-0.0033668341708542604,-0.0033668341708542604,0.27135678391959794,-0.0036432160804020786,-0.0036432160804020786,0.321256038647343,0.11136460318292807,0.1345502712964144,0.2832929782082324,0.31155778894472363,0.10353773881941031,0.14962122800983213,0.2777777777777778,0.3210702341137124,0.1090502007247307,0.1508811351148247,0.30201342281879195,22.0,0.0,0.0,30.0,0.0,0.0,37.0,0.0,0.0,0.001294463849368069,0.0005858637014885373,0.0006068770303723478,-0.11271494281423955,-0.09497621834537728,-0.10813277240134234,0.0748792270531401,0.06063734280372475,0.9082125603864735,-1.2286752462387085
30,0,test,1.8065338500005161,0.8362636575478458,1.1545248215727826,4.332335806945682,2.0054841417119635,2.7687215628458404,6.089304368549692,3.4506470602131882,4.169911295217351,14.603053994947873,8.275162857363108,10.000065050567535,1.832800772935696,0.8322710255973127,1.1574044579601868,4.4702457876480395,2.029929330725153,2.822937702341919,6.251370832733774,3.531648620225003,4.286559326821808,15.24724593349701,8.613777122500007,10.455022748345874,1.8062276553496621,0.8359574632059316,1.1542154059723053,4.331601506810764,2.0047498423179286,2.7679795383965473,6.087440141547353,3.4487828340260354,4.168040885936659,14.598583302414486,8.27069216678466,9.995579532014766,0.4321608040201005,-0.002839195979899567,-0.002839195979899567,0.2864321608040201,-0.003567839195979916,-0.003567839195979916,0.20603015075376885,-0.003969849246231116,-0.003969849246231116,0.32170542635658916,0.09346558109546732,0.14387037481019738,0.22178988326848248,0.3316582914572864,0.09606931902620874,0.14801889245895583,0.202020202020202,0.32170542635658916,0.09346558109546732,0.14387037481019738,0.22178988326848248,20.0,0.0,0.0,29.0,0.0,0.0,32.0,1.0,1.0,0.00010631089792620763,0.0006002813149863056,0.0005298726123805715,-0.131122682055536,-0.14727544318121666,-0.14705197805569004,0.13178294573643412,0.06468753704098651,0.2751937984496124,-1.3606762886047363
1,0,test,2.8171039617692046,1.30266568788582,1.416571014947884,7.58203409139026,3.50603165139555,3.8125997030883054,16.72833455737147,12.181468241569032,12.670972808588406,45.0231175801255,32.78555166730866,34.10301824482937,2.594750947175682,1.1148193015459475,1.585988889666565,6.406792462162178,2.752640250730735,3.9160219497939877,13.393251318931911,9.000605904786394,10.651047097123374,33.06975634304175,22.22371828342319,26.298881721292275,2.995937576039914,1.3605456846171515,1.8877741120068021,7.077017896157277,3.213887443977523,4.45930892600032,20.004106471238416,14.872637889679115,16.975315671022138,47.253794813949014,35.13221548743098,40.09917087643025,0.5175879396984925,-0.002412060301507535,-0.002412060301507535,0.44723618090452266,-0.0027638190954772934,-0.0027638190954772934,0.3467336683417085,-0.003266331658291488,-0.003266331658291488,0.39148936170212767,0.12793994618671856,0.14320001663858906,0.38592750533049036,0.3869346733668342,0.11375171597335043,0.1782535381414585,0.35858585858585856,0.4046822742474916,0.12588427758638976,0.20112276368019455,0.4161073825503355,21.0,-1.0,-1.0,28.0,1.0,1.0,33.0,-2.0,-2.0,0.00024894484920352496,-0.0005863644813733968,0.00021888212795490237,-0.10188765127769894,-0.10629976267425167,-0.11181712700802837,0.05531914893617021,0.15772317607518188,0.002127659574468085,-0.5332579612731934
174,0,test,1.9090972734905036,0.8869387188693649,1.2233482426095765,5.073726988105393,2.3571794780762403,3.251240824953379,6.746995357021265,3.9678080353791496,4.761737058484727,17.931203876768226,10.545075409340981,12.655066957234183,2.277045718747579,1.0187914900029313,1.4352314220801095,4.509001423262533,2.017408891094914,2.842042419960613,9.747839968247693,6.22856769125884,7.427266599912739,19.30265340247068,12.333797408433348,14.707458613688594,1.9092162427855282,0.8874404167529164,1.2237998058685138,5.074043167763341,2.3585128192982916,3.25244092550641,6.747798090051768,3.9696742393271736,4.763199966650913,17.9333372663538,10.5500351405542,12.6589548663245,0.5125628140703518,-0.0024371859296482556,-0.0024371859296482556,0.40703517587939697,-0.00296482412060306,-0.00296482412060306,0.3065326633165829,-0.0034673366834171437,-0.0034673366834171437,0.3537414965986394,0.1262372521164662,0.18066457352171628,0.2662116040955631,0.371859296482412,0.10368887041724906,0.18488099932047541,0.29292929292929293,0.3537414965986394,0.1262372521164662,0.18066457352171628,0.2662116040955631,19.0,0.0,0.0,26.0,0.0,0.0,36.0,0.0,0.0,0.002553799882353932,0.0007832323461605813,0.00011861760600244121,-0.11090556346537728,-0.09485800142153877,-0.09756680511462346,0.10204081632653061,0.20723559043603318,0.8231292517006803,-1.9829236268997192
185,0,test,2.6130754120248585,1.199655584551502,1.5850545561436482,5.212102031511949,2.392861407895738,3.161587313598352,13.640937913319066,9.530951069550984,10.845410309306953,27.208537450760073,19.010660466685025,21.632511961036982,2.8532107979164225,1.343362504576873,1.8419602751347444,4.755351329860704,2.2389375076281213,3.0699337918912404,17.343378621732167,12.81733451054096,14.594342022406066,28.90563103622028,21.362224184234933,24.323903370676778,2.715557768798281,1.2669914432233353,1.7462142863874148,4.93737776145142,2.30362080586061,3.174935066158936,15.11303730210826,10.856030326033487,12.47682413131795,27.478249640196836,19.738236956424522,22.685134784214455,0.6984924623115578,-0.0015075376884421399,0.0034924623115577536,0.5276381909547738,-0.002361809045226204,-0.002361809045226204,0.40201005025125625,-0.002989949748743781,0.0020100502512562235,0.38648648648648654,0.11388189809242444,0.1548149322342871,0.33062330623306235,0.4120603015075377,0.11381468747244994,0.17332908280970794,0.33838383838383834,0.3946488294314381,0.11918973093394225,0.17440411307993642,0.3355704697986577,26.0,-11.0,-11.0,38.0,-14.0,-13.0,46.0,-13.0,-12.0,0.0008202204374549521,0.0003350320364200354,0.0002207350859688774,-0.005327293436145908,-0.008479284898287531,-0.006541557494585071,0.1,0.09949650757313475,0.41621621621621624,-1.529334306716919
106,0,test,0.627929526277482,0.0,0.0,7.327713311113116,0.0,0.0,1.8737270576509233,0.0,0.0,21.865725574551398,0.0,0.0,1.2603915127977932,0.5256235952210204,0.7666218575678452,4.272513602704384,1.781774899054307,2.598718161246933,3.526802005222871,1.4418039602722277,1.8883209034529214,11.9552610346538,4.887471051770262,6.401087808314987,1.016804046140451,0.44591497316521655,0.6328439087765587,4.552853937942318,1.9966342082024622,2.8336294422830988,2.7643459092527474,0.9945060402994119,1.296258990551805,12.377668250385437,4.453012120743636,5.804144733814052,0.3015075376884422,-0.008492462311557869,-0.0034924623115578646,0.22613065326633164,-0.003869346733668344,-0.003869346733668344,0.17085427135678388,-0.004145728643216162,-0.004145728643216162,0.1622678396871945,0.0,0.0,0.13111545988258322,0.27135678391959794,0.07837432777924702,0.11943691747552454,0.21212121212121215,0.22742474916387956,0.07049653547439705,0.10951596162216659,0.17114093959731547,17.0,0.0,0.0,23.0,0.0,1.0,31.0,0.0,0.0,0.0023671838489306885,0.0013846862549867188,0.0008591070467761891,-0.3308149762180781,-0.34797000098983766,-0.35196732223765625,0.02541544477028348,0.17919483131285907,0.0009775171065493646,-0.3446735143661499
133,0,test,3.687923787158534,1.7641224225704781,2.063823875903764,7.887044930952904,3.7727766660913193,4.413722348467456,39.96179158195316,33.114854817477955,34.88794151604373,85.46284140298893,70.8198875304479,74.61183532144005,3.992391255147981,1.8885246473831363,2.5881102199007184,7.425101493219143,3.5123028488714407,4.81340125009573,54.184303064713305,45.986496652600806,50.11170543043308,100.77267579325185,85.52628816698655,93.1984054266933,3.858746879433685,1.8515805239440732,2.5188422257482177,7.443647206133367,3.5717585590921157,4.858927906443336,47.40590881298909,39.96370991867524,43.587229421987274,91.4475273231209,77.0912855850574,84.08117159467223,0.6717171717171717,-0.0032828282828283317,-0.0032828282828283317,0.6060606060606061,0.0010606060606060952,0.0010606060606060952,0.5252525252525253,0.0002525252525252819,0.0002525252525252819,0.42691415313225056,0.13143327248335135,0.16689460279011958,0.3930232558139535,0.4191919191919192,0.11440602498537011,0.19771540912480512,0.3959390862944162,0.4261744966442953,0.12634200083189995,0.211888782358581,0.4006734006734006,21.0,0.0,0.0,35.0,0.0,0.0,41.0,1.0,1.0,0.0007005436818473919,0.00046573319130259244,0.00030450700185671696,-0.009636564653570545,-0.00906338335364687,-0.010199309614164598,0.060324825986078884,0.10509655320952575,0.07888631090487239,-1.1594488620758057
79,0,test,1.1562176732946623,0.2902285933590787,0.2902285933590787,5.3558986414552745,1.3444137421407643,1.3444137421407643,3.17789069514225,0.8005343762060759,0.8005343762060759,14.720809800723456,3.708281820102984,3.708281820102984,1.9746096002306088,0.799908569796711,1.178938196572315,4.201297021767253,1.7019331272270448,2.508379141643223,7.203806740285651,3.966631757935863,4.987878460467488,15.327248383586491,8.439642038161411,10.612507362696782,1.7293840804915444,0.7333180600722671,1.057697421373291,4.674011028355525,1.9819407028980192,2.8586416793872726,5.637180789336371,2.929571619310617,3.6796445552151624,15.235623754963166,7.917761133271939,9.944985284365305,0.4170854271356784,-0.0029145728643216184,-0.0029145728643216184,0.31155778894472363,-0.003442211055276312,-0.003442211055276312,0.24120603015075381,-0.0037939698492461815,-0.0037939698492461815,0.25383542538354253,0.03975917904923165,0.03975917904923165,0.21089385474860334,0.31658291457286436,0.08851273913426783,0.13461296465633676,0.2828282828282829,0.3210702341137124,0.1090502007247307,0.15533052332394592,0.2751677852348994,13.0,0.0,0.0,21.0,0.0,0.0,25.0,0.0,0.0,0.003227535475910785,0.0005225975878828863,0.000135478096251456,-0.26114614068750175,-0.2529625910877886,-0.24425683144142685,0.03486750348675035,0.24735784986124124,0.11854951185495119,-1.9430218935012817
146,0,test,3.384693193618486,1.619364010003765,2.204413884344948,5.457615340906363,2.6111276142165973,3.5544855455705626,29.508937796741254,23.665442172214238,26.253654490002496,47.581397308621064,38.159110105436355,42.332447670482495,3.493300336556118,1.644454318055615,2.256167179019065,4.990429052223027,2.349220454365165,3.223095970027236,32.89433112046779,26.541846478962665,29.448610168208603,46.99190160066827,37.91692354137523,42.06944309744086,3.4290504811082836,1.6455229446223612,2.2364212727259765,5.44293727160045,2.611941181940256,3.5498750360729785,30.847338708645403,24.896527567636646,27.55160370847135,48.96402969626254,39.518297726407376,43.73270429916087,0.7437185929648241,-0.0012814070351758744,-0.0012814070351758744,0.6030150753768844,-0.0019849246231156137,-0.0019849246231156137,0.4974874371859297,-0.002512562814070307,-0.002512562814070307,0.4375,0.11803491827637447,0.1988861386138614,0.4656716417910448,0.4371859296482412,0.1063588619790683,0.19511581278680545,0.5,0.4347826086956522,0.11591783407127831,0.1956279924553852,0.4731543624161074,23.0,-2.0,-2.0,36.0,-7.0,-7.0,44.0,-3.0,-3.0,-0.0006431862325016353,6.852202134295764e-05,-0.00012493152757452248,0.00036092479082938667,-3.9674596296279674e-05,0.0001777382952132811,0.07738095238095238,0.10775008102973162,0.002976190476190476,-1.168165683746338
24,0,test,3.4405056304468244,1.6289717654928104,2.121397688626127,7.091264382754288,3.3574918055435146,4.372436347112739,31.20273123123758,25.082904006008466,27.462647714630585,64.31229603771745,51.69865214571744,56.603568345155246,4.01048009772785,1.8497448134953274,2.5545419885909855,6.521105849963984,3.0077151438948415,4.15372681071705,55.17335280724324,46.49583705341236,50.88484814268846,89.71276879226544,75.6029870787193,82.7395904759162,3.785555031463616,1.7605780885322644,2.4268518489585738,7.09791568399428,3.301083915997996,4.550347216797326,44.06011852549923,36.4841822617587,40.16897460057374,82.61272223531105,68.40784174079755,75.31682737607576,0.7386934673366834,-0.0013065326633165952,-0.0013065326633165952,0.5979899497487438,-0.0020100502512562235,-0.0020100502512562235,0.49246231155778897,-0.002537688442211028,-0.002537688442211028,0.4,0.12064777327935228,0.17419354838709677,0.3604336043360433,0.44221105527638194,0.13895290991297338,0.20514928566035517,0.4242424242424242,0.4280936454849499,0.13760950525122706,0.2056242350288876,0.4093959731543624,21.0,0.0,0.0,36.0,1.0,1.0,42.0,0.0,0.0,0.0007940423672866175,0.0009057534803312596,0.00012853551140375337,-0.018168241249356676,-0.018519953386740617,-0.018919457501607617,0.06756756756756757,0.09043434869696644,0.8648648648648649,-0.27263760566711426
56,0,test,1.9988412514712035,0.7228062354818658,0.7228062354818658,6.74053688690567,2.437463249652737,2.437463249652737,7.38049899976732,3.79809165896729,3.79809165896729,24.88868273810424,12.80800909440636,12.80800909440636,2.2922948015241045,0.941679280554504,1.3825844734948236,4.9832495685306615,2.0471288707706607,3.0056184206409204,9.897624724389004,6.037824136515452,7.4140217253888325,21.516575487802182,13.125704644598807,16.117438533453985,2.284891816636155,0.985749762120582,1.4111597956815645,5.760231470511315,2.4850834339174335,3.557545703398902,9.824623305725643,6.158473344569089,7.428787807757756,24.767957913594056,15.525563053535516,18.728036490145602,0.4723618090452262,-0.0026381909547738003,-0.0026381909547738003,0.371859296482412,-0.008140703517588,-0.008140703517588,0.27135678391959794,-0.0036432160804020786,-0.0036432160804020786,0.3283828382838284,0.0830260445399379,0.0830260445399379,0.29586776859504127,0.321608040201005,0.07348773944912523,0.1279519467118564,0.303030303030303,0.31438127090301005,0.07231115404157429,0.12639461906763738,0.30536912751677847,22.0,0.0,0.0,29.0,0.0,0.0,32.0,0.0,0.0,0.001996585133064777,0.0006033421052362208,0.0003374784572917572,-0.13966418744567388,-0.12574829522119035,-0.13174371190407186,0.041254125412541254,0.33055417034696194,0.13696369636963696,-1.7806792259216309
119,0,test,2.699678743661656,1.277590857543834,1.6780408759599903,5.794047362127647,2.7419640042022633,3.601409365364423,14.87495228449722,10.729184984222533,12.097211672666127,31.924605195382924,23.026964264384034,25.96302154309046,3.2381332698848504,1.5034608902784892,2.077959239461064,5.53527054681171,2.5700186158606653,3.5520670760018196,25.486101640785805,19.81903078913511,22.295613170920827,43.56598571074497,33.87868510963267,38.112159266531336,2.780576778207089,1.3185807104935754,1.8032768153631613,5.452111329817821,2.5854523735168145,3.535836892868944,16.12832072972787,11.813757630794294,13.471048915177299,31.62415829358406,23.16423064861626,26.41382140230843,0.6783919597989949,0.00339195979899487,-0.0016080402010050232,0.5175879396984925,-0.002412060301507535,-0.002412060301507535,0.44221105527638194,-0.0027889447236180143,-0.0027889447236180143,0.3907103825136612,0.13559442071284267,0.1824992388186465,0.35342465753424657,0.4321608040201005,0.1514590496341356,0.20511572889489182,0.40909090909090906,0.3913043478260869,0.13087029106481818,0.18885718431107024,0.3523489932885906,16.0,-3.0,-3.0,27.0,-9.0,-9.0,37.0,-12.0,-12.0,0.00030456076935077796,0.00038224178032490264,0.00034182910345998644,-0.031615206854533895,-0.04437024420506841,-0.041349382235967624,0.06830601092896176,0.11968507478546365,0.453551912568306,-0.8384802341461182
84,0,test,2.8435546703165557,1.3346534711773799,1.3346534711773799,8.044066420307262,3.7755705147210366,3.7755705147210366,17.17671470376476,12.654955153440255,12.654955153440255,48.590813252896034,35.79931163727217,35.79931163727217,3.9142983073211486,1.8639023677908444,2.539711573056503,7.45580629965933,3.550290224363513,4.837545853440958,50.113894617833886,42.34291728345167,46.160452054909165,95.45503736730264,80.65317577800319,87.92467058077936,3.5346769094381627,1.6860126608971988,2.2979713461419955,7.363910227996173,3.5125263768691646,4.787440304462491,34.28393610844947,27.932606052882903,30.839688211667703,71.42486689260306,58.192929276839386,64.24935044097438,0.7236180904522613,-0.0013819095477386467,-0.0013819095477386467,0.6683417085427136,-0.0016582914572863539,-0.0016582914572863539,0.6281407035175879,-0.0018592964824121205,-0.0018592964824121205,0.41287878787878785,0.12353372434017595,0.12353372434017595,0.3586337760910816,0.507537688442211,0.15916676112391526,0.2571203261717603,0.5757575757575757,0.48494983277591974,0.15940726182433373,0.25246929884933467,0.47986577181208057,22.0,0.0,0.0,31.0,0.0,0.0,42.0,0.0,0.0,0.0028762046707151868,0.0003530250549079199,0.001169341693502438,-0.02103872774055837,-0.020817315555087923,-0.021134662997641662,0.04734848484848485,0.13399599215502628,0.5795454545454546,-0.8270604610443115
248,0,test,0.951013709964149,0.38522025707462415,0.5621759514457517,6.055434234873766,2.4528310246384235,3.5795693234913175,2.588332147958751,0.8274877723176941,1.1130669652519305,16.480808778839393,5.2689017339412345,7.0872835338490265,1.0115315327818633,0.3923597119313561,0.5728121693216208,6.1304941380718985,2.377937648068825,3.4715889049795203,2.749809214652619,0.8924200609254571,1.1990891770410321,16.665510391834054,5.408606429851254,7.267207133582012,0.9523654306390124,0.38090572952144586,0.5565154258074659,6.078928280674546,2.4313131671581645,3.552226122175314,2.5918332157363286,0.8209831381470203,1.1061867546894077,16.543616270657417,5.240317903066087,7.060766519294093,0.18592964824120606,-0.004070351758793889,-0.004070351758793889,0.15577889447236182,-0.004221105527638214,-0.004221105527638214,0.1306532663316583,-0.004346733668341707,-0.004346733668341707,0.180064308681672,0.0484431208807089,0.07739051189022816,0.15806451612903227,0.18090452261306533,0.040553645420082884,0.074059781377673,0.15656565656565657,0.18394648829431437,0.04538221450466495,0.07827351832768481,0.1610738255033557,16.0,0.0,0.0,18.0,0.0,0.0,22.0,0.0,0.0,0.0005679448166036578,0.0002952920055375488,7.421814866348199e-07,-0.3610587518007735,-0.3601425183119771,-0.35831188345081344,0.08038585209003216,0.25791661674134175,0.012861736334405145,-0.5715491771697998
112,0,test,1.5677445402057244,0.5383862443892309,0.7358474659832526,20.178389404583356,6.929551984235584,9.471068997655411,4.79581920878969,1.9965502531609456,2.4981457433470147,61.72683433248666,25.697533903587654,32.15355327727286,1.4594866415503582,0.41377665007287234,0.7054987318176176,16.216518239448426,4.597518334143027,7.83887479797353,4.303749594930044,1.4583315657283555,2.178290317172914,47.819439943667156,16.203684063648396,24.203225746365717,1.4653300564975285,0.44606295017453634,0.7384359853697278,21.979950847462927,6.690944252618046,11.076539780545916,4.328971809806925,1.557808758144756,2.2603262563208837,64.93457714710387,23.367131372171336,33.904893844813245,0.507537688442211,-0.0024623115577889765,-0.0024623115577889765,0.49246231155778897,-0.002537688442211028,-0.002537688442211028,0.1507537688442211,-0.0042462311557789345,-0.0042462311557789345,0.5025125628140703,0.16499687899976667,0.21316749927545842,0.49874055415617125,0.5025125628140703,0.12907897885417052,0.21035897349854438,0.4949494949494949,0.5016722408026756,0.1377323409696205,0.21913608952347652,0.49664429530201337,17.0,-5.0,-5.0,25.0,-5.0,-5.0,18.0,7.0,7.0,6.238416266787269e-05,-0.00030969095310506416,1.1580537624633822e-05,-0.24370518126965157,-0.24420460547276202,-0.24492183957678826,0.06532663316582915,0.06622690897355003,0.002512562814070352,-1.6725878715515137
128,0,test,2.124473888786779,0.9856877145242506,1.2298801980353151,5.194597740265234,2.4101266678306374,3.0072070695863498,8.368493571448164,5.245518255662576,5.922151955166829,20.46198733018728,12.825931832443251,14.480383744035969,2.888720476148921,1.310878752278967,1.8295578236825718,5.067930659910388,2.2997872846999425,3.2097505678641616,17.97030145563006,13.1258126801926,15.086346350382746,31.52684465900011,23.027741544197546,26.4672742989171,2.5645525680995958,1.1929827888491318,1.6464689223892828,5.26962856458821,2.451334497635202,3.383155319977978,12.994842761531112,9.053309582898276,10.490356456363198,26.701731701776257,18.60269092376358,21.555526965129857,0.6281407035175879,-0.0018592964824121205,-0.0018592964824121205,0.5226130653266332,-0.002386934673366814,-0.002386934673366814,0.40703517587939697,-0.00296482412060306,-0.00296482412060306,0.355,0.11654806491885139,0.15069892473118274,0.27318295739348375,0.4120603015075377,0.11381468747244994,0.18835412454593503,0.38888888888888884,0.36789297658862874,0.109128368909163,0.16322111896905145,0.32885906040268453,20.0,-3.0,-3.0,34.0,-1.0,-1.0,42.0,-4.0,-4.0,0.0007767003718079979,0.001917479973746011,0.00028487181374122356,-0.03999692353276352,-0.055708846807925205,-0.04659289882509299,0.07,0.06416645856517267,0.6825,-1.2031397819519043
228,0,test,3.131500030922027,1.511374315962471,2.049156611247694,6.307735776571512,3.044339693581549,4.127586888370356,22.908316966224483,17.854591360684008,19.95672870332043,46.14389560339503,35.96424831223493,40.19855353097401,3.0111587005579636,1.3733529642370434,1.9146667601470546,5.735540382015168,2.6159104080705586,3.6469843050420083,20.31092057091503,15.167050458435618,17.31727487663542,38.687467754123865,28.889619920829745,32.98528547930556,3.1322818287156085,1.5121561137560524,2.0497583843580727,6.309310540698583,3.0459144577086197,4.128799031349832,22.926233640579014,17.87250803503854,19.97411397110127,46.17998490459487,36.000337613434766,40.23357242750399,0.6834170854271358,-0.0015829145728643024,-0.0015829145728643024,0.5125628140703518,-0.0024371859296482556,-0.0024371859296482556,0.3919597989949749,-0.0030402010050251116,-0.0030402010050251116,0.39145907473309605,0.09128145483966799,0.16542357177451616,0.3571428571428571,0.3919597989949749,0.09371418495988715,0.15823692754255425,0.31818181818181823,0.39145907473309605,0.09128145483966799,0.16542357177451616,0.35357142857142854,18.0,0.0,0.0,31.0,0.0,0.0,36.0,1.0,1.0,0.00016605228149998495,0.00040969505976146294,3.9103172686399456e-05,-0.00025954392907312496,0.0001733692814402943,2.277625207813827e-05,0.1103202846975089,0.12419757276087072,0.017793594306049824,-0.922102689743042
154,0,test,2.7090504842579053,1.2990084343988166,1.6700415621920102,8.559688925050189,4.104430011209707,5.276769978018454,15.015011754086116,10.918884112046099,12.188597325268534,47.44239008013764,34.500003580918765,38.511870540344276,2.8119115729643096,1.2975048548469206,1.7960992965387912,8.034033065612313,3.7071567281340583,5.131712275825118,16.64169965598344,12.094976817766696,13.880093982219194,47.54771330280983,34.557076622190564,39.65741137776912,2.824966688305965,1.3426567422562354,1.82959883779767,8.474900064917895,4.027970226768706,5.48879651339301,16.860383328803444,12.45727845128167,14.154663870284285,50.58114998641033,37.371835353845015,42.46399161085285,0.5979899497487438,-0.0020100502512562235,-0.0020100502512562235,0.48743718592964824,-0.002562814070351749,-0.002562814070351749,0.3668341708542714,-0.0031658291457286047,-0.0031658291457286047,0.4,0.1390146471371505,0.18787878787878787,0.3529411764705882,0.38190954773869346,0.11373912167353051,0.16488116710430278,0.31818181818181823,0.4013377926421404,0.13923428679906868,0.19889062912712374,0.35906040268456374,18.0,0.0,0.0,29.0,0.0,0.0,37.0,0.0,0.0,0.0010388327644684414,-4.06156903074185e-05,0.0002980909698364849,-0.033001603209644514,-0.037788447997167296,-0.03555852155733508,0.06666666666666667,0.18946023858094266,0.064,-0.6147675514221191
50,0,test,3.5781740136092783,1.7196716489012498,2.3332189442157194,6.858166859417784,3.296037327060729,4.472002976413462,35.808096018556114,29.393972461680715,32.3353172567805,68.63218403556588,56.338447218221376,61.976024742162615,3.629576846079704,1.7068640482989919,2.336582613613186,6.599230629235826,3.1033891787254397,4.248332024751248,37.69686166692274,30.85737419527927,34.05318140271189,68.53974848531408,56.10431671868958,61.914875277657984,3.56917018476869,1.6978446449376992,2.3157430103981413,6.734283367488094,3.203480462146602,4.369326434713474,35.48713316652968,28.990230569261463,31.98480767374906,66.95685503118807,54.69854824388955,60.348693724054826,0.7587939698492463,-0.001206030150753712,-0.001206030150753712,0.592964824120603,-0.0020351758793969443,-0.0020351758793969443,0.4773869346733668,-0.007613065326633195,-0.007613065326633195,0.42367601246105924,0.11370716510903434,0.17341640706126693,0.384375,0.40703517587939697,0.09045226130653261,0.16080402010050254,0.36363636363636365,0.42140468227424754,0.1070234113712375,0.169453734671126,0.37583892617449666,15.0,0.0,0.0,28.0,0.0,0.0,36.0,0.0,0.0,0.00019490566643738997,0.00010469545906639972,-0.00010274503822127446,0.00042015868917300025,1.8428279449089757e-05,-0.00011740602667131839,0.1526479750778816,0.128727315325082,0.003115264797507788,-0.19939923286437988
27,0,test,2.110308549494786,0.9943566799002606,1.3604550606036274,6.256444170266894,2.9479750980572423,4.033349120848401,8.250786667976085,5.198314315589399,6.134096792663134,24.461155768587922,15.411473029747395,18.185792844130702,2.1870134491808573,0.9749499365397942,1.3738698319014206,5.72652205772356,2.5528294390976187,3.5973696914260884,8.908567455764551,5.54815570061951,6.653581787766594,23.326380574962442,14.527407689780034,17.421878628494106,2.0952899464976507,0.9858838571876654,1.3494893688520304,6.187267959657769,2.911257037107106,3.984962724492467,8.127797254945554,5.0952404633491195,6.019668774824966,24.000907188133343,15.045945368242696,17.7757277938949,0.41414141414141414,-0.0008585858585858919,-0.0008585858585858919,0.36363636363636365,-0.0013636363636363447,-0.0013636363636363447,0.28787878787878785,-0.0021212121212121904,-0.0021212121212121904,0.3306772908366534,0.11596556121438706,0.17438590010817656,0.22399999999999998,0.3535353535353535,0.13187288502149963,0.1941393803809911,0.21319796954314718,0.33599999999999997,0.12043113772455083,0.18041489361702123,0.22088353413654616,19.0,0.0,0.0,29.0,1.0,1.0,33.0,1.0,1.0,-1.0630953947670502e-05,3.791386286012901e-05,0.0008616915057921565,-0.1627784187654342,-0.1745685278018554,-0.18570768147671668,0.23904382470119523,0.08153763078369443,0.17131474103585656,-0.9446613788604736
149,0,test,3.081173905465516,1.475660171407494,2.0071987646905805,6.566087839923066,3.1446827101028667,4.277409781306134,21.783959701686225,16.803542145935026,18.856968093192393,46.422369295317544,35.80892774547534,40.18484924687207,3.1021741804393037,1.4590806385675328,2.0021182375577604,5.908903200836769,2.77920121631911,3.8135585477290674,22.246266136484472,17.075124198561795,19.24193204613301,42.37384025997042,32.52404609249866,36.65129913549144,3.083049206385532,1.4562214239091191,1.9903653014540514,6.559679162522409,3.0983434551257854,4.234819790327769,21.824849509720423,16.73713973908293,18.842582046354195,46.435850020681755,35.61093561507007,40.09060009862595,0.6331658291457287,-0.0018341708542712887,-0.0018341708542712887,0.5025125628140703,-0.0024874371859296973,-0.0024874371859296973,0.4120603015075377,-0.0029396984924623393,-0.0029396984924623393,0.40909090909090906,0.1270811846176514,0.1898684468878853,0.3680781758957655,0.39698492462311563,0.11377690457299028,0.18162599307052796,0.33838383838383834,0.40802675585284276,0.12422041194633193,0.18666969244906073,0.3691275167785235,21.0,-4.0,-4.0,30.0,-2.0,-2.0,39.0,-4.0,-4.0,0.00050416786586969,-5.479650336454716e-06,-1.0517535634509636e-05,0.00047149473440466494,6.878410509703059e-05,-7.1846786077856e-05,0.08116883116883117,0.143924872576296,0.003246753246753247,-0.6633017063140869
57,0,test,3.5662982924882596,1.6859800627845534,2.310402189815969,6.359482969122421,3.006467944126302,4.119947960860644,35.38536414751141,28.829773433537333,31.874380981009725,63.099775228079785,51.409735843021124,56.83893111998238,3.5631036697881036,1.6887781230103314,2.311079345449995,5.9884095290556365,2.8382825596812293,3.8841669671428494,35.27250163251461,28.756079016866735,31.775085932508475,59.28151534876405,48.32954456616258,53.40350576892181,3.566623631024671,1.687099099328361,2.3112547912598265,6.360063118260777,3.0084634288722527,4.121468334064726,35.39687824298147,28.84648862397199,31.887745799720417,63.120307356365565,51.439542651138865,56.86276348901194,0.7236180904522613,-0.0013819095477386467,-0.0013819095477386467,0.592964824120603,0.002964824120602949,-0.0020351758793969443,0.4623115577889447,-0.002688442211055242,-0.002688442211055242,0.405511811023622,0.09509923734975168,0.16729191573566393,0.3596837944664032,0.3919597989949749,0.0811828566390852,0.15322858029714514,0.33333333333333337,0.405511811023622,0.09509923734975168,0.16729191573566393,0.3596837944664032,16.0,0.0,0.0,25.0,0.0,0.0,34.0,0.0,0.0,0.0001704826738041842,4.254860152358585e-05,0.0002442503862601279,-7.243603883999583e-05,-0.00013431153772813786,0.00011739929023413254,0.10236220472440945,0.15190531959734815,0.14173228346456693,-0.39557409286499023
255,0,test,2.533369618900512,1.2279149965365945,1.2935929500041128,7.075963418308327,3.4296936110160057,3.613138929321832,12.595878016665866,8.906512035881374,9.141036211700868,35.18159032241156,24.876809479530735,25.53185976371622,3.2814023531739362,1.5431524763991786,2.1128749598179066,6.69673949627334,3.1492907681615896,4.311989713914095,26.613067463172303,20.925686373348636,23.395816060565554,54.31238257790266,42.705482394589055,47.746563388909294,2.906781406250446,1.387012957051401,1.88677727315312,7.1478231301240465,3.410687599306723,4.639616245458491,18.297810470171363,13.726643854873052,15.524604244299516,44.99461591025745,33.75404226608127,38.175256338441436,0.6231155778894473,-0.0018844221105527303,-0.0018844221105527303,0.5276381909547738,-0.007361809045226098,-0.002361809045226204,0.4522613065326633,-0.0027386934673366836,-0.0027386934673366836,0.3731958762886598,0.12705787422892756,0.1356592193971642,0.2851239669421488,0.42713567839195976,0.1389151270135136,0.21344619592117509,0.31818181818181823,0.38795986622073575,0.11417021680504291,0.18884974386256004,0.2986577181208053,18.0,0.0,0.0,31.0,-1.0,0.0,39.0,1.0,1.0,0.0008112708253221302,0.0011243026651360964,0.0008318766698846899,-0.08584900898478676,-0.09296145904161879,-0.10282561703655979,0.10721649484536082,0.07955426413966604,0.7876288659793814,-0.8287091255187988
136,0,test,2.8564359579018985,1.3078472215854418,1.816329110844965,5.624981578637585,2.575452990199024,3.57677117212547,17.39940408946115,12.694578344005992,14.56988476544802,34.26344189924657,24.998554277427182,28.69146538426687,2.8564359579018985,1.3078472215854418,1.816329110844965,5.624981578637585,2.575452990199024,3.57677117212547,17.39940408946115,12.694578344005992,14.56988476544802,34.26344189924657,24.998554277427182,28.69146538426687,2.856486851556637,1.3078981152401803,1.8164255177144149,5.625081799988455,2.575553211549894,3.576961019499156,17.40028963125957,12.695463885804413,14.570899084836402,34.26518573540346,25.000298113584073,28.6934628132163,0.6141732283464567,0.20417322834645668,0.20417322834645668,0.4803149606299213,0.15531496062992134,0.15531496062992134,0.3779527559055118,0.1229527559055118,0.1229527559055118,0.3858267716535433,0.10739539910452367,0.1691165888859193,0.2936507936507936,0.3858267716535433,0.10739539910452367,0.1691165888859193,0.2936507936507936,0.3858267716535433,0.10739539910452367,0.1691165888859193,0.2936507936507936,17.0,3.0,3.0,25.0,3.0,3.0,31.0,6.0,6.0,0.00020784850436850595,0.00021839320028627576,0.00023266407294781846,-0.014732029997640339,-0.016658758711007415,-0.01578260202798365,0.1968503937007874,0.11077628389891789,0.7401574803149606,-1.0323951244354248
153,0,test,1.708879362410548,0.8188979730502206,0.909837036630049,4.761938223302564,2.2819291078289687,2.535338571584954,5.52276898597906,3.087684653587974,3.299358380417762,15.389667235319697,8.60409687005917,9.193943779578763,1.9265147343738491,0.8367392493991044,1.177408768649391,4.698816425302072,2.0408274375587916,2.871728704022906,6.865540263489406,3.8919338851883563,4.7504320716488,16.74522015485221,9.492521671191113,11.586419686948293,1.9658133197125982,0.8992673463286363,1.247979634493879,4.997830473845589,2.286272914394838,3.1728295792217263,7.140717915688515,4.235390843429805,5.09073043691005,18.15436758225894,10.767942822279167,12.942535009093351,0.36180904522613067,-0.0031909547738693256,-0.0031909547738693256,0.29648241206030146,-0.0035175879396985854,-0.0035175879396985854,0.23115577889447236,-0.003844221105527623,-0.003844221105527623,0.2828947368421053,0.10217184527584022,0.115739311622164,0.2681318681318682,0.31155778894472363,0.11356280147605191,0.14795177892802913,0.28787878787878785,0.3177257525083612,0.12073076085560663,0.1608848181368373,0.31543624161073824,14.0,0.0,0.0,19.0,0.0,0.0,26.0,0.0,0.0,0.0006106339206708179,0.00032023910872594084,-2.898988686191299e-05,-0.21132380123992167,-0.22233695908057438,-0.2144915394612772,0.08552631578947369,0.09294819375270062,0.08771929824561403,-2.3547873497009277
191,0,test,3.344280140198472,1.6102729061042826,2.185853005261519,6.261235595816028,3.0147887186507956,4.092402570961843,28.34016737471872,22.67686469648142,25.155247489478757,53.0590911404456,42.4561300150791,47.09621335530189,3.2226492552312487,1.5106983504307443,2.077168552564738,5.725957158848379,2.68418724764034,3.6906834103605606,25.094513967867325,19.55475548421385,21.950561667960486,44.58757392504998,34.744610190701394,39.00144439217979,3.3043495089687047,1.568041793020531,2.144526247443888,6.253167741655966,2.967370228564169,4.058312329023559,27.23082242058651,21.554476420093557,24.04145287859526,51.53174622629979,40.78980031397452,45.49616715632901,0.6515151515151515,-0.003484848484848535,0.0015151515151514694,0.5151515151515151,0.005151515151515129,0.005151515151515129,0.40909090909090906,-0.0009090909090909705,-0.0009090909090909705,0.40476190476190477,0.1239298096653223,0.18793022159358796,0.4059701492537313,0.40909090909090906,0.12949393176093427,0.1943258084197681,0.3908629441624365,0.3993288590604027,0.11959686576057027,0.18615921620325981,0.4006734006734006,26.0,-3.0,-3.0,37.0,-5.0,-5.0,43.0,-4.0,-4.0,0.0006556067311530055,-0.00020715226451002768,-6.978428740654731e-05,-0.008982235439184194,-0.007774098612274294,-0.00819444070002362,0.08333333333333333,0.12393372288315693,0.002976190476190476,-1.2792892456054688
202,0,test,1.5818495797136636,0.6072539550580968,0.6072539550580968,5.904228367593674,2.2665657176053804,2.2665657176053804,4.86394374840749,2.213848387349527,2.213848387349527,18.15459258959738,8.263153853419254,8.263153853419254,1.9573321423941186,0.8215518267263069,1.1912938879335866,5.513611668715828,2.314230497820583,3.3557574307988363,7.080412313599871,3.966810125802336,4.92918557727031,19.944823418591188,11.174113030429115,13.885029795127632,1.743955004977747,0.7530955882793078,1.0771061222081415,5.338637770340042,2.305394657997881,3.2972636394126784,5.71992106217684,3.026372703828912,3.7718320802786556,17.509962435235224,9.264406236210954,11.546424735546903,0.36180904522613067,-0.00819095477386933,-0.0031909547738693256,0.2814070351758794,-0.003592964824120637,-0.003592964824120637,0.24120603015075381,-0.0037939698492461815,-0.0037939698492461815,0.27863247863247864,0.07628643757676012,0.07628643757676012,0.25171232876712324,0.2814070351758794,0.09093084469968893,0.131156617813609,0.24747474747474751,0.28428093645484953,0.08561649572029195,0.12966469618788623,0.25503355704697983,20.0,-6.0,-6.0,27.0,-6.0,-6.0,32.0,-4.0,-4.0,0.0011901119664160863,0.0004287505616833416,0.0005166319257834482,-0.25997385604293655,-0.2598966043355384,-0.26611912872793386,0.05982905982905983,0.09597689157778637,0.13162393162393163,-1.8125944137573242
264,0,test,0.9942759402886745,0.1750846255079176,0.1750846255079176,5.965655641732047,1.0505077530475049,1.0505077530475049,2.7027666681753297,0.4341022080805037,0.4341022080805037,16.21660000905198,2.604613248483023,2.604613248483023,2.2555210795613645,1.00158021167767,1.4157481937864924,5.434990553159914,2.4134462931992045,3.4114414308108247,9.540263251357231,6.036138174512287,7.224422294731593,22.98858614784875,14.544911263885027,17.408246493329138,1.7120288779649662,0.7731337447246452,1.0821373999971708,5.522673799886988,2.4939798216924043,3.4907658064424867,5.540190452993588,2.9830359110903553,3.662783624789056,17.87158210643093,9.622696487388245,11.815431047706635,0.5175879396984925,-0.002412060301507535,-0.002412060301507535,0.3869346733668342,-0.0030653266331658324,-0.0030653266331658324,0.31155778894472363,-0.003442211055276312,-0.003442211055276312,0.23566878980891715,0.02648012900735308,0.02648012900735308,0.17219387755102045,0.3467336683417085,0.08858830493318715,0.1497386766889539,0.31818181818181823,0.3377926421404682,0.11575591426066856,0.16092946082789872,0.2516778523489933,25.0,-7.0,-7.0,33.0,-5.0,-6.0,40.0,-6.0,-6.0,0.004586308553997987,0.0023122533666474405,0.00020643987362289537,-0.1841856483998736,-0.20453657514274948,-0.18642584920625715,0.0840764331210191,0.044650621178792385,0.19872611464968154,-1.414535403251648
256,0,test,4.125078566410815,2.026631417794239,2.7243088839056915,6.5313743968171245,3.2088330781742114,4.313489066184012,61.87267017303582,53.719171268072145,57.814347788240795,97.96506110730672,85.0553545077809,91.53938399804794,4.31787127092359,2.0875944368713464,2.8283977857434097,6.444583986453118,3.1158125923452924,4.22148923245285,75.02874231010853,65.7263013546226,70.59398237273945,111.98319747777391,98.09895724570538,105.36415279513349,4.135230945184964,2.0283133921083323,2.7279184524020907,6.563858643150737,3.219545066838623,4.330029289527128,62.50402440722428,54.281168743553934,58.419062134186404,99.21273715432424,86.16058530722846,92.72867005426413,0.8140703517587939,-0.0009296482412060048,-0.0009296482412060048,0.6783919597989949,-0.0016080402010050232,-0.0016080402010050232,0.5477386934673367,-0.002261306532663321,-0.002261306532663321,0.44224422442244227,0.10616514699245871,0.18977441103056525,0.4072847682119205,0.4371859296482412,0.1013463306507475,0.17508242380516947,0.40909090909090906,0.44147157190635455,0.10925120462755655,0.18896879103872388,0.40604026845637586,26.0,0.0,0.0,36.0,1.0,1.0,47.0,0.0,0.0,0.0013469756750896422,0.0005068793463193289,0.00031107107789021034,0.0004912393671849813,8.815173034548707e-05,-5.432400123339676e-05,0.0891089108910891,0.10648153564500992,0.43564356435643564,-0.9394659996032715
25,0,test,2.8357695733575103,1.3347685241821383,1.8310140071405,4.939121839688909,2.324795509005976,3.1891171117745136,17.043511487098016,12.557333779313247,14.312271903095386,29.685056431170715,21.871382675227707,24.92799675837143,2.922435618893066,1.3815942622503972,1.8902484685826202,4.970638360339488,2.3498910956224703,3.2150379935721487,18.586502010140222,13.917985503691739,15.779303118917817,31.612939316392346,23.67247107038168,26.838301886022613,2.8539478431447263,1.34422590525335,1.8438631937888597,4.9518830126087305,2.332365477989257,3.1992858064415977,17.356166188116486,12.830693931128192,14.610332749905083,30.11467245885112,22.26252854275223,25.350378678643256,0.7070707070707071,-0.0029292929292928926,-0.0029292929292928926,0.5353535353535354,-0.004646464646464676,-0.004646464646464676,0.38888888888888884,-0.006111111111111178,-0.006111111111111178,0.38167938931297707,0.09025081788440559,0.14817685124191105,0.421455938697318,0.38888888888888884,0.08410299468233973,0.14560029828486198,0.4568527918781726,0.3908045977011494,0.10017362255774598,0.15895746394318766,0.4192307692307692,22.0,0.0,0.0,29.0,0.0,0.0,38.0,0.0,0.0,5.58226242815973e-05,0.00019327244972513794,4.0155077292288676e-05,-0.008534773435994403,-0.009617164559794666,-0.007452698255372425,0.10305343511450382,0.18265471092954866,0.003816793893129771,-1.4395551681518555
162,0,test,2.3202545298375803,1.0346088512095961,1.3666470054744648,5.399334440502545,2.407580345582079,3.1802477485883776,10.178264648447456,6.561262023741433,7.583210132775874,23.685269936638736,15.268345589838557,17.646463830987884,1.9969091355407667,0.8138462771102628,1.1741447356650818,4.75454556081135,1.9377292312149117,2.795582703964481,7.3662527871742896,4.101895616416905,5.08946769669965,17.53869711231974,9.766418134325965,12.117780230237262,2.154308164954583,0.9404808946374466,1.3214128345703609,4.971480380664422,2.170340526086415,3.049414233623909,8.621923166507106,5.255579229406269,6.321954889155364,19.89674576886255,12.128259760168316,14.589126667281612,0.38190954773869346,-0.0030904522613065533,-0.0030904522613065533,0.31155778894472363,-0.003442211055276312,-0.003442211055276312,0.2613065326633166,-0.003693467336683409,-0.003693467336683409,0.3550135501355014,0.10873479506107653,0.1438698551208386,0.3804347826086957,0.31155778894472363,0.08599387917028756,0.12624894086459004,0.33333333333333337,0.32441471571906355,0.08401404793943079,0.13197867567456967,0.3523489932885906,18.0,0.0,0.0,24.0,0.0,0.0,31.0,0.0,0.0,-0.0011957222401428231,-0.0007058175675707212,-0.00034088720302443884,-0.12120978138447214,-0.11262247930422209,-0.11562930081362932,0.06775067750677506,0.22591719440947103,0.2981029810298103,-1.4075844287872314
137,0,test,1.2043328329520542,0.0,0.0,103.89636901907882,0.0,0.0,3.3345336448140084,0.0,0.0,287.6662734660515,0.0,0.0,2.115348022749376,1.01090104650023,1.3750876179322011,6.410145523482957,3.0633365045461507,4.166932175552125,8.292471232623608,5.274916005049882,6.195989855355219,25.128700704920025,15.984593954696612,18.775726834409753,1.778038369761737,0.8570873036891699,1.1590118796176054,7.18423611565891,3.4630959973386726,4.683034486563027,5.918235634499005,3.406557608386713,4.061116396835547,23.912871009664897,13.76433412037334,16.409105441267954,0.4371859296482412,-0.002814070351758735,-0.002814070351758735,0.3869346733668342,-0.0030653266331658324,-0.0030653266331658324,0.3065326633165829,-0.0034673366834171437,-0.0034673366834171437,0.303030303030303,0.0,0.0,0.2759295499021527,0.37688442211055273,0.16134557499275826,0.22162565750287322,0.3282828282828283,0.36241610738255037,0.15806099850482846,0.21955896452540746,0.3097643097643098,15.0,0.0,0.0,23.0,0.0,0.0,31.0,1.0,1.0,0.002673694351698192,0.001964437280678234,0.0011110360669091893,-0.2703311016388561,-0.3109671027081653,-0.334310564203566,0.028347996089931573,0.08471650156757647,0.006842619745845552,-3.985703945159912
206,0,test,1.01148547221536,0.0,0.0,8.869949525580848,0.0,0.0,2.7496825597993357,0.0,0.0,24.11260090900956,0.0,0.0,1.8648323529356496,0.8779317238311289,1.2021869927796522,6.3661518255389415,2.9970772641131638,4.104017665006399,6.45485365801101,3.7719474066685486,4.514936325312974,22.03553490148586,12.876648043454699,15.41305848986153,1.7276603857532336,0.7904294843317374,1.0910513915103552,7.052641026773474,3.2266847442583253,4.453881022877889,5.627472380041635,3.074569996822377,3.7374115868901203,22.972421496608316,12.550984370589976,15.25683086155145,0.3299492385786802,0.004949238578680237,0.004949238578680237,0.2791878172588832,0.004187817258883175,0.004187817258883175,0.24365482233502533,0.003654822335025343,0.003654822335025343,0.2052785923753666,0.0,0.0,0.17123287671232879,0.2842639593908629,0.09739527252217606,0.14140681653372,0.24489795918367352,0.29292929292929293,0.10836553454003117,0.1487952147170024,0.2635135135135135,19.0,0.0,0.0,26.0,0.0,0.0,34.0,0.0,0.0,0.004499317018840527,0.001521048813486621,0.0015696235967939038,-0.2396943494862973,-0.2608737419027918,-0.282539883959001,0.024437927663734114,0.11326802815867987,0.03128054740957967,-2.1307153701782227
151,0,test,1.6526216875504787,0.7932540395849276,0.9673372269485904,5.900149358184604,2.832056088693557,3.453563608491897,5.220648811442104,2.858981994830814,3.2363125907057277,18.638632160148568,10.207067297334575,11.554203722958169,1.7068359612744872,0.733727572324879,1.0551552090529706,4.876674175069963,2.0963644923567966,3.0147291687227726,5.511495275837735,2.8653383018440666,3.592732190171108,15.747129359536386,8.186680862411619,10.264949114774595,1.6594362662991264,0.727057857174479,1.0342622019527805,5.531454220997088,2.4235261905815966,3.447540673175935,5.256346829216648,2.7158023775138105,3.3877756484689607,17.52115609738883,9.052674591712703,11.292585494896539,0.3668341708542714,-0.0031658291457286047,-0.0031658291457286047,0.2864321608040201,-0.003567839195979916,-0.003567839195979916,0.2361809045226131,-0.0038190954773869024,-0.0038190954773869024,0.29556650246305416,0.11083743842364524,0.13818624830860649,0.27901234567901234,0.3065326633165829,0.10552763819095479,0.15745393634840865,0.2777777777777778,0.29431438127090304,0.10869565217391308,0.15273132664437017,0.2751677852348994,18.0,-4.0,-4.0,24.0,-8.0,-8.0,32.0,-8.0,-8.0,0.0005926400761077955,0.0001797675793694485,0.0001256492382827868,-0.24029969809145868,-0.24695266622029344,-0.24256094258527483,0.0665024630541872,0.12765169950928398,0.007389162561576354,-2.2198903560638428
113,0,test,2.822737361447261,1.3155634548461075,1.8118949443712271,5.716486983559862,2.664222845663186,3.6693721514939313,16.822837889478404,12.308881999141864,14.074922958778261,34.068891826490855,24.92742140706717,28.503932029727046,3.06076605011251,1.3906967317785923,1.9392911267106252,5.323071391500018,2.4186030117888566,3.3726802203663055,21.343901399043457,16.031365358478237,18.274523435282646,37.11982852007558,27.88063540604911,31.78177988744808,2.880077695394407,1.3335329242117488,1.8421761553005052,5.6843638724889605,2.6319728767337143,3.6358739907246806,17.815657320362945,13.1204382534895,14.992371079560037,35.16248155334792,25.895601816097695,29.59020607807902,0.6934673366834171,-0.0015326633165829717,0.0034673366834171437,0.507537688442211,-0.0024623115577889765,-0.0024623115577889765,0.3869346733668342,-0.0030653266331658324,-0.0030653266331658324,0.3862928348909658,0.08458210394228771,0.16142236856972225,0.35,0.3869346733668342,0.08618279366758608,0.14820345466900442,0.35858585858585856,0.38795986622073575,0.09079792965980082,0.1543669852418703,0.3557046979865772,22.0,-3.0,-3.0,35.0,-4.0,-4.0,40.0,-3.0,-3.0,0.001033610006368982,0.0002724812996890434,0.00028717798575433325,-0.002799980441166916,-0.0042250248532784695,-0.00430560651243983,0.09034267912772585,0.11410533119157192,0.6635514018691588,-0.9992160797119141
72,0,test,1.87891647815481,0.875310398751125,1.0571645431288927,5.188795837023548,2.4172479223789347,2.9194544005612473,6.546407842092898,3.818305978246645,4.271926749937367,18.078490530812836,10.544593330654642,11.797307647178027,2.080506184563919,0.8928331225145285,1.2804909092819114,4.5228395316606935,1.9409415706837576,2.783675889743286,8.008521678539955,4.729080412882567,5.782946754022536,17.40982973595642,10.28060959322297,12.571623378309859,2.046157030128281,0.8700900215290674,1.2559547296404399,4.990626902751906,2.122170784217238,3.0633042186352197,7.738106582785016,4.496506668599935,5.534264363266563,18.87343068971955,10.967089435609598,13.498205764064789,0.44221105527638194,-0.0027889447236180143,-0.0027889447236180143,0.3668341708542714,-0.0031658291457286047,-0.0031658291457286047,0.29145728643216084,-0.0035427135678391952,-0.0035427135678391952,0.3245192307692307,0.11683615753993903,0.14367856605759832,0.3421686746987952,0.3668341708542714,0.1362577297515145,0.1882031191013499,0.41414141414141414,0.35785953177257523,0.13415335481097257,0.18989512687824817,0.38926174496644295,19.0,0.0,0.0,30.0,0.0,0.0,39.0,0.0,0.0,-0.00032772396504723915,0.0001285494373883649,-3.1109373218778104e-05,-0.12585317328980494,-0.1298437214915813,-0.13171520457682373,0.0985576923076923,0.10734619511163547,0.8317307692307693,-1.6688449382781982
164,0,test,2.380313485912589,1.1214662124030637,1.1214662124030637,7.561849549758895,3.562706686963391,3.562706686963391,10.80829057973884,7.28693059775987,7.28693059775987,34.336093853926435,23.149334398981054,23.149334398981054,2.058166343252155,0.8979253059818353,1.2755616763934792,5.717128731255986,2.494236961060653,3.543226878870775,7.831596177014589,4.640893915415669,5.644434496704774,21.754433825040525,12.891371987265748,15.678984713068818,2.382424165421132,1.1144830201156162,1.529363114283711,6.962229842638453,3.2568872723767037,4.469303858246573,10.831127509429491,7.277598683247005,8.484307906367981,31.65212990619686,21.267545666576197,24.79394834773555,0.40201005025125625,-0.002989949748743781,-0.002989949748743781,0.3266331658291457,-0.0033668341708542604,-0.0033668341708542604,0.24120603015075381,-0.0037939698492461815,-0.0037939698492461815,0.33653846153846156,0.10486690728626213,0.10486690728626213,0.35452793834296725,0.3266331658291457,0.11610685003967203,0.1730438503032692,0.31818181818181823,0.35,0.12038269550748748,0.1781596452328159,0.3745819397993311,17.0,0.0,0.0,24.0,0.0,0.0,31.0,0.0,0.0,-0.0009712655403878796,-0.0004054702963375494,-0.0002685568140379647,-0.08735313253466259,-0.09410513718262692,-0.10042722985829045,0.04807692307692308,0.15499197539724802,0.009615384615384616,-1.8463568687438965
61,0,test,1.3259358895247675,0.6080187766671601,0.7024399196872169,6.39908190161953,2.9343514873936853,3.390036134142655,3.7657079930067736,1.7155494814788743,1.9002698218185103,18.173634227119646,8.279390975832827,9.1708674009502,1.780420368445297,0.7770681282239928,1.0910648356807997,5.743291511113862,2.506671381367719,3.5195639860670958,5.932349667119452,3.2049402145354975,3.9399186042704586,19.13661182941759,10.338516821082251,12.70941485248535,1.5049553433843257,0.6634487347339161,0.9260636947200162,6.101170311017537,2.6896570327050657,3.754312275891958,4.503952494521933,2.184093028969827,2.719892525234438,18.25926686968351,8.854431198526326,11.02659131851799,0.3015075376884422,-0.0034924623115578646,-0.0034924623115578646,0.26633165829145733,-0.0036683417085426884,-0.0036683417085426884,0.20603015075376885,-0.003969849246231116,-0.003969849246231116,0.2257336343115124,0.08368177410858113,0.09767889335354563,0.16515837104072395,0.26633165829145733,0.09841185879271042,0.1394535280744289,0.16666666666666663,0.23745819397993306,0.07552163304504156,0.11398767117681852,0.16442953020134232,19.0,0.0,0.0,25.0,-1.0,-1.0,28.0,-1.0,-1.0,0.0012121478610581762,0.001165308100806862,0.000186049936602499,-0.19616142129011216,-0.19599321377561862,-0.20067712438024454,0.056433408577878104,0.1193134856166975,0.09255079006772009,-0.7252917289733887
217,0,test,1.095784733092604,0.380302396040029,0.380302396040029,5.993466061871722,2.0800887574711155,2.0800887574711155,2.9915293145840143,0.946356407518961,0.946356407518961,16.362364685855173,5.176158089821099,5.176158089821099,1.9602827794663087,0.8481765939941153,1.2136641913133062,4.536003175741808,1.9626411884282438,2.8083624892017207,7.101334892948125,4.060578841984052,4.991481236069728,16.432158647635777,9.39599057621891,11.550055418347393,1.6032578757822804,0.7204175527765564,1.0098644212379067,4.746278265929721,2.1327212701008946,2.989598633169644,4.969195102482605,2.551437928062881,3.1590745356945993,14.7107855014089,7.553266737532689,9.352111744284013,0.43434343434343436,-0.005656565656565582,-0.005656565656565582,0.31818181818181823,-0.006818181818181723,-0.006818181818181723,0.26262626262626265,-0.007373737373737366,-0.007373737373737366,0.2531847133757962,0.06452391181176875,0.06452391181176875,0.2089314194577353,0.31818181818181823,0.07636821616670486,0.14200732153752293,0.35025380710659904,0.28523489932885904,0.07585466482299641,0.13121704218600194,0.2861952861952862,14.0,0.0,0.0,21.0,0.0,0.0,32.0,0.0,0.0,0.0026821484750333456,0.00022167118417434626,0.00040160734079278544,-0.20286980253621323,-0.1956554105515984,-0.2015424951184599,0.03980891719745223,0.12394363504297336,0.2945859872611465,-1.454785704612732
101,0,test,2.916322104561265,1.3738319087468187,1.7132714902157544,5.462969576149975,2.5735161107510827,3.209367721108385,18.473219792780103,13.79699930387305,15.142959009093188,34.604763837179625,25.845083203029795,28.366388002949208,3.217991609085087,1.5041550480604238,2.073567502342364,5.028111889195448,2.3502422625944117,3.239949222409943,24.977904375511706,19.42768995674181,21.83727220846123,39.02797558673704,30.35576555740908,34.120737825720674,3.0072902005682094,1.4213551975860157,1.94900055450972,5.245273605642225,2.479107902766306,3.399419571819279,20.23249955853676,15.348643894556384,17.351061065907,35.289243416052486,26.770890513761135,30.263478603326163,0.6783919597989949,-0.0016080402010050232,-0.0016080402010050232,0.5376884422110553,-0.0023115577889447625,-0.0023115577889447625,0.4170854271356784,-0.0029145728643216184,-0.0029145728643216184,0.3919597989949749,0.119688782683808,0.15246810789038057,0.35516372795969775,0.3869346733668342,0.08868905933174642,0.16322849640523152,0.36363636363636365,0.3946488294314381,0.11251193460673026,0.1777411542367774,0.36241610738255037,18.0,0.0,0.0,29.0,0.0,1.0,38.0,0.0,0.0,0.00045105696990908954,0.0006887851712796698,0.00016753892549506755,-0.012446322604670712,-0.01709383202858028,-0.014527907064095125,0.0728643216080402,0.09686531766251054,0.27386934673366836,-1.3327229022979736
192,0,test,2.335725325856557,1.071151367765022,1.2610295577791624,5.392046762881626,2.47276432771287,2.911100149341258,10.336954871549661,6.7953713199210934,7.407853232807291,23.862970288577408,15.687186983222098,17.101107994884913,2.6705951522220417,1.1660477978979666,1.6496571631516341,4.900174591233104,2.1395372438494804,3.026893877342448,14.44856573042468,9.946450424446502,11.672768519739188,26.51112978059574,18.250367751277984,21.417923889429705,2.661656114752427,1.1935604221819798,1.6757354840913152,5.43195125459679,2.4358375962897547,3.4198683348802352,14.319985010117206,9.97902426884545,11.639706714818132,29.22445920432083,20.365355650705002,23.754503499628846,0.6130653266331658,-0.001934673366834172,-0.001934673366834172,0.42713567839195976,-0.002864321608040288,-0.002864321608040288,0.3417085427135679,-0.003291457286432098,-0.003291457286432098,0.34411085450346424,0.09151569879412169,0.12025943710365972,0.35185185185185186,0.38190954773869346,0.10120779335272856,0.1548644726134848,0.4444444444444444,0.3846153846153846,0.12418132785411584,0.17883117994352693,0.41946308724832215,16.0,0.0,0.0,26.0,0.0,0.0,33.0,1.0,1.0,-8.433088653962975e-05,0.00041256886749832793,0.00033890104013197106,-0.0718070754421225,-0.07816638420370481,-0.08018745508516556,0.06928406466512702,0.08306250027352563,0.5334872979214781,-1.3937814235687256
141,0,test,2.087059538301854,0.9346509099184082,0.9346509099184082,6.9356551730153075,3.106004548204466,3.106004548204466,8.06117669905976,4.895367707814265,4.895367707814265,26.7886664694364,16.268142687553503,16.268142687553503,3.1561018399351357,1.4857885499192949,2.038066289834389,6.312203679870271,2.9715770998385898,4.076132579668778,23.478892826123246,18.165060519085205,20.420053465498288,46.95778565224649,36.33012103817041,40.840106930996576,2.6072561917544257,1.2516730582832523,1.6998334411854932,6.464271549804361,3.103321632107237,4.2144630773194045,13.561788807301422,9.682766522330649,11.083860749134097,33.624269770168816,24.006859146274337,27.480646485456436,0.6180904522613065,-0.0019095477386934512,-0.0019095477386934512,0.5326633165829145,-0.0023366834170853723,-0.0023366834170853723,0.4120603015075377,-0.0029396984924623393,-0.0029396984924623393,0.3474264705882353,0.11868746765568394,0.11868746765568394,0.2744014732965009,0.39698492462311563,0.11628317023715073,0.18329544215233096,0.3434343434343434,0.3913043478260869,0.13921753647383317,0.2099917783043962,0.30201342281879195,19.0,0.0,0.0,33.0,0.0,0.0,41.0,1.0,1.0,0.001809883920393041,0.0008120494524751856,0.0011514277733277352,-0.1266936416483988,-0.13291209193032572,-0.13698871625570863,0.051470588235294115,0.06760117431219952,0.3492647058823529,-1.994309425354004
155,0,test,2.2101787880172417,1.0383702946750288,1.2879775254364467,5.135791172155671,2.4128604535223213,2.9928726313609917,9.117346319601282,5.889521456657428,6.602526238707243,21.185972372715117,13.6854776044872,15.342286404394866,3.0811866238505514,1.4528863895672068,1.9919834094063849,5.2669856817958145,2.483566477892661,3.4050998451391195,21.78423676023517,16.689030064076512,18.812331602408364,37.238011555957556,28.528256519788904,32.15783179898865,2.738061572017492,1.2667344156002285,1.7525365177137853,5.265503023110561,2.4360277223081312,3.3702625340649712,15.456993768470136,11.101982680134787,12.777775518217748,29.724988016288723,21.3499666925669,24.572645227341823,0.6834170854271358,-0.0015829145728643024,-0.0015829145728643024,0.5276381909547738,-0.002361809045226204,-0.002361809045226204,0.44221105527638194,-0.0027889447236180143,-0.0027889447236180143,0.3591022443890274,0.10505492184855414,0.1420934467350684,0.3025,0.4321608040201005,0.13391518998501273,0.20845462705849782,0.4494949494949495,0.3946488294314381,0.11251193460673026,0.17440411307993642,0.37583892617449666,15.0,0.0,0.0,27.0,0.0,0.0,33.0,0.0,0.0,0.0004986813388456311,0.002044796647280643,0.00023011633492004893,-0.0375699565588663,-0.04898861054789627,-0.045170825813712234,0.08229426433915212,0.05574910337831235,0.8503740648379052,-1.1206543445587158
209,0,test,3.195282935600277,1.5383378322169001,1.7661214412748947,7.872177511730291,3.789983150880743,4.351170701688427,24.417081176582137,19.17381246703194,20.241884379049843,60.15604915571353,47.23827540760384,49.869670453413306,3.382709267277191,1.6239805604238546,2.2078095496499275,6.765418534554382,3.2479611208477093,4.415619099299855,29.45045227241188,23.645399494833253,26.21263404094985,58.90090454482376,47.290798989666506,52.4252680818997,3.2024196751396166,1.5385460037745724,2.0879274981987095,7.223503026630714,3.470404519792268,4.709610898192578,24.591962825368412,19.312239629256943,21.54394289407613,55.47059283917687,43.561442772760024,48.59535991144992,0.6733668341708543,-0.001633165829145744,-0.001633165829145744,0.6180904522613065,0.0030904522613065533,0.0030904522613065533,0.542713567839196,-0.0022864321608039306,-0.0022864321608039306,0.5113636363636364,0.19013775668145705,0.23277126099706746,0.4760820045558086,0.5025125628140703,0.17920429213737854,0.28047583493427064,0.4444444444444444,0.5050167224080268,0.18281304962004674,0.2836596590042447,0.4530201342281879,25.0,-3.0,-3.0,36.0,-2.0,-2.0,40.0,0.0,0.0,0.00012166978092425459,0.00047092800283401163,7.852304158896739e-06,-0.06558090655368876,-0.07190980518132761,-0.0723626916052682,0.056818181818181816,0.20231378263769298,0.00909090909090909,-0.40700435638427734
105,0,test,2.1741415736072898,0.9980847207311656,1.384837893116755,5.28005810733199,2.4239200360614026,3.363177740426406,8.794632336384337,5.553065342823185,6.592769644000709,21.358392816933392,13.486015832570594,16.011011992573152,2.579636934576919,1.1565990094968213,1.6238744973764792,5.1081919496572645,2.2902950683105368,3.2155930641118395,13.192347604803995,9.04263979254194,10.591694943251142,26.123460603572266,17.90621741097414,20.97365335297256,2.17507375709415,0.9986658605396426,1.3857331298706974,5.2823219815143645,2.4253313755962753,3.3653518868288366,8.8028343697274,5.5601292448098825,6.600890324208097,21.37831204076654,13.503171023109712,16.03073364450538,0.5527638190954773,-0.0022361809045226,-0.0022361809045226,0.3869346733668342,-0.0030653266331658324,-0.0030653266331658324,0.29145728643216084,-0.0035427135678391952,-0.0035427135678391952,0.31496062992125984,0.08902742756369597,0.1369501587170714,0.21739130434782605,0.3417085427135679,0.08356317930504653,0.1346968565699953,0.2525252525252525,0.31496062992125984,0.08902742756369597,0.13825905924063153,0.21739130434782605,18.0,0.0,0.0,25.0,0.0,0.0,36.0,0.0,0.0,0.00047623131093580106,0.0008920845216915853,0.0009318324382613146,-0.04282554754750301,-0.0482053691313018,-0.051141314698640805,0.10236220472440945,0.19558226908150822,0.9133858267716536,-1.488990306854248
94,0,test,0.903488893933859,0.2411774641979061,0.2411774641979061,6.926748186826252,1.84902722551728,1.84902722551728,2.4681993925684353,0.5289297491325669,0.5289297491325669,18.92286200969134,4.055128076683014,4.055128076683014,1.995369008418054,0.8915531761809039,1.2572324058065467,5.956325398262847,2.661352764719116,3.7529325546464083,7.354916553325403,4.339265236780204,5.26288296304846,21.954974786045977,12.953030557552847,15.71009839715958,1.7232948970261304,0.799935143865836,1.1036303795954763,5.962204183963968,2.7675917046392717,3.8183074052671073,5.602959257614164,3.0852240931248605,3.744654749125395,19.384950994734062,10.674166115294058,12.955644591801654,0.3919597989949749,-0.0030402010050251116,-0.0030402010050251116,0.3266331658291457,-0.0033668341708542604,-0.0033668341708542604,0.25125628140703515,-0.003743718592964851,-0.003743718592964851,0.2008426966292135,0.03661982272892028,0.03661982272892028,0.1392405063291139,0.3266331658291457,0.12111938136799283,0.1646966048942542,0.24747474747474751,0.31333333333333335,0.10701053799223514,0.15701404286770138,0.24749163879598657,15.0,0.0,0.0,20.0,0.0,0.0,27.0,0.0,0.0,0.004170758979948086,0.0013752746153798967,0.0005865693433223152,-0.18937699225304616,-0.174908654613529,-0.18901920974289332,0.042134831460674156,0.1692388796846796,0.6193820224719101,-1.455801248550415
150,0,test,3.634880954953146,1.7246936352473,2.357175158432468,6.443652601962395,3.0574114443020317,4.178628689948465,37.89734113784476,31.142987234220325,34.30894337765987,67.18165019890662,55.20802282429967,60.82039962403341,3.959709995980088,1.8625334065980303,2.555922130907287,6.235763773196989,2.933123474957528,4.025074221901239,52.44211531937846,44.298969339347195,48.37152567360332,82.58600837697395,69.76215643991684,76.17563098205247,3.637081199744171,1.7304795170553693,2.362097161558407,6.418378587783832,3.0537873830388875,4.168406755691307,37.98081636456758,31.250637754511047,34.40217207657723,67.02497005511925,55.148184272666555,60.709715429253926,0.7437185929648241,-0.0012814070351758744,-0.0012814070351758744,0.6482412060301508,-0.0017587939698492372,-0.0017587939698492372,0.5276381909547738,-0.002361809045226204,-0.002361809045226204,0.4372990353697749,0.11466661161375558,0.19772684285640585,0.3612903225806452,0.42713567839195976,0.09881487638694719,0.175048867039706,0.36868686868686873,0.4347826086956522,0.1125789359076722,0.19229095129854434,0.3523489932885906,18.0,0.0,0.0,29.0,0.0,0.0,39.0,0.0,0.0,0.0017829639227118512,0.00029254013504803383,0.0003066281350404344,0.00045964795473452114,5.716352994689089e-05,-8.236045698506445e-05,0.09003215434083602,0.13018495880770162,0.4758842443729904,-0.8210020065307617
66,0,test,2.824687769739789,1.324700269835238,1.82043867083669,6.502878318825414,3.049669685951627,4.1909379472499335,16.855681310630764,12.374048261483715,14.125824659969062,38.804446182747085,28.487017580394166,32.5198841092813,2.9552058503733734,1.3633842460370798,1.883278100390636,5.910411700746747,2.7267684920741595,3.766556200781272,19.205675808482876,14.292986048988226,16.284670765146714,38.41135161696575,28.585972097976452,32.56934153029343,2.7932177218300973,1.3069584377546524,1.7972961928588984,6.348222095068403,2.970360085806028,4.084764074679314,16.333491969767515,11.912963359263006,13.626273997848497,37.121572658562535,27.074916725597745,30.96880454056477,0.6834170854271358,-0.0015829145728643024,-0.0015829145728643024,0.5226130653266332,-0.002386934673366814,-0.002386934673366814,0.37688442211055273,-0.003115577889447274,-0.003115577889447274,0.40752351097178685,0.1164436987652141,0.18124613870901318,0.3427672955974843,0.3869346733668342,0.08117026233926528,0.15488125099621652,0.3232323232323232,0.39799331103678925,0.11084806896667243,0.17441155352844662,0.32885906040268453,14.0,0.0,0.0,24.0,0.0,0.0,33.0,0.0,0.0,0.0012456225807378634,0.0004572980969356207,6.856926436058541e-05,-0.025265298580325002,-0.02409008786894251,-0.02313370979555529,0.08150470219435736,0.08347127838169874,0.09090909090909091,-0.8429923057556152
91,0,test,3.013537050512476,1.4628526232192625,1.9777153297183925,6.064278262142389,2.9437651553671578,3.9798468980752832,20.359284538353087,15.644588593204174,17.541864120722135,40.96991826853769,31.482320255460248,35.30029446515688,3.2871329472344675,1.5816220997665613,2.1486620193751036,5.478554912057446,2.6360368329442694,3.5811033656251734,26.766013968116027,21.261817214009284,23.644023003901115,44.61002328019338,35.436362023348806,39.40670500650186,3.127734087892523,1.521678342786909,2.0548261463775215,5.938735609922512,2.889262676177675,3.9015686323623826,22.822207792518117,17.839090063734382,19.89833820109924,43.333305935160986,33.87168999443237,37.78165481221375,0.7135678391959799,-0.0014321608040201994,-0.0014321608040201994,0.5829145728643217,-0.002085427135678275,-0.002085427135678275,0.44221105527638194,-0.0027889447236180143,-0.0027889447236180143,0.4061538461538462,0.11736736381897672,0.19121014093378474,0.35185185185185186,0.4120603015075377,0.09877709348748753,0.17833743005511704,0.36868686868686873,0.4046822742474916,0.11252868493196566,0.18666225200055053,0.35906040268456374,23.0,0.0,0.0,31.0,1.0,1.0,43.0,0.0,0.0,0.0006412221916759559,0.000497064889535672,0.0004498134955507307,-0.015400016982806797,-0.020879906085334632,-0.025157085552356406,0.07692307692307693,0.2527886467583091,0.88,-0.7540898323059082
116,0,test,1.1932793891074027,0.5449607811688065,0.6611181338570384,5.654517105202125,2.5823709744021857,3.1327984297543754,3.297878520308413,1.3855557602617639,1.5952704145807577,15.62744707918873,6.565644909422222,7.559406396365636,1.8027034331261251,0.7884796304445711,1.120654810231389,5.007509536461459,2.1902211956793645,3.112930028420525,6.0660244087822655,3.3088019908568995,4.088098800568149,16.850067802172962,9.191116641269168,11.355830001578195,1.5599642485057787,0.6928735072932596,0.9749753771597023,5.726210229271212,2.543352752381355,3.578873030793541,4.758651113208862,2.3786743096964766,2.963680103291286,17.467731525315457,8.731475209983408,10.87887452549606,0.42211055276381915,-0.0028894472361808976,-0.0028894472361808976,0.2864321608040201,-0.003567839195979916,-0.003567839195979916,0.20100502512562812,-0.003994974874371837,-0.003994974874371837,0.25240384615384615,0.0651289361898606,0.09111352357320102,0.2096385542168675,0.29648241206030146,0.08094356494250698,0.12619860571639496,0.29292929292929293,0.27,0.07532445923460895,0.12033259423503329,0.24749163879598657,16.0,-2.0,-2.0,25.0,-6.0,-6.0,30.0,-5.0,-5.0,0.00021401250788201454,0.0010983046390143924,6.852299197022622e-05,-0.17974108425212698,-0.20918318367325117,-0.19341030553307892,0.0625,0.12974596647624978,0.43990384615384615,-1.4458123445510864
216,0,test,3.335824851638331,1.5825207751539847,2.159636651730433,7.0857520986524545,3.3614924051546704,4.587366129192919,28.101553278820113,22.327905509539566,24.85956048709301,59.69157524052824,47.427551013366795,52.80513537948032,3.287593378405784,1.5352878290160803,2.111157263010515,6.383676462923852,2.981141415565204,4.099334491282553,26.77834071286983,21.010455209953513,23.535544081281657,51.99677808324239,40.79700040767672,45.70008559472166,3.314181093358782,1.5907017749037717,2.1590586515099206,7.2047415073017,3.4580473367473292,4.693605764152002,27.499864939203718,21.89587228054959,24.325452864587085,59.78231508522547,47.599722349020844,52.88141927084149,0.6633165829145728,-0.0016834170854271857,-0.0016834170854271857,0.5728643216080402,0.0028643216080401768,0.0028643216080401768,0.42713567839195976,-0.002864321608040288,-0.002864321608040288,0.4332247557003257,0.12753369878975662,0.20787264302426933,0.3790849673202614,0.39698492462311563,0.08620798226722592,0.16827040041610397,0.303030303030303,0.4180602006688964,0.11422046778074946,0.1978154843173947,0.36241610738255037,20.0,1.0,1.0,30.0,1.0,1.0,37.0,2.0,2.0,0.0002746857642838566,0.0002943526629945277,-0.00023977976498881247,0.0004754436609601953,7.265763014618898e-05,-6.834222911056287e-05,0.09771986970684039,0.1303757763537725,0.003257328990228013,-0.8056974411010742
139,0,test,2.731893404122572,1.2316913693792335,1.4510241485558981,7.663493185590593,3.4551342309859017,4.070405403741221,15.36194587279627,10.879351254084119,11.762178388910497,43.09325076005187,30.51869962184636,32.99520171434633,2.847658144059151,1.2341690805930412,1.743164764727644,6.945507668436954,3.0101684892513205,4.251621377384498,17.247343714574196,12.227046874390629,14.229648459887898,42.06669198676634,29.822065547294223,34.70645965826317,2.7750928442592127,1.2311824435091148,1.719196732963168,7.239372637197945,3.211780287415082,4.4848610425126125,16.040116159226944,11.357249760741617,13.165566242483491,41.84378128493985,29.627608071499864,34.344955415174326,0.5678391959798995,-0.0021608040201005485,-0.0021608040201005485,0.48743718592964824,-0.002562814070351749,-0.002562814070351749,0.38190954773869346,-0.0030904522613065533,-0.0030904522613065533,0.3735498839907193,0.10472022002779924,0.12721557314027943,0.3651162790697674,0.38190954773869346,0.09118273069608696,0.1615422689406968,0.36363636363636365,0.38795986622073575,0.10582297139602792,0.1721645380783553,0.37583892617449666,22.0,0.0,0.0,29.0,0.0,0.0,40.0,0.0,0.0,-4.438400466406949e-05,-0.00018709791218176662,7.079631741921799e-05,-0.10764065966402381,-0.11106082297481645,-0.1096806214262358,0.06264501160092807,0.14987034962658896,0.002320185614849188,-0.9980566501617432
6,0,test,1.2622473421976732,0.5688661768013186,0.6347216432149059,7.349794650771261,3.3123853332735003,3.6958475427703377,3.53335322516475,1.532885200738757,1.6603826768827048,20.573955488301074,8.92566066252947,9.668051029949925,2.0600936501759404,0.9477368362346454,1.3122465183117547,6.338749692849047,2.9161133422604477,4.037681594805399,7.846704621178654,4.805186374670656,5.7342573239845525,24.14370652670355,14.785188845140478,17.643868689183236,1.5948563502060047,0.7205013184655746,1.0010153942482751,6.83509864374002,3.087862793423891,4.290065975349751,4.927621169509424,2.530292575125915,3.1166903899372747,21.118376440754673,10.844111036253922,13.357244528302605,0.3919597989949749,-0.0030402010050251116,-0.0030402010050251116,0.3015075376884422,-0.0034924623115578646,-0.0034924623115578646,0.2613065326633166,-0.003693467336683409,-0.003693467336683409,0.23311546840958608,0.07098271541720302,0.08062279978788522,0.17685589519650657,0.29648241206030146,0.08846236193498813,0.14289309653442495,0.24747474747474751,0.25083612040133785,0.06552727232120426,0.11068039181401856,0.20134228187919467,22.0,0.0,0.0,29.0,0.0,0.0,38.0,0.0,0.0,0.0004911538014438306,0.0014851694471685172,0.0003237362911177504,-0.173272036390145,-0.1921709766817674,-0.19139347277692398,0.08714596949891068,0.060357961355323196,0.27233115468409586,-1.994180679321289
225,0,test,0.9351720540693338,0.4126039414487347,0.5804538734838507,5.056856292374916,2.23111760931538,3.1387505751348965,2.54765175388411,0.861298916342216,1.1218729683697448,13.77619096544741,4.657394140220873,6.066424199332695,1.280353843788476,0.5427396021904738,0.7811228801425141,4.7420512732906515,2.010146674779532,2.893047704231533,3.5979125993815253,1.506971520523558,1.9504587678603733,13.325602219931575,5.5813760019391045,7.223921362445828,0.9354462590699112,0.412878554169291,0.5807702285043405,5.058339030526187,2.232602552174685,3.1404612356160637,2.5483504285204166,0.8619982785381259,1.1226317383437328,13.779968983851143,4.661175876539497,6.070527177710556,0.3065326633165829,-0.0034673366834171437,-0.0034673366834171437,0.2160804020100503,-0.003919597989949675,-0.003919597989949675,0.1758793969849246,-0.004120603015075441,-0.004120603015075441,0.23024054982817865,0.0775818877355543,0.10338340697103576,0.1448275862068965,0.27135678391959794,0.08088059344340748,0.12945361196634253,0.202020202020202,0.23024054982817865,0.0775818877355543,0.10338340697103576,0.1448275862068965,19.0,-6.0,-6.0,27.0,-9.0,-9.0,33.0,-11.0,-11.0,0.0012198326427942689,0.000783708348608076,0.00022484352347415805,-0.18686602020898002,-0.19307326533990832,-0.18629998407786053,0.10996563573883161,0.12021144546998788,0.8625429553264605,-1.2074980735778809
22,0,test,2.711791658500161,1.2910416918920058,1.7080602099468123,9.073097324701473,4.319560053246151,5.714818272532326,15.056226980804794,10.916002674616873,12.327783075707412,50.37503980493567,36.522700537503184,41.246227486946296,3.81309876858386,1.840018084365666,2.4959452068047807,8.200212405556687,3.957028138420786,5.3676241006554415,45.2905666274473,38.09776548717429,41.55778551725611,97.39906801601569,81.93067846704149,89.37158175754001,3.08497543805254,1.487123280478864,2.014830399128467,8.985365353551087,4.331427030520962,5.86843805571398,21.86692974109975,16.924524233328153,18.951127366950946,63.690086624562376,49.294730776683934,55.19745835034256,0.7537688442211055,-0.0012311557788945438,-0.0012311557788945438,0.6331658291457287,-0.0018341708542712887,-0.0018341708542712887,0.5477386934673367,-0.002261306532663321,-0.002261306532663321,0.4145658263305322,0.14463575640046222,0.20733219974206685,0.2780898876404494,0.46733668341708545,0.1490409440687145,0.2235971174738467,0.3737373737373737,0.43143812709030105,0.14930123226559322,0.2156427989479206,0.3120805369127517,23.0,-5.0,-5.0,35.0,-4.0,-4.0,44.0,-1.0,-1.0,0.0019999659863026665,0.0010204736377609613,0.0009804211961106375,-0.013696111177434744,-0.019745059896965067,-0.0169628332756524,0.0700280112044818,0.29409888222305974,0.8879551820728291,-1.16725754737854
189,0,test,1.919678650861897,0.9007827694403701,1.237080572951938,6.287643117315779,2.95038994048585,4.051887094016493,6.81876691231194,4.048632394460075,4.839754224329286,22.33393220554346,13.260737987651844,15.851948618817666,1.4391026227154295,0.6595311230556271,0.9156348416207283,5.9962609279809564,2.748046346065113,3.815145173419701,4.216909959370675,2.0363722552361403,2.5290392806700908,17.570458164044478,8.48488439681725,10.537663669458711,1.919127505556001,0.9005072802412901,1.236596116841675,6.285837916748641,2.9494876135439356,4.050300324727805,6.815009816384217,4.045638797792449,4.836129102765192,22.321626355113523,13.25093287392889,15.840075032245409,0.24120603015075381,-0.0037939698492461815,-0.0037939698492461815,0.20603015075376885,-0.003969849246231116,-0.003969849246231116,0.1758793969849246,0.0008793969849245631,0.0008793969849245631,0.2666666666666667,0.10258684405025875,0.149975381585426,0.2589285714285714,0.23115577889447236,0.09080490170148992,0.13098883398629202,0.19696969696969702,0.2666666666666667,0.10258684405025875,0.149975381585426,0.2589285714285714,14.0,0.0,0.0,22.0,0.0,0.0,21.0,0.0,0.0,0.0006982495293091366,-2.0455346315105207e-05,-0.0003021380161870848,-0.024165173234798942,-0.02548410433685122,-0.026186617893638964,0.1111111111111111,0.2632701583795585,0.7911111111111111,-0.7160711288452148
31,0,test,1.9234236782355267,0.6870212230768669,0.6870212230768669,7.528492679228626,2.6890769344971845,2.6890769344971845,6.844351258188583,3.4011471827685593,3.4011471827685593,26.789546642480467,13.312465660161601,13.312465660161601,1.8787901525398256,0.8641496533688207,1.1978091096890613,6.831964191053911,3.14236237588662,4.355669489778403,6.545580915328423,3.7872093330911327,4.5697657742753375,23.802112419376083,13.771670302149573,16.617330088273956,1.9467212121635384,0.8979502120618841,1.2414488969261634,7.122150776208068,3.28518370266543,4.541886208266452,7.005679744761941,4.151538522359887,4.981281860502595,25.630535651568078,15.188555569609347,18.22420192866803,0.36180904522613067,-0.0031909547738693256,-0.0031909547738693256,0.27135678391959794,-0.0036432160804020786,-0.0036432160804020786,0.2160804020100503,-0.003919597989949675,-0.003919597989949675,0.3029827315541601,0.06935614308886195,0.06935614308886195,0.300314465408805,0.29145728643216084,0.10599362728429118,0.14955411447890543,0.24747474747474751,0.2876254180602007,0.09396932457105212,0.1430203012637602,0.27181208053691275,17.0,0.0,0.0,24.0,0.0,0.0,28.0,1.0,1.0,0.0001606015527030788,-0.00043672668015715555,0.0001109470453601978,-0.15253635893053907,-0.16017993171959866,-0.16054265734520712,0.0423861852433281,0.1565454334732302,0.0015698587127158557,-2.2496376037597656
83,0,test,1.320989846025918,0.3726073794448044,0.3726073794448044,4.6067006305573885,1.2993973080130994,1.2993973080130994,3.7471286225327853,1.165598054181586,1.165598054181586,13.067397785177784,4.064801336156089,4.064801336156089,2.359396442030294,1.0716739660922916,1.4917671086729043,4.537300850058258,2.060911473254407,2.868782901294047,10.584561127937524,6.9600389162839305,8.203302142358194,20.3549252460337,13.384690223622943,15.775581042996528,2.208226536924542,1.0289855255634115,1.4160073066786594,4.731914007695447,2.204968983350167,3.0343013714542693,9.099564333385013,5.84765922641556,6.891272633275455,19.49906642868217,12.530698342319056,14.76701278559026,0.4773869346733668,-0.0026130653266331905,-0.0026130653266331905,0.35678391959798994,-0.0032160804020100464,-0.0032160804020100464,0.29648241206030146,-0.0035175879396985854,-0.0035175879396985854,0.25072886297376096,0.05620295877043735,0.05620295877043735,0.1897810218978102,0.33668341708542715,0.09608191332602867,0.15805236533250566,0.2828282828282829,0.3377926421404682,0.10907811793345656,0.1664911960893003,0.2986577181208053,20.0,0.0,0.0,30.0,0.0,0.0,36.0,0.0,0.0,0.005037148851686644,0.001760092724141978,0.0005859504061737123,-0.1360059430257703,-0.13261219185373196,-0.1265432861386726,0.037900874635568516,0.17576292217484357,0.619533527696793,-1.8482401371002197
88,0,test,2.7949003387588434,1.3442906399744237,1.4196088859482845,7.658342736147113,3.6835082507773755,3.8898887552820223,16.360998114524172,12.095283591087217,12.40476850537892,44.83098353414816,33.142443738289835,33.99046737349592,3.5962418362699524,1.6770514695752539,2.3114311222778214,6.309196203982373,2.9421955606583405,4.055142319785652,36.46095041591582,29.645512186789194,32.84696660001453,63.9665796770453,52.00967050313894,57.62625719300796,3.401339230401637,1.62915441297057,2.210291944966623,6.669292608630661,3.194420417589353,4.333905774444359,30.004255764014694,24.12056163761716,26.713730241083432,58.83187404708763,47.29521889728855,52.37986321781065,0.6884422110552764,-0.0015577889447235815,-0.0015577889447235815,0.5728643216080402,-0.0021356783919597166,-0.0021356783919597166,0.4522613065326633,-0.0027386934673366836,-0.0027386934673366836,0.3946280991735537,0.1252782539723153,0.13558606593797207,0.30434782608695654,0.37688442211055273,0.06861374541882337,0.14316155065813208,0.3232323232323232,0.3846153846153846,0.08077565172723766,0.15547189184564048,0.3422818791946308,25.0,-8.0,-8.0,33.0,-4.0,-4.0,43.0,-8.0,-8.0,0.0012708943971800957,0.0011099717459586197,0.0012047057258681017,-0.03635913429484283,-0.03286764594273084,-0.042895210675745865,0.0640495867768595,0.18340332409369164,0.7747933884297521,-0.7017827033996582
254,0,test,2.4295971055858283,1.1491837116790726,1.5704271119324984,4.674879947989283,2.2111879693686984,3.0217183739942555,11.354306571645461,7.756179709763467,8.993106502535657,21.84725195509713,14.923959579475913,17.303977339361712,2.8167244466124033,1.2867563199153995,1.7869430486701625,5.029865083236434,2.2977791427060703,3.190969729768147,16.7219871054122,12.10395747731577,13.921533522546312,29.86069125966464,21.61420978092102,24.85988129026127,2.461145685815877,1.1648778736349468,1.5913965183844552,4.768469766268262,2.256950880167709,3.083330754369882,11.718229261318564,8.062601574558308,9.331917047692313,22.70406919380472,15.621290550706723,18.08058927990386,0.5376884422110553,-0.0023115577889447625,-0.0023115577889447625,0.42211055276381915,-0.0028894472361808976,-0.0028894472361808976,0.3668341708542714,-0.0031658291457286047,-0.0031658291457286047,0.35611510791366907,0.1079136690647482,0.1678657074340527,0.33574007220216606,0.371859296482412,0.11306532663316582,0.17252931323283072,0.36868686868686873,0.35611510791366907,0.10971223021582732,0.1678657074340527,0.33574007220216606,14.0,0.0,0.0,23.0,0.0,0.0,31.0,0.0,0.0,0.0006238367297074193,1.527639169720935e-05,7.906631099060645e-05,-0.027326820559086862,-0.027571673884031256,-0.02920422200878381,0.08992805755395683,0.12983706551985014,0.9748201438848921,-2.371596574783325
175,0,test,3.504442980804135,1.670808301810732,2.278523704122896,5.777595184568979,2.754575848931206,3.7564850257161253,33.26291061147653,27.006324548532554,29.855613719367213,54.83885262973157,44.52394047190502,49.22141721301081,3.5235865024452555,1.6505879351594812,2.2704640755554983,5.776371315484026,2.7058818609171826,3.7220722550090137,33.905813943691754,27.39803275245151,30.404555613166206,55.58330154703567,44.91480779090412,49.84353379207575,3.505442605304667,1.671204864069554,2.2792710035233172,5.779243214150937,2.7552296407633188,3.7577170598627667,33.29617765638917,27.035817344689555,29.88802090927351,54.89369829837133,44.57256373043413,49.274845282856326,0.6733668341708543,-0.001633165829145744,-0.001633165829145744,0.5628140703517588,-0.0021859296482411583,-0.0021859296482411583,0.457286432160804,-0.0027135678391959628,-0.0027135678391959628,0.4238683127572016,0.12612703965658556,0.20088609661493073,0.4049586776859504,0.4120603015075377,0.10880215614412914,0.18835412454593503,0.4040404040404041,0.4238683127572016,0.12612703965658556,0.20088609661493073,0.4049586776859504,25.0,0.0,0.0,35.0,0.0,0.0,41.0,0.0,0.0,0.00046226135482288445,-0.00015299200876486876,-0.00027225898957735907,-0.007009500461218288,-0.005318341891435985,-0.005677640511048132,0.19753086419753085,0.08193724557150411,0.3497942386831276,-0.9831163883209229
125,0,test,1.851114298189973,0.8313144046912282,0.8432615111091695,5.035827069269497,2.261532735342804,2.294034003339999,6.366910207819589,3.5942703226375294,3.6271982579720294,17.320734221272645,9.777961200293493,9.867539346956164,1.464917585047795,0.6154384672933013,0.8872477988573002,3.8550462764415654,1.6195749139297404,2.334862628571843,4.3271866007278765,1.9887581119683908,2.545305176155834,11.3873331598102,5.233573978864186,6.698171516199562,1.9720941584474656,0.872758656159393,1.2239765374409057,4.809985752310892,2.1286796491692512,2.985308627904648,7.185708755569756,4.183538329963788,5.072689987033012,17.526118916023798,10.203752024301926,12.372414602519545,0.3517587939698492,-0.0032412060301507672,-0.0032412060301507672,0.2562814070351759,-0.00371859296482413,-0.00371859296482413,0.20603015075376885,-0.003969849246231116,-0.003969849246231116,0.306930693069307,0.08536788396940587,0.08698934409569992,0.30753968253968256,0.2814070351758794,0.07839951637888687,0.11613157607738189,0.24747474747474751,0.3277591973244147,0.10405302036281205,0.14310958664588302,0.33221476510067116,19.0,-5.0,-5.0,27.0,-10.0,-10.0,34.0,-11.0,-11.0,-0.0006540388061049774,-0.0003520414186397913,-0.00012851576971311142,-0.09529404626151639,-0.0960101026388509,-0.10158217723297636,0.04950495049504951,0.16393836127798053,0.0019801980198019802,-1.9426274299621582
29,0,test,2.7972872884021913,1.3452371527802256,1.5847109384896956,6.1253419084499265,2.945724431985417,3.470110619154359,16.400097638872083,12.128234195594967,13.037962097358474,35.912008675889126,26.557723084713082,28.549793926010608,3.214024332051584,1.5219261666523924,2.077323663182124,5.0219130188306,2.3780096353943625,3.2458182237220687,24.87900641665338,19.448142807192987,21.762537296020607,38.873447526020904,30.38772313623904,34.0039645250322,3.270638067860769,1.5860224229027446,2.144015993849793,5.875397726695993,2.849142077070799,3.8515257374547183,26.328133120489596,20.937754405585423,23.24291587746449,47.2960475218376,37.612732465123514,41.7537410972416,0.7035175879396984,-0.001482412060301641,-0.001482412060301641,0.542713567839196,-0.0022864321608039306,-0.0022864321608039306,0.44221105527638194,-0.0027889447236180143,-0.0027889447236180143,0.39906103286384975,0.12473512430581923,0.15761430754615668,0.3482352941176471,0.42211055276381915,0.12386493872873139,0.1900571303932015,0.3737373737373737,0.43143812709030105,0.13928453777477512,0.20674402252967816,0.40604026845637586,23.0,0.0,0.0,35.0,0.0,0.0,44.0,0.0,0.0,0.0006201955993729094,0.0008805094654450144,0.00038508178616513734,-0.017164203002485223,-0.019860791161850244,-0.020690869217459884,0.07276995305164319,0.1706283749035703,0.7394366197183099,-0.8073348999023438
239,0,test,1.7933083790115674,0.6358893187414807,0.6358893187414807,6.770004413073255,2.400576244716359,2.400576244716359,6.009300659783089,2.8275897938581425,2.8275897938581425,22.685998940482904,10.67456975432837,10.67456975432837,1.8789415898150517,0.8455733379127275,1.182438654860845,5.292793210746624,2.381896726514725,3.3308131122840705,6.546572235326517,3.7360557982312783,4.5398494528433835,18.44104855021554,10.524100840088108,12.788308317868687,2.171599702412567,1.0153644532340527,1.3942621040237448,5.922544642943365,2.7691757815474167,3.8025330109738498,8.772305901262587,5.59435935139174,6.596633866340985,23.92447063980706,15.257343685613835,17.990819635475415,0.4170854271356784,-0.0029145728643216184,-0.0029145728643216184,0.3316582914572864,-0.0033417085427135396,-0.0033417085427135396,0.2613065326633166,-0.003693467336683409,-0.003693467336683409,0.3092621664050236,0.08052316347247224,0.08052316347247224,0.2704402515723271,0.3417085427135679,0.1211571642674526,0.17977198177867637,0.2525252525252525,0.36789297658862874,0.13750900329981408,0.19770387758974106,0.32885906040268453,19.0,-2.0,-2.0,28.0,-2.0,-2.0,34.0,-3.0,-3.0,0.001872169747483173,0.0007982053511155757,8.558201718886408e-05,-0.20786541919917134,-0.2141048416363427,-0.2082112371754965,0.03924646781789639,0.0673238909618106,0.0847723704866562,-1.6575039625167847
179,0,test,2.138069772242306,1.015902876330862,1.1346090948902612,6.617835009321422,3.1444612838812387,3.5118852937079508,8.483047601781491,5.411544977829868,5.75534238070629,26.257052100752233,16.750020169473398,17.814154987900423,2.0061598980163167,0.8185902455489282,1.20955909910136,4.834120236183896,1.9725066157805502,2.914600238798458,7.4347124056670975,4.155610248126374,5.216723695287683,17.914969652209873,10.013518670184034,12.570418542861887,2.291874902029,1.0410670429100868,1.4557220500218577,5.729687255072499,2.6026676072752166,3.639305125054644,9.893469589195137,6.400305787077852,7.5859968991907065,24.73367397298784,16.00076446769463,18.964992247976767,0.37688442211055273,-0.003115577889447274,-0.003115577889447274,0.27135678391959794,-0.0036432160804020786,-0.0036432160804020786,0.25125628140703515,-0.003743718592964851,-0.003743718592964851,0.2951541850220264,0.09713438304182842,0.11040345188419654,0.30022075055187636,0.27135678391959794,0.05331167113764301,0.10942022298470644,0.28787878787878785,0.3210702341137124,0.1107196498065337,0.15644287037622628,0.3355704697986577,17.0,-2.0,-2.0,25.0,-2.0,-2.0,32.0,-3.0,-3.0,4.26583155671904e-05,-0.0002426806650081027,0.00014570111574802833,-0.14738671737444253,-0.1398643215464057,-0.1418948495930481,0.06167400881057269,0.18139854235368377,0.0022026431718061676,-1.387488842010498
231,0,test,2.0216370497579246,0.926460393478471,1.2874882943564507,4.978658406120262,2.2815815660290704,3.170680127892752,7.550675653282756,4.560964865352819,5.466968160685289,18.594947504353055,11.232226907212166,13.463429052433918,2.1502166123381214,0.9394159679823642,1.3356310510777085,4.831947443456452,2.1110471190614923,3.001418092309457,8.586718184846953,5.23054750860738,6.328478608424799,19.29599592100439,11.754039345185124,14.221300243651235,2.026784259871593,0.9141523737531303,1.277560210027947,4.943376243589251,2.2296399359832444,3.1160005122632857,7.589640762143879,4.54728576351158,5.474282794868487,18.51131893205824,11.090940886613609,13.351909255776798,0.4723618090452262,-0.0026381909547738003,-0.0026381909547738003,0.35678391959798994,-0.0032160804020100464,-0.0032160804020100464,0.2613065326633166,-0.003693467336683409,-0.003693467336683409,0.32522796352583583,0.09305800904935635,0.1442370636269481,0.2804878048780488,0.3316582914572864,0.09105678769788794,0.13800219796813784,0.2525252525252525,0.32441471571906355,0.0923612933484459,0.13754041093597125,0.261744966442953,15.0,0.0,0.0,25.0,0.0,0.0,30.0,0.0,0.0,0.0006178616087886976,0.0002677911381308597,8.752834942568136e-05,-0.0965168998116317,-0.08949791014656228,-0.09398617569692114,0.12462006079027356,0.09859618579606393,0.0364741641337386,-2.081909656524658
159,0,test,3.1514115724953737,1.4720536679137328,2.0283232013910864,6.426407912539586,3.0018349306476124,4.136188489111235,23.369028387783512,18.006916509731024,20.294694145926698,47.65448926136246,36.719986608078955,41.385258650517194,3.1934037314357413,1.5007563647076032,2.061196215921134,6.3235717454173095,2.9717947815992143,4.081576665190365,24.371239582297193,18.937392516140957,21.268741824107092,48.25988036098454,37.49978716067516,42.116320443776424,3.1508397209251866,1.4714818163435457,2.027871455494876,6.42524178384744,3.000668801955466,4.135267281793473,23.35566859248024,17.99355671442775,20.281703573436253,47.62724575721461,36.69274310393111,41.358768071320995,0.6180904522613065,-0.0019095477386934512,-0.0019095477386934512,0.507537688442211,-0.0024623115577889765,-0.0024623115577889765,0.457286432160804,-0.0027135678391959628,-0.0027135678391959628,0.4444444444444444,0.17215528781793843,0.23738184412341712,0.40291262135922334,0.44221105527638194,0.17153436354705864,0.23853826729641536,0.41414141414141414,0.4444444444444444,0.17215528781793843,0.23738184412341712,0.40291262135922334,23.0,-9.0,-9.0,34.0,-11.0,-11.0,41.0,-12.0,-12.0,0.0007629719710910743,0.00035100371245684646,0.0002162440253735643,0.00025327028860289147,0.00012402957972668105,6.972753796130604e-05,0.13526570048309178,0.22442440434241778,0.024154589371980676,-1.9924488067626953
52,0,test,2.521015502286082,1.1880702995183081,1.630498216124885,7.110556544909461,3.3509675114618944,4.598841122403522,12.441224342535435,8.649028600605543,10.004834706517993,35.09063276099738,24.39469605299,28.21876455684562,2.3769295567270174,1.1158251099443488,1.5339162474099468,6.173843004485759,2.89824703881649,3.9841980452206402,10.77177790279864,7.242460624062872,8.448420468909354,27.97864390337309,18.81158603652694,21.943949269894432,2.5095229360230586,1.1737945029991383,1.6171763037591873,7.036045615017921,3.2910126252312284,4.534139169418282,12.299061221656869,8.496296224287828,9.858210506569462,34.48334921959869,23.82139128304998,27.639842541783533,0.44221105527638194,-0.0027889447236180143,-0.0027889447236180143,0.3517587939698492,-0.0032412060301507672,-0.0032412060301507672,0.2814070351758794,-0.003592964824120637,-0.003592964824120637,0.31610942249240126,0.10366632689300825,0.1533187248179827,0.32012195121951215,0.31658291457286436,0.09603153612674908,0.15130745547436686,0.297979797979798,0.31438127090301005,0.09735289026861937,0.14752921306096334,0.31543624161073824,21.0,0.0,0.0,27.0,0.0,0.0,33.0,0.0,0.0,-7.090013101024274e-05,-7.612778859120656e-05,-0.0003820769273495923,-0.015402769067081046,-0.014744999389542102,-0.016898244425490816,0.08206686930091185,0.11919300081476294,0.6960486322188449,-1.944345235824585
34,0,test,2.9300240284584786,1.3834418048570185,1.5720813230771071,6.716516619081744,3.171274291133781,3.603694109822907,18.728080498171106,14.032685580693805,14.839894574296816,42.93052298811531,32.167233100359645,34.01760448569578,3.5458081064835874,1.647182736681291,2.2672428170578174,5.719045333038044,2.6567463494859527,3.6568432533190602,34.66768921010498,27.990979086257767,31.07620592169971,55.91562775823384,45.146740461706074,50.12291277693502,3.1098465579782846,1.4541433551836893,1.99618122053435,5.98047414995824,2.796429529199403,3.838810039489135,22.417604334296648,17.18084320152587,19.372103584648155,43.11077756595509,33.04008307985744,37.2540453550926,0.7085427135678393,-0.0014572864321606982,-0.0014572864321606982,0.6080402010050252,-0.001959798994974782,-0.001959798994974782,0.4773869346733668,-0.0026130653266331905,-0.0026130653266331905,0.42376681614349776,0.142691788147977,0.16765733422756424,0.3820224719101124,0.4522613065326633,0.12644677019181116,0.21353008783483352,0.4242424242424242,0.4347826086956522,0.1342817739711113,0.2134255452918702,0.3825503355704698,24.0,-4.0,-4.0,36.0,-6.0,-6.0,42.0,-6.0,-6.0,0.0005576662801941884,0.0007109152933752616,0.00017045048235844667,-0.03859457562386304,-0.04564007657201952,-0.04634432931409638,0.05605381165919283,0.17757772436918448,0.28699551569506726,-0.7989752292633057
123,0,test,3.9631625365469847,1.9204209880224803,2.551121718846691,6.599039506608894,3.1976821168487524,4.247858333740009,52.62348676590808,44.911764460648534,48.519163728045314,87.62306994512053,74.78232478589119,80.78898488679243,4.609360334722573,2.1886012487119584,2.993646927589139,7.20212552300402,3.419689451112435,4.67757332435803,100.41989396818605,89.16549483800384,95.38841783383116,156.9060843252907,139.321085684381,149.04440286536118,4.22976061451579,2.027522354051866,2.756843493057482,7.010652952236115,3.360534288483755,4.569353855896378,68.70078423472644,59.65554778071307,64.338843323379,113.86870315148028,98.87659853156862,106.6389668343298,0.8442211055276382,-0.0007788944723617908,-0.0007788944723617908,0.7638190954773869,-0.001180904522613102,-0.001180904522613102,0.7437185929648241,-0.0012814070351758744,-0.0012814070351758744,0.5,0.1680851063829787,0.250733137829912,0.4330484330484331,0.44221105527638194,0.05875240865984055,0.1734297531060981,0.5252525252525253,0.49498327759197325,0.14606841949514515,0.24136814967206222,0.4731543624161074,25.0,1.0,1.0,39.0,-3.0,-3.0,40.0,1.0,1.0,0.0001753233183978196,0.0006674521850381711,0.0004194624142550837,-0.009053316117196175,-0.008842472944146529,-0.008238177841326078,0.07102272727272728,0.14703204800636116,0.7414772727272727,-1.2530531883239746
39,0,test,2.6930858135262286,1.2675214665060603,1.7384175761602652,5.06375994515143,2.383297405331818,3.268714738273175,14.777205336777756,10.617000357100338,12.179396752658414,27.785308626194798,19.962951375674578,22.900696710984487,2.666521742327562,1.2206904862648627,1.6961275114611845,4.761645968442075,2.179804439758683,3.0287991276092576,14.389830507351222,10.14445083328225,11.750845883848468,25.696125905984324,18.1150907737183,20.98365336401512,2.6931764107856515,1.2674710407046563,1.738508173419688,5.0639302935195,2.3832025906207277,3.2688850866412453,14.778544171729672,10.617752465842361,12.18073558761033,27.787826013041006,19.964365551971202,22.903214097830695,0.6080402010050252,-0.001959798994974782,-0.001959798994974782,0.46733668341708545,-0.002663316582914521,-0.002663316582914521,0.35678391959798994,-0.0032160804020100464,-0.0032160804020100464,0.3984962406015038,0.12082269463527495,0.18599624060150377,0.3886792452830189,0.39698492462311563,0.12380196722963188,0.18162599307052796,0.3787878787878788,0.3984962406015038,0.12082269463527495,0.18599624060150377,0.3886792452830189,16.0,0.0,0.0,27.0,0.0,0.0,34.0,0.0,0.0,0.000525559733889852,-8.580772722055449e-05,1.7480252183488175e-05,-0.01873257858642763,-0.01372582056465177,-0.014827850556818234,0.13533834586466165,0.0895897298137031,0.0037593984962406013,-0.886298656463623
124,0,test,1.3522749300262014,0.5613663697309025,0.8134546051711962,4.323721157846933,1.794895103218543,2.600914066534219,3.866210893114058,1.6608116386430996,2.1522271680162692,12.361700618772579,5.31022668671412,6.881463181946755,1.3462918292723443,0.5091284659166367,0.7747154946739989,4.2739423151502995,1.6162808441797996,2.459414268806346,3.843148026332074,1.5333424304724863,2.0720913962890473,12.200469924863727,4.867753747531702,6.578067924727135,1.3530616393131936,0.5620228871220284,0.8142369261073558,4.326236557277711,1.7969942311928015,2.603415434790624,3.8692536738641437,1.6635672755916109,2.155262427187944,12.37142950985509,5.319037473273177,6.8911680237719795,0.3015075376884422,-0.008492462311557869,-0.0034924623115578646,0.2160804020100503,-0.003919597989949675,-0.003919597989949675,0.17085427135678388,-0.004145728643216162,-0.004145728643216162,0.2727272727272727,0.09090909090909094,0.13636363636363635,0.2655601659751037,0.27135678391959794,0.08542713567839189,0.12227805695142369,0.2525252525252525,0.28099173553719003,0.09917355371900827,0.14325068870523416,0.2655601659751037,14.0,-1.0,-1.0,20.0,-6.0,-6.0,23.0,-3.0,-3.0,0.00020281212441715954,-3.920950840429173e-06,-0.00018403023803903297,-0.06981483108272624,-0.06745606943803395,-0.06144284066168115,0.10330578512396695,0.06555196513396941,0.024793388429752067,-0.9828455448150635
183,0,test,3.3412234580597273,1.5547045669714943,1.9013596956205678,7.044125744053755,3.277701896347119,4.008536677880476,28.253672751925148,22.285033973523447,24.033551913064052,59.56573276050199,46.98236543902624,50.66867387857319,3.1766968600861296,1.4107740078757507,1.9639694185207364,6.417569414315413,2.850048500759092,3.9676149869105783,23.967454800144576,18.120489045824794,20.604811229636233,48.41910060635268,36.607048577423825,41.625881271992384,3.327064911318009,1.519205355080357,2.1067068320230233,7.029010376023963,3.209588778338782,4.450789081738781,27.856460415911783,21.759078065248335,24.468059583314957,58.8516769350249,45.969883236440154,51.693083626721744,0.5376884422110553,-0.0023115577889447625,-0.0023115577889447625,0.48743718592964824,-0.002562814070351749,-0.002562814070351749,0.4170854271356784,-0.0029145728643216184,-0.0029145728643216184,0.446078431372549,0.15354477164182678,0.19778908630901038,0.4447174447174447,0.4120603015075377,0.12885228145741234,0.20504861536396513,0.4040404040404041,0.4280936454849499,0.13760950525122706,0.21452301144713004,0.4261744966442953,23.0,0.0,0.0,32.0,0.0,0.0,40.0,0.0,0.0,0.0004893320773895948,-2.4688335096181653e-05,6.999194243351217e-05,-0.03283529164232579,-0.028842031591167938,-0.031590029445093926,0.0661764705882353,0.2332715388694388,0.0024509803921568627,-0.6337988376617432
67,0,test,1.8957508423055391,0.8788196938838169,1.0184460787728236,4.543620225308384,2.1063015489280605,2.440949569232691,6.657545295118348,3.8928480088643758,4.253134784621807,15.956399321452128,9.33014115168038,10.193654565316397,2.0010957950284474,0.8722929311045902,1.2439102125808912,4.042617767734237,1.7622079416254346,2.5129499244058406,7.397157427756052,4.305204632345395,5.264890748739889,14.943752379305156,8.697383095647265,10.636142926747251,1.848047360311034,0.8632926529699377,1.1888646016199298,4.123628065171635,1.9263022629702342,2.652765043913127,6.3474132030652015,3.6702580856879656,4.414201414951151,14.163257818779815,8.1896057285127,9.849598679629807,0.4623115577889447,-0.002688442211055242,-0.002688442211055242,0.371859296482412,-0.003140703517587995,-0.003140703517587995,0.27638190954773867,-0.0036180904522613577,-0.0036180904522613577,0.3386363636363636,0.10367609121865651,0.12944770283479956,0.33029612756264237,0.371859296482412,0.12875152705885307,0.1865504484022784,0.3787878787878788,0.3523489932885906,0.11449304688993067,0.165965064717162,0.32659932659932656,22.0,-10.0,-10.0,30.0,-12.0,-12.0,36.0,-9.0,-9.0,-0.0007795732515287079,0.0009601584690791715,-0.00015531425487621362,-0.0843589592228362,-0.10692597257653791,-0.09167636035313453,0.056818181818181816,0.12616914210011304,0.0022727272727272726,-1.3455737829208374
242,0,test,0.9530609497518946,0.3859221049589119,0.3859221049589119,4.135315307398051,1.6745094723640923,1.6745094723640923,2.5936365123162,0.8304215165599365,0.8304215165599365,11.253744866999106,3.603184885412606,3.603184885412606,1.5979982396957122,0.6023094200023124,0.9169652600913294,4.916917660602191,1.8532597538532687,2.8214315695117826,4.943127557594138,2.2365395071170853,2.967209796452022,15.209623254135808,6.881660021898725,9.129876296775453,1.1786938779208331,0.4494318914026102,0.6838811680708603,4.592313810081168,1.7510333431270526,2.6644720833929627,3.2501263675890275,1.176576632407389,1.6099353489227213,12.662830003593614,4.58406480158723,6.2724753854132,0.29145728643216084,-0.0035427135678391952,-0.0035427135678391952,0.25125628140703515,-0.003743718592964851,0.0012562814070351536,0.18592964824120606,-0.004070351758793889,-0.004070351758793889,0.1917808219178082,0.05395090989434781,0.05395090989434781,0.15098039215686276,0.27135678391959794,0.08088059344340748,0.11943691747552454,0.18181818181818177,0.21739130434782605,0.06380198882194954,0.08947139333559029,0.14429530201342278,21.0,-6.0,-6.0,27.0,-4.0,-4.0,29.0,0.0,0.0,-0.0005706872643962275,0.001010071645746793,0.0007949348397213205,-0.22764743496177786,-0.24667619402629848,-0.2666986924003396,0.0684931506849315,0.044987503675368856,0.07436399217221135,-0.8220900893211365
4,0,test,2.3462184011234735,1.0919475978619884,1.1728241778661233,7.330015658411898,3.411444129268173,3.664117366143836,10.445992386011216,6.940710983589348,7.213045004229084,32.63519189878014,21.684051308207245,22.53487262759152,3.6566131165164557,1.7112894045378182,2.34812938378926,6.771505771326769,3.169054452847811,4.348387747757888,38.729946668431474,31.73405052452391,35.02938824791109,71.72212346005828,58.76676023059983,64.86923749613165,2.70174639866803,1.2453030175122488,1.7256072465243693,6.754365996670075,3.1132575437806222,4.3140181163109235,14.905740372661393,10.61506829917719,12.251551358046925,37.26435093165348,26.537670747942975,30.62887839511731,0.6884422110552764,0.003442211055276312,-0.0015577889447235815,0.5829145728643217,-0.002085427135678275,-0.002085427135678275,0.4824120603015075,-0.0025879396984924696,-0.0025879396984924696,0.360587002096436,0.12184354659905383,0.1338030333769834,0.29621848739495793,0.40703517587939697,0.10377703051598841,0.17498175350877931,0.40909090909090906,0.38795986622073575,0.137542503950285,0.20331025554220405,0.30536912751677847,22.0,0.0,0.0,34.0,0.0,0.0,45.0,0.0,0.0,0.00027885233651802797,0.0017458368905259728,0.0008731178649479743,-0.09887612242696164,-0.11137451103031637,-0.10838609481565786,0.05450733752620545,0.04859978935779819,0.3018867924528302,-1.133702039718628
196,0,test,3.4688036087394414,1.6441205374270746,1.8990411997705081,7.133032772900823,3.3808675840049704,3.905070636147806,32.0983173172761,25.897487830373073,27.29281100434556,66.00499053975085,53.2539890596404,56.12324516386552,3.82005437551572,1.7991558536637413,2.4601826310825077,6.821525670563785,3.212778310113823,4.393183269790192,45.60668814061532,38.06158681336023,41.710994515256516,81.44051453681305,67.96711930957183,74.48391877724376,3.7253117234171667,1.782367923146787,2.4214888194051722,6.941574639907764,3.3211824654909075,4.512090967835725,41.48416231433618,34.50489598897208,37.80081143092251,77.29968133106121,64.29483724653183,70.43629459178108,0.7035175879396984,-0.001482412060301641,-0.001482412060301641,0.5527638190954773,-0.0022361809045226,-0.0022361809045226,0.507537688442211,-0.0024623115577889765,-0.0024623115577889765,0.41876430205949655,0.13190715920235374,0.15874475171736557,0.4036697247706422,0.42713567839195976,0.1389151270135136,0.1967517051031451,0.4292929292929293,0.4247491638795987,0.12925667640046679,0.1956056711098546,0.4295302013422819,26.0,-3.0,-3.0,34.0,-1.0,-1.0,41.0,-1.0,-1.0,0.00033907301724603176,0.0007051824956122952,0.00019771381829360128,-0.018304966073126927,-0.01694099416388628,-0.018405700469424247,0.059496567505720827,0.1890691235327682,0.4919908466819222,-0.8613874912261963
203,0,test,3.709842179203406,1.7462599237982455,2.3971785118272724,6.070650838696482,2.857516238942583,3.922655746626445,40.847359455454644,33.722555181856826,37.13130056967449,66.84113365438031,55.18236302485661,60.76031002310369,3.7097603643749166,1.7463343823361328,2.3972808096287572,6.070516959886227,2.857638080186399,3.9228231430288756,40.84401767245212,33.72032672900872,37.12864289706794,66.83566528219437,55.17871646565062,60.75596110429299,3.7087495427783743,1.7451292876007138,2.3962326001588576,6.068862888182794,2.8556661069829863,3.9211078911690396,40.802752516668164,33.67767749698473,37.0872388287256,66.76814048182062,55.108926813247734,60.688208992460076,0.7208121827411167,0.0008121827411167182,0.0008121827411167182,0.6040609137055837,-0.0009390862944163025,-0.0009390862944163025,0.5076142131979695,-0.0023857868020304984,-0.0023857868020304984,0.41624365482233505,0.09978795861980339,0.180155965109013,0.40816326530612246,0.41624365482233505,0.09978795861980339,0.180155965109013,0.40816326530612246,0.41624365482233505,0.09978795861980339,0.180155965109013,0.40816326530612246,15.0,1.0,0.0,27.0,0.0,0.0,33.0,1.0,1.0,-0.0001875268703843631,-9.224997186492418e-05,2.8962345817112996e-06,-0.0002494778627060157,-0.00013802240959837064,-8.631039106266059e-05,0.12690355329949238,0.20508914197015596,0.005076142131979695,-1.0477747917175293
86,0,test,2.9073811986708065,1.331462719289548,1.8537119187308035,5.153993943098248,2.360320275104199,3.2861256741136975,18.30878865018603,13.473608057261973,15.440632749491767,32.45648897078433,23.885032465146224,27.37203078318995,2.916233759395029,1.3361618044266086,1.859810952071933,5.217115441119548,2.390381209754025,3.3271847307708895,18.471587845195,13.616282683196875,15.595523515648242,33.04550119094518,24.35940480021459,27.900248491297315,2.916895633886242,1.3369786687491416,1.8602362191965565,5.218299528512084,2.391842572532868,3.327945529755307,18.483817764891395,13.62926506750765,15.607072856825713,33.06738040508093,24.382630166642123,27.920910156706547,0.6237113402061856,0.00871134020618558,0.00871134020618558,0.5051546391752577,0.005154639175257714,0.005154639175257714,0.37628865979381443,0.0012886597938144284,0.0012886597938144284,0.3917525773195877,0.1115469217925954,0.17599915266205346,0.36269430051813467,0.3917525773195877,0.1115469217925954,0.17599915266205346,0.36787564766839376,0.3917525773195877,0.1115469217925954,0.17599915266205346,0.36787564766839376,25.0,-5.0,-5.0,35.0,-7.0,-7.0,39.0,1.0,1.0,0.00027987297240411764,0.0001663293481164203,0.00010648522428741455,-0.00021997671585616274,-0.00011670486294867999,-6.965251566004582e-05,0.14948453608247422,0.06824886982790009,0.9484536082474226,-1.2496097087860107
2,0,test,1.79660559792577,0.8482022091878672,0.8482022091878672,7.256602297872055,3.425941735547869,3.425941735547869,6.029147341025529,3.4475627609220028,3.4475627609220028,24.352102932110924,13.924921464036526,13.924921464036526,2.38989614481785,1.0642681145907864,1.5004181062730328,5.557898011204302,2.475042126955317,3.489344433193099,10.912360578994509,7.1478117157722245,8.478501639860747,25.377582741847696,16.622817943656337,19.717445674094762,2.0887964707331066,0.9688303528909419,1.3374009228258603,6.025374434807038,2.794702941031563,3.857887277382289,8.075190585365974,5.010440224187622,5.955234131365288,23.293818996248,14.45319295438737,17.178559994322946,0.5628140703517588,-0.0021859296482411583,-0.0021859296482411583,0.3919597989949749,-0.0030402010050251116,-0.0030402010050251116,0.31155778894472363,-0.003442211055276312,-0.003442211055276312,0.3081395348837209,0.08819818591011386,0.08819818591011386,0.2543689320388349,0.3467336683417085,0.081069507940706,0.14139143127993892,0.31313131313131315,0.3311036789297659,0.09237246023193613,0.14534172119895383,0.2818791946308725,15.0,-4.0,-4.0,25.0,-12.0,-12.0,34.0,-16.0,-16.0,0.0008315921345866663,0.000853850622931865,0.0008393521822212323,-0.10994964106061467,-0.116895093710637,-0.12385221731272456,0.05426356589147287,0.09846185603507146,0.22286821705426357,-0.6931462287902832
11,0,test,2.9446176546039107,1.4376137702539067,1.6384125347092524,7.454089262797328,3.639216572699889,4.147524302149707,19.00339513661666,14.490206653982144,15.311259256502298,48.10573740297817,36.68092312979479,38.7593591464601,3.0106598143005128,1.444128643959903,1.9637965707032103,6.690355142890028,3.20917476435534,4.363992379340467,20.300790258912855,15.510786623695282,17.45208885242022,45.112867242028564,34.468414719322844,38.78241967204493,2.9135338996027857,1.4056068784461475,1.9060849473653292,7.164427621974063,3.456410356834789,4.687094132865564,18.421784409272387,13.904427712614389,15.683178627201332,45.29946985886652,34.19121568675669,38.56519334557704,0.6582914572864322,-0.0017085427135676845,-0.0017085427135676845,0.48743718592964824,-0.002562814070351749,-0.002562814070351749,0.39698492462311563,-0.0030150753768843908,-0.0030150753768843908,0.3959276018099548,0.12166123612146718,0.13981811989402126,0.3786848072562359,0.39698492462311563,0.1119849246231156,0.17402319417386436,0.36363636363636365,0.3846153846153846,0.11461538461538456,0.16596943566976863,0.3557046979865772,19.0,0.0,0.0,30.0,0.0,0.0,39.0,0.0,0.0,0.0006396936238406609,0.00023173080822124265,7.719439198261064e-05,-0.027790426250814626,-0.030441362271402816,-0.02988375840217028,0.06334841628959276,0.07219735908384381,0.0022624434389140274,-0.8345658779144287
62,0,test,1.0347047517153267,0.3389069486002567,0.3389069486002567,7.266719578138673,2.380139604537435,2.380139604537435,2.8142752030233344,0.8089669259014585,0.8089669259014585,19.764622402842036,5.68136542213553,5.68136542213553,1.489407975346454,0.5420426786048604,0.8403822354848131,5.728492212870977,2.0847795330956176,3.232239367249281,4.4344694264987305,1.85556337816387,2.520793923753883,17.055651640379732,7.136782223707192,9.695361245207241,1.2608485312002888,0.4780376113913011,0.7261578613719302,6.636044901054151,2.5159874283752686,3.821883480904895,3.5284141870115286,1.3408013516279076,1.8214940283348597,18.570600984271202,7.05684921909425,9.586810675446628,0.3316582914572864,-0.0033417085427135396,-0.0033417085427135396,0.20100502512562812,-0.003994974874371837,-0.003994974874371837,0.16080402010050254,-0.004195979899497493,-0.004195979899497493,0.22622950819672127,0.046366360591638234,0.046366360591638234,0.18226600985221675,0.2613065326633166,0.05078021687384293,0.0977005226466221,0.2272727272727273,0.24749163879598657,0.05550499438864098,0.09732478673814449,0.19463087248322153,13.0,-2.0,-2.0,19.0,-6.0,-6.0,24.0,-8.0,-8.0,0.0016504402067720665,8.268281167126809e-05,0.0004350545220197013,-0.30732145337417727,-0.29717553995709434,-0.30532885695985623,0.04426229508196721,0.059585976712063574,0.16229508196721312,-1.4700578451156616
249,0,test,1.3755767512718677,0.23357669125497416,0.23357669125497416,6.22066375297389,1.0562857037863829,1.0562857037863829,3.957358476389713,0.8243301287307214,0.8243301287307214,17.896054443229037,3.7278040265933736,3.7278040265933736,2.6036202160720285,1.2057472034164798,1.6618683279179471,5.313510645044956,2.460708578400979,3.3915680161590753,13.51256801002546,9.465984235674927,10.948097859844705,27.576669408215224,19.318335174846794,22.34305685682593,2.1556309543863614,0.9965861747103995,1.376593014832579,4.82603945011872,2.2311630777098497,3.0819246600729384,8.633335701879844,5.4464480600038865,6.453961135344404,19.32836351167129,12.193540432844522,14.449166720920307,0.5577889447236181,-0.00221105527638199,-0.00221105527638199,0.4371859296482412,-0.002814070351758735,-0.002814070351758735,0.33668341708542715,-0.0033165829145728187,-0.0033165829145728187,0.2865928659286593,0.03830352086512068,0.03830352086512068,0.22044334975369462,0.371859296482412,0.10368887041724906,0.16484761033883943,0.3434343434343434,0.34782608695652173,0.11577266458590407,0.17207525269623247,0.28859060402684567,21.0,0.0,0.0,32.0,0.0,0.0,39.0,0.0,0.0,0.004411274925128717,0.002433233993573871,0.00018481201923036103,-0.20040677449078892,-0.2366187734252776,-0.20779923546096946,0.05412054120541206,0.031886362966846195,0.16851168511685116,-2.181856393814087
54,0,test,0.7657882586418676,0.11186771022199715,0.11186771022199715,5.077369210659105,0.7417111207155944,0.7417111207155944,2.1506890058584656,0.2276234654147662,0.2276234654147662,14.259610299347305,1.50920095976681,1.50920095976681,1.2390755534274305,0.42132771841752414,0.6847510233592226,4.67575680538653,1.5899159185566947,2.583966125883858,3.452420410870313,1.187028359634278,1.7116556575551949,13.028001550454011,4.47935230050671,6.459077953038472,1.3379089833877935,0.5699291964876931,0.8215431528115869,4.894788963613879,2.0851068164183895,3.0056456810180006,3.811066165235886,1.6556586952111183,2.1351401950075273,13.942924994765438,6.057287909308969,7.811488518320221,0.2613065326633166,-0.003693467336683409,-0.003693467336683409,0.18592964824120606,-0.004070351758793889,-0.004070351758793889,0.16080402010050254,-0.004195979899497493,-0.004195979899497493,0.1941624365482234,0.022119425795535275,0.022119425795535275,0.16518424396442188,0.24120603015075381,0.0632611679953653,0.0976334091156954,0.2222222222222222,0.274247491638796,0.09561643988587454,0.13186706894691613,0.261744966442953,21.0,-12.0,-12.0,26.0,-12.0,-12.0,30.0,-9.0,-9.0,0.002132994294226023,0.001077153461276325,0.00028816084008975805,-0.2357063940073436,-0.24326729405376923,-0.2627194512663915,0.03299492385786802,0.10023723638202135,0.10152284263959391,-1.5728485584259033
200,0,test,1.689869625817821,0.5310995350225278,0.5310995350225278,6.026307554503763,1.8939740032020298,1.8939740032020298,5.418774190823053,2.232761831325588,2.232761831325588,19.324094204310782,7.962335842928287,7.962335842928287,2.795148954225889,1.3176928251243112,1.803841729440678,5.427473697525998,2.5586268449015748,3.502605299884811,16.365066217387444,11.983281421201024,13.670311396190787,31.77682760657756,23.268507613982568,26.544293973185994,2.44121580394097,1.1617997091471512,1.5843702017916232,5.345728037826942,2.544086954336828,3.4694237995437005,11.486998193987613,7.892457952069483,9.131280104655874,25.154010643768498,17.28275463956821,19.99550387880848,0.5979899497487438,-0.0020100502512562235,-0.0020100502512562235,0.42713567839195976,-0.002864321608040288,-0.002864321608040288,0.35678391959798994,-0.0032160804020100464,-0.0032160804020100464,0.29866270430906394,0.057215978991370875,0.057215978991370875,0.24851190476190477,0.3869346733668342,0.12127051296583169,0.1782535381414585,0.36868686868686873,0.34782608695652173,0.11243376642229808,0.15872708806886882,0.31543624161073824,19.0,0.0,0.0,31.0,1.0,1.0,39.0,1.0,1.0,0.004088003150112654,0.000782471979886135,0.0004888034001559032,-0.1729457000546395,-0.16379314309287363,-0.1548490042228634,0.03714710252600297,0.07968297277202643,0.3313521545319465,-2.3247663974761963
213,0,test,2.4979676643689084,1.1815947486916814,1.1815947486916814,6.387837708883676,3.0215905513807177,3.0215905513807177,12.157760186330393,8.427891920063889,8.427891920063889,31.089993710317522,21.55192262145691,21.55192262145691,2.986084687407229,1.3819856186378838,1.9128062001816226,5.634122051711753,2.6075200351658188,3.6090683022294767,19.807976050261576,14.834599137099088,16.883022830752758,37.37353971747467,27.98980969263979,31.854760058024073,2.8751968293770527,1.3743098627294883,1.867498889884615,5.601032784500752,2.677227005317185,3.6379848504245746,17.728913349029444,13.243247406545478,14.989625604125731,34.536844186421,25.798533908854832,29.200569358686494,0.6281407035175879,-0.0018592964824121205,-0.0018592964824121205,0.48743718592964824,-0.007562814070351753,-0.007562814070351753,0.3919597989949749,0.006959798994974897,-0.0030402010050251116,0.37816764132553604,0.13476588179474425,0.13476588179474425,0.302734375,0.3919597989949749,0.11376431027317035,0.17660086744238723,0.297979797979798,0.3913043478260869,0.12252304565580308,0.18107075494510805,0.31879194630872487,23.0,0.0,0.0,33.0,0.0,0.0,40.0,0.0,0.0,0.0004783388318596552,0.00039870207140940076,0.0007823210703008047,-0.04878712148569342,-0.042840014804544246,-0.05684506812023038,0.04873294346978557,0.06389641529277702,0.07602339181286549,-1.0036311149597168
156,0,test,0.9187833810210084,0.3789922932619674,0.3789922932619674,4.894288395054218,2.018862792953173,2.018862792953173,2.5062393959490255,0.7905909911588744,0.7905909911588744,13.350544474574615,4.211417395211695,4.211417395211695,1.9952237187072985,0.8931603840501867,1.251462790831651,4.534599360698405,2.029909963750424,2.8442336155264787,7.353848037250815,4.343477014137946,5.2500150187919274,16.71329099375185,9.87153866849533,11.931852315436199,1.4451696839144181,0.631590791871924,0.8932910626222033,4.612243672067292,2.0157152932082685,2.8509289232623507,4.242571977966907,1.9866045579661793,2.5060597736453483,13.540123333936938,6.340227312658019,7.998063107378771,0.4773869346733668,-0.0026130653266331905,-0.0026130653266331905,0.31155778894472363,-0.003442211055276312,-0.003442211055276312,0.2361809045226131,-0.0038190954773869024,-0.0038190954773869024,0.21518987341772156,0.06465223900911943,0.06465223900911943,0.14492753623188404,0.31155778894472363,0.0634374881928439,0.12958783902819604,0.30808080808080807,0.274247491638796,0.08226084723145044,0.11740655726727212,0.22483221476510062,20.0,0.0,0.0,29.0,-4.0,-4.0,35.0,-2.0,-2.0,0.0024797256866132197,0.00035028030686319746,0.0010851210171687747,-0.15576766801219755,-0.15574745143995639,-0.16285160458147852,0.04701627486437613,0.16547614120296203,0.34177215189873417,-1.3633790016174316
90,0,test,2.9582724577653465,1.3497300775227432,1.3497300775227432,7.321386630633871,3.3404278630928164,3.3404278630928164,19.26466247413119,14.269138130742274,14.269138130742274,47.6778404610918,35.314487976540235,35.314487976540235,3.362248908379883,1.6018468953767033,2.1868284969705454,5.511883456360464,2.625978517010989,3.584964749132042,28.854007988412857,23.039233448847654,25.614503406132126,47.30165244002108,37.769235162045334,41.99098919038054,3.0863600548790995,1.4967474106643273,2.0244182526740415,6.051686382115881,2.9347988444398574,3.969447554262827,21.897228030884833,16.99537823023211,19.005246834872203,42.935741237029085,33.324271039670805,37.26518987229844,0.6582914572864322,-0.0017085427135676845,-0.0017085427135676845,0.542713567839196,-0.0022864321608039306,-0.0022864321608039306,0.4773869346733668,-0.0026130653266331905,-0.0026130653266331905,0.41404805914972276,0.13838823510280196,0.13838823510280196,0.3740740740740741,0.4321608040201005,0.13892772131333353,0.20845462705849782,0.3939393939393939,0.42140468227424754,0.1526233801039637,0.21895751875923086,0.3691275167785235,22.0,0.0,0.0,34.0,1.0,1.0,43.0,0.0,0.0,0.0009653159054411536,0.0005337333029253298,0.0004971568810144716,-0.009795714307762715,-0.009990589840005448,-0.010050396146880303,0.07208872458410351,0.06766443429254952,0.12384473197781885,-1.4116935729980469
51,0,test,1.783467754024612,0.7014822442770607,0.7014822442770607,5.590116669872843,2.198731980717884,2.198731980717884,5.950455397505668,2.9999233483147183,2.9999233483147183,18.651158584654862,9.402985548749896,9.402985548749896,2.814670095039735,1.283218429968407,1.7822080238401008,5.361276371504258,2.4442255808922044,3.3946819501716208,16.687669527158867,12.062783790502777,13.87969877222529,31.786037194588317,22.9767310295291,26.437521470905313,2.422395518924241,1.1205227319530007,1.5458483935525305,5.046657331092169,2.334422358235418,3.220517486567772,11.272831276714257,7.596656359364397,8.870241749464883,23.48506515982137,15.826367415342496,18.479670311385178,0.5829145728643217,-0.002085427135678275,-0.002085427135678275,0.4371859296482412,-0.002814070351758735,-0.002814070351758735,0.3467336683417085,-0.003266331658291488,-0.003266331658291488,0.29209621993127144,0.07215487095766437,0.07215487095766437,0.2323580034423408,0.3668341708542714,0.1011700104532689,0.15481413746528971,0.3232323232323232,0.33444816053511706,0.0873696964282723,0.14312446754290353,0.2919463087248322,14.0,0.0,0.0,23.0,1.0,1.0,30.0,0.0,0.0,0.003179635276355152,0.00029936959174721765,0.001031122467198868,-0.16885512504587386,-0.13987924658466522,-0.16557778989844785,0.0429553264604811,0.27387260797584206,0.34192439862542956,-1.542160987854004
99,0,test,2.295473936548212,1.0574637756030998,1.464581927459728,5.145559025551026,2.3704221547076196,3.2830225756479807,9.929140680000891,6.480396493223637,7.633775365932086,22.257268369934884,14.526526367360368,17.111952833700116,2.926049454067117,1.3491747824182139,1.8673185809424881,5.573427531556414,2.5698567284156457,3.556797297033311,18.653792079243427,13.813985912907414,15.771081937438916,35.531032531892244,26.31235411982365,30.040156071312225,2.575366586716362,1.1720764426421022,1.6346260655926421,5.291849150787045,2.4083762520043197,3.358820682724607,13.136131807367896,9.067567675423707,10.57425396663826,26.99205165897513,18.6319883741583,21.72791910953067,0.6482412060301508,-0.0017587939698492372,-0.0017587939698492372,0.4974874371859297,-0.002512562814070307,-0.007512562814070312,0.40201005025125625,-0.002989949748743781,-0.002989949748743781,0.3573573573573574,0.10248479363921648,0.16554916554916554,0.2650602409638554,0.4170854271356784,0.12635861009307192,0.19170980109227276,0.3434343434343434,0.37792642140468224,0.1191618137252165,0.17325456378510495,0.30201342281879195,20.0,0.0,0.0,34.0,0.0,0.0,40.0,0.0,0.0,0.001220900541872071,0.0007642250212727689,0.00089025745181266,-0.04285714807165952,-0.04964849871182331,-0.05928044981205094,0.08708708708708708,0.13166514455716674,0.8198198198198198,-0.9947216510772705
18,0,test,3.7479823606257288,1.821495790267124,2.460139749759879,6.041523805187742,2.9361424678932746,3.965598402598014,42.43537628147378,35.57002937644213,38.81041861194948,68.40329311043534,57.336763770981335,62.56007776254543,3.7721290258002167,1.8052452149899778,2.457748486104947,5.848262055504212,2.798829790682136,3.810462769154957,43.47252049842451,36.324154414859045,39.75007613404986,67.39925658670467,56.31651847264968,61.6280250140308,3.748361588149334,1.8218750177907295,2.4604993900643835,6.042135097315345,2.9367537600208777,3.9661781212978124,42.45147199591033,35.58612509087868,38.82644332285055,68.42923844116889,57.362709101714884,62.5859086398188,0.7487437185929648,-0.0012562814070351536,-0.0012562814070351536,0.6281407035175879,-0.0018592964824121205,-0.0018592964824121205,0.4824120603015075,-0.0025879396984924696,-0.0025879396984924696,0.41860465116279066,0.10305940754330112,0.18058301283203337,0.3411214953271028,0.4120603015075377,0.09125829649500639,0.17165963372790494,0.33333333333333337,0.41860465116279066,0.10305940754330112,0.18058301283203337,0.3411214953271028,23.0,0.0,0.0,33.0,0.0,0.0,43.0,0.0,0.0,0.0009440299090064742,0.0004158537695003068,0.0002689616327973491,0.00019783091371916584,8.005662356502796e-05,3.348293033322847e-05,0.13953488372093023,0.22808391950257587,0.05581395348837209,-0.7521340847015381
59,0,test,3.244910820977111,1.551760405279282,2.110904876120751,5.673075380891957,2.7129416609304458,3.6904935589321983,25.659421676038885,20.2228404310593,22.55133927455978,44.86034946082989,35.35557816858667,39.42649111266574,3.1577897239224892,1.4731338544797525,2.0278223319553526,5.176704465446703,2.41497353193402,3.3242989048448406,23.518555937313856,18.12796039284257,20.423000378812272,38.555009733301404,29.717967857118968,33.480328489856184,3.24545002757759,1.5521635199314956,2.111365679076664,5.674018075424766,2.7136464260026827,3.6912991804265483,25.67326113639995,20.23593996613904,22.564935040379815,44.884544979964545,35.37848007685533,39.45026058080009,0.7487437185929648,-0.0012562814070351536,-0.0012562814070351536,0.6080402010050252,-0.001959798994974782,-0.001959798994974782,0.4723618090452262,-0.0026381909547738003,-0.0026381909547738003,0.44140625,0.11392086988304095,0.18945819805194808,0.4509803921568627,0.4371859296482412,0.10385259631490784,0.17842132196877547,0.4444444444444444,0.44140625,0.11392086988304095,0.18945819805194808,0.4509803921568627,19.0,0.0,0.0,32.0,0.0,0.0,43.0,0.0,0.0,-6.532557462881261e-05,-0.00014878115460627926,-0.00018841736291864693,-8.629588256159337e-05,-0.00014530477676810705,0.00011039017629776993,0.10546875,0.06203941860994716,0.6171875,-0.7743120193481445
197,0,test,2.7787777675436964,1.3250736365979239,1.7253237018322798,6.633211445104307,3.163079003491818,4.118514643083506,16.099331792274686,11.82039686034599,13.231793093122395,38.43066298801054,28.216431215019462,31.58557060938894,2.6907370487962505,1.2244691865257262,1.711874619661724,5.664709576413159,2.57782986636995,3.603946567708893,14.742537886854398,10.40950443807654,12.081110929378585,31.036921867061892,21.914746185424296,25.43391774606018,2.686706580153955,1.2652436730430265,1.7377882772188855,6.200092108047588,2.9197930916377532,4.010280639735889,14.683238133367468,10.540061041125782,12.100323916417393,33.88439569238646,24.323217787213345,27.923824422501674,0.5477386934673367,-0.002261306532663321,-0.002261306532663321,0.44221105527638194,-0.0027889447236180143,-0.0027889447236180143,0.321608040201005,-0.0033919597989949812,-0.0033919597989949812,0.3739837398373984,0.11452428037793894,0.16968266456858117,0.36684782608695654,0.36180904522613067,0.10430904522613071,0.1654696109499243,0.3232323232323232,0.36789297658862874,0.10955964325529544,0.17477421965189177,0.3422818791946308,21.0,-4.0,-4.0,31.0,-5.0,-5.0,36.0,0.0,0.0,0.0002481889142046113,-0.00019534042239108932,-3.479348539819474e-05,-0.05260806922519379,-0.04751039478733787,-0.05104156978895613,0.06775067750677506,0.09361075554689116,0.0027100271002710027,-0.8696269989013672
