idx,membership,set_split,cut_T,cut_T_rep1_diff,cut_T_rep2_diff,cal_T,cal_T_rep1_diff,cal_T_rep2_diff,ppl_T,ppl_T_rep1_diff,ppl_T_rep2_diff,calppl_T,calppl_T_rep1_diff,calppl_T_rep2_diff,cut_200,cut_200_rep1_diff,cut_200_rep2_diff,cal_200,cal_200_rep1_diff,cal_200_rep2_diff,ppl_200,ppl_200_rep1_diff,ppl_200_rep2_diff,calppl_200,calppl_200_rep1_diff,calppl_200_rep2_diff,cut_300,cut_300_rep1_diff,cut_300_rep2_diff,cal_300,cal_300_rep1_diff,cal_300_rep2_diff,ppl_300,ppl_300_rep1_diff,ppl_300_rep2_diff,calppl_300,calppl_300_rep1_diff,calppl_300_rep2_diff,cb_const1,cb_const1_rep1_diff,cb_const1_rep2_diff,cb_const2,cb_const2_rep1_diff,cb_const2_rep2_diff,cb_const3,cb_const3_rep1_diff,cb_const3_rep2_diff,cbm_T,cbm_T_rep1_diff,cbm_T_rep2_diff,cbpm_T,cbm_200,cbm_200_rep1_diff,cbm_200_rep2_diff,cbpm_200,cbm_300,cbm_300_rep1_diff,cbm_300_rep2_diff,cbpm_300,lz_bins3,lz_bins3_rep1_diff,lz_bins3_rep2_diff,lz_bins4,lz_bins4_rep1_diff,lz_bins4_rep2_diff,lz_bins5,lz_bins5_rep1_diff,lz_bins5_rep2_diff,slope_600,slope_800,slope_1000,apen_600,apen_800,apen_1000,elbow_frac,elbow_delta_slope,flat_frac,nei_delta
156,1,test,1.7492246130925848,0.8055140474842764,0.9969387278232661,3.7442861988360194,1.7242354746149915,2.133987763340613,5.750142361891434,3.1806443194432927,3.628297590958966,12.308412839508149,6.8082981108083445,7.766518086593246,2.7749446747778954,1.2576540388703294,1.7414862957457635,4.369991613823458,1.980557541528078,2.7424981035366356,16.037739679600588,11.477885540809101,13.226969927310481,25.256282960000924,18.075410300486773,20.82987390127635,2.2913963720080646,1.0425484677941186,1.4481013136852168,4.141077780737466,1.8841237369773225,2.6170505669009936,9.888736399562484,6.402412335993927,7.564724269800513,17.87121036065509,11.570624703603482,13.671188439398517,0.6582914572864322,-0.0067085427135678,-0.0017085427135676845,0.5125628140703518,-0.0024371859296482556,-0.0024371859296482556,0.3919597989949749,-0.0030402010050251116,-0.0030402010050251116,0.3265822784810126,0.10534334042791527,0.13303389138423838,0.25126903553299496,0.42713567839195976,0.13139633002103246,0.1950822560213421,0.41414141414141414,0.37792642140468224,0.1258396100524285,0.17325456378510495,0.33221476510067116,21.0,-11.0,-11.0,33.0,-16.0,-16.0,40.0,-14.0,-14.0,0.000816194124210858,0.0024063419415217306,0.00032264174581375605,-0.04962470801458441,-0.07169035747185415,-0.058643683594960194,0.0759493670886076,0.1267808399822496,0.7088607594936709,-1.3771843910217285
198,1,test,1.67114791587877,0.7117507015322878,0.993785443886429,3.30495174425187,1.407596359454916,1.965363391820089,5.318269220236454,2.7081465655935135,3.3495907861471252,10.517694435551423,5.355775889497786,6.624330381542359,1.449121211686177,0.5603156055623922,0.8363445964763593,2.7602308794022417,1.0672678201188424,1.5930373266216367,4.259369785605681,1.8271469020007758,2.4138211159511638,8.113085305915583,3.4802798133348105,4.5977545065736445,1.4171223868327807,0.5606236093135419,0.831599478403681,2.9523383059016264,1.1679658527365455,1.732498913341002,4.125232520618502,1.7703313106765983,2.329302673614185,8.594234417955212,3.6881902305762466,4.8527139033628846,0.39698492462311563,-0.0030150753768843908,-0.0030150753768843908,0.27638190954773867,-0.0036180904522613577,-0.0036180904522613577,0.16080402010050254,-0.004195979899497493,-0.004195979899497493,0.35127478753541075,0.0980923264321576,0.16163646886483396,0.3977272727272727,0.33668341708542715,0.11111950731099107,0.16139126349611166,0.3484848484848485,0.3411371237458194,0.10908370137520174,0.1664986365378105,0.3557046979865772,18.0,-9.0,-9.0,23.0,-14.0,-14.0,27.0,-14.0,-14.0,0.0003676254107605909,-0.0004342551611793435,0.00013318829005082376,-0.09769179500295522,-0.08194721176702835,-0.08956760611307946,0.6515580736543909,0.02561093078316557,0.7988668555240793,-1.0097075700759888
370,1,test,2.072736463588416,0.9370002006549636,1.2146826608343253,3.940251495138375,1.7812281042153764,2.309099711685054,7.946538806300483,4.833073778171875,5.587972816877734,15.106291592175175,9.187625400089109,10.622680998421039,1.9976521975542674,0.8632822171362802,1.2250453154849477,3.3573986513517102,1.4508944825819838,2.058899689890669,7.371728403911739,4.262514343940559,5.206324549118102,12.38945950237267,7.163889653681611,8.750125292635465,1.9075682351324117,0.8284031900157733,1.1749368528024533,3.5544749722964197,1.54360842860082,2.1893233282033293,6.736686825397055,3.7944649227470766,4.65613869686461,12.552832593907558,7.070431533069088,8.676034838878156,0.48743718592964824,-0.002562814070351749,-0.002562814070351749,0.35678391959798994,-0.0032160804020100464,-0.0032160804020100464,0.2613065326633166,-0.003693467336683409,-0.003693467336683409,0.360313315926893,0.1125949326152893,0.14721458669913146,0.3534031413612565,0.35678391959798994,0.12119494716691226,0.17147507151785635,0.3232323232323232,0.3511705685618729,0.11243934986404314,0.1687456519879018,0.31879194630872487,16.0,-7.0,-7.0,24.0,-12.0,-12.0,29.0,-13.0,-13.0,0.0005091150195582117,-0.00029504487154762514,0.0001453525847989571,-0.02530464751662098,-0.023765856426343213,-0.02543449772881967,0.0835509138381201,0.12039109542114913,0.0026109660574412533,-1.2741374969482422
383,1,test,1.548093606457854,0.657480144225138,0.9310629713380326,3.736777670760337,1.5870210377848157,2.2473933790918026,4.702496822356323,2.2658728526865337,2.8490804290546663,11.350854398791123,5.469348265105426,6.877090690821607,1.8208249198445288,0.6718443176465603,1.0423089876533236,3.2226989731761573,1.1891049869850625,1.8447946684129621,6.176951838926499,3.021976743752083,3.9987146250815377,10.932658121993803,5.348631404870943,7.077371017843429,1.5073301003204547,0.6689064671870996,0.9393633779061705,3.521028906217312,1.5625237006948653,2.1942941405776955,4.514660996960993,2.2019425878369696,2.7499856705640777,10.54596592258857,5.143600263775421,6.423794652333276,0.44723618090452266,-0.0027638190954772934,-0.0027638190954772934,0.31658291457286436,-0.003417085427135591,-0.003417085427135591,0.2613065326633166,-0.003693467336683409,-0.003693467336683409,0.3237822349570201,0.10203688445630477,0.1478291557781345,0.3045977011494253,0.3316582914572864,0.10108185035452955,0.14467999429534983,0.33333333333333337,0.3221476510067114,0.10271716524456731,0.1469244367209971,0.2895622895622896,19.0,-10.0,-10.0,28.0,-18.0,-18.0,35.0,-22.0,-22.0,0.0008263253389674321,-5.4359685896203196e-05,0.00044504880799314437,-0.10560829198869293,-0.09856368555523876,-0.11636797390940767,0.07449856733524356,0.12684178808999078,0.25787965616045844,-0.7478060722351074
8,1,test,1.269959616355156,0.5680607298834096,0.6060687607031536,2.5722063416006975,1.1505636817130076,1.2275460492207944,3.56070876505385,1.5431285369462322,1.6183737687733006,7.2119440241344925,3.12548915534025,3.2778926333628715,1.2136535728838649,0.4609923651669996,0.7041212141544203,2.268511351184794,0.8616679722747653,1.3161144189802245,3.3657592625791537,1.2431179662063574,1.7012466444619991,6.2911388085591655,2.323584983563285,3.1799002700224284,1.546779296387015,0.6726135913289469,0.9385561276056564,2.9184515026170095,1.269082247790466,1.77086061812388,4.696320343218088,2.299445584140963,2.8591561768816804,8.860981779656768,4.338576573850873,5.3946342960031695,0.35678391959798994,-0.0032160804020100464,-0.0032160804020100464,0.24120603015075381,-0.0037939698492461815,-0.0037939698492461815,0.15577889447236182,-0.004221105527638214,-0.004221105527638214,0.31865828092243187,0.11342267882819101,0.12119982539946017,0.3067226890756303,0.31658291457286436,0.09853780179090943,0.14629910822895786,0.31313131313131315,0.34448160535117056,0.1057503866533408,0.1665060769863207,0.37583892617449666,12.0,-3.0,-3.0,21.0,-10.0,-10.0,25.0,-13.0,-13.0,0.00044509379712250096,-0.00022472428721555991,0.00037644339277333785,-0.16631267762705004,-0.15869965837134892,-0.17866370016915845,0.06079664570230608,0.05538336374867769,0.8218029350104822,-1.4652663469314575
475,1,test,1.917243631765488,0.8823984819283681,1.2191447712616523,4.037638906631955,1.8582961407498084,2.5674704454384463,6.802183283586947,3.9875129338726216,4.792255364044449,14.325127709805624,8.397543794513204,10.092299375934669,2.0065273344036796,0.8492411712294379,1.2198476454873732,3.4299612553909054,1.4516943097939108,2.0852096504057664,7.437444691474391,4.256156637587476,5.241352094591446,12.713580669186994,7.275481431773464,8.959576230070848,1.9293931688654797,0.8923492478619726,1.2282509742779677,3.9375370793173055,1.8211209140040254,2.5066346413836076,6.885330740519048,4.0644647659123105,4.869276621525822,14.051695388814384,8.294826052882266,9.937299227603718,0.49246231155778897,-0.002537688442211028,-0.002537688442211028,0.3668341708542714,-0.0031658291457286047,-0.0031658291457286047,0.2613065326633166,-0.003693467336683409,-0.003693467336683409,0.362776025236593,0.1171067338980103,0.17704674926597397,0.35443037974683544,0.36180904522613067,0.10616994748176978,0.1581362572461641,0.3535353535353535,0.3612040133779264,0.11913389651649064,0.1765544026993947,0.3523489932885906,19.0,-10.0,-10.0,30.0,-18.0,-18.0,33.0,-16.0,-16.0,0.000830174102998539,-8.771342005819177e-05,6.750177695146016e-05,-0.06664064135379988,-0.056928523575179746,-0.06280840890084871,0.07886435331230283,0.21756953587206104,0.0946372239747634,-0.6039150953292847
133,1,test,1.7753623238018181,0.778201025893237,1.1024081328579163,3.52796359217028,1.5464251155570738,2.1906828281150905,5.902419335949041,3.191842957888072,3.9424002891616032,11.729166629129505,6.342764852213476,7.834256984872416,1.6882360660852496,0.6314165788529296,0.970646635646287,3.069520120154999,1.1480301433689628,1.7648120648114307,5.409929525616337,2.5327240928210104,3.3604427049314505,9.836235501120612,4.6049528960382,6.109895827148091,1.7669699989844294,0.7488897428430801,1.0796836261159826,3.4874407874692683,1.4780718608745,2.130954525228913,5.8530915924134455,3.0852155451457794,3.8647789257358642,11.552154458710747,6.089241207524565,7.627853142899732,0.40201005025125625,-0.002989949748743781,-0.002989949748743781,0.27638190954773867,-0.0036180904522613577,-0.0036180904522613577,0.1959798994974874,-0.004020100502512558,-0.004020100502512558,0.34304207119741104,0.11202430059967272,0.1611260324460655,0.35389610389610393,0.321608040201005,0.1010566617548897,0.13462974303906838,0.3232323232323232,0.3411371237458194,0.10741425229339874,0.15759986011956795,0.3489932885906041,17.0,-4.0,-4.0,24.0,-2.0,-2.0,29.0,-2.0,-2.0,-0.000372531375194743,6.447334211868269e-05,-6.725781030336767e-05,-0.04495470421104919,-0.04826809200352056,-0.04339951730060587,0.09061488673139159,0.060538109411059644,0.003236245954692557,-0.9084035158157349
242,1,test,1.7096803621137138,0.7535161550890219,1.0490918109636325,3.3598935811973853,1.4808230526097301,2.0616934719807034,5.527194494476362,2.9254967592352576,3.5912631006562643,10.86213874566659,5.749237109453637,7.057612702159267,1.4190895838729494,0.5958981842955058,0.850317521661423,2.7825285958293122,1.1684278123441287,1.6672892581596528,4.133355653104543,1.8555981684840712,2.367258591024747,8.104618927655967,3.638427781341316,4.6416835118132305,1.7097485687204612,0.7536575107962475,1.0491216190963706,3.360027622007167,1.48110084730393,2.061752051441563,5.5275714985146,2.9260640681621446,3.5915657664559646,10.862879640559127,5.750351994822997,7.058207506252591,0.3015075376884422,-0.0034924623115578646,-0.0034924623115578646,0.2361809045226131,-0.0038190954773869024,-0.0038190954773869024,0.18090452261306533,-0.0040954773869347205,-0.0040954773869347205,0.30666666666666664,0.11597930524759792,0.157479074347612,0.3214285714285714,0.2814070351758794,0.10346217302049088,0.13449551597721499,0.2777777777777778,0.30666666666666664,0.11597930524759792,0.157479074347612,0.3214285714285714,16.0,0.0,0.0,19.0,0.0,0.0,26.0,1.0,1.0,0.00024757849589511006,-1.1437444308325281e-06,-0.0001788821969457549,-0.1752911027671855,-0.17582408225286894,-0.17289185965813036,0.7333333333333333,0.07515603920328731,0.022222222222222223,-1.4910023212432861
282,1,test,2.082970567286049,0.908583819188229,1.2859631255294162,3.6113040012710784,1.57523703563403,2.229510034201887,8.028282079589106,4.7921243242984435,5.809391256571306,13.918855913133774,8.308239213132802,10.071903184469779,2.4662023902070866,1.1404138049946517,1.5552195130335866,3.548492647779981,1.6408831726541755,2.237725918033938,11.777634954611681,8.012481625778047,9.290869436937111,16.94623734476501,11.528750540687838,13.368157463218866,2.08274625028054,0.9083013150771939,1.285764819448516,3.610915096640226,1.574747250400105,2.229166225434409,8.026481401362558,4.790135337940589,5.807648292996062,13.915734027214375,8.304790852169187,10.068881360046426,0.5979899497487438,-0.0020100502512562235,-0.0020100502512562235,0.42713567839195976,-0.002864321608040288,-0.002864321608040288,0.3316582914572864,-0.0033417085427135396,-0.0033417085427135396,0.34931506849315064,0.09803301721109936,0.15911005710362902,0.3298969072164949,0.371859296482412,0.09617007342476791,0.16150871217523333,0.38383838383838387,0.34931506849315064,0.09803301721109936,0.15911005710362902,0.3298969072164949,15.0,0.0,0.0,24.0,-2.0,-2.0,31.0,0.0,0.0,0.00121970626504549,-1.3768841105745646e-05,5.8313619337947554e-05,-0.040954084369004384,-0.03248060888544835,-0.03641520271570098,0.11301369863013698,0.028414647442707774,0.6917808219178082,-1.0739729404449463
254,1,test,2.072374158653524,0.902162288469561,1.2130193748976625,3.5664113427990882,1.552558356901105,2.0875217149401637,7.9436602575633435,4.72098490254071,5.582023821733786,13.670485094411337,8.124485646232852,9.606273553681401,2.079213572737456,0.9012394961926142,1.2614118335283029,3.2487712074022745,1.4081867128009595,1.970955989887973,7.998176456324519,4.750388692400987,5.7326622876526905,12.49715071300706,7.422482331876543,8.957284824457329,2.0023264948864616,0.8672387155793571,1.2303644374226015,3.2470159376537215,1.4063330522908493,1.9951855741988134,7.4062667126001225,4.294820061050649,5.24225871340343,12.010162236648847,6.9645730719740255,8.500960075789346,0.542713567839196,-0.0022864321608039306,-0.0022864321608039306,0.3869346733668342,-0.0030653266331658324,-0.0030653266331658324,0.29648241206030146,-0.0035175879396985854,-0.0035175879396985854,0.36314363143631434,0.11009897649720746,0.15982007327404646,0.38315217391304346,0.371859296482412,0.09617007342476791,0.16317816125703632,0.4040404040404041,0.35785953177257523,0.10243382225671549,0.16208645057124038,0.37248322147651003,20.0,-11.0,-11.0,29.0,-18.0,-18.0,38.0,-22.0,-22.0,0.0005393324380498825,-8.294785045329507e-05,0.0002094423982864779,-0.015544930423105896,-0.014891111278450886,-0.015848699029918478,0.06775067750677506,0.10159579091844516,0.0027100271002710027,-1.2313108444213867
259,1,test,1.0902229006682873,0.4569882432054503,0.4628469769926602,3.0204536100482056,1.2660821819954275,1.2823137559304847,2.9749371141349688,1.0912432744703802,1.1022470695852664,8.242038889980487,3.023280547303184,3.053766471473934,1.591705914369795,0.6571517562997135,0.9583635508438191,2.867938584450081,1.1840572185580422,1.726781172691566,4.912121443455821,2.3660433871571342,3.028224707617226,8.850669267487966,4.263141238120962,5.4562607344454515,1.4990939145437117,0.6379498721217449,0.9223407412843747,3.3814148448354397,1.4389846739588232,2.080467837483552,4.477630116209174,2.1117643193385116,2.6973812388714284,10.099917555359038,4.763378163921454,6.084318583920514,0.4120603015075377,-0.0029396984924623393,-0.0029396984924623393,0.2814070351758794,-0.003592964824120637,-0.003592964824120637,0.20603015075376885,-0.003969849246231116,-0.003969849246231116,0.2727272727272727,0.0822040743067396,0.08211143695014655,0.2396039603960396,0.33668341708542715,0.10610697598267027,0.15972181441430866,0.3434343434343434,0.3277591973244147,0.10739191852641805,0.16313183358692862,0.31879194630872487,16.0,-6.0,-6.0,20.0,-5.0,-5.0,27.0,-9.0,-9.0,0.0012184573392475567,0.00014275052657880478,0.0007407941227740094,-0.17588421946452382,-0.16176443477252533,-0.187588919659599,0.04940711462450593,0.09411234220090532,0.7529644268774703,-1.3759678602218628
82,1,test,1.6804413034963366,0.7814874049167125,0.9636258254607563,3.711743978052348,1.7261425097610903,2.12844825184189,5.367924332276413,2.910892870090266,3.3200231031767387,11.856624074588561,6.42955458118839,7.333237843280489,1.4875429935048283,0.5853780163874039,0.8826261189065183,2.72943668532996,1.0740881034631264,1.6194974658835197,4.426206928640158,1.9612730646327972,2.5951069370031967,8.121480603009465,3.5986661736381604,4.761664104593022,1.6944279217576095,0.7585704387945087,1.0629440486738466,3.434651192751911,1.5376427813402203,2.154616314879419,5.443530948663647,2.89413236205975,3.563132165440149,11.034184355399285,5.866484517688683,7.222565200216518,0.3668341708542714,-0.0031658291457286047,-0.0031658291457286047,0.27135678391959794,-0.0036432160804020786,-0.0036432160804020786,0.2160804020100503,-0.003919597989949675,-0.003919597989949675,0.33416458852867825,0.10128787619991109,0.13768365011225592,0.35,0.3015075376884422,0.08346242490648725,0.13790152767174768,0.303030303030303,0.3277591973244147,0.09069742770838796,0.15423305716868618,0.3523489932885906,14.0,-3.0,-3.0,22.0,-9.0,-9.0,31.0,-12.0,-12.0,0.00038531057691287894,-0.00015516965670491972,0.00015424129287303111,-0.0864057214361047,-0.08102865694110939,-0.08473605597231515,0.12468827930174564,0.06343074040380081,0.0024937655860349127,-1.0530821084976196
86,1,test,1.6640905985798389,0.6904928223179402,0.8800101538576518,3.555898858017972,1.4754741361109671,1.8804427498221403,5.280868635993337,2.633416349421349,3.0904768079878187,11.284382453754183,5.627194936131936,6.603860968647655,2.109872566490648,0.9031782445607157,1.2860129691261553,3.5460043134296604,1.517946629513808,2.161366334665807,8.247190249263763,4.90477283494751,5.9679102635233425,13.86082394834246,8.243315688987412,10.03010128323251,1.84211385151624,0.7703584431780468,1.1106820639083042,3.4325102823283977,1.4354505152385963,2.0695939079036725,6.309862285520094,3.3893606096199913,4.231808475156978,11.757507364323157,6.315578775689425,7.885357407124805,0.507537688442211,-0.0024623115577889765,-0.0024623115577889765,0.36180904522613067,-0.0031909547738693256,-0.0031909547738693256,0.25125628140703515,-0.003743718592964851,-0.003743718592964851,0.32592592592592595,0.09411334886057454,0.12357988487020743,0.2623762376237624,0.3417085427135679,0.08105691364088619,0.1380357547336013,0.2828282828282829,0.33444816053511706,0.0973863909190903,0.1509108969088656,0.261744966442953,22.0,-5.0,-5.0,29.0,-5.0,-5.0,33.0,-4.0,-4.0,0.0009288292087379385,0.0011336105393250254,0.0003275833556198006,-0.11528764584447782,-0.12159692525233279,-0.12145421752797869,0.0691358024691358,0.08455831978467239,0.29876543209876544,-0.9713435173034668
179,1,test,1.97869227148205,0.8574215835613794,1.2175570969592084,3.415847710769013,1.480180417937539,2.101888041066423,7.2332776340148826,4.164526482128737,5.092572718594263,12.486921389246746,7.189287821780136,8.791388693152202,2.4431981052218275,1.0928269442677658,1.527418060155009,3.8174970394091052,1.707542100418384,2.3865907189922018,11.50979146932633,7.65093394715594,9.01106786039889,17.98404917082239,11.954584292431157,14.079793531873268,1.9858995723760946,0.8460780304248428,1.2108619297911265,3.4840343375019205,1.4843474217979697,2.1243191750721517,7.285598361502425,4.159387943511042,5.114924526082559,12.781751511407764,7.297171830721129,8.97355180014484,0.5326633165829145,-0.0023366834170853723,-0.0023366834170853723,0.4170854271356784,-0.0029145728643216184,-0.0029145728643216184,0.3065326633165829,-0.0034673366834171437,-0.0034673366834171437,0.33944954128440363,0.11349534281112117,0.17057873762214526,0.28220858895705525,0.3869346733668342,0.13881437261495444,0.1949480289594886,0.3282828282828283,0.3377926421404682,0.11074756701525956,0.16760354314158055,0.2751677852348994,17.0,-6.0,-6.0,28.0,-8.0,-8.0,34.0,-7.0,-7.0,0.002151411644083163,-0.00011475275039705439,0.0007632969243460465,-0.09005841347095966,-0.08590876971152017,-0.10280069281796234,0.08256880733944955,0.13904748335630557,0.38837920489296635,-1.255136489868164
315,1,test,1.4546264127687452,0.5808695655888642,0.8068697728501538,2.608536788282413,1.0416555190607997,1.4469347368899392,4.282883136236766,1.8869881579787156,2.3716347385182805,7.680362547193815,3.383877802529139,4.252979603208263,1.4808769621553541,0.5422166463696312,0.8330798235676795,2.100534698092701,0.7691016260562145,1.1816735086066377,4.396799817750514,1.8402456698735672,2.4854740154482533,6.236595486170942,2.610277545919953,3.5254950573734085,1.5308974470149042,0.5806684385652362,0.8832830574154297,2.5234573302443475,0.9571457778547849,1.455961083651807,4.622323251625265,2.036021375140268,2.7113467102649818,7.619214151030657,3.35607918979165,4.469252819118102,0.35678391959798994,-0.0032160804020100464,-0.0032160804020100464,0.25125628140703515,-0.003743718592964851,-0.003743718592964851,0.1758793969849246,-0.004120603015075441,-0.004120603015075441,0.30107526881720426,0.0876524500252579,0.1270772238514174,0.30188679245283023,0.3015075376884422,0.09098122189896851,0.1328931804263387,0.30808080808080807,0.30434782608695654,0.09232779269797486,0.13527107414034922,0.3087248322147651,17.0,-6.0,-6.0,19.0,-5.0,-5.0,27.0,-8.0,-8.0,4.022148416107943e-05,-3.3980862070645165e-05,-5.646250860733268e-05,-0.1516968601506088,-0.1541437012534308,-0.15753297426584822,0.08064516129032258,0.09261475180879934,0.002688172043010753,-1.1930643320083618
388,1,test,2.2196907853900414,1.0335955539390331,1.3466087432191074,3.640292888039668,1.6950967084600146,2.2084383388793363,9.204484264787801,5.930213321885594,6.810205503085147,15.095354194251994,9.725549847892374,11.168737025059642,2.567633848456449,1.1724450927447898,1.6242727719633154,3.775932130083013,1.7241839599188085,2.3886364293578164,13.034945267075186,8.99920899806099,10.466345079319984,19.169037157463507,13.234130879501453,15.391683940176446,2.281380376765871,1.062433813904116,1.4543150282265402,3.7196419186400074,1.7322290444088853,2.3711658068910983,9.790185230739892,6.406563807699554,7.503586716083676,15.96225852838026,10.44548446907536,12.234108776223387,0.5979899497487438,-0.0020100502512562235,-0.0020100502512562235,0.4522613065326633,-0.0027386934673366836,-0.0027386934673366836,0.3668341708542714,-0.0031658291457286047,-0.0031658291457286047,0.3695652173913043,0.12940239513892982,0.16330910790938835,0.3487738419618529,0.4120603015075377,0.1413836097782144,0.19336247179134403,0.4191919191919192,0.3913043478260869,0.14088698555563617,0.19108187841563085,0.3691275167785235,21.0,-12.0,-12.0,36.0,-20.0,-20.0,45.0,-25.0,-25.0,0.0003036476402129975,0.0003478068290328056,0.00027895737887890853,-0.05231512656403492,-0.06251207920227486,-0.05943606352133468,0.10054347826086957,0.1334525909080124,0.3804347826086957,-1.1694450378417969
365,1,test,2.3191846444907256,0.9731044554834416,1.3967042124162967,3.9641877062806588,1.6633297087914638,2.387389758432507,10.167380895465769,6.325046147936346,7.651858655517033,17.37912780969149,10.811416090077245,13.079339794895395,2.3444297457467176,1.0163147163613755,1.4180924536227306,3.8750904888375497,1.6798590353080587,2.343954468797902,10.42732480547549,6.653401860564124,7.902081814557667,17.235247612356183,10.99735844721343,13.061292255467219,2.3192564816781878,0.9731763597332315,1.396599619129669,3.964310497752251,1.663452614892849,2.3872109768844343,10.168111317748583,6.325776827895064,7.652145223864941,17.38037632219816,10.812665043029936,13.079829626838912,0.5477386934673367,-0.002261306532663321,-0.002261306532663321,0.44723618090452266,-0.0027638190954772934,-0.0027638190954772934,0.31658291457286436,-0.003417085427135591,-0.003417085427135591,0.3822525597269625,0.10627300265711581,0.17566913180414745,0.40753424657534243,0.38190954773869346,0.1037140590168889,0.17990620884052988,0.41414141414141414,0.3822525597269625,0.10627300265711581,0.17566913180414745,0.40753424657534243,18.0,-6.0,-6.0,28.0,-8.0,-8.0,34.0,-9.0,-9.0,0.00023623573973881407,0.0002019848545615007,-0.00017329808201598727,-0.006017337619481644,-0.005117606187589274,-0.0048333335492820595,0.12627986348122866,0.1175628816592808,0.0034129692832764505,-0.8640155792236328
261,1,test,1.9881106250236147,0.8996928798627897,1.1422780178393106,3.6618223605086113,1.6571087461658824,2.103916721229614,7.301725024929385,4.332153290780772,4.971808112164316,13.448758650567612,7.979221875112493,9.157376801939858,2.1721389386813548,0.9737115673133951,1.3581271682717349,3.217983612861266,1.4425356552791038,2.012040249291459,8.777037522381656,5.462137807139334,6.520093331491628,13.003018551676528,8.09205601057679,9.659397528135745,2.1355591642656604,0.9711978395030363,1.3532793985825227,3.559265273776101,1.6186630658383938,2.2554656643042046,8.461776707417533,5.257900714054651,6.275325523082005,14.102961179029222,8.763167856757752,10.458875871803341,0.46733668341708545,-0.002663316582914521,-0.002663316582914521,0.36180904522613067,-0.0031909547738693256,-0.0031909547738693256,0.29145728643216084,-0.0035427135678391952,-0.0035427135678391952,0.3443037974683544,0.11927219190577532,0.1575980301174258,0.3324873096446701,0.35678391959798994,0.1237012128310726,0.18316121509047745,0.3484848484848485,0.36454849498327757,0.1258172762854478,0.18768531367070806,0.3557046979865772,21.0,-3.0,-3.0,34.0,-12.0,-12.0,40.0,-9.0,-9.0,0.00020015313362318238,0.0006369065389795973,9.88134231082355e-05,-0.05620527648247542,-0.06134592792130977,-0.05770347260298525,0.06329113924050633,0.1867956580823959,0.1670886075949367,-0.9896780252456665
407,1,test,1.2953475992131933,0.5642893487310092,0.6071556422152725,3.5401261092133294,1.5421771405659968,1.6593287721906027,3.6522652780609968,1.5749875529880035,1.6621512114515538,9.98147499288261,4.304369391972896,4.542583708569303,1.4537262248292457,0.5951792906537022,0.8680523688317511,2.997373659441744,1.2271737951622728,1.7897986986221672,4.279029471262838,1.9193001120176039,2.4828285125537963,8.822741177861522,3.957319818592998,5.119234046502673,1.4019373281081597,0.6184688473232257,0.8673827202530516,3.1862212002458175,1.4056110166436946,1.9713243642114808,4.063063834711198,1.8740120374458087,2.3563759071602286,9.234235987979995,4.259118266922292,5.355399789000519,0.371859296482412,-0.003140703517587995,-0.003140703517587995,0.29145728643216084,-0.0035427135678391952,-0.0035427135678391952,0.18592964824120606,-0.004070351758793889,-0.004070351758793889,0.29166666666666663,0.09603711411723892,0.10691593352883677,0.2797494780793319,0.3266331658291457,0.12362564703215317,0.1663660539760572,0.3232323232323232,0.3110367892976589,0.1056945522358893,0.1608699372398168,0.30536912751677847,16.0,-7.0,-7.0,23.0,-12.0,-12.0,28.0,-14.0,-14.0,-0.0005285526287645418,6.33357123063075e-05,0.00011745819235033412,-0.12677190569882324,-0.13773751177795823,-0.14865355134777936,0.0625,0.0341966227115668,0.0020833333333333333,-0.7087355852127075
104,1,test,2.4549506307431703,1.1514480313228816,1.573787961528744,3.6620810513848396,1.717629659984409,2.3476395006229884,11.645858587303273,7.963687309163845,9.232154171859873,17.372275240728637,11.879533555106285,13.771721692829642,2.52635958204145,1.1562814063891667,1.5984595444518273,3.43722392114483,1.5731719814818597,2.1747748904106494,12.50788921020342,8.572230854099736,9.978696822104402,17.017536340412818,11.662899121224132,13.576458261366536,2.4551021179091297,1.1518675680466668,1.5738155872805752,3.6623070267152764,1.7182554882464092,2.3476807103080404,11.647622919049262,7.966438513021552,9.233619520247808,17.374907116813816,11.883637560860878,13.773907571640379,0.6180904522613065,-0.0019095477386934512,-0.0019095477386934512,0.457286432160804,-0.0027135678391959628,-0.0027135678391959628,0.3266331658291457,-0.0033668341708542604,-0.0033668341708542604,0.379182156133829,0.09717844555868982,0.16039352819810593,0.4253731343283582,0.3869346733668342,0.10122038765254848,0.16155904732342852,0.4545454545454546,0.379182156133829,0.09717844555868982,0.16039352819810593,0.4253731343283582,18.0,-8.0,-8.0,29.0,-11.0,-11.0,35.0,-12.0,-12.0,0.0003204570459168479,-0.0002534525625759329,-0.00019779549288712127,-0.005851019494830467,-0.005024641586393486,-0.004749224182031497,0.09293680297397769,0.08568801046557535,0.01486988847583643,-0.8305389881134033
358,1,test,1.5079009844893287,0.640953559272812,0.8579471908008847,2.695728646799319,1.1458556554924328,1.5337829495921476,4.517239081275733,2.1376033420688363,2.6017867602933498,8.075630244356145,3.8214701256796646,4.651307462977261,2.0831421146228783,0.9088038922189969,1.2796068915796415,3.3599066364885135,1.465812729385479,2.0638820831929703,8.029659428136036,4.7936587058360445,5.796236792481771,12.951063593767799,7.731707590058136,9.34876902013189,1.600703921691335,0.7261219873846929,1.0071586434555897,2.7757871474416214,1.2591710763896409,1.7465178788247218,4.956520198772534,2.558647582661277,3.146124791935163,8.595121731975492,4.436961126002215,5.455707731679475,0.5025125628140703,-0.0024874371859296973,-0.0024874371859296973,0.3668341708542714,-0.0031658291457286047,-0.0031658291457286047,0.26633165829145733,-0.0036683417085426884,-0.0036683417085426884,0.3121693121693122,0.09816667016138614,0.13523871588387726,0.2679045092838196,0.35678391959798994,0.12119494716691226,0.17147507151785635,0.35858585858585856,0.3210702341137124,0.10571130256112471,0.14976878806254446,0.2785234899328859,20.0,-10.0,-10.0,28.0,-14.0,-14.0,39.0,-19.0,-19.0,0.0006412304065831242,0.0007593891592122372,0.0003055277126643583,-0.11503529973569382,-0.14012608043878938,-0.1289493442329901,0.07142857142857142,0.08845705310452248,0.41534391534391535,-1.6695590019226074
147,1,test,2.64629433921191,1.2386617472755441,1.7018491348312765,4.766617132741949,2.231129855341042,3.065442541000436,14.101685640522067,10.015415565216518,11.530299251645207,25.40055177485341,18.040189527408632,20.768862006069007,2.885189785633029,1.3398501503407785,1.8499653088183052,4.808649642721715,2.2330835839012977,3.0832755146971755,17.906965757880663,13.21740165983067,15.091227525244033,29.844942929801107,22.02900276638445,25.152045875406724,2.6463849065897045,1.238758749100396,1.7019677260796362,4.766780266528039,2.231304579124937,3.065656152565804,14.102962851048945,10.016719068547266,11.531648521361726,25.40285234039872,18.042537452662778,20.77129236767019,0.6331658291457287,-0.0018341708542712887,-0.0018341708542712887,0.4974874371859297,-0.002512562814070307,-0.002512562814070307,0.371859296482412,-0.003140703517587995,-0.003140703517587995,0.39446366782006925,0.11515332299248304,0.18206412706231956,0.375,0.38190954773869346,0.08940954773869347,0.1606117108002575,0.398989898989899,0.39446366782006925,0.11515332299248304,0.18206412706231956,0.375,18.0,-3.0,-3.0,29.0,-2.0,-2.0,35.0,-1.0,-1.0,0.0005863364216814442,-0.0001859803832913009,5.56846805825981e-05,-0.0003149833039568506,0.00014238108104080993,-5.260203672641239e-06,0.16262975778546712,0.06805434940865046,0.7335640138408305,-0.52866530418396
356,1,test,1.7901436258199386,0.745572256866398,1.0824827949433031,3.2800768299185212,1.3661106569912262,1.9834312081259282,5.990312768183878,3.1481327522530274,3.9610737987155615,10.976038923069838,5.768317775867348,7.2578681405036685,1.733987322448109,0.6498560122162043,0.9889223876993716,2.964080893073691,1.110864978147358,1.690465619998926,5.6631899136813955,2.706319813725932,3.5566116930143337,9.680666519113498,4.626187715770825,6.079678107716811,1.79044875796324,0.7458790923763541,1.0828249320114234,3.2806359229761233,1.3666728711243756,1.9840581052383226,5.9921408840521515,3.1499657093918434,3.9629770050299733,10.97938857636885,5.7716762998173525,7.261355381887219,0.4522613065326633,-0.0027386934673366836,-0.0027386934673366836,0.29648241206030146,-0.0035175879396985854,-0.0035175879396985854,0.21105527638190957,-0.0039447236180903955,-0.0039447236180903955,0.34693877551020413,0.09057205225044185,0.14558130944685577,0.3583617747440273,0.31658291457286436,0.06595634815682427,0.11624902475650378,0.33838383838383834,0.34693877551020413,0.09057205225044185,0.14558130944685577,0.3617747440273038,14.0,-3.0,-3.0,21.0,-1.0,-1.0,26.0,-3.0,-3.0,-0.00022360237976417003,-7.058255054947226e-05,3.0523400918847287e-06,-0.03812924927884698,-0.04040446237197681,-0.03506144147188106,0.08843537414965986,0.05652280690390378,0.003401360544217687,-1.225784182548523
447,1,test,1.7112356528085915,0.7563587125187786,1.012302399527248,2.9122404917063642,1.2871976254333342,1.7227715147917844,5.535797577055354,2.937446766108712,3.524191888311567,9.421013307740992,4.999049312964826,5.99759261726418,1.395902393394927,0.5024981820535911,0.7847834488742791,2.0834364080521297,0.7499972866471507,1.1713185804093715,4.038617350397345,1.59518387716769,2.1961254584126073,6.027787090145291,2.380871458459239,3.2777991916606077,1.6271500054492438,0.6786424258440986,0.9873536659294948,2.6244354926600706,1.0945845578130622,1.5925059127895076,5.089349411755519,2.5074958401027443,3.193254731329174,8.208628083476643,4.044348129197974,5.150410856982539,0.35678391959798994,-0.0032160804020100464,-0.0032160804020100464,0.23115577889447236,-0.003844221105527623,-0.003844221105527623,0.17085427135678388,-0.004145728643216162,-0.004145728643216162,0.3324324324324325,0.08411934201407889,0.12813135716361523,0.38482384823848237,0.29648241206030146,0.08094356494250698,0.11785136030737997,0.3484848484848485,0.3277591973244147,0.09737522403560006,0.14422193369816327,0.3825503355704698,17.0,-5.0,-5.0,24.0,-7.0,-7.0,29.0,-8.0,-8.0,-0.0009306774525158502,-0.0002818138372823567,-0.0003433455284130768,-0.08698280570193351,-0.08676338570174291,-0.08153677426803974,0.12432432432432433,0.04056268344287045,0.26756756756756755,-1.261562466621399
436,1,test,2.2261067322550927,1.010780182425509,1.4064713729028562,3.674272939797384,1.668330731207695,2.3214339326944993,9.263729600982435,5.892334787993613,6.994057529053869,15.29013434140649,9.72552032211849,11.543955168922245,2.0836780507400765,0.8762357454309897,1.2524298525647948,3.1570879556667824,1.3276299173196813,1.8976209887345374,8.033963966007999,4.68904554378007,5.737780922239557,12.172672675769695,7.104614460272834,8.693607457938722,2.209132683653147,1.0109112920215788,1.401711950501813,3.7024570117091846,1.6942647352316964,2.34923790586896,9.107813610800854,5.793596627411164,6.8656961078617424,15.264492085141095,9.709938481694689,11.506753253399566,0.5326633165829145,-0.0023366834170853723,-0.0023366834170853723,0.38190954773869346,-0.0030904522613065533,-0.0030904522613065533,0.26633165829145733,-0.0036683417085426884,-0.0036683417085426884,0.35620915032679734,0.08214716011472556,0.15186132423984078,0.39016393442622954,0.36180904522613067,0.09113235349680737,0.1581362572461641,0.3787878787878788,0.35785953177257523,0.0790615351114734,0.15096298004843733,0.38926174496644295,17.0,-6.0,-6.0,28.0,-11.0,-11.0,35.0,-11.0,-11.0,5.4470689625685576e-05,0.00015140813430590772,-0.00010248997618704362,-0.030928702467242886,-0.03214937681748431,-0.0331580207600215,0.08169934640522876,0.24257954005036184,0.0032679738562091504,-0.8015334606170654
236,1,test,2.790876319989351,1.3027646463264766,1.7727110612109158,4.803344958893237,2.242173166806793,3.0509925067099437,16.29529343811073,11.866568697567867,13.527182104080062,28.045641087360643,20.42341415295694,23.281476682532354,2.942115083141458,1.3626266271646612,1.8735052906985104,4.707384133026332,2.1802026034634574,2.997608465117616,18.955897240487143,14.10342431777033,16.044567907184227,30.32943558477943,22.565478908432524,25.671308651494762,2.7906142429400504,1.302533133353387,1.7725399723894093,4.802893901114508,2.241774712506169,3.0506980477178267,16.291023375256163,11.862433992525233,13.523163895312065,28.03829193156333,20.416297959924382,23.27456098989083,0.6633165829145728,-0.0016834170854271857,-0.0016834170854271857,0.4824120603015075,-0.0025879396984924696,-0.0025879396984924696,0.371859296482412,-0.003140703517587995,-0.003140703517587995,0.376984126984127,0.07797422599402792,0.1540289818653935,0.40239043824701193,0.37688442211055273,0.06861374541882337,0.14483099973993507,0.43434343434343436,0.376984126984127,0.07797422599402792,0.1540289818653935,0.40239043824701193,20.0,-7.0,-7.0,32.0,-8.0,-8.0,42.0,-10.0,-10.0,-0.0001566098350246202,6.540513434775284e-05,-3.93480532834609e-05,-5.857619511928647e-05,-0.00012331829868550415,0.00012440840417138332,0.1111111111111111,0.1434428803523445,0.38095238095238093,-0.5142560005187988
283,1,test,2.0220279842592013,0.9397102856578485,1.2908394537007402,3.9219200500061016,1.8226595473497866,2.50370873905714,7.5536280499628345,4.60211570409956,5.476079679359893,14.650996687511807,8.926251264998475,10.621389445201402,2.1992231778245905,1.0214362516703026,1.3843779974559802,3.7274969115671026,1.7312478841869534,2.3464033855186104,9.018005391193757,5.770825395144909,6.759179456515065,15.284754900328403,9.781059991771034,11.45623636697469,2.0218157698027235,0.9394631696858926,1.2905974320718008,3.9215084394160207,1.8221802418739799,2.5032393145553717,7.552025230968472,4.600409871053712,5.474414933600025,14.64788786409321,8.922942635802166,10.618160508794677,0.5527638190954773,-0.0022361809045226,-0.0022361809045226,0.37688442211055273,-0.003115577889447274,-0.003115577889447274,0.2814070351758794,-0.003592964824120637,-0.003592964824120637,0.35763888888888884,0.09594044868091656,0.1590245701821914,0.34843205574912894,0.3517587939698492,0.07857583657636547,0.14140820966267054,0.36363636363636365,0.35763888888888884,0.09594044868091656,0.16017930459327678,0.3519163763066202,22.0,-8.0,-8.0,32.0,-11.0,-11.0,40.0,-13.0,-13.0,0.0006300889717622235,0.0002259289255746634,0.00012364821679762488,-0.004983582423659705,-0.0050982385623399296,-0.0048158107644376,0.08680555555555555,0.09129689707070127,0.6145833333333334,-0.5828704833984375
312,1,test,1.8707060056385456,0.8572703243580151,1.1779193857925603,3.646692719852355,1.6711345563434725,2.2961972836968894,6.492878790535854,3.7378285425262034,4.493599781975369,12.65700422458888,7.286399943658675,8.759675524357048,1.6423804791708878,0.6647794135434849,0.9380679118492069,2.831690481329117,1.146171402661181,1.6173584687055291,5.167455903828667,2.5093838568682267,3.144999999164775,8.909406730739082,4.3265238911521156,5.422413791663406,1.9073350184064677,0.8648366285438942,1.196196431380737,3.6215221868477236,1.6420948643238498,2.27125904692545,6.735115900542023,3.8988215618063986,4.698807446923992,12.788194747864601,7.402825750265315,8.921786291627834,0.44221105527638194,-0.0027889447236180143,-0.0027889447236180143,0.321608040201005,-0.0033919597989949812,-0.0033919597989949812,0.21105527638190957,-0.0039447236180903955,-0.0039447236180903955,0.37459283387622155,0.12743836233150607,0.18174342975921176,0.4019607843137255,0.36180904522613067,0.12120754146673218,0.16982240081878508,0.3787878787878788,0.3745819397993311,0.12249512844707733,0.1821458997548372,0.4093959731543624,22.0,-13.0,-13.0,32.0,-23.0,-23.0,39.0,-30.0,-30.0,-0.0011091162760082135,-0.00010629381687814832,-0.00011569584807241019,-0.04893137578370155,-0.05773576843641681,-0.057609450127692696,0.1563517915309446,0.038708124777018856,0.1791530944625407,-1.191891074180603
231,1,test,2.3185587299599257,1.1043485304809935,1.4050797488760254,4.208568689927259,2.0045757685982015,2.550452814310511,10.161018975239976,6.793385720033994,7.668038479043281,18.443934917141757,12.331121946791562,13.918761788974296,2.1212941081127727,0.9810454481467981,1.3462585711648558,3.6574036346771948,1.6914576692186176,2.3211354675256137,8.341925859453225,5.214379895476934,6.1712565946798,14.382630792160734,8.990310164615405,10.64009757703414,2.2905514513757184,1.0650100093240973,1.4623225013768355,4.066067665163997,1.89055031240964,2.5958387598405364,9.880384730896095,6.474374990365477,7.591123978279208,17.53914449271496,11.49297335567836,13.475368008779661,0.4824120603015075,-0.0025879396984924696,-0.0025879396984924696,0.3517587939698492,-0.0032412060301507672,-0.0032412060301507672,0.2613065326633166,-0.003693467336683409,-0.003693467336683409,0.37696335078534027,0.11944701091605925,0.16679717287722684,0.40157480314960625,0.3517587939698492,0.11366355587461108,0.17312774221692773,0.3787878787878788,0.3712374581939799,0.11414229959631716,0.182138459306327,0.40268456375838924,20.0,-5.0,-5.0,26.0,-2.0,-2.0,34.0,-7.0,-7.0,-0.0002588273180177564,-0.0002851613273654322,-6.730291535309317e-05,-0.027671454862310263,-0.027465902213990034,-0.02757617657548206,0.09424083769633508,0.1101166717025943,0.015706806282722512,-0.8960402011871338
427,1,test,2.4754396456235797,1.1526333798071422,1.5851813393428826,3.8920207145064376,1.812232828367299,2.492308232955284,11.88693200209796,8.13299083563087,9.451173260279328,18.689280373240727,12.787130099951428,14.859648131768656,2.6202290729055786,1.202558709758665,1.648493050824372,3.6646560460217885,1.6819002933687623,2.305584686467653,13.738870427604203,9.611376757802596,11.096342461035885,19.215203395250633,13.442484975947686,15.519360085364875,2.475061865756436,1.1522556008126377,1.5848379549676648,3.891426748472547,1.811638863705419,2.491768345382687,11.882442206636027,8.128501043444771,9.446767242496735,18.68222127286127,12.780071004722416,14.852720751208741,0.5979899497487438,-0.0020100502512562235,-0.0020100502512562235,0.4371859296482412,-0.002814070351758735,-0.002814070351758735,0.3316582914572864,-0.0033417085427135396,-0.0033417085427135396,0.36900369003690037,0.10196869924500351,0.1616417268467163,0.36296296296296293,0.371859296482412,0.09617007342476791,0.15816981401162733,0.38888888888888884,0.36900369003690037,0.10196869924500351,0.1616417268467163,0.36296296296296293,20.0,-8.0,-8.0,29.0,-11.0,-11.0,38.0,-14.0,-14.0,0.00027309811116591853,0.0002486874047700067,-1.2496629127271377e-05,-0.00019024471046957814,0.00021210453193631906,5.782182176528039e-05,0.18450184501845018,0.0671684366421872,0.5535055350553506,-0.8238987922668457
24,1,test,2.1436096410430054,1.0040254737475967,1.3626564894868087,3.8629632072962496,1.8093375724826481,2.4556205487626865,8.530172986225267,5.404704563287055,6.346620455796021,15.372082568926785,9.739728015090215,11.437138946382415,2.7379910513567545,1.2578666243206937,1.7383426246369065,4.80349307255571,2.206783551439814,3.049723902871767,15.455903769490742,11.062411453353938,12.73857744831525,27.115620648229374,19.407739391849017,22.34838148827237,2.3646752418317396,1.0965864470713476,1.512382644769049,4.053728985997267,1.8798624806937383,2.5926559624612264,10.640582640202023,7.08652909868945,8.295565767480692,18.240998811774897,12.148335597753345,14.22096988710976,0.6080402010050252,-0.001959798994974782,-0.001959798994974782,0.46733668341708545,-0.002663316582914521,-0.002663316582914521,0.35678391959798994,-0.0032160804020100464,-0.0032160804020100464,0.3536231884057971,0.11339163992533396,0.1727825236941647,0.29941860465116277,0.3869346733668342,0.10372665331670883,0.1715757418142465,0.36363636363636365,0.3612040133779264,0.10744775294386966,0.17321736154255374,0.3221476510067114,19.0,-7.0,-7.0,27.0,-4.0,-4.0,36.0,-6.0,-6.0,0.0008877221410595082,0.0006012195201712229,0.0007475878904051921,-0.05773121920869517,-0.07402964968448345,-0.07606675354609216,0.0782608695652174,0.12163971228952712,0.6985507246376812,-0.9528477191925049
298,1,test,1.5241274862787746,0.6165870494195194,0.9005137614824896,3.2674105588198565,1.3218336745725643,1.9305131618709581,4.591135992078769,2.112916298590187,2.7254781433618307,9.842435329423765,4.529650627043014,5.842855104723401,1.5224874165368787,0.6057937249713172,0.8739670373697841,2.8999760314988166,1.1538928094691758,1.6646991187995888,4.583612380167789,2.0826047779413663,2.670903729479055,8.730690247938647,3.966866243697841,5.087435675198201,1.5032247127856153,0.5867021212569378,0.8713861654890249,3.110120095418514,1.2138664577729745,1.8028679285979823,4.4961645574846365,1.9955848411445123,2.6150987270176613,9.302409429278558,4.128796223057612,5.410549090381368,0.371859296482412,-0.003140703517587995,-0.003140703517587995,0.2562814070351759,-0.00371859296482413,-0.00371859296482413,0.1758793969849246,-0.004120603015075441,-0.004120603015075441,0.308868501529052,0.08596773817027337,0.13185934588307024,0.29447852760736193,0.29648241206030146,0.08344983060666733,0.12953750388000096,0.2676767676767676,0.30434782608695654,0.08231109820715687,0.12525995066982643,0.28859060402684567,20.0,-11.0,-11.0,28.0,-18.0,-18.0,31.0,-14.0,-14.0,0.000925644690528827,4.001533282684182e-05,0.00013921848759724148,-0.11604078923226169,-0.1094621024785587,-0.11389333576436744,0.0764525993883792,0.11415735973267317,0.09480122324159021,-1.0820772647857666
389,1,test,2.6952853852705045,1.191003851325479,1.6730496283945737,3.9741707976692644,1.756123025678895,2.4668946051328153,14.809744633235358,10.308825922207632,12.03034274378307,21.83681734186234,15.200258630193908,17.73861761710871,2.938875222331847,1.369554016895986,1.8737341806422196,4.0817711421275655,1.9021583567999807,2.602408584225305,18.894582151717074,14.091195577497512,15.99333399957159,26.24247521071816,19.571104968746543,22.212963888293874,2.695323403873516,1.190875664368003,1.6731833658147925,3.97422685571146,1.755934015318127,2.4670917995942605,14.810307689740513,10.30864083882493,12.031171828617465,21.837647562933718,15.199985726634718,17.73984009423698,0.6683417085427136,-0.0016582914572863539,-0.0016582914572863539,0.5326633165829145,-0.0023366834170853723,-0.0023366834170853723,0.3869346733668342,-0.0030653266331658324,-0.0030653266331658324,0.38541666666666663,0.10292099942229926,0.1625529253271747,0.36585365853658536,0.39698492462311563,0.09372677925970707,0.16827040041610397,0.398989898989899,0.38541666666666663,0.10292099942229926,0.1625529253271747,0.3623693379790941,18.0,-4.0,-4.0,29.0,-2.0,-2.0,37.0,-3.0,-3.0,0.0011915584712096834,0.00014544339270553146,0.00011332981489957222,-0.0003080533820964959,0.0001462546060908565,-1.7556467044599344e-06,0.09027777777777778,0.13027171125153805,0.8020833333333334,-1.0961477756500244
406,1,test,1.613760040442348,0.7050490825972,0.8890124973660156,3.3258201848710316,1.4530453174338231,1.8321780402568644,5.021657409374276,2.5405352093357974,2.957447499277724,10.349202579725665,5.235823832438242,6.095044084805868,1.9504091611391656,0.8710715281334676,1.2077969516832132,3.4520516126356915,1.5417195188202966,2.1376937197932975,7.031564034833124,4.088834296493937,4.930146340585202,12.445246079350664,7.236874861051218,8.725922726699475,1.8234590142165965,0.7976898503995591,1.13235634005972,3.575409831797248,1.5640977458814884,2.2203065491367058,6.193243961075403,3.4040039428743167,4.197328796722337,12.143615609951771,6.674517535047681,8.230056464161445,0.4773869346733668,-0.0026130653266331905,-0.0026130653266331905,0.3467336683417085,-0.003266331658291488,-0.003266331658291488,0.27638190954773867,-0.0036180904522613577,-0.0036180904522613577,0.32839506172839505,0.08918421092691542,0.12507150356612717,0.3168316831683168,0.35678391959798994,0.113676150174431,0.15978892794523536,0.3939393939393939,0.3411371237458194,0.08738086331176265,0.14313934843992393,0.36241610738255037,18.0,-8.0,-8.0,29.0,-15.0,-15.0,36.0,-14.0,-14.0,-0.00023564646038318448,0.0006610175592648021,2.693991174511385e-05,-0.056165028802693584,-0.07047867651321749,-0.06288908861091169,0.06419753086419754,0.07639059778916467,0.6469135802469136,-1.2690136432647705
452,1,test,1.4066090495795234,0.5945195173721168,0.7613648627209785,2.557470999235497,1.0809445770402124,1.384299750401779,4.082089744539736,1.8294797709600776,2.1756372414537273,7.4219813537086115,3.3263268562910504,3.9557040753704134,1.7491082009321954,0.7087214436259541,0.9982672554857877,2.9645901710715177,1.2012227858067017,1.6919783991284536,5.749473014357392,2.91916156802845,3.6306919674510043,9.744869515859987,4.947731471234662,6.1537151990695,1.5200491834291028,0.6015288947233269,0.8921997243773132,2.590992926299607,1.0253333432783984,1.5207949847340567,4.5724500783861055,2.066869968031998,2.6988730388565454,7.793948997249044,3.523073809145452,4.600351770778203,0.44723618090452266,-0.0027638190954772934,-0.0027638190954772934,0.33668341708542715,-0.0033165829145728187,-0.0033165829145728187,0.24120603015075381,-0.0037939698492461815,-0.0037939698492461815,0.3358395989974937,0.10805486808385167,0.13935866058107138,0.3241206030150754,0.3517587939698492,0.11616982153877153,0.16978884405332162,0.3939393939393939,0.3411371237458194,0.10407535412979263,0.15537516601500734,0.3389261744966443,12.0,0.0,0.0,18.0,0.0,0.0,25.0,0.0,0.0,8.176995796156607e-06,0.0006976013215898893,1.4001806955084064e-06,-0.10488265344651193,-0.12006579703917009,-0.11175718736352191,0.06265664160401002,0.062057475450678384,0.3258145363408521,-1.1850330829620361
319,1,test,2.151929081532975,0.976346461009264,1.3591162960374423,3.6874764663454496,1.6730358954982867,2.328937974616924,8.601435272906812,5.361405170835885,6.391832440589687,14.73914285457901,9.1871314736434,10.952838503724037,2.3200100651194018,0.999759048207516,1.3924372617528107,3.267619810027327,1.408111335503544,1.9611792419053675,10.175776725965653,6.431415568685379,7.647411840771634,14.332079895726272,9.058331786880816,10.771002592636103,2.135144380830101,0.9612982731949309,1.3384713583450942,3.5784542695476556,1.6111144243490463,2.2432480866118896,8.458267630407715,5.223859000076612,6.240118723180382,14.17586753699617,8.75507094984907,10.458299536056508,0.542713567839196,-0.0022864321608039306,-0.0022864321608039306,0.42713567839195976,-0.002864321608040288,-0.002864321608040288,0.31155778894472363,-0.003442211055276312,-0.003442211055276312,0.3735294117647059,0.11214908871037399,0.1748992747784045,0.3510324483775811,0.371859296482412,0.10870140174556986,0.16651705942064243,0.36868686868686873,0.3745819397993311,0.11915623028347133,0.17769651154571597,0.34563758389261745,19.0,-5.0,-5.0,32.0,-9.0,-9.0,37.0,-5.0,-5.0,0.0009316592206432549,-9.336114855757242e-05,0.00022569920616385728,-0.028662868035731037,-0.023449264711500106,-0.026646445906991723,0.09117647058823529,0.07594438815050286,0.17058823529411765,-1.3124070167541504
355,1,test,1.5850539859648611,0.6674114222751972,0.8293338022619521,3.053773734427714,1.2858385199797377,1.5977990685780727,4.879554798876076,2.3761729339960493,2.7504104524847026,9.40097713544932,4.577947854487801,5.298955917631078,1.3541852379719448,0.5019669765101428,0.7237955280922739,2.396788031808752,0.8884371265666244,1.2810540320217236,3.873603605433465,1.528761044471596,1.9952611601777666,6.855935584837992,2.7057717601267193,3.531435681730561,1.3465997194458141,0.5039539336422163,0.7675412728285563,2.573120483017479,0.9629692999532795,1.4666393748316362,3.8443314760214884,1.521827773726533,2.0599739043641363,7.34585632360794,2.9079511599870065,3.9362558682117257,0.37688442211055273,-0.003115577889447274,-0.003115577889447274,0.23115577889447236,-0.003844221105527623,-0.003844221105527623,0.17085427135678388,-0.004145728643216162,-0.004145728643216162,0.3317422434367542,0.0969389061304371,0.12157606552864075,0.34688995215311,0.31155778894472363,0.09601894182692916,0.14294343168262014,0.26262626262626265,0.3076923076923077,0.09734172338512903,0.1430649439548216,0.2785234899328859,20.0,-11.0,-11.0,29.0,-20.0,-20.0,33.0,-17.0,-17.0,0.00022748639856798384,-0.000278078083745937,-5.758377514420171e-05,-0.12497550897540499,-0.12300842219947317,-0.1239794359018127,0.059665871121718374,0.13310984143458712,0.016706443914081145,-1.2721823453903198
68,1,test,1.8709435929497444,0.8169682310685293,1.1592757596026817,3.6311804644231724,1.5855951466892164,2.2499553204123046,6.494421599418287,3.625387673631281,4.457035151805066,12.604557897095846,7.036255366574321,8.65034041297078,1.9647549987259194,0.8261627139529581,1.1958835434581374,3.5084910691534272,1.4752905606302824,2.135506327603817,7.133164741604703,4.010794879211602,4.975834505812138,12.737794181436968,7.162133712877859,8.885418760378816,1.8192721133343,0.7854151900323709,1.1212197643995538,3.389948037268882,1.46350656527771,2.0892293746575534,6.167367671002602,3.3554774792764746,4.157533234187368,11.491989449073174,6.2524425079685875,7.746956336995097,0.49246231155778897,-0.002537688442211028,-0.002537688442211028,0.3467336683417085,-0.003266331658291488,-0.003266331658291488,0.23115577889447236,-0.003844221105527623,-0.003844221105527623,0.33944954128440363,0.09364801456684635,0.15938850364452573,0.3067484662576687,0.3467336683417085,0.0910945705973476,0.1530775748525599,0.303030303030303,0.3377926421404682,0.09238362711542647,0.15425537851421678,0.2986577181208053,20.0,-11.0,-11.0,28.0,-13.0,-13.0,34.0,-14.0,-14.0,0.0010826746152766424,-8.326037356471383e-07,0.00031919475911939085,-0.05496988225244781,-0.04909453727943536,-0.05797494787485835,0.0856269113149847,0.14058297286320248,0.18042813455657492,-0.5499899387359619
288,1,test,2.2099364087303632,0.9731623125987099,1.3618903289671433,4.201307678135746,1.8500778030722729,2.5890882078166575,9.115136731492127,5.670652782547309,6.780056899647555,17.328776423605913,10.780471773414117,12.889558721307989,2.2108864271146382,0.897332852833401,1.3171349810452526,3.8450198732428493,1.5605788744928715,2.2906695322526134,9.123800393629772,5.404433089513561,6.679518328120704,15.867478945443082,9.399014068719238,11.616553614122964,2.208188446274579,0.9670586527526546,1.3690979521111415,4.114636856412259,1.8019726448807232,2.551114196480388,9.099217731666357,5.639697930935897,6.7849565464102675,16.955064096272718,10.50875390857621,12.642776173435283,0.49246231155778897,-0.002537688442211028,-0.002537688442211028,0.36180904522613067,-0.0031909547738693256,-0.0031909547738693256,0.29145728643216084,-0.0035427135678391952,-0.0035427135678391952,0.34202898550724636,0.08587847899494538,0.14554804709082403,0.3691860465116279,0.321608040201005,0.07098147378496489,0.13296029395726539,0.36868686868686873,0.3377926421404682,0.08737527987001747,0.14758129620053495,0.3691275167785235,16.0,0.0,0.0,24.0,1.0,1.0,32.0,-1.0,-1.0,-0.00034235473792134806,1.662983486258867e-05,4.794821379631522e-06,-0.03886706300933884,-0.030953625235023097,-0.034992440279332016,0.07246376811594203,0.10272758743638097,0.002898550724637681,-0.9166254997253418
56,1,test,1.9374866786112113,0.8537833706734983,1.0621405518964537,3.7391682161982724,1.6477221125614712,2.049831999688016,6.941283353046896,3.9856785294879256,4.541577600541533,13.396028153310132,7.6919870685911835,8.764820322540436,2.5542000772819615,1.171410112259289,1.6179941067223451,4.153170857369044,1.9047318898525027,2.630884726377797,12.861007729437752,8.875000780908666,10.310720554225787,20.912207690142687,14.43089557871328,16.76539927516388,2.0153107617183816,0.9259445577598657,1.2836846591881184,3.6421278826235812,1.6733937790840947,2.3199120346773228,7.5030586823538705,4.530669095671357,5.424601035891583,13.559744606663621,8.187956196996426,9.803495847996837,0.5778894472361809,-0.002110552763819218,-0.002110552763819218,0.42713567839195976,-0.002864321608040288,-0.002864321608040288,0.3266331658291457,-0.0033668341708542604,-0.0033668341708542604,0.3349514563106796,0.10343630479552801,0.13456044946805978,0.3309002433090025,0.37688442211055273,0.09868893338874818,0.16987273596698016,0.43939393939393945,0.3311036789297659,0.09237246023193613,0.15201580351263577,0.3355704697986577,20.0,-4.0,-4.0,30.0,-4.0,-4.0,34.0,-3.0,-3.0,-0.0006072992570886728,0.0009545903273665584,-0.0002085236933538041,-0.06444242973701186,-0.07943967167053234,-0.0707305403509233,0.06067961165048544,0.08182674559861518,0.3300970873786408,-0.995840311050415
413,1,test,1.6343972706579966,0.7562518606531199,0.880094286280332,3.5548140636811425,1.6448477969205357,1.9142050726597222,5.126367253718187,2.71993463418804,3.0002381921234065,11.149848776837057,5.915857829358988,6.5255180678684095,1.9415638793328147,0.8118441512508787,1.1743093910839817,3.157014437939536,1.320071790651835,1.9094461643641978,6.9696421314734005,3.874853135359461,4.815797408781799,11.332751433290083,6.300574203836523,7.830564892328129,1.9401087381026352,0.8745610385627136,1.221066635808981,3.3450150656941986,1.5078638595908853,2.105287303118933,6.95950769315607,4.0570794857507595,4.907041477132276,11.999151195096672,6.994964630604758,8.460416339883237,0.4623115577889447,-0.002688442211055242,-0.002688442211055242,0.31658291457286436,-0.003417085427135591,-0.003417085427135591,0.24120603015075381,-0.0037939698492461815,-0.0037939698492461815,0.30645161290322576,0.08780949552693118,0.1050830889540566,0.27944572748267893,0.31658291457286436,0.08851273913426783,0.12626571924732177,0.31313131313131315,0.3277591973244147,0.08235018229937296,0.13754785138448145,0.325503355704698,15.0,-4.0,-4.0,24.0,-4.0,-4.0,29.0,-5.0,-5.0,0.0005902320959820315,0.0007370136573795632,0.00030835922182653784,-0.08611696846579253,-0.0947581408952285,-0.09198300484212663,0.10138248847926268,0.08389508323386882,0.5875576036866359,-0.9909255504608154
19,1,test,1.988327594268712,0.9108666862780876,1.253427017011556,3.681613029387873,1.6865725094310395,2.3208616379504297,7.3033094465751205,4.366097223699396,5.21803478810291,13.522902007529417,8.084321956140172,9.661780543132485,2.3214916962480316,1.0614937430967906,1.4685283580011474,4.072792449557951,1.8622697247312119,2.5763655403528904,10.19086464812828,6.665450376760108,7.844274348390624,17.87870990899698,11.693772590807207,13.761884821737937,1.9882347063462977,0.9107047780122988,1.253277182845848,3.6814410369121773,1.6862727179969663,2.3205842030758608,7.302631088839988,4.365216131571758,5.2172376784285355,13.521645951594042,8.082690514587707,9.660304604574126,0.5527638190954773,-0.0022361809045226,-0.0022361809045226,0.4120603015075377,-0.0029396984924623393,-0.0029396984924623393,0.33668341708542715,-0.0033165829145728187,-0.0033165829145728187,0.3531468531468531,0.10183795262329287,0.1659375508212717,0.34736842105263155,0.37688442211055273,0.11873905870203139,0.17154218504878316,0.41414141414141414,0.3531468531468531,0.10183795262329287,0.1659375508212717,0.34736842105263155,16.0,-4.0,-4.0,24.0,-4.0,-4.0,37.0,-10.0,-10.0,0.0007296210911389147,-5.007450725312843e-05,0.00011567102580513065,-0.04393134206025984,-0.03850468722214284,-0.043629435773786085,0.08741258741258741,0.06800820262694482,0.8776223776223776,-1.1002188920974731
162,1,test,1.830029962349922,0.8330313015492177,1.1568834298777366,3.3776478934730045,1.5375083898963957,2.135235466255823,6.234073443216395,3.523937869611679,4.273677367111997,11.506098515566062,6.50405816675242,7.887836622015354,2.0042410062072045,0.8967280133251354,1.2456681178041649,3.156285049145204,1.4121700997246227,1.9616820752821493,7.420459676025227,4.39363837622599,5.285232837898169,11.685763269331066,6.919115553111794,8.323201319524674,1.830049185054885,0.8330552811875885,1.1568464758168449,3.377683372416115,1.5375526486116604,2.1351672609212136,6.234193280122702,3.524070598421774,4.273687072213559,11.506319696028939,6.504303141531547,7.887854534517619,0.5376884422110553,-0.0023115577889447625,-0.0023115577889447625,0.371859296482412,-0.003140703517587995,-0.003140703517587995,0.26633165829145733,-0.0036683417085426884,-0.0036683417085426884,0.3523489932885906,0.09774262812946166,0.150340064717162,0.3367003367003367,0.371859296482412,0.10619513608140951,0.15483091584802133,0.3737373737373737,0.3523489932885906,0.09774262812946166,0.150340064717162,0.3367003367003367,15.0,-3.0,-3.0,24.0,-7.0,-7.0,35.0,-14.0,-14.0,0.0006466466214893116,-4.346741059927615e-05,6.654340285409729e-05,-0.022363332231901012,-0.01703958997715027,-0.020606987844727698,0.10067114093959731,0.03840291705290379,0.1040268456375839,-0.7541928291320801
203,1,test,1.4650526549618075,0.6074710296124941,0.7795773062672469,2.9811270441760165,1.236097766723931,1.5863040709617116,4.327771112924071,1.9703185221876676,2.3430560698761136,8.806260622815648,4.009255102361971,4.767711107359853,1.4778351851905085,0.6343357337565069,0.8951072605087405,2.985525626647492,1.281486330821226,1.8082974959772535,4.383446053228705,2.058958862849267,2.5925287926461573,8.855446572179202,4.159512854240944,5.23743190433567,1.6493307060153093,0.7383009436989649,1.030364621063244,3.1922529793844694,1.4289695684496095,1.994254105283698,5.203495992887829,2.716613880123476,3.346488931480564,10.071282566879669,5.257962348626083,6.477075351252704,0.35678391959798994,-0.0032160804020100464,-0.0032160804020100464,0.2562814070351759,-0.00371859296482413,-0.00371859296482413,0.17085427135678388,-0.004145728643216162,-0.004145728643216162,0.303921568627451,0.08972328221374237,0.12014835259617052,0.29484029484029484,0.27638190954773867,0.0758806564149066,0.12112314494005916,0.2676767676767676,0.3177257525083612,0.10570571911937954,0.14976134761403415,0.3120805369127517,19.0,-6.0,-6.0,25.0,-8.0,-8.0,33.0,-12.0,-12.0,0.0009931723841406022,0.0005234632080869755,0.0003022936477617175,-0.12466990118747834,-0.133568810531159,-0.12872981923097626,0.06372549019607843,0.09689751794487389,0.24754901960784315,-1.17922043800354
204,1,test,1.7113960802811947,0.7732056108195674,0.9391562044000045,3.1055937491309615,1.4031015610130946,1.704244664018974,5.536685742310633,2.981332499859825,3.372076458316385,10.047175420313692,5.410090441555976,6.119155986858614,1.4931412148701215,0.6353340903652107,0.9121501142241814,2.408292282048583,1.024732403814856,1.4712098616519054,4.451055303290402,2.093071049042843,2.663245851212717,7.1791214569200035,3.3759210468432954,4.295557824536641,1.5248158154745177,0.6790134270108702,0.9536699970161776,2.77239239177185,1.234569867292491,1.7339454491203226,4.594297292906754,2.2644507861862286,2.8240029672238847,8.353267805285007,4.117183247611325,5.134550849497972,0.37688442211055273,-0.003115577889447274,-0.003115577889447274,0.24623115577889443,-0.0037688442211055717,-0.0037688442211055717,0.18090452261306533,-0.0040954773869347205,-0.0040954773869347205,0.34285714285714286,0.09196534737557327,0.1199832425638877,0.3914081145584726,0.3015075376884422,0.0759436279140061,0.11953758777191459,0.3484848484848485,0.31438127090301005,0.08399729761419539,0.13306870138131932,0.3557046979865772,20.0,-6.0,-6.0,27.0,-4.0,-4.0,31.0,-4.0,-4.0,-0.000675911946222236,-0.0006555500940386258,-0.00014898004323483363,-0.10611123611315776,-0.10170898188591515,-0.10496816420912047,0.06428571428571428,0.06995847028983045,0.2619047619047619,-1.3281558752059937
202,1,test,1.8733759071182858,0.8616302158210203,1.1910844284953512,3.2099980430959394,1.4763888529517484,2.0409030937701242,6.510237299669597,3.7598391268949807,4.53183128255891,11.155181889883298,6.442420975859378,7.765216523485773,1.8839257505010965,0.8086720709436483,1.157528699837075,2.832971053385107,1.2160482269829296,1.740644661409135,6.579282853061635,3.6485465789402447,4.511665203282233,9.893658425656593,5.486536208932699,6.784458952304109,1.8583861871715983,0.8422806206252278,1.171456561910218,3.1858048922941684,1.4439096353575334,2.008211248988945,6.413378423086944,3.65096267887387,4.425774955685206,10.99436301100619,6.2587931637837775,7.587042781174639,0.5376884422110553,-0.0023115577889447625,-0.0023115577889447625,0.33668341708542715,-0.0033165829145728187,-0.0033165829145728187,0.22613065326633164,-0.003869346733668344,-0.003869346733668344,0.3519736842105263,0.07446957912021435,0.14956668202234247,0.3531353135313532,0.36180904522613067,0.09113235349680737,0.1547973590825581,0.36363636363636365,0.3511705685618729,0.07571147006437706,0.14983575209913658,0.3523489932885906,20.0,-8.0,-8.0,28.0,-8.0,-8.0,35.0,-11.0,-11.0,0.00021914025326705627,6.98732484080467e-05,5.781698252747101e-06,-0.03816061488803779,-0.04528226412737357,-0.046598351451494935,0.08552631578947369,0.07363545878508264,0.029605263157894735,-0.977205753326416
30,1,test,1.7276087626933234,0.7396143202552284,0.9424202660315668,3.5070457882674466,1.501417070118114,1.9131131400440808,5.627181880196127,2.9413394246863294,3.4343616391217275,11.423179216798138,5.970919032113249,6.971754127417107,1.9174429425543145,0.8439943695473182,1.1831342560358986,3.0435602262766897,1.3396736024560607,1.8779908825966645,6.803539167219571,3.878088412446247,4.719498398305515,10.799268519396145,6.155695892771821,7.491267298897644,1.877954562228153,0.8545491279599544,1.179121295129612,3.1650919588114936,1.44025133925835,1.9872830816791212,6.540113775793821,3.7574589807332095,4.528709209769241,11.022663667068237,6.332796034943611,7.632655971521192,0.5175879396984925,-0.002412060301507535,-0.002412060301507535,0.3467336683417085,-0.003266331658291488,-0.003266331658291488,0.25125628140703515,-0.003743718592964851,-0.003743718592964851,0.33086419753086416,0.09535248359744863,0.12754063936859628,0.3143564356435643,0.35678391959798994,0.0936260248611478,0.15144168253622037,0.3737373737373737,0.3511705685618729,0.10409210445502814,0.15762218146509865,0.34563758389261745,20.0,-9.0,-9.0,29.0,-12.0,-12.0,36.0,-14.0,-14.0,5.8981878381397074e-05,0.0005084650732340135,9.085651992034184e-06,-0.06897422060762892,-0.07430736816493955,-0.07105328464863092,0.06419753086419754,0.12507627178501565,0.06666666666666667,-1.1475943326950073
60,1,test,1.6514596031394109,0.6680938083490076,0.9777661049141315,3.3876094423372534,1.3704488376389903,2.0056740613623214,5.214585500564538,2.5411461365044383,3.2531168616431874,10.696585642183667,5.212607459496283,6.673060229011665,1.798802679750613,0.7815612375275043,1.1046179664476008,3.2121476424118085,1.3956450670134004,1.972532082942144,6.042408433586057,3.2768531457920544,4.040332291253341,10.7900150599751,5.851523474628668,7.214879091523823,1.6579605046969554,0.7361081356461611,1.0043116201514795,3.360730752764099,1.4921110857692454,2.0357667976043503,5.248595435409864,2.7346526059285954,3.3260522514456907,10.639044801506481,5.543214741747153,6.741997806984509,0.5125628140703518,-0.0024371859296482556,-0.0024371859296482556,0.3417085427135679,-0.003291457286432098,-0.003291457286432098,0.20100502512562812,-0.003994974874371837,-0.003994974874371837,0.3448275862068966,0.08817656899249904,0.1394052712955306,0.33333333333333337,0.36180904522613067,0.09363861916096772,0.15312791000075499,0.3787878787878788,0.34782608695652173,0.09406982652246498,0.15094065870290663,0.3355704697986577,18.0,-6.0,-6.0,25.0,-8.0,-8.0,34.0,-14.0,-14.0,0.00031903977059094687,8.716870219836005e-05,0.0001220171367900184,-0.06444054874634642,-0.07034758124791374,-0.07658014074302155,0.07836990595611286,0.12733946434358326,0.07836990595611286,-0.8363572359085083
409,1,test,2.260439142671051,0.9800435477204643,1.3933987621398098,4.20014029888202,1.8210268623184303,2.5890855377597815,9.58729843430484,5.989235614755207,7.20744148502771,17.81423695563399,11.128647257146497,13.392205462044728,2.133863758566718,0.8607570062666856,1.2683804923521107,3.8447995649850775,1.5509135248048387,2.285370256490289,8.447442717362284,4.875510265794782,6.071288593802787,15.22061750876087,8.784703181612219,10.93925872757259,2.260653870500845,0.9805504630155146,1.3935918211844953,4.200539286403598,1.8219687657382875,2.5894442623360563,9.589357315132824,5.992345650863591,7.209448796688152,17.8180625787941,11.134426040455995,13.395935264116497,0.5276381909547738,-0.002361809045226204,-0.002361809045226204,0.3668341708542714,-0.0031658291457286047,-0.0031658291457286047,0.25125628140703515,-0.003743718592964851,-0.003743718592964851,0.35766423357664234,0.09719064523420151,0.14528559279994335,0.36630036630036633,0.3517587939698492,0.08860089923300707,0.14140820966267054,0.3434343434343434,0.36131386861313863,0.1008402802706978,0.14893522783643964,0.36630036630036633,17.0,-4.0,-4.0,26.0,-6.0,-6.0,34.0,-6.0,-6.0,-0.0001756428271138998,0.00014553272423861898,0.00020851471954757281,-0.004878665664499238,-0.005037387376833458,-0.005531329862101586,0.09124087591240876,0.09985182437905761,0.040145985401459854,-0.6590797901153564
73,1,test,1.7787267573075192,0.7541654022329392,1.0847721630025142,2.961286854198782,1.2555610817394536,1.8059668428008888,5.922311076783716,3.1364378934058625,3.9206955972011497,9.859671737722339,5.221652097263605,6.52731190083488,1.6376433786638955,0.6457228811433677,0.9376757097894453,2.873058559059466,1.1328471599006453,1.6450451048937638,5.143035033572474,2.446627085858716,3.1293474319411305,9.02286847995171,4.292328220804765,5.4900832139318085,1.7564229536044818,0.7551048932391704,1.07904305681825,2.927371589340803,1.2585081553986175,1.7984050946970835,5.79168317769942,3.0698161274502116,3.82297043949527,9.6528052961657,5.116360212417019,6.371617399158784,0.44221105527638194,-0.0027889447236180143,-0.0027889447236180143,0.3015075376884422,-0.0034924623115578646,-0.0034924623115578646,0.24623115577889443,-0.0037688442211055717,-0.0037688442211055717,0.35761589403973515,0.10968200974221454,0.16598593809259854,0.3554817275747508,0.3417085427135679,0.09860077329000894,0.15806914371523728,0.3232323232323232,0.3612040133779264,0.11245610018927865,0.16988032038571288,0.3557046979865772,19.0,-10.0,-10.0,31.0,-21.0,-21.0,34.0,-21.0,-21.0,0.00015480346117141018,0.00033255697321638966,-0.00023869625830011577,-0.0368061955236918,-0.03818938483457934,-0.03348768491499943,0.1490066225165563,0.03758039537205036,0.0033112582781456954,-1.436044692993164
345,1,test,1.8230325621339227,0.817895245058115,0.9803427550837888,3.4516083176402272,1.5485483306433643,1.8561156162919734,6.1906034023655945,3.4583209662640124,3.867997458312191,11.720875775145526,6.547754362793197,7.323408521071082,1.9286501307455475,0.8288373513600467,1.172580719531417,3.1107260173315283,1.3368344376774948,1.891259225050673,6.880216577554814,3.8766129427703766,4.7503285455321365,11.097123512185183,6.2526015205973815,7.661820234729252,1.7186239719969572,0.7478992232120557,1.0550709159083218,3.2632100734119445,1.4200618162254226,2.0032992074208646,5.5768492813224935,2.9369922819549763,3.6351702941495674,10.588954331624988,5.576567623965145,6.902222077499179,0.4773869346733668,-0.0026130653266331905,-0.0026130653266331905,0.3266331658291457,-0.0033668341708542604,-0.0033668341708542604,0.24623115577889443,-0.0037688442211055717,-0.0037688442211055717,0.36941176470588233,0.12616852146263913,0.1592455867977689,0.3561320754716981,0.33668341708542715,0.09106938199770787,0.15304401808709656,0.3232323232323232,0.3311036789297659,0.09571135839554223,0.156465191721757,0.3087248322147651,18.0,-9.0,-9.0,29.0,-13.0,-13.0,30.0,-12.0,-12.0,-5.7462536276216156e-05,0.0004208825204610883,-0.00010312318473798211,-0.07277815752540029,-0.08826051541214142,-0.07853625901200534,0.058823529411764705,0.16314484750661146,0.002352941176470588,-0.8938438892364502
3,1,test,1.9006702826986053,0.7906184434124339,1.0728655199487167,3.781227652352781,1.5728705540903447,2.134377965612262,6.690377383899893,3.655861686413858,4.4020875005741456,13.309957123525715,7.273037005775719,8.75759206463428,2.039505533762371,0.8899497561868972,1.2504861394559643,3.674784745517785,1.6035130742106256,2.2531281791999356,7.6868073922933124,4.530017111152416,5.485570570085139,13.850103409537498,8.162192993067414,9.88391093709034,1.751048819846854,0.6728398555267474,1.0155569072516957,3.5494232834733523,1.3638645720136773,2.0585612984831667,5.7606413837077675,2.8212311386179723,3.6741332639818904,11.676975777786016,5.7187117674688634,7.447567426990319,0.457286432160804,-0.0027135678391959628,-0.0027135678391959628,0.3417085427135679,-0.003291457286432098,-0.003291457286432098,0.2613065326633166,-0.003693467336683409,-0.003693467336683409,0.33333333333333337,0.1029738126941856,0.13587487781036167,0.31550802139037437,0.3417085427135679,0.10361330461832974,0.15806914371523728,0.30808080808080807,0.32441471571906355,0.10237798783926388,0.14198979914509247,0.28523489932885904,20.0,-7.0,-7.0,28.0,-8.0,-8.0,34.0,-6.0,-6.0,0.0010638266980662683,-0.00024162627201017385,0.0005080707416271042,-0.05628045311209906,-0.056991914206248495,-0.05912283513390726,0.06933333333333333,0.24887639975245313,0.072,-1.4111614227294922
337,1,test,1.7389960079755356,0.8079457619242103,1.0436369245738355,3.4962972370876555,1.6243962160792016,2.0982595009852902,5.691626205815303,3.154453771649072,3.687197504008361,11.443164266428662,6.342112319841819,7.413207613322074,1.7110737535089604,0.7896379770934282,1.0930351441339625,3.1110431881981095,1.435705412897142,1.9873366256981135,5.53490140785127,3.022005650321858,3.6796158766778717,10.063457105184126,5.494555727857923,6.690210684868857,1.8620605724084676,0.8768827349010316,1.2029477071661034,3.6273907254710407,1.7082131199370745,2.343404624349552,6.436986993011775,3.7586988508528285,4.50391031901489,12.539585051321641,7.322140618544472,8.773851270808228,0.39698492462311563,-0.0030150753768843908,-0.0030150753768843908,0.29145728643216084,-0.0035427135678391952,-0.0035427135678391952,0.2211055276381909,-0.003894472361809065,-0.003894472361809065,0.32020997375328086,0.0895415595986282,0.13350420640235228,0.3052631578947368,0.3065326633165829,0.08848755053462798,0.1379183060544794,0.2777777777777778,0.3311036789297659,0.10405860380455723,0.1586898858263176,0.325503355704698,15.0,0.0,0.0,25.0,0.0,0.0,34.0,0.0,0.0,0.00042784162267832187,0.00017048657790205945,5.136983198515077e-05,-0.09448370921727811,-0.08521760300946557,-0.09065638677221255,0.06561679790026247,0.1075549671094255,0.015748031496062992,-1.1367955207824707
498,1,test,2.082861475365831,0.9102982740284877,1.2174710283651198,3.904056936238467,1.7062374684051553,2.28199343507633,8.027406306651738,4.7971444589866845,5.651472725614637,15.046344484327125,8.991632578904689,10.592961440473665,1.9157161162734897,0.8163163145308532,1.1605771973904557,3.089864703666919,1.316639216985247,1.871898705468477,6.791800774982022,3.789437305248931,4.663893665679609,10.954517379003262,6.111995653627308,7.522409138192919,2.1285782029967604,0.9152187662128122,1.3071585322129458,3.5674495022292074,1.5338862003566684,2.1907684897423674,8.40291108035033,5.038141663492114,6.1291855913941475,14.083091196117872,8.443812843841531,10.272378086135442,0.49246231155778897,-0.002537688442211028,-0.002537688442211028,0.3417085427135679,-0.008291457286432102,-0.003291457286432098,0.23115577889447236,-0.003844221105527623,-0.003844221105527623,0.33870967741935487,0.07964927473479111,0.13147605083088953,0.3342318059299192,0.3467336683417085,0.0860820392690268,0.1530775748525599,0.31313131313131315,0.34448160535117056,0.07236140501728072,0.14314678888843424,0.3489932885906041,21.0,-11.0,-11.0,31.0,-15.0,-15.0,37.0,-16.0,-16.0,0.0004906492907529652,-6.189903490167416e-05,-1.1203135195392642e-05,-0.06363244796632639,-0.059054318208646706,-0.0617482953135946,0.06989247311827956,0.09463143382328905,0.002688172043010753,-1.1676750183105469
404,1,test,1.5567346384706267,0.6321402415714612,0.8966990564896095,2.879555782041522,1.1692956800052419,1.6586609490507285,4.743307316396737,2.2224617262117694,2.8084461370257774,8.773889699241634,4.110978426205191,5.194897776778253,1.6499561178569002,0.6182023401013137,0.9387279876356337,2.499933511904394,0.9366702122747175,1.4223151327812629,5.206751338759272,2.4007687469179317,3.1702605394114203,7.88901717993829,3.637528404421108,4.8034250597142725,1.5893706496381712,0.6140236637772036,0.9217882058563711,2.75613407451706,1.064780919844862,1.5984766575544007,4.900663723103607,2.248576434966078,2.951145174807034,8.498260791509145,3.8992654941608285,5.1175927886827175,0.4522613065326633,-0.0027386934673366836,-0.0027386934673366836,0.3065326633165829,-0.0034673366834171437,-0.0034673366834171437,0.1758793969849246,-0.004120603015075441,-0.004120603015075441,0.3595505617977528,0.11270624202215673,0.16013707206168237,0.3070422535211268,0.3869346733668342,0.1312955756224733,0.1882702326322766,0.3232323232323232,0.3745819397993311,0.12917292477428932,0.18548294091167816,0.3221476510067114,16.0,-2.0,-2.0,24.0,-6.0,-6.0,28.0,-4.0,-4.0,0.00031155320941846754,0.00012603521541200584,0.00023167464401282554,-0.06143936867089028,-0.0692933929259727,-0.07090338093694637,0.08426966292134831,0.03992298718146974,0.25842696629213485,-1.3340893983840942
419,1,test,1.7838041740699282,0.7751838128520738,1.1032067581068898,3.1826821842616084,1.3830911187202788,1.9683531105170295,5.9524575867495635,3.2106418975816737,3.9774002761384013,10.620437483726853,5.728461069895724,7.096519440057465,1.6906803174271336,0.6253611817087386,0.9660321138988679,2.6416879959798965,0.9771268464199041,1.5094251779669812,5.423168926739387,2.5214040336091568,3.3591640641375875,8.473701448030292,3.9396938025143076,5.2486938502149805,1.6341998262616035,0.6863355505103951,0.9936897559524906,2.867017239055445,1.2040974570357807,1.743315361320159,5.1253551811474045,2.5451619917251698,3.227906716506822,8.991851194995448,4.465196476710825,5.662994239485654,0.37688442211055273,-0.003115577889447274,-0.003115577889447274,0.3065326633165829,-0.0034673366834171437,-0.0034673366834171437,0.1959798994974874,-0.004020100502512558,-0.004020100502512558,0.34615384615384615,0.11867969548914892,0.16209872804360992,0.3620178041543026,0.321608040201005,0.1110817244115313,0.13796864120267438,0.33838383838383834,0.3511705685618729,0.12412549343666424,0.16763330493562145,0.34563758389261745,15.0,-4.0,-4.0,23.0,-9.0,-9.0,29.0,-10.0,-10.0,-0.00010939167672103421,-0.00014695185458956563,-0.00018061512269139932,-0.0819508741650079,-0.0846788711903752,-0.0845281468645469,0.08284023668639054,0.07531306381831794,0.5088757396449705,-0.848088264465332
262,1,test,1.5783329266501278,0.6810553242574053,0.9443128690334954,2.7010645961228987,1.165517359038446,1.616040579995466,4.846868986327722,2.393952786449831,2.961695112098151,8.294641770416513,4.0968676551615655,5.068467923796835,1.8717912690952052,0.7873847791297746,1.1311445259496948,3.0938698662730664,1.3014624448426024,1.8696603734705697,6.499929099645174,3.5422452170004175,4.4026376147883735,10.743684462223428,5.854950771901517,7.2770869665923525,1.5997091439236961,0.6588995202244475,0.9408537440546655,2.7423585324406217,1.1295420346704814,1.6128921326651406,4.951592014304517,2.38953713510106,3.019012976550386,8.488443453093458,4.09634937445896,5.175450816943519,0.507537688442211,-0.0024623115577889765,-0.0024623115577889765,0.36180904522613067,-0.0031909547738693256,-0.0031909547738693256,0.2562814070351759,-0.00371859296482413,-0.00371859296482413,0.32930513595166166,0.09551931393054558,0.1433754877104556,0.31212121212121213,0.37688442211055273,0.12124532436619184,0.16820328688517705,0.36868686868686873,0.33444816053511706,0.0940474927554843,0.14423681459518378,0.31879194630872487,21.0,-12.0,-12.0,32.0,-21.0,-21.0,39.0,-21.0,-21.0,0.0008228895998992031,9.005768191573336e-05,0.0003746038894469161,-0.10902856998550181,-0.09825605660223147,-0.10488182291505854,0.0755287009063444,0.10458501009250942,0.37462235649546827,-1.5051488876342773
226,1,test,2.2357760698984057,1.0353933407838234,1.4267022319720533,3.755115609111134,1.7390031801010069,2.396229163091183,9.353738190766888,6.032350319421188,7.107911167409325,15.710145911564275,10.131682304442215,11.938149143052124,2.4512274790454947,1.1026396513170778,1.5275009472277685,3.7423320290770907,1.6834193149879049,2.332062514851555,11.602579905675121,7.75059787986433,9.083921120290556,17.713862451412396,11.832973862388288,13.868581863039015,2.255295309251412,1.0527336862734227,1.4288002341590569,3.7588255154190198,1.7545561437890376,2.381333723598428,9.538109586291904,6.209476873291111,7.252814686308745,15.896849310486507,10.349128122151852,12.088024477181241,0.5728643216080402,-0.0021356783919597166,-0.0021356783919597166,0.44723618090452266,-0.0027638190954772934,-0.0027638190954772934,0.33668341708542715,-0.0033165829145728187,-0.0033165829145728187,0.3927392739273927,0.12420550127500396,0.1973495922588966,0.3774834437086093,0.3919597989949749,0.10875177894484955,0.18327866376959923,0.4040404040404041,0.38795986622073575,0.11917856405045191,0.1944114791239615,0.3791946308724832,20.0,-10.0,-10.0,32.0,-15.0,-15.0,40.0,-16.0,-16.0,0.0007000740037601055,6.931244388723299e-05,0.00017856161354154313,-0.03152393355947147,-0.030994268985698348,-0.036847670131655796,0.08250825082508251,0.08063864229903035,0.8646864686468647,-0.8052806854248047
234,1,test,2.599383447519678,1.182008710044412,1.6437292128671253,4.582728043315039,2.0838881882285873,2.897904103609671,13.455439492428193,9.329165835372512,10.855068212896088,23.722017602257793,16.447373293575815,19.137548005394834,2.4276745188498854,1.058294048363167,1.4997814218667016,3.9797942931965333,1.734908276005192,2.4586580686339365,11.33249790368055,7.399584519040083,8.80332306964959,18.577865415869756,12.130466424655873,14.431677163359982,2.5929571439361205,1.1765287625499814,1.6383169188059457,4.522599669656024,2.052085050959269,2.8575295095452535,13.369247996382972,9.246877416386383,10.771512181671001,23.318455807644717,16.128274563464622,18.78752124710058,0.5125628140703518,-0.0024371859296482556,-0.0024371859296482556,0.42713567839195976,-0.002864321608040288,-0.002864321608040288,0.33668341708542715,-0.0033165829145728187,-0.0033165829145728187,0.3848684210526315,0.12542671333506172,0.18574369457560747,0.39603960396039606,0.3869346733668342,0.12878930995831284,0.1882702326322766,0.3939393939393939,0.3846153846153846,0.12585077693591884,0.1843929152049285,0.3959731543624161,19.0,-3.0,-3.0,28.0,-2.0,-2.0,36.0,-4.0,-4.0,-0.0002514889390479792,8.406066164490148e-05,-6.958188235082401e-05,-0.013499807418497767,-0.015616092125950054,-0.013849874888719249,0.08881578947368421,0.08901186442299519,0.003289473684210526,-0.8841502666473389
118,1,test,1.8570732421045186,0.8631146977349579,1.1703335378500839,3.3852897642530286,1.5733861677460168,2.133420511705882,6.404963534874836,3.7030545776861183,4.417737519280887,11.675714777115587,6.75035990724032,8.053167352855786,2.097032249437794,0.9300106705270688,1.3093709715037187,3.1067144436115464,1.3777935859660275,1.9398088466721757,8.14197068361753,4.9295602189551335,5.943721368026951,12.062178790544488,7.303052176229828,8.805513137817705,1.8976407606410264,0.8754608567922393,1.2070589576605646,3.180403509454234,1.4672528326126915,2.023003839654577,6.670139409215876,3.8908927534375866,4.675263588836832,11.179004596451188,6.521049307437295,7.8356372997265336,0.5025125628140703,0.002512562814070307,-0.0024874371859296973,0.371859296482412,-0.003140703517587995,-0.003140703517587995,0.27638190954773867,-0.0036180904522613577,-0.0036180904522613577,0.33810888252148996,0.0963349197174842,0.14065042699851826,0.29022988505747127,0.36180904522613067,0.11619501013841138,0.1598057063279671,0.31313131313131315,0.34782608695652173,0.10742541917688897,0.15316535280746724,0.2919463087248322,17.0,-5.0,-5.0,27.0,-11.0,-11.0,34.0,-8.0,-8.0,0.000717716342765416,0.0003832876368337925,0.00035675509064098094,-0.07816645422240676,-0.0883023840717323,-0.08225107883286054,0.07449856733524356,0.1250422221614105,0.10315186246418338,-1.0244938135147095
292,1,test,2.5299846683118763,1.2052075367556234,1.6337691192022672,3.9636426470219392,1.8881584742504764,2.5595716200835517,12.553313671702695,8.791966695670363,10.103001216625486,19.666858085667553,13.774081156550235,15.828035239379926,2.474156736801239,1.1204101012009369,1.56284421738545,3.6119076449653122,1.6356351842349444,2.281524404942263,11.871691930063584,7.999786923826218,9.384106534301921,17.330937124180412,11.678521056680609,13.69942559752105,2.482792280690701,1.153458270114531,1.5873725880077927,3.8393695062227335,1.7836983558472133,2.4546998783625664,11.974654375277659,8.196128284276554,9.526291241322488,18.517506765893287,12.674425181870959,14.731378208230652,0.5276381909547738,-0.002361809045226204,-0.002361809045226204,0.42211055276381915,-0.0028894472361808976,-0.0028894472361808976,0.3266331658291457,-0.0033668341708542604,-0.0033668341708542604,0.3902439024390244,0.12388164977540184,0.18638994706377088,0.40061162079510704,0.3668341708542714,0.10868880744575005,0.1731780773651228,0.3787878787878788,0.3913043478260869,0.12419249473760607,0.18663249020650963,0.3993288590604027,22.0,-7.0,-7.0,32.0,-8.0,-8.0,39.0,-8.0,-8.0,-0.00015513246727369924,0.00015012201487871725,-0.00011955284364333521,-0.004283012838283362,-0.005253179564330246,-0.004330138411220652,0.09146341463414634,0.11568313589774311,0.006097560975609756,-1.22499418258667
126,1,test,2.634286384498841,1.2012421012037162,1.6702217576021579,4.173126945740739,1.9029577840850953,2.6458958536271813,13.933365848702886,9.741926129586837,11.311032200118685,22.072658770222393,15.432754264692015,17.918466851673163,2.1473060724739423,0.8716959234408914,1.2846053610260557,3.491554589388524,1.4173917454323437,2.088789204920416,8.561762534092775,4.980876916507964,6.19221099922383,13.921565096085814,8.09898685611051,10.068635771095659,2.639256003896397,1.2003150700384975,1.6702395372756764,4.16724632194168,1.8952343211134175,2.6372203220142265,14.002781716254527,9.786553529118518,11.367430487855188,22.109655341454516,15.452452940713448,17.94857445450819,0.4974874371859297,-0.002512562814070307,-0.002512562814070307,0.3467336683417085,-0.003266331658291488,-0.003266331658291488,0.2562814070351759,-0.00371859296482413,-0.00371859296482413,0.3699059561128527,0.11012504844462112,0.15718437112849404,0.37735849056603776,0.3316582914572864,0.08103172504124634,0.13132440164092585,0.28787878787878785,0.3712374581939799,0.11080340143271117,0.16100386531300104,0.3791946308724832,17.0,-7.0,-7.0,26.0,-8.0,-8.0,31.0,-8.0,-8.0,-0.0008222185486922181,0.00018845585391222112,-0.00043669731894205717,-0.029398865412884945,-0.03345218103878089,-0.026856272581603058,0.10344827586206896,0.06241141524233089,0.5579937304075235,-1.1596879959106445
346,1,test,1.5916192576463049,0.6966410698193964,0.9619856613828669,2.7088135442634225,1.185629513058011,1.6372255967766098,4.911695793549125,2.464413385216486,3.0347730517960203,8.35932841786726,4.194242011378058,5.164950290075919,1.9529328024635326,0.8365674729027079,1.1842000328215843,2.91482507830378,1.2486081685115045,1.7674627355546035,7.049331590445369,3.995596901998006,4.892300524600919,10.52139043350055,5.963577465668665,7.301941081493908,1.4873027340547134,0.6262263979795881,0.8797361109856245,2.4926861464604135,1.0495414491278015,1.4744180631043988,4.425143618337677,2.059438000174619,2.58918523838716,7.416441818443034,3.4515720673317634,4.339416600648871,0.4974874371859297,-0.002512562814070307,-0.002512562814070307,0.3467336683417085,-0.003266331658291488,-0.003266331658291488,0.25125628140703515,-0.003743718592964851,-0.003743718592964851,0.3427762039660056,0.12495442178778782,0.16975567610676812,0.30965909090909094,0.3467336683417085,0.08858830493318715,0.1547470239343629,0.38383838383838387,0.3377926421404682,0.12076426150607755,0.16760354314158055,0.2953020134228188,20.0,-11.0,-11.0,29.0,-18.0,-18.0,36.0,-21.0,-21.0,0.0005416181242264121,-2.4582010750938256e-05,0.00048318629148233196,-0.1007598582433964,-0.11079047940224829,-0.12388423521371728,0.0708215297450425,0.06649096584021136,0.0906515580736544,-1.231271743774414
47,1,test,1.9269539579503467,0.8202291228057441,1.114032322806312,3.714128872318803,1.5809597600193617,2.147254010797658,6.868556432976408,3.8441198059319492,4.614071275958031,13.238875611747275,7.4093915430398205,8.89344308112118,2.45012160603281,1.1004233196670157,1.5331797042420279,3.9518090419884033,1.774876322043574,2.472870490712949,11.589756017782607,7.733494149405956,9.08812756284815,18.6931548673913,12.473377660332186,14.658270262658304,1.9890158309242003,0.8770792449280833,1.224970783800327,3.638443593154025,1.6044132529172255,2.2408002142688908,7.308337581917681,4.268097197857074,5.161394416061566,13.368910210825026,7.807494874128793,9.441575151332133,0.5527638190954773,-0.0022361809045226,-0.0022361809045226,0.4120603015075377,-0.0029396984924623393,-0.0029396984924623393,0.3266331658291457,-0.0033668341708542604,-0.0033668341708542604,0.34231805929919135,0.10274874570565162,0.14681463798931838,0.327027027027027,0.371859296482412,0.11622019873805112,0.15983926309343033,0.4040404040404041,0.34782608695652173,0.10909486825869197,0.15872708806886882,0.3422818791946308,14.0,-3.0,-3.0,23.0,-5.0,-5.0,30.0,-7.0,-7.0,0.0006864780002461448,0.0007104031835299978,0.00040891349069314004,-0.05318300460686398,-0.06078374630520056,-0.06292802726041025,0.07277628032345014,0.10034139666593693,0.31536388140161725,-1.1460176706314087
322,1,test,1.9681052376654689,0.9161299191725272,1.162469501471318,4.116091061569179,1.9159921427855537,2.431186215442702,7.157102624307532,4.293801156361425,4.9189837244799195,14.968349036858225,8.980046504433304,10.28755198291768,2.1288558207665824,0.9479246725296164,1.3288971108215086,3.406169313226532,1.5166794760473865,2.126235377314414,8.405244201627447,5.147838282666841,6.179795163945056,13.448390722603914,8.236541252266946,9.887672262312089,2.016152618568105,0.9032791918730274,1.2652386438063947,3.68808405835629,1.6523399851335867,2.3144609337921853,7.509377843240715,4.466287903672323,5.390442057555031,13.736666786415944,8.170038848181079,9.860564739429936,0.5477386934673367,-0.002261306532663321,-0.002261306532663321,0.3668341708542714,-0.0031658291457286047,-0.0031658291457286047,0.2613065326633166,-0.003693467336683409,-0.003693467336683409,0.3711340206185567,0.10215075163528775,0.15119267164494965,0.3695090439276486,0.36180904522613067,0.09363861916096772,0.1547973590825581,0.3737373737373737,0.3712374581939799,0.10913395235090817,0.1721273358358042,0.3691275167785235,18.0,-4.0,-4.0,27.0,-5.0,-5.0,35.0,-8.0,-8.0,4.1091200181418435e-05,0.00020976570540107893,-3.520531855110685e-05,-0.00451994843165604,-0.003737426677505873,-0.004138886476817483,0.06443298969072164,0.11262005299514516,0.06701030927835051,-1.0969256162643433
200,1,test,3.08350226607186,1.3859860001367144,1.9388397947585394,5.082068549636954,2.284310259484585,3.195495217287222,21.834739709449664,16.374371277085906,18.693358837732497,35.9868858174263,26.987389697419367,30.809424751077632,2.939494235392608,1.274584180884633,1.809695418856672,4.665863865702552,2.0231494934676713,2.8725324108836063,18.906281765579912,13.621083916919869,15.811247997709632,30.00997105647605,21.62076812209503,25.097219043983543,3.083535747530314,1.38585516705399,1.9391172558072582,5.082123732040702,2.2840946271815756,3.195952514200851,21.8354707806187,16.3742050566043,18.6948562482301,35.9880907310197,26.987115741440416,30.81189270541627,0.6582914572864322,-0.0017085427135676845,-0.0017085427135676845,0.49246231155778897,-0.002537688442211028,-0.002537688442211028,0.4170854271356784,-0.0029145728643216184,-0.0029145728643216184,0.4172932330827067,0.12648647886131836,0.1835432330827067,0.42641509433962266,0.4170854271356784,0.13387740708555307,0.18670145384686376,0.4191919191919192,0.4172932330827067,0.12648647886131836,0.1835432330827067,0.42641509433962266,23.0,-11.0,-11.0,36.0,-13.0,-13.0,47.0,-18.0,-18.0,-8.534949590760823e-05,8.274542252906326e-05,0.00019799995454124962,-0.00853639324381028,-0.009169183514997847,-0.009934349852097846,0.09398496240601503,0.13961505666103208,0.0037593984962406013,-0.9266433715820312
127,1,test,1.9159566940890242,0.880563007236711,1.2162721146895263,3.2278679279726417,1.483510091009631,2.049088981398118,6.7934349281386295,3.9772202040173785,4.780317299592653,11.445097268095623,6.700538471792825,8.053539489954124,2.0920203321676087,0.8962658120665001,1.2805439081937693,3.09928938098905,1.3278012030614816,1.8971020862129913,8.101265889870685,4.795214578030763,5.850036586719391,12.001875392401015,7.104021597082612,8.666720869213911,1.9406904146991752,0.8752757674820248,1.2186875480679216,3.13014583015996,1.4117351088419756,1.9656250775289057,6.963557053499517,4.061514995219289,4.905004963726006,11.23154363467664,6.550830637450468,7.911298328590332,0.4974874371859297,-0.002512562814070307,-0.002512562814070307,0.36180904522613067,-0.0031909547738693256,-0.0031909547738693256,0.2613065326633166,-0.003693467336683409,-0.003693467336683409,0.3489736070381232,0.11324886326067074,0.1593352883675464,0.3411764705882353,0.35678391959798994,0.12119494716691226,0.16813617335425035,0.35858585858585856,0.34448160535117056,0.10908928481694691,0.15760730056807826,0.3389261744966443,21.0,-10.0,-10.0,25.0,-11.0,-11.0,31.0,-8.0,-8.0,0.0003725328222314695,8.215414519523318e-05,0.00010758117835829536,-0.05891658553385337,-0.060935543983595686,-0.05578406779176426,0.07624633431085044,0.11202718251505346,0.21114369501466276,-1.2543325424194336
219,1,test,2.4683556919749825,1.1767434904255396,1.5793973879143135,4.520988320038389,2.1552986035162514,2.8927910052325316,11.803023081120148,8.164375017556972,9.370428773741773,21.61816859068322,14.953697400578033,17.16268006980072,2.680126419446337,1.202020082128646,1.6879772549496643,3.94136238153873,1.7676765913656558,2.482319492573035,14.586937251853517,10.202302456745429,11.88991265418685,21.451378311549288,15.0033859658021,17.485165667921837,2.529099066404941,1.1707418036742658,1.6226166286433101,4.262526516412822,1.9731603432712346,2.7347471269269272,12.542201354447629,8.652403220369433,10.066602228634908,21.138541608619597,14.582702056802411,16.966183531407147,0.6180904522613065,-0.0019095477386934512,-0.0019095477386934512,0.4723618090452262,-0.0026381909547738003,-0.0026381909547738003,0.3668341708542714,-0.0031658291457286047,-0.0031658291457286047,0.4034582132564841,0.11856612692554891,0.18058431296322897,0.37572254335260113,0.371859296482412,0.0811324794398055,0.15316146676621833,0.38383838383838387,0.3946488294314381,0.10750358736132126,0.17440411307993642,0.37583892617449666,15.0,-3.0,-3.0,26.0,-10.0,-10.0,35.0,-10.0,-10.0,0.00031709531181810566,0.00014045210616587723,0.00020381242782149673,-0.00757818157319079,-0.00782206528319307,-0.008225829352261904,0.07492795389048991,0.0542744342138029,0.48703170028818443,-0.6030139923095703
146,1,test,2.5127493909450833,1.1773165920176614,1.6049062302099593,4.05538667525947,1.9000995630664792,2.5901967639464534,12.33880767385986,8.53716673732147,9.859837650534763,19.913898460976355,13.778338721626422,15.913029119533952,2.3704788143610798,1.0848367680850393,1.4927846360447892,3.854437096522081,1.7639622245285191,2.4272920911297384,10.702515575617682,7.085526089114312,8.297168569791841,17.402464350597857,11.521180632706198,13.491331007791612,2.5128964525730533,1.177266348070228,1.6051768423157196,4.055624021557776,1.9000184731513174,2.5906335113323324,12.340622372436577,8.538231276942888,9.861958608122677,19.91682724665397,13.780056807724282,15.91645218399546,0.5979899497487438,-0.0020100502512562235,-0.0020100502512562235,0.4321608040201005,-0.002839195979899567,-0.002839195979899567,0.3065326633165829,-0.0034673366834171437,-0.0034673366834171437,0.3779527559055118,0.09897436690747641,0.1580574679473966,0.42292490118577075,0.3668341708542714,0.08863868213246684,0.14980579021988072,0.398989898989899,0.3779527559055118,0.09897436690747641,0.1580574679473966,0.42292490118577075,15.0,-4.0,-4.0,23.0,-6.0,-6.0,32.0,-10.0,-10.0,-4.5511302345530046e-05,-0.0002219188284895092,-0.00013645944539843348,-7.243603883999583e-05,-0.00013431153772813786,0.00011739929023413254,0.1220472440944882,0.08486121941734215,0.27165354330708663,-0.4768106937408447
241,1,test,2.1609199771658854,1.0049710012850663,1.38028795862349,3.7432329659103045,1.740851406597629,2.3909906168505266,8.679118577680319,5.502081658840451,6.496267145477045,15.034320159151154,9.530928337991384,11.253096639979361,2.1428268265059005,0.921745513568599,1.322994749693044,3.151215921332206,1.3555081081891158,1.9455805142544762,8.523498055764795,5.1326457312983464,6.2533794557913085,12.534555964359992,7.54800842837992,9.19614625851663,2.1623419050429873,1.0060120223566125,1.3746923551193615,3.6443964691735737,1.695525880376313,2.3168972277292608,8.691468436558077,5.513221132226921,6.4932449019072624,14.648542308805746,9.291945728472337,10.943671182989767,0.49246231155778897,-0.002537688442211028,-0.002537688442211028,0.37688442211055273,-0.003115577889447274,-0.003115577889447274,0.29145728643216084,-0.0035427135678391952,-0.0035427135678391952,0.35443037974683544,0.0953466514687944,0.15969353764157224,0.37142857142857144,0.36180904522613067,0.11619501013841138,0.17316129898239108,0.38888888888888884,0.35451505016722407,0.09741989156956132,0.16096666307044982,0.37248322147651003,23.0,-14.0,-14.0,34.0,-22.0,-22.0,43.0,-26.0,-26.0,0.00017110244019687907,4.849119885200862e-05,-6.467235365532054e-05,-0.013578785949622585,-0.012194940264435239,-0.013286117354801341,0.10759493670886076,0.09957472862916782,0.0031645569620253164,-0.8032033443450928
244,1,test,1.3029332582631883,0.5580034111032013,0.6428004693940238,2.7710270703907245,1.1867396489659634,1.3670826884295437,3.6800754631567676,1.5737817958418043,1.7450261928098434,7.826639365305238,3.3470570587621467,3.7112528889336103,1.9775103525624573,0.7625588106455976,1.1478161491543304,3.114189531594421,1.2008800167647207,1.807584486857213,7.224733536538429,3.8546027862498238,4.932115978114125,11.377533128406975,6.070240608267439,7.767111776557678,1.5682475065777919,0.6250390427667221,0.92410824824471,2.8687454388618145,1.1433641026220527,1.6904419175208112,4.798231951291535,2.2300237345894978,2.893884778624614,8.777253569435734,4.0793117096149345,5.293691668215757,0.49246231155778897,-0.002537688442211028,-0.002537688442211028,0.3467336683417085,-0.003266331658291488,-0.003266331658291488,0.26633165829145733,-0.0036683417085426884,-0.0036683417085426884,0.3075221238938053,0.09094753825844615,0.1071311170511855,0.2572062084257206,0.3467336683417085,0.09861336758982875,0.14473032944354491,0.3434343434343434,0.31438127090301005,0.07898895036878639,0.12750696611991774,0.2684563758389261,14.0,-3.0,-3.0,23.0,-3.0,-3.0,29.0,-4.0,-4.0,8.104968098343475e-05,0.0010782156461165285,0.00025841413867143913,-0.1393266359606642,-0.16445555476545426,-0.1630152010403183,0.05530973451327434,0.16334296285824723,0.334070796460177,-1.2224836349487305
27,1,test,2.207356316184825,1.0514189534911718,1.4335295712430631,3.6861763112643136,1.7558178582931392,2.393923766755657,9.091649148258343,5.91464912472861,6.923602185911774,15.182606213101371,9.87717267627093,11.562074586325572,2.323267189257728,1.0974075090060678,1.4990657112722616,3.5201018019056485,1.6627386500091934,2.271311683745851,10.208974529300079,6.801880693869262,7.928915168683767,15.46814322621224,10.30587983919585,12.01350783133904,2.26912040729813,1.1060367108749425,1.490260131563917,3.699652837986082,1.803320724252624,2.4297719536368216,9.670890627056185,6.471105382673596,7.491903222137184,15.767756457156825,10.550715297837385,12.215059601310626,0.5326633165829145,-0.0023366834170853723,-0.0023366834170853723,0.4120603015075377,-0.0029396984924623393,-0.0029396984924623393,0.3065326633165829,-0.0034673366834171437,-0.0034673366834171437,0.37869822485207105,0.12463618644734431,0.18972184689931515,0.3620178041543026,0.371859296482412,0.12123273006637192,0.17486430482965742,0.36363636363636365,0.3812709030100334,0.12417574441237067,0.18549782180869856,0.3657718120805369,17.0,-2.0,-2.0,30.0,-8.0,-8.0,35.0,-4.0,-4.0,0.0004625687914806296,-1.6000752905833388e-05,0.00014014091513892083,-0.041807511163236555,-0.0367682491750152,-0.038051008894559146,0.08875739644970414,0.06462766453158317,0.008875739644970414,-0.8469192981719971
386,1,test,1.8854783758665006,0.8100954618791218,1.1501467757409345,3.5741210971095754,1.5356205183972365,2.1802232836847386,6.5895059487706344,3.658390898142626,4.5033322955039665,12.491096441350928,6.934861867358274,8.536536494224551,1.9551577935803217,0.8482346402457484,1.2113494079418263,3.0079350670466485,1.3049763696088434,1.8636144737566553,7.065033752721291,4.03999726539964,4.961100888684737,10.869282696494293,6.215380408307137,7.632462905668826,1.8173248832883986,0.8093095069608898,1.1024783479394282,3.365416450534071,1.4987213091868328,2.0416265702582,6.155370072202882,3.4152126384387422,4.111497076269661,11.398833467042374,6.324467848960634,7.613883474573446,0.5628140703517588,-0.0021859296482411583,-0.0021859296482411583,0.3417085427135679,-0.003291457286432098,-0.003291457286432098,0.21105527638190957,-0.0039447236180903955,-0.0039447236180903955,0.33139534883720934,0.08030681472980727,0.1427345472731819,0.3411078717201166,0.3467336683417085,0.06603191395574359,0.1347136349527268,0.35858585858585856,0.34782608695652173,0.10074762284967698,0.16317647627799003,0.3389261744966443,11.0,-2.0,-2.0,17.0,-5.0,-5.0,24.0,-9.0,-9.0,3.464901213296586e-05,-0.0002128313672754139,0.0002379494277190298,-0.033367814613745495,-0.03914520459756066,-0.0445814541144367,0.08430232558139535,0.07807500463100335,0.0029069767441860465,-0.9118469953536987
62,1,test,2.399260957245499,1.089318447230108,1.5200873175507061,4.11851747206313,1.8698995805393839,2.6093477483089664,11.015032791606794,7.309072141141753,8.606124534066328,18.908157893613804,12.546589076505363,14.773080082541666,2.285408028645768,0.9853624606196545,1.4121346733581035,3.7775339316458973,1.6286982820159577,2.3341068981125677,9.829696203498706,6.16023232946349,7.434959341044885,16.247431741320177,10.182202197460317,12.289188993462622,2.340495703639747,1.055928796755183,1.4770049946851955,3.9226184977202463,1.7697130671874572,2.4754273653941823,10.386383855141458,6.7732810467788065,8.014959640859413,17.40734724325384,11.351867676165599,13.432893252837005,0.4824120603015075,-0.0025879396984924696,-0.0025879396984924696,0.37688442211055273,-0.003115577889447274,-0.003115577889447274,0.29145728643216084,-0.0035427135678391952,-0.0035427135678391952,0.38749999999999996,0.1269695787831513,0.1983108108108108,0.38557993730407525,0.371859296482412,0.11872646440221146,0.1882198974840814,0.3434343434343434,0.3946488294314381,0.13087587450656335,0.20332513643922456,0.37583892617449666,20.0,-5.0,-5.0,27.0,-3.0,-3.0,34.0,-3.0,-3.0,-6.552483268737697e-06,0.00018016171740725478,-0.0002568510625621741,-0.0480226329024207,-0.04436540894239105,-0.04355266590087403,0.078125,0.12714826646295457,0.009375,-1.161912202835083
418,1,test,2.6091915931571537,1.1950541650394675,1.6546671324448767,4.0676627913834595,1.8630588008820412,2.579583632119192,13.588061728505807,9.475124497057006,10.990626621762301,21.18343982290136,14.771476139001692,17.134105092388406,3.1393399797219255,1.4433715432157226,1.9888091940244375,4.616676440767537,2.1226052106113564,2.9247194029771135,23.088622869317945,17.636699618370443,19.92875319103878,33.95385716076168,25.936322968191824,29.30698998682173,2.6150195670531127,1.174121510778734,1.6416835062440023,4.064797254486704,1.8250593431793796,2.551839647011403,13.66748380765895,9.442995865785793,11.020724309600194,21.244793483407694,14.678231915729214,17.130659548601336,0.7236180904522613,-0.0013819095477386467,-0.0013819095477386467,0.5728643216080402,-0.0021356783919597166,-0.0021356783919597166,0.4120603015075377,-0.0029396984924623393,-0.0029396984924623393,0.37623762376237624,0.1044089581940072,0.16548021432220061,0.3410596026490066,0.3919597989949749,0.07366405964660394,0.14321188580632715,0.41414141414141414,0.37792642140468224,0.09912842474358041,0.16324344031458216,0.3422818791946308,22.0,-12.0,-12.0,36.0,-16.0,-16.0,46.0,-22.0,-22.0,0.0019600292528842603,0.0001991872052098804,0.00027029853669708156,-0.026417476490165015,-0.02549680626837958,-0.02923752170808669,0.08250825082508251,0.2140188487412186,0.7095709570957096,-1.320662260055542
495,1,test,1.6614540960399173,0.744188330782012,1.0426484432805232,3.465609770880809,1.5522946777048103,2.1748495135912753,5.266963950345519,2.764525178137194,3.4102547887559225,10.986305172499856,5.7664942366051894,7.113414896791495,1.8928845216326993,0.8102627056940417,1.1666870957339293,3.2357000369789732,1.385064454177849,1.9943369157844943,6.638489957808438,3.6860798693668944,4.571285014522414,11.347846081723826,6.300991229687,7.814162417987033,1.6919316204314427,0.7459564412084004,1.0576159759958126,3.361453550526045,1.482032664652451,2.101223793369164,5.42995920177007,2.854635645292444,3.544228012628344,10.787998414112723,5.67146154693863,7.0415126078708825,0.5025125628140703,-0.0024874371859296973,-0.0024874371859296973,0.29648241206030146,-0.0035175879396985854,-0.0035175879396985854,0.2211055276381909,-0.003894472361809065,-0.003894472361809065,0.3392330383480826,0.08739209578549056,0.1468876016454329,0.34615384615384615,0.3266331658291457,0.06848780242062436,0.13130762325819412,0.38383838383838387,0.3377926421404682,0.08403638170641148,0.14313190799141373,0.3523489932885906,19.0,-9.0,-9.0,26.0,-12.0,-12.0,32.0,-12.0,-12.0,0.00046426929431443335,-2.306575776995773e-05,0.0001436291116144314,-0.03635476442419172,-0.03660151286089963,-0.033226424083800055,0.0855457227138643,0.10292592607511906,0.44837758112094395,-0.7185992002487183
395,1,test,1.7372620758635098,0.7168830989610031,1.0445989263178035,3.543554432887159,1.4622516190727746,2.13070509474095,5.681765863419993,2.9075199235208813,3.6827336912002435,11.589297257836806,5.9305704400293475,7.511801171454802,2.0350089094525754,0.8522718426829263,1.2024458301285594,3.53914592948274,1.4822119003181329,2.0912101393540166,7.65232030315976,4.3890264595257,5.353116065773038,13.308383135930018,7.6330894948273045,9.309767070909631,1.7582685258265378,0.7059353740999155,1.0434003471307118,3.5165370516530756,1.411870748199831,2.0868006942614237,5.8023820169946285,2.938055781288198,3.7584647843305135,11.604764033989257,5.876111562576396,7.516929568661027,0.49246231155778897,-0.002537688442211028,-0.002537688442211028,0.371859296482412,-0.003140703517587995,-0.003140703517587995,0.27638190954773867,-0.0036180904522613577,-0.0036180904522613577,0.33224755700325737,0.0899711342390297,0.14806554183532672,0.31699346405228757,0.36180904522613067,0.10867621314593012,0.16481405357337608,0.36363636363636365,0.33444816053511706,0.0923780436736813,0.1464615086997444,0.31879194630872487,18.0,-4.0,-4.0,29.0,-10.0,-10.0,35.0,-6.0,-6.0,0.000997302054296402,7.834242914545937e-05,0.00020423427497312128,-0.049682288423383625,-0.040226644587434635,-0.0450343393531627,0.08143322475570032,0.22712000127869103,0.5276872964169381,-1.05963933467865
435,1,test,1.789868003632046,0.8011833231253339,1.020332248827362,3.710247215862262,1.66078626356189,2.115063724131719,5.98866193258646,3.300964966414261,3.8298981072035816,12.413997131090683,6.842625294962896,7.939059618057425,2.2795222702104034,1.0460522055228338,1.4325437798923657,3.5341430545897725,1.6217863651516802,2.2209981083602566,9.772010913521388,6.338888867474173,7.439422658031994,15.150404517087424,9.827734678254533,11.533988617103867,2.05050230294213,0.9514374215242061,1.3033415208001742,3.7509188468453596,1.7404343076662308,2.3841613185369037,7.771803926003492,4.770445840447394,5.660806008977309,14.216714498786876,8.726425317891575,10.355132943251176,0.5326633165829145,-0.0023366834170853723,-0.0023366834170853723,0.37688442211055273,-0.003115577889447274,-0.003115577889447274,0.2864321608040201,-0.003567839195979916,-0.003567839195979916,0.3148614609571788,0.09096208988799648,0.12522314228660203,0.29040404040404044,0.3517587939698492,0.10865102454629028,0.15643325139889763,0.36868686868686873,0.34448160535117056,0.1040809375715378,0.1587196476203585,0.33221476510067116,20.0,-6.0,-6.0,28.0,-6.0,-6.0,32.0,-3.0,-3.0,0.0002927959389624476,0.0012559650544237062,9.771287115502854e-05,-0.08371442524845563,-0.10794573263865193,-0.09384804404493075,0.06297229219143577,0.13825509001460815,0.6272040302267002,-1.0520302057266235
381,1,test,1.7324133463556843,0.7337248473198947,1.0546727203261304,3.02038557244211,1.2792166186257854,1.838774952191631,5.654283199466811,2.9395640634988034,3.6848601609009357,9.857991127866221,5.124999126414145,6.424389704607393,1.7754914235245023,0.7016888380573334,1.019911770745927,2.9346965678090946,1.1598162612517906,1.6858045797453338,5.903181385837634,2.9766948017080668,3.7743362290461113,9.757324604690304,4.920156697038126,6.2385722794150595,1.6325726874007978,0.6627316273944143,0.9721183189421041,2.814780495518617,1.1426407368869214,1.676066067141559,5.117022297774405,2.479497079977775,3.1813506550116344,8.822452237542077,4.274994965478922,5.485087336226956,0.4120603015075377,-0.0029396984924623393,-0.0029396984924623393,0.33668341708542715,-0.0033165829145728187,-0.0033165829145728187,0.2361809045226131,-0.0038190954773869024,-0.0038190954773869024,0.34337349397590367,0.11780958420146759,0.17303281261317827,0.3202416918429003,0.35678391959798994,0.14124507248019547,0.18816956233588644,0.303030303030303,0.34782608695652173,0.12912825724032806,0.18319872321903563,0.30536912751677847,15.0,-6.0,-6.0,26.0,-17.0,-17.0,32.0,-21.0,-21.0,0.0017035721801691814,-0.00015751854231035948,0.000244802542357491,-0.11381527711844353,-0.09024317714742836,-0.10279670783700112,0.07530120481927711,0.12567424250650885,0.08433734939759036,-1.238656759262085
348,1,test,2.2481801884439188,0.9931795274940709,1.3986445534849685,3.8027728719423735,1.6799526050165667,2.3657923830224474,9.47048564585113,5.962644953002542,7.131924991915871,16.01922572010989,10.085750505610683,12.063575252283227,2.8675777226671904,1.3207762173111204,1.825907575729595,4.2482632928402815,1.9567055071275852,2.7050482603401402,17.594348150643597,12.897923505834125,14.76040198006612,26.065700963916438,19.10803482345796,21.867262192690546,2.29054697608009,0.9759572190723906,1.398584551110621,3.796486700685232,1.6176086503962277,2.3180959410673276,9.880340513352445,6.157117267697335,7.440427410784004,16.376254994506812,10.20516674203978,12.332200128371273,0.5979899497487438,-0.0020100502512562235,-0.0020100502512562235,0.48743718592964824,-0.002562814070351749,-0.002562814070351749,0.371859296482412,-0.003140703517587995,-0.003140703517587995,0.35015772870662465,0.10291363421843569,0.16547777067934233,0.30696202531645567,0.38190954773869346,0.09118273069608696,0.17322841251331778,0.38888888888888884,0.35785953177257523,0.10911161858392748,0.16987287993720257,0.3120805369127517,15.0,0.0,0.0,27.0,0.0,0.0,35.0,0.0,0.0,0.0015457672122137377,-1.2640343311761187e-05,0.0006184562003043581,-0.052653324450687045,-0.050277935507511806,-0.05964296592999219,0.07886435331230283,0.11059227673187794,0.583596214511041,-1.158740520477295
172,1,test,2.089121342524799,0.9777902749137175,1.240865422900312,4.405321091845773,2.0618621014484915,2.616607522202832,8.077814413180445,5.0394143933239,5.7422445370943,17.033652132141373,10.626591220704748,12.108646089090154,1.9577405249600617,0.8799303583708304,1.222430983123553,3.95503136355568,1.7776370876178391,2.469557541663743,7.083304421051371,4.145066172387138,4.997176784698641,14.30970590111388,8.373871055327552,10.09530663575483,2.3661902649916677,1.1036573712818174,1.4998002513487154,4.70104026157285,2.1926967641360613,2.979735598706058,10.656715587145365,7.12235326355618,8.278405914823521,21.172282623467616,14.150370722297048,16.447164069185806,0.4623115577889447,-0.002688442211055242,-0.002688442211055242,0.321608040201005,-0.0033919597989949812,-0.0033919597989949812,0.2562814070351759,-0.00371859296482413,-0.00371859296482413,0.34366925064599485,0.11012086354922068,0.15109838065576997,0.3523316062176166,0.3266331658291457,0.09605672472638882,0.1513410122398302,0.33333333333333337,0.36789297658862874,0.11580616523637499,0.17323224243957425,0.40604026845637586,18.0,0.0,0.0,26.0,0.0,0.0,33.0,0.0,0.0,0.0010361497933346344,0.00021368775153678596,0.000215443334493207,-0.13500294774606036,-0.12948754582332445,-0.13297122136607786,0.06459948320413436,0.2692935798567949,0.07493540051679587,-0.7737867832183838
391,1,test,1.3353633724147038,0.5963526766617198,0.7395137799043475,3.2284373297790783,1.4417702947527462,1.787883314945217,3.8013770110273795,1.70751398910709,1.98680507404039,9.190387950189724,4.1281661736647886,4.803393443709414,1.0141709868766247,0.4125460926022839,0.59435222101759,2.6688710180963806,1.0856476121112735,1.5640847921515528,2.7570767968495753,0.9319948392965536,1.2353910476325334,7.255465254867303,2.452617998148825,3.251029072717193,0.9238294174291236,0.3879445059003491,0.5446614882656384,2.8869669294660114,1.2123265809385912,1.7020671508301204,2.5189179324646256,0.8099580808544256,1.0578495613318948,7.871618538951955,2.5311190026700796,3.305779879162171,0.2361809045226131,-0.0038190954773869024,-0.0038190954773869024,0.1507537688442211,-0.0042462311557789345,-0.0042462311557789345,0.12060301507537685,-0.0043969849246231485,-0.0043969849246231485,0.2731707317073171,0.09168473901547791,0.11481296044632006,0.3080684596577017,0.2361809045226131,0.08079243334466824,0.12265836696000876,0.23232323232323238,0.2240802675585284,0.07216040111445499,0.10728382706909567,0.21812080536912748,16.0,-6.0,-6.0,21.0,-8.0,-8.0,22.0,-5.0,-5.0,-0.0005292235361846366,-0.0008075865208574452,-0.00025195485481237847,-0.18401127471567147,-0.17332748480033278,-0.18022154804669643,0.6390243902439025,0.023759951333123547,0.8317073170731707,-1.5210986137390137
228,1,test,2.9193465595932353,1.3954587517049055,1.896309310284222,4.722003178358458,2.257135467238536,3.0672544035198346,18.529175790885102,13.939140063031182,15.747545338881212,29.97068871093984,22.54636862654224,25.471439455239558,2.982485196644742,1.3926026765910264,1.903791366132498,4.588438764068833,2.1424656562938864,2.9289097940499964,19.736805588996376,14.833632718992133,16.79596977767741,30.364316290763654,22.82097341383405,25.839953504119087,2.9193474506832175,1.3955086552835438,1.8962248467306058,4.722004619684331,2.2572161855952406,3.0671177848757343,18.529192302055385,13.93938153776245,15.747324414842687,29.970715417532208,22.546759208621232,25.47108211362533,0.6834170854271358,-0.0015829145728643024,-0.0015829145728643024,0.5226130653266332,-0.002386934673366814,-0.002386934673366814,0.40201005025125625,-0.002989949748743781,-0.002989949748743781,0.4101694915254237,0.10560096360664195,0.17792597405079014,0.44897959183673475,0.40201005025125625,0.09875190488784769,0.1666177297170326,0.48484848484848486,0.4067796610169492,0.10221113309816743,0.17566353925821188,0.44897959183673475,18.0,0.0,0.0,26.0,0.0,0.0,35.0,1.0,1.0,-3.175119341693784e-06,-0.00044926608560378115,-6.943170924735396e-05,-0.00035656283511986686,0.00011913993074319507,-2.6287545484393604e-05,0.17627118644067796,0.07961922037012929,0.010169491525423728,-0.5530967712402344
256,1,test,1.8137453842250002,0.8390177121386506,1.1456334501778138,3.30120853001799,1.5271010210354277,2.08517411037655,6.133376317590065,3.4829309951431022,4.182825244868287,11.16339393254488,6.339302975286916,7.6131845726703204,1.9692385219824433,0.8464893096182151,1.215149940133902,3.309644574760409,1.4226711086020423,2.0422688069477344,7.16521825425611,4.091926522929015,5.039544991245447,12.042383620598505,6.877187433494143,8.46982351469823,1.94006417500457,0.8970718928664756,1.2244708259324537,3.615026413051994,1.6715625332915693,2.281622657016994,6.959197562842489,4.121502054256859,4.913797604400228,12.96744887486178,7.679817492404085,9.156144604472475,0.5125628140703518,-0.0024371859296482556,-0.0024371859296482556,0.3467336683417085,-0.003266331658291488,-0.003266331658291488,0.2613065326633166,-0.003693467336683409,-0.003693467336683409,0.32069970845481055,0.06451339113312204,0.12910635557113503,0.3070175438596491,0.3467336683417085,0.08357577360486634,0.1463997785253479,0.3484848484848485,0.3377926421404682,0.07735858537919948,0.13757017273001215,0.32885906040268453,16.0,-7.0,-7.0,26.0,-14.0,-14.0,34.0,-18.0,-18.0,0.00045244367466546186,3.702005346773759e-05,0.00026190489937968453,-0.042482041679705596,-0.044725956798826516,-0.047659663929678686,0.07871720116618076,0.0839427847816933,0.4897959183673469,-0.9291223287582397
324,1,test,2.074643448678026,0.9746438599759484,1.328189985288677,4.558929871298846,2.1417333228770836,2.9186340441056915,7.961707195667511,4.957542407328068,5.8522018991133,17.495471226148354,10.893962614829196,12.85993410951649,2.067394758080743,0.9259189359893742,1.2941302480707757,3.758899560146805,1.683488974526135,2.3529640874014106,7.904203907138582,4.772817581318511,5.737375553923603,14.371279831161058,8.677850147851839,10.431591916224733,2.079356357927826,0.9699004064984316,1.3310888248697086,4.362286065582851,2.034756097549157,2.7924940381881997,7.999318559008182,4.96661055393301,5.885982999748087,16.78178718673045,10.419462700558762,12.348216083387598,0.4773869346733668,-0.0026130653266331905,-0.0026130653266331905,0.3668341708542714,-0.0031658291457286047,-0.0031658291457286047,0.2814070351758794,-0.003592964824120637,-0.003592964824120637,0.3633720930232558,0.11083218010598439,0.16884618881993219,0.36734693877551017,0.35678391959798994,0.1086636188461102,0.17147507151785635,0.36363636363636365,0.36454849498327757,0.11580058179462982,0.17544949609562466,0.3691275167785235,21.0,-10.0,-10.0,32.0,-12.0,-12.0,36.0,-8.0,-8.0,3.0444810107615957e-05,2.8679840360072648e-05,-1.794460029111684e-05,-0.07253089200171114,-0.07301344753712247,-0.06967863601055502,0.07267441860465117,0.2156117329209708,0.0029069767441860465,-0.5590572357177734
143,1,test,1.5690116398301528,0.7023901750300701,0.8565620339332289,3.1764794473032016,1.4219957955265636,1.7341182353648215,4.80189984107786,2.4230396425228333,2.762919997911137,9.721493305711551,4.905467511578089,5.593558623222057,2.129368202581906,0.9459022531200181,1.3182654933271039,3.178161496390904,1.411794407641818,1.9675604378016478,8.409551999434099,5.143878730342051,6.159163856622531,12.551570148409102,7.67743094080903,9.192781875556015,1.7798428206568826,0.801715571424569,1.1138682144647802,3.140899095276852,1.4147921848668865,1.9656497902319652,5.92892444090023,3.2694533919743374,3.9825378832665423,10.46280783688276,5.76962363289589,7.028008029293899,0.46733668341708545,-0.002663316582914521,-0.002663316582914521,0.3668341708542714,-0.0031658291457286047,-0.0031658291457286047,0.29145728643216084,-0.0035427135678391952,-0.0035427135678391952,0.29854368932038833,0.09975581053250959,0.13041074699389765,0.26277372262773724,0.35678391959798994,0.12119494716691226,0.18483066417228045,0.3434343434343434,0.34448160535117056,0.1291226737985829,0.18096658866596482,0.2986577181208053,18.0,-8.0,-8.0,25.0,-6.0,-6.0,34.0,-7.0,-7.0,0.0006711056817779303,0.001185535717810685,0.00019247173052279262,-0.09880254798284138,-0.09751448354603642,-0.09844837375118498,0.06067961165048544,0.19695692579993407,0.46601941747572817,-1.5903513431549072
271,1,test,2.0777511276787664,0.8663119727224764,1.251551090665353,3.8784687716670305,1.6171156824152892,2.336228702575326,7.986488111551668,4.62817380046416,5.701867361130828,14.908111141563113,8.639257760866432,10.643485740777546,2.462268867347349,1.1027806256541854,1.5288328300043865,3.788105949765152,1.696585577929516,2.3520505076990563,11.73139835426298,7.837198451642202,9.188165529659214,18.048305160404585,12.057228387141848,14.135639276398791,2.0695036443950467,0.8783004885319345,1.2595032794989498,3.8089024129970186,1.6165039666231924,2.3181041953968404,7.920890563530107,4.629852105002213,5.6729817566006355,14.578326190546209,8.521200193255606,10.44107071766988,0.5778894472361809,-0.002110552763819218,-0.002110552763819218,0.4120603015075377,-0.0029396984924623393,-0.0029396984924623393,0.29145728643216084,-0.0035427135678391952,-0.0035427135678391952,0.3615635179153095,0.11278303011043145,0.16113014846785556,0.35620915032679734,0.36180904522613067,0.09865115048928852,0.1547973590825581,0.4040404040404041,0.35785953177257523,0.10911161858392748,0.15874940941439952,0.3489932885906041,15.0,-4.0,-4.0,24.0,-10.0,-10.0,28.0,-8.0,-8.0,0.0009307883438911637,-0.00026992634763302017,0.00021512984541934276,-0.02092219240032822,-0.016682930281683994,-0.01987582915258823,0.10097719869706841,0.04544518777644398,0.5863192182410424,-1.3427329063415527
374,1,test,2.2904624062857324,1.0190033704150898,1.3862390474326896,3.6846569144596564,1.6392662915373184,2.2300367284786744,9.879504970318397,6.313453204354381,7.4094921059984,15.89311669138177,10.156424720048353,11.919617735736557,2.864531564492421,1.307516851916171,1.8197166692629754,4.340199340140032,1.981086139266926,2.757146468580266,17.540834530050947,12.796198550046423,14.697962284320713,26.577022015228707,19.388179621282458,22.26963982472835,2.2902567826577407,1.018505823268445,1.3859582717709071,3.684326128623322,1.6384658896057593,2.229585045892329,9.877473719507375,6.310380787201062,7.407275221721855,15.889849027033604,10.151482135932143,11.916051443639507,0.6633165829145728,-0.0016834170854271857,-0.0016834170854271857,0.4974874371859297,-0.002512562814070307,-0.002512562814070307,0.3668341708542714,-0.0031658291457286047,-0.0031658291457286047,0.36949152542372876,0.10891622931543776,0.16317810941470956,0.33673469387755106,0.3919597989949749,0.086195387967406,0.15990637662435725,0.4292929292929293,0.36949152542372876,0.10891622931543776,0.16317810941470956,0.33673469387755106,20.0,-8.0,-8.0,31.0,-9.0,-9.0,37.0,-9.0,-9.0,0.0020705217063132454,0.00011400000713940878,0.00016424582851172918,-0.05142938588262691,-0.038097295945692444,-0.04582272358873407,0.10847457627118644,0.0696826741969406,0.8338983050847457,-1.0165395736694336
38,1,test,1.707681636043996,0.7848020834865171,0.9748068016823584,3.277777547856959,1.5063736673556372,1.8710746667362803,5.5161581797069585,2.9996317429222596,3.435103475844721,10.587886553465962,5.7575869947086025,6.593445060270673,2.1359752413593935,0.9295502748685682,1.327811920829976,3.44512135703128,1.4992746368847876,2.1416321303709287,8.465298191431387,5.123780954186207,6.221515101989194,13.653706760373204,8.26416282933259,10.034701777401924,1.865595018178888,0.8538740415498554,1.1836506330548713,3.2539447991492234,1.4893151887497478,2.064506918118962,6.4597784282830135,3.7094482298467604,4.482058983879732,11.267055398168047,6.4699678427559775,7.817544739325113,0.5226130653266332,-0.002386934673366814,-0.002386934673366814,0.3517587939698492,-0.0032412060301507672,-0.0032412060301507672,0.25125628140703515,-0.003743718592964851,-0.003743718592964851,0.3242574257425742,0.09063567048917498,0.12484393600650379,0.29032258064516125,0.33668341708542715,0.08355058500522661,0.13134118002365758,0.3282828282828283,0.34448160535117056,0.1057503866533408,0.15760730056807826,0.31543624161073824,19.0,-7.0,-7.0,26.0,-5.0,-5.0,33.0,-7.0,-7.0,0.00034395184931021255,0.0008687822033116617,8.66600263022755e-05,-0.08592056754319,-0.10129987177579736,-0.0949583020145699,0.06930693069306931,0.05937940695652273,0.4183168316831683,-1.0437450408935547
414,1,test,1.7261503000354856,0.7895397150297886,1.046375730693586,3.113839756926758,1.4242677212302066,1.8875797494864683,5.6189808274732895,3.067661560443031,3.6455480176475685,10.136200708383189,5.533820854132527,6.576282698501497,2.0351643006575046,0.9157329490085522,1.2601389504280627,3.0835822737234917,1.3874741651644729,1.909301440042519,7.653509498825053,4.590397624387789,5.4828623459357075,11.596226513371292,6.955147915739074,8.307367190811679,1.9222540536423285,0.8687072169917514,1.2080359600059816,3.4325965243613004,1.5512628874852699,2.1572070714392524,6.836350616418294,3.968545880667762,4.793761672012991,12.207768957889808,7.086689072621002,8.560288700023197,0.5175879396984925,-0.002412060301507535,-0.002412060301507535,0.40201005025125625,-0.002989949748743781,-0.002989949748743781,0.29145728643216084,-0.0035427135678391952,-0.0035427135678391952,0.35967302452316074,0.11477506533948723,0.16416960321328777,0.33606557377049184,0.38190954773869346,0.11875165300185131,0.17823675975872688,0.4040404040404041,0.3712374581939799,0.12082009592352916,0.17657672404492541,0.35906040268456374,20.0,-10.0,-10.0,29.0,-14.0,-14.0,39.0,-17.0,-17.0,-0.00021378834842313653,0.0005639892120924664,-9.035760808095805e-06,-0.04959752858457023,-0.06480078341187845,-0.056469296204648245,0.08446866485013624,0.08094978517384814,0.7193460490463215,-1.2878694534301758
29,1,test,1.7123851958656953,0.7018472874603361,1.0294592516321084,3.63741953370164,1.4908520812065964,2.1867598482381387,5.542164873765281,2.795086579599809,3.562503227788283,11.772572444272656,5.937275414182601,7.567408817197334,1.7232295324443632,0.753635521880622,1.0611367423267435,3.2823419665606917,1.4354962321535656,2.02121284252713,5.602593034494772,2.96571933535118,3.66374734588524,10.671605779990042,5.648989210192724,6.9785663731147425,1.6971165020032335,0.6928811682815121,1.0170914913157652,3.4635030653127217,1.4140432005745147,2.0756969210525824,5.45818601026543,2.728366936317035,3.4842589093785516,11.139155122990672,5.568095788402111,7.110732468119492,0.42713567839195976,-0.002864321608040288,-0.002864321608040288,0.29145728643216084,-0.0035427135678391952,-0.0035427135678391952,0.20603015075376885,-0.003969849246231116,-0.003969849246231116,0.33333333333333337,0.09758602978941966,0.15263518138261467,0.33436532507739936,0.33668341708542715,0.10610697598267027,0.15805236533250566,0.33838383838383834,0.32441471571906355,0.0923612933484459,0.14421449324965308,0.325503355704698,17.0,-7.0,-7.0,22.0,-4.0,-4.0,27.0,-4.0,-4.0,0.0004071673645490353,0.00011100041791409245,-9.761572105163647e-06,-0.06886342592989347,-0.06389437134114218,-0.06372439415431508,0.08950617283950617,0.18489924685891712,0.0030864197530864196,-0.8899755477905273
210,1,test,1.8245999630757275,0.8483923018198495,0.9853001013586896,3.4604482058332766,1.6090198827617836,1.8686726060251013,6.200314168312574,3.5459433113361998,3.8855684011276392,11.759216526110055,6.725064900810034,7.369181450414489,1.5020663370253522,0.6238977241261193,0.9103748427317211,2.9166336641268975,1.2114518915070278,1.767718141226643,4.490959324836802,2.0844708684570232,2.683916891129419,8.72030936861515,4.047516249431113,5.211489108989163,1.8525478595290108,0.8513814099315136,1.1808733221374146,3.308121177730376,1.520323946306274,2.108702360959669,6.37604410958261,3.6545896924061783,4.418531604036737,11.385793052826088,6.5260530221538895,7.890235007208458,0.3316582914572864,-0.0033417085427135396,-0.0033417085427135396,0.2211055276381909,-0.003894472361809065,-0.003894472361809065,0.18592964824120606,-0.004070351758793889,-0.004070351758793889,0.3234624145785877,0.08910519046027143,0.1074311340311781,0.3082191780821918,0.24120603015075381,0.04822357401040289,0.0942945109520894,0.202020202020202,0.2976588628762542,0.07896103316006053,0.1330314991387681,0.2818791946308725,19.0,-1.0,-1.0,26.0,-1.0,-1.0,31.0,-4.0,-4.0,0.0006645732946652189,-0.0003780004775801545,3.293884773791536e-05,-0.11671762849293454,-0.10433761786320961,-0.10509221783757372,0.05694760820045558,0.2895830499347011,0.002277904328018223,-0.9312024116516113
238,1,test,1.6192318539322192,0.7274977936289732,0.8091279773419813,3.649195690325294,1.639531612958954,1.8234981733268065,5.049210295509299,2.609854319265734,2.801068791687731,11.37919588548925,5.88172046585741,6.31265259394991,2.028504917670208,0.8975978079897988,1.2388665658799547,3.622330210125371,1.602853228553212,2.212261724785633,7.602711178341973,4.504245304226246,5.400111462385844,13.576269961324952,8.043295186118296,9.643056182831863,1.747649680730948,0.7447407202481413,1.0627512045342211,3.591060987803318,1.5302891511948111,2.183735351782646,5.741093404220239,3.014892689061003,3.7575229585215446,11.796767268945695,6.1949849775226085,7.720937586003172,0.457286432160804,-0.0027135678391959628,-0.0027135678391959628,0.3668341708542714,-0.0031658291457286047,-0.0031658291457286047,0.24120603015075381,-0.0037939698492461815,-0.0037939698492461815,0.32321041214750545,0.11194280651370259,0.12575195662453376,0.2847826086956522,0.3668341708542714,0.13375146408735406,0.1932114663467589,0.303030303030303,0.3277591973244147,0.11740861301723604,0.16758122179604984,0.27181208053691275,18.0,-8.0,-8.0,26.0,-9.0,-9.0,34.0,-14.0,-14.0,-0.0003821171694572123,0.0009567352973641462,1.5752242665112374e-05,-0.1486668164812448,-0.1776589510525124,-0.1705154550446526,0.08676789587852494,0.06022122218295591,0.09544468546637744,-1.0742532014846802
89,1,test,2.104935681034248,0.9829060930962235,1.1214207275128498,3.9533876026147428,1.8460463177059325,2.106197752933798,8.20657515419415,5.135494243090243,5.532736993569861,15.413189470272204,9.64523498597201,10.39131695851146,2.5715498174894624,1.1795088050892837,1.6192957768733796,4.147660995950746,1.9024335565956192,2.611767382053838,13.08608978390251,9.06303700407923,10.494545256448715,21.10659642564921,14.617801619482634,16.92668589749793,2.3142388354723096,1.0804936447680589,1.4776690185924841,4.132569349057695,1.9294529370858187,2.6386946760580066,10.1172191188735,6.683152401687131,7.808784093196518,18.066462712274106,11.934200717298449,13.944257309279497,0.6030150753768844,-0.0019849246231156137,-0.0019849246231156137,0.4824120603015075,-0.0025879396984924696,-0.0025879396984924696,0.3668341708542714,-0.0031658291457286047,-0.0031658291457286047,0.37668161434977576,0.11576336127026843,0.1401224745648295,0.35730337078651686,0.3919597989949749,0.0962204506240476,0.17493141836058423,0.4444444444444444,0.3913043478260869,0.13420918922842417,0.1999806548338734,0.3791946308724832,21.0,-8.0,-8.0,30.0,-9.0,-9.0,40.0,-12.0,-12.0,0.00011047655036801028,0.0008584361853201988,0.00025470597363284506,-0.03632959396325841,-0.04999314165637614,-0.04344124895697199,0.06950672645739911,0.07517353809664432,0.3968609865470852,-0.959709644317627
368,1,test,1.7874639788774784,0.7552148034272796,1.0859911067577066,2.9034947880243305,1.2267448583590328,1.7640464678297771,5.974282332436523,3.1669093189106508,3.9575614394048055,9.704418001927348,5.144218183002073,6.4285261959875015,2.1229760132107764,0.9380907807162286,1.312865625541506,3.1686209152399645,1.400135493606311,1.9595009336440385,8.355967992540817,5.085656518103248,6.1078118508445876,12.471594018717637,7.59053211657201,9.116137090812817,1.7828512796152347,0.7554426572238835,1.0826536959609605,2.8150283362345814,1.1928041956166584,1.7094532041488855,5.946788224504259,3.152971612296461,3.932637593104699,9.389665617638304,4.97837622994178,6.209427778586367,0.5326633165829145,-0.0023366834170853723,-0.0023366834170853723,0.40201005025125625,-0.002989949748743781,-0.002989949748743781,0.29145728643216084,-0.0035427135678391952,-0.0035427135678391952,0.3699059561128527,0.1257745007137917,0.18533869855289442,0.35220125786163525,0.3869346733668342,0.11625798163751089,0.1782535381414585,0.4191919191919192,0.36789297658862874,0.12749230880899598,0.18213101885781668,0.34563758389261745,18.0,-9.0,-9.0,30.0,-16.0,-16.0,38.0,-21.0,-21.0,0.001022950195316444,6.898383266429606e-05,0.0002208011802416901,-0.04383257894556891,-0.0370017734837349,-0.041743185654586235,0.08150470219435736,0.08978434361141172,0.5329153605015674,-0.8745583295822144
98,1,test,1.4981596446249754,0.642655225443792,0.7700374711396074,3.0886229640372718,1.3249053225973915,1.5875180092214658,4.473448754648681,2.1208879965434373,2.4022611320403944,9.222512835413157,4.372446817518461,4.952528874111714,1.8841210000965434,0.8248166547820763,1.174452077891923,3.3645017858866844,1.472886883539422,2.0972358533784337,6.58056758079423,3.696203810782455,4.547249620026075,11.751013537132552,6.600363947825812,8.120088607189418,1.59998362570416,0.7070237774034606,0.9942501120832652,3.137222795498353,1.3863211321636482,1.949510023692677,4.952951322640886,2.510603379736348,3.1203553725506126,9.71166926008017,4.9227517249732315,6.118343867746299,0.457286432160804,-0.0027135678391959628,-0.0027135678391959628,0.3467336683417085,-0.003266331658291488,-0.003266331658291488,0.23115577889447236,-0.003844221105527623,-0.003844221105527623,0.315668202764977,0.10738281726440158,0.1230973327747521,0.2979214780600462,0.3467336683417085,0.10863843024647035,0.1597553711797719,0.36363636363636365,0.32441471571906355,0.10905578416647588,0.1586750049292971,0.30536912751677847,19.0,-10.0,-10.0,29.0,-16.0,-16.0,36.0,-20.0,-20.0,0.00015410531981872776,0.00083083671663264,-3.267991088770993e-05,-0.14980421579951742,-0.1623285251200839,-0.15059808006057995,0.07373271889400922,0.11062783150459692,0.15207373271889402,-1.126358985900879
119,1,test,2.0728302495344413,0.9390772535061318,1.2999136826682713,3.6521294872749683,1.654564684748899,2.290324107558383,7.947284114909248,4.839987799807077,5.781209563615846,14.002357726268675,8.52759755204104,10.185940659704109,1.9201507977421757,0.8323429363656367,1.1743682869750085,3.0238595240034263,1.3107762777411602,1.8493988771259977,6.821987131985449,3.8542259393177023,4.713896738821818,10.743286822024329,6.069647148531814,7.42345943121546,2.0727227449351915,0.9388030291902079,1.2998311947810066,3.651940074409623,1.6540815276208423,2.290178771757012,7.946429791238035,4.838615385387817,5.780409427330023,14.000852489324158,8.52517948854044,10.184530895771946,0.5226130653266332,-0.002386934673366814,-0.002386934673366814,0.3668341708542714,-0.0031658291457286047,-0.0031658291457286047,0.24623115577889443,-0.0037688442211055717,-0.0037688442211055717,0.3643410852713178,0.09548228449762342,0.15171221929193635,0.3618677042801557,0.371859296482412,0.10368887041724906,0.15983926309343033,0.36363636363636365,0.3643410852713178,0.09548228449762342,0.1491348997043075,0.3618677042801557,18.0,-7.0,-7.0,25.0,-12.0,-12.0,33.0,-13.0,-13.0,-0.00035804759347978486,-0.0002472737121693985,-2.2132334915918862e-05,-0.0047756847678446235,-0.0054007911842397505,-0.005480886252328787,0.09689922480620156,0.08885380897698301,0.011627906976744186,-0.7675304412841797
148,1,test,1.8963730538341237,0.8367204434120694,1.0659613303060222,3.5512268979818264,1.5668774341254321,1.9961634345825041,6.661688985545337,3.7763205173343697,4.36742583759426,12.47495531727122,7.071694553687475,8.1786229128534,1.5105944493281112,0.5822555342679969,0.8764118873992705,2.6736184943860377,1.0305407686159238,1.5511714821226028,4.529422506357416,1.9991198690868694,2.6439422583511636,8.016677002402506,3.538265255021008,4.679543820090555,1.843963417694502,0.7891777379272895,1.1332163745691721,3.3526607594445488,1.4348686144132536,2.060393408307586,6.321543592738212,3.4501838952656723,4.286032287205112,11.493715623160385,6.273061627755768,7.7927859767365675,0.3467336683417085,-0.003266331658291488,-0.003266331658291488,0.24623115577889443,-0.0037688442211055717,-0.0037688442211055717,0.17085427135678388,-0.004145728643216162,-0.004145728643216162,0.3232323232323232,0.0937241265110117,0.12479635060280214,0.30886075949367087,0.29145728643216084,0.09596856462764958,0.14120686906989044,0.21717171717171713,0.3110367892976589,0.09066951049966221,0.14196003735105156,0.28859060402684567,19.0,-8.0,-8.0,25.0,-9.0,-9.0,30.0,-9.0,-9.0,0.0009091472598242008,-0.0002179235750161733,0.0003104629798606447,-0.09905429557750978,-0.07724159670706499,-0.09023222606067005,0.07323232323232323,0.0706694676728158,0.007575757575757576,-1.3618626594543457
258,1,test,2.8272414673111297,1.3421114325413284,1.8216969294780236,4.480599050534012,2.126971919407602,2.887016771278037,16.898780630949606,12.483241081831864,14.165385326149003,26.7811084853061,19.783382065359266,22.449236394072397,2.7084728995088616,1.245081231048944,1.7113102337334825,3.9830483816306788,1.8310018103660943,2.516632696666886,15.006341816343179,10.685753106232601,12.295761730572242,22.06814972991644,15.714342803283238,18.082002544959177,2.8272788507812274,1.3422189596072478,1.821757670362041,4.48065829568253,2.127142327798621,2.8871130331468606,16.899412377818383,12.484182539659859,14.166080917317698,26.782109674788195,19.784874083320595,22.450338763702316,0.5979899497487438,-0.0020100502512562235,-0.0020100502512562235,0.44723618090452266,-0.0027638190954772934,-0.0027638190954772934,0.37688442211055273,-0.003115577889447274,-0.003115577889447274,0.39629629629629626,0.10239611145341276,0.17585294654260164,0.4386617100371747,0.39698492462311563,0.12129570156547154,0.18830378939773995,0.43434343434343436,0.39629629629629626,0.10424454028890251,0.17585294654260164,0.4386617100371747,20.0,-6.0,-6.0,33.0,-13.0,-13.0,39.0,-10.0,-10.0,-8.835429359608631e-05,-0.0002461135125122988,-8.190023965315528e-05,-0.0001833147886074471,0.00021597805698636563,6.13263787334617e-05,0.09259259259259259,0.0939294926367355,0.044444444444444446,-0.7747600078582764
196,1,test,2.464878306605962,1.1340160041231226,1.5634233755597535,3.800594483928746,1.7485386432289491,2.410641629354704,11.762050701012418,7.977745504211828,9.298866432390831,18.135899404913,12.300881336103153,14.337916957205971,2.491165975788021,1.1536531443117235,1.5879993018427252,3.6103854721565525,1.6719610787126427,2.3014482635401814,12.075347478210857,8.26579077511327,9.607943260704936,17.500503591609938,11.979406920454014,13.92455545029701,2.465225918697707,1.1340490188152452,1.5638261238495113,3.801130466818811,1.7485895485642886,2.411262626717682,11.766140042770951,7.9806441261072045,9.303091581020968,18.142204758685935,12.305350719584291,14.344431711518364,0.592964824120603,-0.0020351758793969443,-0.0020351758793969443,0.4522613065326633,-0.0027386934673366836,-0.0027386934673366836,0.3467336683417085,-0.003266331658291488,-0.003266331658291488,0.4,0.1114337568058077,0.18597339782345834,0.43795620437956206,0.3919597989949749,0.10373924761652875,0.17993976560599323,0.4494949494949495,0.39636363636363636,0.10779739316944403,0.18233703418709468,0.43795620437956206,25.0,-7.0,-7.0,36.0,-7.0,-7.0,46.0,-10.0,-10.0,5.006985373814581e-05,-0.00041572402069974196,-0.00013744058595767551,-0.019940133943608274,-0.017367203248653595,-0.01930464798468101,0.09090909090909091,0.08806408128973327,0.007272727272727273,-0.7438292503356934
384,1,test,1.8886740624023817,0.8804902218612567,1.2115629098477847,4.004467157625303,1.866862179262791,2.568820093664607,6.610597627456286,3.869978536339603,4.6424138983570185,14.016140539226937,8.205334238441564,9.843092759174692,1.9400812161117251,0.8314212613116558,1.1976540998004634,3.1804610100192217,1.362985674281403,1.9633673767220716,6.95931615628435,3.929021216035799,4.8582873840512555,11.408715010302213,6.441018386943933,7.9644055476250095,1.8871504959719105,0.8895919899615743,1.2135258105316769,3.7246391367866654,1.755773664397844,2.39511673131252,6.600533611371035,3.8888803565543464,4.639199941925642,13.027368969811253,7.675421756357262,9.156315674853241,0.48743718592964824,-0.002562814070351749,-0.002562814070351749,0.3316582914572864,-0.0033417085427135396,-0.0033417085427135396,0.22613065326633164,-0.003869346733668344,-0.003869346733668344,0.34730538922155685,0.09618431298837304,0.15806236133311058,0.31831831831831836,0.33668341708542715,0.08856311633354741,0.14803567084168756,0.29292929292929293,0.3377926421404682,0.08737527987001747,0.14758129620053495,0.30536912751677847,19.0,-10.0,-10.0,29.0,-15.0,-15.0,34.0,-15.0,-15.0,0.000623179482592648,0.0002721443130099287,0.0002045729174462618,-0.0454303754514811,-0.04477741094560006,-0.042184062459999616,0.08383233532934131,0.13039669174210658,0.05688622754491018,-0.8176877498626709
485,1,test,2.172523478325261,0.9481125809233488,1.3426637759316824,3.704592058415908,1.6167237651583117,2.2895133751436205,8.780413290281762,5.3782520199965305,6.487416274578479,14.97238104412208,9.171007779762869,11.062357231217637,2.4514944592216428,1.1042681256633289,1.5297015709899813,3.8912610463835597,1.7528065486719502,2.428097731730129,11.605677978045662,7.758936834781267,9.09188467549611,18.421711076262955,12.315772753621058,14.43156297697795,2.1724709969121023,0.9481531994458399,1.342559617343155,3.7045025669888454,1.616793027956779,2.289335763677635,8.779952493875898,5.378107949842175,6.486836979501903,14.971595293025377,9.170762111002553,11.061369415913651,0.5778894472361809,-0.002110552763819218,-0.002110552763819218,0.4120603015075377,-0.0029396984924623393,-0.0029396984924623393,0.31658291457286436,-0.003417085427135591,-0.003417085427135591,0.3537414965986394,0.0888858089925274,0.14559670021854887,0.3754266211604096,0.37688442211055273,0.10370146471706898,0.16152549055796506,0.4292929292929293,0.3537414965986394,0.0888858089925274,0.14559670021854887,0.3754266211604096,21.0,-11.0,-11.0,31.0,-16.0,-16.0,37.0,-12.0,-12.0,0.0008476207866883392,2.9572860555373577e-05,2.239916588916514e-05,-0.009700690996385042,-0.0068696441014495235,-0.008399183960048795,0.08843537414965986,0.09427659172982436,0.5408163265306123,-0.7817742824554443
134,1,test,2.2764151347201653,1.05412096557179,1.4508705006319833,3.8119851072532946,1.7651848121705123,2.429564211117463,9.741695073701727,6.346727637918006,7.4585711798280965,16.31301601099165,10.627952198407076,12.489796709416279,2.26548892973477,1.0192459365208237,1.4080896847703621,3.5960141741821747,1.6178506928901966,2.235062991698988,9.635834695665853,6.158580377931095,7.278812018835221,15.294975707406115,9.775524409414436,11.553669871167017,2.2766586535879827,1.054541016431831,1.4509004054338237,3.812392893286385,1.7658882109479772,2.429614288389184,9.744067649128413,6.349699480813168,7.460455995782395,16.31698902191326,10.63292871639128,12.492952939682946,0.542713567839196,-0.0022864321608039306,-0.0022864321608039306,0.3869346733668342,-0.0030653266331658324,-0.0030653266331658324,0.26633165829145733,-0.0036683417085426884,-0.0036683417085426884,0.37234042553191493,0.09623423084164939,0.16243476515455646,0.43772241992882566,0.3417085427135679,0.07855064797672573,0.1397052038154043,0.4292929292929293,0.37234042553191493,0.09623423084164939,0.16243476515455646,0.43772241992882566,20.0,-5.0,-5.0,28.0,-9.0,-9.0,36.0,-11.0,-11.0,-0.0003625914349337737,-0.0004309274092720882,-0.0001597086970456883,-0.01683805208135336,-0.01843389738317036,-0.019799049851977557,0.11347517730496454,0.03473377154979981,0.23404255319148937,-0.8491780757904053
260,1,test,2.5680218475760244,1.1355967475884963,1.6013038338078742,4.527131298304125,2.0019282869859056,2.8229170678468707,13.04000379565138,8.851158542736233,10.410702842001276,22.98804792841635,15.60358877121542,18.3528885152806,2.387799991058133,1.0875200496852693,1.4929372751130228,3.946776844724187,1.7975538011326764,2.4676649175421863,10.889510550292902,7.2191865509374615,8.442510717950139,17.999190992219674,11.93253975361564,13.954563170165521,2.5077683640238417,1.1124159956454038,1.5659288668204177,4.274605165949731,1.8961636289410295,2.6691969320802578,12.277500553624153,8.241103933017097,9.712805722809588,20.92755776185935,14.047336249460962,16.555918845698162,0.5477386934673367,-0.002261306532663321,-0.002261306532663321,0.4170854271356784,-0.0029145728643216184,-0.0029145728643216184,0.3065326633165829,-0.0034673366834171437,-0.0034673366834171437,0.39002932551319647,0.12355787602564161,0.1867057673509286,0.41470588235294115,0.3668341708542714,0.11370133877407085,0.16483083195610782,0.38888888888888884,0.3745819397993311,0.11581733211986533,0.17324712333659475,0.3993288590604027,15.0,0.0,0.0,23.0,0.0,0.0,30.0,0.0,0.0,0.00048268959292501726,-0.0003840183798514736,-0.00016119572722781436,-0.00722635200443289,-0.005721536970333396,-0.006620163553212599,0.08504398826979472,0.12920764973410026,0.7038123167155426,-1.1469321250915527
12,1,test,2.008298992080478,0.8502469932467167,1.2213391355145466,3.318059204306877,1.40475590188588,2.0178646586762072,7.45063297657149,4.266907645692011,5.253925019389317,12.309741439552896,7.049673501578104,8.68039785812148,1.9745360409109547,0.8100669738231474,1.1357552615744462,3.0377477552476226,1.2462568828048424,1.7473157870376095,7.203276852652241,3.999055647643617,4.889732317414315,11.081964388695756,6.152393304067104,7.522665103714331,1.9182495813334262,0.7961196229411021,1.1556995635627252,3.1970826355557103,1.32686603823517,1.9261659392712085,6.809029379758535,3.7376402073984867,4.66529355882017,11.348382299597558,6.2294003456641445,7.775489264700283,0.4723618090452262,-0.0026381909547738003,-0.0026381909547738003,0.3517587939698492,-0.0032412060301507672,-0.0032412060301507672,0.24120603015075381,-0.0037939698492461815,-0.0037939698492461815,0.36363636363636365,0.10448555836549978,0.1700879765395894,0.35882352941176465,0.3517587939698492,0.11616982153877153,0.16644994588971562,0.33333333333333337,0.3612040133779264,0.11412554927108165,0.16988032038571288,0.34563758389261745,17.0,-8.0,-8.0,26.0,-15.0,-15.0,32.0,-15.0,-15.0,0.0012573707199690276,-0.00039941340206229496,0.00018031741745625778,-0.0905640613738079,-0.0698665754796508,-0.08176554115127033,0.07331378299120235,0.11312691164334496,0.002932551319648094,-1.3946499824523926
268,1,test,1.5345187951158266,0.7078312253562475,0.8797145219679734,3.8700757034053237,1.7851592538858823,2.2186510899947,4.6390926387220786,2.3533577893150377,2.7143268865578385,11.699849988223606,5.935197946637296,6.8455665503754295,1.513883094683321,0.6370539079614732,0.9172993195129685,2.8034872123765204,1.1797294591879135,1.6987024435425344,4.544342690795308,2.1410753903177313,2.728438037388088,8.415449427398718,3.964954426514316,5.0526630322001616,1.414706716211789,0.6272306757136077,0.8811451050992232,3.239786373004097,1.4364061275884146,2.017889553662343,4.115279344251668,1.917437189015931,2.4102853110982965,9.424303841797714,4.391077532097553,5.519737353660221,0.4170854271356784,-0.0029145728643216184,-0.0029145728643216184,0.27135678391959794,-0.0036432160804020786,-0.0036432160804020786,0.16582914572864327,-0.004170854271356772,-0.004170854271356772,0.33999999999999997,0.12651685393258427,0.14938416422287382,0.3258145363408521,0.3417085427135679,0.10361330461832974,0.15473024555163128,0.30808080808080807,0.3210702341137124,0.10404185347932171,0.14420705280114288,0.2953020134228188,14.0,-3.0,-3.0,22.0,-5.0,-5.0,29.0,-8.0,-8.0,0.00028957041030772894,-4.340454044744073e-05,6.48372940966769e-05,-0.12056839155088905,-0.12491267715317278,-0.1229004406165819,0.075,0.10989141532674815,0.0025,-0.540744423866272
67,1,test,1.4932512641817604,0.6121764548340067,0.7367327243690722,2.717842259075589,1.1142123759531084,1.3409152096257173,4.451545165816618,2.0380528088054963,2.320700325318092,8.102184716026063,3.709426660378205,4.223868792942971,1.4808449123777758,0.6174676248593763,0.8803415701668823,2.2102162871310087,0.9215934699393677,1.3139426420401228,4.396658903552446,2.0255036443575856,2.573622722997726,6.562177467988724,3.0231397676978884,3.841227944772725,1.4918708752212597,0.6766319592097969,0.937768191531293,2.4727141578252922,1.1214894351543596,1.5543119196651265,4.445404541212828,2.185689051139314,2.705025927420192,7.368073825214632,3.6226890350375367,4.483468387989268,0.4120603015075377,-0.0029396984924623393,-0.0029396984924623393,0.27638190954773867,-0.0036180904522613577,-0.0036180904522613577,0.21105527638190957,-0.0039447236180903955,-0.0039447236180903955,0.3271889400921659,0.10509457875729822,0.13266303588884232,0.3163972286374134,0.33668341708542715,0.10610697598267027,0.15471346716889955,0.3232323232323232,0.3210702341137124,0.10571130256112471,0.15533052332394592,0.31543624161073824,20.0,-11.0,-11.0,29.0,-16.0,-16.0,36.0,-17.0,-17.0,0.00019325332711541782,7.503312126429443e-05,-1.933743316016405e-05,-0.11786414757612196,-0.11946265908477205,-0.1208183987206759,0.059907834101382486,0.11824096542481759,0.002304147465437788,-1.7733988761901855
417,1,test,2.208753536861418,0.9739916016509442,1.3665431567441342,3.9368456822814917,1.7360264816990925,2.4357038648703746,9.10436106704246,5.666801005769125,6.782868375949983,16.227462212759615,10.100412155360512,12.089672131226912,2.011695412176232,0.7810948637443793,1.1671456282556987,2.9802894995203433,1.1571775759175988,1.729104634452887,7.475981478852818,4.05269671145898,5.149051521428577,11.075528116818989,6.003995128087376,7.628224476190484,2.1210349222928553,0.9517581507678905,1.324233253991185,3.6154004357264578,1.6223150297179951,2.2572157738486105,8.339764030729429,5.12010078657976,6.121329749568757,14.215506870561526,8.727444522579137,10.43408480040129,0.48743718592964824,-0.002562814070351749,-0.002562814070351749,0.3517587939698492,-0.0032412060301507672,-0.0032412060301507672,0.3065326633165829,-0.0034673366834171437,-0.0034673366834171437,0.36443148688046645,0.10678956548308649,0.16208544582474793,0.39473684210526316,0.3517587939698492,0.10113222755380913,0.15142490415348864,0.35858585858585856,0.3712374581939799,0.11414229959631716,0.17323968288808445,0.38926174496644295,23.0,-10.0,-10.0,36.0,-15.0,-15.0,40.0,-8.0,-8.0,0.00035996286161523594,-0.00024293816192922166,-9.711231607617581e-05,-0.031121741932623515,-0.02522374285481188,-0.028078630888590972,0.08163265306122448,0.10150439076915674,0.0029154518950437317,-0.9658541679382324
229,1,test,2.0908667577483544,0.9355277499941208,1.2462043233646987,4.09369702043362,1.8316648578832257,2.43993688574562,8.091925865019181,4.9168262465309915,5.76473376309251,15.843139062037556,9.626628230050153,11.28674189405481,2.1377368871354965,0.9590747377439917,1.3342343247000703,3.958772013213882,1.77606432915554,2.47080430500013,8.480224191536188,5.230200944041002,6.246874499631502,15.704118873215162,9.685557303779632,11.568286110428708,2.252512108450104,1.0558433857093523,1.4423558910159224,4.1972275312734855,1.9674100354832649,2.6876196727004764,9.511600019883987,6.202524925243475,7.263340843359288,17.723478297920476,11.55749986070213,13.534175484520414,0.507537688442211,-0.0024623115577889765,-0.0024623115577889765,0.3869346733668342,-0.0030653266331658324,-0.0030653266331658324,0.27135678391959794,-0.0036432160804020786,-0.0036432160804020786,0.34231805929919135,0.08928979550376737,0.1409495353500222,0.3783783783783784,0.35678391959798994,0.0986385561894686,0.16145837702703836,0.43434343434343436,0.3511705685618729,0.09240596088240716,0.1542851403082578,0.4161073825503355,16.0,-5.0,-5.0,24.0,-3.0,-3.0,28.0,-2.0,-2.0,-0.0005703456011243004,0.0002294811814924848,-0.0003366829424560933,-0.028815684259781982,-0.04102194501507661,-0.033738754550959094,0.0673854447439353,0.12641884079745228,0.0026954177897574125,-0.9162228107452393
201,1,test,2.492611960917963,1.1844761609727268,1.6096740672284562,4.254405755284063,2.021671353283293,2.74740181108103,12.092820881199122,8.393549782301111,9.674827793049724,20.64010265586866,14.326163502775719,16.513056861435658,2.4769894266130326,1.123754240624299,1.5491925430836893,3.840293684671368,1.7422546366268201,2.4018489040057194,11.905368425857176,8.035443197609784,9.376436920766416,18.457935543964613,12.458051469162452,14.53711150506421,2.4637291966799992,1.1620716741493495,1.5836190834155606,4.223535765737141,1.9921228699703133,2.7147755715695325,11.748542574449768,8.073158921668387,9.337377381379117,20.140358699056744,13.839701008574377,16.006932653792774,0.6432160804020101,-0.001783919597989958,-0.001783919597989958,0.4321608040201005,-0.002839195979899567,-0.002839195979899567,0.3015075376884422,-0.0034924623115578646,-0.0034924623115578646,0.36923076923076925,0.08812477844735911,0.1512164396504212,0.404320987654321,0.3517587939698492,0.061031976927242715,0.11302757527201945,0.4040404040404041,0.3612040133779264,0.07572822038961258,0.13762225586958376,0.3993288590604027,19.0,-7.0,-7.0,29.0,-9.0,-9.0,35.0,-8.0,-8.0,7.986102628119991e-05,-0.00023189178184997037,-3.56177433956777e-05,-0.015593760761139386,-0.011965390949426613,-0.014471704632658344,0.07692307692307693,0.13274161706311854,0.003076923076923077,-0.6532468795776367
410,1,test,2.325507240671612,1.0988928934166238,1.492593833687855,3.718324411555144,1.757053342949575,2.3865537768591905,10.231868789715657,6.822202762537957,7.931858936382649,16.360046888368885,10.908227946517911,12.682491026622525,2.4090852844750605,1.0866656699410977,1.5097353245103688,3.4415504063929436,1.5523795284872823,2.1567647493005273,11.123781394449592,7.371291413579385,8.665776604243279,15.891116277785132,10.530416305113405,12.379680863204685,2.325295912695087,1.0985663187228056,1.4924587645136618,3.7179865128119305,1.756531172717213,2.3863378106394912,10.229706738047307,6.819647735408777,7.9298722740234915,16.35658991805425,10.904142635760559,12.679314491620449,0.5778894472361809,-0.002110552763819218,-0.002110552763819218,0.44221105527638194,-0.0027889447236180143,-0.0027889447236180143,0.3417085427135679,-0.003291457286432098,-0.003291457286432098,0.4093959731543624,0.1363641473587175,0.20515490172579098,0.41414141414141414,0.39698492462311563,0.10625810758050913,0.18663434031593695,0.4242424242424242,0.4093959731543624,0.1363641473587175,0.20515490172579098,0.41414141414141414,19.0,-7.0,-7.0,29.0,-10.0,-10.0,40.0,-13.0,-13.0,0.00010280585942145488,-0.0001508928609854488,0.00010359235400038728,0.0005109839999661858,0.00010751935559483172,-3.6801216390713876e-05,0.087248322147651,0.11332584796989027,0.003355704697986577,-1.0639333724975586
7,1,test,2.174070957880203,0.9825178458355042,1.3671679759693773,3.8940638043044147,1.7598262681737196,2.448788210122366,8.794011318954501,5.501820939625059,6.553054374667635,15.751298754836228,9.854527379201848,11.737432835638867,2.018265653927365,0.8267853206908518,1.207692420881246,3.4207892439446868,1.4013310520183926,2.0469363065783828,7.525262200343438,4.233311413987373,5.276065269126862,12.754681695497354,7.175104091504021,8.94248350699468,2.1737301840186314,0.9823574119714085,1.3668442078001615,3.8934534308688145,1.7595389087842315,2.448208296249656,8.791015060310945,5.499418341054265,6.550096224724422,15.745932038405048,9.850223990622514,11.732134377196274,0.5376884422110553,-0.0023115577889447625,-0.0023115577889447625,0.3668341708542714,-0.0031658291457286047,-0.0031658291457286047,0.27638190954773867,-0.0036180904522613577,-0.0036180904522613577,0.37234042553191493,0.10685369986819815,0.16361401043757529,0.3736654804270463,0.3668341708542714,0.09866374478910844,0.15314468838348672,0.3535353535353535,0.37234042553191493,0.10685369986819815,0.16243476515455646,0.3736654804270463,17.0,-8.0,-8.0,28.0,-16.0,-16.0,35.0,-19.0,-19.0,-0.00010591935690011432,0.0001784611836052813,4.491852052630259e-05,-0.02070174782485079,-0.022761490752493785,-0.02017312363514101,0.08865248226950355,0.046767405516280815,0.0035460992907801418,-0.8236179351806641
387,1,test,2.0046921604097276,0.8894898343836481,1.2520641938473285,3.586171531399624,1.591198481508526,2.23980372454911,7.423808202886906,4.373622954270772,5.301237464388599,13.280368007386578,7.8239255070843825,9.483324797406274,2.165746415154127,0.9792642246727261,1.3446571296058436,3.799555114305486,1.718007411706537,2.3590475957997254,8.721109055995683,5.445570859212313,6.448134648290791,15.300191326308218,9.553633086337392,11.312516926825952,2.0664398234763497,0.9162110154947027,1.2896010942570668,3.7571633154115447,1.6658382099903686,2.3447292622855755,7.896659512082741,4.737743899970767,5.722072582177166,14.357562749241346,8.614079818128666,10.40376833123121,0.5226130653266332,-0.002386934673366814,-0.002386934673366814,0.38190954773869346,-0.0030904522613065533,-0.0030904522613065533,0.26633165829145733,-0.0036683417085426884,-0.0036683417085426884,0.3457943925233645,0.1031816398017471,0.16133843397414172,0.353125,0.3517587939698492,0.09361343056132787,0.15142490415348864,0.3939393939393939,0.3411371237458194,0.09739755780258064,0.15537516601500734,0.36241610738255037,17.0,-3.0,-3.0,25.0,-6.0,-6.0,34.0,-9.0,-9.0,0.00018126526891418842,-1.6058902266590283e-05,0.00013415746487419983,-0.035687919636488985,-0.03475681344362247,-0.03587292151760213,0.0778816199376947,0.1322748256308959,0.7320872274143302,-1.1186652183532715
487,1,test,1.958007770973098,0.9016761314189672,1.2195780619421186,3.8500152800032827,1.7729586853743737,2.398046751009784,7.085197658885883,4.209395521755521,4.992550790260358,13.93156843039359,8.276901306822653,9.816813351635535,2.4908481636780313,1.1152622979642766,1.5582191494698934,3.8919502557469237,1.7425973405691821,2.434717421046708,12.07151039631779,8.114115850649842,9.530329191477067,18.861734994246547,12.678306016640379,14.891139361682919,2.0352196321859437,0.9070126342551197,1.2642423533259624,3.8160368103486446,1.7006486892283497,2.3704544124861795,7.65393299091967,4.56382203623224,5.492055011528104,14.351124357974381,8.557166317935451,10.297603146615195,0.5728643216080402,-0.0021356783919597166,-0.0021356783919597166,0.4371859296482412,-0.002814070351758735,-0.002814070351758735,0.321608040201005,-0.0033919597989949812,-0.0033919597989949812,0.3438395415472779,0.10921865456587587,0.15615625708979985,0.31034482758620685,0.39698492462311563,0.11878943590131108,0.18830378939773995,0.38383838383838387,0.3411371237458194,0.10741425229339874,0.15759986011956795,0.3087248322147651,19.0,-6.0,-6.0,28.0,-8.0,-8.0,37.0,-13.0,-13.0,0.0012749649774444452,0.00030431963751001467,0.0005694589388577256,-0.06329680881845245,-0.06606630407064618,-0.06888073037898224,0.07449856733524356,0.11259404184629157,0.4670487106017192,-1.1728758811950684
483,1,test,1.6988786786702408,0.7179131358972468,0.9644253771442092,3.7775067090432413,1.5963009727597606,2.144428191532418,5.467812777838364,2.800782647040659,3.383470603559296,12.15784252954648,6.227622591655113,7.523246400855376,1.8582162960341173,0.705921267310381,1.071879438745729,3.288878400060385,1.249418172230763,1.897131749992441,6.412288939480974,3.2468395626331668,4.216949103555573,11.34918396368314,5.746618694925958,7.463626731956765,1.7340405633313931,0.7070613329902626,1.0399943654307404,3.422448480259328,1.3955157887965708,2.052620458086987,5.663491434941164,2.8708742078547758,3.6616925917853105,11.177943621594402,5.666199094450215,7.227024852207849,0.4120603015075377,-0.0029396984924623393,-0.0029396984924623393,0.3015075376884422,-0.0034924623115578646,-0.0034924623115578646,0.20100502512562812,-0.003994974874371837,-0.003994974874371837,0.32625994694960214,0.09712087410192005,0.13075652563972917,0.31382978723404253,0.3266331658291457,0.11109431871135123,0.1396548686672091,0.31818181818181823,0.3177257525083612,0.09401957554675855,0.13752553003895074,0.30201342281879195,13.0,0.0,0.0,20.0,0.0,0.0,22.0,0.0,0.0,0.0004048815600624861,-4.6000369305948005e-05,0.00010756124945213958,-0.08868522985852323,-0.09053956012931152,-0.09023341793034945,0.06896551724137931,0.29098605091312807,0.0636604774535809,-1.0010966062545776
25,1,test,2.198875247389536,0.9983441291387649,1.3835334606382967,3.7854054891769224,1.7186683742135695,2.381779122111498,9.014868298431347,5.692987532639284,6.754920337796681,15.519266944134976,9.800586132138513,11.628723619498082,2.245771525739432,0.9932517159819954,1.390413234723914,3.5366480720306015,1.5641759306803076,2.1896271412975024,9.447701890488787,5.948552842609132,7.095484882655332,14.87827069368313,9.367799752140368,11.173991941189499,2.1986312407442345,0.9981716317393479,1.3834200362581723,3.784985427103998,1.7183714166652062,2.381583859887486,9.012668879007402,5.691025649910682,6.753016008229446,15.515480601835526,9.797208713770289,11.625445279989933,0.5376884422110553,-0.0023115577889447625,-0.0023115577889447625,0.4170854271356784,-0.0029145728643216184,-0.0029145728643216184,0.27135678391959794,-0.0036432160804020786,-0.0036432160804020786,0.3653136531365314,0.10932838610154061,0.16899463473162346,0.3555555555555555,0.35678391959798994,0.09111975919698745,0.15478058069982636,0.3535353535353535,0.3653136531365314,0.10932838610154061,0.16899463473162346,0.3555555555555555,20.0,-8.0,-8.0,29.0,-9.0,-9.0,34.0,-9.0,-9.0,-3.20369955017766e-05,0.00010594585253269447,0.00018477732778714946,-0.011491891619566097,-0.011349469430317782,-0.012256169630564528,0.11439114391143912,0.08238645573816573,0.02952029520295203,-0.7167785167694092
92,1,test,2.0872295128996745,0.849269628792767,1.243006604480601,3.4505643970480167,1.4039948776574067,2.0549126524939414,8.062547010782936,4.613976211600443,5.7363775454555,13.328834942681617,7.62772945964004,9.483259988440885,2.4895975650055053,1.1143674755458866,1.5315537356089581,3.688292688897045,1.6509147785864986,2.2689684971984567,12.056423217410087,8.100436368322379,9.44983067414679,17.861367729496425,12.00064647158871,13.999749146884135,2.0868949569739064,0.8490379523339424,1.2425172637771231,3.4500113161533945,1.4036118749566913,2.0541036846257645,8.059850089064419,4.611634058757934,5.733320540246375,13.324376447817478,7.623857461299243,9.47820621104314,0.6130653266331658,-0.001934673366834172,-0.001934673366834172,0.4522613065326633,-0.0027386934673366836,-0.0027386934673366836,0.3467336683417085,-0.003266331658291488,-0.003266331658291488,0.375438596491228,0.11274157372415272,0.16890417408749403,0.3556338028169014,0.42713567839195976,0.15645898666263647,0.2101072977575691,0.4242424242424242,0.375438596491228,0.11274157372415272,0.17007103523101796,0.3556338028169014,20.0,-11.0,-11.0,32.0,-18.0,-18.0,39.0,-21.0,-21.0,0.0010066506403905305,0.0004644154721062847,7.603578231771801e-05,-0.026778482652118463,-0.024397493121871783,-0.023763142677396765,0.09473684210526316,0.035962904791995154,0.5964912280701754,-1.2237536907196045
233,1,test,1.8628657403376254,0.8082975488969402,1.0542628690547131,3.354883208293223,1.455684011670878,1.8986493336216819,6.4421719355935805,3.571436657432084,4.197402372817078,11.601874458082882,6.431892869171669,7.559210754749274,2.1603389057876834,0.981254171381825,1.3574840732477282,3.3755295402932552,1.5332096427841015,2.121068864449575,8.674076855228973,5.4226799063807345,6.442173302282496,13.55324508629527,8.472937353719898,10.065895784816401,1.8697256870283057,0.7946224701429674,1.1342732679826604,3.169026588183569,1.3468177460050295,1.9224970643773904,6.486516819512256,3.5562214786290913,4.40009110177093,10.994096304258061,6.02749403157473,7.457781528425305,0.5025125628140703,-0.0024874371859296973,-0.0024874371859296973,0.371859296482412,-0.003140703517587995,-0.003140703517587995,0.27638190954773867,-0.0036180904522613577,-0.0036180904522613577,0.31958762886597936,0.09693640621475674,0.1319043444085013,0.29715762273901813,0.3417085427135679,0.08857571063336733,0.1513913473880253,0.3484848484848485,0.3210702341137124,0.09235570990670072,0.14198235869658227,0.2919463087248322,20.0,-8.0,-8.0,29.0,-8.0,-8.0,36.0,-8.0,-8.0,8.148542675252023e-05,0.0002722247580782966,4.565532426582166e-05,-0.07509261119919763,-0.08616833631146115,-0.08374255801035257,0.06443298969072164,0.08231448734064326,0.09536082474226804,-1.2347700595855713
402,1,test,2.866542846496765,1.35533768712084,1.8486691352232092,5.047225748126206,2.3863921239489643,3.255018661405283,17.576149597257118,13.043960082230278,14.80884518154589,30.946962787808545,22.966972660123247,26.07446973683233,2.7585156832863023,1.26697163693447,1.7450616888162742,4.485391354937077,2.0601164828202765,2.8374986810020717,15.776408373766374,11.332456481697129,13.02130767153747,25.652696542709553,18.4267585068246,21.17285800249995,2.866153865783589,1.3548616336435897,1.848339495696773,5.046540855704847,2.3855539193601856,3.2544382531593485,17.5693141435679,13.036729981091405,14.802173938112507,30.93492735707968,22.954242359344992,26.06272343704472,0.6080402010050252,-0.001959798994974782,-0.001959798994974782,0.5025125628140703,-0.0024874371859296973,-0.0024874371859296973,0.3919597989949749,-0.0030402010050251116,-0.0030402010050251116,0.39860139860139865,0.09493647713543008,0.1788339567409335,0.4140350877192982,0.4120603015075377,0.11130842180828959,0.19503192087314702,0.4242424242424242,0.3951048951048951,0.09143997363892653,0.17533745324442995,0.41052631578947374,16.0,0.0,0.0,29.0,0.0,0.0,38.0,0.0,0.0,2.537302640864639e-05,5.156360115727394e-05,-6.497511211730098e-05,-0.004953926873713321,-0.004078735685794754,-0.00417450306593814,0.10839160839160839,0.16165197941693574,0.0034965034965034965,-0.768078088760376
181,1,test,1.6952706663686177,0.713752197238321,1.0134728729462723,3.2330571724734845,1.3611995455528638,1.9327979926680279,5.448120388626762,2.779615178806565,3.47069084023357,10.390131232954865,5.301014739909788,6.618967777276044,1.6754044527453045,0.7189015159467681,1.0182069393463518,3.074136610541843,1.3190853503610425,1.8682696134795447,5.3409548761521695,2.7383757191521263,3.411577180572884,9.799917203948935,5.024542603948856,6.259774643252998,1.6281997499965284,0.7055555663403975,1.0003652919299615,2.978414176822918,1.2906504262324345,1.8299365096279787,5.094694733670139,2.5787605392476283,3.221145799431259,9.319563537201475,4.717244888867613,5.892339877008402,0.3467336683417085,-0.003266331658291488,-0.003266331658291488,0.25125628140703515,-0.003743718592964851,-0.003743718592964851,0.19095477386934678,-0.004045226130653168,-0.004045226130653168,0.33045977011494254,0.11812117614076756,0.15450669093605696,0.34293948126801155,0.3065326633165829,0.11355020717623199,0.1395877551362824,0.31313131313131315,0.32441471571906355,0.11406413141188487,0.15422561672017587,0.325503355704698,18.0,-5.0,-5.0,22.0,-2.0,-2.0,29.0,-7.0,-7.0,0.0004965938401111362,-9.970829606348006e-05,4.882244910829599e-05,-0.12563481622397443,-0.11733640459083006,-0.1147308639583624,0.07183908045977011,0.11704816713132024,0.0028735632183908046,-1.0212055444717407
75,1,test,2.092768617762337,0.9918012273348635,1.3255228181120284,3.8187633540611716,1.8097816210131015,2.418737513462155,8.107330219077264,5.100256587507589,5.953504210196444,14.793788131718308,9.30665377308086,10.863610775306913,2.5274834901337084,1.169642315391956,1.6000863453405398,3.9491929533339194,1.8275661177999312,2.500134914594594,12.521954830855671,8.634163656945242,9.99403403562523,19.565554423211985,13.490880713976939,15.615678180664421,2.3229203546317,1.08790824615887,1.4905336899888342,4.099271214055941,1.9198380814568292,2.6303535705685306,10.205434317406601,6.767014162936519,7.906635657626342,18.009589971894002,11.94178969929974,13.952886454634722,0.542713567839196,-0.0022864321608039306,-0.0022864321608039306,0.4371859296482412,-0.002814070351758735,-0.002814070351758735,0.3417085427135679,-0.003291457286432098,-0.003291457286432098,0.35127478753541075,0.11506545231617449,0.16456902018448216,0.34090909090909094,0.39698492462311563,0.1388395612145943,0.19832048388855805,0.4242424242424242,0.36454849498327757,0.10912278546741783,0.1765618431479049,0.3791946308724832,18.0,-2.0,-2.0,31.0,-2.0,-2.0,37.0,-3.0,-3.0,0.00016176839447485183,0.0005956394284381682,0.00015424161980949206,-0.010607596235900019,-0.016415459473282823,-0.01289204273636635,0.1048158640226629,0.06541284104338572,0.9291784702549575,-0.9811153411865234
250,1,test,1.4325956059934153,0.5749485223968583,0.8294131754211908,2.948968732805159,1.1835197654017202,1.707330045311457,4.189559537081641,1.8319526265799926,2.3616327332325477,8.624122555863964,3.7710369857085233,4.861372643847117,1.4584153510585653,0.5902562012970656,0.8596162801315874,2.8046449058818563,1.1351080794174337,1.6531082310222833,4.299141497656048,1.9166205477285354,2.4792096192754793,8.267579803184706,3.685808745631798,4.767710806298998,1.403702588409783,0.5374428219226611,0.8123600189739646,2.807405176819566,1.0748856438453223,1.6247200379479292,4.070242534274097,1.6922426098504277,2.2638305126013467,8.140485068548195,3.3844852197008555,4.527661025202693,0.40703517587939697,-0.00296482412060306,-0.00296482412060306,0.3015075376884422,-0.0034924623115578646,-0.0034924623115578646,0.18592964824120606,-0.004070351758793889,-0.004070351758793889,0.3390313390313391,0.12566007302849413,0.16503329406555223,0.31999999999999995,0.3668341708542714,0.14628279240815611,0.1882031191013499,0.33333333333333337,0.33444816053511706,0.12409757622793838,0.15980967332710816,0.3120805369127517,16.0,-7.0,-7.0,26.0,-17.0,-17.0,34.0,-23.0,-23.0,0.0008951374318027995,-0.00010303388391598561,0.00020622548247881283,-0.1151881289269383,-0.11031488326082695,-0.11760928604803045,0.09686609686609686,0.05369740769494519,0.042735042735042736,-0.9982303380966187
354,1,test,1.4809773830839912,0.6515199651294863,0.833635172570897,2.521491665164554,1.1092689061471857,1.4193357464030358,4.397241370641448,2.1051666064402736,2.486784886352747,7.486682506049018,3.584227627344432,4.2339656470229965,1.6658562559909362,0.7127805292610796,1.0081797625276883,2.3136892444318558,0.9899729573070548,1.4002496701773444,5.290201077360115,2.6965262386511575,3.3598990269720606,7.347501496333494,3.745175331459941,4.666526426350084,1.4474277330828806,0.6284026913064302,0.8752050526160708,2.2854122101308643,0.9922147757469952,1.381902714656954,4.252162738222905,1.9838754644248042,2.4799610230235682,6.713941165615114,3.1324349438286383,3.9157279310898447,0.40703517587939697,-0.00296482412060306,-0.00296482412060306,0.27638190954773867,-0.0036180904522613577,-0.0036180904522613577,0.23115577889447236,-0.003844221105527623,-0.003844221105527623,0.3223350253807107,0.10307013311201618,0.13953932645597955,0.28498727735368956,0.31658291457286436,0.09603153612674908,0.14796855731076086,0.2676767676767676,0.3076923076923077,0.09734172338512903,0.13972790279798064,0.25838926174496646,10.0,0.0,0.0,16.0,0.0,0.0,21.0,0.0,0.0,0.0007584738343243219,0.0003009250847976355,0.00027273823982012363,-0.10058195689696525,-0.1046163888238354,-0.10632983789297601,0.07868020304568528,0.08858163411912058,0.07868020304568528,-1.6825000047683716
165,1,test,2.192693997355179,1.026185363319655,1.3391716671954703,3.8397880798755013,1.7970288287240908,2.345122215323523,8.959317008532752,5.748553910814911,6.611414617104675,15.68932039522402,10.066716472929397,11.577735456244335,2.192625124515414,0.9628499164977711,1.3644699387784431,3.4259767570553343,1.5044529945277672,2.1319842793413173,8.958699976176646,5.538239418423191,6.669608082961529,13.997968712776009,8.653499091286236,10.421262629627389,2.181591978374279,0.9987503289171091,1.3874355040710569,3.4998801792100735,1.602273254947234,2.2258323594722835,8.860400602945898,5.596765457424677,6.647826756421294,14.21454642183834,8.978768113515526,10.664962710836303,0.5477386934673367,-0.002261306532663321,-0.002261306532663321,0.40201005025125625,-0.002989949748743781,-0.002989949748743781,0.31658291457286436,-0.003417085427135591,-0.003417085427135591,0.40591397849462363,0.11866565634697257,0.18108504398826974,0.41239892183288407,0.3919597989949749,0.11125804460901001,0.17993976560599323,0.4040404040404041,0.40802675585284276,0.12588986102813493,0.19334377476274267,0.4161073825503355,16.0,-4.0,-4.0,26.0,-3.0,-3.0,37.0,-5.0,-5.0,-0.0005824812814446942,1.6341773084220194e-05,-0.0001460224440670974,-0.012339096501338354,-0.011405459736148593,-0.011668713505223138,0.08064516129032258,0.06269447872150324,0.002688172043010753,-1.1896426677703857
352,1,test,1.4886611361030004,0.6145676318658762,0.8509409810189807,2.867631451651043,1.1838513329626879,1.6391810476470894,4.431158827103779,2.0344571181047053,2.5389967051706153,8.5358112143157,3.919006869612221,4.890909442591816,1.8149756337955572,0.7734805836652194,1.096251332689561,2.9511798923504995,1.2576920059597063,1.7825224921781482,6.140926544550301,3.307476545458943,4.089112501091492,9.98524641390293,5.378010643022673,6.648963416408931,1.5969971824799944,0.6659833272661398,0.9612262130869217,2.868857214035918,1.1963772346098318,1.7267536762040507,4.938181680050625,2.4011015740341213,3.049704141315484,8.870985053983159,4.313356121019379,5.47851043350087,0.4974874371859297,-0.002512562814070307,-0.002512562814070307,0.31658291457286436,-0.003417085427135591,-0.003417085427135591,0.22613065326633164,-0.003869346733668344,-0.003869346733668344,0.3452054794520548,0.11264733991717113,0.15263460946182994,0.2802197802197802,0.35678391959798994,0.0936260248611478,0.15811947886343236,0.31313131313131315,0.35451505016722407,0.1174532805511973,0.16319135717501054,0.2953020134228188,22.0,-13.0,-13.0,31.0,-17.0,-17.0,38.0,-17.0,-17.0,0.0010862133020440594,0.00042880015102707487,0.00044563296285973547,-0.1123126964103971,-0.12568968235169198,-0.1224728417732539,0.0684931506849315,0.16575873925559353,0.3150684931506849,-1.2525838613510132
457,1,test,2.571447289272458,1.1809340326158537,1.6235531194871113,4.066101026162074,1.8673519390738185,2.5672433701889945,13.084748159227775,9.067836928807338,10.504477836269341,20.69025802677892,14.338517143676604,16.610205578600898,2.5295878609476903,1.1495260116119888,1.5820900089390388,3.983602930626284,1.810277183640927,2.4914803290378567,12.548333412559925,8.573185932437205,9.969085493987262,19.76115498040933,13.501080208562527,15.699347234625607,2.5714863148291514,1.1808699799517808,1.6236378179178728,4.066162735323595,1.867250655798753,2.5673772995826356,13.085258808773007,9.067933500949147,10.5051063314849,20.691065491372317,14.338669848375838,16.6111993866605,0.5829145728643217,-0.002085427135678275,-0.002085427135678275,0.42211055276381915,-0.0028894472361808976,-0.0028894472361808976,0.31155778894472363,-0.003442211055276312,-0.003442211055276312,0.36111111111111116,0.07992299229922994,0.14739079448841985,0.35856573705179284,0.3517587939698492,0.07356330524804466,0.14307765874447353,0.3484848484848485,0.36111111111111116,0.07992299229922994,0.14739079448841985,0.35856573705179284,25.0,-10.0,-10.0,33.0,-6.0,-6.0,41.0,-9.0,-9.0,-0.0002634507456491457,0.00015734173328118287,0.00011532266373833249,-0.004710411677344872,-0.005347945962688172,-0.00544297100532809,0.15079365079365079,0.03407357464209686,0.051587301587301584,-0.566601037979126
149,1,test,2.1224439263579113,0.9138588152162985,1.2997867208917857,3.6734606417733087,1.581678718643594,2.2496308630819373,8.351523074475127,5.002779874892283,6.07498202955356,14.454559167360797,8.658657475775104,10.514391974227316,2.313600070197655,1.0051236877157494,1.3919260328211376,3.88840347932379,1.6892835087659654,2.3393714837330046,10.110758654204203,6.410227433595958,7.59726410038469,16.992871687738155,10.773491485035224,12.768511093083513,2.122259670288364,0.9139944407003959,1.2995788982965344,3.6731417370375534,1.5819134550583778,2.249271170128617,8.349984397418337,5.002312227702451,6.073389701701541,14.451896072454817,8.657848086408091,10.511636022175747,0.5577889447236181,-0.00221105527638199,-0.00221105527638199,0.3919597989949749,-0.008040201005025116,-0.0030402010050251116,0.3015075376884422,-0.0034924623115578646,-0.0034924623115578646,0.34572490706319703,0.09526108517080367,0.14547768827456908,0.3470149253731343,0.35678391959798994,0.0936260248611478,0.14977223345441737,0.3737373737373737,0.34572490706319703,0.09526108517080367,0.1467137822177088,0.3470149253731343,14.0,-3.0,-3.0,22.0,-1.0,-1.0,28.0,-3.0,-3.0,0.00048001720050047913,0.0003770463510094687,1.1323245877801128e-05,-0.02549702090846484,-0.028212976887626695,-0.0264235135032429,0.11152416356877323,0.1405170183935348,0.5353159851301115,-0.8682196140289307
70,1,test,3.3980227778283467,1.6319354208580972,2.212095659844251,5.951950725495512,2.8584856097832914,3.874689850045662,29.90491289678512,24.056985209648857,26.631192356656378,52.38121685742617,42.13803141817475,46.64699298140449,3.500243000105061,1.6561919282523931,2.2559810918636245,5.691452032691156,2.692995005288444,3.6682619379896337,33.12349999479463,26.80140226818877,29.653127594252176,53.859349585031914,43.57951588323377,48.21646763293037,3.3979184910919424,1.6316119734426324,2.2120255339564823,5.951768057645122,2.8579190617625727,3.8745670180766405,29.901794373629787,24.052584910238167,26.62818566466276,52.37575447610313,42.13032388735985,46.64172648268954,0.7386934673366834,-0.0013065326633165952,-0.0013065326633165952,0.542713567839196,-0.0022864321608039306,-0.0022864321608039306,0.4723618090452262,-0.0026381909547738003,-0.0026381909547738003,0.43430656934306566,0.11736667863268313,0.19401530720714333,0.4505494505494505,0.4371859296482412,0.13392778428483265,0.19511581278680545,0.4696969696969697,0.43430656934306566,0.11736667863268313,0.19401530720714333,0.4505494505494505,21.0,0.0,0.0,33.0,0.0,0.0,41.0,0.0,0.0,0.0006339683937830733,0.0004907426343916063,5.818342158629942e-06,-0.000211034476049754,0.00020048395678795572,4.730815085896012e-05,0.09124087591240876,0.17138124740944904,0.4927007299270073,-0.3964884281158447
255,1,test,2.1755673768126753,1.010756368331497,1.2939842671994,3.7129683230936323,1.7250242019524216,2.208399816020309,8.807180694978882,5.60186364676035,6.392461247323027,15.030921719430626,9.560513957137664,10.909800528764634,2.198527009342213,0.9790846684624643,1.374957353458126,3.186271028032193,1.41896328762676,1.99269181660598,9.01172952485014,5.626430160778273,6.733110301127255,13.06047757224658,8.154246609823584,9.75813087119892,2.2040564965017997,1.008023634698031,1.3992984074791266,3.574145670002918,1.634632921131942,2.2691325526688537,9.061697789666951,5.754726137797246,6.825542306841485,14.694645064324785,9.331988331563103,11.068446984067272,0.5125628140703518,-0.0024371859296482556,-0.0024371859296482556,0.39698492462311563,-0.0030150753768843908,-0.0030150753768843908,0.2864321608040201,-0.003567839195979916,-0.003567839195979916,0.360313315926893,0.10607602779129977,0.14232700116638464,0.39790575916230364,0.36180904522613067,0.09865115048928852,0.16481405357337608,0.43434343434343436,0.36789297658862874,0.112467267072769,0.1643334660213317,0.4161073825503355,20.0,-6.0,-6.0,30.0,-7.0,-7.0,37.0,-7.0,-7.0,-0.0008415500483895828,2.5008289584108827e-05,-0.00031770729888109584,-0.026466536998571044,-0.024213972287242314,-0.02432701542431026,0.07049608355091384,0.052817303334932994,0.015665796344647518,-1.0957560539245605
306,1,test,1.605319379229924,0.646477307353229,0.9413509498723402,3.18311899767305,1.2818721465804028,1.8665644548897264,4.979449681611845,2.37077561478234,3.036964005363828,9.873537368681774,4.700909361882697,6.021865770635705,1.7710498372138936,0.6696224488935099,1.0157605088002808,2.85653199550628,1.0800362078927577,1.6383234012907757,5.8770200381556865,2.8685628408574,3.7487928472727923,9.479064577670462,4.626714259447419,6.046440076246439,1.673803242110586,0.6939025888136677,1.0055613268973795,3.1188880287774894,1.2929861903360267,1.873716758193875,5.332409725523679,2.6682181753890566,3.381605101420991,9.936167190416793,4.971835109420602,6.301127518175759,0.42211055276381915,-0.0028894472361808976,-0.0028894472361808976,0.31155778894472363,-0.003442211055276312,-0.003442211055276312,0.23115577889447236,-0.003844221105527623,-0.003844221105527623,0.34682080924855496,0.12171258414032982,0.16011504189762638,0.32173913043478264,0.3417085427135679,0.10361330461832974,0.1463830001426163,0.33838383838383834,0.3511705685618729,0.12245604435486124,0.1642962637787806,0.33221476510067116,19.0,-5.0,-5.0,27.0,-5.0,-5.0,32.0,-5.0,-5.0,-0.00021301175762113587,0.00038808060173075974,0.00015617675051179762,-0.08734981806852193,-0.10392155583590856,-0.10218726283585777,0.08670520231213873,0.06744093830313086,0.05202312138728324,-1.3559948205947876
393,1,test,2.0127615994728867,0.864723513512557,1.1444732733017868,3.8173064817589233,1.6399928704548494,2.1705527597102856,7.483956526027119,4.331953645209078,5.101127790718621,14.193710652810054,8.215774154706871,9.674552706535316,2.2881026078280207,1.001317922772633,1.416936723997666,3.8135043463800344,1.6688632046210548,2.3615612066627767,9.85621881584822,6.235094054780466,7.466523478678501,16.427031359747033,10.391823424634111,12.444205797797503,1.965227445063672,0.8852185677397049,1.2368920045474108,3.639310083451244,1.6392936439624162,2.2905407491618717,7.136535575369794,4.1918298833138845,5.064906189621729,13.215806621055172,7.762647932062749,9.379455906706903,0.4824120603015075,-0.0025879396984924696,-0.0025879396984924696,0.371859296482412,-0.003140703517587995,-0.003140703517587995,0.2864321608040201,-0.003567839195979916,-0.003567839195979916,0.32552083333333337,0.0992529529692241,0.1378375488758553,0.32375979112271536,0.3517587939698492,0.12118235286709234,0.15977214956250363,0.3737373737373737,0.3311036789297659,0.11407529829537522,0.16313927403543882,0.3221476510067114,25.0,-14.0,-14.0,34.0,-12.0,-12.0,40.0,-11.0,-11.0,0.0004819252792975027,0.00024703871924832663,0.00020352446744275487,-0.07279894619090044,-0.0837874855393439,-0.08247533546954067,0.07552083333333333,0.1886261536498246,0.1640625,-1.1484761238098145
54,1,test,2.652792866926953,1.2301377499908912,1.6875936715683166,4.668092874359832,2.1646610019219557,2.9696415771008358,14.193624244715895,10.045504670385142,11.568313690645086,24.976377546903166,17.676973334708737,20.35664502152275,2.5627827102617085,1.1692451482979602,1.6180826349901396,4.457013409150798,2.0334698231268873,2.814056756504591,12.971864077717525,8.942786092627763,10.399822233776133,22.559763613421783,15.552671465439587,18.086647363088925,2.652828342758807,1.230411564541771,1.6875279248852266,4.668155300823638,2.165142830627768,2.9695258833251668,14.194127784274688,10.046996749641323,11.56855147621717,24.977263620390342,17.67959893153938,20.357063450397657,0.6281407035175879,-0.0018592964824121205,-0.0018592964824121205,0.5025125628140703,-0.0024874371859296973,-0.0024874371859296973,0.35678391959798994,-0.0032160804020100464,-0.0032160804020100464,0.41150442477876104,0.11128367422688468,0.18503383654346695,0.4355555555555556,0.42713567839195976,0.12638379869271166,0.2034295014303571,0.43939393939393945,0.41150442477876104,0.11128367422688468,0.18503383654346695,0.4355555555555556,24.0,-13.0,-13.0,36.0,-14.0,-14.0,44.0,-18.0,-18.0,-0.00024374046025403328,0.00011585482564955818,4.5489190613849436e-05,0.0001216017732525998,1.9593808842977012e-05,-1.635340515360184e-05,0.11946902654867257,0.09864995499367536,0.4247787610619469,-0.44019174575805664
433,1,test,1.6299979587595328,0.7801885397193542,0.8823683052770811,3.0309879398421065,1.4507638135277248,1.640767509812754,5.103864300311744,2.7646632980418593,2.9918763647849076,9.490656756778035,5.1409028269373405,5.563406463443009,1.7610574408197441,0.7743472658406587,1.0976571483277113,2.608973986399621,1.1471811345787537,1.6261587382632758,5.81858695379017,3.136191624356296,3.8772045618277193,8.620128820429882,4.64620981386118,5.744006758263288,1.8472638387969205,0.8452558931250653,1.1763914456621944,2.886349748120188,1.3207123330079145,1.8381116338471788,6.34244181611028,3.618696341902696,4.386498888380407,9.910065337672313,5.654213034222963,6.853904513094386,0.4773869346733668,-0.0026130653266331905,-0.0026130653266331905,0.321608040201005,-0.0033919597989949812,-0.0033919597989949812,0.22613065326633164,-0.003869346733668344,-0.003869346733668344,0.3474387527839644,0.11050883064825812,0.12945243802345607,0.3058035714285714,0.3517587939698492,0.08860089923300707,0.16144159864430663,0.303030303030303,0.34782608695652173,0.09573927560426798,0.15761474101658846,0.325503355704698,15.0,0.0,0.0,25.0,0.0,0.0,32.0,0.0,0.0,0.0008557446720169396,0.00018573269583212974,0.0003317400020091796,-0.10770039427683731,-0.09317141174083687,-0.11004930730823315,0.05790645879732739,0.17207154593941137,0.8841870824053452,-1.3211610317230225
169,1,test,1.8022882927814772,0.7842929658717526,1.1112299648113515,3.0195405952359824,1.3139986862772817,1.8617465379038347,6.063506679960126,3.2958656962963597,4.067680024871137,10.158754647053613,5.5218692293970415,6.814961298213423,1.744129095164764,0.6359380267811376,0.9844176232920127,2.5838949557996505,0.9421304100461299,1.45839647895113,5.720916930987256,2.6920425218141144,3.583257574328314,8.47543249035149,3.988211143428318,5.308529739745651,1.810555735334763,0.7621920338331301,1.0989694827943002,2.9519930467414617,1.2427044029887993,1.7917980697733158,6.113844167535407,3.2608651961498287,4.076623924772283,9.968224186199034,5.316628037200808,6.646669442563506,0.4120603015075377,-0.0029396984924623393,-0.0029396984924623393,0.3065326633165829,-0.0034673366834171437,-0.0034673366834171437,0.25125628140703515,-0.003743718592964851,-0.003743718592964851,0.3385579937304075,0.1022512644659318,0.15086247756773807,0.33333333333333337,0.321608040201005,0.09855039609072924,0.13963809028447738,0.303030303030303,0.3377926421404682,0.10406977068804757,0.15203068440965617,0.33221476510067116,19.0,-7.0,-7.0,25.0,-6.0,-6.0,35.0,-12.0,-12.0,0.0006488514422432005,0.00025236225134816934,-7.660388113044116e-05,-0.09636649769941652,-0.09276805629002816,-0.08949237674131183,0.0877742946708464,0.08296981597102876,0.07210031347962383,-1.0638298988342285
460,1,test,1.4005511717486143,0.5864808881259148,0.7865573855766577,3.047790333975678,1.2762623872285535,1.711656128840113,4.057435694579764,1.800359438769652,2.209639309025567,8.829533358091192,3.917827642322595,4.808476450890865,1.3936552898322638,0.5197407846092287,0.8061420776902435,2.6801063266005074,0.9995015088639014,1.5502732263273913,4.029552347775335,1.633279607625592,2.2300444954508762,7.749139130337183,3.140922322356907,4.2885471066363,1.314924521248332,0.5135734625706018,0.7779325272080132,2.9005687968713207,1.1328826380233863,1.7160276335470879,3.7244698563063396,1.4959200593085251,2.0136169974672358,8.215742330087515,3.2998236602393947,4.441802200295374,0.37688442211055273,-0.003115577889447274,-0.003115577889447274,0.22613065326633164,-0.003869346733668344,-0.003869346733668344,0.1758793969849246,-0.004120603015075441,-0.004120603015075441,0.2958115183246073,0.07489648564486873,0.1032406483343824,0.3097112860892388,0.29145728643216084,0.060880845329403965,0.11449568376104236,0.31313131313131315,0.29096989966555187,0.07728041719476719,0.12189314771894455,0.28859060402684567,16.0,-4.0,-4.0,24.0,-9.0,-9.0,31.0,-10.0,-10.0,4.9390080713438604e-05,-0.000179048357911386,-9.23665055103765e-06,-0.09186371071593324,-0.08669154276021196,-0.09401728413396437,0.1099476439790576,0.03515852240520483,0.002617801047120419,-0.9161912202835083
215,1,test,2.412209294326443,1.0946482162434885,1.5245062249823298,4.176930830702104,1.8954698060216195,2.639802884311508,11.158586534604295,7.42428394525918,8.729043788438377,19.32197352570954,12.855733778896159,15.115028454716978,2.6036159817148996,1.1267745764706865,1.6007397835325878,3.7462100456329495,1.6212583834110599,2.3032227101188316,13.512510793107914,9.133418756836871,10.786399393092626,19.442461572817145,13.141609722067443,15.51999912675198,2.4669964990816986,1.104066153219204,1.5498520771959892,4.0442565558716375,1.8099445134741052,2.5407411101573594,11.786991393574999,7.879364153343159,9.284856257303531,19.322936710778688,12.916990415316656,15.221075831645134,0.5979899497487438,-0.0020100502512562235,-0.0020100502512562235,0.4522613065326633,-0.0027386934673366836,-0.0027386934673366836,0.31658291457286436,-0.003417085427135591,-0.003417085427135591,0.38414634146341464,0.11169580873890927,0.171164597041508,0.382262996941896,0.3869346733668342,0.10623291898086928,0.16322849640523152,0.4191919191919192,0.37792642140468224,0.1074756701525954,0.1643557873668624,0.3926174496644296,23.0,-6.0,-6.0,31.0,-6.0,-6.0,40.0,-9.0,-9.0,-0.00022397014306551108,4.72495289203548e-05,0.00017723965711782493,-0.007503151968623278,-0.008495592661355467,-0.008518338896988276,0.09451219512195122,0.10116017585522766,0.1402439024390244,-0.9646210670471191
444,1,test,1.9661102145381837,0.8923007223231469,1.1849874890803296,3.6627535468807784,1.6623064217898218,2.2075655253425426,7.142838272634576,4.216331475930232,4.958915437287134,13.30670886323294,7.854790109981701,9.238182565910549,2.335122869130524,1.0406391676148665,1.4468376119972937,3.9245762506395367,1.7489733909493559,2.4316598520962924,10.330729179104047,6.681617722122025,7.899771571000464,17.362570048914364,11.229609617011807,13.276927010084814,1.9346078713730759,0.8248731442632269,1.1804168443955168,3.6967029389294446,1.5761907215220896,2.2555735880169117,6.921329471757836,3.8877759035891923,4.795438432720639,13.225470328199687,7.428871153355145,9.163258151695487,0.5477386934673367,-0.002261306532663321,-0.002261306532663321,0.42713567839195976,-0.002864321608040288,-0.002864321608040288,0.31155778894472363,-0.003442211055276312,-0.003442211055276312,0.3715846994535519,0.12329002005382472,0.1711936926109321,0.3671232876712329,0.40703517587939697,0.13886474981423402,0.1983540406540213,0.4242424242424242,0.3712374581939799,0.12415899408713515,0.18102611225404663,0.35906040268456374,18.0,-8.0,-8.0,26.0,-9.0,-9.0,35.0,-11.0,-11.0,0.0002800765007309517,0.00011802489059221753,0.00027522468193189926,-0.04575866987946231,-0.05647231998918123,-0.05567575575276962,0.09016393442622951,0.08339965475437303,0.34972677595628415,-1.0080747604370117
450,1,test,1.9816615539728353,0.8366084860998617,1.1998583144878148,3.609905760740324,1.5240129109844616,2.1857291588758923,7.254787196825168,4.1121790728823004,5.069377665552682,13.215726995490433,7.490975890728268,9.234662499032273,2.273506955700026,1.030887148376955,1.4202353240920058,3.7891782595000434,1.7181452472949248,2.367058873486676,9.71340563578089,6.248727260582823,7.366091786305459,16.18900939296815,10.414545434304705,12.276819643842433,1.9818080765757686,0.8368149231022204,1.2000633401175524,3.6101726745265594,1.524388968198949,2.1861026450549046,7.2558502650088315,4.113430422903887,5.0705685830689085,13.217663540079782,7.493255420066952,9.236831941131896,0.5276381909547738,-0.002361809045226204,-0.002361809045226204,0.371859296482412,-0.003140703517587995,-0.003140703517587995,0.26633165829145733,-0.0036683417085426884,-0.0036683417085426884,0.33684210526315794,0.10742003871324546,0.145476877725235,0.33098591549295775,0.3467336683417085,0.10613216458231,0.13972198219813592,0.36363636363636365,0.33684210526315794,0.10742003871324546,0.145476877725235,0.33098591549295775,22.0,-12.0,-12.0,29.0,-11.0,-11.0,35.0,-10.0,-10.0,0.0006715010492027319,0.0003156402529334803,6.312562341954468e-05,-0.04039029375026004,-0.04000479625643827,-0.038898062147050716,0.08771929824561403,0.11760124213205347,0.6526315789473685,-1.2487971782684326
158,1,test,1.860952362790133,0.8067013403403283,1.0531335244017526,4.15789927914824,1.8024012804175333,2.3530011888062017,6.429857413377058,3.5600324990496004,4.18684713402026,14.366138563602457,7.954129755019394,9.354612739439554,1.8661125423563016,0.7699097871886644,1.128975330559302,3.623519499720974,1.4949704605605132,2.19218510788214,6.463122385014978,3.4703422837293467,4.373178509497001,12.549752203912579,6.738528706270576,8.491608756304856,1.857072310360755,0.7700749134686282,1.1284401938474682,3.6895476364783213,1.529950159209195,2.2419341599618576,6.4049575670927865,3.4396006650422306,4.332713487453285,12.725081259124742,6.833643705381916,8.608040041297917,0.42713567839195976,-0.002864321608040288,-0.007864321608040292,0.3266331658291457,-0.0033668341708542604,-0.0033668341708542604,0.2361809045226131,-0.0038190954773869024,-0.0038190954773869024,0.3384615384615385,0.11182901605436824,0.1429581171516655,0.3316195372750642,0.33668341708542715,0.10610697598267027,0.15471346716889955,0.3232323232323232,0.34448160535117056,0.1191059793077649,0.16539372993404045,0.3355704697986577,21.0,-7.0,-7.0,32.0,-11.0,-11.0,38.0,-10.0,-10.0,0.0006386872234508514,0.00010182597951848409,0.00019561010301133002,-0.07944634249884164,-0.08484260968283053,-0.08230424228810218,0.07179487179487179,0.14895089821617705,0.002564102564102564,-0.7584171295166016
499,1,test,2.2337174014808494,0.98007834792654,1.37363412661194,3.7072691951279015,1.6266221795430007,2.27980114207322,9.334501752884886,5.831434111617459,6.971144259087975,15.492340605573345,9.678348761166149,11.56990958183711,2.331745996575299,1.0328794767106322,1.4233550914545712,3.7914569050004863,1.6794788239197271,2.31439852269036,10.295902459056089,6.630762510096183,7.815574221875587,16.741304811473317,10.781727658692983,12.708250767277377,2.203507056152796,0.9819890201208026,1.3640841087535431,3.6725117602546598,1.636648366868004,2.2734735145892384,9.056720294814303,5.664386783416342,6.741689598032442,15.094533824690506,9.440644639027237,11.236149330054072,0.5778894472361809,-0.002110552763819218,-0.002110552763819218,0.3869346733668342,-0.0030653266331658324,-0.0030653266331658324,0.2864321608040201,-0.003567839195979916,-0.003567839195979916,0.3481012658227848,0.07163997040414338,0.13546968687541638,0.34285714285714286,0.3517587939698492,0.06604450825556352,0.13806931149906454,0.35858585858585856,0.34782608695652173,0.0723669884590259,0.13759249407554286,0.3389261744966443,25.0,-16.0,-16.0,33.0,-15.0,-15.0,38.0,-14.0,-14.0,0.0008405105565433617,-7.437665951537532e-05,0.00013074651339143055,-0.016167694305734948,-0.014761683002897819,-0.015966667151788627,0.09177215189873418,0.0677953545164845,0.370253164556962,-1.4951744079589844
459,1,test,1.9563628326561104,0.837079797191296,1.1956773320323548,3.684683371935128,1.576585875691582,2.251981232723515,7.073552526161667,4.01089492710018,4.933810013467247,13.322580524733938,7.554262224661076,9.292513338248128,2.313086781537264,1.0672748211060807,1.473946831490656,3.82328393642523,1.7640906133984804,2.4362757545300098,10.105570248127966,6.629814418026309,7.791194606210818,16.703421897732177,10.958370938886462,12.8780076135716,1.9855720176998626,0.8786214001438928,1.2338469015413744,3.7700734513288534,1.6682684812858728,2.3427472814076733,7.283212320490745,4.258092751756395,5.1625570810063754,13.828884152830529,8.084986237512142,9.802323571531094,0.6231155778894473,-0.0018844221105527303,-0.0018844221105527303,0.4170854271356784,-0.0029145728643216184,-0.0029145728643216184,0.27638190954773867,-0.0036180904522613577,-0.0036180904522613577,0.34967320261437906,0.09029310473509689,0.15728189826655292,0.2918032786885246,0.3467336683417085,0.06853817961990394,0.12469694046190882,0.33838383838383834,0.3511705685618729,0.08906706271880116,0.15873452851737901,0.2953020134228188,20.0,-7.0,-7.0,27.0,-7.0,-7.0,35.0,-9.0,-9.0,0.0014589156547443294,0.00029387970090414883,0.00022563758205331494,-0.0473154429605982,-0.04030424489853335,-0.04846850361431798,0.08169934640522876,0.06992344731553649,0.8202614379084967,-1.049503207206726
95,1,test,2.181646436062888,1.0148764162157942,1.3863330699992957,4.762548429052318,2.2154818497782696,3.02637415280892,8.860883133021503,5.6492806776923,6.645748096820684,19.343365793654783,12.332416642805413,14.507711531621625,2.3813024415100776,1.0896344192975351,1.5051472032317257,4.451032600953416,2.036699849154271,2.813359258377057,10.81898478638311,7.180133605403217,8.417336618494765,20.22240146987497,13.420810477389189,15.73333947382199,2.3017662250035253,1.0830417844544349,1.4810150701174987,5.077425496331307,2.38906275982596,3.26694500761213,9.991814671903768,6.608944743214174,7.719608696618044,22.040767658611255,14.578554580619503,17.02854859548098,0.4773869346733668,-0.0026130653266331905,-0.0026130653266331905,0.371859296482412,-0.003140703517587995,-0.003140703517587995,0.31155778894472363,-0.003442211055276312,-0.003442211055276312,0.33933933933933935,0.10845478161819988,0.16051816051816048,0.3313253012048193,0.3467336683417085,0.11866349290311196,0.171441514752393,0.3535353535353535,0.3511705685618729,0.11243934986404314,0.1687456519879018,0.3489932885906041,23.0,-3.0,-3.0,33.0,-4.0,-4.0,40.0,-5.0,-5.0,0.0007218617547924219,0.0003057195443864964,0.0005185096142040934,-0.0422497541437048,-0.04434122208387503,-0.04286165744352122,0.09009009009009009,0.1540786165897267,0.3213213213213213,-0.818615198135376
477,1,test,2.4675972650360833,1.0828180239917262,1.5322330989952817,3.789042794946117,1.6626877854736346,2.3527732285118805,11.794074744213795,7.800130635656092,9.245933508912518,18.110027339475828,11.977249773876295,14.197307737729059,2.661530972801611,1.1777611331624485,1.6317404303134986,3.857291264929872,1.706900192989056,2.364841203352897,14.31819309138183,9.908655454846443,11.5177138995226,20.75100448026352,14.360370224415135,16.69233898481536,2.4678697933576195,1.083169062372167,1.5323175169757395,3.789461267396126,1.6632268116206497,2.352902853935425,11.797289401630605,7.803658845551455,9.248668789525986,18.11496350742186,11.98266740765005,14.201507813425149,0.592964824120603,-0.0020351758793969443,-0.0020351758793969443,0.44221105527638194,-0.0027889447236180143,-0.0027889447236180143,0.3467336683417085,-0.003266331658291488,-0.003266331658291488,0.375,0.10227272727272729,0.16716152019002373,0.34050179211469533,0.3668341708542714,0.09365121346078764,0.1564835865470927,0.3434343434343434,0.375,0.10227272727272729,0.16716152019002373,0.34050179211469533,22.0,-11.0,-11.0,32.0,-13.0,-13.0,42.0,-15.0,-15.0,0.0005033724216762961,0.0008561523299044829,7.477107353257207e-05,-0.018830905725657487,-0.020678008884909005,-0.01663622441483259,0.09285714285714286,0.14756557273951756,0.35714285714285715,-0.9713907241821289
334,1,test,1.369603864884044,0.6220393659988012,0.7243883531581551,3.1244088167667257,1.4190273036847652,1.6525109306420414,3.9337920735992054,1.8219417393128925,2.0273942375078287,8.973963167898187,4.156304592807536,4.6249931043147345,0.7055526337219397,0.20531127527282667,0.3265351161527291,1.8326042434336094,0.5332760396696796,0.8481431588382574,2.0249654399508765,0.375846188415746,0.5641168139146724,5.2596504933789,0.9762238660149247,1.465238477700448,1.0530353651175988,0.4128875578643121,0.6164595377885567,2.3400785891502194,0.9175279063651378,1.3699100839745704,2.866338310315456,0.9695770966636093,1.3189387370947774,6.369640689589902,2.154615770363576,2.930974971321728,0.19095477386934678,-0.004045226130653168,-0.004045226130653168,0.1306532663316583,-0.004346733668341707,-0.004346733668341707,0.07537688442211055,-0.004623115577889414,-0.004623115577889414,0.3249427917620137,0.10779993461915649,0.13041688755869008,0.37614678899082565,0.20603015075376885,0.050641679575823995,0.08082146961854342,0.20707070707070707,0.28093645484949836,0.09562760676936477,0.13744368510533822,0.3087248322147651,11.0,0.0,0.0,17.0,-4.0,-4.0,18.0,-2.0,-2.0,-0.00044046941070211774,-0.0009774476695893878,-0.0001587495473283685,-0.12084297297517743,-0.11398288728993133,-0.11497257097762148,0.08237986270022883,0.0356984861671356,0.43707093821510296,-1.5570180416107178
186,1,test,2.1769235433848433,0.9418064142571705,1.3303765760579398,4.037842056278339,1.7468989941866875,2.467633971720373,8.819132801724427,5.380351523155685,6.487550894549293,16.35806890642434,9.979684276821029,12.033360530212398,2.351020636156154,1.0218161504587413,1.4077913777673179,3.8859845225721554,1.6889523148078367,2.3269278971360627,10.496277139564375,6.718240430002867,7.928015517501587,17.3492184125031,11.104529636368373,13.10415788016791,2.12870974198338,0.9016812134318888,1.2926921009932664,4.067598233089261,1.7229577326723993,2.470112294891592,8.404016463457385,4.992937923885992,6.096855748090457,16.058630184950417,9.540645714431832,11.650042830746095,0.5628140703517588,-0.0021859296482411583,-0.0021859296482411583,0.38190954773869346,-0.0030904522613065533,-0.0030904522613065533,0.29145728643216084,-0.0035427135678391952,-0.0035427135678391952,0.3401162790697675,0.10209015425118984,0.14070278933369706,0.33819241982507287,0.3417085427135679,0.09358824196168813,0.1280190602427832,0.3535353535353535,0.3411371237458194,0.10908370137520174,0.1386899602308027,0.32885906040268453,16.0,-6.0,-6.0,23.0,-8.0,-8.0,32.0,-12.0,-12.0,0.0009534946255152539,-6.03571774447519e-05,0.0002845034196247496,-0.03053445924284759,-0.0264366725881926,-0.030631382190103196,0.07267441860465117,0.1291639010937,0.17732558139534885,-0.8158533573150635
263,1,test,2.0608180418718653,0.9465710071983124,1.304808179919429,3.856501598824543,1.7713609491430407,2.44174630160361,7.852390768096769,4.8051179437439,5.7226295655575505,14.694532431526117,8.992033578935953,10.709014391686644,2.2847189185372807,1.0340769224283388,1.4298512777646812,3.655550269659649,1.6545230758853422,2.2877620444234896,9.822924793872891,6.330340330371397,7.4718616187984175,15.716679670196626,10.128544528594235,11.954978590077468,2.1100055157188775,0.9805061470910219,1.3466726727810185,3.9562603419728952,1.8384490257956658,2.5250112614644094,8.24828677973229,5.154179674498717,6.102872131413129,15.465537711998044,9.664086889685095,11.442885246399616,0.5879396984924623,-0.002060301507537776,-0.002060301507537776,0.44221105527638194,-0.0027889447236180143,-0.0027889447236180143,0.31155778894472363,-0.003442211055276312,-0.003442211055276312,0.37617554858934166,0.1070049695596077,0.17805250375096837,0.3647798742138365,0.39698492462311563,0.10876437324466948,0.18162599307052796,0.4191919191919192,0.37792642140468224,0.10413677198898941,0.17770395199422617,0.37248322147651003,20.0,-10.0,-10.0,31.0,-16.0,-16.0,38.0,-14.0,-14.0,0.0009142837075872033,0.0002617404269395318,0.0003512486887271109,-0.03169464449197612,-0.029674062949034408,-0.029561050852861648,0.20376175548589343,0.05469374090005273,0.4608150470219436,-0.6267824172973633
257,1,test,1.9129857791097347,0.8534951757839584,1.1446314423143877,3.4625042601886196,1.5448262681689646,2.071782910589042,6.773282161450928,3.8883811055441106,4.617067232576675,12.25964071222618,7.03796980103484,8.356891690963781,1.9044706719514921,0.7973790937256016,1.1382592585610554,2.8855616241689273,1.208150142008487,1.724635240244023,6.715851797891517,3.6903057762203284,4.564252525189241,10.175533027108358,5.591372388212617,6.915534129074606,1.9446532628451778,0.8320443517143941,1.1912488753682249,3.20547241128326,1.3715016786501002,1.9635970473102609,6.991207323383575,3.948922222016937,4.866987936631608,11.523968115467431,6.509212453874071,8.022507587854298,0.4623115577889447,-0.002688442211055242,-0.002688442211055242,0.3015075376884422,-0.0034924623115578646,-0.0034924623115578646,0.2361809045226131,-0.0038190954773869024,-0.0038190954773869024,0.3490304709141274,0.10006781531246767,0.15352704960425445,0.37777777777777777,0.3266331658291457,0.08101913074142642,0.1429937668308151,0.3737373737373737,0.34782608695652173,0.09240037744066198,0.15427769985974749,0.38590604026845643,23.0,-14.0,-14.0,29.0,-16.0,-16.0,37.0,-18.0,-18.0,-0.0007740898945436296,0.000227131964479364,-0.0001940118126476199,-0.05884432525616301,-0.07454833176662312,-0.06536960938590664,0.07756232686980609,0.12129421446588068,0.002770083102493075,-1.263521432876587
338,1,test,2.2576809666015483,1.0092822133344026,1.3992697067121909,3.663406851466663,1.6377032140897851,2.270513109004687,9.560891411542313,6.076132882120869,7.201482185176095,15.513899271559225,9.85938543136594,11.685423923115929,2.3363897703516425,1.008466358380509,1.4187492913104711,3.8618012733085,1.6668865427777009,2.3450401509263985,10.343825486628422,6.570625621793603,7.8404488404141865,17.097232209303176,10.860538217840665,12.959419570932539,2.2577489000898594,1.0089912498266955,1.3995274228052164,3.6635170831646775,1.637231084624449,2.2709312898348792,9.561540938309323,6.075531515062229,7.2025794442844235,15.514953220652863,9.858409628214183,11.687204381291707,0.49246231155778897,-0.002537688442211028,-0.002537688442211028,0.38190954773869346,-0.0030904522613065533,-0.0030904522613065533,0.2814070351758794,-0.003592964824120637,-0.003592964824120637,0.35019455252918286,0.10165086320879446,0.15873271553047652,0.296875,0.3417085427135679,0.09609450762584859,0.1463830001426163,0.2828282828282829,0.35019455252918286,0.10165086320879446,0.15873271553047652,0.296875,17.0,0.0,0.0,27.0,0.0,0.0,32.0,0.0,0.0,-0.0003032814222237368,0.00042397032987537297,0.0003707344898839435,-0.07858826976514965,-0.08825512853374828,-0.09124915787313004,0.09727626459143969,0.1697241138954302,0.22178988326848248,-1.794640064239502
336,1,test,1.6573267047018898,0.6805684678534976,0.9851828245758064,3.2862420944660333,1.3494700476866497,1.9534768007303136,5.2452699296129,2.5894372384410063,3.286838464158172,10.400620946146722,5.1344841242230235,6.517331126073632,2.053001403906905,0.8859123593482758,1.2564679795546594,3.393390750259347,1.4643179493359935,2.0768065777762965,7.791250738345489,4.578623539018773,5.573411458951556,12.878100393959487,7.567972791766566,9.212250345374473,1.688398797310888,0.7081468302870859,1.0225305970809906,3.165747744957915,1.327775306788286,1.9172448695268574,5.410809961713938,2.7456822800884124,3.464630500196412,10.145268678213634,5.148154275165774,6.496182187868273,0.4974874371859297,-0.002512562814070307,-0.002512562814070307,0.38190954773869346,-0.0030904522613065533,-0.0030904522613065533,0.25125628140703515,-0.003743718592964851,-0.003743718592964851,0.32369942196531787,0.10292020118609713,0.14872385989298165,0.31304347826086953,0.3668341708542714,0.1061825417815897,0.16483083195610782,0.398989898989899,0.3311036789297659,0.10739750196816322,0.156465191721757,0.31543624161073824,19.0,-6.0,-6.0,29.0,-12.0,-12.0,34.0,-10.0,-10.0,0.0007687669364554339,0.00016652376339532682,0.0004941406981518079,-0.0944939930258446,-0.10020025833902135,-0.1112541058399179,0.07225433526011561,0.22234085779512514,0.37283236994219654,-1.1835668087005615
443,1,test,1.7286913990267256,0.7621810399334488,0.9261958660963504,3.4008368177114554,1.4994309243550556,1.8220956057316051,5.633277370758689,3.0045223470588454,3.4021755958395143,11.0822886592963,5.910765925755952,6.69306507405811,1.3600594799861814,0.5909723326609404,0.8212050901605936,2.6154989999734255,1.136485255117193,1.5792405580011415,3.896425054211212,1.7386294492350558,2.182382941313765,7.493125104252331,3.3435181716058766,4.1968902717572405,1.297561404500024,0.49438402096430245,0.7452336672036955,2.6125397406040753,0.9954040690556425,1.500470470879924,3.6603596386057338,1.4277360668306467,1.9230673637038962,7.369851621353827,2.8746363761690876,3.871947712155496,0.3417085427135679,-0.003291457286432098,-0.003291457286432098,0.2562814070351759,-0.00371859296482413,-0.00371859296482413,0.1959798994974874,-0.004020100502512558,-0.004020100502512558,0.3380952380952381,0.10503935224505978,0.1328166457198715,0.3532219570405728,0.3015075376884422,0.10351255021977046,0.14791822216256567,0.25757575757575757,0.28093645484949836,0.08561091227854678,0.12632021458253506,0.24832214765100669,17.0,-1.0,-1.0,29.0,-10.0,-10.0,34.0,-3.0,-3.0,-5.887897944437173e-05,-0.0003369855271330226,-0.00021495409964645076,-0.1467526568548463,-0.1434445966165434,-0.14052436641754795,0.06190476190476191,0.142438438724301,0.6904761904761905,-1.3299572467803955
310,1,test,2.1081184129068444,0.9468732839880527,1.266452564382698,3.988038440911401,1.7912499753794604,2.39581490272397,8.232736092043904,5.038828463979808,5.912507182949126,15.574299720516045,9.5322167334051,11.185000701764583,2.0135415911666206,0.8738821443967402,1.2299551114586802,3.2843834150996516,1.4254307109422237,2.0062382555760436,7.48979622711679,4.364092511701985,5.300486108856419,12.216962698329846,7.118478769087664,8.645874882478912,2.0533906227114462,0.885740965419715,1.2668647827555937,3.6450721113220936,1.5723212403900266,2.2488723954241303,7.794283829873589,4.579855085894967,5.5985290735648565,13.836006798592168,8.129920270819467,9.938217290351815,0.505050505050505,5.0505050504967564e-05,5.0505050504967564e-05,0.3282828282828283,-0.0017171717171716727,-0.0017171717171716727,0.21717171717171713,-0.0028282828282828465,-0.0028282828282828465,0.3497267759562842,0.09597507063568389,0.13858308094162142,0.3945205479452055,0.3282828282828283,0.08143144289240012,0.12190698935665378,0.3807106598984772,0.3377926421404682,0.09071417803362347,0.13534547862545154,0.3825503355704698,15.0,0.0,0.0,20.0,0.0,0.0,22.0,1.0,1.0,-0.0006051416034986351,-0.0002386380571456305,-0.0001381999294910888,-0.02167190044933509,-0.0208745794435492,-0.020833133091709755,0.10109289617486339,0.05540858281940301,0.33060109289617484,-1.0955114364624023
88,1,test,1.8215968138143948,0.7937598113536899,1.1168341586328292,3.41549402590199,1.4882996462881686,2.0940640474365546,6.181721631453335,3.3867079475089077,4.1583552390552345,11.590728058975005,6.3500774015792025,7.796916073228565,1.9254669656140515,0.818367041185474,1.1477061533840915,2.939644222311529,1.2494153300541588,1.7522231349375446,6.858350532127896,3.832779258530993,4.681757527817588,10.470764171187627,5.8515713870702175,7.1477214165154015,1.7519442132120573,0.7355778439264296,1.0608438091349124,3.1099601417965514,1.3057594862599342,1.883154690772034,5.765801733708865,3.002665449947473,3.769891100237216,10.235151006583784,5.330175354936343,6.692114379119319,0.4522613065326633,-0.0027386934673366836,-0.0027386934673366836,0.3517587939698492,-0.0032412060301507672,-0.0032412060301507672,0.24120603015075381,-0.0037939698492461815,-0.0037939698492461815,0.3343023255813954,0.09772757957268707,0.14857407533701616,0.3323615160349854,0.35678391959798994,0.11618241583859146,0.17481396968146234,0.3484848484848485,0.3411371237458194,0.10407535412979263,0.15759986011956795,0.32885906040268453,15.0,-4.0,-4.0,24.0,-9.0,-9.0,28.0,-5.0,-5.0,0.0007933566024600625,-5.620244302509773e-05,0.0002728272923815859,-0.09270333473086101,-0.0755874583842786,-0.08568133969973957,0.0755813953488372,0.06875711924183475,0.15988372093023256,-1.1704769134521484
379,1,test,2.1960770269508387,1.0088055438019015,1.3262942111423037,3.7969556073449082,1.7441965009659044,2.2931255052460395,8.98967797018895,5.711553394553965,6.603285459678503,15.542901163410802,9.875115682172742,11.416895420939468,2.3744749977687727,1.0216575825991652,1.458986190026349,3.230578228256834,1.3900103164614495,1.9850152245256452,10.745370361543056,6.8770615374614685,8.247374368234327,14.619551512303477,9.356546309471383,11.220917507801804,2.308480949665587,1.0643980001172046,1.4667245267560727,3.763827635324327,1.7354315219302254,2.39139868492838,10.05913271442663,6.589381311625262,7.7386936425069575,16.400759860478203,10.743556486345536,12.617435286696129,0.5276381909547738,-0.002361809045226204,-0.002361809045226204,0.42211055276381915,-0.0028894472361808976,-0.0028894472361808976,0.321608040201005,-0.0033919597989949812,-0.0033919597989949812,0.39837398373983735,0.1412697888819212,0.19309539136447074,0.3967391304347826,0.3919597989949749,0.12880190425813276,0.18661756193320533,0.4040404040404041,0.41137123745819393,0.14425938436971308,0.20669937983861664,0.4093959731543624,15.0,-4.0,-4.0,28.0,-14.0,-14.0,31.0,-11.0,-11.0,0.0002721281418551842,0.0003241789844678738,1.5563102834076666e-05,-0.018173564081799043,-0.02142664497839153,-0.017895837715591334,0.08672086720867209,0.052662963002441804,0.7100271002710027,-0.8667058944702148
463,1,test,2.0316658089127966,0.8335334324497037,1.2082509298366486,3.4107359337505736,1.3993258229610177,2.0283970155439492,7.626780541805401,4.3128585608688095,5.34851396820074,12.803746727758156,7.240374674913092,8.979020419343058,2.319778099692551,1.0191562969009447,1.4135415734267527,3.4883881198384223,1.5325658600014205,2.1256264262056432,10.173416571321598,6.501837615298081,7.698426148946333,15.298370783942252,9.777199421500873,11.576580675107268,2.031405951158597,0.8330035221375098,1.2080477913592225,3.4102996877026146,1.3984362159520622,2.028055989130331,7.624798921222923,4.30998188632802,5.346661565586004,12.800420007143936,7.2355453485627965,8.975910628286805,0.6482412060301508,-0.0017587939698492372,-0.0017587939698492372,0.42211055276381915,-0.0028894472361808976,-0.0028894472361808976,0.29648241206030146,-0.0035175879396985854,-0.0035175879396985854,0.3623188405797102,0.0766045548654245,0.1382224550375415,0.3490909090909091,0.3869346733668342,0.08117026233926528,0.14987290375080742,0.398989898989899,0.3623188405797102,0.0766045548654245,0.1382224550375415,0.3490909090909091,18.0,-6.0,-6.0,29.0,-11.0,-11.0,38.0,-15.0,-15.0,0.0005749792101003483,0.0003785855926378224,4.927850086300752e-05,-0.019324255126089263,-0.01683693337811576,-0.01706834289343906,0.09420289855072464,0.06659966267539578,0.7210144927536232,-0.9833757877349854
248,1,test,2.2595590804031853,0.98422303564596,1.3986331281773285,3.851787240687295,1.677768801696999,2.3841984412971042,9.578864726340452,5.998960510305338,7.213514845345257,16.328738315886053,10.226207294769202,12.296613389215487,2.3299195609400583,0.9612455276213192,1.4003231424564415,3.530181152939482,1.4564326176080593,2.1217017309946087,10.277114818338916,6.346978808755811,7.743628315398071,15.571386088392297,9.616634558720925,11.732770174845562,2.2967635720342696,0.9822621130548435,1.406196910618846,3.8067904508855293,1.6280587509196298,2.3307131115229494,9.941953912591726,6.219059405694323,7.505443976246706,16.47837665070452,10.307833269106613,12.439962391569125,0.5477386934673367,-0.002261306532663321,-0.002261306532663321,0.40703517587939697,-0.00296482412060306,-0.00296482412060306,0.3015075376884422,-0.0034924623115578646,-0.0034924623115578646,0.35060975609756095,0.09185785351004194,0.14371320437342305,0.36085626911314983,0.3668341708542714,0.1011700104532689,0.1581530356288957,0.3939393939393939,0.35785953177257523,0.0940865768477005,0.14985063299615697,0.3691275167785235,18.0,-2.0,-2.0,27.0,-5.0,-5.0,37.0,-7.0,-7.0,9.404356029254298e-06,0.00042663557880030773,0.00019607053895867588,-0.012162885302961612,-0.016045883397685756,-0.018461290483067216,0.11280487804878049,0.08074110136952654,0.15548780487804878,-0.8074381351470947
214,1,test,2.3729371701884165,1.1182362993576997,1.5310946894241275,4.192598834374352,1.9757439278807025,2.7051983890861524,10.728858534065868,7.222069299580192,8.40821976154475,18.956169741536065,12.760236430864484,14.855973775579066,2.5005801547934303,1.1188832438304053,1.5628029265927674,3.8470463919898927,1.7213588366621622,2.404312194758104,12.189563743556622,8.207911335796622,9.63526626034527,18.75317499008711,12.62755590122557,14.82348655437734,2.3434154318289124,1.0981605998709016,1.5059632114002302,4.04037143418778,1.8933803446050028,2.5964882955176383,10.416753586973183,6.942933660086795,8.106280691057503,17.959919977539972,11.970575276011717,13.976346019064662,0.6080402010050252,-0.001959798994974782,-0.001959798994974782,0.4522613065326633,-0.0027386934673366836,-0.0027386934673366836,0.31155778894472363,-0.003442211055276312,-0.003442211055276312,0.37941176470588234,0.11803144165155044,0.17980315413836767,0.40117994100294985,0.3869346733668342,0.10623291898086928,0.1665673945688375,0.4292929292929293,0.3812709030100334,0.12250629533056767,0.1821607806518577,0.3959731543624161,23.0,-11.0,-11.0,33.0,-11.0,-11.0,41.0,-14.0,-14.0,0.00019787170346497355,9.878417595562634e-05,9.969003889720892e-05,-0.03777703636755625,-0.044444547334240525,-0.047845529658211206,0.08235294117647059,0.1966258133586526,0.09117647058823529,-0.8836772441864014
37,1,test,1.8583032558915533,0.7940284321517508,1.134480165530309,2.931547917048172,1.2526116977794997,1.7896879616654604,6.4128465754586115,3.51411044840173,4.350544048039573,10.116522672514922,5.543650172612355,6.863157722843177,1.7793174557884512,0.770878340444918,1.0614845524989864,2.6756653470503027,1.1592155495412302,1.596217372178927,5.925810410364144,3.184491618946371,3.8758245345302336,8.910993098291945,4.788709201423114,5.8283075707221546,1.8585805191095415,0.7942910478134637,1.1346987851808756,2.9319853108947314,1.2530259845185658,1.7900328429323973,6.414624868452814,3.51584628168442,4.352201396710197,10.11932800103519,5.546388519234781,6.86577225684229,0.4522613065326633,-0.0027386934673366836,-0.0027386934673366836,0.31155778894472363,-0.003442211055276312,-0.003442211055276312,0.22613065326633164,-0.003869346733668344,-0.003869346733668344,0.34013605442176875,0.09565388124689611,0.15009080555299048,0.32423208191126285,0.33668341708542715,0.08856311633354741,0.14970511992349056,0.29292929292929293,0.34013605442176875,0.09565388124689611,0.15009080555299048,0.32423208191126285,17.0,0.0,0.0,24.0,0.0,0.0,30.0,0.0,0.0,0.00040412701075610835,0.0006479906089544795,-0.00017965701154958966,-0.0803470354222462,-0.08405147257798262,-0.07421554974481026,0.15306122448979592,0.04517120164713994,0.15306122448979592,-1.2197332382202148
392,1,test,2.627117231344283,1.2067729837932946,1.5576179117816933,4.826856539886147,2.217228831467106,2.8618434360008145,13.833832625741442,9.69528774674464,10.91991243389371,25.417185302797673,17.813351649521255,20.063379782847772,2.6042871706834663,1.0891744459273203,1.585503637312702,3.886995777139502,1.6256335013840602,2.3664233392726897,13.521583285627743,8.97164929748943,10.751759969507528,20.181467590489166,13.390521339536459,16.047402939563472,2.7782197746328046,1.2452601943246808,1.7504453842401557,4.604784156849952,2.0639671729138356,2.9012906921107553,16.090350985110884,11.458486052088226,13.295512297274962,26.669090030570523,18.991965832190427,22.036760713715402,0.5778894472361809,-0.002110552763819218,-0.002110552763819218,0.44221105527638194,-0.0027889447236180143,-0.0027889447236180143,0.3467336683417085,-0.003266331658291488,-0.003266331658291488,0.36814621409921666,0.10739002113963392,0.15015989933870832,0.38481675392670156,0.38190954773869346,0.1087265903452097,0.16822006526790878,0.4191919191919192,0.3846153846153846,0.10915628611788875,0.17771883289124668,0.4261744966442953,16.0,0.0,0.0,21.0,0.0,0.0,32.0,0.0,0.0,-0.00029120028449646635,0.0002492728295919846,-0.00013699420171006243,-0.009171783912881537,-0.010706302052961192,-0.009707990650579035,0.0783289817232376,0.05045240989946164,0.0026109660574412533,-0.7937195301055908
270,1,test,1.5744822967898904,0.6826095940801077,0.7786827019594458,3.308589526894885,1.434423847467876,1.6363101939792963,4.828241374915179,2.38854717704328,2.612029014445498,10.145981875397796,5.019251210745326,5.488872030355516,2.125231498103822,0.9138950570317601,1.2957699965628335,3.346821256856413,1.4392048142232445,2.040582671752494,8.374836022394108,5.016866639099211,6.082751898288295,13.188718145502532,7.900577384408206,9.579136847698104,1.7488833090389462,0.8031168581943608,1.105197059331837,3.363237132767204,1.5444554965276172,2.1253789602535327,5.748180149868827,3.173394080404799,3.844695467525443,11.05419259590159,6.102680923855382,7.393645129856621,0.507537688442211,-0.0024623115577889765,-0.0024623115577889765,0.3467336683417085,-0.003266331658291488,-0.003266331658291488,0.2562814070351759,-0.00371859296482413,-0.00371859296482413,0.30329670329670333,0.0925392938565277,0.10486073066718227,0.2665198237885462,0.33668341708542715,0.08856311633354741,0.14302732359627857,0.33333333333333337,0.30434782608695654,0.08564999637076287,0.12970933887894764,0.2751677852348994,17.0,-7.0,-7.0,24.0,-13.0,-13.0,32.0,-14.0,-14.0,0.00011452785553920973,0.0008517312221688065,0.0001422151486318287,-0.14444728831536402,-0.16281735283748233,-0.16139428402028067,0.06593406593406594,0.16402337665958083,0.24615384615384617,-1.1711534261703491
382,1,test,2.5115186612810776,1.1775754700875873,1.6174662806643214,4.503412771952277,2.1115146360191224,2.900284365329128,12.323631278172995,8.527649079678964,9.878613533056743,22.097545740172265,15.29095697045883,17.71337599030864,2.720252045348608,1.2145825254074847,1.7049163744652656,4.2174450315482295,1.8830736828023023,2.643281200721342,15.184148856785704,10.676978596089437,12.423859065987411,23.5413160570321,16.553455187735562,19.26179700153087,2.534734577711916,1.1835070652516702,1.6263056807523286,4.446902767915642,2.0763281846520525,2.8531678609689974,12.613082610461856,8.750919134512987,10.132660139260597,22.128215106073434,15.352489709671909,17.77659673554491,0.6582914572864322,-0.0017085427135676845,-0.0017085427135676845,0.49246231155778897,-0.002537688442211028,-0.002537688442211028,0.36180904522613067,-0.0031909547738693256,-0.0031909547738693256,0.39549839228295824,0.11299437944186674,0.1858727238337604,0.36451612903225805,0.3869346733668342,0.08618279366758608,0.15655070007801952,0.38888888888888884,0.3946488294314381,0.11084248552492726,0.1821905424458986,0.3691275167785235,18.0,-8.0,-8.0,29.0,-15.0,-15.0,40.0,-21.0,-21.0,0.0005892180772525754,-7.988032517754753e-05,0.0002009505395723501,-0.015323790536958981,-0.011747075698973042,-0.014223550039996091,0.14469453376205788,0.05798412759799195,0.4758842443729904,-0.7692897319793701
276,1,test,1.7768271949842267,0.7729479364054601,0.9709009282095968,3.8994153576410597,1.696307363138469,2.1307339289356557,5.911071955880292,3.1822247296132247,3.672302719602793,12.972406562634587,6.983693190394429,8.05921569815532,1.522014856346579,0.6236770188956818,0.8901508877427939,3.170864284055373,1.2993271226993373,1.8544810161308207,4.58144685913897,2.125928612364279,2.7003332089118475,9.544680956539521,4.42901794242558,5.625694185233016,1.380393084888525,0.6081541011050471,0.8519228814279786,3.161205537912653,1.3927193155077413,1.950968430751096,3.9764644083905445,1.8118570554384257,2.2801291335653477,9.106407042115752,4.149290966652884,5.221669771523698,0.36180904522613067,0.0018090452261306789,0.0018090452261306789,0.26633165829145733,-0.0036683417085426884,-0.0036683417085426884,0.20100502512562812,-0.003994974874371837,-0.003994974874371837,0.3407407407407408,0.10276293556194915,0.13643966547192354,0.35396039603960394,0.3065326633165829,0.10352514451959038,0.1546127968725095,0.28787878787878785,0.29096989966555187,0.0856276626037823,0.1330166182417476,0.27181208053691275,17.0,-8.0,-8.0,23.0,-13.0,-13.0,29.0,-16.0,-16.0,-0.00026039249073463345,-0.000780135163485162,-0.00017184646606374412,-0.1311406950811005,-0.13153960350770344,-0.13187661352375013,0.06172839506172839,0.11062822766629744,0.7135802469135802,-1.2174028158187866
161,1,test,2.413923305732673,1.1162390228395636,1.5398716440427234,3.714690268407274,1.7177356983593284,2.369647037723776,11.177728879614433,7.516919434262994,8.78112745262164,17.20096102199734,11.567487419565333,13.512926701702732,2.4884535272873136,1.124446214413458,1.567730401801716,3.5297213153011544,1.5949591693807916,2.223731066385413,12.042638101352768,8.130800208530514,9.531532523359468,17.081756172131588,11.533049941178037,13.519904288453148,2.413692484127099,1.116016961316936,1.5398578247498298,3.714335066247401,1.7173939767416062,2.3696257717652824,11.175149116031811,7.514371739534301,8.779067700667344,17.196991126743253,11.563566873791126,13.509757031596898,0.6080402010050252,-0.001959798994974782,-0.001959798994974782,0.44723618090452266,-0.0027638190954772934,-0.0027638190954772934,0.3467336683417085,-0.003266331658291488,-0.003266331658291488,0.4054054054054054,0.11872749646780001,0.1885514728211357,0.41355932203389834,0.39698492462311563,0.10124557625218833,0.17661764582511896,0.4191919191919192,0.4054054054054054,0.11872749646780001,0.1885514728211357,0.41355932203389834,20.0,-10.0,-10.0,31.0,-14.0,-14.0,37.0,-13.0,-13.0,0.000477556781874839,4.163878249741097e-05,2.2710618001565878e-05,-0.00036349275698022154,0.0001152664056931485,-2.979210245257491e-05,0.0945945945945946,0.07382436892109703,0.41216216216216217,-0.8688223361968994
216,1,test,1.9534667974911064,0.8588533799203277,1.174457769872224,3.3301957785800766,1.4641405238641778,2.0021708648297913,7.05309690370219,4.065069562480079,4.873785346191479,12.023850912025637,6.929975730323181,8.308643590174045,1.5638122026388273,0.5841205855141082,0.8856614146587631,2.5427840693314265,0.9497895699416394,1.4400998612337612,4.7769974597401745,2.113362763805835,2.806766473095969,7.767475544292967,3.436362217570464,4.563847923733284,1.8885400678000204,0.8058874835375507,1.148483857373003,3.0297434242781076,1.292867620648477,1.842487471721395,6.609711902398338,3.6572109718496453,4.51365857116247,10.603815886200543,5.867183377298897,7.2411634831483465,0.3668341708542714,-0.0031658291457286047,-0.0031658291457286047,0.2814070351758794,-0.003592964824120637,-0.003592964824120637,0.21105527638190957,-0.0039447236180903955,-0.0039447236180903955,0.3585434173669467,0.11798397680750616,0.16597254737672185,0.3904494382022472,0.3065326633165829,0.07595622221382603,0.12957106064546442,0.31818181818181823,0.35451505016722407,0.1141143823875913,0.16764074538413176,0.38590604026845643,12.0,-2.0,-2.0,21.0,-9.0,-9.0,25.0,-11.0,-11.0,-0.0005481865411191594,-0.000284712530650669,-0.0002605274315373441,-0.07268103692055305,-0.06687242640558466,-0.06613635420040609,0.0700280112044818,0.07853442385694023,0.49019607843137253,-1.2608550786972046
207,1,test,1.992588939631662,0.8588579183371658,1.1729921758508386,3.7489431080698794,1.6158924752219872,2.206918268997711,7.33449777534367,4.227269741500669,5.064913301015189,13.799441690723913,7.953368328081154,9.529347190054349,2.504721963530107,1.1354193256630458,1.5781820432688356,4.245291463610351,1.924439535022112,2.674884819099722,12.240155283083137,8.30754799548196,9.714400555037454,20.746025903530743,14.08058982285078,16.46508568650416,1.9934123865531848,0.8448895589371437,1.2117432825933627,4.013581986348695,1.7011199173231084,2.4397515756913344,7.340539832272872,4.187008673979625,5.1554234223962006,14.779610400549407,8.430218806670386,10.380047159186981,0.5125628140703518,-0.0024371859296482556,-0.0024371859296482556,0.3869346733668342,-0.0030653266331658324,-0.0030653266331658324,0.3065326633165829,-0.0034673366834171437,-0.0034673366834171437,0.31043956043956045,0.0854738539923725,0.12080124176898366,0.2975206611570248,0.33668341708542715,0.10360071031850981,0.15137456900529356,0.36363636363636365,0.3076923076923077,0.09066392705791704,0.13416616753657917,0.2919463087248322,16.0,-5.0,-5.0,26.0,-9.0,-9.0,31.0,-10.0,-10.0,0.00013733897687624573,0.0002096943254816712,0.00029987658165626035,-0.030232875992910024,-0.03906625897260074,-0.03870764595685916,0.08241758241758242,0.1027397079789112,0.46153846153846156,-0.8903234004974365
331,1,test,2.2911613816672833,1.0607596094185394,1.4514163524669874,3.8691798167228955,1.7913490092829636,2.451067350192594,9.886412915034958,6.463808547494993,7.570636468907109,16.69559796909877,10.915703176233265,12.784849666035184,2.3660894445097735,1.0803780252574386,1.4950204209800697,3.7556975309678946,1.714885754376887,2.3730482872699517,10.65564122610417,7.038400809571114,8.266177344333672,16.91371623191138,11.172064777097006,13.120916419577256,2.291086141793739,1.060684369544995,1.4512269743292912,3.869052756009294,1.7912219485693623,2.45074753943026,9.885669090560404,6.463064723020438,7.569628310643816,16.694341841674852,10.914447048809347,12.783147147113727,0.5628140703517588,-0.0021859296482411583,-0.0021859296482411583,0.4522613065326633,-0.0027386934673366836,-0.0027386934673366836,0.29145728643216084,-0.0035427135678391952,-0.0035427135678391952,0.3858267716535433,0.1225654749934254,0.17771158840747003,0.3952569169960475,0.3869346733668342,0.1262830442941525,0.1732451908960495,0.40909090909090906,0.3858267716535433,0.1225654749934254,0.17771158840747003,0.3952569169960475,10.0,0.0,0.0,15.0,0.0,0.0,21.0,0.0,0.0,1.0442650343686013e-06,0.00021557713577053398,4.239595776061026e-05,-0.004747965080403205,-0.005378804706158924,-0.004696655827499008,0.1141732283464567,0.12131219291154853,0.5078740157480315,-0.5426528453826904
173,1,test,2.0246444783311164,0.9454876023769041,1.2251901514363048,3.8530224000893183,1.7993207943193124,2.331611869825213,7.573417951767186,4.63122008450765,5.3490911098265785,14.412678040863062,8.813495364904863,10.179647877374048,1.7611578649752915,0.7362791305052938,1.0744078957048868,3.010526264915028,1.2585968042825535,1.836594693512627,5.819171309812723,3.0324138073633153,3.8319248952072904,9.947301384295253,5.183613345920197,6.5502989661663085,1.8408102171730043,0.8521403275443334,1.1689215991251025,3.5628584848509757,1.649303859763226,2.2624289015324557,6.301641891701637,3.6139846786334844,4.343710275733733,12.196726242003168,6.994809055419647,8.407181178839483,0.4170854271356784,-0.0029145728643216184,-0.0029145728643216184,0.3266331658291457,-0.0033668341708542604,-0.0033668341708542604,0.23115577889447236,-0.003844221105527623,-0.003844221105527623,0.3602150537634409,0.12263116114599126,0.17057673509286408,0.3557951482479784,0.3417085427135679,0.1211571642674526,0.16641638912425238,0.31313131313131315,0.3377926421404682,0.10573921976985057,0.1587047667233381,0.3221476510067114,18.0,-6.0,-6.0,26.0,-10.0,-10.0,34.0,-13.0,-13.0,0.0004948182793876795,-0.0006376698785201536,6.192511941240173e-05,-0.057348309118445684,-0.053858328178501225,-0.05616296455617675,0.07258064516129033,0.11511275114158133,0.5564516129032258,-0.7416636943817139
112,1,test,2.136909337502095,0.9935403732960431,1.3718332976799923,3.647483179529438,1.6958706371777286,2.3415775253503317,8.473209288106037,5.335889187988417,6.32405149808791,14.462891715905133,9.107810855359538,10.794501695012123,2.156800789300196,0.9018385110704095,1.3165270867423877,3.171765866617935,1.326233104515308,1.9360692452093935,8.643441189130202,5.1357351341650475,6.326440130011722,12.710942925191473,7.552551667889774,9.303588426487826,2.1371009173189477,0.9938363514237334,1.3719655059024976,3.6478101864582038,1.696375841223269,2.3418031911094355,8.474832739494904,5.33784015320005,6.325547346764328,14.465662779482681,9.11114095115181,10.797054953959801,0.542713567839196,-0.0022864321608039306,-0.0022864321608039306,0.40703517587939697,-0.00296482412060306,-0.00296482412060306,0.2814070351758794,-0.003592964824120637,-0.003592964824120637,0.3716216216216216,0.09552734552734554,0.16310144224942424,0.36610169491525424,0.3919597989949749,0.11945979899497494,0.18064532312143078,0.38383838383838387,0.3716216216216216,0.09384384384384381,0.16310144224942424,0.36610169491525424,20.0,-9.0,-9.0,30.0,-11.0,-11.0,36.0,-11.0,-11.0,2.303683789836185e-06,3.1627294803352886e-05,2.720262838752098e-06,-0.005023226092317756,-0.004117470936293444,-0.004209548635627058,0.11824324324324324,0.02705237035869283,0.0033783783783783786,-0.6437361240386963
18,1,test,1.4554762171404492,0.6629188254031974,0.7945270435192212,2.931744951668619,1.3353079197407263,1.6004044733744314,4.286524295967038,2.077485710365955,2.3498946358860464,8.634284653305034,4.184649788022852,4.733359195141893,1.229162811391636,0.4671771496541206,0.7059981354862618,1.8623678960479333,0.7078441661426071,1.0696941446761543,3.418366520504614,1.275840188487066,1.731007366638825,5.179343212885779,1.933091194677373,2.62273843430125,1.302168563712515,0.5393280623062349,0.7879142505850788,2.4569218183255,1.0176001175589338,1.4866306614812808,3.677262405206148,1.5329037736390276,2.00487144847203,6.938230953219147,2.8922712710170337,3.7827763178717544,0.3517587939698492,-0.0032412060301507672,-0.0032412060301507672,0.2160804020100503,-0.003919597989949675,-0.003919597989949675,0.14070351758793975,-0.004296482412060265,-0.004296482412060265,0.3341232227488151,0.10690428783757255,0.13666476722584342,0.36104513064133015,0.3417085427135679,0.1211571642674526,0.17142473636966138,0.31313131313131315,0.3311036789297659,0.10739750196816322,0.16202692698315857,0.3389261744966443,19.0,-8.0,-8.0,24.0,-8.0,-8.0,29.0,-10.0,-10.0,2.5827348491512163e-05,-0.00036722256073721453,-0.00014079921751701863,-0.11450443582795344,-0.10193962350023611,-0.10212677089815614,0.1066350710900474,0.0346366078575354,0.6184834123222749,-1.1756514310836792
153,1,test,1.5832259281743135,0.6848620124565515,0.894552600325067,3.102483131977948,1.3420528324906162,1.7529616612430607,4.870642838982272,2.4150605557124734,2.8795705588608262,9.544492027904655,4.732542907153735,5.642794832515154,1.831754662637833,0.7713268720257085,1.096376804490231,3.0276936572526165,1.2749204496292703,1.812193065273109,6.244834628721126,3.357228612893301,4.158564470955598,10.32204070862996,5.549138203129423,6.873660282571235,1.6696137682798018,0.6954135404068329,1.006497882797102,3.017374280023738,1.2567714585665655,1.8189720773441607,5.310116465645034,2.661068736637592,3.3692861379334618,9.596596022250061,4.809160367417334,6.089071333614688,0.44221105527638194,-0.0027889447236180143,-0.0027889447236180143,0.31155778894472363,-0.003442211055276312,-0.003442211055276312,0.20100502512562812,-0.003994974874371837,-0.003994974874371837,0.30490956072351416,0.0752321413686754,0.11233869073328928,0.2849740932642487,0.3266331658291457,0.09355045906222836,0.1429937668308151,0.30808080808080807,0.31438127090301005,0.08733619577780138,0.1408551307472815,0.2953020134228188,14.0,-5.0,-5.0,23.0,-11.0,-11.0,28.0,-14.0,-14.0,0.0008203074674874313,0.0007068324752742392,0.0002302732644832582,-0.07896249899308305,-0.08873292622053253,-0.08447772506334061,0.06976744186046512,0.1375701713328461,0.20930232558139536,-1.403200626373291
11,1,test,1.9114872452740814,0.8326182873933596,1.1688080190680887,3.845201086423443,1.674918182779665,2.351206829055574,6.763139770209775,3.821788892954291,4.661581241058411,13.604920700538269,7.6880171916406095,9.377366915152386,2.1687229951419145,0.9613110837986591,1.3421517269629903,3.189298522267521,1.4136927702921458,1.9737525396514564,8.747106807681705,5.40229004924502,6.461637777392717,12.8633923642378,7.944544190066205,9.502408496165758,1.8257694319051276,0.7902130443754758,1.1180679678324386,3.4233176848221145,1.4816494582040174,2.0963774396858224,6.207569484070818,3.3908965226296717,4.178248058462399,11.639192782632785,6.357930979930635,7.8342151096169985,0.5628140703517588,-0.0021859296482411583,-0.0021859296482411583,0.42713567839195976,-0.002864321608040288,-0.002864321608040288,0.3266331658291457,-0.0033668341708542604,-0.0033668341708542604,0.3797101449275362,0.1235596384152352,0.17052148412597212,0.36046511627906974,0.40703517587939697,0.13385221848591322,0.1933456934086123,0.3939393939393939,0.3712374581939799,0.11748119775992316,0.1699026417312436,0.3355704697986577,14.0,-2.0,-2.0,24.0,-5.0,-5.0,35.0,-11.0,-11.0,0.0013160270634874462,-0.00011367594414522893,0.0006424496761143603,-0.05028508186211145,-0.04593529685078668,-0.05480140902938402,0.0782608695652174,0.19329429180555402,0.23478260869565218,-1.051198124885559
421,1,test,1.2541298793905786,0.50415943315742,0.5383816685687858,2.2500565483183914,0.9045213359589008,0.9659200524322336,3.504787459403021,1.3878500071907287,1.4590707222165853,6.28800103010542,2.4899661893716014,2.617744531035638,1.7717085072657401,0.746784965634782,1.072368569645671,2.7048984843751755,1.1401297185263846,1.6372039231231617,5.880892330390386,3.0940099584515064,3.868468386742846,8.978461573115093,4.723679325880162,5.906058605714268,1.406058641448324,0.6132289403228813,0.8648072381099978,2.3304839361021945,1.0164015585462123,1.4333821626132561,4.079843547371357,1.8702033379143437,2.3616879242676907,6.762171625477386,3.0997845379795748,3.9143998744768354,0.4522613065326633,-0.0027386934673366836,-0.0027386934673366836,0.321608040201005,-0.0033919597989949812,-0.0033919597989949812,0.24120603015075381,-0.0037939698492461815,-0.0037939698492461815,0.2813141683778234,0.07618596324961824,0.08385571285485172,0.2510288065843621,0.3417085427135679,0.10110703895416939,0.1513913473880253,0.3434343434343434,0.3010033444816054,0.09232220925622969,0.14193771600552085,0.27181208053691275,21.0,-12.0,-12.0,29.0,-17.0,-17.0,36.0,-18.0,-18.0,7.015851362815707e-05,0.0008869376204033333,0.0004534393608646725,-0.15037465300155617,-0.1781630046169802,-0.17984466162955037,0.057494866529774126,0.10434017088571575,0.1971252566735113,-1.5715134143829346
205,1,test,1.8982973093475697,0.8399908913699135,1.166924718583057,3.468616549540847,1.5348524664298417,2.1322341716517634,6.674520118534618,3.7930332982461037,4.596589318756584,12.195850897217705,6.930725764858064,8.399003519612815,2.0319009898046714,0.8923839898184067,1.2451497992479132,3.2772596609752767,1.43932901583614,2.008306127819215,7.628574425790705,4.503315925106241,5.432324799070621,12.304152299662428,7.2634127824294215,8.761814192049389,1.9101849040545011,0.8234045306541782,1.1721839141604993,3.4314698875230563,1.4791698155464281,2.105719606276346,6.7543375874800535,3.7896241677109135,4.662587684327175,12.133540576311473,6.807708085708227,8.375906019749415,0.4522613065326633,-0.0027386934673366836,-0.0027386934673366836,0.3316582914572864,-0.0033417085427135396,-0.0033417085427135396,0.2613065326633166,-0.003693467336683409,-0.003693467336683409,0.33045977011494254,0.10090453338610461,0.15450669093605696,0.3198847262247838,0.3266331658291457,0.09605672472638882,0.1496715631580272,0.33838383838383834,0.3277591973244147,0.09904467311740306,0.15534540422096643,0.31879194630872487,15.0,-6.0,-6.0,24.0,-10.0,-10.0,29.0,-11.0,-11.0,0.000879510745514558,-2.9718229325238045e-05,0.00021636766994404118,-0.06379528221412478,-0.05421948618119643,-0.06223606086332634,0.07471264367816093,0.08469488497107822,0.2672413793103448,-1.0040254592895508
335,1,test,2.3315842558856,0.9921966554472978,1.4196113853172307,4.115386668520969,1.7512868677473392,2.5056996138430643,10.294237327354693,6.477531886569215,7.805008709217614,18.16994901755979,11.433233992558916,13.776310553016632,2.5833770428261364,1.192953931283926,1.6383374167331146,4.100598480676407,1.8935776687046442,2.6005355821160547,13.241780798029854,9.225231656211287,10.668865466879282,21.018699679412467,14.643224851129027,16.934707090284576,2.331123147929676,0.9917348159446957,1.4192387006560008,4.114572785201175,1.7504716932035893,2.50504180296511,10.289491666837874,6.472783433953189,7.800483144765504,18.16157264086444,11.424852687640264,13.768322659134292,0.5829145728643217,-0.002085427135678275,-0.002085427135678275,0.4371859296482412,-0.002814070351758735,-0.002814070351758735,0.33668341708542715,-0.0033165829145728187,-0.0033165829145728187,0.3527397260273972,0.09462006790773914,0.1511451929977845,0.3470790378006873,0.3668341708542714,0.0961574791249481,0.1564835865470927,0.3787878787878788,0.3527397260273972,0.09462006790773914,0.1511451929977845,0.3470790378006873,20.0,-4.0,-4.0,29.0,-4.0,-4.0,39.0,-7.0,-7.0,0.001063615477742227,-1.5769848620881236e-05,0.00013974927788545214,-0.023045827689203158,-0.016861611246222097,-0.020377795626494333,0.08561643835616438,0.07215584947290452,0.8116438356164384,-1.1010775566101074
465,1,test,1.953735876395496,0.8614683909172125,1.0541016758730464,3.816175683800548,1.682681249548574,2.0589462640884735,7.054994998646793,4.07396915093255,4.596291444484116,13.780317333805417,7.957565911634608,8.977802914926919,1.9456612210786046,0.8344559354075489,1.1608893458872487,3.2427687017976745,1.390759892345915,1.9348155764787478,6.998257721023026,3.960239852981153,4.8063508656605265,11.66376286837171,6.600399754968588,8.010584776100877,1.8173768310929814,0.8128863746162862,1.1301905155379293,3.540344476155159,1.5835448856161423,2.201669835463499,6.1556898384700345,3.4251742367126448,4.167576107063439,11.991603581435132,6.672417344245412,8.118654754019687,0.4522613065326633,-0.0027386934673366836,-0.0027386934673366836,0.321608040201005,-0.0033919597989949812,-0.0033919597989949812,0.24623115577889443,-0.0037688442211055717,-0.0037688442211055717,0.3597122302158273,0.11659845776073752,0.1436809496684177,0.3533653846153846,0.3266331658291457,0.09856299039054917,0.1429937668308151,0.297979797979798,0.32441471571906355,0.09736964059385489,0.1486638814587743,0.30536912751677847,17.0,-2.0,-2.0,27.0,-4.0,-4.0,30.0,-3.0,-3.0,0.0002603317104292194,0.0001643664278059873,-7.396230772194346e-05,-0.06979459592259474,-0.07295525137093062,-0.06794558481890789,0.14148681055155876,0.05034212327956623,0.002398081534772182,-1.070812702178955
66,1,test,2.502278304193145,1.097101197820207,1.5614415957792784,4.424932820409347,1.9400716097046602,2.7611933303893457,12.210281029455276,8.134032422507172,9.648156756786832,21.592191876946334,14.383910442060706,17.061429745052422,2.3328808885791354,1.018694081150878,1.431612069531194,4.05718415405067,1.7716418802623966,2.4897601209238154,10.307593829395653,6.585870552755311,7.844867946263555,17.9262501380794,11.453687917835325,13.643248602197492,2.476921420167048,1.0678225626577391,1.532038887524862,4.345476175731664,1.873372916943402,2.6877875219734424,11.904558811592205,7.812292784398812,9.332047636843718,20.885190897530187,13.70577681473476,16.37201339797144,0.5276381909547738,-0.002361809045226204,-0.002361809045226204,0.3919597989949749,-0.0030402010050251116,-0.0030402010050251116,0.3316582914572864,-0.0033417085427135396,-0.0033417085427135396,0.40384615384615385,0.14304615384615382,0.19275873380350994,0.4115755627009646,0.371859296482412,0.12624526139469272,0.17152540666605143,0.3737373737373737,0.4013377926421404,0.1375648377172657,0.18665481155204033,0.4093959731543624,18.0,0.0,0.0,27.0,0.0,0.0,36.0,0.0,0.0,-5.1117766785228586e-05,0.00016125927807010632,-0.0002507876985904461,-0.03992041663999757,-0.03433194010241536,-0.03675567904654997,0.08012820512820513,0.17397357612672237,0.003205128205128205,-1.2693169116973877
9,1,test,1.8022476251754673,0.7478770843646676,1.083362474957339,3.038074568152931,1.2607070850718685,1.8262396006423718,6.063260096673437,3.1930921650778537,4.0111159942033385,10.220924162963794,5.382641078274096,6.761595533085629,2.074299225718223,0.9101494282478466,1.2776168023058627,3.0281740521433913,1.328685296712185,1.8651340179647633,7.958967064886556,4.755768707065515,5.74079730490447,11.618930021732197,6.9427280395117,8.380725992561269,1.8022997975722237,0.7477663096182363,1.0836663930147679,3.038162515907463,1.2605203504993125,1.8267519196534658,6.063576439736954,3.192940784370357,4.011948890616967,10.22145742698515,5.382385893652887,6.762999558468602,0.5276381909547738,-0.002361809045226204,-0.002361809045226204,0.38190954773869346,-0.0030904522613065533,-0.0030904522613065533,0.2864321608040201,-0.003567839195979916,-0.003567839195979916,0.33333333333333337,0.08715336728919076,0.13876319758672706,0.32423208191126285,0.38190954773869346,0.11373912167353051,0.17489786159512088,0.3787878787878788,0.33333333333333337,0.08715336728919076,0.13876319758672706,0.32423208191126285,19.0,-8.0,-8.0,31.0,-16.0,-16.0,37.0,-17.0,-17.0,0.0009496524541477581,0.00013556514687021286,0.0001875630296429929,-0.0626591085387247,-0.05236538483683795,-0.057831982545102356,0.1292517006802721,0.059458228877917574,0.7755102040816326,-1.0048452615737915
400,1,test,1.4150108440195264,0.6339508700479353,0.7896318957886664,3.5155548919739785,1.5750332175103983,1.9618183746302271,4.116531105474912,1.9327453102314913,2.247577045383658,10.227406473229593,4.801851702438487,5.584042348779273,1.6815524530570594,0.6843774317788682,1.0067686173483803,3.329806837736751,1.3552028352056795,1.99360122247204,5.373892214030788,2.663278637473083,3.4102837459739437,10.641370720853047,5.273819084105115,6.753037120740483,1.4629736113257634,0.650145717751197,0.9075036166784818,3.511136667181832,1.5603497226028726,2.1780086800283565,4.318782834682424,2.064509006735694,2.57602295454648,10.365078803237818,4.954821616165666,6.182455090911553,0.4120603015075377,-0.0029396984924623393,-0.0029396984924623393,0.29145728643216084,-0.0035427135678391952,-0.0035427135678391952,0.2211055276381909,-0.003894472361809065,-0.003894472361809065,0.29824561403508776,0.08798278549941818,0.12229253485620217,0.2814070351758794,0.31658291457286436,0.09603153612674908,0.13294351557453377,0.33333333333333337,0.3210702341137124,0.10070295531571571,0.15310582921938531,0.30536912751677847,18.0,-7.0,-7.0,25.0,-9.0,-9.0,32.0,-10.0,-10.0,-0.0001934224842076005,0.0004125418321550726,-6.359697032018337e-05,-0.15050127765869092,-0.1635938041086229,-0.15780250687799668,0.07017543859649122,0.12126799672834505,0.40852130325814534,-1.0573097467422485
59,1,test,2.08397411627197,0.9266368723834884,1.3051762195848116,3.6660487071590673,1.6301046550829952,2.2960168051334904,8.036342897965309,4.854892337461957,5.8574914119648795,14.137231485425884,8.540543588414753,10.304278085969633,2.2502253564486714,1.0098228569866545,1.3959437572419753,3.750375594081119,1.6830380949777575,2.3265729287366255,9.48987419975048,6.032869572474999,7.140188441769407,15.816456999584133,10.054782620791665,11.900314069615678,2.051774951167314,0.8861629243313869,1.266072195056433,3.55799124479881,1.5366987127133878,2.195500916282832,7.781700994884169,4.573815400288165,5.587752785271185,13.494279181880062,7.9314717924072236,9.689744714343096,0.5477386934673367,-0.002261306532663321,-0.002261306532663321,0.39698492462311563,-0.0030150753768843908,-0.0030150753768843908,0.2864321608040201,-0.003567839195979916,-0.003567839195979916,0.3731343283582089,0.11232955935671862,0.16856630452504107,0.3772455089820359,0.36180904522613067,0.09363861916096772,0.151458460918952,0.398989898989899,0.36789297658862874,0.110797817990966,0.16322111896905145,0.3691275167785235,18.0,-6.0,-6.0,26.0,-8.0,-8.0,31.0,-7.0,-7.0,0.00022076898153961622,-0.00011032892820341275,0.0001279645593080343,-0.009772775791261346,-0.010541943428337142,-0.011511041360058982,0.07761194029850746,0.1057640336992146,0.3044776119402985,-0.8856291770935059
423,1,test,2.5337395349547163,1.1875900104891253,1.621726077786486,4.464207752063071,2.0924204946713156,2.857326898957142,12.600538296063968,8.757937129257813,10.111208646550757,22.200948426398423,15.430651132501863,17.814986662970384,2.609175636700822,1.1891836149000383,1.643914692295882,4.242562010895646,1.9336318941464041,2.6730320199933044,13.58784491292201,9.450757479310006,10.962372243423053,22.09405676897888,15.367085332211392,17.82499551776106,2.533884833705102,1.187735309469175,1.621788826349562,4.464463754623275,2.092676497636166,2.8574374559492286,12.602369271548575,8.759768105624927,10.112834118924477,22.20417443082368,15.433877138482014,17.817850590485982,0.6231155778894473,-0.0018844221105527303,-0.0018844221105527303,0.4522613065326633,-0.0027386934673366836,-0.0027386934673366836,0.3517587939698492,-0.0032412060301507672,-0.0032412060301507672,0.3875968992248062,0.10713268259037678,0.16594741468872376,0.4046692607003891,0.39698492462311563,0.12380196722963188,0.17494819674331596,0.4191919191919192,0.3875968992248062,0.10713268259037678,0.1672360744825382,0.4046692607003891,24.0,-13.0,-13.0,31.0,-10.0,-10.0,43.0,-15.0,-15.0,0.00010345670932827677,5.692857215712462e-05,-2.341208827927217e-05,-0.0047756847678446235,-0.0054007911842397505,-0.005480886252328787,0.1744186046511628,0.048529817431792695,0.003875968992248062,-0.5942392349243164
429,1,test,1.222577349509556,0.5056157904444756,0.628319083119065,3.1235360331981945,1.2917866841233856,1.6052786330907818,3.3959289600243485,1.3477285495529836,1.5842423024379537,8.676184355184159,3.4432820869676837,4.047545882448187,1.2039651877158049,0.3448153450634889,0.6132243582759141,2.4079303754316097,0.6896306901269778,1.2264487165518283,3.333307944729584,0.9721554556853711,1.5279825864421985,6.666615889459168,1.9443109113707422,3.055965172884397,1.2009405423148067,0.46150612893013243,0.6921607465906571,2.771401251495708,1.065014143684921,1.597294030593824,3.323241102173658,1.2284906855835294,1.6599806634437058,7.669017928093056,2.834978505192759,3.8307246079470127,0.29145728643216084,-0.0035427135678391952,-0.0035427135678391952,0.2211055276381909,-0.003894472361809065,-0.003894472361809065,0.16080402010050254,-0.004195979899497493,-0.004195979899497493,0.30622009569377995,0.10430850668541669,0.12440191387559818,0.31175059952038364,0.27638190954773867,0.08841198473570855,0.12780094126727126,0.28787878787878785,0.2976588628762542,0.09732497305989363,0.13636854029560908,0.30536912751677847,14.0,-5.0,-5.0,20.0,-8.0,-8.0,25.0,-12.0,-12.0,0.00016295394413329829,-0.000180947021615177,-1.3452543639102543e-05,-0.18406328515501702,-0.17795534953952785,-0.1822899283896371,0.16267942583732056,0.032488715917783455,0.0023923444976076554,-0.9991648197174072
4,1,test,1.9881484986258302,0.9007464615124576,1.23714132330058,4.192954205435244,1.8996511912666572,2.6090993292685303,7.3020015727953655,4.335444525274703,5.182868291897161,15.399734086215867,9.14334133856011,10.930536333552345,2.2228315644713246,1.0113768495733897,1.3979375607923143,4.445663128942649,2.0227536991467794,2.7958751215846287,9.233438962773569,5.87507239610481,6.951800055592065,18.466877925547138,11.75014479220962,13.90360011118413,2.091187735012394,0.9758699244690461,1.3317673777823482,4.326595313818746,2.0190412230394053,2.7553807816186513,8.094523606129762,5.043986088002166,5.957486462838554,16.74729021957882,10.435833285521724,12.325834061045285,0.5577889447236181,-0.00221105527638199,-0.00221105527638199,0.4170854271356784,-0.0029145728643216184,-0.0029145728643216184,0.31658291457286436,-0.003417085427135591,-0.003417085427135591,0.3780487804878049,0.12538515796116867,0.18535101172512736,0.3486238532110092,0.37688442211055273,0.10620773038122944,0.16653383780337405,0.3737373737373737,0.3846153846153846,0.12418132785411584,0.18550526225720887,0.35906040268456374,16.0,0.0,0.0,24.0,0.0,0.0,32.0,0.0,0.0,0.0005661679659758252,-8.190801649243549e-05,0.00031900823631811007,-0.06105079916947265,-0.056471742084822196,-0.06621741897698197,0.07621951219512195,0.056838622443382524,0.3628048780487805,-0.8273172378540039
94,1,test,1.8452791008704286,0.8372142554171214,1.1600769878332693,3.081436945142852,1.3980665236091738,1.9372159408477898,6.329866215055592,3.5895732247457492,4.345693392846768,10.570262029024873,5.994238783070572,7.256886054074216,2.2479548727207117,0.9691364067278954,1.3796714706689952,3.2579056126387127,1.4045455169969498,1.9995238705347755,9.46835203690556,5.875959353976891,7.085535034901337,13.72224932884864,8.515883121705642,10.268891354929476,1.8653318802534704,0.8662415814397276,1.1868886226689668,2.960844254370588,1.374986637205917,1.8839501947126456,6.458078839211715,3.742268710532034,4.487271535616704,10.250918792399547,5.9401090643365615,7.122653231137624,0.5226130653266332,-0.002386934673366814,-0.002386934673366814,0.40201005025125625,-0.002989949748743781,-0.002989949748743781,0.31658291457286436,-0.003417085427135591,-0.003417085427135591,0.33819241982507287,0.10675137179013838,0.15832927221998983,0.3157894736842105,0.38190954773869346,0.13128298132265337,0.18157565792233288,0.38383838383838387,0.33444816053511706,0.1074030854099084,0.1586973262748278,0.31543624161073824,16.0,-7.0,-7.0,27.0,-13.0,-13.0,35.0,-16.0,-16.0,0.0006624414282666862,0.0002645348833802487,0.00047827524795439574,-0.06951903551601202,-0.06861333348073195,-0.07393722506444789,0.0728862973760933,0.14977478227051017,0.4752186588921283,-1.1704617738723755
48,1,test,1.737809678336655,0.783080202339497,0.8226192724027422,3.7022901842824387,1.6683013006363199,1.7525367107710594,5.6848780645053685,3.0869103892730188,3.1876273665144295,12.111261963511437,6.576461264103387,6.791032215617697,1.530482071503524,0.5653647470705712,0.8752610135159591,2.6387621922474556,0.9747668052940883,1.5090707129585503,4.620403650446119,1.9953080241822887,2.6948355178980057,7.966213190424344,3.4401862485901535,4.646268134306907,1.6941930556793836,0.7113085521426588,1.0320034283430692,3.0074432941054146,1.2626779032118203,1.8319587485379927,5.442252598024511,2.770099627357797,3.503219147900011,9.660803428445877,4.9173366166114745,6.218732215207121,0.4120603015075377,-0.0029396984924623393,-0.0029396984924623393,0.29648241206030146,-0.0035175879396985854,-0.0035175879396985854,0.18592964824120606,-0.004070351758793889,-0.004070351758793889,0.3496932515337423,0.1188454476522306,0.12681935124048715,0.3770491803278688,0.3417085427135679,0.09860077329000894,0.15806914371523728,0.38383838383838387,0.3411371237458194,0.09405865963897464,0.15092577780588612,0.38926174496644295,13.0,-3.0,-3.0,19.0,-6.0,-6.0,25.0,-7.0,-7.0,9.913027311078497e-05,-0.0004695773342306018,-0.0001722988844351383,-0.0727161098212985,-0.07289671656983998,-0.0757072801503087,0.0736196319018405,0.02071633875338095,0.002044989775051125,-1.2586581707000732
323,1,test,2.42532644442361,1.1152428324516357,1.5394181915241936,4.150291241794413,1.9084369325375588,2.6342985095601175,11.305919571329875,7.599435965671899,8.880733497554708,19.347028143452192,13.004382401149773,15.196977108115007,2.6887903100020627,1.239467496588108,1.700665282140045,4.10502337404895,1.892316788684134,2.5964355452519765,14.713865933881914,10.453637365405065,12.027672723595241,22.463917456308266,15.959751702908495,18.362859119992734,2.442196981574052,1.1329212882992106,1.548021894149859,4.0255994201770084,1.8674526730206766,2.551684440906361,11.498274510817083,7.794784233219062,9.052956726971182,18.95319974310508,12.848545439372078,14.922456143359092,0.6683417085427136,-0.0016582914572863539,-0.0016582914572863539,0.5226130653266332,-0.002386934673366814,-0.002386934673366814,0.37688442211055273,-0.003115577889447274,-0.003115577889447274,0.42946708463949845,0.14308210811367683,0.21674549965513978,0.39308176100628933,0.4120603015075377,0.10378962481580833,0.17833743005511704,0.4292929292929293,0.4347826086956522,0.1493068157073384,0.2256613628669537,0.3959731543624161,22.0,-8.0,-8.0,33.0,-11.0,-11.0,42.0,-13.0,-13.0,0.000754369329635597,0.0002413036159954517,0.0002557213481923425,-0.007456732781201403,-0.0069576531146138265,-0.008478353931675287,0.09090909090909091,0.14381871163343443,0.6551724137931034,-0.9888136386871338
93,1,test,1.7987740684128979,0.8162023791692468,1.1353410371753285,3.3766460582487734,1.532169378440516,2.1312542276800026,6.042235554670912,3.370918340921532,4.100789603243919,11.34244218157522,6.327864254010596,7.697973465738584,1.9426886207198646,0.8493997182811257,1.198410339218031,3.05935215861396,1.3376373516238198,1.8872603767213085,6.977485586533999,3.9934133128886473,4.872563860835086,10.988166278006297,6.288839862816767,7.673328914700922,1.8281057176035282,0.8286473825197885,1.158386103342814,3.32382857746096,1.5066316045814336,2.106156551532389,6.222089094252807,3.5052792649915943,4.268399637082613,11.31288926227783,6.373235027257444,7.760726612877479,0.5125628140703518,-0.0024371859296482556,-0.0024371859296482556,0.37688442211055273,-0.003115577889447274,-0.003115577889447274,0.2613065326633166,-0.003693467336683409,-0.003693467336683409,0.36250000000000004,0.10196957878315138,0.17019230769230775,0.35423197492163006,0.38190954773869346,0.11875165300185131,0.18491455608593887,0.38888888888888884,0.36789297658862874,0.0991116744183449,0.1721198953872939,0.36241610738255037,19.0,-10.0,-10.0,28.0,-15.0,-15.0,37.0,-18.0,-18.0,0.00013444203626172002,0.0003044555709538695,0.00013297081104290669,-0.061976095642350515,-0.06847951240758832,-0.06608664084075766,0.11875,0.050803898033385385,0.721875,-1.0531407594680786
328,1,test,2.1867989578349207,0.9982809606677348,1.3858832078628116,4.0594026631073525,1.8531307488257371,2.5726452651706215,8.906656850052117,5.624443498351123,6.679076949064442,16.533621623947322,10.440777298663292,12.398516405447213,2.1188730677183663,0.9153306296718238,1.3026735662320479,3.5314551128639438,1.5255510494530395,2.171122610386747,8.321754148097286,4.989855060380986,6.059866965265432,13.86959024682881,8.316425100634977,10.099778275442386,2.191906804255138,0.9904083318605754,1.3833542119352882,3.868070831038479,1.7477794091657213,2.4412133151799202,8.952267071197621,5.627171315515401,6.707610370269737,15.798118360936979,9.930302321497766,11.836959476946596,0.48743718592964824,-0.002562814070351749,-0.002562814070351749,0.3668341708542714,-0.0031658291457286047,-0.0031658291457286047,0.29145728643216084,-0.0035427135678391952,-0.0035427135678391952,0.3850931677018633,0.12152727622899506,0.17125019249525175,0.4018691588785047,0.36180904522613067,0.11619501013841138,0.1598057063279671,0.3787878787878788,0.37792642140468224,0.1174923646434135,0.16880517557598373,0.3959731543624161,16.0,-4.0,-4.0,28.0,-12.0,-12.0,33.0,-8.0,-8.0,-0.0006801723738653713,5.605903215869198e-05,-0.00014319974194038922,-0.023298874704139827,-0.027488649352028993,-0.023494182308566813,0.08385093167701864,0.04157815230030756,0.21739130434782608,-1.1007397174835205
251,1,test,3.104779264790148,1.4658286655467783,2.0042002139746,5.406962529158354,2.552735635237927,3.4903078556292355,22.30429508860126,17.15453257760148,19.29838899612319,38.84285403184982,29.874560135142715,33.60807879596964,3.245106876840765,1.5212375090717105,2.0858620989120533,5.0311734524663025,2.358507766002652,3.233894726995432,25.664452849295838,20.058273930802436,22.476927771718906,39.78984937875324,31.098099117523155,34.847950033672724,3.104927407976656,1.4659696180910768,2.0042497217098303,5.407220520013769,2.5529811036143926,3.4903940731817453,22.307599562710116,17.15780002147752,19.301396966705475,38.84860876227068,29.880250377539085,33.61331716650749,0.7135678391959799,-0.0014321608040201994,-0.0014321608040201994,0.5577889447236181,-0.00221105527638199,-0.00221105527638199,0.4120603015075377,-0.0029396984924623393,-0.0029396984924623393,0.388235294117647,0.08295153677909517,0.14964337755962875,0.38188976377952755,0.3919597989949749,0.086195387967406,0.14822023305173615,0.4040404040404041,0.388235294117647,0.08295153677909517,0.14964337755962875,0.3779527559055118,20.0,0.0,0.0,31.0,0.0,0.0,38.0,1.0,1.0,0.000191147127962739,0.000609204777044166,0.00028982168405679575,-7.936596070123869e-05,-0.0001398081572467902,0.00011389473326595123,0.10980392156862745,0.09385342354108722,0.5176470588235295,-0.5570774078369141
360,1,test,2.152503572101913,0.9869642612331888,1.3649133287853603,3.603103805474941,1.6520923503251204,2.2847462242711463,8.606378136028605,5.398725797455468,6.408284966691419,14.406328619004404,9.036997530523282,10.726911792070418,2.2009554817772874,0.9771149503888272,1.3746402742703316,3.730433019961504,1.6561270345573345,2.3298987699497147,9.033640856357406,5.633419509947114,6.74875696988472,15.311255688741367,9.548168660927312,11.438571135397831,2.1468545647851713,0.9790030381990351,1.3608758518138913,3.5583224830693445,1.6226569693906658,2.255595334498162,8.557897705044873,5.342820001103448,6.363343976827422,14.184360837090948,8.855502764259857,10.546978967117273,0.5326633165829145,-0.0023366834170853723,-0.0023366834170853723,0.4120603015075377,-0.0029396984924623393,-0.0029396984924623393,0.2864321608040201,-0.003567839195979916,-0.003567839195979916,0.3648208469055375,0.09490214771854566,0.16438747745808358,0.369281045751634,0.38190954773869346,0.1087265903452097,0.17155896343151478,0.38888888888888884,0.3612040133779264,0.09409216028944556,0.1620938910197507,0.3657718120805369,22.0,-7.0,-7.0,30.0,-9.0,-9.0,39.0,-9.0,-9.0,0.000279811871847549,8.301967004482972e-05,0.00012247841004307458,-0.022886405841628488,-0.02144550679014401,-0.02291124152717483,0.11400651465798045,0.05663282360395145,0.003257328990228013,-1.1645276546478271
32,1,test,2.1184559010397472,0.9291480300644055,1.3145689979378163,3.972104814449526,1.74215255637076,2.4648168711334053,8.318283313567632,5.033476403350222,6.0840750895799935,15.596781212939309,9.437768256281666,11.407640792962486,1.9540472793411243,0.8034099631521683,1.1685777437097031,3.5854078520020627,1.4741467213801251,2.144179346256336,7.057192286974037,3.896985968294155,4.86375569135266,12.948976673346856,7.150432969347072,8.92432236945442,2.1227325173231573,0.9424027857736317,1.3232941409496406,3.836263585523778,1.7031375646511417,2.3914954354511577,8.353933596391157,5.098486146720893,6.129642233340253,15.097470354923777,9.214131590459445,11.077666686759494,0.4824120603015075,-0.0025879396984924696,-0.0025879396984924696,0.35678391959798994,-0.0032160804020100464,-0.0032160804020100464,0.27638190954773867,-0.0036180904522613577,-0.0036180904522613577,0.38601823708206684,0.13563887441135358,0.19491611372514062,0.3871951219512195,0.36180904522613067,0.10867621314593012,0.17149184990058808,0.3535353535353535,0.38795986622073575,0.139211953032088,0.19552382617624187,0.38926174496644295,15.0,-6.0,-6.0,26.0,-14.0,-14.0,35.0,-20.0,-20.0,-5.428935409765028e-05,-9.798584109809473e-05,-8.515539446429218e-05,-0.016951729342565613,-0.01455757371272881,-0.016679684420827456,0.0790273556231003,0.07490894827608283,0.00303951367781155,-0.6886575222015381
155,1,test,1.4858087301819607,0.6225573396589555,0.7976513019579107,2.949659695878474,1.2359143245446262,1.5835146536405815,4.418537372741435,2.0476806160786407,2.4284920211442453,8.771776163619696,4.065099942264494,4.8210949976410395,1.8716376734713875,0.8120444066020083,1.1410723574701958,3.5993032182142066,1.561623858850016,2.1943699182119145,6.4989308156483325,3.6137335703725064,4.422676800061044,12.497943876246794,6.949487635331743,8.505147692425085,1.6140684730085522,0.6943656172864083,0.9802363311401384,3.1442892331335432,1.352660293415081,1.909551294428841,5.023206490936968,2.514661611513942,3.1383868372836394,9.78546719013695,4.898691451001186,6.113740592110986,0.4371859296482412,-0.002814070351758735,-0.002814070351758735,0.321608040201005,-0.0033919597989949812,0.0016080402010050232,0.23115577889447236,-0.003844221105527623,-0.003844221105527623,0.29850746268656714,0.10099193473625656,0.13135203746662583,0.256857855361596,0.321608040201005,0.0960441304265689,0.1429769884480835,0.30808080808080807,0.2976588628762542,0.09064717673268163,0.13414384619104847,0.2651006711409396,15.0,0.0,-1.0,24.0,-4.0,-4.0,31.0,-5.0,-6.0,0.0008257149416068414,0.000988891931980539,0.00027712995077299325,-0.14277958942675895,-0.16619410851941208,-0.15581854945693863,0.06965174129353234,0.14823764474306583,0.4975124378109453,-1.539739727973938
128,1,test,2.353497742738578,1.0784285162520115,1.480511481332871,4.370781522228788,2.002795815896593,2.7495213224753323,10.522309766241715,6.943360606639729,8.12826031940887,19.54143242302033,12.894812555188068,15.095340593187903,2.9658831706500077,1.3906180166520163,1.8957053398584236,4.707751064523822,2.207330185161931,3.0090560950133707,19.41183964020818,14.579816961812972,16.495941649886525,30.812443873346314,23.142566606052334,26.184034364899244,2.3535072909877077,1.0782976456403919,1.4806501323417058,4.370799254691457,2.0025527704750132,2.749778817206025,10.52241023635644,6.942958489505243,8.128669847963474,19.541619010376245,12.894065766224024,15.09610114621788,0.6934673366834171,-0.0015326633165829717,-0.0015326633165829717,0.5326633165829145,-0.0023366834170853723,-0.0023366834170853723,0.37688442211055273,-0.003115577889447274,-0.003115577889447274,0.3897058823529411,0.12732056125202373,0.18799439091039838,0.35424354243542433,0.37688442211055273,0.07613254241130463,0.14149210157632908,0.4444444444444444,0.38602941176470584,0.12364409066378845,0.1843179203221631,0.35424354243542433,16.0,0.0,0.0,26.0,0.0,0.0,34.0,0.0,0.0,0.0014293767780790103,0.0008342875540166509,-3.309683086644676e-05,-0.022536381677549677,-0.024974166317962343,-0.02011554360117529,0.09558823529411764,0.09327593413095511,0.9705882352941176,-1.11934494972229
121,1,test,2.5719185820187604,1.164634123860374,1.5935188879866702,3.9311708896141675,1.780140241133732,2.4356894920003507,13.09091635952227,9.006068605262513,10.430720652828803,20.009431741238703,13.765752531359801,15.94332949525646,2.4742312558270747,1.109356088439337,1.543853774590478,3.4848327546860207,1.562473363999066,2.1744419360429266,11.87257662994431,7.9573423573806235,9.337110542071452,16.721938915414523,11.207524447014963,13.150859918410497,2.5720575702138264,1.1649628512936991,1.5935231111244392,3.9313833327102525,1.780642700163944,2.43569594705549,13.092735968808016,9.008663196924951,10.432181736529898,20.012213009317954,13.769718357994098,15.945562757908395,0.5778894472361809,-0.002110552763819218,-0.002110552763819218,0.4321608040201005,-0.002839195979899567,-0.002839195979899567,0.3316582914572864,-0.0033417085427135396,-0.0033417085427135396,0.3877551020408163,0.10082810713419488,0.17395419706344073,0.40955631399317405,0.3668341708542714,0.0911449477966273,0.15481413746528971,0.38888888888888884,0.3877551020408163,0.10082810713419488,0.17282297534398372,0.40955631399317405,17.0,-6.0,-6.0,27.0,-9.0,-9.0,31.0,-6.0,-6.0,-0.0002883876549018414,-6.0725205076120906e-05,-1.4992594048202824e-05,-0.0003496329132595122,0.00012301345579235345,-2.278298851532412e-05,0.08503401360544217,0.029444748843279134,0.013605442176870748,-0.6026310920715332
227,1,test,2.248096841547516,0.9649426282618689,1.3787352849090677,3.7631186260686684,1.6152300516557374,2.307882976913005,9.469696343158544,5.861694138362217,7.084308910662548,15.851448226591476,9.811966275084579,11.858517089587307,2.1038950824727936,0.865279702656812,1.256218188088225,3.477512533012882,1.4302143845567143,2.0763936993193806,8.198039845579363,4.747207781991978,5.863821931953099,13.550479083602253,7.8466244330445925,9.692267656120826,2.296705590937183,1.003593242562853,1.4205491638002123,3.827842651561972,1.672655404271422,2.367581939667021,9.941377483907834,6.297266817676636,7.539726460797668,16.568962473179724,10.495444696127727,12.566210767996115,0.507537688442211,-0.0024623115577889765,-0.0024623115577889765,0.39698492462311563,-0.0030150753768843908,-0.0030150753768843908,0.2814070351758794,-0.003592964824120637,-0.003592964824120637,0.37785016286644946,0.10467943115913236,0.17091625170718616,0.369281045751634,0.3869346733668342,0.12127051296583169,0.1749146399778525,0.36363636363636365,0.3745819397993311,0.09745339222003224,0.1643483469183522,0.37583892617449666,20.0,-6.0,-6.0,32.0,-12.0,-12.0,37.0,-9.0,-9.0,4.2824404500533514e-05,0.00025746615079563496,-4.323967736557735e-05,-0.01918691803220174,-0.01859322151746845,-0.020983295381833855,0.08469055374592833,0.18086130945028892,0.003257328990228013,-1.073042869567871
130,1,test,1.838444789431981,0.7911953648481524,1.1207709041062022,2.988561908887059,1.2861611855114514,1.8219166829783286,6.286753428890543,3.436951695629466,4.237093511718864,10.219698701940551,5.587082614222308,6.8877870830311405,1.8431649521523725,0.77126413229892,1.1042148716069407,2.835638387926727,1.1865602035368001,1.698792110164524,6.316498072611386,3.395571691259491,4.222761966786194,9.717689342479055,5.223956448091523,6.49655687197876,1.816051408257722,0.7911796880175306,1.117755918360038,3.010029958438213,1.311347549200327,1.8526341188287923,6.147536351194096,3.3607983956336716,4.137213181885512,10.189286769934965,5.570384081160782,6.857259417489798,0.4321608040201005,-0.002839195979899567,-0.002839195979899567,0.31658291457286436,-0.003417085427135591,-0.003417085427135591,0.2562814070351759,-0.00371859296482413,-0.00371859296482413,0.3391812865497076,0.11144406027233533,0.16225069026427263,0.32551319648093846,0.3417085427135679,0.1161446329391318,0.16641638912425238,0.31818181818181823,0.33444816053511706,0.11074198357351439,0.16203436743166877,0.31879194630872487,14.0,-5.0,-5.0,25.0,-13.0,-13.0,34.0,-20.0,-20.0,0.0011984480072390218,-0.0003622911858526957,0.00031930387399371405,-0.092787346206892,-0.07729912368533487,-0.09205673722300212,0.07309941520467836,0.11781708022116791,0.1023391812865497,-1.3321574926376343
81,1,test,1.9495206227895359,0.8904687409640426,1.1598554435202095,3.5788301287923843,1.6346769157794017,2.129203229650626,7.025318995419677,4.141683330034964,4.822660188473134,12.896720861156894,7.603090171078677,8.853192616520728,1.5924875038134907,0.6644589233528142,0.962546001143193,2.97661215666073,1.2419792959865683,1.799151404005968,4.915962206476573,2.3864446878303824,3.0384614592048673,9.188714404629108,4.4606442763184715,5.679367213467041,1.713372281401654,0.7802777461448097,1.08796085312302,3.1534459166901607,1.4360940113094656,2.002381938263227,5.547638165409179,3.0052737118367996,3.678623400614925,10.210376991550635,5.531178610742575,6.770472516469187,0.40201005025125625,-0.002989949748743781,-0.002989949748743781,0.2613065326633166,-0.003693467336683409,-0.003693467336683409,0.21105527638190957,-0.0039447236180903955,-0.0039447236180903955,0.3430079155672823,0.08872596563315838,0.1338192547657182,0.35978835978835977,0.29648241206030146,0.055880908300902976,0.11117356398016787,0.25757575757575757,0.3311036789297659,0.08402521482292113,0.1464540682512342,0.31879194630872487,15.0,-6.0,-6.0,25.0,-13.0,-13.0,30.0,-15.0,-15.0,0.00015256964361215724,-0.0009922724361289183,-7.082693182211668e-05,-0.09199641885689847,-0.0755860465773237,-0.08678769310952017,0.06596306068601583,0.15381056188066844,0.7361477572559367,-0.7081499099731445
308,1,test,2.149496416810721,0.9783786501740006,1.3439247879522316,4.068255930121986,1.851733603436668,2.5435864630734324,8.580536295167033,5.354940207230843,6.342560870580025,16.239998072773762,10.135056324419958,12.004281873696657,2.5482000508724636,1.1380357805209078,1.5863454187643584,3.775111186477724,1.6859789341050488,2.3501413611323825,12.784072381276701,8.687444077904152,10.167527677264978,18.939366490780298,12.870287522820966,15.063003966318487,2.197766263102339,1.0156304662282947,1.3854249850781128,3.9480831073694715,1.8244858674759783,2.4887873983439155,9.004876492539136,5.743544179490025,6.7516993624350565,16.17642483689665,10.31774403501202,12.128801249883335,0.6180904522613065,-0.0019095477386934512,-0.0019095477386934512,0.4522613065326633,-0.0027386934673366836,-0.0027386934673366836,0.3417085427135679,-0.003291457286432098,-0.003291457286432098,0.3802395209580839,0.11417076161578199,0.17107617434453803,0.3663663663663663,0.40201005025125625,0.11880203020113089,0.17997332237145658,0.43434343434343436,0.3846153846153846,0.11249518428149474,0.16882005647300413,0.3691275167785235,18.0,-7.0,-7.0,27.0,-9.0,-9.0,36.0,-8.0,-8.0,0.0002604494838711743,2.9020792119280707e-05,0.0003714486889233795,-0.03240367842135683,-0.038268299880083845,-0.04207689883940002,0.08982035928143713,0.02704761329612345,0.6377245508982036,-0.9385836124420166
311,1,test,2.0500003865573517,0.9071865103171104,1.197907773253661,4.08921129739598,1.8095983547904462,2.3895107687533548,7.767904109046633,4.632325014311212,5.423356154724831,15.49492451225618,9.240269370652364,10.818168329687953,2.391197119843237,1.0650986686695088,1.48613040929291,4.554661180653785,2.028759368894302,2.830724589129352,10.926566526363498,7.1602463238963345,8.454469693866528,20.812507669263805,13.638564426469209,16.103751797841007,1.9883881537899135,0.834838142386346,1.2058833945244014,3.7994678097896437,1.5952321192095784,2.3042357857154165,7.303751744890944,4.134327290096046,5.116808567725226,13.95621352526932,7.899988452412827,9.777341212213805,0.48743718592964824,-0.002562814070351749,-0.002562814070351749,0.39698492462311563,-0.0030150753768843908,-0.0030150753768843908,0.31658291457286436,-0.003417085427135591,-0.003417085427135591,0.36243386243386244,0.12861616098075812,0.17279554376328565,0.33156498673740054,0.35678391959798994,0.1086636188461102,0.17648341876326545,0.33838383838383834,0.34782608695652173,0.12078101183131307,0.17207525269623247,0.30536912751677847,22.0,-11.0,-11.0,28.0,-10.0,-10.0,39.0,-14.0,-14.0,0.0008664712407248586,0.0003236268282203255,0.0004035836779271314,-0.06661737448579785,-0.07298494927711818,-0.07277232919341703,0.07142857142857142,0.12591857075564047,0.15873015873015872,-1.1979188919067383
52,1,test,2.2335934778986037,0.9970527966100329,1.3959353225394393,4.109239283057047,1.8343214911992272,2.568163061338584,9.333345059661456,5.889665010572352,7.022396307674564,17.170961744377166,10.835473448937597,12.919408591683332,2.1311474115309665,0.9256111511210476,1.2645923522257694,3.9103622229925987,1.6983690846257753,2.3203529398637968,8.424527668080358,5.085978738351539,6.045825433669179,15.457848932257537,9.332071079544107,11.093257676457206,2.2333791503889984,0.9967057486454804,1.3958885210054837,4.108844975395145,1.8336830119311083,2.5680769585164986,9.331344881412798,5.8872077552098165,7.020783240943737,17.167281929265855,10.83095272913601,12.916440962505465,0.5175879396984925,-0.002412060301507535,-0.002412060301507535,0.371859296482412,-0.003140703517587995,-0.003140703517587995,0.2814070351758794,-0.003592964824120637,-0.003592964824120637,0.3496503496503497,0.0808894421459867,0.14151081476662875,0.37192982456140355,0.3417085427135679,0.08356317930504653,0.1413746528972073,0.35858585858585856,0.3496503496503497,0.0808894421459867,0.14151081476662875,0.37192982456140355,15.0,-5.0,-5.0,24.0,-12.0,-12.0,32.0,-14.0,-14.0,-0.00018712736662883947,0.00017944546588313567,-7.916288410336395e-05,-0.040627269123673315,-0.04510285699583605,-0.04296685638950937,0.08741258741258741,0.13537089352410486,0.0034965034965034965,-0.7596426010131836
416,1,test,2.4297721274072157,1.1105715074060905,1.5429996991047656,4.536510966199599,2.07349477972351,2.8808607098892445,11.356293996978549,7.615863840173842,8.929011231226312,21.202791682220067,14.21921399061359,16.670928483734677,2.35326689218333,1.0786640247757766,1.492841273395475,4.202262307470232,1.9261857585281725,2.665787988206205,10.519880965545466,6.94260049224364,8.155714252174462,18.785501724188332,12.3975008790065,14.563775450311539,2.462365468000076,1.1075948139154297,1.5511745346320809,4.53196098404922,2.038518062421036,2.8549224563780626,11.73253166974003,7.856659730446912,9.245248711268736,21.593616570073674,14.460109933337876,17.01579517411424,0.507537688442211,-0.0024623115577889765,-0.0024623115577889765,0.39698492462311563,-0.0030150753768843908,-0.0030150753768843908,0.3015075376884422,-0.0034924623115578646,-0.0034924623115578646,0.3850931677018633,0.13082960181039038,0.1877791181150864,0.3800623052959502,0.37688442211055273,0.12375159003035219,0.17321163413058616,0.36868686868686873,0.3846153846153846,0.12752022601772184,0.18328056815264826,0.38590604026845643,15.0,0.0,0.0,24.0,0.0,0.0,32.0,0.0,0.0,-0.00040992836238463884,-6.057196825668457e-06,-7.990391159402403e-05,-0.005141693888004006,-0.006978102802842834,-0.008497311555173859,0.08695652173913043,0.11758273573681116,0.003105590062111801,-0.6308698654174805
342,1,test,2.10496130376063,0.9772471576221451,1.347900793041879,3.699957755579251,1.7177385605626363,2.3692483011715497,8.206785431717789,5.118197068516112,6.074785422304682,14.425329032040029,8.99641855857729,10.677844479411839,2.0585519380387196,0.9044688903430878,1.281731220554037,3.2164874031854995,1.4132326411610747,2.002705032115683,7.8346165819597005,4.663502258564805,5.660068819784032,12.241588409312032,7.286722279007508,8.84385753091255,2.1170758058620796,0.976528056031335,1.352701380617038,3.692574079991999,1.7032466093569794,2.359362873169252,8.306811208999074,5.178329687822491,6.159160770563072,14.488624201742569,9.031970385736901,10.742722274237915,0.5376884422110553,-0.0023115577889447625,-0.0023115577889447625,0.3668341708542714,-0.0031658291457286047,-0.0031658291457286047,0.29145728643216084,-0.0035427135678391952,-0.0035427135678391952,0.35882352941176465,0.09010106245141225,0.15432255093818348,0.3480825958702065,0.35678391959798994,0.08861349353282699,0.14309443712720527,0.3232323232323232,0.35451505016722407,0.08907264616054622,0.14873084549536641,0.3389261744966443,13.0,-1.0,-1.0,24.0,-6.0,-6.0,28.0,-2.0,-2.0,0.00021344390370946407,2.7696821060016445e-05,-3.2748096984348394e-05,-0.017688188596944876,-0.01775397495499398,-0.01729240043689817,0.07647058823529412,0.21418600278256397,0.0029411764705882353,-0.8968815803527832
28,1,test,1.535854058394283,0.6408353842522853,0.7524463453371181,3.436279534690239,1.4337882587058703,1.6835036918401176,4.645291186193368,2.1979096944082834,2.456372408589975,10.393252502442737,4.91754542738823,5.495823116188682,2.08153362487343,0.8583376996427372,1.2104077122884331,3.0837535183310076,1.2716114068781292,1.7931966107976787,8.01675418501237,4.618723935946456,5.62715436503232,11.876672866684993,6.842553979179934,8.336524985233067,1.732640094689386,0.7161931886401962,1.036746728943457,3.094000169088189,1.2789164082860645,1.8513334445418874,5.655565444128493,2.8922066173521994,3.650065525315226,10.099224007372309,5.164654673843213,6.517974152348618,0.5175879396984925,-0.002412060301507535,-0.002412060301507535,0.38190954773869346,-0.0030904522613065533,-0.0030904522613065533,0.29145728643216084,-0.0035427135678391952,-0.0035427135678391952,0.33257918552036203,0.10433059794974053,0.12925562735809415,0.2630385487528345,0.371859296482412,0.09867633908892826,0.17319485574785443,0.3232323232323232,0.35451505016722407,0.10409768789677332,0.17097778654097262,0.2785234899328859,14.0,-5.0,-5.0,20.0,-9.0,-9.0,27.0,-13.0,-13.0,-1.501815537654588e-05,0.0012204285075252568,0.00011284050394366075,-0.10880983343441475,-0.13898073419927748,-0.12762858904244379,0.07918552036199095,0.04609335539992344,0.2737556561085973,-1.0114281177520752
441,1,test,1.9565773365427488,0.9015182097648806,1.2443727776009017,3.3330067419013107,1.5357257875645933,2.1197745571922337,7.0750699934163634,4.202925023857773,5.03658973483833,12.052299465529039,7.159633906920509,8.579772048300178,1.8739073640606467,0.8193258620485786,1.161370618967685,2.860927273375033,1.2508791787001199,1.773084914454481,6.513698130038628,3.642924640495983,4.474540604066178,9.944577297768896,5.561717008390813,6.831359700864392,1.9564807907283843,0.9015364243451758,1.244191307621194,3.3328422772291666,1.5357568158903288,2.1194654251919176,7.0743869579947996,4.202571578014158,5.035733575831154,12.051135922630676,7.159031816035746,8.57831359138679,0.5678391959798995,-0.0021608040201005485,-0.0021608040201005485,0.37688442211055273,-0.003115577889447274,-0.003115577889447274,0.2613065326633166,-0.003693467336683409,-0.003693467336683409,0.3972602739726028,0.09640557311790188,0.16719193684276223,0.4020618556701031,0.3919597989949749,0.10373924761652875,0.17493141836058423,0.38888888888888884,0.3972602739726028,0.09811497482730358,0.16719193684276223,0.39862542955326463,14.0,-3.0,-3.0,24.0,-11.0,-11.0,33.0,-14.0,-14.0,6.697592131386853e-05,2.839224213128646e-05,-6.568047215994972e-05,-0.02187798834118393,-0.020541723987062,-0.019329211842299188,0.08561643835616438,0.09289794708434054,0.003424657534246575,-0.7733337879180908
209,1,test,2.0144217950547234,0.9274015656957115,1.2136624859243013,3.784671251314935,1.7423908203980036,2.2802143674941417,7.496391677121542,4.53096706788476,5.269160233351322,14.084129817622292,8.512726006328943,9.899634377811575,1.8945931305081527,0.8043270241971459,1.154061299043756,2.983611229146697,1.2666567310191272,1.817419368572844,6.649842236210007,3.674776585228233,4.552791740797001,10.472192497968514,5.787049740516903,7.169750772908662,2.0102742187875635,0.9038591014350603,1.2610542967563605,3.568534116190941,1.6044836120148998,2.2385579232361428,7.465364209784624,4.441864159529903,5.350014974292148,13.252125816185721,7.884965963662548,9.497068001702036,0.49246231155778897,-0.002537688442211028,-0.002537688442211028,0.3417085427135679,-0.003291457286432098,-0.003291457286432098,0.23115577889447236,-0.003844221105527623,-0.003844221105527623,0.3638814016172507,0.11623671790258039,0.16446791188118026,0.3540540540540541,0.371859296482412,0.12373899573053226,0.18154210115686942,0.31818181818181823,0.36454849498327757,0.11413113271282682,0.17322480199106405,0.3523489932885906,18.0,-4.0,-4.0,25.0,-3.0,-3.0,32.0,-4.0,-4.0,0.0002384671147400287,-0.0002636343373756566,-4.762822639941826e-05,-0.038187887337100435,-0.03532270523320147,-0.03639829266858108,0.08086253369272237,0.13047658431783463,0.0026954177897574125,-1.2558777332305908
106,1,test,2.6219399494643434,1.2269853791617524,1.670018520648539,4.5925699751763975,2.149178211907528,2.9251916762952117,13.762396057948955,9.727604788826897,11.171713365449754,24.10610774481505,17.038798196989788,19.568287742029828,3.003941385827881,1.413730075444782,1.9185095935813383,4.924494075127674,2.317590287614397,3.145097694395637,20.16485798853897,15.260072737658678,17.20414003070622,33.05714424350651,25.016512684686358,28.203508247059375,2.6222618017880617,1.2275245546821067,1.670192509041772,4.593133729246604,2.1501226276278937,2.9254964330349504,13.766826229992477,9.732911719333357,11.17576044064532,24.113867600305294,17.048093775902377,19.575376568009318,0.6834170854271358,-0.0015829145728643024,-0.0015829145728643024,0.5175879396984925,-0.002412060301507535,-0.002412060301507535,0.4120603015075377,-0.0029396984924623393,-0.0029396984924623393,0.3832116788321168,0.10634464786672515,0.16961944582240807,0.37362637362637363,0.4120603015075377,0.10629589047996879,0.18334577730052604,0.43939393939393945,0.3832116788321168,0.10634464786672515,0.16961944582240807,0.37362637362637363,22.0,-8.0,-8.0,35.0,-7.0,-7.0,42.0,-6.0,-6.0,0.0007272995546370535,0.0001807785085761551,1.5863418125185277e-05,-0.02705258736479088,-0.0251508262750626,-0.0251649191401766,0.09124087591240876,0.13147067978258273,0.9014598540145985,-1.0384364128112793
426,1,test,1.9443446590222844,0.8324530022456671,1.1920858787466329,3.2942399955409405,1.410398080237882,2.01971238055162,6.989050142951123,3.948946351449541,4.867262883828302,11.841320624363048,6.690571525385845,8.246445395530753,2.0134821303543147,0.849204663385009,1.2069813574274495,3.1708380005579757,1.3373301785590692,1.9007580431928337,7.489350890989276,4.285743556332543,5.2492950984802516,11.794253371636655,6.749202450917391,8.266606454299609,1.9442770686462072,0.8323854112067994,1.1922208713600697,3.2941254793623638,1.4102835629363608,2.0199410941514557,6.988577766387773,3.9484739728712395,4.867220301735024,11.840520292096482,6.689771189705412,8.246373250073354,0.4974874371859297,-0.002512562814070307,-0.002512562814070307,0.39698492462311563,-0.0030150753768843908,-0.0030150753768843908,0.2562814070351759,-0.00371859296482413,-0.00371859296482413,0.4037735849056604,0.13258714422769424,0.20176605667479464,0.38636363636363635,0.3869346733668342,0.1262830442941525,0.1899396817140796,0.38888888888888884,0.4037735849056604,0.13258714422769424,0.20176605667479464,0.38257575757575757,19.0,-6.0,-6.0,29.0,-6.0,-6.0,37.0,-8.0,-8.0,0.00035238434656099243,0.0004039228620947411,0.00012051301385942984,-0.025232793640143747,-0.027917769120477942,-0.027940933304100746,0.09433962264150944,0.09089280664709373,0.47547169811320755,-1.1136854887008667
492,1,test,1.7419005978772217,0.8011546365238188,1.0796251775725894,3.595201815386126,1.6535459067788119,2.228296151385286,5.708182078187075,3.1462903002156546,3.768982265490954,11.781422312537277,6.49379684056138,7.779004094472608,1.745851495691088,0.744637094664812,1.0688582957059265,3.3900029042545397,1.4458972711938096,2.0754530013707306,5.7307791322123816,3.009194214279466,3.7628275417501382,11.127726470315304,5.843095561707702,7.306461246116774,1.6792355629566549,0.7521243667637824,1.0456967340741812,3.5476807668098345,1.5889951410502445,2.209218452269397,5.361455908698966,2.8342578655416832,3.477189016056255,11.32701952542035,5.98786873001764,7.346173977583637,0.49246231155778897,-0.002537688442211028,-0.002537688442211028,0.31658291457286436,-0.003417085427135591,-0.003417085427135591,0.22613065326633164,-0.003869346733668344,-0.003869346733668344,0.3418079096045198,0.0851083327356904,0.14532697118809745,0.33994334277620397,0.33668341708542715,0.07603178801274546,0.13968842543267257,0.33333333333333337,0.3411371237458194,0.08571141422995965,0.1464763895967649,0.33221476510067116,14.0,-5.0,-5.0,26.0,-15.0,-15.0,31.0,-18.0,-18.0,0.00023673618200399695,-0.0001881467575576026,0.0001891140699290516,-0.0580712779615693,-0.056016408256102324,-0.056267984293656426,0.07062146892655367,0.07689797824169388,0.002824858757062147,-0.8004258871078491
21,1,test,2.0215491927089633,0.8577924398307772,1.234998710002081,4.084923541129147,1.733332309451157,2.495549117452481,7.550012302342649,4.348072696924746,5.354203435929428,15.256231755768251,8.786105518613454,10.81918349467119,1.9202604778337524,0.711298981398802,1.0966065687357855,3.339583439710874,1.2370417067805253,1.9071418586709317,6.822735409193627,3.4727315546881923,4.543924196390201,11.865626798597614,6.039533138588161,7.902476863287307,2.021600263567238,0.8576410078361023,1.2350348104856548,4.085026739484143,1.733026312386055,2.4956220653261854,7.550397897797176,4.347809824818153,5.354556159056398,15.257010924514296,8.785574335667029,10.819896238644997,0.4723618090452262,-0.0026381909547738003,-0.0026381909547738003,0.3316582914572864,-0.0033417085427135396,-0.0033417085427135396,0.24120603015075381,-0.0037939698492461815,-0.0037939698492461815,0.3527397260273972,0.08778246107013232,0.15342309732580273,0.35051546391752575,0.3316582914572864,0.08353799070540668,0.14134109613174384,0.3282828282828283,0.3527397260273972,0.08778246107013232,0.15342309732580273,0.35051546391752575,19.0,-8.0,-8.0,26.0,-6.0,-6.0,31.0,-7.0,-7.0,-0.00010517116134308443,0.00015521687173032268,-7.912299404239165e-05,-0.04048836828871494,-0.04492391110887883,-0.03748500098281493,0.08561643835616438,0.03815390769311436,0.003424657534246575,-0.9198582172393799
218,1,test,2.319971998528864,1.0692819813845624,1.4603309728101115,4.393886360850121,2.0251552677737923,2.7657783575949075,10.175389376212209,6.682637191161648,7.813076844174689,19.271570788280698,12.656509831745545,14.797494023058123,2.402322956355703,1.0983069411056912,1.5159604005200227,4.214601677817023,1.9268542826415636,2.659579650035128,11.048812502543223,7.364750253996313,8.622524409307369,19.383881583409163,12.920614480695285,15.127235805802403,2.320413860308424,1.0697238431641225,1.4605623919393977,4.394723220281105,2.025992127204777,2.766216651400374,10.179886485346852,6.687134300296291,7.817076769686831,19.280088040429643,12.66502708389449,14.80506963955839,0.6231155778894473,-0.0018844221105527303,-0.0018844221105527303,0.4321608040201005,-0.002839195979899567,-0.002839195979899567,0.3015075376884422,-0.0034924623115578646,-0.0034924623115578646,0.38955823293172687,0.11100111870327001,0.17059962144975094,0.3629032258064516,0.3919597989949749,0.1012329819523684,0.15990637662435725,0.38383838383838387,0.38955823293172687,0.11100111870327001,0.17059962144975094,0.3629032258064516,20.0,-3.0,-3.0,29.0,-3.0,-3.0,35.0,-2.0,-2.0,0.0005401960982567906,0.00020451149396308283,0.00028329295985590617,-0.020358401750209865,-0.022907156472496304,-0.02294182917447518,0.10040160642570281,0.11708573514656441,0.27710843373493976,-0.7650082111358643
439,1,test,1.9372480042460067,0.8216031222747078,1.1426663000514845,3.487046407642812,1.478885620094474,2.056799340092672,6.939626844339848,3.888091419365668,4.726111945211326,12.491328319811727,6.998564554858203,8.507001501380385,2.1969287487719846,0.9640452640340915,1.3544483992604324,3.4597303130267476,1.5181815181639238,2.132989605134539,8.997337936698484,5.566229100696225,6.6752184290235554,14.169036120785014,8.765715119206654,10.512155006336307,2.058687758353969,0.8216440661327191,1.2213022105981464,3.5091268608306287,1.4005296581807714,2.0817651317013857,7.8356807543201965,4.390268060784736,5.5253618986728625,13.35627401304579,7.483411467246708,9.41823050910147,0.5678391959798995,-0.0021608040201005485,-0.0021608040201005485,0.4321608040201005,-0.002839195979899567,-0.002839195979899567,0.27135678391959794,-0.0036432160804020786,-0.0036432160804020786,0.3704735376044568,0.10899926778526348,0.16617246233563954,0.33240223463687146,0.40201005025125625,0.12632082719361215,0.19332891502588057,0.38383838383838387,0.3812709030100334,0.10915070267614357,0.1743743512858955,0.3489932885906041,22.0,-13.0,-13.0,33.0,-19.0,-19.0,39.0,-18.0,-18.0,0.0003447675674651241,0.00023041623141466905,0.0003181587223394093,-0.05729012072353257,-0.06314895609527937,-0.06692815560940968,0.08913649025069638,0.11954878997506636,0.3788300835654596,-1.3766186237335205
266,1,test,2.063592017692512,0.8843312092726199,1.210383225986279,3.7370522111446487,1.601475423757381,2.1919377823831123,7.874203350021953,4.622233864258757,5.5270370008837855,14.259751340338262,8.370612570100434,10.009161533938794,1.8785937700337847,0.7814504001742806,1.1104790218564873,3.1309896167229745,1.302417333623801,1.8507983697608121,6.544295603955242,3.548699125381537,4.388597217754672,10.907159339925403,5.914498542302561,7.314328696257786,1.9009558146209145,0.7890827774952986,1.1403691705386618,3.4148906849477507,1.4175139715484408,2.048567372225141,6.692287972969396,3.6522407866124347,4.552756977364392,12.022074202939036,6.560911592716949,8.178605348558788,0.4723618090452262,-0.0026381909547738003,-0.0026381909547738003,0.3316582914572864,-0.0033417085427135396,-0.0033417085427135396,0.26633165829145733,-0.0036683417085426884,-0.0036683417085426884,0.3360881542699724,0.0994994334996836,0.1337421132142539,0.34530386740331487,0.3467336683417085,0.11114469591063081,0.13972198219813592,0.3232323232323232,0.3277591973244147,0.09904467311740306,0.12976142201851926,0.31543624161073824,16.0,-6.0,-6.0,25.0,-10.0,-10.0,37.0,-18.0,-18.0,0.001383970858991312,-0.0005984536784523711,0.00040463963806408663,-0.08513975698159726,-0.06623611387543349,-0.07774239774988434,0.06887052341597796,0.19605557968324006,0.01928374655647383,-1.419881820678711
347,1,test,1.667309978157792,0.7325627465193967,0.7990680808792575,4.073736750756667,1.7898698033515155,1.9523622182307627,5.2978971525556044,2.7513274684227396,2.9151790467782366,12.944346651089466,6.722315567177208,7.122653959654041,2.069648474888183,0.899654491843513,1.2556597416519597,3.4494141248136385,1.4994241530725219,2.0927662360865997,7.922037833094304,4.70006458109326,5.66514563522006,13.203396388490507,7.833440968488766,9.441909392033434,1.7776152450005451,0.7625562207507504,1.0868990177203923,3.3539910283029153,1.4387853221712272,2.050752863623382,5.9157320121691335,3.1562057406316955,3.920588013980561,11.161758513526665,5.955105171003198,7.3973358754350205,0.5175879396984925,-0.002412060301507535,-0.002412060301507535,0.3668341708542714,-0.0031658291457286047,-0.0031658291457286047,0.2562814070351759,-0.00371859296482413,-0.00371859296482413,0.34249471458773784,0.10701424996260589,0.11473322876173586,0.3220338983050848,0.3668341708542714,0.1162076044382313,0.1665002810379108,0.3939393939393939,0.3511705685618729,0.11577824802764924,0.16763330493562145,0.3389261744966443,22.0,-13.0,-13.0,30.0,-17.0,-17.0,35.0,-16.0,-16.0,3.057074770813025e-05,0.0006571195012954411,0.00012135921711862591,-0.06415214996947505,-0.07604753378121032,-0.07560114897613612,0.07610993657505286,0.14308967158931216,0.11416490486257928,-1.023796558380127
470,1,test,1.6830629391227196,0.6912190171842497,0.9847734493810825,2.9267055049769457,1.2019719855469957,1.7124385597611924,5.382015536876932,2.685814060265813,3.3717044297848813,9.35887430796826,4.670405730412965,5.86311164391164,1.7316734472870077,0.7544477849470038,1.0610980501792353,3.1201323374540677,1.3593653782828898,1.9118883787013248,5.650101147932297,2.9930267626819695,3.69473904122587,10.18036242870684,5.392841013841386,6.657187461668233,1.644512156815985,0.6549671387280012,0.9679966035674267,2.868335157237183,1.142384544293025,1.6883661690129532,5.1784830029956375,2.4884727151402695,3.2114711737335693,9.032237795922622,4.340359386872562,5.60140321000041,0.457286432160804,-0.0027135678391959628,-0.0027135678391959628,0.321608040201005,-0.0033919597989949812,-0.0033919597989949812,0.21105527638190957,-0.0039447236180903955,-0.0039447236180903955,0.35511363636363635,0.10121292714377816,0.1508125610948191,0.37606837606837606,0.3467336683417085,0.10362589891814955,0.1614248202615749,0.38888888888888884,0.3511705685618729,0.10242265537322515,0.15762218146509865,0.3657718120805369,20.0,-8.0,-8.0,25.0,-5.0,-5.0,32.0,-8.0,-8.0,7.373667899900492e-05,6.733719647668984e-05,4.1873007053366114e-05,-0.0417073428500796,-0.04164133866083297,-0.04342596101019236,0.07386363636363637,0.04570196044999824,0.002840909090909091,-0.9656974077224731
363,1,test,2.4718663293139356,1.1631302973248803,1.5823054827821936,4.534109095484419,2.1335132882359233,2.9024003427033387,11.844532033468589,8.143039847000964,9.410471543030706,21.726255901390957,14.936661662213199,17.261493516073468,2.4696611681730753,1.1076771088040243,1.5583299784852218,3.8289320436791865,1.7173288508589524,2.4160154705197234,11.818441708954124,7.914510454594572,9.330809868862774,18.323165440238952,12.27055884433267,14.466371889709729,2.519371704204896,1.19560583782628,1.6293255163568148,4.580675825827083,2.1738287960477813,2.962410029739663,12.420790281170198,8.663245101719495,9.98554815388444,22.583255056673085,15.751354730399079,18.155542097971708,0.6030150753768844,-0.0019849246231156137,-0.0019849246231156137,0.44221105527638194,-0.0027889447236180143,-0.0027889447236180143,0.31155778894472363,-0.003442211055276312,-0.003442211055276312,0.384375,0.09108326833073321,0.1691982848232848,0.3918495297805643,0.371859296482412,0.07862621377564505,0.15650036492982433,0.38383838383838387,0.3846153846153846,0.08912289713625265,0.17104475057756474,0.3993288590604027,23.0,-14.0,-14.0,34.0,-16.0,-16.0,42.0,-20.0,-20.0,3.913505713457993e-05,0.00014210167608811935,0.00014696360471670828,-0.002790592090402555,-0.003469612417580592,-0.004297879979174191,0.084375,0.05702168339633692,0.0375,-0.7411847114562988
39,1,test,1.5887832741205756,0.7007756627823843,0.9807726137334716,2.5072986044715333,1.1059115928284502,1.5477817810481347,4.897786038436183,2.4675032818012372,3.061012243426685,7.729318591907101,3.8940286165925775,4.830659946657736,1.9389348405861824,0.8243907578672385,1.1869638205719157,2.9377800614942156,1.2490769058594522,1.7984300311695691,6.951342737707434,3.9031645924630745,4.830165956801004,10.5323374813749,5.913885746156173,7.318433267880308,1.6047193577453085,0.7009874969992718,0.9858856626825216,2.5205016090240444,1.1010274821978088,1.5485115120667876,4.976462801007196,2.50766364504218,3.1197015722859405,7.81643371885947,3.9387387094903348,4.9000548255800105,0.42713567839195976,-0.002864321608040288,-0.002864321608040288,0.3266331658291457,-0.0033668341708542604,-0.0033668341708542604,0.25125628140703515,-0.003743718592964851,-0.003743718592964851,0.29470198675496684,0.10131355700290068,0.15153018058756595,0.2558139534883721,0.3316582914572864,0.10609438168285035,0.16638283235878892,0.3232323232323232,0.2976588628762542,0.10233332030530262,0.1530537460798137,0.25838926174496646,12.0,0.0,0.0,21.0,0.0,0.0,26.0,0.0,0.0,0.0014066272652771357,0.000230952388505378,0.00028765288770561524,-0.17869092599539727,-0.16684209020960417,-0.17194249521845872,0.08278145695364239,0.12927206463492807,0.7980132450331126,-1.7865405082702637
385,1,test,1.8915345124873488,0.8675274010176675,1.1947783733301833,3.4067960305551717,1.5624821469941863,2.151885779922642,6.629533982338681,3.845204423545231,4.622303024879544,11.940289699373432,6.9255025907938315,8.325115663089504,1.7889480548992742,0.7721256996552568,1.0874821470333305,2.9327017293430724,1.2657798355004208,1.782757618087427,5.983155203972949,3.218758681561316,3.966448355848524,9.808451154054014,5.276653576330026,6.502374353850039,1.9410926500504015,0.8808468488127996,1.223488516319928,3.3856267152041886,1.5363607828130226,2.1339915982324325,6.966358605720613,4.07927805568943,4.9168416506120165,12.150625475094092,7.115019864574587,8.57588659990468,0.4371859296482412,-0.002814070351758735,-0.002814070351758735,0.321608040201005,-0.0033919597989949812,-0.0033919597989949812,0.2562814070351759,-0.00371859296482413,-0.00371859296482413,0.3562874251497006,0.11413495878198754,0.1670443972612543,0.3873873873873874,0.3316582914572864,0.09857558469036909,0.14801889245895583,0.36868686868686873,0.35451505016722407,0.11077548422398531,0.1643037042272908,0.3959731543624161,15.0,-5.0,-5.0,24.0,-8.0,-8.0,31.0,-9.0,-9.0,-0.0006195991820565595,-9.721618677282359e-05,-0.00021517963490402318,-0.026053798680695905,-0.02793460185495622,-0.023502315518328487,0.0748502994011976,0.10518253035215973,0.12574850299401197,-1.019934892654419
188,1,test,2.195739229501368,0.9520551929966969,1.3462087502031024,3.647366831227272,1.5814694594778467,2.236202312837375,8.986641792734426,5.518274242989203,6.648093195593308,14.92781053348663,9.16646665918762,11.043221474902218,2.3346238684271774,1.0604735563095167,1.4477270326814855,3.5107125841010185,1.5946970771571678,2.177033131851858,10.325575423948255,6.7499135015785345,7.897990667368542,15.527181088643992,10.150245867035391,11.87667769529104,2.1953518247400075,0.9516686463784503,1.3456697362419467,3.646723308873679,1.5808273625953144,2.235306950757456,8.98316099919681,5.514796425806038,6.644257829696661,14.922028548665812,9.160689618422253,11.036850505996119,0.5527638190954773,-0.0022361809045226,-0.0022361809045226,0.42713567839195976,-0.002864321608040288,-0.002864321608040288,0.3467336683417085,-0.003266331658291488,-0.003266331658291488,0.3791946308724832,0.10783784695288523,0.17160534515819748,0.3939393939393939,0.38190954773869346,0.11123285600937016,0.17656731067692388,0.4292929292929293,0.3791946308724832,0.10783784695288523,0.17160534515819748,0.39057239057239057,19.0,-10.0,-10.0,33.0,-20.0,-20.0,39.0,-21.0,-21.0,0.00012647429964978104,-0.00025829818417682826,3.346012255125501e-05,-0.013507705271609716,-0.011124176777836503,-0.01322303532936342,0.738255033557047,0.03818866078313073,0.003355704697986577,-1.0257880687713623
13,1,test,1.6109093061773114,0.7017512094035332,0.9510016906154484,2.9789679631821637,1.2977107791984934,1.7586362921933918,5.00736238387054,2.5251305294433863,3.0727487859148743,9.259846016403813,4.669588114749579,5.682269111641576,1.7163004532427961,0.683253131619026,0.9702221121577561,2.86050075540466,1.1387552193650432,1.61703685359626,5.563906409753555,2.7542918077605183,3.4551922872843384,9.27317734958926,4.590486346267531,5.758653812140565,1.632861692550555,0.6931960342998784,0.9954422667974496,2.881520633912744,1.2232871193527266,1.756662823760205,5.1185013572874976,2.5593757045568104,3.226908178450018,9.032649454036761,4.516545360982607,5.694543844323562,0.4522613065326633,-0.0027386934673366836,-0.0027386934673366836,0.3467336683417085,-0.003266331658291488,-0.003266331658291488,0.24623115577889443,-0.0037688442211055717,-0.0037688442211055717,0.3460490463215259,0.11339598509703608,0.15836576186404783,0.3415300546448088,0.3668341708542714,0.1262326670948729,0.1798558736923348,0.3787878787878788,0.35785953177257523,0.11912831307474547,0.1765469622508845,0.3523489932885906,16.0,-7.0,-7.0,25.0,-15.0,-15.0,32.0,-20.0,-20.0,0.0006973724702154643,0.00020570419021068135,0.00020378495854508178,-0.09225331736241049,-0.0858473558580295,-0.08845321489082636,0.07901907356948229,0.037149838058028,0.04087193460490463,-1.3148056268692017
189,1,test,1.8115020300935354,0.809330082071636,1.0372907301871073,3.5955570597311084,1.6063975871421867,2.058864934159258,6.119632404484306,3.395440192986048,3.95075154858606,12.146543105870366,6.739434322442005,7.841643225223848,2.11039430493292,0.9433591094428362,1.3070696922898,3.3498322300522543,1.4973954118140258,2.074713797285397,8.25149424814074,5.0390400411385095,6.0185419449912025,13.097609917683712,7.998476255775411,9.553241182525719,1.8484466742950638,0.8490902999212491,1.166984829664933,3.3205628879552047,1.525311916026196,2.09637993352982,6.349948320039745,3.633415484515976,4.373182975139597,11.40709279049056,6.5270936847592385,7.856017320610055,0.48743718592964824,-0.002562814070351749,-0.002562814070351749,0.3919597989949749,-0.0030402010050251116,-0.0030402010050251116,0.321608040201005,-0.0033919597989949812,-0.0033919597989949812,0.35459183673469385,0.127840244378006,0.16299848385101834,0.32225063938618925,0.37688442211055273,0.13127038702283345,0.18823667586681314,0.36363636363636365,0.34782608695652173,0.12745880815852506,0.17541229385307344,0.31543624161073824,18.0,-6.0,-6.0,26.0,-7.0,-7.0,36.0,-11.0,-11.0,0.0006491032428539799,0.0005918006115128532,0.00023793274913044913,-0.10208246087775485,-0.10333787194700772,-0.10410006078830758,0.07653061224489796,0.15903030226231799,0.14540816326530612,-1.5213425159454346
380,1,test,2.154113486721288,0.9581282872399501,1.344913452426596,3.915338350078316,1.7415036164298465,2.444528224850857,8.620244829110622,5.313430791433899,6.374134372655054,15.66824374599352,9.657745274996206,11.585690777970507,2.4392890028888106,1.1125964508925223,1.5375778981063477,4.134388140489509,1.885756696428004,2.6060642340785556,11.464886343190944,7.696327901989568,9.001070990622065,19.43201075117109,13.044623562694182,15.256052526478078,2.1543463737357644,0.9583472821454837,1.345208694848489,3.9157616478593456,1.741901663773867,2.4450648604478826,8.622252605976437,5.315392629359755,6.376282202286914,15.67189310142887,9.661311131352008,11.589594694722757,0.6080402010050252,-0.001959798994974782,-0.001959798994974782,0.4723618090452262,-0.0026381909547738003,-0.0026381909547738003,0.3417085427135679,-0.003291457286432098,-0.003291457286432098,0.38541666666666663,0.12025202195262852,0.18102867590454197,0.3797909407665505,0.3919597989949749,0.09872671628820795,0.16825362203337224,0.4545454545454546,0.38541666666666663,0.12025202195262852,0.18102867590454197,0.3797909407665505,21.0,-9.0,-9.0,34.0,-16.0,-16.0,41.0,-15.0,-15.0,0.0010705500836714486,-4.879018920443905e-06,-5.237902546830144e-05,-0.04295562519071172,-0.035881872752088206,-0.03962269409603181,0.13194444444444445,0.1175026298471835,0.6736111111111112,-0.7746310234069824
394,1,test,1.8429585751416189,0.802221658598151,1.1057826378435704,3.858357718717541,1.679504992854608,2.315030317824551,6.315194627125948,3.4838919475652377,4.2251698159171,13.221284657959586,7.293762089054709,8.845677158469718,2.104462027063379,0.8735830914848757,1.2671459204038324,4.086334033132775,1.6962778475434481,2.4604775153472476,8.202688997704511,4.778451099168532,5.892530567561135,15.92755145185342,9.278545823628216,11.441806927303174,2.050619022025916,0.8814895304088184,1.2588502068810665,3.918380296864808,1.6843748988703537,2.4054462551867513,7.772711096778141,4.553522009416693,5.565413820629203,14.852314197665239,8.700997470222982,10.634548701839243,0.46733668341708545,-0.002663316582914521,-0.002663316582914521,0.371859296482412,-0.003140703517587995,-0.003140703517587995,0.29145728643216084,-0.0035427135678391952,-0.0035427135678391952,0.35014005602240894,0.12916103504338794,0.17125442552387526,0.3286516853932584,0.3668341708542714,0.13375146408735406,0.1815253227741378,0.3787878787878788,0.35785953177257523,0.12580610940195758,0.17320992109404354,0.36241610738255037,20.0,-6.0,-6.0,32.0,-13.0,-13.0,41.0,-14.0,-14.0,0.00022246178889986015,0.00045730606716573894,0.00019287596512548098,-0.06330243971094518,-0.0774736694543039,-0.07294409768362708,0.07282913165266107,0.15770015316773242,0.834733893557423,-1.2393232583999634
220,1,test,2.140542051641456,0.9665074172450643,1.328314653155128,3.8330636738695842,1.7307225843690688,2.378609960301043,8.504046011882261,5.269027551484777,6.251125457938896,15.228175416626376,9.435235382891346,11.193875820030119,2.3257521337137366,1.0545814880658302,1.460810468821046,3.8442184028326225,1.7431098976294712,2.4145627583818943,10.234374810031134,6.66935131025211,7.859507266247933,16.916322000051462,11.02372117397043,12.990921101236252,2.182805791471296,1.0193482534089484,1.3906646382180872,3.8978674847701713,1.8202647382302648,2.483329711103727,8.87116200308552,5.670180322117236,6.663042713020136,15.841360719795569,10.125322003780777,11.898290558964527,0.592964824120603,-0.0020351758793969443,-0.0020351758793969443,0.44221105527638194,-0.0027889447236180143,-0.0027889447236180143,0.3316582914572864,-0.0033417085427135396,-0.0033417085427135396,0.3648208469055375,0.09978019649903347,0.1589703593649091,0.37254901960784315,0.3869346733668342,0.10873918464502963,0.1699062927324435,0.41414141414141414,0.3712374581939799,0.09911725786009007,0.16100386531300104,0.3791946308724832,20.0,-8.0,-8.0,32.0,-12.0,-12.0,38.0,-14.0,-14.0,0.00041183966814923895,3.0287852129380397e-05,0.00019313002435258615,-0.01487082851625754,-0.01653433415836769,-0.01996587647200343,0.08794788273615635,0.0592182633925231,0.003257328990228013,-0.6913464069366455
5,1,test,1.8154505867066915,0.7640695043749395,1.0556263939357042,2.9551953496615653,1.2437543950139152,1.718351484298927,6.143843888235294,3.282243392122288,4.005943559112486,10.000965611791084,5.342844624844802,6.520885703846783,1.6736054906913393,0.70299904027782,1.006970254176248,2.5357658949868775,1.0651500610269997,1.525712506327648,5.331355338189184,2.6918106111343563,3.3836825137486173,8.07781111846846,4.078500925961146,5.1267916874979065,1.704713956017862,0.675858238661615,0.9997984091460249,2.67756118746261,1.0615574429240027,1.5703639934230758,5.499812253991389,2.7019497971765714,3.4761364820353364,8.63844856647862,4.243900204989378,5.459900233563355,0.42713567839195976,-0.002864321608040288,-0.002864321608040288,0.29648241206030146,-0.0035175879396985854,-0.0035175879396985854,0.22613065326633164,-0.003869346733668344,-0.003869346733668344,0.3370165745856354,0.0970165745856354,0.1503108072347068,0.34072022160664817,0.3266331658291457,0.09605672472638882,0.1546799104034362,0.303030303030303,0.3277591973244147,0.09069742770838796,0.1508960160118452,0.3221476510067114,18.0,-9.0,-9.0,27.0,-14.0,-14.0,33.0,-15.0,-15.0,0.0008191117452644071,-0.0006581061578238422,0.00020179901554577713,-0.09128947901554696,-0.07180781538120051,-0.082381102891806,0.06906077348066299,0.1496282258118589,0.0027624309392265192,-1.3305531740188599
85,1,test,1.5673304342619507,0.6888601001272494,0.8665983478945526,3.265271738045731,1.4351252085984365,1.805413224780318,4.793833642695802,2.3866189880966204,2.77860615455333,9.98715342228292,4.97212289186796,5.788762821986104,1.6746188000336086,0.6466149204410376,0.9561008509707174,2.7452767213665714,1.0600244597394057,1.5673784442142906,5.336760388391771,2.5412802416603366,3.2853696972715882,8.748787521953723,4.1660331830497315,5.3858519627403085,1.7118362752481642,0.7257051942147973,1.0405953952012683,3.038762618783723,1.2882340725706458,1.8472107607123103,5.539123500013061,2.858281079790927,3.5824597001055434,9.832763609490641,5.073871739273835,6.359395917347118,0.40703517587939697,-0.00296482412060306,-0.00296482412060306,0.2814070351758794,-0.003592964824120637,-0.003592964824120637,0.2160804020100503,-0.003919597989949675,-0.003919597989949675,0.31829573934837097,0.08550475061245111,0.11497218118610308,0.3015075376884422,0.3316582914572864,0.10358811601868989,0.14801889245895583,0.30808080808080807,0.3311036789297659,0.10405860380455723,0.1486787623557948,0.31879194630872487,19.0,-10.0,-10.0,26.0,-12.0,-12.0,34.0,-15.0,-15.0,0.0003904254377637893,0.0003727728502212493,0.00014352789573823888,-0.09908095790907456,-0.11469107731354722,-0.10659202698570347,0.06265664160401002,0.04316133734296092,0.045112781954887216,-1.3907004594802856
403,1,test,1.7802956650696335,0.837063010648995,0.9428769995297729,3.776888934306606,1.7758252655824474,2.000309148535126,5.931609929215212,3.3633395852394687,3.6212145596599794,12.583882747026665,7.1353092135454155,7.682389766755284,1.5853833930711045,0.7039942394352813,0.9866362816727001,3.7747223644550107,1.6761767605601934,2.349134003982619,4.8811624236691085,2.4669112798673622,3.0613251056343,11.62181529445026,5.873598285398483,7.288869299129287,1.635377074475607,0.7233045560242001,1.0215091370836462,3.504379445304872,1.5499383343375714,2.188948150893528,5.131392549423782,2.6419158725654506,3.2838286921583797,10.995841177336676,5.661248298354537,7.036775768910814,0.37688442211055273,-0.003115577889447274,-0.003115577889447274,0.27638190954773867,-0.0036180904522613577,-0.0036180904522613577,0.20100502512562812,-0.003994974874371837,-0.003994974874371837,0.35761589403973515,0.11726308257336249,0.13767454506612808,0.36283185840707965,0.31155778894472363,0.10103147315524996,0.14294343168262014,0.28787878787878785,0.3511705685618729,0.11744769710945224,0.16763330493562145,0.3422818791946308,14.0,0.0,0.0,19.0,0.0,0.0,26.0,0.0,0.0,-0.0003038881288679844,-0.00012767014449379288,-8.187788835114302e-05,-0.080700740739438,-0.07732481080093745,-0.07518199622887867,0.05518763796909492,0.13742890916844686,0.23841059602649006,-0.9180693626403809
442,1,test,1.4604311499405975,0.64615982702305,0.7051846728058444,3.360409539183705,1.4867949417909014,1.622609392766846,4.307816442815584,2.0502863803716314,2.179680447235591,9.912160164536829,4.7176492441560836,5.0153812232508255,1.3909567735761001,0.5455050971402997,0.7855738110213224,2.5522142634423854,1.000926783743669,1.4414198367363713,4.018693193651454,1.6896636488563122,2.1867395494381636,7.373748979176979,3.1003002731308476,4.012366145758097,1.6741719238816817,0.723045450581605,1.0243977029284261,3.2613738776915877,1.408530098535594,1.995579940769661,5.334376050237259,2.745752016854337,3.4192676613859363,10.391641656306348,5.348867565300656,6.660911028673901,0.35678391959798994,-0.0032160804020100464,-0.0032160804020100464,0.27135678391959794,-0.0036432160804020786,-0.0036432160804020786,0.18090452261306533,-0.0040954773869347205,-0.0040954773869347205,0.30866807610993663,0.09641886808459343,0.10729955216076748,0.2860169491525424,0.31155778894472363,0.0935126761627687,0.14795177892802913,0.28787878787878785,0.32441471571906355,0.09570019151205189,0.15311326966789562,0.33221476510067116,16.0,-6.0,-6.0,26.0,-13.0,-13.0,30.0,-13.0,-13.0,0.0007016007930940681,-0.0002115994632600919,0.00018507585686175385,-0.08734285224267602,-0.08991085316274372,-0.0983846550172105,0.052854122621564484,0.1284212894870452,0.7864693446088795,-1.0453016757965088
401,1,test,1.6519608131965473,0.6973036760866085,0.925885972601559,3.2276772811686385,1.362424105584604,1.8090387464676614,5.217199758352638,2.6194200104136387,3.150248208481095,10.193605681704387,5.117943712654341,6.155100345801525,1.8624855145333847,0.8368274459682148,1.1401486205530642,2.738949286078507,1.2306285970120807,1.6766891478721533,6.43972292120705,3.6507927571163252,4.380483103882565,9.470180766480954,5.368812878112242,6.441886917474358,1.6149727885656846,0.6808861063922217,0.9589586382642569,2.918625521504249,1.2305170597449788,1.7330577799956448,5.027751109288238,2.4828630049531797,3.1006552177074886,9.086297185460671,4.487101816180444,5.603593766941244,0.4371859296482412,-0.002814070351758735,-0.002814070351758735,0.321608040201005,-0.0033919597989949812,-0.0033919597989949812,0.25125628140703515,-0.003743718592964851,-0.003743718592964851,0.3131578947368421,0.08451137699702604,0.11569943921387038,0.30606860158311344,0.321608040201005,0.0910315990982481,0.13963809028447738,0.33333333333333337,0.2976588628762542,0.08063048224186353,0.12190802861596495,0.28859060402684567,22.0,-10.0,-10.0,32.0,-12.0,-12.0,39.0,-15.0,-15.0,0.0008092248968027643,0.0002329687213414531,0.0003544996766712441,-0.10314247774608543,-0.10196495472007072,-0.10820620470649533,0.06578947368421052,0.11793258226457096,0.18157894736842106,-1.2230207920074463
332,1,test,2.120074613748911,0.9426283743707489,1.3253966452781092,3.6187480476058997,1.6089691217707607,2.262314963491945,8.33175912827952,5.085685215090425,6.118031136484757,14.221450925856422,8.680738556792278,10.44284625020674,2.081930177806155,0.8611563805911475,1.252003976449261,3.2786302012695354,1.3561517804585002,1.971659805431907,8.019933882812948,4.63012413843515,5.726784380115178,12.629817138288107,7.291534076275826,9.01855807892154,2.119757346462732,0.942311039570634,1.3247086324171544,3.6182065051691463,1.608427464094703,2.26114059671204,8.329116152958768,5.08304202061444,6.114567279147505,14.21693964039514,8.676226897255681,10.436933804062122,0.5226130653266332,-0.002386934673366814,-0.002386934673366814,0.40703517587939697,-0.00296482412060306,-0.00296482412060306,0.29648241206030146,-0.0035175879396985854,-0.0035175879396985854,0.402027027027027,0.1254671619342782,0.19079107197084721,0.40338983050847455,0.39698492462311563,0.12129570156547154,0.19164268756134606,0.3939393939393939,0.402027027027027,0.1254671619342782,0.19079107197084721,0.4067796610169492,21.0,-7.0,-7.0,29.0,-6.0,-6.0,38.0,-9.0,-9.0,0.0006570503301963456,0.0002717890633191464,-2.2011661250727524e-05,-0.03408340378232744,-0.03558852390381695,-0.0299688281594932,0.08445945945945946,0.17159925805224388,0.11824324324324324,-0.9691095352172852
278,1,test,2.4855121919558893,1.1132020087338967,1.559891454114179,4.040693004799798,1.8097306398970057,2.535912922610202,12.00726870654672,8.062816120457441,9.483834541169589,19.52019661231897,13.10770665392802,15.417853918884639,2.3053237085933342,0.9705403735125535,1.400118627972443,3.3901819244019618,1.4272652551655196,2.058997982312416,10.027423690326104,6.22825098053513,7.554984769949166,14.746211309303094,9.159192618434014,11.110271720513479,2.485800229062378,1.1137496391467812,1.5600243738737507,4.0411612662410725,1.8106209217414149,2.5361290100405665,12.010727743623388,8.067298978128616,9.486902119473164,19.525819963097238,13.114994428130878,15.422840875791568,0.5376884422110553,-0.0023115577889447625,-0.0023115577889447625,0.38190954773869346,-0.0030904522613065533,-0.0030904522613065533,0.31658291457286436,-0.003417085427135591,-0.003417085427135591,0.3758620689655172,0.1176865095851386,0.16829326162606772,0.4152249134948097,0.35678391959798994,0.0986385561894686,0.14643333529081126,0.398989898989899,0.3758620689655172,0.1176865095851386,0.16829326162606772,0.4152249134948097,19.0,0.0,0.0,25.0,0.0,0.0,33.0,-1.0,-1.0,-0.0010948950083842451,-0.0004987726280750437,8.224164088001429e-05,-0.030019688124527377,-0.03318455880612792,-0.03549795581434978,0.09655172413793103,0.11276563203045453,0.2793103448275862,-1.2637512683868408
359,1,test,2.0429888731932797,0.9241226303996735,1.2747381308674062,3.3915628091927843,1.5341346130280291,2.116190887203526,7.7136298403048995,4.652248468505562,5.557638271802624,12.805385498437197,7.723190807322039,9.226227081761007,1.7660408196708237,0.6804413892049821,1.0151962959336216,2.6358818204042143,1.0155841629925104,1.5152183521397333,5.847655546706856,2.8864412177835885,3.7288669181721885,8.727844099562471,4.30812122057252,5.565473012197296,2.0504339872427066,0.8925384871389612,1.2603603126110778,3.2546571226074708,1.4167277573634305,2.0005719247794884,7.771273007917734,4.588045887023625,5.567714241261649,12.3353539808218,7.282612519085119,8.837641652796268,0.4623115577889447,-0.002688442211055242,-0.002688442211055242,0.3417085427135679,-0.003291457286432098,-0.003291457286432098,0.23115577889447236,-0.003844221105527623,-0.003844221105527623,0.39880952380952384,0.12689273331918205,0.19385902876001893,0.4298507462686567,0.3668341708542714,0.12372640143071245,0.1748475264469258,0.38383838383838387,0.38795986622073575,0.11917856405045191,0.18551270270571907,0.42281879194630867,15.0,-6.0,-6.0,25.0,-15.0,-15.0,29.0,-17.0,-17.0,-0.0005941541782233825,-0.0002295951224979169,-0.0004885601441140171,-0.04673171098963458,-0.0469904270419752,-0.043036484770506256,0.10119047619047619,0.06813045755042879,0.22916666666666666,-1.3356363773345947
78,1,test,1.2297988434347076,0.5055247280062645,0.7072535171152554,2.2630834386917043,0.9302697314342083,1.3014922969595164,3.4205414027206897,1.3573085153735849,1.734226990484605,6.294501447274672,2.4977275257132465,3.191335235067031,1.53910616808187,0.6469505361812302,0.9234361288781513,2.3144453655366464,0.9728579491447069,1.3886257577115053,4.660422774117243,2.2200382178833395,2.8095264168270355,7.008154547544725,3.338403335162916,4.224851754627121,1.2472406484426475,0.5023526602526223,0.7294744460819637,2.2815377715414287,0.9189377931450411,1.3344044745401777,3.48072514974534,1.3745196478684574,1.8024506160281815,6.367180151973184,2.514365209515471,3.2971657610271614,0.44723618090452266,-0.0027638190954772934,-0.0027638190954772934,0.29145728643216084,-0.0035427135678391952,-0.0035427135678391952,0.18090452261306533,-0.0040954773869347205,-0.0040954773869347205,0.3146067415730337,0.10142301085774619,0.15038386767274048,0.2901408450704225,0.3668341708542714,0.10868880744575005,0.1765169755287288,0.36363636363636365,0.3177257525083612,0.10403627003757654,0.15309838877087512,0.28859060402684567,16.0,-7.0,-7.0,26.0,-14.0,-14.0,34.0,-19.0,-19.0,0.00016882076966067683,0.0003995960654421356,0.00033490856633209046,-0.12947104884985894,-0.13608885693013129,-0.1379780410866669,0.07303370786516854,0.04338542959187831,0.5589887640449438,-1.3484175205230713
462,1,test,1.8347989935382818,0.8152153260741426,1.085939727744369,3.281467430751158,1.4579812562479857,1.9421614361581987,6.26387493954745,3.4918345064822405,4.149288480392512,11.20269941111371,6.245011713516315,7.420842859163532,2.1124029639611184,0.8204503358950153,1.2356395077368836,3.12948587253499,1.2154819791037261,1.8305770484990866,8.268085343907185,4.628198377192599,5.864976006193623,12.249015324306939,6.856590188433479,8.68885334250907,1.8452733593784592,0.7475405924761418,1.0988319859844373,3.0416593835908667,1.232209767817816,1.8112615153589626,6.329829872283883,3.332467277583561,4.220350079484678,10.433785503764641,5.4930779300827925,6.95662101013958,0.49246231155778897,-0.002537688442211028,-0.002537688442211028,0.38190954773869346,-0.0030904522613065533,-0.0030904522613065533,0.3015075376884422,-0.0034924623115578646,-0.0034924623115578646,0.3638814016172507,0.1283497730842763,0.16153536056153217,0.3324324324324325,0.371859296482412,0.11622019873805112,0.17152540666605143,0.35858585858585856,0.35451505016722407,0.11912272963300041,0.16541605127957115,0.31543624161073824,19.0,-1.0,-1.0,25.0,-4.0,-4.0,35.0,-1.0,-1.0,0.0008008576561863397,0.00022464498482752012,0.00036167128763542995,-0.05867871114253198,-0.06322396124840957,-0.06506604982777286,0.07008086253369272,0.117435096914353,0.19137466307277629,-0.9496119022369385
375,1,test,1.8331454549451827,0.8021618151475385,1.1088669870977115,3.7622113116026132,1.6462972136458203,2.275756083985419,6.253525939186321,3.4497035091302224,4.190284071765595,12.834271258911462,7.079914760017259,8.599827193797996,2.236392026737711,1.0064538175206381,1.3952453047360136,3.696515746673903,1.6635600289597328,2.3061905863405183,9.359501464560301,5.938483322191082,7.040476735242514,15.470250354645126,9.815674912712534,11.637151628500021,1.9810635951407736,0.8478663318320929,1.1841852226713598,3.737855839888252,1.5997477959096096,2.234311740889358,7.2504504294794865,4.144880460871153,5.031845978637307,13.680095149961295,7.820529171455007,9.494049016296804,0.5577889447236181,-0.00221105527638199,-0.00221105527638199,0.40703517587939697,-0.00296482412060306,-0.00296482412060306,0.29145728643216084,-0.0035427135678391952,-0.0035427135678391952,0.34943181818181823,0.10971550612508063,0.15979349951124144,0.32478632478632474,0.38190954773869346,0.11373912167353051,0.17656731067692388,0.3939393939393939,0.3612040133779264,0.11579499835288465,0.16876797333343252,0.3489932885906041,17.0,-6.0,-6.0,29.0,-11.0,-11.0,35.0,-16.0,-16.0,0.0004187649430877343,0.00031723091495854957,0.00033966621567516124,-0.03449994874125473,-0.05085017759457777,-0.05105201213283195,0.08522727272727272,0.17286506225895107,0.6789772727272727,-0.5581222772598267
481,1,test,2.070035048222185,0.933073419415521,1.2974291813467174,4.010692905930484,1.8078297501175724,2.513769038859265,7.9251008736782955,4.807818373334362,5.759699217188222,15.354882942751699,9.315148098335326,11.159417233302182,2.193127864951355,0.970626253874546,1.3527450917924355,3.6859291847921933,1.6313046283605814,2.273521162676362,8.963205009244392,5.567533241817391,6.645951219645136,15.064210099570408,9.357198725743515,11.169665915369977,2.0700455563170026,0.9330984729176048,1.2973863170989932,4.010713265364193,1.8078782912778597,2.5136859893792995,7.925184151827261,4.807946993297101,5.759666919693993,15.355044294165317,9.315397299513132,11.159354656907112,0.5527638190954773,-0.0022361809045226,-0.0022361809045226,0.4120603015075377,-0.0029396984924623393,-0.0029396984924623393,0.29648241206030146,-0.0035175879396985854,-0.0035175879396985854,0.3765182186234818,0.10379094589620907,0.17194217555484115,0.3577235772357723,0.38190954773869346,0.10622032468104936,0.17489786159512088,0.38383838383838387,0.3765182186234818,0.10379094589620907,0.1705962805346527,0.3577235772357723,22.0,-12.0,-12.0,31.0,-14.0,-14.0,39.0,-14.0,-14.0,0.00034001105658070354,0.00018204819367546144,0.0001643615795408501,-2.39265858157367e-05,-9.583520108336074e-05,-0.00011149550017286458,0.14979757085020243,0.04664069235298759,0.6639676113360324,-0.5281126499176025
114,1,test,2.6188823129083074,1.226933525046097,1.6773412304925182,4.032483561353133,1.8891987800425705,2.582724281042457,13.720379920437086,9.697698147689408,11.156450318302351,21.126266809309378,14.932251125135396,17.1783979332951,2.5695593460169044,1.187611091784403,1.6312968252365083,3.5937892951285377,1.6609945339642,2.281534021309802,13.060068201700249,9.077414906628288,10.504530836045323,18.26582965272762,12.695685184095506,14.691651518944507,2.6188733283247427,1.2268449676162227,1.677396719367063,4.032469727136394,1.8890624217272518,2.582809721298148,13.720256649090924,9.697254767368968,11.156492347035197,21.126076999452504,14.931568420210175,17.178462647991697,0.5778894472361809,-0.002110552763819218,-0.002110552763819218,0.4321608040201005,-0.002839195979899567,-0.002839195979899567,0.3668341708542714,-0.0031658291457286047,-0.0031658291457286047,0.4,0.13752310536044365,0.18940886699507387,0.40892193308550184,0.39698492462311563,0.13633329555043394,0.18496489123413395,0.4040404040404041,0.4037037037037037,0.1412268090641473,0.19188104360518154,0.40892193308550184,15.0,0.0,0.0,24.0,0.0,0.0,34.0,0.0,0.0,0.00025139294267115427,0.00034115937563838206,0.00020150501100189532,-0.0001833147886074471,0.00021597805698636563,6.13263787334617e-05,0.1,0.14903558952401977,0.2814814814814815,-0.6322095394134521
170,1,test,1.6333277822281262,0.7254544364938634,0.9798917448473867,3.456577399599058,1.535264040021897,2.0737243902584233,5.1208875939917124,2.641842741829248,3.1987535743470525,10.837227233796416,5.590876500150269,6.76945523873446,1.8800414732528206,0.8284279395063061,1.1510060572126801,3.8368193331690215,1.6906692642985837,2.3489919534952657,6.553776662991352,3.6915109064771747,4.480696679746572,13.375054414268066,7.533695727504439,9.14427893825831,1.6642448748596912,0.6966152807395127,1.0067136919295274,3.419681249711694,1.4314012617935195,2.0685897779373854,5.281683411609547,2.649984546091906,3.3516618340631252,10.852774133444273,5.445173724846381,6.886976371362585,0.44723618090452266,-0.0027638190954772934,-0.0027638190954772934,0.31658291457286436,-0.003417085427135591,-0.003417085427135591,0.2613065326633166,-0.003693467336683409,-0.003693467336683409,0.3085399449035813,0.08983292977290724,0.13356438283124505,0.2845303867403315,0.3517587939698492,0.11867608720293188,0.16644994588971562,0.3232323232323232,0.31438127090301005,0.09234454302321038,0.1386304366427208,0.28859060402684567,18.0,-4.0,-4.0,27.0,-8.0,-8.0,32.0,-6.0,-6.0,0.0007532346908351289,0.00016647450734632688,0.0004215991395742515,-0.11541579180525385,-0.11564788861226827,-0.12498706837480622,0.08264462809917356,0.11303169743729102,0.325068870523416,-1.1513136625289917
339,1,test,2.0987223358462233,0.9685048839343688,1.3271678635616933,3.9202549292221907,1.8090940284811796,2.4790494055208985,8.15574295249171,5.059413222747722,5.992616791159212,15.234312307484515,9.450602057585366,11.193755892920038,2.1800360519386937,0.9841656047533025,1.365081185973672,3.7586828481701615,1.6968372495746595,2.3535882516787447,8.846625190960815,5.5401905960158055,6.587551482023905,15.252802053380716,9.55205275175139,11.357847382799836,2.0985345885985103,0.968479222671111,1.3268439205593867,3.9199042315330663,1.8090460951781129,2.478444304441119,8.15421187793134,5.058383979168811,5.990791087935887,15.231452375758542,9.448679508258724,11.19034561708779,0.5376884422110553,-0.0023115577889447625,-0.0023115577889447625,0.37688442211055273,-0.003115577889447274,-0.003115577889447274,0.31155778894472363,-0.003442211055276312,-0.003442211055276312,0.3547297297297297,0.0832288865594093,0.1524825387184937,0.36610169491525424,0.36180904522613067,0.09865115048928852,0.1631446044915731,0.3787878787878788,0.3547297297297297,0.08491522720021871,0.1524825387184937,0.36610169491525424,17.0,-7.0,-7.0,27.0,-11.0,-11.0,35.0,-12.0,-12.0,0.0007111195528603941,8.154252396234033e-05,6.87291639090682e-05,-0.01145560650088484,-0.009927564764794283,-0.009974337247103726,0.09797297297297297,0.11918716902875505,0.5574324324324325,-0.8622922897338867
123,1,test,1.2678453462440789,0.552375720825362,0.5877250178741026,3.0808641913731116,1.3422730016056297,1.4281717934340694,3.5531884177618136,1.508041508020697,1.5790731577509356,8.634247855161206,3.6645408644902933,3.837147773334773,1.856353858712249,0.8241876317056016,1.1496030618452422,3.173254459337178,1.408867746505302,1.9651334390516961,6.400357567406643,3.593217411444991,4.372964434399841,10.940782166507082,6.142251985376053,7.475152879315967,1.3001081750945807,0.5595233890398538,0.7904024375543635,2.785946089488387,1.1989786907996864,1.6937195090450645,3.6696936156028643,1.5725320687996573,2.004892381248218,7.863629176291852,3.3697115759992657,4.296197959817609,0.3869346733668342,-0.0030653266331658324,-0.0030653266331658324,0.2864321608040201,-0.003567839195979916,-0.003567839195979916,0.2160804020100503,-0.003919597989949675,-0.003919597989949675,0.2536082474226804,0.07132194464204189,0.07472261692414672,0.23347107438016534,0.29145728643216084,0.08844976763516832,0.13786797090628433,0.30808080808080807,0.24749163879598657,0.08054673061568607,0.1095606043132279,0.21812080536912748,20.0,-5.0,-5.0,28.0,-6.0,-6.0,33.0,-4.0,-4.0,0.00041740309154073035,0.0011160698333430137,0.0003635074225929248,-0.17691738582197925,-0.19793125217664542,-0.19286822506394863,0.07216494845360824,0.07516156468278568,0.1360824742268041,-1.3276922702789307
301,1,test,1.6163409791774008,0.7058579210226221,0.8611163555987529,2.753036058029801,1.2022539386523525,1.4666981829100711,5.034634739139065,2.5491118435963736,2.9065452503902796,8.57525185243605,4.341779928727157,4.950579105339541,1.8334874142814501,0.7848636834913576,1.1125654805698044,2.736548379524552,1.1714383335691902,1.660545493387768,6.255664756439239,3.401943830500964,4.199336621196918,9.336813069312296,5.077528105225319,6.26766659880137,1.6098455145889958,0.7009642309481883,0.9812568545052948,2.4894518266840144,1.083965305589982,1.5174075069669508,5.002038426179707,2.52049359103657,3.1270759245647466,7.735110968319136,3.897670501602944,4.835684419430021,0.46733668341708545,-0.002663316582914521,-0.002663316582914521,0.33668341708542715,-0.0033165829145728187,-0.0033165829145728187,0.2613065326633166,-0.003693467336683409,-0.003693467336683409,0.3301435406698564,0.10075285966627212,0.1326850851468847,0.302158273381295,0.3467336683417085,0.10362589891814955,0.1630942693433779,0.3282828282828283,0.32441471571906355,0.10571688600286988,0.1586750049292971,0.2785234899328859,15.0,-2.0,-2.0,23.0,-4.0,-4.0,33.0,-6.0,-6.0,0.00036411365113761567,0.000730543230013887,-4.033489242829363e-05,-0.13550161472746858,-0.15778380924780144,-0.1437675608919431,0.06220095693779904,0.19324943705591607,0.10526315789473684,-1.61788809299469
103,1,test,2.1257210591287428,0.9688057945636588,1.3438464626208175,3.3657250102871763,1.5339425080591265,2.127756899149628,8.378937019463033,5.198828682099501,6.193371538308574,13.266650280816469,8.231478746657544,9.806171602321909,2.4856863198755077,1.1207075012695409,1.5435795019276208,3.766191393750769,1.6980416685902133,2.3387568211024554,12.009359689310847,8.093719576912623,9.443979170719588,18.195999529258856,12.26321148017064,14.309059349575133,2.1365439204380827,0.9498796601201471,1.3339015193922048,3.37349040069171,1.4998099896633905,2.1061602937771653,8.47011359848857,5.193978970706749,6.2386841217923354,13.3738635765609,8.20101942743171,9.850553876514214,0.5577889447236181,-0.00221105527638199,-0.00221105527638199,0.44723618090452266,-0.0027638190954772934,-0.0027638190954772934,0.3467336683417085,-0.003266331658291488,-0.003266331658291488,0.36633663366336633,0.11592477204886875,0.17424003651737296,0.3410596026490066,0.39698492462311563,0.12380196722963188,0.19164268756134606,0.3939393939393939,0.36789297658862874,0.11580616523637499,0.17990632475325607,0.3422818791946308,18.0,-4.0,-4.0,25.0,-3.0,-3.0,37.0,-7.0,-7.0,0.0016989365376261466,0.0004230893496728868,0.00018293384814507677,-0.028937121902878893,-0.027147285924185915,-0.026467482093299743,0.08250825082508251,0.16111007284668832,0.8514851485148515,-1.1209547519683838
90,1,test,2.465336584988042,1.1580539722875554,1.5805098331298866,4.026230162465678,1.8912597417240549,2.581187656472477,11.76744222989383,8.071325955892714,9.344877579591081,19.217834647637257,13.181573750452005,15.261456875545198,2.522056603674598,1.143699359012443,1.576967558693837,4.100905046625362,1.859673754491777,2.5641748921851004,12.45418366328616,8.485806466168714,9.881141178379805,20.250705143554733,13.798059294583274,16.06689622500781,2.4654231557131623,1.1582351190179205,1.5806134108612437,4.026371544241614,1.8915555789878464,2.581356813004161,11.768460989997243,8.072694263378585,9.345937539916266,19.219498421533956,13.183808382795794,15.263187935011178,0.6331658291457287,-0.0018341708542712887,-0.0018341708542712887,0.4723618090452262,-0.0026381909547738003,-0.0026381909547738003,0.36180904522613067,-0.0031909547738693256,-0.0031909547738693256,0.4254545454545454,0.13144365616234943,0.20175442453556114,0.43430656934306566,0.4170854271356784,0.12886487575723227,0.19170980109227276,0.43939393939393945,0.4254545454545454,0.13144365616234943,0.20175442453556114,0.43430656934306566,21.0,-12.0,-12.0,32.0,-18.0,-18.0,40.0,-20.0,-20.0,5.199458186456559e-05,0.000150624357438636,-0.00015482468126282967,-0.0002179643979092205,0.00019661043173790915,4.380359388900246e-05,0.18545454545454546,0.046911404958631206,0.0036363636363636364,-0.6206088066101074
199,1,test,2.1938431019012876,1.0001740341834844,1.3264784771864613,3.8418496425639774,1.751500940244762,2.3229240318193534,8.969618117829544,5.670454234379071,6.5889893886630375,15.707560914476618,9.93007775015665,11.538612996414697,2.502260317601535,1.109120170168435,1.55875591340226,3.940567429293756,1.7466459372731258,2.454733721893323,12.210061410092065,8.182584321007955,9.641093044379536,19.228443165499314,12.88595956064245,15.182823691936278,2.146812297880228,0.9522094558554723,1.33485967650175,3.701400513586601,1.6417404411301249,2.301482200865087,8.557535996840258,5.255290000145864,6.3052344088481895,14.754372408345274,9.060844827837698,10.87109380835895,0.5879396984924623,-0.002060301507537776,-0.002060301507537776,0.44221105527638194,-0.0027889447236180143,-0.0027889447236180143,0.33668341708542715,-0.0033165829145728187,-0.0033165829145728187,0.36438356164383556,0.10036167381893812,0.15128483241607404,0.3296703296703297,0.3869346733668342,0.10372665331670883,0.1715757418142465,0.35858585858585856,0.3745819397993311,0.11080898487445634,0.17324712333659475,0.3221476510067114,17.0,-7.0,-7.0,24.0,-11.0,-11.0,33.0,-14.0,-14.0,0.0006238383167387337,0.0002363076631924856,0.00036216432680232196,-0.04211603634729855,-0.044101139644633136,-0.044510422855758236,0.0684931506849315,0.1029765437344138,0.2821917808219178,-1.0269341468811035
274,1,test,2.176434360824881,1.0137314380771927,1.392267228942919,3.460530633711561,1.6118329865427363,2.213704894019241,8.814819690799165,5.616252608468148,6.6242379757170164,14.015563308370673,8.929841647464354,10.532538381390056,2.041346945624478,0.8985915855516757,1.2604438585363884,2.7400630142610445,1.2061632020827862,1.691870951055555,7.7009750108143225,4.565579392781997,5.517531796044658,10.336879209146742,6.128294486955702,7.406082947710951,2.136564299681908,0.9795244147253344,1.35287424980929,3.3210844036506346,1.522576810453888,2.1029133416724717,8.470286214757712,5.289781546353247,6.280749337545334,13.16624800221406,8.222458362207119,9.762822804474611,0.457286432160804,-0.0027135678391959628,-0.0027135678391959628,0.3668341708542714,-0.0031658291457286047,-0.0031658291457286047,0.2562814070351759,-0.00371859296482413,-0.00371859296482413,0.35962145110410093,0.11080255346630563,0.16444831364345036,0.38291139240506333,0.3668341708542714,0.13375146408735406,0.1781864246105318,0.3787878787878788,0.36789297658862874,0.12248396156358698,0.17545693654413486,0.3825503355704698,14.0,-1.0,-1.0,19.0,0.0,0.0,25.0,0.0,0.0,-0.0003556642280726182,-0.00017549942589343317,-0.00021432474578845611,-0.012588781376357439,-0.011028322586637884,-0.011781971222989185,0.07886435331230283,0.11958719765787015,0.23974763406940064,-1.059145450592041
422,1,test,2.2097891200686006,1.0539106026568381,1.2695302721670045,5.331758632723658,2.5428656982708593,3.0631108311006208,9.113794274067967,5.936981196499687,6.553150124150795,21.98967804498957,14.324693003182386,15.811379660015,2.8434703867048197,1.3367287934901415,1.822709643296824,4.586242559201322,2.1560141830486153,2.9398542633819744,17.1752670492194,12.663262180683404,14.399961792949558,27.702043627773225,20.424616420457106,23.225744827337994,2.52950770690247,1.1759906059447185,1.6222022456275882,4.8958213681983285,2.276110850215584,3.139746281859847,12.547327653184517,8.676311281288662,10.069690212406353,24.28515029648616,16.79286054442967,19.489722991754235,0.5979899497487438,-0.0020100502512562235,-0.0020100502512562235,0.5125628140703518,-0.0024371859296482556,-0.0024371859296482556,0.40703517587939697,-0.00296482412060306,-0.00296482412060306,0.3502415458937198,0.12225602116513112,0.1527830903707481,0.3414043583535109,0.42713567839195976,0.14142139267767406,0.21678509408478108,0.4747474747474747,0.3946488294314381,0.13588422175197234,0.20554983054378517,0.40604026845637586,18.0,-1.0,-1.0,30.0,-1.0,-1.0,39.0,-1.0,-1.0,-0.0001701874882153397,0.0009961206051040743,-1.3623632944852868e-05,-0.04932028283570222,-0.06149942276526499,-0.05856557688055286,0.06038647342995169,0.09526914203787896,0.8768115942028986,-0.8640604019165039
206,1,test,1.4793317746457955,0.640782368365825,0.841199126728632,2.554003288065611,1.1062834610800119,1.4522944564597458,4.390011183797006,2.077001878508353,2.497068397551251,7.579167290411872,3.585855261101865,4.311082211018976,1.2173192174030707,0.43976778487378265,0.679114222309999,1.9477107478449132,0.7036284557980523,1.0865827556959984,3.378119579997483,1.2019822623714664,1.6651901956803183,5.4049913279959725,1.9231716197943465,2.6643043130885093,1.320562678917158,0.5198039664461077,0.7754948133567366,2.2256674363772326,0.8760741007518671,1.3070137303765224,3.7455283142568105,1.5182981993847076,2.020802886394364,6.312688170095748,2.558929549524788,3.4058475613388155,0.321608040201005,-0.0033919597989949812,-0.0033919597989949812,0.24623115577889443,-0.0037688442211055717,-0.0037688442211055717,0.13567839195979903,-0.004321608040200986,-0.004321608040200986,0.32291666666666663,0.1057515171218032,0.1371884164222874,0.3263707571801566,0.31155778894472363,0.10103147315524996,0.14795177892802913,0.2828282828282829,0.3076923076923077,0.09567227430332603,0.14195259690254125,0.30201342281879195,16.0,-7.0,-7.0,24.0,-15.0,-15.0,29.0,-18.0,-18.0,0.0005614092823533059,-0.0005459447169383881,0.0002532620351300876,-0.15383029340835908,-0.13739254113539445,-0.1532002995720534,0.07291666666666667,0.07955759062142473,0.6015625,-1.4852032661437988
87,1,test,2.0956388842979217,0.9202874456717838,1.2980150798900372,3.509937047592578,1.5413681356079136,2.174015404741934,8.130633845508797,4.891352693169915,5.9103749594923265,13.61781038164035,8.19241337772301,9.899150178460054,2.0183718593133158,0.8278864515441935,1.1836456686664092,3.3361518335757285,1.3684073579242868,1.9564391217626598,7.526061466162222,4.237384296708447,5.221878411128902,12.439771018449955,7.003940986294954,8.631203985337029,2.1281224097289506,0.9205500488440319,1.3043296093767065,3.488725261850739,1.5090984407279213,2.1382452612732896,8.399081962759203,5.053728486949803,6.119954221027128,13.768986824195414,8.284800798278365,10.032711837749389,0.49246231155778897,-0.002537688442211028,-0.002537688442211028,0.37688442211055273,-0.003115577889447274,-0.003115577889447274,0.2613065326633166,-0.003693467336683409,-0.003693467336683409,0.3657817109144543,0.11688627645200955,0.1714735656740225,0.3698224852071006,0.371859296482412,0.12373899573053226,0.17820320299326342,0.35858585858585856,0.36789297658862874,0.114136716154572,0.16989520128273328,0.37583892617449666,16.0,-7.0,-7.0,25.0,-15.0,-15.0,33.0,-20.0,-20.0,0.0006670755641452743,-0.0002751516966570132,-3.425461994642748e-05,-0.06050446676180865,-0.05384094529084038,-0.05750546952725433,0.19174041297935104,0.047243906114276514,0.0029498525073746312,-0.9362967014312744
221,1,test,2.0143954034976774,0.8606247142578296,1.2286822127531685,3.8382398904482775,1.6398389825723512,2.3411377297053617,7.496193838283605,4.326069884578654,5.302222735505414,14.283288259432275,8.242916942237708,10.102883860895453,1.8604496258158425,0.757897169395318,1.1095427772961983,3.413669038194206,1.3906370080648034,2.035858306965501,6.426625698735224,3.414781877479554,4.3077050130450685,11.791973759147199,6.265654821063401,7.904045895495537,2.0141517293396074,0.860381036776285,1.228576879988524,3.837775592390333,1.6393746781818401,2.340937028086241,7.494367432094364,4.324243467853588,5.300699825342152,14.27980821520683,8.23943687793724,10.099982099638424,0.44221105527638194,-0.0027889447236180143,-0.0027889447236180143,0.33668341708542715,-0.0033165829145728187,-0.0033165829145728187,0.25125628140703515,-0.003743718592964851,-0.003743718592964851,0.35231316725978645,0.10542151539477762,0.16296405483375098,0.36071428571428577,0.3467336683417085,0.10613216458231,0.1647637184251809,0.3434343434343434,0.35231316725978645,0.10542151539477762,0.16296405483375098,0.36071428571428577,19.0,-7.0,-7.0,30.0,-12.0,-12.0,34.0,-8.0,-8.0,-0.0006815042972439302,-7.872931835651678e-05,5.926055273725687e-05,-0.00025954392907312496,0.0001733692814402943,2.277625207813827e-05,0.09252669039145907,0.05777285811660857,0.6832740213523132,-0.9429957866668701
142,1,test,2.155551147585871,1.0034421994853926,1.376183613418622,3.640982767424839,1.6949334561255853,2.324538124220056,8.632646730472585,5.46778632761769,6.452553735430709,14.581569088777526,9.235742708825732,10.899132216323373,2.235875285419039,1.0045602143719052,1.3942725760728107,3.3876898263924833,1.522060930866523,2.1125342061709254,9.354666272810665,5.928934616957507,7.034583856437025,14.173736776985855,8.983234268117435,10.658460388540947,2.1322465239208395,0.9688520233094267,1.347022388955711,3.476488897697021,1.5796500380045,2.1962321559060505,8.433792261301098,5.233012355698703,6.240893870441153,13.750748252121356,8.532085362552234,10.175370440936662,0.5527638190954773,-0.0022361809045226,-0.0022361809045226,0.40703517587939697,-0.00296482412060306,-0.00296482412060306,0.33668341708542715,-0.0033165829145728187,-0.0033165829145728187,0.36615384615384616,0.09580054354247902,0.15837493110778678,0.37962962962962965,0.38190954773869346,0.11373912167353051,0.17322841251331778,0.4040404040404041,0.36454849498327757,0.09910609097659973,0.1621013314682609,0.37583892617449666,18.0,-6.0,-6.0,28.0,-11.0,-11.0,37.0,-12.0,-12.0,0.00015723355800704707,-7.3716549677019115e-06,3.7285149139982014e-05,-0.017880092890103505,-0.01542207702605669,-0.017143327192882474,0.09230769230769231,0.04907790633417451,0.003076923076923077,-0.9962069988250732
111,1,test,1.6429579585356568,0.7550499043871156,1.0411017838272068,3.2558618080737105,1.496287920279345,2.063159022828306,5.170440864775205,2.740400048217928,3.344936752658592,10.246300494219158,5.430670827261138,6.628685637890503,1.4364238444080153,0.580215963305933,0.8518402633825983,2.5200418322947638,1.0179227426419877,1.4944566024256112,4.205628908909753,1.8514126316655148,2.411385235967086,7.37829633142062,3.24809233625529,4.230500413977344,1.6045893991628741,0.7493073213823621,1.0237049928870379,3.0857488445439887,1.440975618043004,1.9686634478596883,4.97581610897854,2.6237783643814856,3.1881973959286394,9.568877132651037,5.045727623810548,6.131148838324306,0.3919597989949749,-0.0030402010050251116,-0.0030402010050251116,0.25125628140703515,-0.003743718592964851,-0.003743718592964851,0.1758793969849246,-0.004120603015075441,-0.004120603015075441,0.33024691358024694,0.10066293823355976,0.1516021497198773,0.38390092879256965,0.321608040201005,0.0960441304265689,0.14631588661168948,0.3787878787878788,0.3210702341137124,0.09235570990670072,0.14420705280114288,0.3791946308724832,14.0,-4.0,-4.0,20.0,-9.0,-9.0,25.0,-11.0,-11.0,-0.0006994524280013882,3.22193411035127e-05,-0.0003320520946851525,-0.04755277976712424,-0.05051104365166026,-0.04948792404746616,0.07716049382716049,0.045490803559489756,0.3425925925925926,-0.6270902156829834
329,1,test,1.530158511512768,0.6849194652700807,0.6849194652700807,3.814414279895465,1.7073829732330723,1.7073829732330723,4.618908914515103,2.290374539075994,2.290374539075994,11.514122222307984,5.709498252911927,5.709498252911927,2.027764688310264,0.8985831605056995,1.2557204193095064,3.5889640501066618,1.590412673461415,2.2225140164770023,7.597085510711639,4.503961682756638,5.4328995977782935,13.446169045507327,7.971613597799361,9.615751500492555,1.7344621012628563,0.7709954950362865,1.0814983989226314,3.8260193410210066,1.7007253566976908,2.3856582329175695,5.665879314661088,3.045113406985217,3.7446529718858006,12.498263194105341,6.717161927173272,8.26026390857162,0.48743718592964824,-0.002562814070351749,-0.002562814070351749,0.3668341708542714,-0.0031658291457286047,-0.0031658291457286047,0.27638190954773867,-0.0036180904522613577,-0.0036180904522613577,0.29038461538461535,0.07924092036995256,0.07924092036995256,0.24084778420038533,0.3668341708542714,0.1262326670948729,0.1731780773651228,0.2828282828282829,0.3076923076923077,0.09233337613972004,0.140840249850261,0.24496644295302017,17.0,0.0,0.0,28.0,-5.0,-5.0,36.0,-7.0,-7.0,-0.0001132099008435219,0.0010161113949697345,0.0006759629587433536,-0.14802498755427163,-0.1550574221965082,-0.16379718014468025,0.07115384615384615,0.07325995053841029,0.12115384615384615,-1.409510612487793
408,1,test,1.6596796206435553,0.6913735042269621,0.9379669245433222,3.4752407526182734,1.4476826414476167,1.9640301900658514,5.257626139709933,2.624146268855337,3.1996712944338777,11.009062469337373,5.494759314343496,6.699864202157125,1.7796423250350213,0.7364456413412652,1.0471776809638533,3.149809424840746,1.30344361299339,1.8534118247147846,5.927735836666438,3.089460239420866,3.8475345861865486,10.49156785250697,5.468071220213922,6.809795727763802,1.859754923825226,0.8243445803929614,1.1497949803497178,3.6948773321030983,1.6377706895224402,2.2843608881120225,6.422162659489982,3.605901026472349,4.388252873832126,12.759263561900626,7.164041774448375,8.718383193043959,0.4170854271356784,-0.0029145728643216184,-0.0029145728643216184,0.3316582914572864,-0.0033417085427135396,-0.0033417085427135396,0.24120603015075381,-0.0037939698492461815,-0.0037939698492461815,0.328042328042328,0.09950864244127122,0.15111173175689308,0.3236074270557029,0.3417085427135679,0.11363836727497134,0.17309418545146438,0.3535353535353535,0.35451505016722407,0.1174532805511973,0.18210125706377578,0.3657718120805369,18.0,-7.0,-7.0,29.0,-13.0,-13.0,35.0,-12.0,-12.0,2.197937791298724e-06,0.00023973128781017245,-1.1674481168133153e-05,-0.09975796621417299,-0.11255881130517231,-0.10437972942546736,0.07671957671957672,0.04180783374415699,0.7857142857142857,-0.9471709728240967
277,1,test,1.8855282702025522,0.8392070150790556,1.1733483625798793,3.7239183336500403,1.6574338547811345,2.3173630160952614,6.589834735997099,3.7426768745025134,4.551404728027175,13.01492360359427,7.391786827142464,8.989024337853671,2.080807234383488,0.939770723894648,1.2940435513513626,3.7157272042562277,1.6781620069547283,2.310792055984576,8.010933005492852,4.880922031891501,5.814655942007029,14.305237509808663,8.71593219980625,10.38331418215541,1.8719276828815365,0.831308321014782,1.1574614377701624,3.599860928618339,1.5986698481053496,2.2258873803272348,6.500815840064976,3.669845973813176,4.4577199613045915,12.501568923201877,7.057396103486877,8.572538387124215,0.542713567839196,-0.0022864321608039306,-0.0022864321608039306,0.37688442211055273,-0.003115577889447274,-0.003115577889447274,0.2211055276381909,-0.003894472361809065,-0.003894472361809065,0.35238095238095235,0.10356954192136436,0.1591391361190727,0.3439490445859873,0.3668341708542714,0.10367627611742924,0.16316138287430482,0.4040404040404041,0.35451505016722407,0.10242823881497032,0.16096666307044982,0.34563758389261745,14.0,-4.0,-4.0,21.0,-7.0,-7.0,29.0,-10.0,-10.0,0.000332656735645212,-0.0001330688919017677,9.685433771858433e-05,-0.056077787632712095,-0.05662825992581233,-0.0544313838099546,0.07936507936507936,0.08110057681893136,0.526984126984127,-0.9139094352722168
349,1,test,2.3929584037513907,1.12437057595657,1.5296707795828755,3.826029538201376,1.7977224463034425,2.4457448057737503,10.945828269877843,7.390000695628274,8.574885606875434,17.500957064267965,11.815650829733343,13.710127834721737,2.4613207829977215,1.1236197309975986,1.5619942784782719,3.8160012139499555,1.74204609456992,2.421696555780266,11.720281269883642,7.9100074625431045,9.26233413259795,18.170978712997893,12.263577461307138,14.3602079575162,2.3927775082874763,1.1242964805550337,1.5295272436967484,3.825740309860767,1.7976039773846018,2.4455153105433887,10.94384839827533,7.388400566353884,8.57299431103518,17.497791506846998,11.813092430949995,13.70710389843478,0.5728643216080402,-0.0021356783919597166,-0.0021356783919597166,0.44221105527638194,-0.0027889447236180143,-0.0027889447236180143,0.33668341708542715,-0.0033165829145728187,-0.0033165829145728187,0.400709219858156,0.1352224941944392,0.20613374816004282,0.43060498220640564,0.3919597989949749,0.11125804460901001,0.17827031652419023,0.43939393939393945,0.400709219858156,0.1352224941944392,0.20613374816004282,0.43060498220640564,19.0,-3.0,-3.0,27.0,-2.0,-2.0,36.0,-5.0,-5.0,6.085113766009587e-05,-0.00012448614083215167,-9.332737468575644e-06,-0.0049420028924966886,-0.004073957376339088,-0.00479478342262496,0.08865248226950355,0.09595853909698406,0.0035460992907801418,-0.5993773937225342
456,1,test,2.3481721277623016,1.0238866148394024,1.4488279228737817,3.688161657191876,1.6081697374379744,2.2756047266876247,10.466420949020568,6.70692266678477,8.008430304778347,16.439106816668176,10.534242666852165,12.57845846783121,2.5691783241793256,1.1912547468321795,1.6344503717478802,3.723446846636704,1.7264561548292456,2.3687686547070728,13.055092978409684,9.088436363669118,10.50857238964751,18.92042460639085,13.17164690386829,15.229815057460161,2.348078605999219,1.023461440219918,1.4487868084510547,3.688014767031382,1.6075019359975884,2.2755401502301886,10.465442156650159,6.704696819287153,8.007580325784808,16.437569474303782,10.530746634641234,12.577123446477227,0.6231155778894473,-0.0018844221105527303,-0.0018844221105527303,0.4773869346733668,-0.0026130653266331905,-0.0026130653266331905,0.35678391959798994,-0.0032160804020100464,-0.0032160804020100464,0.38888888888888884,0.11505873290968605,0.18565563253784956,0.38327526132404177,0.40201005025125625,0.11378949887281009,0.17830387328965358,0.4292929292929293,0.39236111111111116,0.11853095513190837,0.18912785476007188,0.38327526132404177,23.0,-11.0,-11.0,31.0,-9.0,-9.0,43.0,-15.0,-15.0,0.0007165739029357096,-5.9222256152251465e-05,0.00020093395854406873,-0.0356737698307068,-0.028839966577196563,-0.032710872977254724,0.09027777777777778,0.09099381428832534,0.7013888888888888,-1.1328098773956299
187,1,test,1.6460644003373464,0.7584492679441124,0.9799462437728143,4.009644052103792,1.8475046270433504,2.3870485425235217,5.186527511590448,2.7571984026122194,3.239861529386249,12.633849066694681,6.7162525191836115,7.891970392094709,1.817085219670597,0.7380389625912189,1.0910244488164653,3.5283208148943634,1.433085364254794,2.1184940753717774,6.153895030706423,3.212022608064011,4.086972562102965,11.949310739235772,6.236937103036914,7.935869052627117,1.7240519910902188,0.7632236505506128,1.0788138663915512,3.7209755203386017,1.6472452889581572,2.3283752512047866,5.607202830998844,2.993342087256973,3.700761885097676,12.10187661366657,6.460450548036633,7.9872558671172875,0.42713567839195976,-0.002864321608040288,-0.002864321608040288,0.33668341708542715,-0.0033165829145728187,-0.0033165829145728187,0.25125628140703515,-0.003743718592964851,-0.003743718592964851,0.3324538258575198,0.10715738316977275,0.1408604729738443,0.31481481481481477,0.3467336683417085,0.12116975856727241,0.1647637184251809,0.3484848484848485,0.3411371237458194,0.11910039586601973,0.16538628948553014,0.33221476510067116,17.0,-8.0,-8.0,28.0,-16.0,-16.0,35.0,-20.0,-20.0,0.0002915316307707255,2.73645847939034e-05,0.00019109811977192383,-0.06936238697665953,-0.0792205021762582,-0.08009454308502306,0.0870712401055409,0.07450507908551834,0.06596306068601583,-0.5955826044082642
65,1,test,2.281493517880331,1.0849947730076397,1.4809804860766338,4.3430840460854485,2.0654117365687594,2.819215865061543,9.79129296587168,6.4827802929600296,7.5646099711693715,18.638846850695487,12.340714292622707,14.400100908973021,2.3139245822694647,1.0735860814242077,1.4827920663933245,4.095441738530027,1.900152356503023,2.6244107369793355,10.114040249872554,6.657256859031863,7.818122818474244,17.900956194464698,11.782755502711261,13.83738551942344,2.2455592670948255,1.061760313660745,1.4526906995670081,4.318383205951587,2.041846757039894,2.793635960705785,9.445696746902925,6.178935814552345,7.235970655011469,18.16480143635178,11.882568874139125,13.915328182714365,0.5628140703517588,-0.0021859296482411583,-0.0021859296482411583,0.39698492462311563,-0.0030150753768843908,-0.0030150753768843908,0.31658291457286436,-0.003417085427135591,-0.003417085427135591,0.3650793650793651,0.10358966618871535,0.1602219205175911,0.35031847133757965,0.35678391959798994,0.08861349353282699,0.15478058069982636,0.3282828282828283,0.3612040133779264,0.10577830386206666,0.15986919691519008,0.3422818791946308,23.0,-14.0,-14.0,30.0,-12.0,-12.0,41.0,-18.0,-18.0,0.0006975441475119031,-1.7924231637722983e-05,-8.393947347814217e-05,-0.04773766405988944,-0.04654269638896924,-0.04332257269726991,0.07936507936507936,0.09472915564625758,0.0031746031746031746,-0.5607414245605469
474,1,test,1.5941849892595092,0.6663784156950233,0.9629485298574078,3.150859743477618,1.317077339256046,1.9032394472475822,4.924314067350925,2.3953580567062778,3.044380462965198,9.732761921352417,4.734354747372408,6.017128444448863,1.6937327025142652,0.61047943632984,0.9429958317133696,3.2261575285986,1.1628179739615998,1.7961825365968944,5.439747816401946,2.485472839154167,3.321187269407509,10.361424412194182,4.734233979341271,6.326070989347636,1.54377839922316,0.6253885332382518,0.9169031258784089,2.93122480865157,1.1874465820979467,1.7409553023007769,4.682248293766563,2.176994946678659,2.810495577450869,8.890344861582081,4.13353470888353,5.336384007818104,0.3517587939698492,-0.0032412060301507672,-0.0032412060301507672,0.26633165829145733,-0.0036683417085426884,-0.0036683417085426884,0.20100502512562812,-0.003994974874371837,-0.003994974874371837,0.30149253731343284,0.09582934804368615,0.12969511923994725,0.2784431137724551,0.29648241206030146,0.09848742459162974,0.12452915663459196,0.2676767676767676,0.3010033444816054,0.0990000055834418,0.1308142454827177,0.261744966442953,21.0,-8.0,-8.0,28.0,-5.0,-5.0,35.0,-8.0,-8.0,0.0007748630307686542,-2.3749837735302307e-05,0.0002813467723179021,-0.15267710045410343,-0.13951063034871947,-0.1485631462930952,0.07462686567164178,0.16860226783825244,0.07761194029850746,-1.2299681901931763
99,1,test,2.175022790984878,1.0047700460043851,1.3837536843812326,3.8296413559058893,1.7691349889770462,2.4364251988798387,8.80238573494169,5.579578651027463,6.596191188549935,15.49867917747402,9.824166091072893,11.614152583520438,2.1141896822835773,0.9525715229550409,1.3292070130968856,3.465884725055045,1.5615926605820343,2.1790278903227636,8.282871288708536,5.087772013726806,6.090502343841456,13.57847752247301,8.340609858568534,9.98443007187124,2.1747797845674968,1.0046520070337897,1.383417390327824,3.8292134857108686,1.7689271534889426,2.435833073767396,8.80024695859855,5.577842595493061,6.59384659193285,15.49491335655082,9.821109355254652,11.610024367390968,0.5226130653266332,-0.002386934673366814,-0.002386934673366814,0.36180904522613067,-0.0031909547738693256,-0.0031909547738693256,0.27638190954773867,-0.0036180904522613577,-0.0036180904522613577,0.37412587412587417,0.11583617080999287,0.1741258741258742,0.3929824561403509,0.3517587939698492,0.09862596188964867,0.15476380231709463,0.3787878787878788,0.37412587412587417,0.11583617080999287,0.1741258741258742,0.3929824561403509,16.0,-3.0,-3.0,24.0,-5.0,-5.0,33.0,-5.0,-5.0,-9.379425934674922e-06,-0.00014230503994846835,-8.690148509905188e-08,-0.00029419353837489837,0.00015400165618917327,5.253467235455389e-06,0.08741258741258741,0.10138498415339323,0.0034965034965034965,-0.7637026309967041
71,1,test,1.7383615550923341,0.7908789201256471,1.0105242620459314,3.2521500863210653,1.4795868792781244,1.8905023275596133,5.688016282443156,3.1088076120956836,3.6174186166364115,10.641217064283609,5.815998929805801,6.767515211027929,1.3362287871845497,0.515655496134143,0.7783356102580631,2.5696707445856726,0.9916451848733518,1.4967992504962753,3.804668202756032,1.5328663348012852,2.0576801770468256,7.316669620684676,2.9478198746178554,3.9570772635515876,1.5871994990738265,0.686123280736117,0.9788631430461889,2.8512565851625626,1.2325567917415274,1.7584367839153094,4.890035186547248,2.4277835804948307,3.0526630648891673,8.784494347090865,4.361287869152391,5.483825865070361,0.3266331658291457,-0.0033668341708542604,-0.0033668341708542604,0.23115577889447236,-0.003844221105527623,-0.003844221105527623,0.16582914572864327,-0.004170854271356772,-0.004170854271356772,0.34102564102564104,0.09646738238287533,0.14258966839611997,0.3881748071979434,0.2864321608040201,0.07841211067870679,0.1278344980327346,0.303030303030303,0.3411371237458194,0.10574480321159574,0.15982455422412867,0.37583892617449666,15.0,-1.0,-1.0,21.0,-2.0,-2.0,26.0,-2.0,-2.0,-0.0005739738235252344,-0.0008919546306675767,-0.00019667906626927358,-0.09647285326663813,-0.08122294221799375,-0.09113244885046523,0.09230769230769231,0.03634609529689128,0.47692307692307695,-1.3550605773925781
497,1,test,1.6095393290126585,0.7149103019475895,0.8610055657966285,3.4272777752110337,1.5222965633510859,1.8333849858754077,5.000507108606966,2.554079046103756,2.886608840785536,10.647845982506375,5.438536476280635,6.146609869931391,2.113176908863784,0.9457213330765923,1.3204616314379616,3.1539953863638566,1.4115243777262572,1.9708382558775546,8.274486863306024,5.060681919958228,6.065099474591989,12.349980392994064,7.553256596952579,9.05238727551043,1.7460791620148721,0.7604649787437381,1.0753526744930095,3.253563655928333,1.417015488342369,2.003762747502502,5.732083986159846,3.0526269293091643,3.7764264206630864,10.68090183756493,5.688124712998443,7.036819417384633,0.5125628140703518,-0.0024371859296482556,-0.0024371859296482556,0.3668341708542714,-0.0031658291457286047,-0.0031658291457286047,0.26633165829145733,-0.0036683417085426884,-0.0036683417085426884,0.3161592505854801,0.0939370283632579,0.1245658977018046,0.28873239436619713,0.3417085427135679,0.08857571063336733,0.1463830001426163,0.3737373737373737,0.32441471571906355,0.0923612933484459,0.14532684030193344,0.3120805369127517,17.0,-6.0,-6.0,27.0,-11.0,-11.0,31.0,-8.0,-8.0,-3.6144435311024415e-05,0.0004415116206853441,-6.224384803110296e-05,-0.04783463204018101,-0.04714295417213332,-0.05661889743319026,0.08196721311475409,0.03911001431186472,0.34192037470725994,-1.5925021171569824
69,1,test,2.3502120461334455,1.0958058573636547,1.5022230410002049,4.323787546412173,2.0160018016882626,2.7637052100452495,10.487793384995625,6.98203738614332,8.152846823165223,19.294850650600925,12.845158524507262,14.999147681079608,2.246685321330111,0.9976609517030295,1.4017013920879164,3.8735953816036397,1.7201050891431544,2.4167265380826146,9.456339104541401,5.969399771071311,7.12839870203818,16.304032938864484,10.292068570812603,12.290342589721,2.349682854422446,1.0953363521265378,1.5016655766914497,4.322813969354116,2.0151380324379256,2.762679618656706,10.482244799931712,6.976698041048811,8.147232222163169,19.284642676797446,12.835335498596212,14.988818254877113,0.542713567839196,-0.0022864321608039306,-0.0022864321608039306,0.39698492462311563,-0.0030150753768843908,-0.0030150753768843908,0.29648241206030146,-0.0035175879396985854,-0.0035175879396985854,0.37412587412587417,0.10187456522535066,0.16249796714913,0.4035087719298246,0.35678391959798994,0.09613229052530825,0.15144168253622037,0.3939393939393939,0.37412587412587417,0.10187456522535066,0.16249796714913,0.4035087719298246,18.0,0.0,0.0,25.0,0.0,0.0,32.0,1.0,1.0,-0.0002367364624055988,-0.00024351087376534516,3.919825336214032e-05,-0.004969722579938107,-0.005090491512242501,-0.005579013847453851,0.1258741258741259,0.06840653725337102,0.47202797202797203,-0.7034413814544678
412,1,test,2.4320318838926394,1.137367184773491,1.5632055942819871,4.07810224433217,1.9071705842238416,2.621228892850893,11.381985473295922,7.732213476109022,8.997874518382401,19.085646372904748,12.965601865426715,15.08789934484854,2.5468918685849156,1.141943602458556,1.5882223804932876,3.9486695636975435,1.7704551976101643,2.462360279834554,12.767359418409246,8.692043514473408,10.159135527576545,19.794355687456193,13.476036456547916,15.750597717172933,2.431908549381356,1.1372979941167802,1.5629141964068805,4.077895433413859,1.9070545633055769,2.6207402683651964,11.380581768244555,7.731007378432235,8.99607009795238,19.083292599190568,12.963579445541857,15.084873639859177,0.6331658291457287,-0.0018341708542712887,-0.0018341708542712887,0.4824120603015075,-0.0025879396984924696,-0.0025879396984924696,0.3517587939698492,-0.0032412060301507672,-0.0032412060301507672,0.4014598540145985,0.12277132942443458,0.1830132520728509,0.39560439560439564,0.40703517587939697,0.12132089016511127,0.1766512025905823,0.4191919191919192,0.4014598540145985,0.12459282304920682,0.1830132520728509,0.39560439560439564,23.0,-14.0,-14.0,36.0,-20.0,-20.0,45.0,-22.0,-22.0,8.4401535572284e-05,0.0002852622876562003,2.3474777390988546e-05,-0.01522714165579142,-0.015526373713697694,-0.015303797662557628,0.09124087591240876,0.1632145222595436,0.24817518248175183,-0.6406128406524658
125,1,test,2.6539083919274224,1.253310773467676,1.7030168665888459,3.862384534680088,1.8240147863859928,2.478497761196267,14.209466421937691,10.151842268437669,11.62145050905337,20.679848453355746,14.77455615852982,16.9133610087116,3.02123534118846,1.4047241314045467,1.9281083962239483,4.347101210343109,2.021185800582082,2.7742566852143145,20.516621062806315,15.48112920178992,17.533032042834986,29.520318075980313,22.27500604574089,25.227384234294945,2.760942845341352,1.2953886664418501,1.7652597398699235,3.9630758545569647,1.8594095690552872,2.5338656553156795,15.814746781479045,11.484804643379938,13.10817419700271,22.700593466237862,16.485365516813307,18.815561048329247,0.6683417085427136,-0.0016582914572863539,-0.0016582914572863539,0.5226130653266332,-0.002386934673366814,-0.002386934673366814,0.4170854271356784,-0.0029145728643216184,-0.0029145728643216184,0.39076923076923076,0.12502422308873917,0.1881080229903157,0.37962962962962965,0.4120603015075377,0.11130842180828959,0.18000687913692004,0.4444444444444444,0.4013377926421404,0.12754814322644759,0.1922165468134419,0.3959731543624161,22.0,-2.0,-2.0,33.0,-3.0,-3.0,40.0,-1.0,-1.0,0.00039821621391338935,0.00011730160888472277,0.0004881225923970705,-0.014596145670271454,-0.016599643051726787,-0.02002473652014558,0.08615384615384615,0.15854671335838247,0.7384615384615385,-1.13814115524292
177,1,test,2.299134442125654,1.05617442797044,1.455022776403013,3.49219880128275,1.6042433203226683,2.2100616225364687,9.965552957854076,6.499695674876719,7.639642247497756,15.136866925172948,9.87251072778572,11.60399714349659,2.526084783200298,1.139229758767246,1.5877213068912805,3.5329857107696476,1.5933283339402042,2.220589240407385,12.504452528962835,8.502209246905977,9.948657154658767,17.48874479575222,11.891201743924446,13.914205810711563,2.2991230114741623,1.0561629976437792,1.4549952431351345,3.492181439049944,1.604225958583254,2.2100198017349886,9.96543904574234,6.4995817638908004,7.639490881836551,15.136693901911338,9.872337706234134,11.603767231330114,0.6331658291457287,-0.0018341708542712887,-0.0018341708542712887,0.4723618090452262,-0.0026381909547738003,-0.0026381909547738003,0.3517587939698492,-0.0032412060301507672,-0.0032412060301507672,0.3857142857142857,0.10763941940412525,0.1778758059043094,0.3763440860215054,0.3919597989949749,0.0912079192957268,0.16658417295156924,0.41414141414141414,0.3857142857142857,0.10763941940412525,0.1778758059043094,0.3763440860215054,14.0,-4.0,-4.0,20.0,-4.0,-4.0,28.0,-8.0,-8.0,0.00024298730850987713,6.657586786952132e-05,0.00011462004255317161,-0.01895473017346383,-0.01530232101620932,-0.017978230397956096,0.08928571428571429,0.10746577092897223,0.3,-0.8673889636993408
224,1,test,1.8715633751041079,0.8523162711961023,1.1283726862691614,3.3651262655812775,1.532489847224519,2.0288474408287875,6.498447973637075,3.727340351373898,4.3958143009110495,11.68440152895336,6.701868119465383,7.903804038583907,2.3479935840534734,1.0489316575391545,1.4683313324241896,3.787086425892699,1.6918252540954102,2.3682763426196605,10.464552402219775,6.7986961905629695,8.054466835755406,16.87831032616093,10.965639017037049,12.99107554154098,2.1122636302597537,0.9665515852615649,1.3427896218296707,3.662884907964891,1.6761010149044477,2.3285369164676366,8.266933401227103,5.122253687927008,6.108302867568879,14.335722661087463,8.8825208461162,10.592432718327537,0.5728643216080402,-0.0021356783919597166,-0.0021356783919597166,0.46733668341708545,-0.002663316582914521,-0.002663316582914521,0.33668341708542715,-0.0033165829145728187,-0.0033165829145728187,0.37637362637362637,0.12534481978926426,0.17109503399825976,0.34435261707988984,0.42713567839195976,0.15144645533431567,0.21344619592117509,0.4444444444444444,0.3946488294314381,0.12419807817935125,0.18886462475958044,0.38926174496644295,24.0,-15.0,-15.0,36.0,-26.0,-26.0,44.0,-26.0,-26.0,0.0002740345269482881,0.0006250619803302578,0.0003098582713278726,-0.05687402905995054,-0.07995078530413213,-0.07324454742788511,0.08241758241758242,0.0898285949466505,0.8159340659340659,-1.2340474128723145
482,1,test,1.3531073131227682,0.6121992204419789,0.640326979344206,2.667711572620092,1.2069781378632511,1.2624332722843086,3.8694304014555203,1.7715907188113102,1.8297760992795111,7.628755059780193,3.492770319607665,3.6074853989860287,1.6816632235108349,0.7354403935597045,1.027774220170577,2.6906611576173356,1.176704629695527,1.6444387522729231,5.374487515480174,2.7985260992687704,3.4514826373352454,8.599180024768279,4.477641758830032,5.522372219736392,1.6779772223587792,0.7549885870490305,1.0532191873471453,3.186032700681227,1.4335226336373998,1.9997832671148332,5.354713614006555,2.8379126526192944,3.4869196519999486,10.167177748113714,5.388441745479674,6.6207335164556,0.39698492462311563,-0.0030150753768843908,-0.0030150753768843908,0.2613065326633166,-0.003693467336683409,-0.003693467336683409,0.2160804020100503,-0.003919597989949675,-0.003919597989949675,0.2851239669421488,0.09214151080179789,0.09939571669776959,0.27329192546583847,0.321608040201005,0.1060691930832105,0.15299368293890148,0.3282828282828283,0.32441471571906355,0.11907247865729398,0.16201204608613806,0.32885906040268453,22.0,-11.0,-11.0,27.0,-8.0,-8.0,32.0,-8.0,-8.0,0.0006098436796139688,0.00011356619802690172,0.0004646198240874805,-0.15143242328733386,-0.14290741004009888,-0.1664704494559981,0.05991735537190083,0.08381820478695003,0.5082644628099173,-1.3765028715133667
117,1,test,1.851912026510501,0.8306038403951894,1.112689434985132,3.567367377383386,1.6000052925507333,2.1433912273924123,6.371991298802258,3.595166305962899,4.277684549149315,12.274467449271718,6.925425620960111,8.240171289413945,2.117540794293791,0.9331008861079044,1.3104528127483417,3.388065270870066,1.4929614177726473,2.0967245003973467,8.310674678280321,5.041819228813493,6.069303119426966,13.297079485248513,8.066910766101588,9.710884991083145,1.9394010172112617,0.8471424419003193,1.200386434294154,3.526183667656839,1.5402589852733077,2.182520789625735,6.954584046657201,3.973584760263777,4.860712885531874,12.644698266649456,7.224699564115958,8.837659791876135,0.5125628140703518,-0.0024371859296482556,-0.0024371859296482556,0.36180904522613067,-0.0031909547738693256,-0.0031909547738693256,0.27638190954773867,-0.0036180904522613577,-0.0036180904522613577,0.3506849315068493,0.10991885763544029,0.15811406151662444,0.3214285714285714,0.3417085427135679,0.09108197629752779,0.15473024555163128,0.33333333333333337,0.34448160535117056,0.09239479399891681,0.16094434172491912,0.3221476510067114,16.0,-6.0,-6.0,25.0,-12.0,-12.0,31.0,-14.0,-14.0,0.0012596788871520007,0.00018172911131376617,0.00043629274659179405,-0.05300104029736197,-0.04831884665484054,-0.05255813852805513,0.07945205479452055,0.17725951042334792,0.23835616438356164,-1.329362154006958
74,1,test,1.7981443690481256,0.7756568325444642,1.0028385408388725,3.605462944060782,1.5552710979080326,2.01079360484529,6.038431960466442,3.2583301861364333,3.8233136215679377,12.107672247261792,6.533284505875603,7.666133945286731,2.0626306594901647,0.883103434474668,1.2600437072064163,3.2740169198256583,1.401751483293124,2.0000693765181214,7.866637057585841,4.613801077764164,5.635331307461595,12.486725488231494,7.323493774228832,8.94497032930412,1.652473621083916,0.6911525959913598,0.9946018457601786,3.304947242167832,1.3823051919827196,1.9892036915203573,5.219875865644518,2.6047269957967814,3.289196825472322,10.439751731289036,5.209453991593563,6.578393650944644,0.44221105527638194,-0.0027889447236180143,-0.0027889447236180143,0.3668341708542714,-0.0031658291457286047,-0.0031658291457286047,0.2864321608040201,-0.003567839195979916,-0.003567839195979916,0.33163265306122447,0.1099766021058105,0.1331966804317034,0.32225063938618925,0.3668341708542714,0.14878905807231646,0.1848642209377438,0.35858585858585856,0.3110367892976589,0.1040251031540863,0.13751064914193034,0.28523489932885904,18.0,-9.0,-9.0,27.0,-14.0,-14.0,34.0,-18.0,-18.0,0.0007424230641922013,0.0004314156426718833,0.00027101576298308187,-0.07859614775451984,-0.08908689182960661,-0.08545978681730393,0.0663265306122449,0.1129677953990324,0.12755102040816327,-1.214979648590088
372,1,test,2.6369250454695985,1.2428888176311477,1.689255075874316,4.587527133899164,2.162286025193914,2.9388410224114807,13.970179825801544,9.939092175980138,11.390487935095202,24.30428545036707,17.291297347253117,19.8163283254396,2.6079804834754947,1.2134319939515221,1.6583756060932902,4.310711542934702,2.0056727172752433,2.74111670428643,13.571615056763436,9.538461906194765,10.986926868000689,22.432421581427167,15.766052737512009,18.160209699174693,2.6370836594962004,1.2429472793279372,1.6893469774020575,4.5878030788495545,2.1623877325294254,2.939000905891251,13.972395868019111,9.940904475160332,11.39253187387979,24.308140756690783,17.29445025130633,19.81988421894155,0.592964824120603,-0.0020351758793969443,-0.0020351758793969443,0.46733668341708545,-0.002663316582914521,-0.002663316582914521,0.3467336683417085,-0.003266331658291488,-0.003266331658291488,0.383399209486166,0.09740315425934154,0.166579235767375,0.39682539682539686,0.3869346733668342,0.10873918464502963,0.1765840890596555,0.4040404040404041,0.383399209486166,0.09740315425934154,0.166579235767375,0.39682539682539686,20.0,0.0,0.0,29.0,-3.0,-3.0,35.0,1.0,1.0,-0.00019124657992801463,-5.590542663340046e-05,-4.468794135283758e-05,-6.550611697964115e-05,-0.000128814918206821,0.00012090384720320202,0.09881422924901186,0.16895267839950998,0.003952569169960474,-0.48307037353515625
10,1,test,2.1346309228701963,0.9392505581545161,1.3238346622891732,3.6577189327019037,1.6094185239728733,2.2684085834900967,8.453925780340004,5.149111214020984,6.204227160333216,14.485916066852871,8.823071647808927,10.631027080138539,1.9069765573134,0.7543091169444105,1.120768373274232,2.9796508708021876,1.1786079952256414,1.7512005832409874,6.732702056194866,3.566073609600636,4.5376446836061675,10.519846962804479,5.571990015000995,7.090069818134638,2.098760974521155,0.9110557058980053,1.2927352721279108,3.557221990713822,1.5441622133864499,2.1910767324201883,8.156058085680602,4.876511198755362,5.917066224930942,13.823827263865427,8.265273218229428,10.028925804967699,0.4773869346733668,-0.0026130653266331905,-0.0026130653266331905,0.3266331658291457,-0.0033668341708542604,-0.0033668341708542604,0.2361809045226131,-0.0038190954773869024,-0.0038190954773869024,0.35443037974683544,0.08902753614493975,0.14390406395736177,0.37777777777777777,0.3316582914572864,0.06850039672044428,0.12464660531371385,0.35858585858585856,0.34782608695652173,0.08238368294984388,0.13981718818010347,0.37248322147651003,10.0,0.0,0.0,17.0,0.0,0.0,20.0,0.0,0.0,-0.000270067552052091,9.24817544451274e-05,-0.00022177258975640318,-0.01260852600914042,-0.013599691065403263,-0.011791132594914266,0.09177215189873418,0.08738128279821683,0.4778481012658228,-1.0487568378448486
116,1,test,1.7363176786039862,0.7293418439399326,0.9082250746611125,3.611540771496291,1.5170310353950596,1.8891081552951137,5.676402552256129,2.9390921462504416,3.3874539100360446,11.806917308692748,6.113311664200918,7.0459041328749725,2.2207800157892112,0.9268425615053426,1.322615702494995,3.4972913634475766,1.4595945850477836,2.082859374007866,9.214515531045988,5.5673968467729935,6.7594233390378164,14.511048080387383,8.767554089406289,10.644761163839082,1.9116561367851685,0.7837248021984466,1.1405710778908675,3.3735108296208858,1.3830437685854942,2.0127724903956485,6.764282103567747,3.675022861801324,4.60217110433615,11.93696841806073,6.485334462002336,8.121478419416734,0.5829145728643217,-0.002085427135678275,-0.002085427135678275,0.3869346733668342,-0.0030653266331658324,-0.0030653266331658324,0.29145728643216084,-0.0035427135678391952,-0.0035427135678391952,0.33975903614457836,0.07862786887622697,0.11199755031857639,0.3164251207729468,0.371859296482412,0.0861450107681263,0.14815311952080934,0.38383838383838387,0.34782608695652173,0.08572258111344999,0.13203075881414128,0.33221476510067116,15.0,-5.0,-5.0,25.0,-13.0,-13.0,32.0,-15.0,-15.0,0.00026347120346806725,0.0011188141848470022,6.137531798056292e-05,-0.04072869857806438,-0.052334630468820365,-0.04635166448622918,0.06506024096385542,0.09023973131946045,0.3108433734939759,-1.2200686931610107
430,1,test,1.8356268191920846,0.8243677346553198,1.0655836645305485,3.3523888857545585,1.5055354402860066,1.9460659413257437,6.269062482809066,3.52000234680412,4.10920302303135,11.449132891139563,6.428548886886397,7.504600826099508,2.338123009371276,1.0139228479460158,1.4479543098785757,3.4133182618558773,1.4801793400671763,2.113801912231497,10.361769354588057,6.602591937467665,7.926228863508093,15.126670590639499,9.638820346668123,11.571137027019113,2.0356371044551222,0.9291205696379807,1.2715401841469718,3.489663607637352,1.5927781193793955,2.17978317282338,7.657128962761922,4.633322261248137,5.510074425238756,13.12650679330615,7.942838162139662,9.445841871837866,0.6030150753768844,0.0030150753768843908,0.0030150753768843908,0.4371859296482412,-0.002814070351758735,-0.002814070351758735,0.3517587939698492,-0.0032412060301507672,-0.0032412060301507672,0.35051546391752575,0.1034112168132787,0.13937176890286296,0.3462532299741602,0.39698492462311563,0.11878943590131108,0.17160929857970997,0.4545454545454546,0.36789297658862874,0.105789470745557,0.16322111896905145,0.3825503355704698,17.0,-8.0,-8.0,30.0,-19.0,-19.0,37.0,-21.0,-21.0,0.0002189727211614403,0.0009386573132606731,0.0001339271383670525,-0.05715475203937892,-0.07325312103955994,-0.06366242332927019,0.06443298969072164,0.09131475844060293,0.4097938144329897,-0.9232633113861084
157,1,test,1.7963772915765268,0.7344595285917024,1.0666831119120883,3.18948621157465,1.3040403874995534,1.8939067497214632,6.027771005526095,3.135859329650739,3.9533249026725445,10.702368928178984,5.5677502383594755,7.01916870474513,2.0966115388947966,0.9010533816862492,1.2786359540702772,3.250560525418289,1.3969819871104636,1.9823813241399644,8.138545991162779,4.8331438013875765,5.872637938549671,12.617900761492681,7.49324620370167,9.104865021007242,1.7757178942296048,0.7449764711058515,1.0787313614129785,2.976063509882019,1.2485639180544998,1.8079296559994056,5.904518434883938,3.1013750551290555,3.896824970861886,9.89584095231945,5.197835287925792,6.530991571276904,0.5527638190954773,-0.0022361809045226,-0.0022361809045226,0.40703517587939697,0.0020351758793969443,-0.00296482412060306,0.27135678391959794,-0.008643216080402083,-0.008643216080402083,0.3659942363112392,0.10987912839757008,0.16462571236207002,0.3439306358381503,0.3869346733668342,0.10372665331670883,0.1682368436506405,0.41414141414141414,0.3745819397993311,0.11414788303806234,0.17102242923203403,0.34563758389261745,19.0,-10.0,-10.0,31.0,-17.0,-17.0,35.0,-16.0,-16.0,0.0005044223944433555,7.06167163670841e-05,0.00030258651855291326,-0.040089760327452595,-0.039366166801847235,-0.041950219988963866,0.07204610951008646,0.16562428049513492,0.25360230547550433,-1.3455685377120972
63,1,test,1.925786594079165,0.8291590749676234,1.1524565476941278,2.9937992466907546,1.2889983872859125,1.7915918383367229,6.860543006551643,3.8664914101634307,4.693572642607611,10.665298298394694,6.010790139817386,7.296558343966419,2.496284175309575,1.1419410386343296,1.5792830229147534,3.5158932046613733,1.6083676600483516,2.2243422857954274,12.137309948776194,8.263094658065445,9.63553326645346,17.094802744755203,11.63816149023302,13.571173614723186,1.944007908958784,0.8898611817053634,1.2331197164060104,2.9015043417295283,1.3281510174706916,1.840477188665687,6.9866969761084565,4.1171713551263265,4.95089833904216,10.427905934490234,6.145031873322876,7.389400506033075,0.592964824120603,-0.0020351758793969443,-0.0020351758793969443,0.44723618090452266,-0.0027638190954772934,-0.0027638190954772934,0.3266331658291457,-0.0033668341708542604,-0.0033668341708542604,0.3577464788732394,0.12145955904201577,0.16419809177646516,0.3418079096045198,0.4170854271356784,0.14891500107051547,0.20005704650128775,0.43939393939393945,0.35785953177257523,0.11578941491113948,0.16987287993720257,0.3422818791946308,14.0,-2.0,-2.0,24.0,-3.0,-3.0,31.0,-6.0,-6.0,0.0009061491577874621,0.00031083845030540556,0.0005756107450682757,-0.05079198137597363,-0.05152712650938618,-0.05437174923166577,0.07323943661971831,0.10114333288572366,0.4394366197183099,-1.3539851903915405
223,1,test,1.408023975438215,0.6501935330341124,0.771245153811421,3.316678697698906,1.5315669889247983,1.8167108067557918,4.087869687007521,1.9542275511525289,2.1974878825185775,9.629204151617715,4.603291564937068,5.17630478993265,1.3608090520828726,0.528948267795418,0.7996193862080658,2.66825304329975,1.0371534662655253,1.56788114942758,3.899346800601681,1.601756716066804,2.1465903456149107,7.645778040395452,3.140699443268243,4.209000677676295,1.4358390962993122,0.6325983994599281,0.8920692729118704,3.033462879505589,1.3364754918167494,1.8846533934757823,4.203170394235317,1.9704054632111534,2.480682280336967,8.879937452609825,4.1628284434038445,5.24087805704993,0.38190954773869346,-0.0030904522613065533,-0.0030904522613065533,0.27135678391959794,-0.0036432160804020786,-0.0036432160804020786,0.18090452261306533,-0.0040954773869347205,-0.0040954773869347205,0.32387706855791965,0.10900103550006845,0.13717130120699106,0.3033175355450237,0.33668341708542715,0.10610697598267027,0.16139126349611166,0.2828282828282829,0.31438127090301005,0.10069178843222537,0.14975390716552395,0.28859060402684567,22.0,-13.0,-13.0,32.0,-23.0,-23.0,37.0,-25.0,-25.0,0.0003913310485928207,8.356490387102276e-05,0.00016504510234146799,-0.11304201182244888,-0.11449084798683717,-0.11701845124215282,0.07801418439716312,0.08419310432184521,0.026004728132387706,-0.9212921857833862
1,1,test,1.9977658280874857,0.8601176329743985,1.1583730622849453,3.870671291919504,1.6664779138878973,2.2443478081770816,7.372566104934322,4.253142648588021,5.057605278420924,14.284346828310248,8.24046388163929,9.799110226940542,2.129510327273927,0.8642618132697866,1.2695187956448764,3.579008953401558,1.4525408626382972,2.1336450346972717,8.410747289360147,4.866773935669906,6.047606607690986,14.135709730017055,8.179451992722532,10.164044718808379,2.164529062253825,0.9102558172912594,1.3192014251795343,3.935507385916045,1.6550105768931984,2.398548045780971,8.710498848086518,5.205208886804812,6.381758176712841,15.837270632884577,9.464016157826931,11.603196684932438,0.4321608040201005,-0.002839195979899567,-0.002839195979899567,0.3316582914572864,-0.0033417085427135396,-0.0033417085427135396,0.2613065326633166,-0.003693467336683409,-0.003693467336683409,0.339622641509434,0.09870743289570583,0.13727660045371548,0.33513513513513515,0.31658291457286436,0.09352527046258863,0.13127406649273077,0.3282828282828283,0.34782608695652173,0.11076431734049497,0.15761474101658846,0.35906040268456374,14.0,-2.0,-2.0,23.0,-4.0,-4.0,27.0,-3.0,-3.0,0.00022281253103871855,-0.00011158008488293835,1.730727439446426e-06,-0.03826139287092012,-0.035899882142303774,-0.037933669667966186,0.0673854447439353,0.18875606673834144,0.05390835579514825,-0.9598739147186279
42,1,test,2.2086732041539467,0.9335654799073567,1.3464653611439747,4.3069127481001965,1.8204526858193457,2.6256074542307513,9.103629718444147,5.524542774664104,6.735245772981131,17.752077950966086,10.772858410595003,13.133729257313206,2.628523765834723,1.203374456107345,1.6593308991950075,4.7791341196994965,2.187953556558809,3.01696527126365,13.853304078889643,9.694825381163966,11.217487933479077,25.187825597981167,17.626955238479937,20.395432606325592,2.2464648093584803,0.9614319613693763,1.3778715427538777,4.212121517547151,1.8026849275675807,2.5835091426635204,9.454254098453902,5.8394674047126625,7.0706986315185985,17.726726434601066,10.949001383836244,13.257559934097372,0.6180904522613065,-0.0019095477386934512,-0.0019095477386934512,0.44221105527638194,-0.0027889447236180143,-0.0027889447236180143,0.321608040201005,-0.0033919597989949812,-0.0033919597989949812,0.3440514469453376,0.07759879847021722,0.13763433464587238,0.3129032258064516,0.36180904522613067,0.06606969685520336,0.143111215509937,0.38888888888888884,0.3377926421404682,0.07068078905198738,0.12755904925948935,0.31879194630872487,14.0,0.0,0.0,24.0,0.0,0.0,32.0,0.0,0.0,0.0013248271462751066,0.00011740400645318304,0.0003720718334580009,-0.02899884026459887,-0.029953743928409438,-0.03576954245720909,0.09003215434083602,0.17928139137929008,0.6591639871382636,-1.1868553161621094
122,1,test,2.0802938724208855,0.8872501782052427,1.2728080126235524,3.6570771260392636,1.5597519056346938,2.237547843847773,8.00682155262493,4.709720233842585,5.764558023337863,14.075686296334272,8.279508181786966,10.133872703447455,2.232333008146184,1.0115340490645903,1.3957131262809201,3.365411125917353,1.5249642103322232,2.1041432737113874,9.321588071745287,5.931693032353862,7.013037471409263,14.053000199070548,8.942476616957716,10.572685278866997,2.080473542948825,0.8874298567806431,1.2729656021400155,3.657392979960992,1.560067773703551,2.2378248801951868,8.008260271724247,4.711158979475196,5.765947230443823,14.078215509527976,8.282037441625185,10.136314876449013,0.5555555555555556,0.0005555555555556424,0.0005555555555556424,0.4191919191919192,-0.0008080808080808133,-0.0008080808080808133,0.297979797979798,-0.002020202020202033,-0.002020202020202033,0.3745454545454545,0.11501732387394814,0.16051885236891283,0.35766423357664234,0.4040404040404041,0.134518993461059,0.1875974510202698,0.3857868020304569,0.3745454545454545,0.11501732387394814,0.16051885236891283,0.35401459854014594,16.0,0.0,0.0,26.0,1.0,1.0,35.0,1.0,1.0,0.0006132431757595865,0.0006185751543344432,-1.3432841785322326e-05,-0.03529306205405103,-0.03818228228606557,-0.0324295751973267,0.09090909090909091,0.12549315528461827,0.45454545454545453,-0.8450379371643066
17,1,test,1.5009171470480287,0.6510719862165602,0.8392421200759902,3.0172283161170625,1.308821633830213,1.6870918516399391,4.485801323721379,2.1465167127233316,2.547765444219539,9.017610866147592,4.315048981474595,5.121661816072098,1.713636907404973,0.7124755369285958,1.0219754318776513,2.8092408318114312,1.1679926834895011,1.675369560455166,5.5491064089838975,2.8276658143689697,3.5520756128224367,9.09689575243262,4.6355177284737215,5.823074775118749,1.601466069389709,0.6384624752624637,0.9407828642124492,3.02163409318813,1.2046461797404975,1.775062007948017,4.960299239144506,2.340746496916573,3.0241845929489912,9.35905516819718,4.416502824370892,5.706008665941493,0.38190954773869346,-0.0030904522613065533,-0.0030904522613065533,0.27135678391959794,-0.0036432160804020786,-0.0036432160804020786,0.20603015075376885,-0.003969849246231116,-0.003969849246231116,0.3120204603580563,0.0974610733848762,0.12922476143332517,0.31025641025641026,0.2864321608040201,0.07841211067870679,0.12282615078732562,0.3232323232323232,0.32441471571906355,0.09903908967565789,0.15422561672017587,0.33221476510067116,16.0,-6.0,-6.0,26.0,-11.0,-11.0,26.0,-6.0,-6.0,0.00019887028569219852,0.0004873184198964869,0.00014158482167179437,-0.11077117953812454,-0.11725312943982491,-0.11872775196032137,0.06905370843989769,0.10442845127604183,0.2557544757033248,-1.1599297523498535
167,1,test,2.3657404172161582,1.0968451675075586,1.271437793409286,4.029151648071269,1.8680644259113106,2.16541749190019,10.651922765445164,7.09500188383294,7.664823940191127,18.141555959898795,12.083675083402976,13.054153273138013,2.2381106614417177,0.9638823847944573,1.3781958588194771,3.699356465192922,1.5931940244536484,2.278009683999136,9.375600859115854,5.799660151078793,7.01264149192802,15.496860924158437,9.586215125750071,11.591142961864495,2.1719945430350283,0.9567134730676559,1.3570411419519288,3.560646791860702,1.5683827427338621,2.2246576097572603,8.775770247872444,5.404528761968503,6.516699848209346,14.386508603069581,8.85988321634181,10.683114505261225,0.507537688442211,-0.0024623115577889765,-0.0024623115577889765,0.42713567839195976,-0.002864321608040288,-0.002864321608040288,0.31658291457286436,-0.003417085427135591,-0.003417085427135591,0.38620689655172413,0.10836533512807311,0.13987258570128425,0.39170506912442393,0.39698492462311563,0.13132076422211314,0.19832048388855805,0.38383838383838387,0.3946488294314381,0.13087587450656335,0.19442636002098201,0.37248322147651003,17.0,-2.0,-2.0,25.0,-6.0,-6.0,34.0,-8.0,-8.0,-8.40327050741858e-05,7.203399063884763e-05,-0.00020962714695811413,-0.01443410606812634,-0.01775202101067297,-0.016052504329631567,0.06206896551724138,0.12104640963172558,0.0022988505747126436,-1.0666885375976562
297,1,test,1.8766652862791378,0.8572363673794254,1.0790805132455232,3.3831626491178954,1.5453848274317166,1.9453148702086727,6.531687197658372,3.760075700681235,4.311514969706255,11.775014076512571,6.778485093429933,7.772593500433754,2.441267806039896,1.0870225323930098,1.5202553286330356,3.4875254371998516,1.552889331990014,2.1717933266186225,11.487595557536006,7.613759390714713,8.975763281188508,16.41085079648001,10.876799129592449,12.82251897312644,1.9865828645857622,0.895226520697987,1.2457462186985127,3.1533061342631146,1.4209944772983922,1.9773749503150992,7.290578255273161,4.312267307174354,5.192888451193401,11.572346436941524,6.844868741546592,8.242680081259365,0.5527638190954773,-0.0022361809045226,-0.0022361809045226,0.4170854271356784,-0.0029145728643216184,-0.0029145728643216184,0.3266331658291457,-0.0033668341708542604,-0.0033668341708542604,0.3443877551020408,0.11636227739503446,0.1606145390707603,0.329923273657289,0.38190954773869346,0.11875165300185131,0.18157565792233288,0.4040404040404041,0.34448160535117056,0.1074198357351438,0.17095546519544202,0.33221476510067116,14.0,-3.0,-3.0,20.0,-1.0,-1.0,26.0,-2.0,-2.0,-0.00014910633983675602,0.0007401428997703106,-3.152932597395971e-05,-0.06352047285165785,-0.08802793933431552,-0.0734261594356802,0.07908163265306123,0.059235281415084044,0.3903061224489796,-1.5163089036941528
309,1,test,2.825034188742417,1.3206604780786435,1.8036035817772753,4.27745289594897,1.999644113700997,2.7308799995271738,16.861521450448304,12.360187840380725,14.084356495524693,25.530439258305908,18.71486068487025,21.32546633220688,2.9699853917934056,1.373754634192453,1.8879722211348382,4.367625576166772,2.020227403224195,2.7764297369629967,19.491634856122513,14.557236471377689,16.541021191398325,28.664168906062518,21.407700693202486,24.325031163821066,2.8250460482052877,1.3206723351409106,1.8035076573354347,4.277470852649814,1.9996620667670282,2.7307347579994152,16.861721420221656,12.360387799348157,14.08425711548292,25.53074203739776,18.7151634476006,21.325315858471313,0.7135678391959799,-0.0014321608040201994,-0.0014321608040201994,0.4974874371859297,-0.002512562814070307,-0.002512562814070307,0.40201005025125625,-0.002989949748743781,-0.002989949748743781,0.40823970037453183,0.10917427981378414,0.17660831805821797,0.424812030075188,0.40201005025125625,0.08872684223120608,0.1549315861444115,0.43939393939393945,0.40823970037453183,0.10917427981378414,0.17536298804576467,0.424812030075188,19.0,-6.0,-6.0,30.0,-11.0,-11.0,36.0,-8.0,-8.0,0.00030514837383660435,0.00021719252037692387,-5.339467277987651e-05,-0.00016252502302549487,0.00022759863213561715,7.184004964067014e-05,0.149812734082397,0.0563028069982091,0.06741573033707865,-0.9745874404907227
76,1,test,1.6098050550101477,0.7286068544188232,0.9436257847049572,3.6919481201729734,1.6709965583377802,2.16412380564071,5.001836049905659,2.5880458706973095,3.0550510960261104,11.471276689304595,5.935458493874668,7.006494429808384,1.657214954887107,0.7036727893199373,1.0061466866642212,2.7852352182976587,1.1826433433948524,1.6910028347297836,5.24468380442008,2.6497988928444354,3.327095570614877,8.814594629277446,4.4534435173856055,5.591757261537609,1.5156287337841516,0.660084213117605,0.9433423499512832,3.224741986774791,1.4044344959949044,2.007111382875071,4.552282401002034,2.1996272998243476,2.779967786992125,9.685707236174542,4.680058084732655,5.9148250787066505,0.42211055276381915,-0.0028894472361808976,-0.0028894472361808976,0.3266331658291457,-0.0033668341708542604,-0.0033668341708542604,0.19095477386934678,-0.004045226130653168,-0.004045226130653168,0.356020942408377,0.11811244567635082,0.1614950382050534,0.3359580052493438,0.35678391959798994,0.12620747849523306,0.16813617335425035,0.33838383838383834,0.35785953177257523,0.12413666032015458,0.18322104456456634,0.325503355704698,19.0,-10.0,-10.0,29.0,-16.0,-16.0,36.0,-19.0,-19.0,6.939506222725243e-06,-0.00022775925592339244,0.00010076200682179821,-0.0845963519286892,-0.09359626812340327,-0.08927490018625495,0.14921465968586387,0.03811054518038512,0.002617801047120419,-0.503654956817627
313,1,test,2.1938765814331793,1.0359663231606773,1.1264596408229668,4.08304808211175,1.9280484347712603,2.0964665537538547,8.96991842147236,5.78664432162855,6.062059802264995,16.69401483996245,10.769588043030913,11.282166854215408,1.9804145364204258,0.8180063326175515,1.1918369812168277,2.9339474613635934,1.2118612335074836,1.7656844166175225,7.2457459882962265,4.048121445381698,5.045481543757589,10.734438501179595,5.997216956121033,7.474787472233466,2.019984745764549,0.8906913684109488,1.257700664715137,3.523229207728864,1.5535314565307246,2.1936639500845407,7.5382099431555245,4.444740131346547,5.395044144494403,13.148040598527077,7.752453717464907,9.4099607171414,0.4522613065326633,-0.0027386934673366836,-0.0027386934673366836,0.3417085427135679,-0.003291457286432098,-0.003291457286432098,0.2814070351758794,-0.003592964824120637,-0.003592964824120637,0.3846153846153846,0.13168048600279125,0.14316865929769151,0.40256959314775165,0.3467336683417085,0.11365096157479115,0.1514081257707569,0.3535353535353535,0.3745819397993311,0.13251182293789532,0.18103355270255683,0.3825503355704698,23.0,-14.0,-14.0,31.0,-20.0,-20.0,33.0,-16.0,-16.0,-0.00023754334549868657,-9.845325704429742e-06,-0.00022115838291091258,-0.026203305385819498,-0.020340229714033597,-0.020398795163584005,0.05982905982905983,0.05520391638418721,0.18376068376068377,-0.8766722679138184
296,1,test,2.3152189606712397,1.034087386219373,1.446422912030659,3.5636213414253395,1.591683525847466,2.226356835184446,10.127140121393076,6.526428226650992,7.743101263217447,15.587852931948166,10.045580701805939,11.918302924756269,2.3658837941101543,1.018063929518677,1.451881857200874,3.3322306959297947,1.4338928584770099,2.044904024226583,10.653450114537028,6.804425133330258,8.15916555871422,15.004859316249336,9.583697370887688,11.49178247706228,2.2892049820031075,1.007149062217566,1.421165601621718,3.451062786939358,1.51831516917221,2.142460705962389,9.867090047916639,6.263048313212817,7.484854433958802,14.875010122487396,9.441781376702739,11.283700151696687,0.5175879396984925,-0.002412060301507535,-0.002412060301507535,0.4120603015075377,-0.0029396984924623393,-0.0029396984924623393,0.31155778894472363,-0.003442211055276312,-0.003442211055276312,0.3738019169329073,0.12180829651823433,0.16763826124746628,0.3814102564102564,0.371859296482412,0.12373899573053226,0.16818650850244543,0.4040404040404041,0.3712374581939799,0.12082009592352916,0.16879029467896323,0.37583892617449666,21.0,-10.0,-10.0,28.0,-14.0,-14.0,36.0,-12.0,-12.0,-0.00013607915971148034,-0.00027315284036962716,-4.478976986360433e-05,-0.005577126766866947,-0.006717123093631372,-0.006332131639890548,0.07987220447284345,0.0915183243877273,0.003194888178913738,-0.9433023929595947
208,1,test,2.4820393481686445,1.1397508765519024,1.4747084807932387,4.013510435336531,1.8430014174030762,2.384634990218854,11.96564166196639,8.1378483759412,9.227359248688467,19.34869715552012,13.159073969607046,14.920836231921777,2.4772445473507254,1.049902846834082,1.5096807301951094,3.697379921418993,1.5670191743792268,2.2532548211867303,11.908406119705358,7.740800410253018,9.276880353657692,17.773740477172176,11.553433448138833,13.846090080086107,2.404008308629548,1.0881521575857371,1.5163514264632276,3.5703093692518038,1.6160675607708967,2.2520070690047933,11.067449344228066,7.339508044032031,8.638018809193543,16.436805956774357,10.9002594713347,12.828740805732986,0.5678391959798995,-0.0021608040201005485,-0.0021608040201005485,0.42713567839195976,-0.002864321608040288,-0.002864321608040288,0.3467336683417085,-0.003266331658291488,-0.003266331658291488,0.3825857519788918,0.11249352536492607,0.1626444030052847,0.3941798941798942,0.371859296482412,0.08363874510396585,0.15316146676621833,0.398989898989899,0.3846153846153846,0.11249518428149474,0.1799435269958073,0.3926174496644296,18.0,-7.0,-7.0,32.0,-14.0,-14.0,37.0,-10.0,-10.0,-4.833716919031568e-05,4.339380119394848e-05,1.2474044505709645e-05,-0.013257011449402611,-0.014934261085488565,-0.014482357023053893,0.08179419525065963,0.09289674927796056,0.002638522427440633,-0.8125550746917725
325,1,test,1.9839357771279993,0.9140503739753658,1.2262163720212498,3.4670722318741736,1.597369585588018,2.1429023977070383,7.271304977294095,4.356259551474384,5.137899742142737,12.70713491177609,7.612880769566885,8.978853918307696,1.943752927565684,0.7746901540921203,1.1255094641041976,3.061028232386904,1.2199844946332603,1.7724558489829882,6.984915725482853,3.7659414092763526,4.718400603202252,10.999867284224965,5.930616392561185,7.4305521310271665,2.06920543339994,0.922701276180419,1.2994989506989338,3.410778186922978,1.5209361695281631,2.142031237415825,7.918528819039616,4.771357179694197,5.759396400986543,13.052520031383981,7.864874472023402,9.493510551076719,0.4522613065326633,-0.0027386934673366836,-0.0027386934673366836,0.321608040201005,-0.0033919597989949812,-0.0033919597989949812,0.2814070351758794,-0.003592964824120637,-0.003592964824120637,0.350974930362117,0.10619050755265946,0.1623141287980896,0.34636871508379885,0.3417085427135679,0.10361330461832974,0.15806914371523728,0.31313131313131315,0.34782608695652173,0.09406982652246498,0.15983943512114906,0.35906040268456374,21.0,-12.0,-12.0,33.0,-17.0,-17.0,39.0,-20.0,-20.0,0.0008497549247880611,-2.7127974908956823e-05,0.0001293827079933152,-0.02010008624938653,-0.015905129048460864,-0.018245198779760052,0.06963788300835655,0.06737240502353901,0.033426183844011144,-1.1703617572784424
31,1,test,2.0183512174034623,0.9021295968885381,1.2627781980566992,3.488124924435727,1.5590649956483964,2.1823397576672185,7.5259061154832585,4.47261024480261,5.397075080194085,13.006309543168504,7.7295879615306635,9.327252830899521,2.1414972886225736,0.9598785047688849,1.3126251860288622,3.2694615093474404,1.4654633660593661,2.0040079176013164,8.512173272233763,5.252526674648234,6.221439702051141,12.995684385089714,8.01912469411944,9.498381224505557,2.0653760853698113,0.9411002024947581,1.2970373689655097,3.3674610087551273,1.5344025040675404,2.114734840704635,7.888264000549804,4.810276782046417,5.732082752332865,12.86130000089642,7.842842579423506,9.345787096194888,0.5879396984924623,-0.002060301507537776,-0.002060301507537776,0.3919597989949749,-0.0030402010050251116,-0.0030402010050251116,0.27135678391959794,-0.0036432160804020786,-0.0036432160804020786,0.37202380952380953,0.11050820774074865,0.1700436115040076,0.35820895522388063,0.3869346733668342,0.10122038765254848,0.16489794548703451,0.3737373737373737,0.3846153846153846,0.12251187877231284,0.18550526225720887,0.3691275167785235,18.0,-6.0,-6.0,28.0,-7.0,-7.0,35.0,-8.0,-8.0,0.00018416550288340137,0.00033472588119630914,0.00030745827697007316,-0.025310954427806287,-0.02380557829152785,-0.02739718287301951,0.08333333333333333,0.04134638829008927,0.6964285714285714,-1.4106829166412354
129,1,test,1.9635287777505468,0.8536360388116662,1.161482445916346,3.364732412577228,1.462803540686658,1.9903337688237857,7.124423265963472,4.090390322574576,4.8943234793432975,12.208518742143976,7.009354308637183,8.386986243945087,2.014165276323476,0.9041075436402215,1.2399721269407884,3.0517655701870843,1.369859914606396,1.8787456468799824,7.494468958856761,4.459935377712068,5.325627468924724,11.355255998267818,6.757477845018284,8.069132528673823,1.7284898076703465,0.7181464636901036,1.0403339608184732,2.9462894448926362,1.2241132903808585,1.7732965241223975,5.632141865190557,2.885598002741753,3.642099660593229,9.600241815665722,4.918632959218897,6.2081244214657305,0.4974874371859297,-0.002512562814070307,-0.002512562814070307,0.3417085427135679,-0.003291457286432098,-0.003291457286432098,0.2613065326633166,-0.003693467336683409,-0.003693467336683409,0.3076923076923077,0.08272660124511977,0.11414392059553347,0.31404958677685946,0.33668341708542715,0.08104431934106626,0.13968842543267257,0.36363636363636365,0.3010033444816054,0.07061937119279071,0.11857842790763429,0.2919463087248322,17.0,-7.0,-7.0,25.0,-11.0,-11.0,29.0,-10.0,-10.0,-1.8448733662126968e-05,-0.00011161055216263144,0.00028982369562389625,-0.045205552979192376,-0.05013009503285648,-0.05683244227577866,0.07142857142857142,0.11898038670453137,0.0027472527472527475,-1.1035665273666382
440,1,test,1.64042809078783,0.7229608116715706,0.8918024791967029,3.421701017653403,1.5079940162644376,1.8601738581224156,5.157376865252607,2.6544337661392756,3.04328443039333,10.757558814895589,5.53677346169455,6.3478609583456835,1.8984536330510517,0.7436677994691387,1.1117661837809145,3.062021988792019,1.1994641926921594,1.7931712641627655,6.675563585795721,3.502219864707703,4.47945394639105,10.767038041606002,5.6487417172704895,7.224925719985565,1.8732384882211548,0.8001358197021518,1.145678226994058,3.2297215314157843,1.379544516727848,1.9753072879207898,6.509342731506507,3.584903728283873,4.439318607689813,11.223004709493978,6.18086849704116,7.653997599465195,0.4371859296482412,-0.002814070351758735,-0.002814070351758735,0.31658291457286436,-0.003417085427135591,-0.003417085427135591,0.2160804020100503,-0.003919597989949675,-0.003919597989949675,0.308252427184466,0.08764636657840541,0.11274900587459302,0.2749391727493917,0.3266331658291457,0.09605672472638882,0.1496715631580272,0.297979797979798,0.32441471571906355,0.08401404793943079,0.14421449324965308,0.30536912751677847,13.0,0.0,0.0,21.0,0.0,0.0,22.0,0.0,0.0,0.0007229110921016419,0.0008063605274174577,0.00021304060341878416,-0.12515983710837375,-0.12245364897013822,-0.12436532283851243,0.07524271844660194,0.10394934005481919,0.2645631067961165,-0.888819694519043
105,1,test,2.0850939696854267,0.9610800665164723,1.2598751376484572,3.9585032723977136,1.8245885526759422,2.3918441699518933,8.04534746494781,4.968166511014212,5.762967296361785,15.273908385230866,9.431950635123428,10.940861770757905,2.030217590433627,0.861489852613095,1.243812505142452,3.530813200754134,1.4982432219358177,2.1631521828564386,7.615743291392259,4.397847265704911,5.4202536667045775,13.244770941551756,7.648430027312889,9.426528116007962,2.1202794231503868,0.9756552438364237,1.3522125288095377,3.7638096268941776,1.7319323855084443,2.4003772700761026,8.33346572563745,5.192205141371563,6.17787049540666,14.793134424208489,9.21693220361816,10.966634015514781,0.507537688442211,-0.0024623115577889765,-0.0024623115577889765,0.3517587939698492,-0.0032412060301507672,-0.0032412060301507672,0.2361809045226131,-0.0038190954773869024,-0.0038190954773869024,0.3672922252010724,0.0915224795518087,0.14148577358816916,0.3413978494623656,0.3517587939698492,0.07857583657636547,0.12972206609004955,0.303030303030303,0.3612040133779264,0.08741436396223357,0.14763337934010656,0.3422818791946308,15.0,0.0,0.0,24.0,0.0,0.0,29.0,0.0,0.0,0.00022339530860657957,-3.712808541785071e-05,0.0001596865301980845,-0.026079824572071253,-0.023773815254819475,-0.027381322826798282,0.0938337801608579,0.03833294986850987,0.002680965147453083,-0.620485782623291
290,1,test,1.7194455392896937,0.7461343787920013,1.0582824379889582,3.3439523678210605,1.451071153847021,2.058132103328219,5.581432920914915,2.934739327171387,3.6443889178265376,10.854688563987903,5.7074378325971145,7.087553907674923,2.0009271129994484,0.9039065057563509,1.246989657226245,3.5730841303561576,1.614118760279198,2.226767245046866,7.395909765464375,4.400681011580194,5.270557722838403,13.206981724043526,7.858358949250347,9.411710219354289,1.7931299855665597,0.7727939171018094,1.097847041384874,3.5625099050991254,1.5353521531824028,2.181153062354054,6.008228735551274,3.234101831657553,4.003952643572392,11.9368782825522,6.425367877465337,7.954872801799453,0.542713567839196,-0.0022864321608039306,-0.0022864321608039306,0.42211055276381915,-0.0028894472361808976,-0.0028894472361808976,0.2814070351758794,-0.003592964824120637,-0.003592964824120637,0.3892405063291139,0.12699722038914552,0.19134576948700865,0.37142857142857144,0.42211055276381915,0.1489275953703354,0.21509886662024658,0.4444444444444444,0.39799331103678925,0.13422035611191452,0.19109675931265135,0.38590604026845643,17.0,-6.0,-6.0,26.0,-6.0,-6.0,38.0,-13.0,-13.0,0.0005391672330143112,0.0001443713324810245,0.0003949226645784049,-0.038214782571358796,-0.04214466929075478,-0.050397105871184955,0.07911392405063292,0.049115516629507375,0.8829113924050633,-1.1206773519515991
267,1,test,2.6170695765347185,1.2181110646442805,1.6566073274821753,4.207187800252016,1.9582291798711853,2.6631535517751432,13.695531017755204,9.644552294888625,11.082627011042659,22.016866319682418,15.504533436086778,17.816375068385035,2.60141547178695,1.2012934951783807,1.6538786305925854,4.033202281840233,1.8624705351602806,2.5641529156474197,13.482809070409242,9.427114433857088,10.903460587100025,20.903579954122858,14.615681292801687,16.904590057519417,2.616966604066037,1.218161851972592,1.6564997552228617,4.2070222622327424,1.9583108253230272,2.6629806191557397,13.69412082772302,9.643764934638176,11.081204802171461,22.014599305326882,15.50326767973479,17.814088732604755,0.6532663316582914,-0.0017336683417086274,-0.0017336683417086274,0.4974874371859297,-0.002512562814070307,-0.002512562814070307,0.3869346733668342,-0.0030653266331658324,-0.0030653266331658324,0.4426877470355731,0.14485737228212148,0.2166693501893182,0.4365079365079365,0.42713567839195976,0.13139633002103246,0.1984211541849481,0.4191919191919192,0.4426877470355731,0.14485737228212148,0.2166693501893182,0.4365079365079365,24.0,-12.0,-12.0,35.0,-12.0,-12.0,45.0,-16.0,-16.0,-0.00017490558847688906,0.0002682976421030994,0.00017626531470704636,-6.550611697964115e-05,-0.000128814918206821,0.00012090384720320202,0.18181818181818182,0.034316626450369786,0.33992094861660077,-0.6211411952972412
398,1,test,2.416388959814074,1.126727463510675,1.5450929588636888,3.863328456708729,1.801414567409283,2.470298323452724,11.205323297612022,7.573766245429805,8.815316999937076,17.91509772731982,12.108955613950648,14.093949934031135,2.525763424440171,1.1404593132726193,1.5910153774464357,3.798140487879956,1.7149764109362695,2.392504326987121,12.500434759209393,8.504393798476007,9.95386299871649,18.797646254450214,12.78856210297144,14.968215035663896,2.416428026131902,1.126883512520543,1.5451237295672322,3.863390916031245,1.80166405894003,2.4703475197272518,11.205761056884102,7.574628809174276,8.815734932556534,17.915797617892547,12.110334682931327,14.094618125704162,0.6030150753768844,-0.0019849246231156137,-0.0019849246231156137,0.44723618090452266,-0.0027638190954772934,-0.0027638190954772934,0.3517587939698492,-0.0032412060301507672,-0.0032412060301507672,0.4022556390977443,0.11707740269999567,0.19225563909774435,0.4226415094339623,0.4120603015075377,0.1213334844649312,0.19503192087314702,0.43939393939393945,0.4022556390977443,0.11707740269999567,0.19225563909774435,0.4226415094339623,21.0,-9.0,-9.0,33.0,-16.0,-16.0,42.0,-19.0,-19.0,0.0003714619178946585,0.0001696917535019304,-1.3159622518918256e-05,-0.00015559510116602837,0.0002314721571865519,7.534460660885145e-05,0.10150375939849623,0.07149238074794291,0.3458646616541353,-0.4512298107147217
212,1,test,1.8851191507265561,0.8599062336714307,1.0118707801999518,3.353039800882481,1.529505350054922,1.7998029451097506,6.587139257686941,3.7994503137841527,4.192462226413992,11.716469007525133,6.75803867287837,7.457084451900299,1.8939183885815423,0.8170423063334091,1.1436465367691544,2.7448092588138295,1.1841192845411728,1.6574587489408035,6.64535682226649,3.709861854513417,4.527781217128627,9.630951916328247,5.376611383352778,6.562001763954532,1.619228232093208,0.691269100020717,0.9812691255584133,2.7444546306664543,1.1716425424079946,1.6631680094210393,5.049192008115592,2.5198501542840686,3.1565776972748445,8.557952556128123,4.2709324648882525,5.350131690296347,0.4120603015075377,-0.0029396984924623393,-0.0029396984924623393,0.33668341708542715,-0.0033165829145728187,-0.0033165829145728187,0.2562814070351759,-0.00371859296482413,-0.00371859296482413,0.33487297921478065,0.10880608186760654,0.13252693815906214,0.36111111111111116,0.3417085427135679,0.11865089860329214,0.16808583820605538,0.36868686868686873,0.3177257525083612,0.11071406636478864,0.1608848181368373,0.31543624161073824,15.0,-3.0,-3.0,24.0,-7.0,-7.0,30.0,-6.0,-6.0,-0.0009553110538141265,0.00019474439763108724,-0.0005474515227364734,-0.07696730942623109,-0.09562603441325734,-0.08409973174454421,0.08775981524249422,0.07993180772752191,0.11778290993071594,-1.3849458694458008
43,1,test,1.3003885644267699,0.5100644147937456,0.7612093820176555,2.6174487771154213,1.0266681169566418,1.532177858676563,3.6707227028108775,1.466611930640735,1.9561237913301788,7.38850595309369,2.952026578340967,3.9373260928056166,1.4474593128818174,0.5192991225668444,0.8072026930279668,2.4327047275324665,0.8727716345661252,1.3566431815596083,4.252297022787554,1.7224465728012515,2.3553294063859944,7.146717685357233,2.894868189581935,3.9585368174554527,1.2679988651794867,0.474428515122686,0.7212397831213433,2.5192030434029538,0.9425732088530185,1.4329267214331325,3.5537339413380398,1.3424565580105092,1.8260891614456243,7.060398558949748,2.6671322344579655,3.6279917114813727,0.39698492462311563,-0.0030150753768843908,-0.0030150753768843908,0.27135678391959794,-0.0036432160804020786,-0.0036432160804020786,0.19095477386934678,-0.004045226130653168,-0.004045226130653168,0.30351437699680506,0.09617785387080824,0.13135709750690072,0.27243589743589747,0.33668341708542715,0.10360071031850981,0.15638291625070266,0.30808080808080807,0.3010033444816054,0.09232220925622969,0.12970189843043745,0.261744966442953,12.0,0.0,0.0,19.0,-4.0,-4.0,26.0,-6.0,-6.0,0.0009723584401538875,2.726890329150372e-05,0.00019359783568762462,-0.17953968598044945,-0.16776802154858483,-0.17228245905282957,0.07987220447284345,0.11973707341214508,0.2747603833865815,-1.1423287391662598
467,1,test,1.5795174689211653,0.7308982124031063,0.7484850925635438,3.5664217963423597,1.650308633435068,1.6900183764217573,4.852613709286077,2.516195080314154,2.556926178442648,10.956806520062228,5.6813635523835435,5.773331054492676,1.2521644534422913,0.47103672249372763,0.7163802985032455,2.581782378231529,0.9712097371004695,1.477072780419063,3.497905824074654,1.3139720570943902,1.7891181527567903,7.212176956854957,2.7092207362770937,3.68890340774596,1.457490448294582,0.6300857319476082,0.8968695605397163,3.0364384339470463,1.312678608224184,1.8684782511244094,4.295167048075138,2.007792403804789,2.543407239147445,8.948264683489871,4.182900841259977,5.298765081557178,0.31658291457286436,-0.003417085427135591,-0.003417085427135591,0.24623115577889443,-0.0037688442211055717,-0.0037688442211055717,0.15577889447236182,-0.004221105527638214,-0.004221105527638214,0.32530120481927716,0.10764824594264721,0.11024744137841691,0.352112676056338,0.29145728643216084,0.10348736162013072,0.14287631815169344,0.29292929292929293,0.32441471571906355,0.10738633508467288,0.1586750049292971,0.3389261744966443,16.0,-7.0,-7.0,24.0,-12.0,-12.0,29.0,-16.0,-16.0,-0.0005883071716195594,-0.00043396848906832107,-0.0004010190114953648,-0.14223589546287219,-0.13254270530282852,-0.12198216817203456,0.06626506024096386,0.04150163290691054,0.10240963855421686,-0.9179259538650513
160,1,test,2.4087419297367636,1.1082663557406112,1.5297955267801573,3.763659265213693,1.7316661808447047,2.3903055105939957,11.119962647030055,7.448920542322174,8.711601719755496,17.37494163598446,11.638938347378396,13.611877687117959,2.7349975349737647,1.2529257509657643,1.7222171540614624,3.9352482517608127,1.8027708646989415,2.478010293613615,15.40970545055429,11.007649100615403,12.656459996580963,22.172238058351496,15.838344029662451,18.210733808030163,2.4089828793488532,1.1085068078402593,1.530127313862413,3.7640357489825833,1.7320418872504053,2.39082392791002,11.12264232053649,7.4515983894390345,8.71450015273988,17.379128625838266,11.643122483498491,13.616406488656065,0.6633165829145728,-0.0016834170854271857,-0.0016834170854271857,0.5125628140703518,-0.0024371859296482556,-0.0024371859296482556,0.36180904522613067,-0.0031909547738693256,-0.0031909547738693256,0.4046822742474916,0.11920648125917777,0.18888694610511114,0.38926174496644295,0.40201005025125625,0.10627070188032894,0.1682871787988356,0.43434343434343436,0.4046822742474916,0.11920648125917777,0.18888694610511114,0.38926174496644295,18.0,-8.0,-8.0,29.0,-11.0,-11.0,35.0,-11.0,-11.0,0.0006324120251930013,-0.0002533479998756517,0.0002450729533307258,-0.054822719349926,-0.0439895194315465,-0.05191184119831771,0.08361204013377926,0.060154278883029995,0.4916387959866221,-1.1798439025878906
317,1,test,2.1207954433088663,0.982780499092686,1.3508404318612648,3.51513056902022,1.6289179542972694,2.238962041759002,8.337767071637053,5.2171993597214446,6.1780979804237965,13.819503433652573,8.647291756444382,10.23994140401734,2.1046544011049986,0.9286495575511824,1.3091097526249054,3.118006520155553,1.3757771222980477,1.9394218557406004,8.204267133930504,4.962868727687809,5.98861971669556,12.15446982804519,7.352398115093051,8.872029209919347,2.1207257671429676,0.9827100767285919,1.3506152246928675,3.515015083662377,1.6288012321468375,2.238588770209173,8.337186148233839,5.216616107755366,6.177181135399325,13.818540577183157,8.646325040478505,10.238421771380096,0.5477386934673367,-0.002261306532663321,-0.002261306532663321,0.3869346733668342,-0.0030653266331658324,-0.0030653266331658324,0.2613065326633166,-0.003693467336683409,-0.003693467336683409,0.36454849498327757,0.09576719281299373,0.1621013314682609,0.3959731543624161,0.37688442211055273,0.10620773038122944,0.17321163413058616,0.4191919191919192,0.36454849498327757,0.09576719281299373,0.1621013314682609,0.3959731543624161,18.0,-7.0,-7.0,26.0,-10.0,-10.0,36.0,-15.0,-15.0,-7.0120256064464845e-06,7.010134607147157e-06,-2.7064324744967456e-05,-0.013503756345055073,-0.015616590005131492,-0.013989715456122376,0.08695652173913043,0.14828293669518425,0.0033444816053511705,-0.9162192344665527
57,1,test,2.4016715521538865,1.0596073727192836,1.4887221550038783,4.01091340435852,1.7695980996174834,2.4862415685090142,11.0416176033022,7.214682765110742,8.549956999995914,18.440061885717885,12.048886445286467,14.278862197962717,2.639837342656262,1.1925089407613663,1.6395461230496722,3.9997535494791845,1.8068317284263125,2.484160792499503,14.010924442624017,9.759184055800723,11.291850881921906,21.228673397915177,14.786642508788976,17.10886497260895,2.409265239746905,1.0574918107138644,1.4871267966225683,4.037874703486433,1.7723326436545217,2.4923912792557013,11.125783357680884,7.261510887068461,8.611121251455426,18.646564286616005,12.170129978327028,14.432046790148757,0.6532663316582914,-0.0017336683417086274,-0.0017336683417086274,0.4723618090452262,-0.0026381909547738003,-0.0026381909547738003,0.3467336683417085,-0.003266331658291488,-0.003266331658291488,0.3780487804878049,0.09798789768719607,0.1681096324147826,0.3669724770642202,0.3919597989949749,0.08368912230324554,0.15990637662435725,0.40909090909090906,0.3745819397993311,0.09578394313822924,0.1643483469183522,0.36241610738255037,22.0,-10.0,-10.0,30.0,-8.0,-8.0,40.0,-11.0,-11.0,0.0006593279268096681,0.00015700090109730004,0.00020041920778386926,-0.018178573350080995,-0.01498974971260214,-0.01809401941628863,0.09146341463414634,0.0877976096490263,0.5701219512195121,-0.9171359539031982
279,1,test,2.284511333035196,1.0875973454404597,1.4552399270889973,3.6977206692848754,1.7603901219222324,2.355458114544051,9.820885908726435,6.510999114729419,7.529237458304367,15.89613161040372,10.538733450817851,12.186858769720557,2.3179653350129885,1.0439425510296225,1.4425013422217878,3.359370050743462,1.5129602188835112,2.090581655393896,10.15499126650716,6.579785312556249,7.755002653430625,14.717378647111827,9.535920742835145,11.239134280334241,2.3142747471125116,1.0655442912172108,1.471748032805594,3.692991617732731,1.700336634921081,2.3485340949025435,10.117582451330236,6.6316678266167735,7.7953552765635585,16.14507837978229,10.582448659494851,12.439396717920573,0.5628140703517588,-0.0021859296482411583,-0.0021859296482411583,0.40201005025125625,-0.002989949748743781,-0.002989949748743781,0.29145728643216084,-0.0035427135678391952,-0.0035427135678391952,0.3861671469740634,0.10990815416830801,0.1701358664266538,0.384393063583815,0.371859296482412,0.09617007342476791,0.15483091584802133,0.3737373737373737,0.38795986622073575,0.10916186955963392,0.17327688513063566,0.38926174496644295,19.0,-8.0,-8.0,26.0,-6.0,-6.0,34.0,-9.0,-9.0,-7.304464883281785e-05,0.00011395997752396012,-1.8350192829490675e-05,-0.018632445004136855,-0.019741982830943527,-0.01735072006150329,0.07204610951008646,0.033319438343468226,0.002881844380403458,-0.7051441669464111
23,1,test,2.011553957425062,0.8685738538259995,1.232338203493619,3.309330704150909,1.428944082100838,2.0273951089733733,7.474924040544576,4.338823683455029,5.295161915421175,12.297455679605594,7.138064769555049,8.711395409241288,2.0961295916519176,0.8407971819536579,1.2369080092102724,3.4083407994340122,1.3671498893555412,2.011232535301256,8.134624586392308,4.625619978731272,5.773302702689861,13.22703184779237,7.521333298750036,9.387484069414407,2.0349108609457964,0.8642121225739672,1.2369310428786129,3.3177894471942335,1.4090415041966857,2.0167353959977388,7.651570041362266,4.4273252862149555,5.430520572134332,12.475385937003695,7.218465140567862,8.85410962847989,0.4824120603015075,-0.0025879396984924696,-0.0025879396984924696,0.33668341708542715,-0.0033165829145728187,-0.0033165829145728187,0.26633165829145733,-0.0036683417085426884,-0.0036683417085426884,0.3245901639344262,0.09054761074293682,0.12938841911436072,0.3125,0.3316582914572864,0.08103172504124634,0.13299385072272885,0.31818181818181823,0.3311036789297659,0.09404190931373912,0.13421825067615079,0.31879194630872487,13.0,-3.0,-3.0,22.0,-11.0,-11.0,27.0,-10.0,-10.0,0.0009843772560388043,0.00040331741145884897,1.2248928641658473e-05,-0.03836895113270078,-0.03915992283471592,-0.03717235711306799,0.08852459016393442,0.12726665689585084,0.25901639344262295,-0.974123477935791
420,1,test,1.9402539051025753,0.8536009284883095,1.2078022971908204,3.38056508619099,1.4872556054642938,2.1043917325287915,6.960518057342941,3.996182308477519,4.880343924521409,12.127528394388927,6.96267346998537,8.503175917571042,1.7738229663024887,0.7261698938435102,1.060340714645219,3.084909506613024,1.2629041632061047,1.8440708080786419,5.893340392142982,3.042388110275048,3.852253917570989,10.249287638509536,5.2911097570000845,6.699572030558243,1.940273506191379,0.8536205295771131,1.2079897471533674,3.3805992377812983,1.487289757054602,2.104718332463536,6.960654492412635,3.9963187435472136,4.8808294851755,12.127766109479683,6.962911185076127,8.504021925091056,0.44723618090452266,-0.0027638190954772934,-0.0027638190954772934,0.321608040201005,-0.0033919597989949812,-0.0033919597989949812,0.24623115577889443,-0.0037688442211055717,-0.0037688442211055717,0.37809187279151946,0.12588728725360054,0.18302724294428097,0.3829787234042553,0.3517587939698492,0.10865102454629028,0.16311104772610963,0.33838383838383834,0.37809187279151946,0.12588728725360054,0.18185215481267103,0.3829787234042553,16.0,-2.0,-2.0,29.0,-11.0,-11.0,32.0,-4.0,-4.0,0.00011046993361985828,0.00021695506170830333,7.619511887707829e-05,-0.05988807272797825,-0.06487331517428618,-0.06110070119074429,0.09540636042402827,0.0849378616253633,0.0035335689045936395,-0.966633677482605
272,1,test,2.3900322023990586,1.0963746005891684,1.5002473314545455,4.295598417825335,1.9705111064643162,2.6963904741007374,10.913845389387728,7.267747217498302,8.479239548894242,19.615424821467133,13.062302431449652,15.239714324363977,2.564015263476282,1.134664551820447,1.5894797880774256,4.459156979958752,1.9733296553399078,2.764312674917262,12.987862447881437,8.811875556009586,10.337926483295815,22.587586865880763,15.325000966973196,17.9790025796449,2.390102248538856,1.0963613890546091,1.500306783322914,4.295724311563079,1.97048736140896,2.696497326783075,10.914609888902406,7.268208138721278,8.479978255397196,19.61679885437865,13.063130843917973,15.241041999565232,0.6381909547738693,-0.0018090452261306789,-0.0018090452261306789,0.4623115577889447,-0.002688442211055242,-0.002688442211055242,0.3417085427135679,-0.003291457286432098,-0.003291457286432098,0.369811320754717,0.09862488007675085,0.16027556165810475,0.35984848484848486,0.3869346733668342,0.10623291898086928,0.15822014915982252,0.3939393939393939,0.369811320754717,0.10239135841950042,0.16027556165810475,0.35984848484848486,19.0,-6.0,-6.0,30.0,-10.0,-10.0,39.0,-10.0,-10.0,0.0003689051831312389,0.0006693886277746102,0.00020838787089642177,-0.0001486651793047855,0.00023534568223659846,7.884916357880911e-05,0.1018867924528302,0.19409789806914532,0.7396226415094339,-0.8903055191040039
15,1,test,1.9038374931622029,0.8101500813438958,1.1504611053922233,3.5517828501466906,1.5114090227222143,2.146290341780116,6.7116008089411245,3.7263391175240876,4.5874408988768645,12.521104734960057,6.951826203122896,8.558290279087485,2.1199426370197734,0.9517260211685823,1.3189546714720928,3.419262317773828,1.5350419696267454,2.127346244309827,8.33065960251931,5.114407893926652,6.1029188297583,13.436547745998887,8.249044990204276,9.843417467352097,1.8724188458122673,0.8091964068841442,1.128026420011527,3.4461696548692036,1.489318540277566,2.076122245419989,6.504009584085254,3.60832243826938,4.3988475798587565,11.970569786659976,6.641084242213582,8.09603849053759,0.5477386934673367,-0.002261306532663321,-0.002261306532663321,0.40703517587939697,-0.00296482412060306,-0.00296482412060306,0.2814070351758794,-0.003592964824120637,-0.003592964824120637,0.36994219653179194,0.1116449382345337,0.16368608704987597,0.3884057971014493,0.3919597989949749,0.12880190425813276,0.18327866376959923,0.4444444444444444,0.3812709030100334,0.12584519349417367,0.17771139244273637,0.38926174496644295,19.0,-8.0,-8.0,29.0,-15.0,-15.0,37.0,-13.0,-13.0,-3.536929565603911e-05,0.00021192099535414632,0.0002424161810999008,-0.02086279211698283,-0.024062198266094903,-0.028595337446130742,0.07225433526011561,0.049523893813673045,0.002890173410404624,-1.121466875076294
432,1,test,2.3876467351797674,1.06706706811632,1.4925757949327951,4.345220455948272,1.9419295090564082,2.716302533635459,10.887841796664963,7.142249852284742,8.440332386439046,19.814519542998973,12.998007495151736,15.360356454823856,2.9064797419631025,1.3429843189806177,1.8441347544723372,4.764720888464103,2.201613637673144,3.023171728643176,18.29229150669488,13.516807062909361,15.399144071328001,29.987363125729313,22.1587001031301,25.244498477586887,2.3880830790390184,1.0675251909767882,1.4931404578420175,4.346014547567903,1.9427632357527886,2.7173301499857834,10.892593676224772,7.14708330620776,8.44539830793196,19.823167373502226,13.006803780862569,15.369575802633939,0.6582914572864322,-0.0017085427135676845,-0.0017085427135676845,0.46733668341708545,-0.002663316582914521,-0.002663316582914521,0.38190954773869346,-0.0030904522613065533,-0.0030904522613065533,0.3595890410958904,0.09975998126683061,0.15343869941024124,0.33333333333333337,0.38190954773869346,0.0886764650319265,0.1515255744498788,0.40909090909090906,0.3595890410958904,0.09975998126683061,0.15343869941024124,0.33333333333333337,24.0,-11.0,-11.0,34.0,-9.0,-9.0,42.0,-10.0,-10.0,0.0012534540615352875,-0.0001449127686930668,0.00011958016790279094,-0.03458391523367599,-0.025484986902206685,-0.030704230034675817,0.08904109589041095,0.1183324353682639,0.7568493150684932,-0.9957916736602783
316,1,test,2.092138526118959,0.9940971306241773,1.05317489278468,4.799028657069081,2.2802986313843685,2.415813498141161,8.10222346708595,5.103935657820431,5.2759370400943295,18.585195061941235,11.707605963910375,12.102149418984151,2.023028710816038,0.9178187456185136,1.2766397360818003,4.350599378099006,1.9738037540183084,2.745461798025376,7.561190949719059,4.541332482294033,5.451821687937975,16.260625698320556,9.766306413535556,11.724347715995645,1.7523481623419226,0.805854213227015,1.100309087060849,4.309052858217842,1.9816087210500366,2.7056780829365135,5.76813129478258,3.191471391383738,3.8486805488616267,14.183929413399786,7.847880470615748,9.463968562774491,0.44723618090452266,-0.0027638190954772934,-0.0027638190954772934,0.3417085427135679,-0.003291457286432098,-0.003291457286432098,0.27135678391959794,-0.0036432160804020786,-0.0036432160804020786,0.3747412008281573,0.12758504777748514,0.13622702683011234,0.37136929460580914,0.3417085427135679,0.11865089860329214,0.16641638912425238,0.31818181818181823,0.31438127090301005,0.09902233935042237,0.15531564242692553,0.2818791946308725,22.0,-9.0,-9.0,28.0,-10.0,-10.0,35.0,-11.0,-11.0,-0.00048492050700641375,0.0005288750717355479,-0.0004105748502908759,-0.048494858500092164,-0.05820937476879262,-0.04830599428398674,0.051759834368530024,0.09204740162736082,0.6045548654244306,-0.7302408218383789
109,1,test,1.7616861809256108,0.7726635548612765,1.0556271476840766,2.9687674530413073,1.302081175784744,1.7789272303564996,5.822246483093356,3.133641068176742,3.796255341931112,9.811563517805471,5.280765503779325,6.39739326140243,1.7672014458147254,0.7114342279713051,1.0569402337615768,2.437519235606518,0.9812885903052484,1.4578485982918301,5.854446428690174,2.9802669987330583,3.819923797613246,8.075098522331276,4.110713101700771,5.268860410501029,1.7073905979379647,0.7254569662992332,1.0492968221643346,2.7245594647946243,1.1576440951583507,1.6744098226026616,5.514553001073173,2.84493969793281,3.5834453017059538,8.799818618733786,4.539797390318314,5.718263779318011,0.42211055276381915,-0.0028894472361808976,-0.0028894472361808976,0.3467336683417085,-0.003266331658291488,-0.003266331658291488,0.25125628140703515,-0.003743718592964851,-0.003743718592964851,0.36914600550964183,0.1339328005577849,0.17657513551941695,0.3729281767955801,0.38190954773869346,0.14882684097177612,0.20494794506757497,0.398989898989899,0.35451505016722407,0.1324783222874244,0.17987656295921517,0.36241610738255037,16.0,-4.0,-4.0,26.0,-8.0,-8.0,31.0,-6.0,-6.0,-0.0008833932309953376,0.00023145290067758025,-8.21396193302607e-05,-0.05980651432657069,-0.07335908199743635,-0.07037435895328947,0.14325068870523416,0.0369635164541518,0.0027548209366391185,-0.8625539541244507
137,1,test,1.9186561650996519,0.8409514293569598,1.1635344943816324,3.5092519496382235,1.5381132360777556,2.1281226762524157,6.811798383445927,3.8738698993979255,4.683927976319948,12.458885126199027,7.085368261593096,8.5669770758598,1.9282945958529898,0.8070244367166874,1.1295015675503488,3.21382432642165,1.345040727861146,1.8825026125839148,6.877770855288704,3.8090213261097685,4.654914471297724,11.462951425481174,6.348368876849615,7.7581907854962076,1.9238156844820693,0.8370998697872043,1.1849144784064947,3.355492472933842,1.4600579124195425,2.0667112995462116,6.847034812586003,3.8825127846992245,4.753401034502377,11.942502580091865,6.771824624475392,8.290815757852984,0.4623115577889447,-0.002688442211055242,-0.002688442211055242,0.321608040201005,-0.0033919597989949812,-0.0033919597989949812,0.25125628140703515,-0.003743718592964851,-0.003743718592964851,0.3295454545454546,0.08699226305609287,0.1320869990224829,0.32193732193732194,0.3266331658291457,0.09104419339806802,0.13130762325819412,0.31313131313131315,0.3210702341137124,0.08233901541588262,0.12752184701693814,0.3120805369127517,17.0,-6.0,-6.0,26.0,-10.0,-10.0,35.0,-13.0,-13.0,0.0004567856435217438,-1.9382783929087492e-05,0.00015371532071650732,-0.036691026988246556,-0.0314681143996447,-0.033724953460779084,0.07102272727272728,0.10594720201663597,0.048295454545454544,-0.9274852275848389
190,1,test,1.8045905341957746,0.7404353684123446,1.0725460762342003,3.066868887130643,1.2583564810323784,1.822772606242579,6.077482417742774,3.179093126775657,3.998155055322827,10.328571155542125,5.402811117007334,6.794792011118587,1.997432860342599,0.8492332052391589,1.1992087103762943,2.874004115600862,1.2219182809196532,1.725480158814812,7.370111686868035,4.2175994985023735,5.148519478103652,10.604477247292138,6.068488487053776,7.40794169511317,1.763599762381733,0.6802659798235342,1.0110887291688324,2.891147151445464,1.1151901308582526,1.6575225068341515,5.833398492732768,2.87888563840032,3.7110759390296395,9.562948348742243,4.719484653115279,6.0837310475895725,0.48743718592964824,-0.002562814070351749,-0.002562814070351749,0.29648241206030146,-0.0035175879396985854,-0.0035175879396985854,0.23115577889447236,-0.003844221105527623,-0.003844221105527623,0.29969418960244654,0.06152625067114881,0.10539103599105282,0.2760736196319018,0.3015075376884422,0.05338723693656244,0.1061819951174906,0.28787878787878785,0.2976588628762542,0.06393599142383355,0.10855986398860129,0.2684563758389261,16.0,-7.0,-7.0,24.0,-14.0,-14.0,30.0,-15.0,-15.0,0.0013135483741290226,-0.0002820036451223291,0.0003492232310904069,-0.0894462643148799,-0.07195469706748181,-0.08617554332617594,0.10397553516819572,0.0909038664514564,0.308868501529052,-1.3149443864822388
287,1,test,2.428884157825418,1.1355406458237698,1.545737103433948,4.233198103638586,1.9790851255785706,2.6939989516991667,11.346214429184384,7.701261279741244,8.927715539008217,19.774830862292784,13.42219823040617,15.55973279655718,2.5562787067716526,1.1632963530248794,1.6137969127041885,3.9632228011963604,1.8035602372478747,2.5020107173708346,12.88776880291401,8.860927174149253,10.321426147512762,19.981036903742652,13.737871587828298,16.002211081415133,2.4381529904623664,1.1444617746492705,1.5527699823516072,4.277461386776082,2.007827674823282,2.7241578637747494,11.45186948489358,7.805648750988627,9.02795689299105,20.09099909630453,13.694120615769524,15.838520864896584,0.6130653266331658,-0.001934673366834172,-0.001934673366834172,0.457286432160804,-0.0027135678391959628,-0.0027135678391959628,0.371859296482412,-0.003140703517587995,-0.003140703517587995,0.3782894736842105,0.0958592602195143,0.16384746055510768,0.3927392739273927,0.39698492462311563,0.10876437324466948,0.17661764582511896,0.4292929292929293,0.37792642140468224,0.09412007749817142,0.1643557873668624,0.3959731543624161,21.0,-9.0,-9.0,35.0,-16.0,-16.0,42.0,-15.0,-15.0,0.000528932961236088,5.792571254032293e-05,0.00021799681066193328,0.00048729044062767457,8.427820529455232e-05,-5.782855820246624e-05,0.09868421052631579,0.0825880041330434,0.003289473684210526,-0.8415911197662354
451,1,test,1.4630607180430886,0.5955985567306261,0.598577599946255,2.794610360307023,1.1376601645416453,1.1433504718074534,4.3191590460630245,1.9382981071457497,1.9453802405448104,8.250079076749596,3.702367170952555,3.715894841490087,2.2860376658612878,0.9181712302788068,1.3460284697748728,3.6576602653780603,1.4690739684460907,2.1536455516397965,9.83588729491193,5.908923972973231,7.275882334664068,15.737419671859087,9.454278356757168,11.641411735462508,1.7987219501148568,0.7676178638889302,1.091758642031286,3.1373057269445175,1.3388683672481339,1.9042301895894522,6.04192065184361,3.237760491051451,4.014096629272849,10.538233695076064,5.647256670438577,7.001331330127062,0.5175879396984925,-0.002412060301507535,-0.002412060301507535,0.39698492462311563,-0.0030150753768843908,-0.0030150753768843908,0.3065326633165829,-0.0034673366834171437,-0.0034673366834171437,0.30844793713163066,0.1004008321267239,0.10121431054316532,0.2696850393700787,0.3668341708542714,0.1111950731099105,0.1665002810379108,0.3787878787878788,0.3210702341137124,0.09569460807030672,0.14198235869658227,0.2953020134228188,15.0,-5.0,-5.0,25.0,-13.0,-13.0,29.0,-14.0,-14.0,0.0008505323703412756,0.00046418479415466827,0.0009990779340534432,-0.15780643683235773,-0.1680778907646907,-0.1881371832667149,0.06286836935166994,0.07248748842287087,0.24950884086444008,-1.640274167060852
16,1,test,2.018678375529806,0.936865977264822,1.1443562273694083,3.6371782184655976,1.6880096242348557,2.0618576960091985,7.5283686796290095,4.578347357207848,5.131118916696062,13.564329471225838,8.249092815409735,9.24505566928938,1.3879786426012155,0.5537903185743001,0.8121244722292305,2.594352602992926,1.0351220907930843,1.5179896677181877,4.006742802720176,1.7037987575976006,2.2280936550748125,7.489238883589113,3.184670574948786,4.164661037523015,1.7240077974532326,0.7685631694307123,1.0817683526245023,3.11567674238536,1.388969583308516,1.955003046911751,5.606955033787994,3.007128752197039,3.7062223311001015,10.133051265881916,5.434570034091034,6.697992164638736,0.3467336683417085,-0.003266331658291488,-0.003266331658291488,0.26633165829145733,-0.0036683417085426884,-0.0036683417085426884,0.16080402010050254,-0.004195979899497493,-0.004195979899497493,0.36274509803921573,0.12039503683970532,0.15355643723765167,0.4078624078624079,0.31155778894472363,0.10103147315524996,0.15296012617343813,0.297979797979798,0.3311036789297659,0.10405860380455723,0.1609145799308782,0.3489932885906041,14.0,-5.0,-5.0,21.0,-10.0,-10.0,28.0,-15.0,-15.0,-8.871513489753583e-05,-0.0011660785921052297,-8.406503046089073e-05,-0.05820556432351953,-0.04667491997675821,-0.0521557487649007,0.06862745098039216,0.07538512821565632,0.6495098039215687,-1.414447546005249
300,1,test,2.1047497617823825,0.9587960906169362,1.1952318575607344,4.6630091407443945,2.124183604073986,2.6479998612257156,8.205049535706422,5.059609893694317,5.7219243950748275,18.17803792164793,11.209411974427741,12.676749626657493,2.401798282786332,1.0190447726817098,1.4706534640848212,4.366905968702421,1.8528086776031083,2.6739153892451295,11.043017003155828,7.057155361534807,8.505604610521946,20.078212733010595,12.83119156642692,15.464735655494444,2.2157460177837853,0.9628041605930613,1.371372128807626,4.552902776268052,1.9783647135473865,2.8178879359060804,9.168246235721591,5.667620069282466,6.841725537518404,18.83886212819505,11.645794662909177,14.058340145585762,0.5778894472361809,-0.002110552763819218,-0.002110552763819218,0.4522613065326633,-0.0027386934673366836,-0.0027386934673366836,0.2864321608040201,-0.003567839195979916,-0.003567839195979916,0.37,0.11282147315855184,0.14908113391984357,0.33834586466165417,0.3668341708542714,0.07861361947582524,0.14479744297447172,0.3939393939393939,0.36789297658862874,0.0907644290093299,0.15877173075993023,0.35906040268456374,21.0,-12.0,-12.0,25.0,-5.0,-5.0,36.0,-12.0,-12.0,0.00018966103123057852,0.000743956868986217,7.668073679878009e-05,-0.03720555484964638,-0.048864943122500115,-0.042184419016436436,0.0625,0.12874240040291446,0.57,-1.1274418830871582
240,1,test,1.874628347004941,0.8708166554783965,1.0112145979898535,4.085011024816737,1.897600473132028,2.203542258306248,6.518396088665182,3.789733236332286,4.147154372024518,14.204266103658457,8.258224664246475,9.037082661426561,1.9857381714416475,0.8277723003004733,1.204951908443813,3.282211853622558,1.3682186781826007,1.9916560470145672,7.284422554009638,4.100971418238673,5.101234403108071,12.040367857867171,6.778465154113509,8.431792401831522,1.8653502007350728,0.825883587518917,1.1627169249205185,3.3509285043145023,1.483623211111827,2.0887130387793746,6.458197155410078,3.630488805635959,4.439134693683009,11.601551776185769,6.521836177789147,7.974493461706004,0.49246231155778897,-0.002537688442211028,-0.002537688442211028,0.371859296482412,-0.003140703517587995,-0.003140703517587995,0.2562814070351759,-0.00371859296482413,-0.00371859296482413,0.3524027459954233,0.09411703170970898,0.12073119174322389,0.3348623853211009,0.371859296482412,0.10870140174556986,0.15816981401162733,0.3484848484848485,0.35451505016722407,0.08907264616054622,0.15762962191360896,0.32885906040268453,20.0,-4.0,-4.0,28.0,-5.0,-5.0,35.0,-7.0,-7.0,-0.00011612736883143895,7.341716063455715e-05,-0.00012994953026802757,-0.04580629245886314,-0.04857712709627293,-0.04977170993207469,0.10297482837528604,0.027427969660161113,0.002288329519450801,-0.8402602672576904
110,1,test,1.848944271694057,0.7807655480889404,1.129270670381387,3.5988379574045033,1.5197043703874016,2.198044697706628,6.353108824071618,3.443034203667706,4.299346068307143,12.36587253256797,6.701620146424642,8.368370025812117,1.953208298704795,0.8721520104166409,1.215017468039179,3.4570058384155664,1.5436318768436121,2.150473394759609,7.051273922342231,4.1034822974203236,4.9591268820784995,12.48013083600395,7.262800526407652,8.777215720492919,1.8317095947270359,0.763686247685365,1.1104132248154674,3.500082028140833,1.459273084749105,2.121808709838473,6.244553193413035,3.3349306952775,4.187454950308826,11.93226724855994,6.372479035562103,8.001506274475465,0.4623115577889447,-0.002688442211055242,-0.002688442211055242,0.321608040201005,-0.0033919597989949812,-0.0033919597989949812,0.26633165829145733,-0.0036683417085426884,-0.0036683417085426884,0.3404907975460123,0.0954678266424901,0.1496744710154001,0.34769230769230774,0.3316582914572864,0.08604425636956714,0.14634944337715283,0.3535353535353535,0.3377926421404682,0.09739197436083546,0.15091833735737592,0.3422818791946308,21.0,-7.0,-7.0,31.0,-6.0,-6.0,38.0,-7.0,-7.0,0.0004642444650720773,3.933435624109126e-05,2.716565304540299e-05,-0.09256702048126542,-0.08009834689016682,-0.08515966782013606,0.07668711656441718,0.12974634432656965,0.003067484662576687,-1.0081852674484253
431,1,test,2.0769899666578446,0.9450537571632573,1.3095816594938774,3.7678728241292947,1.714424444084627,2.375715446389534,7.9804114210704515,4.878755275026864,5.826235370838669,14.477284821557292,8.850562454055144,10.569388525303482,1.8592759801531589,0.8229033927053142,1.141792721934901,3.2173558265259015,1.4239806534639787,1.9757978405656114,6.419087541786099,3.6001146736400957,4.369818308117216,11.107812354916815,6.229763652646774,7.561685594046313,2.0773158369437477,0.9453796274621993,1.309813898227572,3.7684639862505165,1.7150156062295023,2.3761367512718135,7.983012423793593,4.881356277790448,5.828634665271514,14.48200330726658,8.8552809398378,10.573741091486145,0.4545454545454546,-0.0004545454545453742,-0.0004545454545453742,0.35858585858585856,-0.0014141414141414232,-0.0014141414141414232,0.25757575757575757,-0.00242424242424244,-0.00242424242424244,0.3829787234042553,0.13873093579363582,0.19312023283821755,0.42348754448398573,0.38383838383838387,0.1445436735109279,0.20263033014710874,0.40609137055837563,0.3829787234042553,0.13873093579363582,0.19312023283821755,0.42348754448398573,18.0,1.0,1.0,24.0,0.0,0.0,33.0,-1.0,-1.0,-0.0004127729541564332,-0.0003935548194826216,-0.00017655403052076418,-0.024633639113800676,-0.026046348250961415,-0.025585798985743757,0.16666666666666666,0.0733120998239566,0.7411347517730497,-0.7389566898345947
195,1,test,1.8158454687490337,0.8448255870111047,1.1238488990340232,4.137369422466153,1.9249190590126437,2.560668377545876,6.146270460931172,3.50563423779021,4.148570359223346,14.004160543893809,7.987521048129592,9.452438793167115,1.7547929758251377,0.7230891660090553,1.052488226085876,3.3746018765868033,1.3905560884789525,2.024015819395916,5.782250552388004,2.9764081662121393,3.7638512963811057,11.119712600746162,5.7238618581002685,7.238175569963666,1.8803937136588302,0.8108901187173203,1.1590979653614792,3.9174869034558966,1.6893544139944177,2.4147874278364156,6.556085574566123,3.6421529245787956,4.498988610183032,13.658511613679423,7.58781859287249,9.372892937881316,0.46733668341708545,-0.002663316582914521,-0.002663316582914521,0.29648241206030146,-0.0035175879396985854,-0.0035175879396985854,0.2160804020100503,-0.003919597989949675,-0.003919597989949675,0.35376044568245124,0.09228617586325794,0.149459370413634,0.34357541899441346,0.3316582914572864,0.08103172504124634,0.13132440164092585,0.31313131313131315,0.34782608695652173,0.08739203019525299,0.13981718818010347,0.3489932885906041,17.0,-5.0,-5.0,26.0,-12.0,-12.0,31.0,-10.0,-10.0,0.0005193119428910647,-5.812495066763049e-05,0.00014305561728523948,-0.047606969761386786,-0.04601144210749197,-0.047315143105016944,0.06963788300835655,0.1533722992565585,0.002785515320334262,-0.6612942218780518
34,1,test,2.1592239432588065,0.9537359850065452,1.3067645157677226,3.8672667640456235,1.708183853743066,2.340473759583981,8.66441097411176,5.326023299605174,6.319002848585434,15.518348013334496,9.539146208248072,11.317617042242569,2.1828858531555113,0.8949928852512763,1.3115461046920998,3.3582859279315556,1.3769121311558095,2.0177632379878454,8.871872271688703,5.246732055435678,6.481761414895033,13.649034264136466,8.071895469901044,9.97194063830005,2.2614162365655353,1.01144193628054,1.4145213978781899,3.8546867668730713,1.7240487550236478,2.4111160191105507,9.596670703117264,6.106417445322065,7.2642775642781485,16.357961425768064,10.408666099980794,12.382291302746845,0.4773869346733668,-0.0026130653266331905,-0.0026130653266331905,0.3919597989949749,-0.0030402010050251116,-0.0030402010050251116,0.29648241206030146,-0.0035175879396985854,-0.0035175879396985854,0.36768802228412256,0.10482293188078462,0.1614319128022066,0.36592178770949724,0.3919597989949749,0.13882696691477436,0.19830370550582632,0.3939393939393939,0.3745819397993311,0.10413118854724424,0.16991008217975379,0.3825503355704698,14.0,-1.0,-1.0,23.0,-4.0,-4.0,27.0,-1.0,-1.0,7.534762969214964e-05,-9.71813464262815e-05,-0.00012606030859877267,-0.036868217165316075,-0.03514083481907626,-0.034998668490137774,0.06963788300835655,0.10955761565931742,0.002785515320334262,-0.638725996017456
286,1,test,2.193686980649397,0.9610855693340454,1.3623934172820538,3.656144967748995,1.6018092822234093,2.2706556954700896,8.96821787912636,5.538076731250618,6.67193066621032,14.947029798543934,9.230127885417698,11.119884443683867,2.42656449657516,1.1147805241853004,1.5328276633679447,3.676612873598727,1.689061400280758,2.3224661566180984,11.319925557662168,7.607134232813324,8.87567920984906,17.151402360094195,11.525960958808067,13.447998802801607,2.1438957915011843,0.9150381895861981,1.3124597199100658,3.5731596525019738,1.5250636493103302,2.187432866516777,8.532614248401108,5.115290886554163,6.235999772354789,14.221023747335181,8.525484810923604,10.393332953924649,0.5778894472361809,-0.002110552763819218,-0.002110552763819218,0.4371859296482412,-0.002814070351758735,-0.002814070351758735,0.36180904522613067,-0.0031909547738693256,-0.0031909547738693256,0.39209726443769,0.13564809903556552,0.18987279527692158,0.38109756097560976,0.39698492462311563,0.13382702988627349,0.18663434031593695,0.4191919191919192,0.38795986622073575,0.127525809459467,0.1844003556534387,0.37583892617449666,22.0,-8.0,-8.0,31.0,-6.0,-6.0,40.0,-9.0,-9.0,0.0010016699109097293,-0.00010971569130615165,0.0002608328273509559,-0.009263952262182684,-0.008320470371248057,-0.010098431579667277,0.0851063829787234,0.08988757472572474,0.3282674772036474,-0.9948041439056396
314,1,test,2.2417667847308027,1.043491517456146,1.2950992792709224,3.5886347320085834,1.6704279533471371,2.073203281736114,9.409941951145418,6.09554640737443,6.832834813262435,15.063495784696496,9.75779001503084,10.938046051875753,2.0536257250761247,0.86626287287656,1.223633650807031,3.3392288212619916,1.4085575168724553,1.989648212694359,7.796116499857049,4.517692391407943,5.502815935748053,12.67661219488951,7.345841286842183,8.947668188208215,2.1897880070149878,0.956134899384022,1.354150726250755,3.3347025487537887,1.4560429939858204,2.0621584663717085,8.933319112963478,5.499568600635512,6.627035782895577,13.604039258320018,8.374977564419563,10.091932664307986,0.46733668341708545,-0.002663316582914521,-0.002663316582914521,0.38190954773869346,-0.0030904522613065533,-0.0030904522613065533,0.27135678391959794,-0.0036432160804020786,-0.0036432160804020786,0.38131313131313127,0.11775701529799887,0.16039426523297484,0.38481012658227853,0.3668341708542714,0.1262326670948729,0.1781864246105318,0.3484848484848485,0.3745819397993311,0.11414788303806234,0.17769651154571597,0.37248322147651003,22.0,-12.0,-12.0,27.0,-10.0,-10.0,40.0,-17.0,-17.0,0.0007650651075608049,9.402140511731644e-05,0.0002464421143157088,-0.034820987774935475,-0.029493739971326427,-0.03263067492473848,0.06565656565656566,0.15640004070159114,0.0025252525252525255,-0.9544885158538818
458,1,test,1.9340028750659684,0.9262835806503242,1.1430679675226108,3.322517759728715,1.5913076898351726,1.9637321493337159,6.917143359406089,4.177797116598337,4.711685997968428,11.883297566159179,7.177241200309964,8.094434919586787,2.0631135192835206,0.941411690537511,1.3119839989196693,3.223614873880501,1.4709557664648607,2.049974998311983,7.870436457544792,4.800361956499836,5.751043895342969,12.297556964913737,7.500565557030994,8.986006086473388,1.9280816846805167,0.9058114657635743,1.2437208983841965,3.012627632313307,1.4153304152555848,1.943313903725307,6.87630665690953,4.096808981944866,4.893802470322167,10.74422915142114,6.401264034288853,7.646566359878385,0.4723618090452262,-0.0026381909547738003,-0.0026381909547738003,0.3517587939698492,-0.0032412060301507672,-0.0032412060301507672,0.2814070351758794,-0.003592964824120637,-0.003592964824120637,0.3665835411471322,0.1296758104738155,0.16521501719796305,0.3325,0.3517587939698492,0.12814070351758788,0.17252931323283083,0.297979797979798,0.34782608695652173,0.11872909698996659,0.16387959866220736,0.30536912751677847,20.0,-11.0,-11.0,29.0,-19.0,-19.0,37.0,-22.0,-22.0,0.000275002329033335,0.00029647066889652146,7.690044229409486e-05,-0.029606048939612606,-0.0294944564480355,-0.02982705077141823,0.06234413965087282,0.1670385457248419,0.0024937655860349127,-1.1255488395690918
35,1,test,2.154673328993976,0.9590269108753862,1.347203615021249,3.7456239847046446,1.667145618324073,2.341941167972985,8.625072157712102,5.3193782172566735,6.382844831326437,14.993584739278598,9.2470586451148,11.09575932887561,2.0870319216398032,0.9185641032343594,1.2876615023822398,3.519655528867126,1.5491038690138774,2.1715647370683535,8.060954079341151,4.843894338618556,5.83681386758036,13.594320862617703,8.168940452416038,9.843440336004166,2.1545749074104386,0.9589771264871008,1.347279739421448,3.745452891370472,1.6670590745328089,2.3420735005058892,8.624223306225556,5.318690141541879,6.382387317460138,14.992109119543263,9.245862513494313,11.094963999538262,0.5303030303030303,0.00030303030303024947,0.00030303030303024947,0.3787878787878788,-0.00121212121212122,-0.00121212121212122,0.2828282828282829,-0.002171717171717158,-0.002171717171717158,0.3959731543624161,0.12796645419491193,0.1984285115052732,0.37037037037037035,0.3787878787878788,0.1067475765208763,0.1757677445596909,0.3401015228426396,0.3959731543624161,0.12796645419491193,0.1984285115052732,0.37037037037037035,23.0,-8.0,-8.0,32.0,-5.0,-5.0,42.0,-9.0,-9.0,0.000446212034150156,0.0005297668449923151,-1.2582392227538911e-06,-0.016383912686301905,-0.01785809538313554,-0.015186089618396181,0.1174496644295302,0.03258658451984333,0.030201342281879196,-1.009065866470337
333,1,test,1.8143176273253983,0.7880949574633473,1.0494428852925548,3.14370243260069,1.3655470230701319,1.8183895155299568,6.136887104285878,3.3463818620038444,3.988161891439776,10.633500235997651,5.798339078863805,6.910363461665234,2.0631318200266078,0.8684332508589103,1.227268450424036,2.8654608611480663,1.2061572928595976,1.704539514477828,7.870580493698366,4.568018367298563,5.56377567976287,10.931361796803287,6.344469954581338,7.727466221892876,1.6835319213345803,0.7027882664920879,1.0151791732151905,2.902641243680311,1.2117039077449794,1.7503089193365355,5.384540198392082,2.718101783740922,3.4335193489612896,9.283689997227727,4.68638238576021,5.919860946484982,0.49246231155778897,-0.002537688442211028,-0.002537688442211028,0.3869346733668342,-0.0030653266331658324,-0.0030653266331658324,0.2562814070351759,-0.00371859296482413,-0.00371859296482413,0.3626666666666667,0.1309755881047493,0.17107331378299118,0.3609625668449198,0.3668341708542714,0.11871387010239165,0.1698391792015168,0.398989898989899,0.34448160535117056,0.1207754283895679,0.17206781224772227,0.325503355704698,22.0,-13.0,-13.0,31.0,-22.0,-22.0,37.0,-24.0,-24.0,-0.00018292301216557056,3.1546263816199564e-05,9.45440991625311e-05,-0.04931427219357154,-0.05794339777985247,-0.05603177137344151,0.10133333333333333,0.03928843186030768,0.0026666666666666666,-1.1972836256027222
182,1,test,2.0649607391981144,0.8893775674545579,1.2632315722716292,3.533850337184402,1.5220275896645012,2.161818979351448,7.884988320613494,4.644956432573182,5.6555957312313385,13.493897538369483,7.949100699042765,9.67864836478765,2.743487244698134,1.2076542892013349,1.701638989022206,4.156798855603234,1.8297792260626289,2.578240892457888,15.541086280214074,10.89589312209005,12.70663531410674,23.54710042456678,16.50892897286371,19.252477748646573,2.113975679048913,0.9353210166384875,1.310885767327177,3.503827092346264,1.5502558286825758,2.1727388408737736,8.281098917113837,5.031100002390123,6.048670628431513,13.725578315658293,8.338839782967053,10.025420931101953,0.6130653266331658,-0.001934673366834172,-0.001934673366834172,0.457286432160804,-0.0027135678391959628,-0.0027135678391959628,0.35678391959798994,-0.0032160804020100464,-0.0032160804020100464,0.3323262839879154,0.10155705321868469,0.15142176137485008,0.2848484848484848,0.37688442211055273,0.11372652737371058,0.16152549055796506,0.3787878787878788,0.33444816053511706,0.1074030854099084,0.15424793806570658,0.28859060402684567,24.0,-12.0,-12.0,34.0,-13.0,-13.0,42.0,-15.0,-15.0,0.0018651826626593952,7.501943337990757e-05,0.000948447292197054,-0.07520685992415999,-0.07464105570772617,-0.08518137406271986,0.08459214501510574,0.10363610627414942,0.4652567975830816,-1.267733097076416
49,1,test,1.8646415761058153,0.8308442412321564,1.1671056593362228,3.14297832673506,1.400443643726367,1.9672347969223962,6.453622338950399,3.6418996983491603,4.444825577317486,10.878012911529796,6.138665986392657,7.492051359705247,2.042602444988437,0.8619506006184074,1.2422007185989954,2.897308432607712,1.222624965416181,1.7619868348921923,7.710649652024377,4.454153412088771,5.484214485402651,10.937091704999117,6.317948102253577,7.779027638869009,1.898082266926364,0.8401772761641733,1.1882633375989284,3.111610273649777,1.3773397969904477,1.947972684588407,6.673084967882608,3.7927546226889444,4.639461972059246,10.939483553905916,6.217630528998271,7.605675364031552,0.46733668341708545,-0.002663316582914521,-0.002663316582914521,0.3467336683417085,-0.003266331658291488,-0.003266331658291488,0.27135678391959794,-0.0036432160804020786,-0.0036432160804020786,0.352760736196319,0.10620637172464975,0.16704645048203326,0.36923076923076925,0.3467336683417085,0.10613216458231,0.1597553711797719,0.3939393939393939,0.34782608695652173,0.09907817376787398,0.15427769985974749,0.37583892617449666,17.0,-8.0,-8.0,24.0,-13.0,-13.0,32.0,-14.0,-14.0,-0.0004568600441655666,5.883312771792453e-05,8.607179314054472e-05,-0.02828100790593524,-0.034707756987425675,-0.03362432408748717,0.08588957055214724,0.0891536046648695,0.003067484662576687,-1.1379426717758179
6,1,test,2.167016503985333,0.963714855531008,1.3531128408850597,3.6303111535836763,1.6144707631318433,2.2668127489053833,8.732192676304674,5.401095778627633,6.475492464390276,14.628673297933089,9.048227464195778,10.848118819210514,2.654354454695296,1.2188562022701959,1.673276404947397,4.052449549153124,1.8608491637712916,2.5546204655685454,14.215806149713009,10.014068136235865,11.54847594254328,21.7035208392565,15.28865364310819,17.63126098098211,2.17333769114868,0.9416960196715747,1.3380237446351098,3.642465404159799,1.578261485483086,2.2424978960364967,8.787565326622362,5.360714642609844,6.4820275764045565,14.727763117244182,8.98443794850812,10.863733368275794,0.6281407035175879,-0.0018592964824121205,-0.0018592964824121205,0.44221105527638194,-0.0027889447236180143,-0.0027889447236180143,0.29648241206030146,-0.0035175879396985854,-0.0035175879396985854,0.3549382716049383,0.09916015142003842,0.15575962684107791,0.29721362229102166,0.35678391959798994,0.06605710255538344,0.13474719171819027,0.33333333333333337,0.35451505016722407,0.09575044248775832,0.15762962191360896,0.2919463087248322,21.0,1.0,1.0,31.0,1.0,1.0,36.0,1.0,1.0,0.0019218820504441675,0.00013998951672292376,0.0005221879324174676,-0.030649464698710993,-0.02990724560579494,-0.03597708701994495,0.07716049382716049,0.21353061636043408,0.49691358024691357,-1.2071259021759033
102,1,test,2.2990426281716503,0.9992041170473527,1.413174248118775,3.857282631710213,1.676442463046114,2.3709923496215004,9.964638023035716,6.295933858167356,7.539548646404894,16.71844823864881,10.563177917591894,12.649687173412655,2.6184030263609293,1.1907664749792686,1.6357184351411602,4.400677355228453,2.0012881932424684,2.7491066136826223,13.71380550255718,9.544970789778915,11.042186674789441,23.0484126093398,16.04196771391414,18.55829693241923,2.3026060771935977,0.9999175178366939,1.4136084882631357,3.8591163304920633,1.675839415368761,2.369176237312518,10.000209844197219,6.321034781313356,7.567519970791082,16.760128230498132,10.593913041307303,12.682994364454327,0.6030150753768844,-0.0019849246231156137,-0.0019849246231156137,0.4371859296482412,-0.002814070351758735,-0.002814070351758735,0.33668341708542715,-0.0033165829145728187,-0.0033165829145728187,0.3754152823920266,0.11836718952303815,0.168785448137883,0.3433333333333334,0.3869346733668342,0.11625798163751089,0.1715757418142465,0.3787878787878788,0.3745819397993311,0.11581733211986533,0.16546069397063257,0.3422818791946308,24.0,-10.0,-10.0,35.0,-12.0,-12.0,43.0,-12.0,-12.0,0.0015011457671041,0.0003262606505105624,0.00019470413624995855,-0.01391053779083773,-0.011255351016609794,-0.012960188518539972,0.08305647840531562,0.07256526791218637,0.7209302325581395,-1.1276211738586426
175,1,test,2.2124209143545377,1.0097395574890324,1.3855799885393425,3.7194322618134255,1.6975331691119964,2.329380850298025,9.137811496092889,5.808780209096324,6.851726088525737,15.362117877489494,9.765485568915558,11.518843858970804,2.2464748853614753,0.991379256894424,1.387413381420171,3.5658331513674213,1.5736178680863875,2.2022434625717002,9.454349360026441,5.9461755204376985,7.093405442936989,15.006903746073716,9.438373841964601,11.2593737189476,2.349226351562084,1.0982758032520743,1.4923219201520597,3.768812328709226,1.7619397913134884,2.394099337142342,10.477460717254322,6.983798442857288,8.12160403869251,16.808760508964156,11.203954721161427,13.029311292020072,0.5778894472361809,-0.002110552763819218,-0.002110552763819218,0.39698492462311563,-0.0030150753768843908,-0.0030150753768843908,0.3316582914572864,-0.0033417085427135396,-0.0033417085427135396,0.3631123919308358,0.10555843509630336,0.15294621402272235,0.36994219653179194,0.37688442211055273,0.10871399604538978,0.15484769423075306,0.3939393939393939,0.3745819397993311,0.10246173946544124,0.15767426460467038,0.38926174496644295,17.0,-7.0,-7.0,27.0,-13.0,-13.0,35.0,-16.0,-16.0,-0.00018627701739738252,9.64598837158995e-05,-0.00028177444500532387,-0.010329490508421024,-0.016017688565839627,-0.012963005691484675,0.11527377521613832,0.04837323460791435,0.002881844380403458,-1.4469213485717773
139,1,test,1.880708468729624,0.7893118773163275,1.1117648234420279,3.3455818991471706,1.4041025355275374,1.977712298987326,6.558149460537524,3.579718640380561,4.4006634814110015,11.666255824272781,6.3679417019835105,7.828315941806505,1.9515091212880247,0.8652618567292749,1.2071980101611721,3.0492330020125387,1.3519716511394921,1.8862468908768315,7.039302730403695,4.076169404352976,4.934311899779495,10.998910516255773,6.369014694301526,7.70986234340546,1.8007042242501774,0.7220031075153179,1.0606027031424228,3.1046624556037545,1.2448329439919277,1.8286253502455567,6.053909273320871,3.113052034339443,3.95776096633001,10.437774609173916,5.367331093688695,6.8237258040172595,0.4824120603015075,-0.0025879396984924696,-0.0025879396984924696,0.3417085427135679,-0.003291457286432098,-0.003291457286432098,0.2562814070351759,-0.00371859296482413,-0.00371859296482413,0.33144475920679883,0.09947870545856685,0.14669402606896897,0.31534090909090906,0.35678391959798994,0.113676150174431,0.16312782610884136,0.33838383838383834,0.32441471571906355,0.09903908967565789,0.14643918735421368,0.30536912751677847,21.0,-6.0,-6.0,34.0,-12.0,-12.0,37.0,-7.0,-7.0,0.00030150577897755697,-5.191246907739109e-05,0.00030527216759809885,-0.04568678455908337,-0.05096864193469308,-0.05641314627130978,0.09915014164305949,0.0818689755174426,0.13031161473087818,-1.3269026279449463
480,1,test,2.495144012177107,1.172121823493862,1.594642217134198,4.084407714200742,1.9186962333625637,2.6103378968375086,12.12347932152919,8.368727505807902,9.662641684009838,19.845440672821667,13.699127191035863,15.817190527328204,2.416062086190135,1.1145544756401589,1.5315110809558181,3.6607001305911138,1.688718902485089,2.3204713347815424,11.201661171537143,7.526828461501395,8.779764443164908,16.972213896268396,11.404285547729383,13.302673398734706,2.494932373440875,1.1717778582863274,1.594469942702046,4.084061273721687,1.918133182035581,2.6100558934676803,12.1209137951788,8.365665093524266,9.660173024913934,19.841241053254468,13.694114197679848,15.8131494739037,0.5979899497487438,-0.0020100502512562235,-0.0020100502512562235,0.44221105527638194,-0.0027889447236180143,-0.0027889447236180143,0.3417085427135679,-0.003291457286432098,-0.003291457286432098,0.42578125,0.14118086013645226,0.20500202922077926,0.4745098039215686,0.4321608040201005,0.1514590496341356,0.21012407614030082,0.4797979797979798,0.42578125,0.14118086013645226,0.20500202922077926,0.4745098039215686,18.0,-4.0,-4.0,29.0,-9.0,-9.0,37.0,-7.0,-7.0,-9.926563553720127e-05,-0.0003935244962160595,-0.0004592236815956053,-8.629588256159337e-05,-0.00014530477676810705,0.00011039017629776993,0.09765625,0.09679265644785844,0.28125,-0.47866392135620117
41,1,test,1.7203080345052046,0.7802968212318676,0.9930619899713837,3.0240392355427814,1.371642842703552,1.745651569815168,5.5862489567102624,3.026238832448666,3.516875166850512,9.819773950809072,5.319666467802141,6.18213033814081,1.5825926308272869,0.662805972887797,0.9607963472559512,2.434757893580441,1.0197014967504567,1.4781482265476171,4.867559250311352,2.358804140456354,3.0052890457257972,7.488552692786695,3.6289294468559286,4.623521608808918,1.6934739067116384,0.7493670772451503,1.0573125581570286,2.8068628288038204,1.2420448794118513,1.7524517538514286,5.4383402146482815,2.867823771227832,3.549125309718154,9.013823560190522,4.7532990683334235,5.882528137654399,0.4170854271356784,-0.0029145728643216184,-0.0029145728643216184,0.29145728643216084,-0.0035427135678391952,-0.0035427135678391952,0.20603015075376885,-0.003969849246231116,-0.003969849246231116,0.34782608695652173,0.1064467766116941,0.15036763143355003,0.3769230769230769,0.33668341708542715,0.10610697598267027,0.15137456900529356,0.3737373737373737,0.3411371237458194,0.09906700688438363,0.15537516601500734,0.37248322147651003,22.0,-13.0,-13.0,31.0,-17.0,-17.0,36.0,-17.0,-17.0,-0.00019136651716277232,-0.00012874215876085952,-0.00011905109269066246,-0.05171802116502899,-0.056933648016510574,-0.053577499989675204,0.13043478260869565,0.027099155342789005,0.0025575447570332483,-1.2576899528503418
366,1,test,2.173698631992577,1.001801061707321,1.3809608562934157,3.897222991087283,1.7961285307533625,2.475923902111864,8.79073769035053,5.5626252898289135,6.581300593675944,15.760908403409532,9.973227590640004,11.799609940140893,2.287636766811379,0.9854134449659062,1.413031276414086,3.574432448142779,1.539708507759228,2.2078613693970093,9.851628454127198,6.174164683384196,7.453699352845945,15.393169459573746,9.647132317787806,11.646405238821789,2.1779578094860925,1.0024482882385577,1.3847604579556902,3.9124990589570525,1.8008053082129778,2.4875936370461504,8.828258850391537,5.588465583519513,6.617806116463379,15.8591476354339,10.03915973087338,11.888274460712658,0.542713567839196,-0.0022864321608039306,-0.0022864321608039306,0.40703517587939697,-0.00296482412060306,-0.00296482412060306,0.3065326633165829,-0.0034673366834171437,-0.0034673366834171437,0.36092715231788075,0.10968748289639318,0.16158794526942255,0.3920265780730897,0.38190954773869346,0.12125791866601177,0.17656731067692388,0.43434343434343436,0.3612040133779264,0.10911720202567265,0.16320623807203094,0.3926174496644296,14.0,-5.0,-5.0,21.0,-8.0,-8.0,28.0,-11.0,-11.0,0.0001239769808271217,-0.00020809835658245205,-4.6819268338202285e-05,0.0004951882937413998,9.202525539642181e-05,-5.081944426521545e-05,0.20198675496688742,0.04685813813406232,0.0033112582781456954,-0.9312794208526611
22,1,test,2.375079508373937,1.1144406336848651,1.5271076368229173,3.9160537132117894,1.8375003305399265,2.5179096154758813,10.75186801563556,7.224193506090801,8.416961459461335,17.727782382922918,11.911319054685427,13.877966215897558,2.4867386853180617,1.1319457010404157,1.5710488529672166,3.9161239138867114,1.7825916551817569,2.474092681838137,12.022004576789392,8.146046087561494,9.523506374337762,18.93229067210928,12.82841903552991,14.997647833602775,2.3752130607939392,1.1145597604731166,1.5273999438005834,3.9162739157138167,1.8376967479229362,2.5183915740045335,10.753304049519357,7.225578650674132,8.418768140980866,17.730150129267038,11.91360289426628,13.880945089593453,0.6030150753768844,-0.0019849246231156137,-0.0019849246231156137,0.4522613065326633,-0.0027386934673366836,-0.0027386934673366836,0.3467336683417085,-0.003266331658291488,-0.003266331658291488,0.3840579710144928,0.09472704877217819,0.17682905535184223,0.4,0.4170854271356784,0.12134607876475112,0.20339594466489375,0.4444444444444444,0.3840579710144928,0.09472704877217819,0.17682905535184223,0.4,13.0,-3.0,-3.0,22.0,-4.0,-4.0,30.0,-7.0,-7.0,0.00032287368565346635,-0.00012977846314446203,-0.00015325499085731047,-0.00022489431977135155,0.00019273690668875076,4.029903692170933e-05,0.09057971014492754,0.13012602417113617,0.0036231884057971015,-0.6618285179138184
275,1,test,1.5493276300504137,0.6871371272545036,0.8442131847254937,3.4085207861109104,1.511701679959908,1.8572690063960862,4.708303396366846,2.339960518832361,2.684225078398647,10.35826747200706,5.147913141431194,5.9052951724770235,1.9741383108273167,0.822740289653018,1.188681702515898,3.433284018830116,1.4308526776574224,2.067272526114605,7.200412462412013,4.037801244437329,5.007004221864134,12.522456456368719,7.02226303380405,8.707833429328929,1.7196652651057405,0.7303853039141497,1.0537979462133302,3.2651872122260897,1.3868075390774994,2.0008821763544247,5.582659440562255,2.89336206399985,3.6364816942848894,10.599986279548586,5.4937254379744,6.90471207775612,0.457286432160804,-0.0027135678391959628,-0.0027135678391959628,0.3417085427135679,-0.003291457286432098,-0.003291457286432098,0.27638190954773867,-0.0036180904522613577,-0.0036180904522613577,0.31894484412470026,0.11056161059176617,0.1341941109868704,0.29567307692307687,0.3417085427135679,0.1061195702824902,0.15973859279704028,0.35858585858585856,0.3177257525083612,0.09735847371036455,0.14197491824807196,0.30201342281879195,20.0,-9.0,-9.0,31.0,-13.0,-13.0,35.0,-13.0,-13.0,0.00029061491242417736,0.0006431036004265563,0.00028158011882459136,-0.12468781977155352,-0.13158680745023332,-0.12811296667044036,0.05995203836930456,0.1058251397933595,0.13908872901678657,-1.1895930767059326
163,1,test,1.918144158204694,0.8403944839470794,1.1888522275757678,3.4875348330994433,1.5279899708128712,2.161549504683214,6.808311588414261,3.8702510752566637,4.7346997617001705,12.378748342571383,7.036820136830297,8.608545021273036,2.426015094033665,1.1011787282340146,1.52560642047277,3.944739990298642,1.7905345174536822,2.480660846297187,11.313708069899434,7.552138286725981,8.853099578558503,18.396273284389324,12.279899653212977,14.3952838675748,2.0442015387190664,0.8892328021683966,1.2593141978516655,3.504345494946971,1.524399089431537,2.158824339174284,7.722989567253016,4.549065379094569,5.5308296072714676,13.239410686719456,7.798397792733546,9.481422183893944,0.6030150753768844,-0.0019849246231156137,-0.0019849246231156137,0.46733668341708545,-0.002663316582914521,-0.002663316582914521,0.3417085427135679,-0.003291457286432098,-0.003291457286432098,0.38348082595870203,0.13163988339611,0.1891726807182702,0.3402366863905325,0.40703517587939697,0.12633342149343207,0.1950151424904153,0.40909090909090906,0.3946488294314381,0.12753697634295724,0.1922016659164214,0.3557046979865772,21.0,-12.0,-12.0,34.0,-22.0,-22.0,40.0,-21.0,-21.0,0.0010634395781080397,0.00044118466897760834,0.0006011659292764423,-0.04869595428804718,-0.04844401519652486,-0.05216652586902715,0.07374631268436578,0.05333033042537836,0.5663716814159292,-1.074309229850769
320,1,test,1.6779703882821368,0.745948543952987,0.9065056538859381,3.3559407765642737,1.491897087905974,1.8130113077718761,5.3546770196083635,2.815038275137147,3.1917449639403306,10.709354039216727,5.630076550274294,6.383489927880661,1.6985226789661336,0.6908104313758121,0.9906206144205383,2.535108476068856,1.031060345337033,1.4785382304784154,5.465866584550011,2.726539645368716,3.436138035270701,8.158009827686584,4.069462157266741,5.1285642317473155,1.4960585369355153,0.6222326864764612,0.8768119421529897,2.753481969819967,1.14521353339226,1.6137643107110242,4.464059424522965,2.067999115950759,2.606531381312899,8.216060290533065,3.8061333422406616,4.797297020821286,0.4120603015075377,-0.0029396984924623393,-0.0029396984924623393,0.31155778894472363,-0.003442211055276312,-0.003442211055276312,0.23115577889447236,-0.003844221105527623,-0.003844221105527623,0.32458233890214794,0.09931416250167113,0.12223629784642942,0.3133971291866029,0.3266331658291457,0.10608178738303042,0.1530104613216332,0.2828282828282829,0.31438127090301005,0.10403068659583137,0.1486415601132436,0.261744966442953,15.0,-6.0,-6.0,22.0,-11.0,-11.0,27.0,-14.0,-14.0,0.00028089463525582376,0.0004160796375313128,-0.00013161671888283969,-0.1310076692973281,-0.14167939515522843,-0.12566457428874678,0.059665871121718374,0.20320802648618227,0.002386634844868735,-1.1054465770721436
303,1,test,2.313822483930502,1.0297358880451255,1.4452755730439595,3.7632859939789194,1.6748003236596003,2.350649351560002,10.113007675875782,6.50163986383092,7.729562697804769,16.448167656740495,10.574506215311208,12.571645077464078,2.3336344444151886,1.0411725381246861,1.4337692160046243,3.5902068375618286,1.6018039048072095,2.205798793853268,10.315364104181723,6.673622950187188,7.856092455309094,15.869790929510343,10.267112231057212,12.086296085090913,2.313687631427192,1.0299380331318766,1.4449548232911968,3.7630666649074445,1.6751290998639141,2.350127672364418,10.111644003424088,6.50149300858496,7.727755908301585,16.445949729706992,10.574267364537606,12.568706448559475,0.6180904522613065,-0.0019095477386934512,-0.0019095477386934512,0.42713567839195976,-0.002864321608040288,-0.002864321608040288,0.3266331658291457,-0.0033668341708542604,-0.0033668341708542604,0.4148936170212766,0.13347768781773672,0.19909173022882376,0.402135231316726,0.4120603015075377,0.126346015793252,0.19002357362773803,0.398989898989899,0.4148936170212766,0.13347768781773672,0.19909173022882376,0.402135231316726,19.0,-10.0,-10.0,29.0,-17.0,-17.0,36.0,-20.0,-20.0,0.00011416110056148883,0.00016038429427054282,-1.5041263020900546e-05,-0.0059411084790168545,-0.004073957376339088,-0.00479478342262496,0.1347517730496454,0.04873189504776666,0.03900709219858156,-0.7587988376617432
113,1,test,1.761649810564306,0.7407890428668717,1.04748332486526,3.5949946715585543,1.5117264770132088,2.1375967850448037,5.8220347297359565,3.04645186164615,3.77955119641278,11.881012733356515,6.216887229289526,7.712921336865614,1.5852193114267166,0.6288925102638728,0.9189499447780736,2.9630267503303114,1.175500019184809,1.7176634481833153,4.8803615802157605,2.2782407897814476,2.933401220228773,9.122171177973383,4.25839399959149,5.482992935007052,1.6160132577138135,0.6619058858241211,0.9618908476111026,3.1480777747671693,1.2894270503067295,1.873813339502148,5.032985051607499,2.4366330801168985,3.1095312787342855,9.804516334300322,4.7466878184095425,6.05752846506679,0.33668341708542715,-0.0033165829145728187,-0.0033165829145728187,0.2613065326633166,-0.003693467336683409,-0.003693467336683409,0.18090452261306533,-0.0040954773869347205,-0.0040954773869347205,0.34571428571428575,0.13030772366007748,0.17269375785504826,0.36389684813753587,0.2864321608040201,0.0934497046636692,0.1278344980327346,0.30808080808080807,0.3110367892976589,0.1056945522358893,0.1486341196647334,0.32885906040268453,14.0,-3.0,-3.0,19.0,-1.0,-1.0,23.0,-3.0,-3.0,0.000471148947741245,-0.0005024337034297381,-8.051776251026362e-05,-0.11760161384915868,-0.09414543271389597,-0.1077083744902021,0.07142857142857142,0.047119358250281296,0.6885714285714286,-1.4486029148101807
237,1,test,2.375146158548202,1.03203365928251,1.464385469483822,4.086431589551875,1.7756107057220816,2.5194706524659543,10.752584653394226,6.921635859932753,8.266371604069633,18.499788503044723,11.90865300125076,14.222266672840298,2.6667735988457615,1.2225979170801897,1.6875514597507544,4.199643462749231,1.9253510505199842,2.6575613539381964,14.393455136384349,10.155098188858467,11.731070664919505,22.666858482495037,15.992280612375538,18.4741270313693,2.3749949898321887,1.03188851177126,1.4642186445380632,4.086171504245442,1.775360979879745,2.519183630664866,10.750959321831086,6.920033595227292,8.264707347479087,18.496992125137954,11.90589630980099,14.219403324544762,0.6381909547738693,-0.0018090452261306789,-0.0018090452261306789,0.49246231155778897,-0.002537688442211028,-0.002537688442211028,0.37688442211055273,-0.003115577889447274,-0.003115577889447274,0.3876811594202898,0.11281678329009093,0.174428147372097,0.3927272727272727,0.40703517587939697,0.11129582750846967,0.1783206516723853,0.43434343434343436,0.3913043478260869,0.11643997169588804,0.17805133577789412,0.3927272727272727,22.0,-11.0,-11.0,33.0,-15.0,-15.0,40.0,-12.0,-12.0,0.0010446897084462792,0.00022833056898346847,-7.128913791760408e-05,-0.008488892568300876,-0.005993976090453046,-0.007375642189828113,0.09057971014492754,0.13959512317378242,0.0036231884057971015,-0.8633203506469727
396,1,test,1.508179359741485,0.6412540723806058,0.8348311938072841,3.4173775087783937,1.453015007937558,1.8916406241182393,4.518496743886985,2.1389136841294456,2.557705346481179,10.238443489038717,4.8465558623048715,5.795494195494927,1.6750577569143101,0.7197374840979328,1.0246692338962204,3.3501155138286203,1.4394749681958656,2.049338467792441,5.3391035103120315,2.739600510552954,3.4228183049996734,10.678207020624063,5.479201021105908,6.845636609999347,1.5947969776196855,0.6440003059530744,0.9475522865417507,3.1270528972935008,1.2627456979472045,1.8579456598857855,4.9273286125812055,2.3395581708672215,3.017058425845785,9.66142865212001,4.587368962484748,5.915800834991734,0.4522613065326633,-0.0027386934673366836,-0.0027386934673366836,0.33668341708542715,-0.0033165829145728187,-0.0033165829145728187,0.22613065326633164,-0.003869346733668344,-0.003869346733668344,0.31969309462915596,0.10385656844780222,0.13689739570442483,0.3153846153846154,0.3517587939698492,0.11115729021045073,0.17145829313512473,0.35858585858585856,0.3311036789297659,0.10071970564095123,0.156465191721757,0.33221476510067116,15.0,-4.0,-4.0,24.0,-11.0,-11.0,33.0,-15.0,-15.0,-5.661609032544663e-05,0.0003464785031058152,-3.6904791794578814e-05,-0.07007493457570035,-0.0919481261475763,-0.07913912775551246,0.0639386189258312,0.07529883923201706,0.5294117647058824,-1.0033317804336548
437,1,test,1.6563864886913997,0.7264675808780567,0.9559599639825088,3.7888601118569745,1.661740214942621,2.1866868637204693,5.240340560544729,2.706036903485021,3.225728754586578,11.986886791186146,6.18985686904957,7.3786130793537295,1.883456178086728,0.7482087277730172,1.1146435598271063,3.087633078830702,1.2265716848737986,1.8272845243067317,6.576194128574173,3.464250629540831,4.418990819904252,10.780646112416678,5.679099392689888,7.244247245744676,1.8370348081353642,0.7982305212813943,1.1386231032055885,3.6020290355595375,1.5651578848654788,2.232594320010958,6.277895470384778,3.4520593663080046,4.267338657728387,12.30959896153878,6.768743855505891,8.367330701428209,0.4723618090452262,-0.0026381909547738003,-0.0026381909547738003,0.35678391959798994,-0.0032160804020100464,-0.0032160804020100464,0.24120603015075381,-0.0037939698492461815,-0.0037939698492461815,0.35433070866141736,0.11710921455918932,0.15784977024499502,0.3342105263157895,0.36180904522613067,0.10616994748176978,0.17316129898239108,0.36868686868686873,0.3612040133779264,0.11245610018927865,0.1743297085948341,0.36241610738255037,17.0,-6.0,-6.0,25.0,-7.0,-7.0,33.0,-9.0,-9.0,3.230774112420546e-05,0.00038516154546609647,2.6620219504740084e-05,-0.07239119822542239,-0.08505438820463773,-0.07773488060584821,0.07611548556430446,0.12506046745052585,0.6141732283464567,-0.9136320352554321
491,1,test,2.2722568116307915,1.0211713007271037,1.3464854964954207,4.156567338349009,1.8679962818178728,2.4630832252965016,9.701270066518735,6.207136246579924,7.177455900645246,17.74622573143671,11.354517524231568,13.129492501180327,2.356583543628663,1.0228930730547274,1.4243299125853157,3.491234879449871,1.515397145266263,2.1101183890152826,10.554829668250424,6.759806671519277,8.014602201032957,15.63678469370433,10.01452840225078,11.873484742271048,2.255997752829602,1.0160650435411562,1.4178654291720978,3.781001820384808,1.7029023076108767,2.3763107751487675,9.544811923850265,6.089430981953088,7.2327671333932795,15.996891492486478,10.205750249083387,12.121956089485945,0.542713567839196,-0.0022864321608039306,-0.0022864321608039306,0.4321608040201005,-0.002839195979899567,-0.002839195979899567,0.31658291457286436,-0.003417085427135591,-0.003417085427135591,0.3743315508021391,0.11531953478077728,0.16905295842677248,0.38069705093833783,0.37688442211055273,0.11122026170955024,0.17655053229419215,0.38888888888888884,0.3712374581939799,0.10913395235090817,0.1743520299403648,0.37248322147651003,14.0,-5.0,-5.0,25.0,-15.0,-15.0,33.0,-20.0,-20.0,0.0008304740901124027,-7.079335403806856e-07,0.0004317589996456375,-0.02630387884506824,-0.027872545789282555,-0.033085703919661036,0.09090909090909091,0.1109530804384739,0.00267379679144385,-1.074918508529663
14,1,test,2.359945711479619,1.1161910064306082,1.5218889956998765,4.596405891544607,2.1739766695014753,2.9641442648805736,10.590376500956774,7.121763838064782,8.27850651269139,20.626605394305347,13.870877242742456,16.123835359021026,2.3939293253133656,1.0695774204452773,1.505885283293459,3.924474303792403,1.7534056072873399,2.468664398841736,10.95646097148309,7.196713080557487,8.52608967637781,17.961411428660803,11.797890295995881,13.977196190783296,2.357462870720542,1.1048429244824418,1.51410885496863,4.592460137767289,2.152291411329432,2.9495627044843435,10.5641148977065,7.064615439811753,8.239965746125055,20.579444605921754,13.762237869763158,16.05188132362024,0.5577889447236181,-0.00221105527638199,-0.00221105527638199,0.40703517587939697,-0.00296482412060306,-0.00296482412060306,0.3065326633165829,-0.0034673366834171437,-0.0034673366834171437,0.3562874251497006,0.10068204398378133,0.1580802538349595,0.37537537537537535,0.3668341708542714,0.1162076044382313,0.16483083195610782,0.38383838383838387,0.35785953177257523,0.10410327133851849,0.15874940941439952,0.37583892617449666,24.0,-15.0,-15.0,34.0,-17.0,-17.0,42.0,-22.0,-22.0,0.0004358502929446176,-5.370345757777923e-05,-1.9855637983606606e-05,-0.0528215491369437,-0.04772798313465021,-0.04961748641123176,0.0748502994011976,0.05915947964189448,0.0029940119760479044,-0.7489101886749268
141,1,test,2.301962306878404,1.0768062783665253,1.46805182191178,3.9549671549027905,1.8500448293212113,2.522237970625027,9.993774077753784,6.589076806555688,7.6914697915614845,17.170154399545066,11.320594726156848,13.21459969507638,2.3621203727976607,1.0725920584159852,1.4744561320273863,3.6340313427656317,1.6501416283322847,2.268394049272902,10.613432042988519,6.982358616347556,8.18398363067108,16.328356989213106,10.74209017899624,12.590744047186275,2.3593033193309814,1.092318735277657,1.4996905304217623,3.9763539089848,1.8409866324904334,2.527568309699599,10.583575510926622,7.03344422748987,8.22132968211638,17.83748681616846,11.854119484533486,13.856173621544457,0.5829145728643217,-0.002085427135678275,-0.002085427135678275,0.44221105527638194,-0.0027889447236180143,-0.0027889447236180143,0.31658291457286436,-0.003417085427135591,-0.003417085427135591,0.3913043478260869,0.13083923154701715,0.1960564139417894,0.39563862928348914,0.40703517587939697,0.12883968715759242,0.1900067952450063,0.4191919191919192,0.4013377926421404,0.13923428679906868,0.20111532323168435,0.4093959731543624,21.0,-9.0,-9.0,30.0,-10.0,-10.0,40.0,-16.0,-16.0,-0.0002569446484122115,0.00011156633755508726,3.199246760310811e-05,-0.006024068498062363,-0.006978102802842834,-0.008497311555173859,0.12111801242236025,0.04327238964404784,0.003105590062111801,-1.0927271842956543
194,1,test,1.889075326093866,0.8852604237890636,1.0441846133632604,3.417945611195258,1.6017211904997042,1.88926622841573,6.613250752528978,3.884579139050657,4.285527342395472,11.965500302245228,7.028454628706063,7.753899047469774,1.9968084832016815,0.8780643836733406,1.2381848244517912,3.1445802885065848,1.3827785569658906,1.9498973613414035,7.365511393913077,4.304503926395303,5.230176146826886,11.599230541595396,6.778746340780005,8.236497869018718,2.0510139449805904,0.9372218497237779,1.2972660708394073,3.418356574967651,1.5620364162062967,2.162110118065679,7.775781325022213,4.729894509891685,5.650832171913667,12.959635541703689,7.883157516486142,9.41805361985611,0.4522613065326633,-0.0027386934673366836,-0.0027386934673366836,0.3316582914572864,-0.0033417085427135396,-0.0033417085427135396,0.2562814070351759,-0.00371859296482413,-0.00371859296482413,0.3403755868544601,0.10121966657310022,0.1272768576266986,0.3223529411764706,0.3316582914572864,0.09606931902620874,0.14968834154075883,0.3282828282828283,0.33444816053511706,0.0940474927554843,0.15202324396114597,0.3355704697986577,15.0,0.0,0.0,23.0,0.0,0.0,28.0,1.0,1.0,0.00014442326621282777,0.00017469358015089332,0.00023933941959433408,-0.05160119331205326,-0.056645352367567625,-0.05462216183911206,0.08685446009389672,0.09788229998113027,0.035211267605633804,-1.3778293132781982
36,1,test,1.2751676014612585,0.5861416047782427,0.5949778576494276,3.009157190364185,1.3831846280981897,1.4040365332381353,3.5793012559534367,1.5875266628583404,1.6050489571032622,8.44648193577797,3.746266190390008,3.7876155296128378,1.51580440847422,0.5845532983613073,0.8879043298035962,2.5054618321887934,0.9662037989443097,1.467610462485283,4.553082192051399,2.015400079938816,2.6794103103658244,7.525755689341155,3.331239801551762,4.428777372505495,1.4271499939671484,0.5927010174310104,0.8633416861484067,2.744519219167593,1.1398096489057892,1.6602724733623204,4.166806828719906,1.8632624372158744,2.4094545173377004,8.013090055230588,3.5831969946459115,4.633566379495577,0.3869346733668342,-0.0030653266331658324,-0.0030653266331658324,0.2562814070351759,-0.00371859296482413,-0.00371859296482413,0.18090452261306533,-0.0040954773869347205,-0.0040954773869347205,0.3055555555555556,0.09544653672503034,0.09636689475399152,0.294234592445328,0.321608040201005,0.1010566617548897,0.1429769884480835,0.33838383838383834,0.31438127090301005,0.09401399210501338,0.1386304366427208,0.31879194630872487,16.0,-7.0,-7.0,26.0,-14.0,-14.0,30.0,-16.0,-16.0,0.0009286602055749815,0.00014249510163447175,0.0003318930926171746,-0.19406635547868856,-0.17909967959610107,-0.1902208801535883,0.051587301587301584,0.08531324884200368,0.40674603174603174,-0.9746905565261841
97,1,test,1.867409345515743,0.8622922597803311,1.1877457941259748,3.7458684504724076,1.729686840624451,2.3825196698739965,6.471509219405045,3.7392820604803183,4.498295483887725,12.981311392771069,7.500690050312592,9.023208100816207,2.4116879319199556,1.1063866158931555,1.5228432526196027,4.0532570284369,1.85947330402211,2.559400424570761,11.152770383368662,7.463969962415909,8.720452463232895,18.74415190482128,12.544487331791442,14.656222627282176,2.0582679104363653,0.9563515656423776,1.3058724017235384,3.8352818206888797,1.7820215508864181,2.433302611907214,7.832391650582481,4.822463088974777,5.710314262969746,14.59451860356984,8.985956066412626,10.64033713596847,0.6030150753768844,-0.0019849246231156137,-0.0019849246231156137,0.42713567839195976,-0.002864321608040288,-0.002864321608040288,0.3467336683417085,-0.003266331658291488,-0.003266331658291488,0.3550295857988166,0.10835307176632025,0.16999021572007644,0.3056379821958457,0.3869346733668342,0.09119532499590688,0.1715757418142465,0.398989898989899,0.36454849498327757,0.09910609097659973,0.1665507196773821,0.3355704697986577,22.0,-8.0,-8.0,31.0,-9.0,-9.0,39.0,-10.0,-10.0,0.0005678910238815998,0.0005020974002027733,0.0007131546319115027,-0.061141085172441656,-0.07738403743500655,-0.0857844542416677,0.07396449704142012,0.03550322550122554,0.7603550295857988,-1.0022574663162231
449,1,test,1.623587619056116,0.6975445487349983,0.8658129433192243,3.8780549986597515,1.6661349792641675,2.068056058899633,5.071251437788813,2.5467513191264946,2.9377282847270907,12.113046291404137,6.0830974365421415,7.016973845805279,1.9089736595098894,0.8198687438889083,1.1616803805088316,3.856512443454322,1.6563004927048652,2.3468290515329935,6.7461613856143225,3.774548348209365,4.63488374946402,13.628608859826914,7.625350198402757,9.363401514068727,1.6371219220153945,0.7294456660127452,1.0236245815102512,3.533356666220276,1.5743431640562848,2.2092616867127726,5.14035386287864,2.6617975568554506,3.2934745801685024,11.094288912687713,5.7448868133570885,7.108218518349286,0.4371859296482412,-0.002814070351758735,-0.002814070351758735,0.31155778894472363,-0.003442211055276312,-0.003442211055276312,0.2160804020100503,-0.003919597989949675,-0.003919597989949675,0.31894484412470026,0.10457358663967031,0.1283290083475741,0.2932692307692307,0.3316582914572864,0.10609438168285035,0.15302723970436494,0.3232323232323232,0.3210702341137124,0.10070295531571571,0.15421817627166567,0.28859060402684567,22.0,-11.0,-11.0,29.0,-10.0,-10.0,33.0,-11.0,-11.0,0.0001020730861039833,0.0005628969431702256,0.00012204724649321295,-0.12167486254758053,-0.1377462843520476,-0.12847539801397811,0.05995203836930456,0.11380480198084193,0.07194244604316546,-0.8768932819366455
461,1,test,2.029300778394097,0.911463543481492,1.1684891749161594,3.7951827057466527,1.7046121077610596,2.185299466549933,7.6087642859596905,4.550531479491591,5.24368486429814,14.229852438645768,8.51036896885687,9.806699097172963,1.9526214760966982,0.8515945995502467,1.1742034427500327,3.133642530187443,1.3666719783104764,1.884407137961746,7.047137289242338,4.0398847732123215,4.869113311865773,11.3095187141873,6.483363466687515,7.814141524687813,1.9819745076484216,0.8801288862502521,1.2352795268214996,3.397670584540151,1.5087923764290034,2.1176220459797133,7.257057964448015,4.247342267682008,5.147043124050649,12.440670796196597,7.281158173169157,8.823502498372541,0.4696969696969697,-0.00030303030303024947,-0.00030303030303024947,0.3434343434343434,-0.001565656565656548,-0.001565656565656548,0.26262626262626265,-0.0023737373737373613,-0.0023737373737373613,0.3608247422680413,0.11629449773779676,0.1496810472533785,0.3746770025839793,0.35858585858585856,0.1218100399460601,0.16898854314961698,0.36040609137055835,0.3511705685618729,0.10576155353683114,0.16318391672650023,0.36241610738255037,15.0,0.0,0.0,24.0,0.0,0.0,31.0,0.0,0.0,0.0005244391211197505,0.00017808775157507797,0.00012754180155826546,-0.04124323191303958,-0.035428483462637494,-0.03889928716423796,0.07731958762886598,0.07531574212811891,0.002577319587628866,-1.1038787364959717
136,1,test,2.0418847410616072,0.9210567095645561,1.202199095044405,3.46113198260667,1.5612530771991129,2.037808331510247,7.705117673889387,4.637724623804695,5.389478741855189,13.060692738700395,7.861255191920065,9.13552898843615,2.1091334304277,0.8529175173563432,1.2588840909014967,3.034724360327626,1.2272194494335875,1.8113440156856067,8.241096705788827,4.728990510791025,5.900866414691093,11.857693101854428,6.804302893224498,8.490455272936824,2.076611929293738,0.9150492712206497,1.2913990534748025,3.211255560763513,1.4150246462174998,1.9970088455795918,7.977395097549763,4.782473149668091,5.784521396714393,12.336177985901697,7.3955770355692145,8.945136180486175,0.5276381909547738,-0.002361809045226204,-0.002361809045226204,0.3668341708542714,-0.0031658291457286047,-0.0031658291457286047,0.2814070351758794,-0.003592964824120637,-0.003592964824120637,0.37665782493368705,0.10910815605951485,0.15476144174698125,0.37765957446808507,0.3668341708542714,0.09866374478910844,0.16149193379250182,0.36868686868686873,0.36789297658862874,0.0974422253365419,0.16099642486449084,0.37583892617449666,20.0,-5.0,-5.0,26.0,-3.0,-3.0,35.0,-9.0,-9.0,0.0003572855256031004,-0.00020012999419603307,7.170574995901548e-05,-0.027395126162446104,-0.025970385240582594,-0.02680523804623558,0.06631299734748011,0.14048102032323176,0.0636604774535809,-1.1151831150054932
131,0,test,2.476504066939111,1.1676204446342782,1.5942732881973978,4.329988242824357,2.041499896907731,2.787471535338846,11.899591442190948,8.197552911006072,9.48330754872807,20.80557497439675,14.332828360123823,16.580877349348448,2.566001583224074,1.1704020756218891,1.623588480570818,4.138712231006571,1.8877452832611117,2.6186910976948683,13.013686134101679,8.976291838289812,10.447519758352255,20.989816345325288,14.477890061757762,16.850838319922993,2.4760648871931266,1.1669472265602476,1.5940194873321327,4.329220368803076,2.0403228237971622,2.7870277828825962,11.89436653006582,8.191461478577217,9.478530523090981,20.796439593448415,14.322177931097272,16.572525065530144,0.592964824120603,-0.0020351758793969443,-0.0020351758793969443,0.4522613065326633,-0.0027386934673366836,-0.0027386934673366836,0.3467336683417085,-0.003266331658291488,-0.003266331658291488,0.40072202166064985,0.11964094057956876,0.18823702766305084,0.41666666666666663,0.3869346733668342,0.09871412198838803,0.1765840890596555,0.4242424242424242,0.40072202166064985,0.11964094057956876,0.18703654747097398,0.41666666666666663,19.0,-5.0,-5.0,30.0,-6.0,-6.0,36.0,-6.0,-6.0,7.3914225491238e-05,-7.665127479306123e-05,-4.828795577658453e-05,-0.00023182424163081805,0.0001888633816387042,3.6794479953528025e-05,0.10469314079422383,0.16140573410782286,0.0036101083032490976,-0.6244676113128662
436,0,test,2.3162250629005983,1.0004591813234371,1.4083561565248148,3.9820815120803394,1.7200012526200967,2.421262554813598,10.13733418692236,6.409729390810943,7.658300340104251,17.42822478441332,11.019682548734087,13.166240486189086,2.4466670278896725,1.1316765243513813,1.5523966692394535,3.7641031198302652,1.741040806694433,2.3883025680606975,11.5497873771047,7.825071763640636,9.104236613737562,17.768903657084152,12.038571944062516,14.006517867288556,2.1376494885796373,0.8889949192997575,1.2892090624067971,3.6856025665166166,1.5327498608616512,2.222774245528961,8.47948306457567,4.993832964087672,6.143482220796293,14.619798387199431,8.61005683463392,10.592210725510851,0.542713567839196,-0.0022864321608039306,-0.0022864321608039306,0.42211055276381915,-0.0028894472361808976,-0.0028894472361808976,0.321608040201005,-0.0033919597989949812,-0.0033919597989949812,0.3505747126436781,0.1023681129306222,0.15604880844035451,0.3631123919308358,0.38190954773869346,0.11875165300185131,0.18491455608593887,0.4040404040404041,0.34782608695652173,0.10909486825869197,0.15983943512114906,0.3422818791946308,17.0,0.0,0.0,24.0,0.0,0.0,33.0,0.0,0.0,0.0003951103463569485,-7.095985861085584e-05,0.00031485396535991974,-0.04246517379131998,-0.03820796520541592,-0.0428992384495368,0.07183908045977011,0.14432932542762097,0.0028735632183908046,-1.2273991107940674
30,0,test,1.887255298638906,0.8133680631153841,1.15825306844433,3.3708196243069226,1.452753652837103,2.068751469841744,6.601225401147173,3.6744910792779844,4.52821421367303,11.790423978519549,6.562994761918967,8.087826456506908,2.2810843643074725,1.0080443380383803,1.4069980871219339,3.649734982891956,1.6128709408614084,2.251196939395094,9.787287642823784,6.215593524179969,7.390603254849006,15.659660228518055,9.94494963868795,11.82496520775841,1.8524946065784489,0.799235348288418,1.1348168267347252,3.3278346225960163,1.435752122673805,2.0385931019186683,6.375704575461539,3.5087244397210386,4.326036675836988,11.45336151280516,6.303097795906058,7.771323369767044,0.5829145728643217,-0.002085427135678275,-0.002085427135678275,0.39698492462311563,-0.0030150753768843908,-0.0030150753768843908,0.321608040201005,-0.0033919597989949812,-0.0033919597989949812,0.3573573573573574,0.1084817951384669,0.16654816654816662,0.3162650602409639,0.371859296482412,0.09867633908892826,0.15983926309343033,0.3535353535353535,0.3612040133779264,0.11245610018927865,0.1765544026993947,0.30201342281879195,22.0,-10.0,-10.0,33.0,-16.0,-16.0,40.0,-15.0,-15.0,0.0019036147094836197,7.502977595270723e-05,0.0006697176723222316,-0.0950196103535621,-0.08391826187999296,-0.09657178375101871,0.07507507507507508,0.15564168808207318,0.2852852852852853,-1.2413402795791626
307,0,test,2.3928303636234336,1.078865465773283,1.5020539483600288,4.405343318459037,1.9862556257282962,2.7653708453250867,10.944426854346197,7.2235293721187706,8.507405797063466,20.14934215568373,13.298948115556414,15.662641136315521,2.3101682821110003,1.037543394320097,1.4464651004637625,4.125300503769643,1.8527560612858873,2.58297339368529,10.076120143117803,6.5059084644047385,7.704192012415104,17.993071684138933,11.617693686437033,13.757485736455543,2.392958951501718,1.0791310265702836,1.5023137959422574,4.405580056407137,1.9867445389837015,2.7658492402115735,10.945834265460503,7.225446410518096,8.509133069847323,20.151933283430598,13.30247749751014,15.665821148460637,0.5728643216080402,-0.0021356783919597166,-0.0021356783919597166,0.44221105527638194,-0.0027889447236180143,-0.0027889447236180143,0.3015075376884422,-0.0034924623115578646,-0.0034924623115578646,0.38267148014440433,0.09438319185611599,0.165384565378498,0.3840579710144928,0.40201005025125625,0.11378949887281009,0.18832056778047157,0.38888888888888884,0.3790613718411552,0.09077308355286684,0.160573976883172,0.3840579710144928,23.0,-14.0,-14.0,34.0,-24.0,-24.0,42.0,-26.0,-26.0,-0.00029195270763180585,0.0002168181586759246,1.9370170899371283e-05,-0.004907353283194027,-0.005055629786792082,-0.004151406005813207,0.09025270758122744,0.07685741236920783,0.0036101083032490976,-0.6181130409240723
106,0,test,2.174123737553783,0.9633453987992966,1.353811715539213,3.6982517185193218,1.638680317545195,2.3028755985976304,8.794475476250302,5.43837966058072,6.5232670822476475,14.959674779188656,9.250851999956893,11.096279057431564,2.140596055163915,0.9321640226753034,1.3154825820470963,3.722775748111157,1.621154822044006,2.2877957948645156,8.504505272722797,5.15627465500452,6.2223655605793695,14.790443952561388,8.967434182616557,10.82150532274673,2.3063471316953894,1.060659375515918,1.450563026397841,3.7000221364097157,1.7015925810415795,2.327106459461777,10.037691240512729,6.5623670872544775,7.684472411803222,16.103247979432187,10.52786163730665,12.328030607170946,0.5728643216080402,-0.0021356783919597166,-0.0021356783919597166,0.38190954773869346,-0.0030904522613065533,-0.0030904522613065533,0.27638190954773867,-0.0036180904522613577,-0.0036180904522613577,0.3890577507598785,0.12198643057778435,0.18481103690750234,0.41768292682926833,0.371859296482412,0.09867633908892826,0.15316146676621833,0.4191919191919192,0.40802675585284276,0.13256765735534692,0.1977931629718639,0.4530201342281879,22.0,-9.0,-9.0,33.0,-14.0,-14.0,39.0,-14.0,-14.0,-0.0009429095168502477,9.547169561209548e-05,-8.470331023523924e-05,-0.0033951988040170633,-0.00567505466973639,-0.006930995841784693,0.07598784194528875,0.06280813507081419,0.00303951367781155,-0.7698848247528076
49,0,test,2.5286474042192517,1.1776795566291816,1.6140736642237483,4.337332700292745,2.0200475728292213,2.7685846879393465,12.536537795474516,8.675377057509678,10.040826592202933,21.50364469084865,14.880681480589518,17.222806724125864,2.5873137427470967,1.181806782855235,1.6305394372814515,4.07450983109779,1.8611130438665113,2.567778641388112,13.29401245818157,9.216419064507333,10.690726946907771,20.935452690049715,14.51404577087769,16.835790467571293,2.5284648624302366,1.1778308412805936,1.6138635145652453,4.337019590418532,2.0203070680299073,2.768224222900109,12.534249562292716,8.674377566752835,10.038469456800836,21.499719735321538,14.878967076305212,17.21876358215144,0.6030150753768844,-0.0019849246231156137,-0.0019849246231156137,0.4623115577889447,-0.002688442211055242,-0.002688442211055242,0.36180904522613067,-0.0031909547738693256,-0.0031909547738693256,0.3902439024390244,0.11235343590758429,0.17673038892551085,0.39591836734693875,0.40201005025125625,0.11880203020113089,0.18665111869866857,0.40909090909090906,0.3902439024390244,0.11235343590758429,0.17673038892551085,0.39591836734693875,16.0,-5.0,-5.0,28.0,-11.0,-11.0,35.0,-8.0,-8.0,1.6343003243856273e-05,3.380243022927571e-05,5.409978177703513e-05,-0.005691631292037869,-0.006118531181955156,-0.005691232238909549,0.12195121951219512,0.09210803051633593,0.5,-0.5664849281311035
166,0,test,1.9400439120272068,0.8945954338237769,1.2304184419271447,4.589207322933324,2.116180922769348,2.9105760384897286,6.95905655020848,4.114382538302227,4.925826939465445,16.461768253251783,9.732642831983886,11.65212855335619,2.0967324640934484,0.9302086902581717,1.301677799086332,3.678478007181489,1.6319450706283716,2.2836452615549687,8.139530205960483,4.928718497564313,5.9249681534148335,14.279877554316638,8.646874557130374,10.394680970903217,2.0021718168580773,0.9002382712187358,1.2627566706111502,4.44927070412906,2.0005294915971903,2.8061259346914444,7.405121214461309,4.395140879092617,5.310411157327197,16.455824921025133,9.766979731316926,11.800913682949327,0.4974874371859297,-0.002512562814070307,-0.002512562814070307,0.3668341708542714,-0.0031658291457286047,-0.0031658291457286047,0.3065326633165829,-0.0034673366834171437,-0.0034673366834171437,0.3421052631578947,0.11144832885132538,0.1612645984462623,0.3460410557184751,0.36180904522613067,0.11619501013841138,0.16982240081878508,0.38888888888888884,0.34782608695652173,0.11243376642229808,0.166513517434831,0.35906040268456374,20.0,-10.0,-10.0,31.0,-16.0,-16.0,39.0,-17.0,-17.0,-0.00012368466663818185,0.00023194964869283725,0.00017445319721709173,-0.022451602966932604,-0.025266683324891126,-0.026740945042615927,0.09064327485380116,0.03455111090515658,0.5877192982456141,-0.7459650039672852
343,0,test,2.7110502377991064,1.2831330693894925,1.7544191077190896,4.608785404258481,2.1813262179621375,2.982512483122453,15.04506811965795,10.875063396717845,12.442155308109779,25.576615803418512,18.487607774420336,21.151664023786623,2.8571868856298126,1.3416733885558758,1.8398163276244053,4.499506906503642,2.11287147804075,2.897348547440009,17.412474691365603,12.860716850186574,14.646562303684007,27.421219986402523,20.253097401868622,23.065452446746466,2.710799421268848,1.2825581969683273,1.7543209670363287,4.608359016157041,2.180348934846156,2.982345643961758,15.041295041069697,10.869938784559636,12.438779601105697,25.570201569818483,18.478895933751378,21.145925321879684,0.6733668341708543,-0.001633165829145744,-0.001633165829145744,0.4974874371859297,-0.002512562814070307,-0.002512562814070307,0.3668341708542714,-0.0031658291457286047,-0.0031658291457286047,0.3579335793357934,0.0614326585254803,0.1284857265750572,0.3222222222222222,0.38190954773869346,0.08115766803944535,0.1498561253680758,0.33838383838383834,0.3579335793357934,0.0614326585254803,0.12971272044008786,0.3222222222222222,16.0,0.0,0.0,28.0,-1.0,-1.0,35.0,0.0,0.0,0.00022870424004499114,0.0005888510719344803,0.00016552598206699156,-0.00019024471046957814,0.00021210453193631906,5.782182176528039e-05,0.1070110701107011,0.09291175109612589,0.4354243542435424,-0.6255593299865723
433,0,test,2.4735509994942246,1.1486207530899089,1.578426618430491,4.320243184048132,2.006152685191279,2.7568410116422957,11.86450298089133,8.102580042695198,9.41686277026849,20.72224835703623,14.151766512926544,16.447260317934692,2.5218144121571546,1.1504378022847166,1.5804807487093755,3.9097897862901623,1.7836244996662276,2.4503577499370164,12.451167730877597,8.51039586222409,9.887769881225307,19.30413601686449,13.194412189494711,15.329875784845434,2.473772984873721,1.1488427384694053,1.5786578268842366,4.320630898238349,2.006540399381496,2.757244834626578,11.867137019436289,8.105214081240156,9.419519383476743,20.72684890380996,14.156367059700274,16.4519002930587,0.6030150753768844,-0.0019849246231156137,-0.0019849246231156137,0.46733668341708545,-0.002663316582914521,-0.002663316582914521,0.3517587939698492,-0.0032412060301507672,-0.0032412060301507672,0.40157480314960625,0.11866714106709153,0.18167951519149106,0.4189723320158103,0.4120603015075377,0.126346015793252,0.19169302270954103,0.43434343434343436,0.40157480314960625,0.11866714106709153,0.1829884157150513,0.4189723320158103,16.0,-5.0,-5.0,26.0,-9.0,-9.0,32.0,-8.0,-8.0,-0.00012590807991128702,-9.124699140840317e-05,-4.040856432580165e-05,-7.243603883999583e-05,-0.00013431153772813786,0.00011739929023413254,0.0984251968503937,0.05582456849480475,0.007874015748031496,-0.4457709789276123
495,0,test,2.1152179786046785,0.907380529263877,1.2974978621562445,3.8964541711138816,1.671490448643984,2.3901276408141348,8.291392915410672,4.945152507461445,6.026063656713205,15.27361852838808,9.109491461113187,11.100643578155903,2.2456015415774098,1.0088609856838409,1.3951024943019608,3.838635113807538,1.7245486934766507,2.38479058855036,9.44609606728602,6.001727645215517,7.105281329582192,16.147172764591488,10.259363496094903,12.145780050567852,2.1165698042410153,0.9368136875144562,1.317149168933363,3.943918889890091,1.7456155667971234,2.4543152216149626,8.302609012310274,5.049028400078528,6.078357110208904,15.4707000229384,9.408127453562475,11.32613126125883,0.5829145728643217,-0.002085427135678275,-0.002085427135678275,0.3919597989949749,-0.0030402010050251116,-0.0030402010050251116,0.2814070351758794,-0.003592964824120637,-0.003592964824120637,0.3407643312101911,0.09752108796694792,0.1426711108712081,0.31948881789137384,0.3668341708542714,0.08863868213246684,0.14312799389266873,0.35858585858585856,0.3411371237458194,0.09405865963897464,0.1386899602308027,0.31879194630872487,20.0,-9.0,-9.0,32.0,-15.0,-15.0,38.0,-17.0,-17.0,0.0007078581542618482,0.0003024054368965786,0.0001169658483643922,-0.021759668077669048,-0.020041381265743397,-0.022368275183373143,0.07961783439490445,0.09916486681877164,0.12738853503184713,-0.9852221012115479
385,0,test,3.0162169532452268,1.4316257915671609,1.9475789101730614,4.8259471251923625,2.290601266507457,3.116126256276898,20.413918614931895,15.536621669990364,17.50250703358168,32.662269783891034,24.858594671984584,28.00401125373069,3.089516877194462,1.4376404625321921,1.9744770539884242,4.716819659838873,2.194870935163652,3.0144687847151515,21.966462912590266,16.749703459669437,18.916773287407487,33.53658459937445,25.57206635064036,28.88056990443891,3.016234600248192,1.4316607028253958,1.947579978653058,4.825975360397107,2.2906571245206337,3.1161279658448935,20.41427886259286,15.537066119823965,17.50281901393877,32.66284618014858,24.85930579171835,28.004510422302037,0.7035175879396984,-0.001482412060301641,-0.001482412060301641,0.592964824120603,-0.0020351758793969443,-0.0020351758793969443,0.44723618090452266,-0.0027638190954772934,-0.0027638190954772934,0.4331983805668016,0.11198625935468043,0.19632085701363877,0.46341463414634143,0.4371859296482412,0.10385259631490784,0.19678526186860845,0.48484848484848486,0.4331983805668016,0.11198625935468043,0.19632085701363877,0.46341463414634143,21.0,-7.0,-7.0,30.0,-5.0,-5.0,37.0,-2.0,-2.0,-9.289638711535094e-05,-2.505985790688411e-06,0.00014932958227266126,-2.39265858157367e-05,-9.583520108336074e-05,-0.00011149550017286458,0.10526315789473684,0.15260465304739287,0.8421052631578947,-0.4792616367340088
311,0,test,2.3919566737355513,1.116457256999934,1.5278732650622464,4.1560247206155205,1.9398444840373852,2.6546797980456533,10.934868995185324,7.354379875338838,8.562038821823812,18.9993348791345,12.77823503340123,14.876542452918875,2.461272526549052,1.1337667438138221,1.5540206408529684,3.8457383227328936,1.771510537209097,2.428157251332763,11.719715704378352,7.94809130911602,9.24221100090436,18.312055788091175,12.418892670493783,14.440954688913063,2.3919297635672168,1.1166042748895915,1.527867000973958,4.15597796419804,1.9400999276206656,2.6546689141922526,10.934574739979194,7.35470831349849,8.561793555753658,18.99882361071385,12.778805694703625,14.87611630312198,0.5879396984924623,-0.002060301507537776,-0.002060301507537776,0.42211055276381915,-0.0028894472361808976,-0.0028894472361808976,0.3417085427135679,-0.003291457286432098,-0.003291457286432098,0.3898916967509025,0.11421602107522688,0.17260478198499618,0.39492753623188404,0.39698492462311563,0.13382702988627349,0.17995654398872496,0.40909090909090906,0.3898916967509025,0.11421602107522688,0.17260478198499618,0.39492753623188404,24.0,-9.0,-9.0,37.0,-14.0,-14.0,42.0,-9.0,-9.0,0.00043797795840312833,0.0003515576203073813,2.771646929796694e-05,-0.00023182424163081805,0.0001888633816387042,3.6794479953528025e-05,0.18050541516245489,0.038934562087001925,0.36101083032490977,-0.6614103317260742
243,0,test,2.2782533732638535,1.0649191508351739,1.458460016080727,3.9933429913388894,1.8665998598908664,2.5564018259392522,9.759619102339924,6.394934524903591,7.489588398816402,17.106748089494697,11.20909871780854,13.127817867588298,2.4444658358211955,1.118749952882045,1.5388737918848183,3.6758884749190908,1.6823307562136014,2.3140959276463433,11.524392037002116,7.759512433424408,9.05099618832708,17.329912837597167,11.668439749510389,13.610520583950496,2.355788881870582,1.0989063369000476,1.510376475433324,3.9928625116450545,1.8625531133899114,2.559960127853092,10.546445480487908,7.031997222907142,8.217507394883782,17.875331322860863,11.918639360859565,13.927978635396244,0.6130653266331658,-0.001934673366834172,-0.001934673366834172,0.42211055276381915,-0.0028894472361808976,-0.0028894472361808976,0.3266331658291457,-0.0033668341708542604,-0.0033668341708542604,0.37299035369774924,0.09209147729325484,0.1580170916656637,0.3709677419354839,0.371859296482412,0.07862621377564505,0.14648367043900634,0.398989898989899,0.37792642140468224,0.08911173025276242,0.16101874621002155,0.38590604026845643,15.0,-2.0,-2.0,23.0,0.0,0.0,35.0,-5.0,-5.0,0.00038815122646277165,0.00016299467071993518,0.00021269352791545136,-0.013814321134287155,-0.018099102033087178,-0.021836903558487997,0.08038585209003216,0.16696609333717163,0.9903536977491961,-0.9906249046325684
278,0,test,1.8500190146965085,0.848530363905315,1.1766677585498155,3.7448869752038414,1.7176311608750012,2.3818607960947777,6.359940453789634,3.637609039474223,4.399142997112396,12.874061282216593,7.363402540511457,8.904931885063878,1.9411256208211758,0.8318301600139004,1.1892570667609228,2.9189858959716926,1.2508724210735342,1.7883564913698085,6.966588295719841,3.9343669727841046,4.845628852080873,10.476072625142617,5.916341312457299,7.286659927941161,1.868067031738516,0.8505296272761795,1.1777652714319475,3.615613609816482,1.6461863753732504,2.2795456866424786,6.4757668417955205,3.7093929329313475,4.481449593559632,12.533742274442941,7.179470192770349,8.673773406889609,0.5376884422110553,-0.0023115577889447625,-0.0023115577889447625,0.321608040201005,-0.0033919597989949812,-0.0033919597989949812,0.2160804020100503,-0.003919597989949675,-0.003919597989949675,0.34534534534534533,0.0904727816272044,0.14554514554514553,0.34036144578313254,0.33668341708542715,0.06600672535610386,0.12299393461464248,0.3484848484848485,0.3411371237458194,0.08404196514815665,0.1386899602308027,0.3355704697986577,18.0,-9.0,-9.0,25.0,-12.0,-12.0,33.0,-16.0,-16.0,0.0004361818609889051,4.8290989113732475e-05,0.000133329416399216,-0.016404333082506106,-0.016536403844323644,-0.018140020703830473,0.07507507507507508,0.13062860727655445,0.1831831831831832,-0.7746598720550537
318,0,test,2.1658485277762964,1.0079115600715969,1.328348364065647,4.171263831272867,1.941163004582335,2.5583005530153207,8.721999636778612,5.538640512355592,6.411415966553987,16.797925226388436,10.667011357129287,12.34791223188175,2.9303916060995414,1.3355412116738405,1.8374260507308964,4.65141524777705,2.119906685196572,2.9165492868744387,18.73496578718388,13.80737396541617,15.75185824858463,29.738040932037908,21.9164666117717,25.002949600927984,2.288822121375348,1.0608633430547483,1.4536738766116812,4.039097861250615,1.8721117818613209,2.5653068410794377,9.863313050704633,6.449059879738265,7.5581573004766,17.405846560067,11.38069390542047,13.337924647899884,0.6834170854271358,-0.0015829145728643024,-0.0015829145728643024,0.5025125628140703,-0.0024874371859296973,-0.0024874371859296973,0.40201005025125625,-0.002989949748743781,-0.002989949748743781,0.3471074380165289,0.10639216979094424,0.154536568026304,0.3066298342541437,0.40703517587939697,0.11380209317263001,0.1766512025905823,0.4191919191919192,0.36454849498327757,0.10411443822200883,0.16543837262510186,0.3221476510067114,24.0,-14.0,-14.0,32.0,-11.0,-11.0,44.0,-18.0,-18.0,0.0007293029955724844,0.0006968690875590261,0.0005116173462112183,-0.04892002852621413,-0.058839656883203695,-0.05976956094157426,0.07713498622589532,0.16086698133791286,0.5399449035812672,-1.1764681339263916
179,0,test,2.085357416279582,0.9526269019588607,1.3134893046479923,3.819113872837607,1.7446364774246574,2.4055182032797537,8.047467263550848,4.943346478353646,5.883662554337407,14.738094116386728,9.053221748147665,10.77531223614118,2.393156143258851,1.082585497593788,1.5034366578927454,3.9556299888576048,1.7893975166839473,2.4850192692442077,10.947992906578717,7.239703678858206,8.513546248992117,18.095856043931764,11.966452361749102,14.071977271061352,2.171117371402034,0.9968431969533016,1.3703760973944734,3.876995306075061,1.78007713741661,2.4471001739187024,8.768075766337168,5.532282296629177,6.540884490597458,15.657278154173513,9.879075529694958,11.680150876066888,0.5678391959798995,-0.0021608040201005485,-0.0021608040201005485,0.40201005025125625,-0.002989949748743781,-0.002989949748743781,0.3015075376884422,-0.0034924623115578646,-0.0034924623115578646,0.356687898089172,0.1023158790112706,0.1628319658857822,0.33226837060702874,0.3668341708542714,0.0911449477966273,0.1581530356288957,0.36868686868686873,0.35785953177257523,0.0940865768477005,0.15986175646667977,0.3489932885906041,18.0,-6.0,-6.0,27.0,-8.0,-8.0,36.0,-10.0,-10.0,0.0008561934347004707,0.00020148081284717708,0.00026328098003390495,-0.028405767420774275,-0.02897895180932153,-0.03277437156354868,0.07961783439490445,0.06635430107647221,0.0031847133757961785,-1.107926368713379
388,0,test,2.7277402103449355,1.2091780810205317,1.7026686940943396,4.506045982835004,1.9974820233433093,2.8126957985315335,15.298277040802127,10.732621389980856,12.51098225049131,25.271739420993566,17.729578981239094,20.66731322042487,2.918965841145354,1.3052412357071184,1.8288830387852482,4.38942231751181,1.962768775499426,2.7502000583236814,18.522122734537,13.500643264461019,15.547602374864688,27.8528161421609,20.30171919467822,23.379853195285243,2.7274156328999983,1.2088776713926166,1.7022172651571912,4.505509802414914,1.996985766554654,2.8119500678563543,15.293312370881806,10.72776706065754,12.505663985641057,25.26353811543458,17.72155995103096,20.658527799484396,0.6180904522613065,-0.0019095477386934512,-0.0019095477386934512,0.4773869346733668,-0.0026130653266331905,-0.0026130653266331905,0.3668341708542714,-0.0031658291457286047,-0.0031658291457286047,0.3926174496644296,0.09781007948017495,0.16493887823585818,0.37037037037037035,0.38190954773869346,0.1037140590168889,0.1615422689406968,0.3787878787878788,0.3926174496644296,0.0994851213562219,0.16493887823585818,0.367003367003367,18.0,-8.0,-8.0,30.0,-15.0,-15.0,37.0,-15.0,-15.0,0.001043435088264364,0.0001936787989593591,-1.7958279685668685e-05,-0.004164545041596135,-0.003388809423027439,-0.004225001702156561,0.087248322147651,0.09996237680339765,0.3221476510067114,-1.0608129501342773
476,0,test,2.123643245401715,0.9090437388531478,1.2976207550312235,3.6374197126367833,1.557028762958725,2.222591447079121,8.3615452238191,4.992600669946571,6.077330064136145,14.32182617823374,8.55142883980592,10.409375597033192,2.7111626593148404,1.2290152407754051,1.6977694391762386,3.9009534666400585,1.7683672529142522,2.442833725433437,15.046759604098124,10.64437029409838,12.291826336184503,21.650013818846222,15.315640710932922,17.686081059258278,2.1433173199730637,0.9273942676575029,1.315873211723487,3.5921519329157494,1.5542920686997257,2.2053740978605925,8.527679801354134,5.154273343062091,6.240215051269874,14.292200784392403,8.63844694367948,10.458460979781911,0.6130653266331658,-0.001934673366834172,-0.001934673366834172,0.4522613065326633,-0.0027386934673366836,-0.0027386934673366836,0.35678391959798994,-0.0032160804020100464,-0.0032160804020100464,0.33933933933933935,0.0994592793693243,0.14653214653214652,0.32228915662650603,0.3919597989949749,0.11627057593733081,0.17660086744238723,0.40909090909090906,0.3377926421404682,0.10406977068804757,0.1486936432528153,0.31879194630872487,18.0,-7.0,-7.0,34.0,-16.0,-16.0,40.0,-14.0,-14.0,0.001384081203959866,0.00025740353777678894,0.0006253475388441976,-0.08058433502253326,-0.06926609232310899,-0.07710852248460132,0.0990990990990991,0.1275300954172553,0.5735735735735735,-0.99759840965271
199,0,test,2.2935373570238426,1.040144262697759,1.2060324024733193,3.9778538535882273,1.804000205616426,2.0917124480396634,9.909930716280277,6.407724580874317,6.943068342599698,17.187536086048606,11.113397319953894,12.041884156696351,2.3437321772997257,1.0303308568002478,1.4339525711933692,3.1249762363996343,1.3737744757336638,1.9119367615911589,10.420053569092039,6.701252509606094,7.936278504891773,13.893404758789385,8.93500334614146,10.58170467318903,2.416078338180524,1.071618367132173,1.5024460284207524,3.501562808957282,1.5530700972930047,2.1774580122039895,11.201843222306184,7.36572885399312,8.708480451404945,16.234555394646645,10.674969353613218,12.620986161456443,0.5577889447236181,-0.00221105527638199,-0.00221105527638199,0.4120603015075377,-0.0029396984924623393,-0.0029396984924623393,0.3417085427135679,-0.003291457286432098,-0.003291457286432098,0.3792325056433409,0.11203972097592263,0.13583074611254908,0.36877828054298645,0.38190954773869346,0.12125791866601177,0.16655061618610578,0.3737373737373737,0.3745819397993311,0.11581733211986533,0.16879773512747343,0.37583892617449666,25.0,-11.0,-11.0,35.0,-14.0,-14.0,42.0,-12.0,-12.0,0.0005429311516089351,0.00011262940242956846,4.735676465712672e-05,-0.030771477083709087,-0.036160681515224447,-0.03367447238222887,0.056433408577878104,0.10948255521173238,0.08126410835214447,-0.9773094654083252
369,0,test,2.9731458670646163,1.383484293629584,1.9055584093639053,5.103160816603446,2.3746372204089874,3.270734583236554,19.553335135826575,14.651245485617498,16.64498063475092,33.561694636120244,25.14766016188078,28.56974288054262,2.9499766109662624,1.3814364919779665,1.8864970582993108,4.758026791881068,2.2281233741580104,3.04273719080534,19.105506863661194,14.305870684715035,16.209075101175294,30.815333651066442,23.073984975346832,26.143669518024673,2.97291451114052,1.3828859046058481,1.9054531671008998,5.1027637131516395,2.3736101347712326,3.2705539435313957,19.548811879168348,14.644922669571514,16.640824138199353,33.55393083737851,25.13680756717499,28.562608595416805,0.6934673366834171,-0.0015326633165829717,-0.0015326633165829717,0.5577889447236181,-0.00221105527638199,-0.00221105527638199,0.3869346733668342,-0.0030653266331658324,-0.0030653266331658324,0.39301310043668125,0.07710896100313003,0.1520842179983648,0.39035087719298245,0.3919597989949749,0.07867659097492474,0.15155913121534215,0.38383838383838387,0.39301310043668125,0.07928761024060282,0.1520842179983648,0.39035087719298245,20.0,0.0,0.0,30.0,1.0,1.0,38.0,0.0,0.0,0.00012021735428976501,-0.0001221030961908809,-1.583154727877704e-05,0.00010081200767153575,3.1039502799146135e-06,-2.9945133013242753e-05,0.11353711790393013,0.09121946193597463,0.35807860262008734,-0.5268192291259766
189,0,test,1.6195947423009607,0.7077768233612034,0.8500739924831164,3.3476790845646653,1.4629645344116742,1.757090740443571,5.05104292769721,2.562199989706844,2.892311494294101,10.440433228541602,5.296030600733763,5.978366342272974,2.111504238976874,0.9602966813311504,1.3167137661054866,3.6721812851771722,1.67008118492374,2.2899369845312814,8.260657947130206,5.098649033887245,6.046680887184298,14.366361647182968,8.867215711108255,10.51596676032052,2.03854155011786,0.8784206633128024,1.2458258788136423,3.6187128108601065,1.5593266212653298,2.2115252286632705,7.6794010060797655,4.489082085812309,5.470012747135599,13.63207279185757,7.968784767714157,9.710081799648991,0.5477386934673367,-0.002261306532663321,-0.002261306532663321,0.36180904522613067,-0.0031909547738693256,-0.0031909547738693256,0.29145728643216084,-0.0035427135678391952,-0.0035427135678391952,0.3410672853828306,0.10120633520901834,0.1328561416878159,0.2906976744186046,0.35678391959798994,0.08861349353282699,0.14977223345441737,0.3787878787878788,0.36454849498327757,0.09910609097659973,0.1643260255728215,0.3691275167785235,22.0,-10.0,-10.0,35.0,-13.0,-13.0,40.0,-13.0,-13.0,0.0006146463663662551,0.0007680847943758334,0.0004314250831863321,-0.06756734186088398,-0.07192613789896729,-0.0809347422925919,0.06496519721577726,0.025954743374032443,0.8816705336426914,-1.3632766008377075
452,0,test,2.7340453245791436,1.2701315295002167,1.7430019872988576,4.4409354995926416,2.063086572779357,2.831174498706431,15.395039152655045,11.072193959135364,12.70099534976599,25.006306689947973,17.98466864080551,20.63034603774144,2.8582170955636883,1.3365224474105535,1.8192324683160686,4.431344334207268,2.0721278254427182,2.820515454753594,17.430422439152657,12.850442361985476,14.604076676725873,27.02391075837621,19.92316645269066,22.64197934376104,2.734092164425905,1.270127655766985,1.7431670983552374,4.441011581995668,2.0630802806380855,2.831442690146076,15.395760270818238,11.072695844784054,12.70203507690701,25.00747800895338,17.985483858378515,20.632034876301994,0.6733668341708543,-0.001633165829145744,-0.001633165829145744,0.5175879396984925,-0.002412060301507535,-0.002412060301507535,0.35678391959798994,-0.0032160804020100464,-0.0032160804020100464,0.378839590443686,0.09945287834828564,0.16431064606230117,0.3938356164383562,0.36180904522613067,0.07108222818352417,0.12808617377371,0.40909090909090906,0.3822525597269625,0.10286584763156215,0.16658854156578196,0.3938356164383562,23.0,-9.0,-9.0,32.0,-10.0,-10.0,42.0,-11.0,-11.0,0.0007574625198550508,-0.00015191811645638869,-3.014494504648115e-06,-0.0486068210215338,-0.03810924276655303,-0.0447467787392144,0.08873720136518772,0.19254611276087968,0.0034129692832764505,-1.0052995681762695
218,0,test,2.0508031483670703,0.9343940352807949,1.2884802860508868,3.976557324272734,1.811812824507883,2.49839470100111,7.774142389398534,4.720273994753677,5.630893474441172,15.074251706272767,9.152726404461397,10.918439785806662,2.4361914658890003,1.1122109292070237,1.5374609346129997,3.8979063454224003,1.779537486731238,2.4599374953807995,11.429428378074546,7.671076478673969,8.972945675091312,18.287085404919274,12.273722365878353,14.3567130801461,2.07897842985311,0.9406614221099634,1.3003057783379846,3.922600811043604,1.7748328719055912,2.4534071289395936,7.996295963144033,4.874785499160886,5.817717350684399,15.087350873856666,9.197708488982803,10.976825189970564,0.5979899497487438,-0.0020100502512562235,-0.0020100502512562235,0.4623115577889447,-0.002688442211055242,-0.002688442211055242,0.29648241206030146,-0.0035175879396985854,-0.0035175879396985854,0.3690851735015773,0.10294344121811272,0.16656681043756894,0.3291139240506329,0.40201005025125625,0.10877696754448929,0.17997332237145658,0.38888888888888884,0.36789297658862874,0.0991116744183449,0.16322111896905145,0.325503355704698,20.0,-8.0,-8.0,27.0,-9.0,-9.0,36.0,-11.0,-11.0,0.001188995449033964,0.00032931687461481093,0.0002685629825632133,-0.0220341104101216,-0.020691695375647967,-0.024731905276178523,0.07886435331230283,0.15334293071962646,0.637223974763407,-1.0080881118774414
66,0,test,2.1509631797650974,0.9936162404020328,1.360887071800679,3.6856391563390716,1.7025446815877527,2.3318570612315,8.59313114250317,5.411649736177239,6.389567013848761,14.72418538462622,9.272770615359876,10.948415388898159,2.3047422234734922,1.0440045889659153,1.4442787275754096,3.573243757323244,1.6186117658386285,2.2391918256983097,10.021594587592327,6.493571668349104,7.657338324722196,15.537355949755545,10.067552974184657,11.87184236391038,2.1821421968782024,1.0070397235063162,1.3887177044521168,3.6985460964037333,1.7068469889937565,2.353758821105283,8.865277100756453,5.626802316490274,6.6543222255881975,15.025893391112632,9.536953078797074,11.278512246759657,0.6080402010050252,-0.001959798994974782,-0.001959798994974782,0.44221105527638194,-0.0027889447236180143,-0.0027889447236180143,0.29145728643216084,-0.0035427135678391952,-0.0035427135678391952,0.375,0.10899014778325122,0.16931072210065645,0.4092409240924092,0.39698492462311563,0.09623304492386753,0.17160929857970997,0.4696969696969697,0.3812709030100334,0.11082015175794657,0.1721496571813349,0.4161073825503355,14.0,-1.0,-1.0,24.0,-5.0,-5.0,33.0,-8.0,-8.0,-1.5898682903365193e-05,-0.00018493007823354413,0.00013058077777019575,-0.01785866838266781,-0.01767234974298937,-0.02133356109384721,0.11842105263157894,0.06209778973091823,0.8453947368421053,-0.9765124320983887
309,0,test,2.8600860222450923,1.3535223635890226,1.842941535282109,4.481240772181251,2.1207262839643675,2.8875581658798026,17.463029080937805,12.951826982574135,14.697741915277986,27.361428053082278,20.293185133987127,23.02872005158763,2.729213439752311,1.2082468744932926,1.6897825542220477,3.8712247372373207,1.713825353891195,2.396854686839784,15.320831522304161,10.744184836646635,12.493224198201041,21.731675918161933,15.239978491697359,17.72088538751921,2.7405369699675703,1.2763304090463308,1.7510333840210248,4.2820890155743285,1.9942662641348918,2.7359896625328513,15.495303375358015,11.171192415146482,12.80540453808053,24.211411523996897,17.454988148666377,20.008444590750827,0.6080402010050252,-0.001959798994974782,-0.001959798994974782,0.507537688442211,-0.0024623115577889765,-0.0024623115577889765,0.40703517587939697,-0.00296482412060306,-0.00296482412060306,0.4247787610619469,0.13317345914736667,0.20495540483034724,0.4349112426035503,0.4371859296482412,0.14896537826979506,0.22182699809565354,0.43434343434343436,0.4247491638795987,0.14261226905489088,0.21006618278949862,0.4161073825503355,20.0,-11.0,-11.0,31.0,-15.0,-15.0,37.0,-17.0,-17.0,0.00035126969810865305,-0.00011749302354559301,-0.0001274261368452501,0.0003490780111610192,-5.1295171446419374e-05,0.00017032920177317834,0.08849557522123894,0.0795351963817204,0.011799410029498525,-0.7871320247650146
23,0,test,1.958959440288407,0.8272446222225835,1.1904922534000297,3.4545091205085887,1.4587969682204698,2.099362683415106,7.09194363355015,3.9909740915853362,4.93548536189021,12.506223181744351,7.037846785161239,8.703436552150478,2.1619967297493274,0.9573085475614893,1.344591521318152,3.3781198902333243,1.4957946055648272,2.1009242520596128,8.68846887410536,5.352750094753116,6.423852873441957,13.575732615789626,8.363672023051745,10.037270114753058,2.0370429178886607,0.9169180582650618,1.2576635313920832,3.5324443662809144,1.5900313149105116,2.1809194185989877,7.667901027502689,4.602664123776059,5.487782193127542,13.296938197981541,7.981498480536519,9.516385306001517,0.5728643216080402,-0.0021356783919597166,-0.0021356783919597166,0.42211055276381915,-0.0028894472361808976,-0.0028894472361808976,0.27135678391959794,-0.0036432160804020786,-0.0036432160804020786,0.3914373088685015,0.1303686065784252,0.1889958032733845,0.38957055214723924,0.40703517587939697,0.12382715582927162,0.1883373461632033,0.43939393939393945,0.39799331103678925,0.12253421253929342,0.18664737110353002,0.40604026845637586,15.0,-4.0,-4.0,23.0,-4.0,-4.0,33.0,-9.0,-9.0,7.21738150373216e-05,7.675693549128004e-05,0.00028053614137309667,-0.017982811638830754,-0.021483679818167012,-0.02293377024772969,0.07951070336391437,0.10067975929764009,0.7033639143730887,-1.2872883081436157
428,0,test,2.3667367391494714,1.0387498036810527,1.468905025048126,3.500568758369916,1.536383430560813,2.172613013792112,10.662540798339526,6.889101239040302,8.208265032234015,15.770641738939393,10.189461367510773,12.14059665232752,2.460054664565447,1.1340125225105309,1.5504334286670083,3.5652966153122425,1.6434964094355522,2.247004969082621,11.705451395905891,7.939343265639637,9.222069656532675,16.96442231290709,11.506294587883534,13.365318342800977,2.307765569111476,1.0089568364342574,1.428304369644855,3.427374607591301,1.4984507471795903,2.121244113333943,10.051939179855667,6.387011022905524,7.642338117599698,14.928622544340099,9.485659935008204,11.350007105346085,0.5979899497487438,-0.0020100502512562235,-0.0020100502512562235,0.40703517587939697,-0.00296482412060306,-0.00296482412060306,0.3316582914572864,-0.0033417085427135396,-0.0033417085427135396,0.362776025236593,0.1123823244491915,0.16340561600259518,0.36392405063291144,0.371859296482412,0.11120766740973032,0.15816981401162733,0.38383838383838387,0.35451505016722407,0.10242823881497032,0.15540492780904835,0.3557046979865772,19.0,-2.0,-2.0,29.0,-4.0,-4.0,38.0,-4.0,-4.0,0.00044776366542052137,0.00015896999834474126,0.00012985562818340724,-0.05787228842451775,-0.049577907820545164,-0.05954228287211105,0.07886435331230283,0.2029251387347261,0.2113564668769716,-0.9683091640472412
17,0,test,2.34553793054922,1.076212881486336,1.4756221511611693,4.020922166655805,1.8449363682622901,2.529637973419147,10.438886613482406,6.880436640994429,8.052176778585807,17.895234194541267,11.795034241704734,13.803731620432812,2.351029649989464,1.0596329753018983,1.4680123639627736,3.7317930952213714,1.6819571036538066,2.330178355496466,10.496371751683295,6.8585078300138775,8.078186685790655,16.660907542354437,10.886520365101394,12.822518548874058,2.34547615580096,1.0758939007769142,1.475745222285449,4.020816267087359,1.8443895441889953,2.529848952489341,10.43824177380735,6.878876429059398,8.051973071600647,17.894128755098315,11.792359592673254,13.803382408458255,0.6080402010050252,-0.001959798994974782,-0.001959798994974782,0.457286432160804,-0.0027135678391959628,-0.0027135678391959628,0.2814070351758794,-0.003592964824120637,-0.003592964824120637,0.3712374581939799,0.08075331796025709,0.14876804773791763,0.3523489932885906,0.36180904522613067,0.06606969685520336,0.136433419182725,0.33333333333333337,0.3712374581939799,0.08075331796025709,0.14876804773791763,0.3523489932885906,22.0,-6.0,-6.0,31.0,-7.0,-7.0,37.0,-9.0,-9.0,0.0005315946182917638,0.0002834405833807658,-2.2113659517983798e-05,-0.021415220223182097,-0.020620411160587437,-0.021607162834161642,0.08361204013377926,0.04435662136313795,0.13043478260869565,-1.1638963222503662
402,0,test,2.2893027836527904,1.065009120252214,1.464554472561455,4.1572614966946375,1.9340042919917502,2.659559042197489,9.868055112792593,6.466292668107849,7.586748599273381,17.91990376310802,11.742470121226523,13.777163100520985,2.4488818143031255,1.0729465783470116,1.521525231983281,3.9182109028850007,1.7167145253552185,2.43444037117325,11.575396037654373,7.616618654547835,9.04757777906417,18.520633660246997,12.186589847276535,14.47612444650267,2.2887725576817,1.0644784382808894,1.4640866985670093,4.156298632354499,1.9330405995775664,2.658709587581809,9.862824200592943,6.461060204703373,7.581660154726093,17.910404683285346,11.732968224492016,13.767922734962722,0.5326633165829145,-0.0023366834170853723,-0.0023366834170853723,0.42713567839195976,-0.002864321608040288,-0.002864321608040288,0.3266331658291457,-0.0033668341708542604,-0.0033668341708542604,0.3627118644067797,0.11398089993977467,0.16992719698851588,0.3639455782312925,0.37688442211055273,0.11873905870203139,0.18155887953960115,0.398989898989899,0.3627118644067797,0.11398089993977467,0.16992719698851588,0.3639455782312925,17.0,-6.0,-6.0,24.0,-11.0,-11.0,36.0,-16.0,-16.0,0.000588728288028532,9.634972917630298e-05,4.477081044589148e-05,-0.006385439703610274,-0.004391886451269755,-0.0054318903331136426,0.08813559322033898,0.0792643240785323,0.4745762711864407,-1.0598313808441162
473,0,test,1.9865555522532659,0.8801192371270392,1.204521679526204,4.476553265009072,1.9832823905123007,2.7142988531789114,7.29037913529499,4.266814992891048,5.1044655178098335,16.42832010624693,9.614946114117497,11.502528461365994,2.6438432922295028,1.2183266772517751,1.6728974244116146,4.941763163045799,2.277246125704252,3.1269110736665686,14.067164070763441,9.907157661427552,11.426723284228153,26.293764618249423,18.5180517036029,21.358361278931127,2.1142542888233082,0.962026195423805,1.3345806158943017,4.841803714862539,2.2031134246346684,3.056291486780844,8.283406433648283,5.118168930089875,6.1026459254657786,18.969633054156375,11.720997549824144,13.975525020150641,0.6633165829145728,-0.0016834170854271857,-0.0016834170854271857,0.4773869346733668,-0.0026130653266331905,-0.0026130653266331905,0.3517587939698492,-0.0032412060301507672,-0.0032412060301507672,0.3628048780487805,0.11775160559824771,0.17416390441794882,0.27828746177370034,0.37688442211055273,0.07863880807546497,0.14149210157632908,0.36868686868686873,0.3745819397993311,0.11414788303806234,0.1765841644934356,0.2986577181208053,19.0,-3.0,-3.0,30.0,-3.0,-3.0,38.0,-2.0,-2.0,0.0012804744708952791,0.0006858930365701432,0.000772783647165845,-0.059201119628869314,-0.06725076575261113,-0.08078872800947856,0.07926829268292683,0.13299555121429044,0.7164634146341463,-0.7999601364135742
263,0,test,2.6478628662660983,1.2532659083555542,1.4892286523892506,4.628289224919667,2.1906259472495844,2.6030732229779048,14.123821872059471,10.09047323632741,10.93824238869394,24.68750682595519,17.637480078373944,19.119324505857588,2.8233583641074382,1.2897443502240344,1.7875121408285217,4.213967707623042,1.9249915674985592,2.6679285684007787,16.83328816104688,12.198390988004274,14.01579870876912,25.124310688129672,18.206553713439213,20.91910255040167,2.6320319967824,1.200349760530934,1.6726253561588786,4.2225112247846,1.9256948029908032,2.6833561863511424,13.901990019814864,9.716255352620369,11.291842761316714,22.302657785799248,15.587575432011288,18.115255766818258,0.6080402010050252,-0.001959798994974782,-0.001959798994974782,0.4824120603015075,-0.0025879396984924696,-0.0025879396984924696,0.371859296482412,-0.003140703517587995,-0.003140703517587995,0.39573459715639814,0.11407779242267035,0.14940028630595825,0.39667458432304037,0.37688442211055273,0.09117013639626703,0.15818659239435906,0.4040404040404041,0.3946488294314381,0.10917303644312426,0.179965848341338,0.3959731543624161,16.0,0.0,0.0,27.0,-3.0,-3.0,35.0,1.0,1.0,9.376774005458043e-05,1.631212213634601e-05,-5.440929147574517e-05,-0.0031988220233438724,-0.0020776397231117016,-0.00342343550928792,0.05924170616113744,0.12652202610923782,0.002369668246445498,-0.8326318264007568
330,0,test,2.080138257541888,0.9879343044515958,1.3454264915971126,3.906926342690854,1.8555432769507538,2.5269869361407307,8.005575668999391,5.024739206959792,5.920694696804739,15.036113275748855,9.437490946405248,11.120279142075567,2.1897720795713576,1.032849707883671,1.39994907317232,3.8082992688197526,1.7962603615368193,2.434694040299687,8.933176829159986,5.753045890296296,6.7301703554613095,15.535959702886935,10.0052972005153,11.704644096454452,2.080239706565582,0.9880359559899785,1.3455001417062973,3.907116884767407,1.8557341993914336,2.5271252661534938,8.006387868032824,5.025552009656332,5.92144893760468,15.037638752138573,9.43901755659811,11.121695761013918,0.5728643216080402,-0.0021356783919597166,-0.0021356783919597166,0.3919597989949749,-0.0030402010050251116,-0.0030402010050251116,0.2864321608040201,-0.003567839195979916,-0.003567839195979916,0.37671232876712324,0.11175506380985833,0.17625674790151957,0.35051546391752575,0.3668341708542714,0.09866374478910844,0.16149193379250182,0.3434343434343434,0.37671232876712324,0.11175506380985833,0.17625674790151957,0.35051546391752575,20.0,-8.0,-8.0,33.0,-16.0,-16.0,41.0,-18.0,-18.0,0.00045264678874942744,0.00034929300826241,9.710069945269615e-05,-0.022121181308559557,-0.020618029154106488,-0.019548182434210304,0.0958904109589041,0.058984948561647654,0.14383561643835616,-0.5266740322113037
260,0,test,2.4268947488810433,1.1033991570412827,1.5302431360169968,4.548611116166266,2.0680475218797687,2.8680604884629934,11.32366460656079,7.567134858671862,8.872283426035594,21.22339534044028,14.18271383691193,16.628890493108628,2.712013732796441,1.2482640280350372,1.7261518928976896,4.635920910763147,2.1337846633077557,2.950686996406307,15.059570953107595,10.737435038433835,12.379450228780936,25.742856330098455,18.35458980928861,21.161453382531516,2.4616523057443547,1.1331056030630362,1.5666164243432352,4.5869297622565615,2.1113769001174587,2.9191610391488854,11.72416745386515,7.948615055526931,9.276743848990243,21.846274758754937,14.811083954398008,17.285858103708527,0.6281407035175879,-0.0018592964824121205,-0.0018592964824121205,0.5276381909547738,-0.002361809045226204,-0.002361809045226204,0.39698492462311563,-0.0030150753768843908,-0.0030150753768843908,0.40384615384615385,0.1302461538461539,0.19808922420862718,0.405144694533762,0.4371859296482412,0.13894031561315345,0.21681865085024454,0.4949494949494949,0.40802675585284276,0.13423710643714992,0.20335489823326547,0.412751677852349,15.0,-2.0,-2.0,25.0,-4.0,-4.0,35.0,-5.0,-5.0,0.0004361462958584316,-0.00019775560566880909,0.000267112101783359,-0.016777689949527996,-0.014669377011784057,-0.01745544673454802,0.08012820512820513,0.10898892501410672,0.7019230769230769,-1.0846152305603027
496,0,test,1.598064911775477,0.6893558068114961,0.8395057487091282,3.032772077013905,1.308244131148928,1.5931953542168786,4.9434571371757015,2.4623395343575614,2.808259605554787,9.381583100328998,4.672973249647461,5.329452673652862,2.2878387829069062,1.0400378321758292,1.4356318821781562,3.66054205265105,1.664060531481327,2.29701101148505,9.85361884268058,6.370942888199301,7.508802920697777,15.765790148288929,10.193508621118882,12.014084673116443,1.8684995306036378,0.83942280637054,1.1721251801851984,3.3565859831203078,1.5079451611446828,2.105614096141075,6.478568209355869,3.6800873373631258,4.472103443801286,11.638146483872818,6.610935336580465,8.033718761319674,0.5326633165829145,-0.0023366834170853723,-0.0023366834170853723,0.42211055276381915,-0.0028894472361808976,-0.0028894472361808976,0.321608040201005,-0.0033919597989949812,-0.0033919597989949812,0.33333333333333337,0.11176240719030872,0.13685239491691104,0.30352941176470594,0.39698492462311563,0.13132076422211314,0.19998993297036105,0.4242424242424242,0.35451505016722407,0.12413107687840941,0.1787642159069348,0.34563758389261745,19.0,-8.0,-8.0,30.0,-12.0,-12.0,39.0,-16.0,-16.0,0.0003361998175093451,0.0011378431148961862,0.00019779574384403247,-0.06340232788046407,-0.08239591976773841,-0.07243798580224325,0.06572769953051644,0.17011023536722175,0.4507042253521127,-1.2983908653259277
324,0,test,2.1358451408635264,0.9588997499164529,1.269992882283923,3.9726719620061592,1.7835535348446023,2.362186761048097,8.464196923578319,5.219748394346363,6.0871658555062105,15.743406277855675,9.708732013484237,11.322128491241553,3.088927641580501,1.449001231781442,1.965094161354854,4.576189098637779,2.1466684915280623,2.9112506094145982,21.953523302943218,16.798733146710212,18.87689749297256,32.523738226582545,24.887012069200317,27.96577406366305,2.498540584825276,1.1669920487678158,1.6012539184742063,4.307828594526338,2.012055256496234,2.7607826180589767,12.164727611544388,8.37782460621137,9.71178917843547,20.97366829576619,14.444525183123051,16.744464100750815,0.6432160804020101,-0.001783919597989958,-0.001783919597989958,0.5477386934673367,-0.002261306532663321,-0.002261306532663321,0.44221105527638194,-0.0027889447236180143,-0.0027889447236180143,0.3584905660377359,0.12834251758551518,0.17764990132610348,0.27567567567567564,0.4321608040201005,0.13140892432085238,0.21346297430390682,0.398989898989899,0.4013377926421404,0.14424263404447768,0.21668818196360873,0.325503355704698,26.0,-6.0,-6.0,34.0,-2.0,-2.0,45.0,-3.0,-3.0,0.0008800352315588431,0.0013895807021002064,0.0005039041429958431,-0.07396529867263268,-0.1012762775413103,-0.08807893936067757,0.07008086253369272,0.16232372788440494,0.6199460916442049,-1.519711971282959
418,0,test,2.1466151162968554,0.9253438018845059,1.3169967263356184,4.153839640626383,1.790600343906382,2.5484741847273655,8.555848774692665,5.164352122073186,6.263405020919417,16.556122953626065,9.99335670375201,12.12009543009082,2.556255468893443,1.1683694147324069,1.6122865197169105,4.823123526214043,2.2044705938347295,3.042050037201718,12.887469321991837,8.881097480164355,10.317307277691054,24.315979852814785,16.75678769842331,19.46661750507746,2.146846135768255,0.9255822993424712,1.317212595194798,4.154286678304804,1.7910618519743915,2.548891904987336,8.55782557068436,5.16635427953646,6.265347084721657,16.55994818223337,9.997231008453669,12.123853449656192,0.6130653266331658,-0.001934673366834172,-0.001934673366834172,0.49246231155778897,-0.002537688442211028,-0.002537688442211028,0.36180904522613067,-0.0031909547738693256,-0.0031909547738693256,0.3973063973063973,0.13176017881900237,0.19909811063226512,0.3445945945945946,0.40703517587939697,0.10127076485182807,0.1883373461632033,0.4040404040404041,0.3973063973063973,0.13176017881900237,0.19909811063226512,0.3445945945945946,20.0,-8.0,-8.0,34.0,-14.0,-14.0,40.0,-10.0,-10.0,0.0017262311087042365,9.468169499497312e-05,0.000182883254039403,-0.024523349407790995,-0.01936999361584668,-0.022484320538266545,0.09090909090909091,0.14219844456183744,0.6868686868686869,-1.0367043018341064
212,0,test,2.0127261069447706,0.9162497108960388,1.2705750525714583,3.648877651945036,1.6610720565276575,2.303429611435999,7.483690906203487,4.490091745875109,5.383242067992405,13.567207384794708,8.140101810263907,9.759296910360424,1.9746719983241043,0.8787880787815079,1.2296741952876267,3.109719682400164,1.383918234301587,1.9364947957285457,7.204256258116536,4.212430209644013,5.09781945090572,11.345285445852813,6.633748361644114,8.028062127410584,2.0128487216948057,0.9163723256460738,1.2707530988553968,3.6490999406209057,1.6612943452035274,2.3037523921184935,7.484608573351904,4.4910094130235265,5.384276163014892,13.56887102652829,8.14176545199749,9.76117162456248,0.4773869346733668,-0.0026130653266331905,-0.0026130653266331905,0.3417085427135679,-0.003291457286432098,-0.003291457286432098,0.2562814070351759,-0.00371859296482413,-0.00371859296482413,0.3571428571428571,0.10580595874713516,0.16118086189345093,0.3548387096774194,0.3417085427135679,0.09609450762584859,0.1530607964698283,0.3434343434343434,0.3571428571428571,0.10580595874713516,0.16118086189345093,0.3548387096774194,24.0,-14.0,-14.0,30.0,-12.0,-12.0,39.0,-15.0,-15.0,0.0003529346083438373,0.0001343204544642015,0.0001008678400096524,-0.0217105230166057,-0.02009946522369166,-0.0210420474179136,0.08928571428571429,0.08431255595065047,0.25,-0.6795175075531006
129,0,test,2.4665055189284306,1.1609866490552525,1.5815799547836922,4.20166347119785,1.9777272568208666,2.6942030625094295,11.781205635196507,8.09160261422246,9.358401593914078,20.069146808794052,13.78395096492547,15.94192829660945,2.358747825794993,1.0793135829143725,1.4904545358389854,3.74404416792856,1.7131961633561468,2.365800850538072,10.577698035743529,6.983092559205135,8.194857472556361,16.789996882132584,11.084273903500213,13.007710273898985,2.466503064604836,1.161030070183755,1.5816296441332143,4.201659290286146,1.9778012242083736,2.6942877077385567,11.781176720341028,8.091742957691196,9.358499009666854,20.069097552673963,13.784190038392563,15.942094243211562,0.5376884422110553,-0.0023115577889447625,-0.0023115577889447625,0.44723618090452266,-0.0027638190954772934,-0.0027638190954772934,0.321608040201005,-0.0033919597989949812,-0.0033919597989949812,0.3835616438356164,0.13398899426296684,0.19221768028208563,0.4226804123711341,0.39698492462311563,0.1488646238712359,0.20499828021577005,0.4292929292929293,0.3835616438356164,0.13398899426296684,0.19221768028208563,0.4226804123711341,18.0,-8.0,-8.0,30.0,-10.0,-10.0,34.0,-6.0,-6.0,-0.000383666189372934,-0.0003679440644607238,-7.923002046280224e-05,-0.02113039652172599,-0.020284282136176834,-0.02259778139892088,0.10273972602739725,0.12188303161629618,0.07876712328767123,-0.8649740219116211
21,0,test,2.4816065681280897,1.1001118180451164,1.5458635881033391,3.8718259544616265,1.7164048260599194,2.4118709385067802,11.960464291494771,7.9796167367319475,9.41135760180822,18.660829104007547,12.449873233225759,14.683688823763609,2.6842793142061017,1.1945524728426762,1.65603137478088,3.8346847345801454,1.7065035326323947,2.3657591068298283,14.647641228496594,10.211757574931962,11.851478734084926,20.925201754995136,14.588225107045659,16.93068390583561,2.4818049413251324,1.100478191831019,1.5460582551180253,3.872135458193138,1.716976445893422,2.412174659817652,11.962837162383602,7.9826583361791705,9.413721025225305,18.664531279530436,12.454618765347607,14.687376259252048,0.592964824120603,-0.0020351758793969443,-0.0020351758793969443,0.48743718592964824,-0.002562814070351749,-0.002562814070351749,0.3517587939698492,-0.0032412060301507672,-0.0032412060301507672,0.39057239057239057,0.11326146620264266,0.18452535809758652,0.3885135135135135,0.38190954773869346,0.1037140590168889,0.16988951434971178,0.41414141414141414,0.39057239057239057,0.11326146620264266,0.18452535809758652,0.3885135135135135,19.0,-10.0,-10.0,33.0,-18.0,-18.0,36.0,-17.0,-17.0,0.0007242916551940038,-0.00011022218056503104,0.00012220043480200716,-0.011960604602773373,-0.009237284437817017,-0.011245918268755872,0.08754208754208755,0.12385706742570536,0.494949494949495,-1.1187965869903564
252,0,test,2.0659383358362278,0.9610421326024103,1.321320807112984,3.6236779366539187,1.6856781791101103,2.3176108274495126,7.8927004277380854,4.873789328404108,5.787064492052417,13.84388096416092,8.548678608109878,10.150573012797821,2.042612313179773,0.9211783982395274,1.2741130841925434,3.321320834438655,1.497851054048012,2.071728592182997,7.710725742565906,4.641473646692736,5.554198372349829,12.537765435066513,7.547111620638595,9.031216865609476,2.1175571404805167,0.9775065239123546,1.3497936418919765,3.6094723985463353,1.6662043021233317,2.300784616861324,8.31081052723073,5.183883891754975,6.155869196236349,14.166154307779653,8.836165724582344,10.49295885722105,0.4824120603015075,-0.0025879396984924696,-0.0025879396984924696,0.35678391959798994,-0.0032160804020100464,-0.0032160804020100464,0.27135678391959794,-0.0036432160804020786,-0.0036432160804020786,0.35779816513761464,0.09825618040479023,0.1594258355343593,0.3711656441717791,0.3517587939698492,0.11115729021045073,0.16978884405332162,0.3737373737373737,0.36454849498327757,0.10411443822200883,0.16766306672966247,0.3791946308724832,16.0,0.0,0.0,21.0,0.0,0.0,30.0,0.0,0.0,-0.0004120068591769382,9.121068121903708e-07,8.944051889029508e-05,-0.006043813130844455,-0.00849171913630542,-0.00851483434001743,0.08256880733944955,0.1900320821384036,0.0030581039755351682,-1.049504280090332
321,0,test,2.482787042139775,1.135835833926282,1.572396100157698,3.9600453322129407,1.8116581551124198,2.5079717797515286,11.9745916456052,8.128908692750107,9.489297696373818,19.099473674740292,12.96560936493642,15.135429825716237,2.748709021149181,1.256623214153936,1.7166726200276206,4.042219148748795,1.8479753149322584,2.5245185588641474,15.622450606858532,11.176090504275008,12.815674866696376,22.974192068909606,16.43542721216913,18.8465806863182,2.5065946851524856,1.1560367750377387,1.5741393406507895,3.9577810818197143,1.825321223743798,2.485483169448615,12.26309916358809,8.403520935720731,9.72235924662095,19.362788153033826,13.26871726692747,15.351093547296237,0.6281407035175879,-0.0018592964824121205,-0.0018592964824121205,0.507537688442211,-0.0024623115577889765,-0.0024623115577889765,0.39698492462311563,-0.0030150753768843908,-0.0030150753768843908,0.3805031446540881,0.12618603319411947,0.1848964500934186,0.3722397476340694,0.4170854271356784,0.13387740708555307,0.20005704650128775,0.4292929292929293,0.3846153846153846,0.13586747142673683,0.19329169162317106,0.3791946308724832,24.0,-15.0,-15.0,36.0,-23.0,-23.0,42.0,-21.0,-21.0,0.0008408055669693236,8.945778943346522e-05,0.00023650037441912938,-0.015234701237179848,-0.017739822762305124,-0.021395290819302026,0.08176100628930817,0.0778123655216515,0.04716981132075472,-1.0925440788269043
139,0,test,2.508738895787592,1.1690187745634657,1.5982765054766994,4.175938794886941,1.9458983399379206,2.660422284432734,12.289422042046727,8.471447256338731,9.803950516372362,20.45644301935626,14.1012065089689,16.319234087379314,2.5230513450320684,1.15279451468862,1.590228184664214,3.9117075116776254,1.787278317346698,2.4654700537429672,12.466578518665127,8.530216975921377,9.924903905357212,19.328028711108722,13.225142598327714,15.387447915282497,2.5087649214816072,1.1691631959089868,1.5982105677691618,4.175982116137106,1.9461387374940728,2.660312527362592,12.289741886946494,8.472219106092451,9.804041778345695,20.456975419410934,14.102491296850092,16.31938599813239,0.6432160804020101,-0.001783919597989958,-0.001783919597989958,0.4773869346733668,-0.0026130653266331905,-0.0026130653266331905,0.35678391959798994,-0.0032160804020100464,-0.0032160804020100464,0.3969465648854962,0.09027989821882954,0.16344402681443015,0.4482758620689655,0.40201005025125625,0.09875190488784769,0.1716260769624416,0.4696969696969697,0.3969465648854962,0.09027989821882954,0.16344402681443015,0.4482758620689655,13.0,-1.0,-1.0,22.0,-3.0,-3.0,29.0,-2.0,-2.0,-6.776244425609556e-06,-0.00010544138749982534,-0.00019008034270044834,-0.00012787541372372146,-0.00017828449388890277,8.936283448512938e-05,0.09541984732824428,0.08649990963103667,0.022900763358778626,-0.6686139106750488
421,0,test,2.143085123717686,0.9962603056958557,1.3709687282344944,4.351112220881363,2.0227103176249193,2.7834819633851855,8.525699935904766,5.3775189601578095,6.361357922224756,17.309754415321798,10.9179930403204,12.91548426633511,2.2597246639052173,1.0099915095627587,1.4040120159983172,3.6743490470003533,1.6422626171752173,2.2829463674769386,9.580450959630738,6.0910392607737425,7.227400279790545,15.57796904004998,9.904128879306898,11.751870373643161,2.1432276232117418,0.9961693378818615,1.3711481403651582,4.351401538035961,2.0225256253965065,2.7838462243777453,8.5269149303981,5.377998871507878,6.36265280681385,17.312221222323416,10.918967405788724,12.918113274440241,0.5778894472361809,-0.002110552763819218,-0.002110552763819218,0.42211055276381915,-0.0028894472361808976,-0.0028894472361808976,0.31658291457286436,-0.003417085427135591,-0.003417085427135591,0.38576779026217234,0.1259547061500228,0.18277899823228438,0.39473684210526316,0.40201005025125625,0.1238145615294517,0.18999001686227457,0.4242424242424242,0.38576779026217234,0.1259547061500228,0.18277899823228438,0.39473684210526316,19.0,-10.0,-10.0,29.0,-17.0,-17.0,39.0,-20.0,-20.0,-1.1118616275683015e-05,0.00020045251032644188,2.6236778184436527e-06,-0.00016252502302549487,0.00022759863213561715,7.184004964067014e-05,0.09737827715355805,0.09307214815715771,0.14606741573033707,-0.40838193893432617
130,0,test,1.9363833610703964,0.904572280015546,1.0515985630968414,3.936106364792628,1.8387333729287967,2.1375952100332993,6.933629136659777,4.1274857481512015,4.511166120222823,14.094059226387863,8.389982712363423,9.169893749051065,2.5206560989543165,1.1603065435651885,1.5831887242832705,4.0010414269116135,1.8417564183574417,2.5129979750528104,12.436753728480404,8.539198253255801,9.883247580754539,19.74087893409588,13.554282941675874,15.687694572626253,2.3343765098896783,1.0864970835803618,1.4861990927764168,4.193490736328764,1.9517911681084348,2.6698187295384743,10.323021620578105,6.840072350363313,7.987635085395922,18.544350216607377,12.287555120413138,14.349045063585493,0.6180904522613065,-0.0019095477386934512,-0.0019095477386934512,0.4522613065326633,-0.0027386934673366836,-0.0027386934673366836,0.31658291457286436,-0.003417085427135591,-0.003417085427135591,0.34562211981566815,0.10971878264650825,0.13545594190755472,0.31177829099307164,0.38190954773869346,0.09619526202440776,0.1598728198588938,0.40909090909090906,0.3745819397993311,0.12082567936527433,0.17880885859799622,0.3825503355704698,20.0,-3.0,-3.0,29.0,-4.0,-4.0,35.0,-4.0,-4.0,0.0004352548231485006,0.0007921169230569295,0.0004409045025913986,-0.07707155684238653,-0.09307130889182602,-0.09218024594996699,0.07142857142857142,0.07277115922252028,0.6866359447004609,-0.8802679777145386
162,0,test,2.059266103127041,0.9123982888504583,1.212845716727022,4.291096404840148,1.9012545348671566,2.5273265493808896,7.840213790030323,4.691897451382098,5.508926997975739,16.33742873564978,9.776970666846495,11.47949592315615,2.4890142605576853,1.1307929087809563,1.5665397883588068,4.484710379383216,2.037464700506227,2.822594213259111,12.049392702787136,8.160123198959866,9.53388545499322,21.71061748249934,14.702924682810565,17.178171990978772,2.19359702459783,0.9487794868114809,1.348116009434687,3.9643319721647527,1.7146617231532786,2.4363542339181086,8.967411169941093,5.4951099921678646,6.638313293380785,16.20616476495378,9.930921672592525,11.996951735025512,0.5326633165829145,-0.0023366834170853723,-0.0023366834170853723,0.40201005025125625,-0.002989949748743781,-0.002989949748743781,0.31658291457286436,-0.003417085427135591,-0.003417085427135591,0.3360215053763441,0.10649130403406226,0.14247311827956988,0.3207547169811321,0.36180904522613067,0.10366368181760932,0.1631446044915731,0.38888888888888884,0.34448160535117056,0.1024114884897348,0.1564949535157979,0.3389261744966443,16.0,-1.0,-1.0,26.0,-7.0,-7.0,30.0,-1.0,-1.0,0.0002031040931175727,0.0005973564862143412,0.00022290649655429506,-0.02183648945325345,-0.030842397007740274,-0.028666875007202997,0.06720430107526881,0.2665781171936012,0.5161290322580645,-0.7732701301574707
35,0,test,2.3443499802829924,1.0796234927967236,1.4840115731854184,4.175439905711128,1.9228797120225667,2.643121204312491,10.426493098248164,6.88436930982412,8.062532558861818,18.57026285545975,12.261509835840593,14.359895267558622,2.4349116309521053,1.1054052651806587,1.5297836086168615,4.09228845538169,1.857823975093544,2.5710648884317,11.41480995290856,7.635632557178916,8.942561547095735,19.184554542703463,12.832995894418348,15.02951520520292,2.351845596146744,1.0702306377916906,1.479386260842524,4.199724278833471,1.9111261389137328,2.641761180075935,10.504939720904886,6.902486879253916,8.112151428916945,18.758820930187294,12.325869427239132,14.485984694494544,0.5125628140703518,-0.0024371859296482556,-0.0024371859296482556,0.42211055276381915,-0.0028894472361808976,-0.0028894472361808976,0.31658291457286436,-0.003417085427135591,-0.003417085427135591,0.3966666666666666,0.1387631724902939,0.19932742054693264,0.3913043478260869,0.37688442211055273,0.1337766526869938,0.18322832862140415,0.3939393939393939,0.39799331103678925,0.1392287033573235,0.1999955357308938,0.3926174496644296,18.0,-5.0,-5.0,24.0,-2.0,-2.0,32.0,-3.0,-3.0,0.0002545663177043866,-5.2559756725706446e-05,0.000190846377029294,-0.011606387317701916,-0.015055806208941647,-0.016928195091402642,0.09666666666666666,0.06849319796586276,0.02666666666666667,-0.7652919292449951
294,0,test,2.3542529245694577,1.0968371272582265,1.5027606934211037,3.989542381156626,1.8587120180483718,2.5465944684920503,10.530259024586014,7.013936179475962,8.18711827254648,17.84469044286133,11.885891849052083,13.873978869045832,2.514775128129332,1.1342415893877256,1.5784379203360088,3.592535897327617,1.6203451276967507,2.254911314765727,12.363828189312143,8.386805231949541,9.813206299503118,17.662611699017347,11.981150331356487,14.018866142147312,2.354204927863872,1.0968108092297166,1.5026261790029063,3.989461045422011,1.8586674192335915,2.5463665189091165,10.52975361897287,7.013507002264003,8.186410134985316,17.843833977061813,11.885164560722835,13.872778851502066,0.5979899497487438,-0.0020100502512562235,-0.0020100502512562235,0.4723618090452262,-0.0026381909547738003,-0.0026381909547738003,0.321608040201005,-0.0033919597989949812,-0.0033919597989949812,0.400709219858156,0.11221364463691708,0.18844506891475976,0.39857651245551606,0.40703517587939697,0.10628329618014887,0.1883373461632033,0.41414141414141414,0.400709219858156,0.11221364463691708,0.18726582363174094,0.39857651245551606,17.0,-5.0,-5.0,28.0,-10.0,-10.0,35.0,-7.0,-7.0,0.0005176784450633827,4.0155993431536406e-05,-2.1675841394545045e-05,-0.009609634080946172,-0.008312052613694831,-0.008978131030249692,0.09219858156028368,0.0976592474377619,0.723404255319149,-0.6692667007446289
222,0,test,2.538055548133312,1.1664693106899335,1.597315841946874,3.8556253682025177,1.7720134883705003,2.4265235194602788,12.655039915656873,8.713441865976774,10.093164162696151,19.224596156025196,13.236813326456522,15.332784902893607,2.7443352499351716,1.2758301580192135,1.7398310516975513,3.9772974636741623,1.8490292145205998,2.5214942778225384,15.554270792246475,11.211532500649213,12.823717668138674,22.54242143803837,16.248597827027844,18.585098069766193,2.5380931921596805,1.166506954716302,1.5974344729118646,3.8556825542097877,1.7720706743777703,2.4267037348060017,12.65551631127982,8.713918261599721,10.093848028392163,19.22531986085131,13.237537031282637,15.333823780836182,0.6884422110552764,-0.0015577889447235815,-0.0015577889447235815,0.5226130653266332,-0.002386934673366814,-0.002386934673366814,0.3869346733668342,-0.0030653266331658324,-0.0030653266331658324,0.4151624548736462,0.14128858099977237,0.19427409953150943,0.4094202898550725,0.42211055276381915,0.12135867306457104,0.1767015377387774,0.45959595959595956,0.4151624548736462,0.14128858099977237,0.19427409953150943,0.4057971014492754,23.0,-10.0,-10.0,36.0,-14.0,-14.0,45.0,-14.0,-14.0,0.0007974878477180345,-0.00013922147170331538,6.258698857280913e-05,-0.020804328312457265,-0.015236577284793107,-0.018470752508927823,0.09747292418772563,0.12174035308246575,0.0036101083032490976,-1.0960087776184082
86,0,test,2.1848479533115173,0.9228609417143829,1.3275170544339554,3.7178628155798195,1.5703932046852485,2.2589792970478357,8.889296862463034,5.3568633575444515,6.532435273404049,15.126538307395661,9.11554648687122,11.11596720557153,2.4592081770620897,1.1229195447220182,1.5462202222730226,3.698057409115924,1.6886008191308544,2.325143191388004,11.695547070113511,7.89065116958394,9.203790392404837,17.58728882723836,11.865640856517201,13.840286304368174,2.213637852359968,0.9118774754866474,1.3126822635418056,3.7519285633219797,1.5455550431977079,2.2248851924437387,9.148938415201123,5.473176713808435,6.686983811462965,15.506675280001904,9.27657070137023,11.333870866886382,0.5728643216080402,-0.0021356783919597166,-0.0021356783919597166,0.4371859296482412,-0.002814070351758735,-0.002814070351758735,0.31155778894472363,-0.003442211055276312,-0.003442211055276312,0.37785016286644946,0.11768756124043322,0.1817504878935351,0.369281045751634,0.40201005025125625,0.12632082719361215,0.19666781318948667,0.4242424242424242,0.3846153846153846,0.12418132785411584,0.18105587404808754,0.37583892617449666,20.0,-9.0,-9.0,31.0,-14.0,-14.0,41.0,-18.0,-18.0,0.0008469043269231461,2.6305156945198557e-05,0.00021994410445160006,-0.01208785569939419,-0.010411914149178969,-0.012628721710113311,0.08794788273615635,0.0686989964940582,0.5211726384364821,-0.9587759971618652
146,0,test,2.334788633451265,1.0976008903069534,1.4952459638145086,4.51578879404047,2.12290471598291,2.892002672527463,10.327276857796244,6.881367813632926,8.011968983767666,19.974313922563994,13.309471879062485,15.49620348357459,2.7433940181492757,1.2596628442973061,1.7268263278377631,4.32030554039256,1.9837210146414272,2.7194115399019894,15.539637505907821,11.130270364320127,12.775944888716193,24.47187008804381,17.527984825700987,20.119598249946762,2.435459572460605,1.144395458012024,1.5646133989720634,4.51011031937149,2.1192508481704144,2.8974322203186356,11.421066314997098,7.784412001077996,9.03213486602247,21.15012280555018,14.415577779774063,16.726175677819388,0.6482412060301508,-0.0017587939698492372,-0.0017587939698492372,0.49246231155778897,-0.002537688442211028,-0.002537688442211028,0.37688442211055273,-0.003115577889447274,-0.003115577889447274,0.3726708074534162,0.12150801675574174,0.17742287356911868,0.3582554517133957,0.42211055276381915,0.13639626704953345,0.1933960285568075,0.4494949494949495,0.37792642140468224,0.1241701609706255,0.17770395199422617,0.3691275167785235,18.0,-5.0,-5.0,27.0,-5.0,-5.0,37.0,-8.0,-8.0,0.00038983402723097646,0.0004303947355670553,0.0004675214116581799,-0.044441328102623245,-0.04652284275757079,-0.055259503689828904,0.09627329192546584,0.06874697858896124,0.7453416149068323,-1.2039024829864502
261,0,test,2.5717356007508414,1.1599100565022407,1.6257874879734717,4.608312348166248,2.078451546333495,2.9132608165998626,13.088521186191192,8.985081605019847,10.513267333625373,23.453419466585373,16.10043524598932,18.838802736554136,2.4305261656885904,1.061636310251256,1.510884306851427,4.1195358740484584,1.799383576697044,2.5608208590702155,11.364860306643644,7.433875995242728,8.85646843597752,19.262475096006177,12.599789822445302,15.010963450809358,2.6038294063401266,1.1771002387721168,1.6477661895856484,4.594993070011988,2.0772357154802057,2.907822687504085,13.515395003429616,9.350341308115063,10.913960001078852,23.850697064875792,16.500602308438346,19.25992941366856,0.542713567839196,-0.0022864321608039306,-0.0022864321608039306,0.4120603015075377,-0.0029396984924623393,-0.0029396984924623393,0.3517587939698492,-0.0032412060301507672,-0.0032412060301507672,0.3948220064724919,0.13149405816877624,0.18707173736592564,0.4058441558441559,0.39698492462311563,0.12881449855795268,0.19164268756134606,0.4040404040404041,0.4013377926421404,0.13589538863546258,0.19777828207484338,0.412751677852349,21.0,-11.0,-11.0,33.0,-17.0,-17.0,40.0,-16.0,-16.0,-0.00019986976015421546,0.0002711127652966826,-6.986966274078439e-05,-0.032237463924754906,-0.034878511705736415,-0.030005943447491745,0.08737864077669903,0.15210986061268314,0.003236245954692557,-0.9277045726776123
245,0,test,2.4252018947712664,1.137735594163119,1.5560722942075271,4.131825450351046,1.93836434561124,2.6510861308720832,11.304511510666394,7.680917693265009,8.91967731910962,19.259538129283484,13.0860079218589,15.196487284408981,2.575552800104694,1.181345550041836,1.6305726378906935,4.055988661582195,1.8603866929792692,2.5678309258121157,13.138578158745945,9.106801044392686,10.565815818572593,20.690674265741645,14.341418967547536,16.639080029248177,2.4255720480584753,1.1380208290209066,1.5564831996003319,4.132456081877402,1.938850301294878,2.6517861919116763,11.308696687293015,7.684795146930304,8.923959680770784,19.266668430202913,13.092613954029407,15.203783159831705,0.6080402010050252,-0.001959798994974782,-0.001959798994974782,0.4623115577889447,-0.002688442211055242,-0.002688442211055242,0.371859296482412,-0.003140703517587995,-0.003140703517587995,0.3927272727272727,0.12230984985975912,0.1847466197647576,0.4014598540145985,0.4170854271356784,0.13137114142139272,0.19504869925587875,0.4494949494949495,0.3927272727272727,0.12230984985975912,0.1847466197647576,0.4014598540145985,24.0,-11.0,-11.0,33.0,-10.0,-10.0,44.0,-12.0,-12.0,0.00015995306959440097,5.7087667909773146e-06,6.469399194388199e-05,-0.0002179643979092205,0.00019661043173790915,4.380359388900246e-05,0.09090909090909091,0.16694478589503137,0.7672727272727272,-0.5743207931518555
329,0,test,2.4951079721799427,1.1546508439771725,1.5858090097729303,4.655506338335747,2.1544095015671636,2.9588875426251016,12.123042399242207,8.302252702295661,9.640460859024268,22.619823013220216,15.49078857867361,17.987689163789184,2.63617856510293,1.211246827428418,1.6697104416469977,4.28646921154948,1.9695070364689724,2.7149763278812973,13.959755252196596,9.802181224798925,11.331111253295983,22.698789027961944,15.938506056583618,18.424571143570702,2.510739315690179,1.1618031656158399,1.579682551552537,4.620992605564746,2.1382880348757785,2.9073911991764483,12.314030652061241,8.460706661130118,9.776841680332188,22.663860095818237,15.571852750546231,17.994187141715685,0.6180904522613065,-0.0019095477386934512,-0.0019095477386934512,0.4321608040201005,-0.002839195979899567,-0.002839195979899567,0.31658291457286436,-0.003417085427135591,-0.003417085427135591,0.3737704918032787,0.10535805317807412,0.16330157141069424,0.375,0.3919597989949749,0.12128310726565161,0.17326196927878124,0.4040404040404041,0.3745819397993311,0.11080898487445634,0.16768538807519318,0.37583892617449666,17.0,-6.0,-6.0,24.0,-6.0,-6.0,32.0,-9.0,-9.0,0.0003552909497271075,-4.504079650834481e-05,0.0001359916489727022,-0.017768732018563327,-0.019349957408744345,-0.019578163027633266,0.08852459016393442,0.11977683986344924,0.5344262295081967,-0.6653859615325928
280,0,test,2.669253561356894,1.1934546605087346,1.6708382884456823,4.326031633923242,1.9342196222038113,2.7079103295498985,14.429194663554883,10.054665471176719,11.715217158454635,23.385246523692395,16.29549231535537,18.986731256805786,2.908969285950264,1.3329048476856382,1.8377514555959908,4.730031359268722,2.1673249555864036,2.9882137489365705,18.33788770434684,13.50200132235572,15.418955603927294,29.817703584303807,21.95447369488735,25.071472526711048,2.6690035215703802,1.1931348043534846,1.6705981482728243,4.3256263970278575,1.933701234641854,2.7075211368559566,14.425587241819914,10.050752625036921,11.711636603915451,23.379400012604687,16.28915080609432,18.98092828910435,0.6231155778894473,-0.0018844221105527303,-0.0018844221105527303,0.5326633165829145,-0.0023366834170853723,-0.0023366834170853723,0.42211055276381915,-0.0028894472361808976,-0.0028894472361808976,0.4199288256227758,0.12863220040075096,0.21046137000147402,0.4035714285714286,0.42713567839195976,0.12137126736439086,0.21344619592117509,0.4494949494949495,0.4199288256227758,0.12863220040075096,0.2128282339067995,0.4035714285714286,20.0,-7.0,-7.0,34.0,-11.0,-11.0,39.0,-5.0,-5.0,0.0008380917057703607,0.00021967456250034247,-3.4548743406745785e-05,-0.009610602012198655,-0.007566412629910424,-0.00835362471945622,0.099644128113879,0.08023541260372345,0.5800711743772242,-1.1502225399017334
408,0,test,2.0712681063562686,0.8554761827240982,1.2527462045211308,3.9812997732955826,1.6443584111044047,2.407973243420857,7.934879011041005,4.561914874095236,5.667732716108633,15.252072829605765,8.768710626254915,10.894264681861506,2.1562285514375645,0.9680830551010089,1.3466657474974768,3.850408127567079,1.7287197412518012,2.4047602633883507,8.638496499722534,5.357505547534802,6.391571074759177,15.42588660664738,9.566974192026432,11.413519776355672,2.0000110470191887,0.8127303057063489,1.1979312774248991,3.8709891232629454,1.57302639814132,2.3185766659836755,7.389137726426031,4.1109828012359415,5.158963369017485,14.301556889856833,7.9567409056179494,9.985090391646743,0.5326633165829145,-0.0023366834170853723,-0.0023366834170853723,0.3668341708542714,-0.0031658291457286047,-0.0031658291457286047,0.2613065326633166,-0.003693467336683409,-0.003693467336683409,0.353125,0.09415464118564743,0.14938279625779627,0.3448275862068966,0.3467336683417085,0.08357577360486634,0.13972198219813592,0.3434343434343434,0.34782608695652173,0.09406982652246498,0.14315422933694444,0.325503355704698,20.0,-6.0,-6.0,29.0,-6.0,-6.0,35.0,-8.0,-8.0,0.0010330736539681405,-5.22672985516755e-05,0.00023025499616790844,-0.0772591825482154,-0.06402639105551255,-0.07393229164957571,0.078125,0.1503704010488711,0.2625,-0.9128828048706055
277,0,test,2.6545140310534965,1.2318764288761492,1.6875861038190005,4.20070003883208,1.94941269930401,2.670561514806357,14.2180748372969,10.070027915643362,11.58822190003718,22.49973698479458,15.93555963970367,18.33806249129595,2.9576694135333006,1.3881969116329687,1.891362768753096,4.447623178245564,2.0875141528315315,2.8441545394783394,19.253048532755994,14.448935168151243,16.348416705169658,28.95195268083608,21.72772205737029,24.584085270931816,2.682857074809131,1.247365316547694,1.6983525589217918,4.1919641793892675,1.949008307105772,2.6536758733153,14.62682358341533,10.425112856623912,11.950338183586547,22.854411849086453,16.289238838474866,18.672403411853978,0.6582914572864322,-0.0017085427135676845,-0.0017085427135676845,0.5125628140703518,-0.0024371859296482556,-0.0024371859296482556,0.3919597989949749,-0.0030402010050251116,-0.0030402010050251116,0.38235294117647056,0.10829095096439878,0.17257033248081843,0.39016393442622954,0.3919597989949749,0.10373924761652875,0.16491472386976624,0.43939393939393945,0.38795986622073575,0.11417021680504291,0.17661392628747652,0.3959731543624161,23.0,-2.0,-2.0,34.0,-3.0,-3.0,42.0,-3.0,-3.0,0.0008859032742963577,6.328244363943874e-05,0.00031669921746163777,-0.026155600972710857,-0.0259946679037526,-0.031036024320613365,0.08496732026143791,0.15218915943059652,0.8627450980392157,-0.8647401332855225
302,0,test,2.3441174426413434,1.0696823763419516,1.4735640803049939,4.266002550893874,1.946689045144049,2.6817035747165416,10.424068828010395,6.847388575975888,8.0358367824043,18.97051035159656,12.4613966009996,14.624224703381739,2.5022480978694,1.1403828559313356,1.5767767900579361,4.00359695659104,1.824612569490137,2.5228428640926976,12.20991220732389,8.306444780490787,9.686855090618518,19.535859531718224,13.29031164878526,15.498968144989627,2.3442826467900835,1.0699234439875083,1.4738887020656364,4.266303201922326,1.94712775831267,2.6822943459952264,10.425791069684351,6.849382146828638,8.037939719982013,18.973644617500092,12.46502465230305,14.628051788538693,0.6030150753768844,-0.0019849246231156137,-0.0019849246231156137,0.4623115577889447,-0.002688442211055242,-0.002688442211055242,0.37688442211055273,-0.003115577889447274,-0.003115577889447274,0.3972602739726028,0.13743121414354298,0.19338783661497183,0.41237113402061853,0.40703517587939697,0.12883968715759242,0.1900067952450063,0.4444444444444444,0.3972602739726028,0.13743121414354298,0.19338783661497183,0.41237113402061853,23.0,-14.0,-14.0,34.0,-20.0,-20.0,44.0,-22.0,-22.0,0.00044561929963555385,-0.00027798998264529166,6.328142354047035e-05,-0.015314078662072461,-0.012078959541710788,-0.013180898106064376,0.08904109589041095,0.07836105997658468,0.791095890410959,-0.6762990951538086
88,0,test,2.634476632279554,1.2530492130603208,1.7053470908884736,4.698429662664172,2.2347374500438844,3.0413833468074687,13.936016892803092,9.955437362921273,11.403712940600316,24.85404286614564,17.75492013769399,20.337831995975083,2.81884654363515,1.308917653942311,1.7940437022081532,4.370304718814186,2.029329696034591,2.7814631041986875,16.757510463137823,12.231101554595956,13.970964448170067,25.980636376957865,18.9629481466604,21.660409997162894,2.6346264925988283,1.2530480628755023,1.7055720084335402,4.698696929475617,2.2347353987588576,3.0417844736394346,13.938105505240216,9.956924820647814,11.405991613614155,24.857767780046245,17.75757292854387,20.341895871413783,0.6482412060301508,-0.0017587939698492372,-0.0017587939698492372,0.49246231155778897,-0.002537688442211028,-0.002537688442211028,0.371859296482412,-0.003140703517587995,-0.003140703517587995,0.3906810035842294,0.10982232737671604,0.17613988320282292,0.3705035971223022,0.39698492462311563,0.10625810758050913,0.17494819674331596,0.398989898989899,0.3906810035842294,0.10982232737671604,0.17613988320282292,0.3705035971223022,23.0,-13.0,-13.0,28.0,-5.0,-5.0,40.0,-14.0,-14.0,0.0005580292442099783,0.0005240075433940836,1.7746620519174237e-05,-0.004921213126913848,-0.004062336801190725,-0.004158415119751346,0.08960573476702509,0.18277851143007467,0.5304659498207885,-0.5881912708282471
103,0,test,2.3226763955727066,1.0833389182583377,1.4885021414285593,4.717373764651543,2.200269740958794,3.0231593880176937,10.202944912922641,6.749620112243491,7.900033269724856,20.72226021074211,13.70853077060306,16.04502881137917,2.29673113179389,1.051634131256706,1.4563326320021837,4.214185562924568,1.9296039105627627,2.672169966976483,9.941631398448203,6.468359706231106,7.6243411659629645,18.241525501739822,11.868549919690103,13.98961681828067,2.3224864147021242,1.0831771740847094,1.4882703882292694,4.716987912030671,2.1999412372883245,3.0226886954734,10.201006732679996,6.747779441110053,7.897998889490832,20.718323751644643,13.704792353262278,16.040896969353472,0.5728643216080402,-0.0021356783919597166,-0.0021356783919597166,0.42713567839195976,-0.002864321608040288,-0.002864321608040288,0.3015075376884422,-0.0034924623115578646,-0.0034924623115578646,0.3869731800766284,0.10399038848963027,0.17423432657344373,0.4,0.3919597989949749,0.11376431027317035,0.17993976560599323,0.3939393939393939,0.3869731800766284,0.10399038848963027,0.17423432657344373,0.4,20.0,-2.0,-2.0,30.0,-6.0,-6.0,38.0,-7.0,-7.0,-0.0001956203413465235,0.00015236770503302397,0.00011382641263656373,-0.014147532616552105,-0.015906267379664385,-0.015263867723692925,0.1417624521072797,0.0663941445036639,0.0038314176245210726,-0.5719304084777832
464,0,test,2.2663280246027915,1.0376923894677372,1.4202350391872465,4.1038912877942435,1.8790645971442808,2.571776962852581,9.64392346825728,6.227358554494696,7.313399816860187,17.46332087495237,11.276568193274178,13.24318345215223,2.372728130788661,1.0779000675075268,1.4954380006009553,3.954546884647769,1.7965001125125446,2.4923966676682596,10.726616014313505,7.07624772647791,8.322240688128076,17.877693357189177,11.793746210796519,13.870401146880129,2.266378644824093,1.037823605783796,1.4202464480558428,4.103982951438222,1.8793022050679546,2.5717976221551746,9.644411658153492,6.228122095084199,7.313796621979869,17.46420489449416,11.277950820828142,13.243901991152734,0.6030150753768844,-0.0019849246231156137,-0.0019849246231156137,0.44723618090452266,-0.0027638190954772934,-0.0027638190954772934,0.321608040201005,-0.0033919597989949812,-0.0033919597989949812,0.37827715355805247,0.10537995729637017,0.16408039141608488,0.3872180451127819,0.40201005025125625,0.11629576453697055,0.17496497512604758,0.4191919191919192,0.37827715355805247,0.10537995729637017,0.16408039141608488,0.3872180451127819,17.0,-5.0,-5.0,27.0,-8.0,-8.0,38.0,-12.0,-12.0,6.0658479873719816e-05,0.00033091016340963545,5.534285472835715e-05,-0.012405586227068888,-0.013510636659978204,-0.011527768427455065,0.10112359550561797,0.1292859542920282,0.4868913857677903,-0.6920757293701172
457,0,test,2.311436809705581,1.038014034138568,1.4444835621589172,3.8683631582119307,1.7371944716412302,2.41745176464938,10.088910090050874,6.515848646336096,7.709260495778739,16.884549010810527,10.904762242313776,12.902026632831776,2.633811949698451,1.2173703327762004,1.6714050367784234,3.9906241662097743,1.8445005042063642,2.5324318739067024,13.926756942929106,9.804331800786763,11.308766772368841,21.10114688322592,14.855048183010247,17.13449510964976,2.407833751811238,1.096985667639353,1.493924832328303,3.8836028255019963,1.7693317219989564,2.4095561811746817,11.109868326834544,7.400550134157179,8.61581577215145,17.919142462636362,11.936371184124482,13.896477051857175,0.6331658291457287,-0.0018341708542712887,-0.0018341708542712887,0.4623115577889447,-0.002688442211055242,-0.002688442211055242,0.3316582914572864,-0.0033417085427135396,-0.0033417085427135396,0.3695652173913043,0.09979777553083924,0.1639867049946101,0.3457943925233645,0.3668341708542714,0.06357602549086283,0.14479744297447172,0.398989898989899,0.36789297658862874,0.0974422253365419,0.1643334660213317,0.3523489932885906,21.0,-6.0,-6.0,31.0,-4.0,-4.0,40.0,-9.0,-9.0,0.00011952343863392664,8.309041345064237e-05,0.0003857950747371283,-0.010617084155537526,-0.01517683481978338,-0.018323872628901228,0.07763975155279502,0.11810660532000729,0.8354037267080745,-1.07789945602417
236,0,test,2.550121294483428,1.194235809015446,1.6332684884246498,4.9339303306309805,2.3105866739646674,3.1600194667346484,12.808657307915677,8.92846201548974,10.307251727470883,24.78196740009772,17.27463302996928,19.942291385758878,2.557971133773752,1.178036236178913,1.6195589547150204,4.608956997790544,2.1225878129349782,2.9181242427297662,12.909598878526912,8.934956018265117,10.35367902692924,23.26053851986831,16.09901985272994,18.655277525998628,2.550154764255465,1.194269278787483,1.6333992067252407,4.933995087363835,2.3106514306975217,3.16027237822927,12.809086017930246,8.92889072550431,10.307923683669609,24.782796860778085,17.275462490649645,19.94359147492598,0.6432160804020101,-0.001783919597989958,-0.001783919597989958,0.4522613065326633,-0.0027386934673366836,-0.0027386934673366836,0.31658291457286436,-0.003417085427135591,-0.003417085427135591,0.3721804511278195,0.09263073255371068,0.15093045112781955,0.41132075471698115,0.37688442211055273,0.09117013639626703,0.14316155065813208,0.4242424242424242,0.3721804511278195,0.09263073255371068,0.15093045112781955,0.41132075471698115,18.0,-4.0,-4.0,30.0,-10.0,-10.0,35.0,-6.0,-6.0,-0.00037307175890935516,-7.488993698395513e-05,-4.861279579774284e-05,-0.007168888664010886,-0.005013021011245122,-0.005508922708080455,0.15789473684210525,0.06365720954090869,0.0037593984962406013,-0.6070442199707031
6,0,test,2.5637753199947917,1.2016171398818323,1.6458239609767644,4.196656029753379,1.9669328182589516,2.6940570789798226,12.98474646879296,9.080135399836038,10.48059145192123,21.254793326893235,14.86331687473161,17.155730055228204,2.640746138212842,1.208170204317616,1.6614842092141124,4.03167349345472,1.8445346630803292,2.536617113303988,14.023663296131023,9.834186175665309,11.361172886536767,21.4101729711924,15.014024695672223,17.34530211685002,2.5637742624557025,1.2016484441839772,1.6458568819148316,4.196654298662608,1.966984060420201,2.6941109674201114,12.984732736923267,9.080248026325233,10.480662805980021,21.254770849130345,14.86350123356809,17.155846855026816,0.6180904522613065,-0.0019095477386934512,-0.0019095477386934512,0.457286432160804,-0.0027135678391959628,-0.0027135678391959628,0.33668341708542715,-0.0033165829145728187,-0.0033165829145728187,0.37591240875912413,0.09175940329464327,0.15503862235135712,0.3626373626373627,0.37688442211055273,0.08615760506794623,0.15484769423075306,0.3787878787878788,0.37591240875912413,0.09175940329464327,0.15503862235135712,0.3626373626373627,22.0,-8.0,-8.0,34.0,-12.0,-12.0,43.0,-10.0,-10.0,0.00010471101452707072,0.000247330768742274,0.00019805440555975066,-0.000211034476049754,0.00020048395678795572,4.730815085896012e-05,0.10218978102189781,0.17027301461735084,0.3284671532846715,-0.9584810733795166
160,0,test,2.141916943037836,0.9700234456829362,1.3259692443493662,3.261802451326654,1.4771930644917812,2.0192425040853292,8.51574619297448,5.287646940303077,6.254428487962617,12.968141410621039,8.052254223811794,9.524510387760333,2.0832711850142087,0.919533788341649,1.2850082183262317,2.8734774965713226,1.2683224666781368,1.772425128725837,8.030695886307267,4.8288182576909495,5.809017440942747,11.076821912147956,6.660438976125449,8.012437849576203,2.141916943037836,0.9700305207122721,1.326011212107377,3.261802451326654,1.4772038386481303,2.0193064143767163,8.51574619297448,5.287669779119197,6.254523388405454,12.968141410621039,8.052289003734819,9.5246549062012,0.5125628140703518,-0.0024371859296482556,-0.0024371859296482556,0.38190954773869346,-0.0030904522613065533,-0.0030904522613065533,0.2814070351758794,-0.003592964824120637,-0.003592964824120637,0.36789297658862874,0.114136716154572,0.16322111896905145,0.3791946308724832,0.371859296482412,0.11120766740973032,0.17486430482965742,0.38383838383838387,0.36789297658862874,0.114136716154572,0.16322111896905145,0.3791946308724832,17.0,-5.0,-5.0,29.0,-14.0,-14.0,35.0,-11.0,-11.0,-1.726659925596163e-05,4.1264063573066147e-05,3.2959480307712324e-06,0.0005070350734097673,0.00010364583054389698,-4.030577335889518e-05,0.08361204013377926,0.09443349402700212,0.0033444816053511705,-0.856727123260498
401,0,test,2.4522871005774722,1.1228296331139545,1.5564776820146307,4.050543867620502,1.8546240706160844,2.570898459845062,11.614880765146497,7.83588816027885,9.16556325475403,19.18477817924695,12.942860045833722,15.13913930635989,2.66842627051872,1.2166952930118193,1.677938868750167,3.867284450027131,1.7633265116113326,2.4317954619567637,14.41726245938963,10.146762198449961,11.72471595488153,20.894583274477725,14.705452461521684,16.99234196359642,2.4148644683827616,1.0884725002080047,1.5206929899852974,3.8741141204001526,1.7462125671786173,2.439614422436306,11.188253892646411,7.42082804891419,8.742944934001827,17.949070416010287,11.905071736225974,14.026114867382612,0.6180904522613065,-0.0019095477386934512,-0.0019095477386934512,0.48743718592964824,-0.002562814070351749,-0.002562814070351749,0.371859296482412,-0.003140703517587995,-0.003140703517587995,0.42900302114803623,0.1454434434708115,0.21593769451487044,0.4242424242424242,0.40201005025125625,0.12130829586529135,0.18331222053506258,0.4444444444444444,0.4247491638795987,0.14094281997308789,0.21451557099861984,0.42281879194630867,15.0,-4.0,-4.0,31.0,-18.0,-18.0,35.0,-12.0,-12.0,0.0007555101557017641,-9.520995603015714e-05,0.00013908889963875698,-0.008954592953289264,-0.0077512597693178975,-0.008177870234663764,0.0755287009063444,0.07603942604667092,0.13897280966767372,-1.1726112365722656
197,0,test,2.283736372978876,1.0114117476385593,1.4241361986735077,3.806227288298127,1.6856862460642659,2.3735603311225133,9.81327806269864,6.2441382235686955,7.451062032495777,16.355463437831066,10.406897039281159,12.418436720826294,2.8109338700784,1.272453884542975,1.7631640009303708,4.226968225681804,1.9134644880345486,2.651374437489279,16.62543696953654,11.967931557323627,13.7741516864351,25.000657097047426,17.99688955988515,20.713010054789624,2.3386511021670366,1.0302576956001686,1.4520237358208594,3.8762172964094526,1.7076094402212738,2.406669175393689,10.367242775445407,6.667018597062587,7.940312090542211,17.1832753184178,11.050307066954561,13.160738271616923,0.6381909547738693,-0.0018090452261306789,-0.0018090452261306789,0.507537688442211,-0.0024623115577889765,-0.0024623115577889765,0.38190954773869346,-0.0030904522613065533,-0.0030904522613065533,0.38557993730407525,0.11640935827434129,0.18849964533327235,0.3427672955974843,0.4120603015075377,0.10378962481580833,0.18835412454593503,0.4292929292929293,0.3846153846153846,0.11249518428149474,0.18550526225720887,0.3557046979865772,16.0,0.0,0.0,26.0,1.0,1.0,36.0,-1.0,-1.0,0.0016196354627426536,0.00015830288007479253,0.00048323082690850415,-0.06564071066053767,-0.0494007319679568,-0.05933326481399703,0.07836990595611286,0.10427073154148499,0.6144200626959248,-1.1943879127502441
112,0,test,2.7560130128472538,1.2998527982895047,1.7687612006740432,4.531699249312599,2.1373418495364342,2.9083657326519505,15.736974588361837,11.447517317888021,13.053125980308847,25.87623338354799,18.823098945520574,21.463193726011195,2.7619781540883532,1.2871060623624175,1.7558366328064692,4.3840923080767515,2.0430254958133616,2.7870422742959833,15.831128405709707,11.46065168866684,13.096100821979896,25.128775247158266,18.19151061693149,20.787461622190314,2.755522013288098,1.2996120971797473,1.768032498851737,4.530891901044188,2.13694606583247,2.9071675316689634,15.729249637405461,11.440865877080636,13.044762996636477,25.863531282982137,18.81216201264937,21.449442511247902,0.6281407035175879,-0.0018592964824121205,-0.0018592964824121205,0.48743718592964824,-0.002562814070351749,-0.002562814070351749,0.3668341708542714,-0.0031658291457286047,-0.0031658291457286047,0.4221311475409836,0.1419675483589795,0.20687229195515255,0.44855967078189296,0.4120603015075377,0.12885228145741234,0.19169302270954103,0.4444444444444444,0.4221311475409836,0.1419675483589795,0.20687229195515255,0.44855967078189296,18.0,0.0,0.0,31.0,0.0,0.0,37.0,0.0,0.0,-2.076369299114559e-05,-9.22788246986791e-05,1.1780233542782266e-05,-3.136820234672655e-06,-7.934534252473924e-05,-9.790377231322367e-05,0.10655737704918032,0.12301897672966303,0.012295081967213115,-0.5344998836517334
11,0,test,2.4806907628479653,1.1511245817929412,1.583057135844056,4.221796701989705,1.9590567416848814,2.6941469268401947,11.949515849229703,8.17011239417161,9.49572619533914,20.336443122291545,13.904414882006343,16.160428431819405,2.4388328060975795,1.1032425798131682,1.5299043777846872,3.6674177535301946,1.6590113982152905,2.3006080868942664,11.459657291658303,7.657417825723837,8.977995462139841,17.232567355877148,11.514914023644868,13.500745055849384,2.480714277065613,1.151229382463208,1.583200016453431,4.221836719975018,1.9592350981050868,2.6943900901132922,11.949796836049746,8.17070058280569,9.496300064695712,20.336921323463542,13.905415898687943,16.161405079047363,0.5577889447236181,-0.00221105527638199,-0.00221105527638199,0.44221105527638194,-0.0027889447236180143,-0.0027889447236180143,0.3316582914572864,-0.0033417085427135396,-0.0033417085427135396,0.3772893772893773,0.11586341750875573,0.16535271468279988,0.3933823529411765,0.38190954773869346,0.12376418433017211,0.17155896343151478,0.398989898989899,0.3772893772893773,0.11586341750875573,0.16535271468279988,0.3933823529411765,17.0,-4.0,-4.0,26.0,-7.0,-7.0,35.0,-10.0,-10.0,8.678840316798295e-05,8.225284791886203e-05,5.299870275451788e-05,-0.004879633595750832,-0.00504013568659456,-0.004763242409905999,0.09157509157509157,0.17521923451689084,0.003663003663003663,-0.9613265991210938
117,0,test,2.487530676124285,1.1615857675368595,1.589098852392777,3.9515461261349314,1.8452273911392818,2.524349739478109,12.031529665279956,8.265787708963684,9.575780622632625,19.112586187033262,13.130548183510017,15.2115265099112,2.5864818879181897,1.188693003387668,1.6308627358473524,3.7215566732635823,1.710349645162112,2.346565087550147,13.28295836805924,9.23671501089488,10.682678314664807,19.112170313754305,13.29023742574803,15.370760164985336,2.505431000297257,1.1580449407355051,1.5777467222691912,3.9352319376396707,1.8189187550819454,2.4781362129882583,12.248837080707613,8.401481463781739,9.720190331183858,19.239011121530282,13.196044183950375,15.267314656309726,0.5778894472361809,-0.002110552763819218,-0.002110552763819218,0.44723618090452266,-0.0027638190954772934,-0.0027638190954772934,0.35678391959798994,-0.0032160804020100464,-0.0032160804020100464,0.3717105263157895,0.10405863797424597,0.16383306460900615,0.38613861386138615,0.37688442211055273,0.09868893338874818,0.16486438872157105,0.41414141414141414,0.3712374581939799,0.10245615602369607,0.16322855941756165,0.38926174496644295,15.0,-1.0,-1.0,22.0,0.0,0.0,34.0,-2.0,-2.0,0.0005100534974626989,0.00015295952820068082,0.00019125486421249315,-0.010008164935803698,-0.010420920812961754,-0.011749077911287209,0.10197368421052631,0.15930166402867835,0.45723684210526316,-0.9312198162078857
31,0,test,2.311901092808482,1.0688730958323511,1.4621828566040205,4.655044092276538,2.1521904226894635,2.944124940999987,10.093595288077351,6.627502378335807,7.7546075710640405,20.32359051248007,13.344565599622095,15.614007136331647,2.6027853198424666,1.2006097218029679,1.6444925103290753,4.95768632350946,2.2868756605770812,3.1323666863410953,13.50129112611117,9.43725907011462,10.894049512332414,25.71674500211651,17.975731562123084,20.750570499680784,2.3118484464263465,1.0688864601010342,1.4622818103911266,4.654938088074671,2.1522173318250553,2.944324185787539,10.093063910790361,6.627199792546166,7.75443075783414,20.322520577131943,13.343956339045658,15.613651120503874,0.6130653266331658,-0.001934673366834172,-0.001934673366834172,0.4723618090452262,-0.0026381909547738003,-0.0026381909547738003,0.3668341708542714,-0.0031658291457286047,-0.0031658291457286047,0.3939393939393939,0.1250318309141838,0.1923716447792595,0.3682432432432432,0.40703517587939697,0.11630835883679047,0.1883373461632033,0.41414141414141414,0.3939393939393939,0.1250318309141838,0.1923716447792595,0.3682432432432432,20.0,-7.0,-7.0,31.0,-8.0,-8.0,39.0,-9.0,-9.0,0.0012983988185210056,0.00010497493036904357,0.0002750799043279906,-0.01351165419816791,-0.01037759345521927,-0.012597898116723627,0.08417508417508418,0.1129194295609967,0.8686868686868687,-0.8999617099761963
437,0,test,1.9631484419442031,0.901334333699463,1.239807051600137,4.273520417837721,1.962088345468219,2.698899704163564,7.12171410792344,4.23010217686594,5.0604047524426115,15.503051119289122,9.20838569113674,11.015847080147182,2.256833255597014,1.0299761502176303,1.429801455283268,4.103333191994571,1.8726839094866001,2.5996390096059416,9.552789973004044,6.142296121220262,7.266268168383869,17.368709041825532,11.167811129491383,13.21139666978885,1.995793303172494,0.9105068622502017,1.2554418938011231,4.501789405652242,2.053774877256094,2.831823820604037,7.358037867970211,4.397750223139324,5.261365692667089,16.597077897677167,9.919737345427048,11.867742163910727,0.5628140703517588,-0.0021859296482411583,-0.0021859296482411583,0.36180904522613067,-0.0031909547738693256,-0.0031909547738693256,0.27135678391959794,-0.0036432160804020786,-0.0036432160804020786,0.3510971786833855,0.09757605192282215,0.15818789818286416,0.32389937106918243,0.3316582914572864,0.07852545937708588,0.11963825806830475,0.3434343434343434,0.3511705685618729,0.09240596088240716,0.15539748736053804,0.32885906040268453,20.0,-2.0,-2.0,30.0,-1.0,-1.0,36.0,-3.0,-3.0,0.0008398559675017097,0.00015343600293927823,0.0002431878228418981,-0.026488581374255915,-0.026522240423778598,-0.03192621115503069,0.07836990595611286,0.05354435250754597,0.6238244514106583,-0.8345156908035278
322,0,test,2.388397154048073,1.1135548770563757,1.451864786192883,4.34571774858503,2.026126678741601,2.6416856841460747,10.896015304978173,7.317878293918285,8.344895587066832,19.82543272564321,13.314968798202536,15.183639287687456,2.299651991270608,1.0048887592154665,1.4187989254922178,3.709116114952594,1.6207883213152687,2.2883853636971256,9.970711956168836,6.320580318513423,7.557754716236012,16.081793477691672,10.19448438469907,12.189926961670988,2.4435886397082824,1.124374727984967,1.5573208994151146,4.09539995481835,1.884426918410559,2.6100350269527057,11.514287317661777,7.773807443768142,9.088229263341969,19.297688241891247,13.02872755938795,15.231669156439056,0.4974874371859297,-0.002512562814070307,-0.002512562814070307,0.3919597989949749,-0.0030402010050251116,-0.0030402010050251116,0.29145728643216084,-0.0035427135678391952,-0.0035427135678391952,0.3870967741935484,0.13743234466334708,0.17888563049853368,0.4097035040431267,0.36180904522613067,0.11619501013841138,0.17316129898239108,0.398989898989899,0.3846153846153846,0.13085912418132783,0.1899546504663301,0.4161073825503355,14.0,-3.0,-3.0,20.0,-2.0,-2.0,26.0,-1.0,-1.0,-0.001341676234461267,0.0003291612812458513,-0.0004180596204997181,-0.03419692408475594,-0.035959577524447006,-0.03217478472752067,0.11021505376344086,0.034879364203175174,0.07526881720430108,-1.2830955982208252
292,0,test,2.7220384186149054,1.2862806575140506,1.752699913849039,4.833363089463646,2.2839727059704615,3.1121658726678447,15.21129765609999,11.008469113660357,12.57509760741033,27.009804171408316,19.54708938771743,22.328859213158086,2.61527081269718,1.2113566466802341,1.6682912897210034,4.218178730156742,1.953801043032636,2.690792402775812,13.670918134842792,9.59981433728392,11.093006768931327,22.049867959423857,15.483571511748258,17.89194640150214,2.722740031828291,1.2871976749313503,1.7534531162076936,4.834608902669466,2.2856009997178464,3.113503289676482,15.221973848369078,11.020050515369359,12.585909795478704,27.02876125639894,19.56765379972636,22.348057777869236,0.6030150753768844,-0.0019849246231156137,-0.0019849246231156137,0.46733668341708545,-0.002663316582914521,-0.002663316582914521,0.35678391959798994,-0.0032160804020100464,-0.0032160804020100464,0.39492753623188404,0.11463820530964175,0.17806006635236593,0.42181818181818187,0.40201005025125625,0.1288270928577725,0.18832056778047157,0.4040404040404041,0.39492753623188404,0.11463820530964175,0.17806006635236593,0.42181818181818187,17.0,-6.0,-6.0,26.0,-4.0,-4.0,34.0,-4.0,-4.0,-0.00018657100648271152,9.717916007993547e-05,-2.924147314670004e-05,-0.004900423361333672,-0.005051756261742035,-0.004147901448844138,0.09057971014492754,0.06395426553063437,0.0036231884057971015,-0.7755887508392334
230,0,test,2.3645280230846466,1.1005542300735074,1.5074246770840802,4.344464138800103,2.0221026516410823,2.7696658223532795,10.639016262260322,7.099557607700454,8.282690922821722,19.54759012041806,13.044367893666497,15.218197177473645,2.4084289953402394,1.0733847653988848,1.5051441279710596,3.792801567464944,1.6903697092895822,2.370305713340251,11.116483372650443,7.316319348916318,8.64878750695684,17.506273027795974,11.521762754198928,13.620137806231245,2.37790851610472,1.1165696906991154,1.523968244202693,4.403534289082814,2.067721649442806,2.8221634151901718,10.782328199104283,7.252183626898656,8.43344431617109,19.96727444278571,13.429969679441953,15.61748947439091,0.6130653266331658,-0.001934673366834172,-0.001934673366834172,0.4773869346733668,-0.0026130653266331905,-0.0026130653266331905,0.29648241206030146,-0.0035175879396985854,-0.0035175879396985854,0.39473684210526316,0.10245441189179849,0.17482436945756075,0.3927392739273927,0.38190954773869346,0.08617019936776615,0.1548644726134848,0.38888888888888884,0.38795986622073575,0.09413682782340682,0.16771514986923408,0.3926174496644296,21.0,-9.0,-9.0,32.0,-14.0,-14.0,41.0,-17.0,-17.0,0.0001111128921499595,1.6084902878348546e-05,4.445957587759112e-05,0.00048729044062767457,8.427820529455232e-05,-5.782855820246624e-05,0.08552631578947369,0.16877628176806808,0.003289473684210526,-0.7951200008392334
357,0,test,1.9970010282664268,0.8736737803638588,1.1556970158563193,4.287346840346001,1.8756838222500924,2.481157435171759,7.366929723323082,4.291861006624725,5.0475402049703515,15.816007315608877,9.214164872979634,10.836526993721659,2.166068435691857,0.9892227556762203,1.372550280616318,4.125844639413061,1.8842338203356581,2.6143814868882247,8.723917884449449,5.479792846074286,6.512755915691448,16.61698644657038,10.437700659189119,12.405249363221806,1.9535672545492984,0.829153788683429,1.1926713296233986,4.014179290169791,1.7037406616782786,2.450694512924792,7.053805472658059,3.9753947463343877,4.913612658763141,14.494120834228887,8.168619341782989,10.096464367321522,0.5125628140703518,-0.0024371859296482556,-0.0024371859296482556,0.371859296482412,-0.003140703517587995,-0.003140703517587995,0.2864321608040201,-0.003567839195979916,-0.003567839195979916,0.3403693931398417,0.08872248931902482,0.13704583497757383,0.3492063492063492,0.35678391959798994,0.1036510875177894,0.16813617335425035,0.38383838383838387,0.35451505016722407,0.10242823881497032,0.16541605127957115,0.3557046979865772,15.0,0.0,0.0,26.0,0.0,0.0,32.0,0.0,0.0,-0.00019859124546871417,0.00011089789800654557,7.490911458688413e-06,-0.017960351535255548,-0.02554076028508412,-0.02058077385373913,0.06596306068601583,0.1880398707834521,0.002638522427440633,-0.940693736076355
120,0,test,1.9243720129404405,0.8594185488073447,1.199328470117225,3.543660657975689,1.5825878154866957,2.208519499850012,6.850845072687493,3.950141078543771,4.786024066542364,12.615580560680627,7.274040278781822,8.813288220096304,1.9866256669558393,0.8102418223078187,1.1821480741609585,3.2567633884521956,1.328265282471834,1.937947662558948,7.29089031598014,4.0482631833651155,5.055361978372318,11.95227920652482,6.636497021910024,8.287478653069373,1.9318916628644398,0.8584511507428068,1.2036089946382171,3.577577153452666,1.5897243532274197,2.228905545626328,6.902555206707523,3.9771280335623236,4.83103514270165,12.782509642050966,7.365051914004302,8.946361375373424,0.5226130653266332,-0.002386934673366814,-0.002386934673366814,0.39698492462311563,-0.0030150753768843908,-0.0030150753768843908,0.3015075376884422,-0.0034924623115578646,-0.0034924623115578646,0.3754152823920266,0.12665906348655398,0.18094014427047966,0.3766666666666667,0.40201005025125625,0.1288270928577725,0.19833726227128967,0.41414141414141414,0.37792642140468224,0.1258396100524285,0.184378034307908,0.3791946308724832,20.0,-11.0,-11.0,31.0,-17.0,-17.0,38.0,-21.0,-21.0,0.00018499740335316004,1.4543312611451817e-05,-6.2748553475161e-05,-0.028709558781232936,-0.029518184367780975,-0.02721291760146638,0.08305647840531562,0.07370050744428427,0.04983388704318937,-0.7852334976196289
115,0,test,2.3585289312921875,1.0887135117455187,1.5007392974765512,3.7900060283192376,1.7494933888164983,2.41159262831492,10.57538288918684,7.0151875299562345,8.217439877348507,16.993967879733766,11.27296030825337,13.204903386721877,2.2490333853462223,0.9953630048235336,1.3926249661350216,3.19011827708684,1.4118624181894093,1.9753545618936477,9.478569282844132,5.97539189936854,7.123880848178004,13.444779124601608,8.475733190593676,10.104795529330504,2.3585655587872147,1.0888271076572165,1.5007586447122232,3.7900648863748305,1.7496759302237352,2.411623718092474,10.575770246064938,7.015848898888896,8.217786488007762,16.99459033760724,11.274023086075797,13.20546036801247,0.5829145728643217,-0.002085427135678275,-0.002085427135678275,0.38190954773869346,-0.0030904522613065533,-0.0030904522613065533,0.3015075376884422,-0.0034924623115578646,-0.0034924623115578646,0.3574007220216606,0.07812144274238131,0.1449157280240616,0.3840579710144928,0.35678391959798994,0.07357589954786459,0.14142498804540227,0.3787878787878788,0.3574007220216606,0.07812144274238131,0.1449157280240616,0.3840579710144928,21.0,-9.0,-9.0,30.0,-9.0,-9.0,41.0,-11.0,-11.0,-0.0002758911744614472,-7.218225599175388e-05,-1.6617622720306246e-05,-0.004891557576968353,-0.005042386117172448,-0.00553621423127737,0.09025270758122744,0.054609250298237544,0.01444043321299639,-1.0685791969299316
29,0,test,2.5987409181238097,1.1574249248823847,1.6241562132550893,4.564038737454941,2.032727524324688,2.852424349529251,13.446796753924094,9.220542873373365,10.796730331184596,23.615936799079186,16.19357842136197,18.961757644142946,2.887360579774514,1.3216144510886694,1.8201409490132507,4.4081840912588,2.0177319863949155,2.7788411435316807,17.945880316706226,13.159635558238318,15.038595390044328,27.398290559856832,20.091046653798955,22.959687618388283,2.5989418032660976,1.1575889586544617,1.6243719104080956,4.564391541986083,2.033015608636898,2.8528031676542174,13.44949828694316,9.223088660276362,10.799471116725215,23.62068136644392,16.19804945961036,18.966571148748656,0.6432160804020101,-0.001783919597989958,-0.001783919597989958,0.5226130653266332,-0.002386934673366814,-0.002386934673366814,0.4371859296482412,-0.002814070351758735,-0.002814070351758735,0.39642857142857146,0.12191876750700281,0.1885900916185952,0.39426523297491034,0.44723618090452266,0.15149683253359536,0.225199453024723,0.46464646464646464,0.3928571428571429,0.11834733893557425,0.18501866304716663,0.39426523297491034,20.0,-9.0,-9.0,29.0,-9.0,-9.0,36.0,-10.0,-10.0,0.0005932591859433303,0.00021797960993694596,3.6077578519135104e-05,-0.015757710735422314,-0.014264660836765586,-0.013872360565403419,0.08928571428571429,0.11143966108257136,0.7892857142857143,-0.8243987560272217
380,0,test,1.8505584556396788,0.8521452784073533,1.088197717380144,4.073355681091937,1.8756990898276804,2.395285780210317,6.363372191593253,3.649400374112402,4.2200420975240425,14.006733042415036,8.032875536120978,9.288943237653497,2.7359764301680425,1.2556136961524342,1.7252736174245669,4.274963172137566,1.961896400238178,2.6957400272258853,15.42479732264047,11.030257881856542,12.677265985993836,24.101245816625735,17.234777940400846,19.80822810311537,2.1984310247272507,0.9664374688847714,1.368131597296657,3.902540280580918,1.7155694713930854,2.428635971532527,9.010864578972964,5.582807827596591,6.716859053354796,15.995617595809994,9.910309753130043,11.92341843790792,0.7135678391959799,-0.0014321608040201994,-0.0014321608040201994,0.49246231155778897,-0.002537688442211028,-0.002537688442211028,0.3517587939698492,-0.0032412060301507672,-0.0032412060301507672,0.3429319371727748,0.09848749272833035,0.14645099875635248,0.26771653543307083,0.3869346733668342,0.08367652800342562,0.13818676017818643,0.398989898989899,0.3612040133779264,0.08741436396223357,0.15541980870606875,0.31879194630872487,22.0,-4.0,-4.0,32.0,-6.0,-6.0,43.0,-12.0,-12.0,0.00043739525494126047,0.0014806891749173867,0.00018184699288842162,-0.07790427248715925,-0.11502071110033985,-0.09608058628186633,0.06544502617801047,0.1099193625312879,0.7225130890052356,-0.8186541795730591
319,0,test,2.851634329598255,1.316331829885671,1.8174351289481,5.012500094883889,2.3138006699232605,3.1946219968466605,17.316058874820797,12.673329132851858,14.503206072045762,30.437544481827857,22.276721395012892,25.493213157695344,3.2098275230510995,1.5108220999242936,2.0597898431346184,5.177141166211451,2.4368098385875703,3.32224168247519,24.77481277194577,19.30630693522852,21.61650085956894,39.95937543862221,31.139204734239552,34.86532396704668,2.8511855852815295,1.3160044585528017,1.8168835048410261,5.011711308289893,2.313225228387844,3.1936523718634184,17.308290135031918,12.666123860829426,14.495147931663771,30.42388887089461,22.264056227420667,25.479048848825137,0.7185929648241206,-0.0014070351758793676,-0.0014070351758793676,0.5226130653266332,-0.002386934673366814,-0.002386934673366814,0.39698492462311563,-0.0030150753768843908,-0.0030150753768843908,0.36879432624113473,0.08206866252432055,0.14002074133547437,0.3416370106761566,0.37688442211055273,0.09117013639626703,0.13815320341272297,0.3939393939393939,0.36879432624113473,0.08206866252432055,0.14002074133547437,0.3416370106761566,22.0,-4.0,-4.0,32.0,-1.0,-1.0,38.0,1.0,1.0,0.001321493058310213,0.00018685676435338598,8.210370293981447e-05,-0.020834207205173705,-0.01521786656884494,-0.01841799115930076,0.09219858156028368,0.13862082864671119,0.7872340425531915,-0.899946928024292
206,0,test,2.3733183106616815,1.030165672168251,1.466903244052987,3.9897405114366644,1.7317920218612222,2.46598329135394,10.732948515664384,6.901845947790664,8.25751616820089,18.042956693900667,11.602562647367009,13.881554207083656,2.547632951796516,1.1304401718901809,1.585324744458418,3.8600499269644177,1.7127881392275466,2.40200718857336,12.776824600941438,8.6513016823058,10.159092827871596,19.358825152941574,13.108032851978486,15.392564890714542,2.359866359512048,1.0380551019555417,1.4676668659330583,3.9331105991867465,1.7300918365925693,2.4461114432217634,10.589536167085619,6.8393283454239855,8.149044569141763,17.6492269451427,11.398880575706645,13.581740948569607,0.6281407035175879,-0.0018592964824121205,-0.0018592964824121205,0.4974874371859297,-0.002512562814070307,-0.002512562814070307,0.371859296482412,-0.003140703517587995,-0.003140703517587995,0.39032258064516134,0.11818087372084574,0.17465734459365923,0.39158576051779936,0.40703517587939697,0.12132089016511127,0.1833289989177943,0.43434343434343436,0.3913043478260869,0.11918414749219708,0.17328432557914586,0.3926174496644296,19.0,-10.0,-10.0,34.0,-19.0,-19.0,42.0,-23.0,-23.0,0.0004020272471092048,-2.2155693729970832e-05,6.964647876866808e-05,-0.008887461201833702,-0.007678744856352004,-0.008455256871550354,0.08387096774193549,0.16909670615531883,0.5258064516129032,-1.485555648803711
9,0,test,2.9651282314294116,1.3130247951644263,1.848568384557013,4.974392756674342,2.2027718603087414,3.1012166977765676,19.39719041145429,14.17924650699852,16.342861660969266,32.541339177110814,23.787551705819887,27.417300812810282,3.2233289513969656,1.4849404924687044,2.0425706098007272,4.958967617533793,2.2845238345672376,3.14241632277035,25.11157641077344,19.423407096814913,21.85473334455343,38.63319447811298,29.882164764330632,33.62266668392835,2.9653787006769523,1.313523084028362,1.8486332763813709,4.974812951793571,2.2036078054423176,3.101325562350326,19.40204941963171,14.18539846381708,16.347153802090382,32.54949080267162,23.797872422851025,27.424501444296368,0.7185929648241206,-0.0014070351758793676,-0.0014070351758793676,0.542713567839196,-0.0022864321608039306,-0.0022864321608039306,0.4321608040201005,-0.002839195979899567,-0.002839195979899567,0.405511811023622,0.099028510434231,0.16729191573566393,0.35573122529644263,0.40201005025125625,0.08622057656704574,0.1549315861444115,0.3787878787878788,0.405511811023622,0.099028510434231,0.16729191573566393,0.35573122529644263,20.0,-7.0,-7.0,32.0,-9.0,-9.0,39.0,-6.0,-6.0,0.00039797419176566834,0.0003250906457215439,0.00046188195160887506,-0.017692041546604642,-0.019907181558385112,-0.020942299462142877,0.10236220472440945,0.10956224892143132,0.6338582677165354,-1.010451078414917
331,0,test,2.2644517986996635,1.0249275465019176,1.4203198370629901,4.114674609832315,1.8623683466925085,2.580825069785189,9.625846253011089,6.1718763977569076,7.299888335691891,17.490866971934782,11.214751015436331,13.26443124412307,2.442339211756272,1.123076007310795,1.5348535193365844,4.003834773370938,1.8411082087062218,2.516153310387844,11.49991002880323,7.759245771930088,9.021826000349407,18.852311522628245,12.720075035950963,14.789878689097387,2.2641734898676953,1.0246493175299103,1.4200775022829157,4.114168902320569,1.8618627842921547,2.5803847297579816,9.623167667737967,6.169198088317672,7.297293423044559,17.485999786499477,11.20988433121138,13.25971609797121,0.5678391959798995,-0.0021608040201005485,-0.0021608040201005485,0.4371859296482412,-0.002814070351758735,-0.002814070351758735,0.31155778894472363,-0.003442211055276312,-0.003442211055276312,0.3939393939393939,0.12335115864527624,0.1923716447792595,0.3783783783783784,0.38190954773869346,0.1087265903452097,0.16822006526790878,0.3787878787878788,0.3939393939393939,0.12335115864527624,0.1923716447792595,0.3817567567567568,22.0,-11.0,-11.0,30.0,-12.0,-12.0,39.0,-15.0,-15.0,0.0008914075807160581,0.00011831635577756603,3.365379060224442e-05,-0.010592976523607689,-0.00894364192375896,-0.009986285756666824,0.08417508417508418,0.1462525342814701,0.2356902356902357,-0.8591887950897217
185,0,test,2.88389289438526,1.3483812870658998,1.840695216140332,4.819391481221005,2.253335171002745,3.076061133013038,17.883757423311053,13.240056749725808,15.045479003253757,29.886279183922497,22.126000877058562,25.143115918189164,2.806469893036103,1.302647063225133,1.7824583604166973,4.716756122749754,2.1893227953363583,2.9957283368347856,16.551386802675797,12.05253220822227,13.767044933917273,27.817456811219827,20.256356652474405,23.137890645239114,2.884239377743333,1.3487277704239728,1.840893051250101,4.81997050374557,2.2539141935273106,3.0763917433642627,17.889954921240992,13.246254247655747,15.051254564709073,29.896636076436288,22.136357769572353,25.152767695386302,0.6130653266331658,-0.001934673366834172,-0.001934673366834172,0.48743718592964824,-0.002562814070351749,-0.002562814070351749,0.3919597989949749,-0.0030402010050251116,-0.0030402010050251116,0.4032258064516129,0.1215356656065425,0.1860676295079131,0.45344129554655865,0.40703517587939697,0.12883968715759242,0.1950151424904153,0.4545454545454546,0.4032258064516129,0.1215356656065425,0.1860676295079131,0.45344129554655865,17.0,-1.0,-1.0,25.0,-2.0,-2.0,34.0,-2.0,-2.0,-0.00030912992000137847,-2.9929642331021906e-05,1.7584060749171938e-05,-3.085650767697956e-05,-0.00010133182060556578,-0.00011602607612637428,0.10483870967741936,0.18216219420616966,0.008064516129032258,-0.5978772640228271
494,0,test,2.363905527357137,1.0937227536551544,1.4826237090304597,4.40959300295466,2.040213598164423,2.7656634572298966,10.632395580978859,7.070892128937356,8.21840355766335,19.833507141441334,13.189933394363914,15.330483559487407,2.3141135840742573,1.049807843528163,1.4506316031991027,3.955749716366252,1.7945433222703642,2.4797121422206883,10.115952002390172,6.57531823822827,7.744548485996626,17.292225645111404,11.23986023628764,13.238544420507052,2.3637340568867127,1.0934078645839613,1.4824494654589349,4.409273144577138,2.039626208935467,2.765338425952244,10.630572595405415,7.06855832089234,8.216573877836689,19.830106572198563,13.18557994474148,15.32707050288767,0.5577889447236181,-0.00221105527638199,-0.00221105527638199,0.4170854271356784,-0.0029145728643216184,-0.0029145728643216184,0.3065326633165829,-0.0034673366834171437,-0.0034673366834171437,0.36896551724137927,0.11423229865273898,0.16942423283770958,0.39100346020761245,0.371859296482412,0.10368887041724906,0.16317816125703632,0.398989898989899,0.36896551724137927,0.11423229865273898,0.16942423283770958,0.39100346020761245,15.0,-3.0,-3.0,28.0,-10.0,-10.0,33.0,-5.0,-5.0,-0.00011729691875149441,-5.199970813308994e-05,9.876438923740093e-05,-0.010664179042350064,-0.009342816910357321,-0.009006798387845016,0.08620689655172414,0.08773813905572667,0.0034482758620689655,-0.8080995082855225
91,0,test,2.831250903451483,1.306542473407212,1.7894136279421087,4.536436106666581,2.0934373721638284,2.867128653861788,16.966671223288138,12.372867264483943,14.132251379753635,27.185234573677583,19.824707776048136,22.643720960741618,3.1560237971650476,1.4668236101354435,2.0080022839432496,4.855421226407765,2.2566517079006823,3.089234282989615,23.47706053978777,18.061912672656348,20.32510989585647,36.118554676596574,27.787557957932847,31.26939983977919,2.831031026783388,1.306495833022283,1.789249865287137,4.536083804277928,2.093362641547067,2.866866261425981,16.962941058254057,12.369932844045369,14.128680260929448,27.17925783197525,19.820006034209058,22.637999054443775,0.6934673366834171,-0.0015326633165829717,-0.0015326633165829717,0.5477386934673367,-0.002261306532663321,-0.002261306532663321,0.44221105527638194,-0.0027889447236180143,-0.0027889447236180143,0.402135231316726,0.12149579970038493,0.18438375202678514,0.4035714285714286,0.4371859296482412,0.13894031561315345,0.20179360911401756,0.4545454545454546,0.402135231316726,0.12149579970038493,0.18438375202678514,0.4035714285714286,19.0,-5.0,-5.0,31.0,-8.0,-8.0,38.0,-4.0,-4.0,0.0008848606499853017,-5.8049610438641624e-05,8.558776149743059e-05,-0.02454620211761238,-0.02111495288198828,-0.021754615356094575,0.08896797153024912,0.07976441071170969,0.8861209964412812,-1.099811315536499
469,0,test,2.422062025970919,1.1121478943403251,1.4936680057035727,4.286099957723048,1.9680656365532223,2.643206617936224,11.269072493718141,7.563217010938229,8.7386304197546,19.941839069765926,13.383928141905395,15.463948929075542,2.7172680701036382,1.232857854486219,1.7204343077983908,3.854280950501615,1.7487345453705236,2.440332351487079,15.138907265944342,10.726544963103605,12.429218552773879,21.473627327580626,15.214957394473197,17.630097237977132,2.4808786030426866,1.1154844576562288,1.5647213232246253,4.067014103348667,1.82866304533808,2.5651169233190583,11.951760659439842,8.034493939076631,9.452094267319252,19.59305026137679,13.171301539469887,15.495236503802051,0.5577889447236181,-0.00221105527638199,-0.00221105527638199,0.4321608040201005,-0.002839195979899567,-0.002839195979899567,0.371859296482412,-0.003140703517587995,-0.003140703517587995,0.37777777777777777,0.11702881799969178,0.16956663408276307,0.3732590529247911,0.38190954773869346,0.13128298132265337,0.17990620884052988,0.38888888888888884,0.36789297658862874,0.105789470745557,0.16767050717817267,0.3657718120805369,18.0,0.0,0.0,31.0,0.0,0.0,40.0,0.0,0.0,0.0005184620978025052,0.0003797700754366646,0.00031799100083583157,-0.024413297659522826,-0.03339133229788693,-0.030516164965993298,0.11944444444444445,0.07363402204896582,0.46111111111111114,-0.8577637672424316
372,0,test,1.910395406819057,0.8795691453620149,1.1489802846261639,3.5533354566834463,1.635998610373348,2.137103329404665,6.755759543872586,3.9523783400172388,4.6144552592065295,12.565712751603012,7.351423712432065,8.582886782124145,2.651660493947116,1.2188353589877765,1.675352962582871,4.456572258734648,2.04846278821475,2.8157192648451614,14.177560864720414,9.987039592001679,11.52292490220107,23.82783338608473,16.784940490759126,19.36626033983373,2.196879606730975,1.0260708966172853,1.3972656286074914,3.8768463648193676,1.81071334697168,2.4657628740132203,8.996895800012458,5.772296449555865,6.772213813209664,15.876874941198457,10.186405499216235,11.950965552722938,0.6783919597989949,-0.0016080402010050232,-0.0016080402010050232,0.4773869346733668,-0.0026130653266331905,-0.0026130653266331905,0.3417085427135679,-0.003291457286432098,-0.003291457286432098,0.33692722371967654,0.08659074996462945,0.13067111423776057,0.28918918918918923,0.40703517587939697,0.09375196785934681,0.1666345080997642,0.4191919191919192,0.35451505016722407,0.08239484983333423,0.1442814572862452,0.33221476510067116,16.0,-1.0,-1.0,27.0,-6.0,-6.0,33.0,-4.0,-4.0,0.0005361407041671794,0.0010067775943380449,0.00018585540151484737,-0.066877746750035,-0.08468436982688576,-0.07389241323959794,0.0673854447439353,0.20970449514917067,0.6819407008086253,-1.0491862297058105
205,0,test,2.3322114630206854,1.0112792588557722,1.4379932213299378,4.476593814925611,1.9411132082734954,2.760174908056122,10.30069597169885,6.553783334408337,7.855272659680516,19.771805690643433,12.579745192220031,15.0779059105277,2.459793600532916,1.0961707715537419,1.5359414238597089,4.27790191397029,1.9063839505282472,2.671202476277755,11.70239592241635,7.792061779160223,9.18342066063129,20.351992908550177,13.551411789843867,15.971166366315288,2.3317480744022543,1.0108158682213273,1.437459677986434,4.475704357577482,1.9402237470557022,2.7591507913028197,10.295923852181973,6.549011207337632,7.850328976145555,19.76264578338285,12.570585270460155,15.06841669246731,0.5628140703517588,-0.0021859296482411583,-0.0021859296482411583,0.4371859296482412,-0.002814070351758735,-0.002814070351758735,0.3266331658291457,-0.0033668341708542604,-0.0033668341708542604,0.38596491228070173,0.10575475466248807,0.17242932301582425,0.397887323943662,0.39698492462311563,0.10876437324466948,0.18162599307052796,0.4292929292929293,0.38596491228070173,0.10575475466248807,0.1735961841593482,0.397887323943662,17.0,-3.0,-3.0,26.0,-4.0,-4.0,36.0,-7.0,-7.0,0.0006858712628121839,3.115341344425525e-05,1.227104648719269e-05,-0.0002872636165145437,0.00015787518124010802,8.758024202748516e-06,0.1543859649122807,0.07875562739736612,0.2982456140350877,-0.7052724361419678
224,0,test,2.3477931805959766,1.0144081337132447,1.4123789779470048,4.123238769902387,1.7815227422924145,2.4804466627626502,10.462455479859479,6.668591396071454,7.914186741023753,18.374362111395005,11.71150628265285,13.89904437602679,2.8295811441542438,1.2984011085768896,1.7827402206948941,4.491398641514673,2.0609541405982377,2.8297463820553874,16.938364605465793,12.31473495357948,14.089726781671947,26.886293024548877,19.547198339015047,22.364645685193565,2.516101410352594,1.1670060657477297,1.5912914967545149,4.250363399409184,1.9713831280145264,2.6881138843480223,12.380236993798652,8.526299525934041,9.85884806074599,20.913507690089247,14.403183944939425,16.654212260808194,0.5979899497487438,-0.0020100502512562235,-0.0020100502512562235,0.4321608040201005,-0.002839195979899567,-0.002839195979899567,0.3668341708542714,-0.0031658291457286047,-0.0031658291457286047,0.34943181818181823,0.09836798839458416,0.14806329423264908,0.32763532763532766,0.3919597989949749,0.12629563859397241,0.18160921468779623,0.38383838383838387,0.3557046979865772,0.10444841657954207,0.15704398370086292,0.3434343434343434,23.0,-9.0,-9.0,33.0,-10.0,-10.0,43.0,-12.0,-12.0,0.0006378380968877062,0.0006387762272008376,0.00041170483660035436,-0.02268971455173574,-0.028356094393321207,-0.0290362638691386,0.07670454545454546,0.05990643346896022,0.6079545454545454,-1.2464063167572021
154,0,test,2.069981305820737,0.890108279606034,1.2611065567598043,3.390826520011112,1.458082134211789,2.0658126453589176,7.92467497117024,4.670713962258926,5.6792950224614165,12.981372333726489,7.651074300081288,9.303226132032036,2.1513578215779527,0.9680934481604608,1.3366158842050477,3.4699319702870204,1.561441045420098,2.155832071298464,8.59652302059979,5.331507966665182,6.337930281839242,13.865359710644823,8.599206397847068,10.222468196514907,2.1640664974439567,0.9290060968587621,1.32326890917168,3.6269270906881954,1.556993458422506,2.217769121516782,8.706470609575511,5.2678844025234906,6.388255388688518,14.591850183646109,8.828856540542162,10.706573277131595,0.507537688442211,-0.0024623115577889765,-0.0024623115577889765,0.40201005025125625,-0.002989949748743781,-0.002989949748743781,0.2814070351758794,-0.003592964824120637,-0.003592964824120637,0.36443148688046645,0.11843439808861778,0.17479316820988966,0.3771929824561403,0.3869346733668342,0.1312955756224733,0.1916091307958826,0.41414141414141414,0.3745819397993311,0.12249512844707733,0.18325824680711755,0.3926174496644296,16.0,-6.0,-6.0,28.0,-13.0,-13.0,33.0,-10.0,-10.0,-0.0004870816177117766,0.00016005558416949304,0.00012991814903743864,-0.007562385865965915,-0.011302899961616042,-0.009409242831525333,0.08746355685131195,0.10286849261999105,0.717201166180758,-0.9946222305297852
126,0,test,2.4871195608459096,1.0528096545840084,1.5081025908753904,3.9647611822896556,1.6783024493662722,2.404092953689593,12.02658433623215,7.829836476399876,9.3647460478265,19.171790324228894,12.481680500613919,14.928506935064597,2.6233415759388983,1.187505312796778,1.6417240994629974,3.886431964353923,1.7592671300693006,2.432183851056292,13.781699321439467,9.578540835429713,11.112929896922331,20.417332328058468,14.190430867303277,16.463599847292343,2.4871997658155074,1.0527989941535434,1.5083431810946732,3.9648890384470734,1.6782854553859425,2.4044764828038616,12.027548966746766,7.830419750415453,9.366137563705651,19.173328058755136,12.482610308015222,14.930725175083712,0.6381909547738693,-0.0018090452261306789,-0.0018090452261306789,0.4824120603015075,-0.0025879396984924696,-0.0025879396984924696,0.37688442211055273,-0.003115577889447274,-0.003115577889447274,0.3851851851851852,0.10607243102622033,0.16474183543149057,0.39033457249070636,0.4120603015075377,0.1213334844649312,0.18334577730052604,0.4292929292929293,0.3851851851851852,0.10607243102622033,0.16474183543149057,0.39033457249070636,25.0,-16.0,-16.0,38.0,-18.0,-18.0,45.0,-20.0,-20.0,0.00021558779003008947,0.00041924433649544206,1.550047203671623e-05,-0.017899375308150667,-0.018659380246737634,-0.01581390148381967,0.09259259259259259,0.18968573550925014,0.6666666666666666,-0.7387292385101318
75,0,test,2.15845433292671,0.9537920987309014,1.3433590075096462,3.8943541139048055,1.720862992948346,2.4237323892105263,8.657745319212,5.3221130939410966,6.398354279734294,15.620588115615302,9.602331031925473,11.54412068459997,2.6346458674710376,1.2191308356906725,1.6714096684007946,4.181977567414346,1.9351283106201151,2.6530312196838013,13.93837555686932,9.81976842348396,11.318213422854077,22.124405645824318,15.5869340055301,17.96541813151441,2.191296793474956,0.9718456801394613,1.3639878330194124,3.7565087888142097,1.666021165953362,2.3382648566047064,8.946807757066647,5.561478695475664,6.659652131908043,15.337384726399966,9.533963477958281,11.416546511842359,0.5477386934673367,-0.002261306532663321,-0.002261306532663321,0.40703517587939697,-0.00296482412060306,-0.00296482412060306,0.3467336683417085,-0.003266331658291488,-0.003266331658291488,0.33235294117647063,0.09740433618381272,0.14057211925866242,0.31858407079646023,0.3668341708542714,0.1262326670948729,0.16483083195610782,0.38888888888888884,0.3277591973244147,0.09069742770838796,0.13198611612307987,0.31879194630872487,20.0,-5.0,-5.0,30.0,-11.0,-11.0,41.0,-13.0,-13.0,0.0013175108726316187,0.00036402742144138754,0.000743470726856001,-0.06297246859198946,-0.0675548964703232,-0.07866129079231587,0.07647058823529412,0.1175044251009019,0.5352941176470588,-0.9239137172698975
313,0,test,2.7964993146400907,1.3081882845023578,1.7921640858033048,4.7298815568604,2.212614752800284,3.031191108087071,16.38717988233176,11.957572158825243,13.657088099171936,27.716588196042604,20.224535626655037,23.099025550451294,2.8857771042989895,1.3274734863134094,1.829947931042961,4.544530872911794,2.0905094272652116,2.8818077654219856,17.917485942168877,13.166730632412973,15.043128435722924,28.216513294754137,20.735008869941687,23.68996604050854,2.7964379363159995,1.307936905472793,1.7921904294412454,4.729777744139406,2.212189580861391,3.0312356646105014,16.38617409556107,11.955724663502039,13.656321790905077,27.71488705051687,20.221410850614557,23.097729448814757,0.6834170854271358,-0.0015829145728643024,-0.0015829145728643024,0.5326633165829145,-0.0023366834170853723,-0.0023366834170853723,0.3919597989949749,-0.0030402010050251116,-0.0030402010050251116,0.3772893772893773,0.08295665334056557,0.1397741519544199,0.36764705882352944,0.40703517587939697,0.10377703051598841,0.1683039571815672,0.398989898989899,0.3772893772893773,0.08112849977566616,0.1397741519544199,0.36764705882352944,16.0,0.0,0.0,28.0,0.0,0.0,37.0,0.0,0.0,-6.126581679332955e-05,0.0004113999435630875,0.0001682364682542492,-0.00020410455418851114,0.00020435748183800229,5.0812707827141423e-05,0.1282051282051282,0.1160207994865756,0.1282051282051282,-0.7815275192260742
281,0,test,2.384735303495372,1.0594487100022651,1.484026114496893,3.677949970565001,1.633975622391553,2.288796494995208,10.856188689371997,7.0929249620096115,8.39484063607424,16.743375590573727,10.939337006084477,12.947266652651814,2.7784569521790212,1.2580021038801983,1.7267865659618864,3.7546715569986775,1.7000028430813492,2.333495359407955,16.094167707677855,11.519862370645212,13.231739219658047,21.74887528064575,15.567381581952988,17.880728675213575,2.4539646960029593,1.0992123171184696,1.5113093184826978,3.680947044004439,1.6488184756777042,2.2669639777240462,11.63438218916193,7.75858108155705,9.067594020475745,17.451573283742896,11.637871622335577,13.601391030713621,0.6482412060301508,-0.0017587939698492372,-0.0017587939698492372,0.4824120603015075,-0.0025879396984924696,-0.0025879396984924696,0.37688442211055273,-0.003115577889447274,-0.003115577889447274,0.37540453074433655,0.12500065352301182,0.17195996669697378,0.35389610389610393,0.39698492462311563,0.11628317023715073,0.17160929857970997,0.398989898989899,0.3812709030100334,0.13586188798499166,0.18327312770413795,0.36241610738255037,20.0,-11.0,-11.0,33.0,-21.0,-21.0,40.0,-25.0,-25.0,0.0010934073388347348,0.00027112001944571746,0.0002441915324918656,-0.029511397444959897,-0.03227438263231264,-0.03882825344693952,0.15210355987055016,0.0469143239948962,0.9093851132686084,-1.3723728656768799
443,0,test,2.0103511641836245,0.9275765369273739,1.2612919819942023,3.897847535000472,1.7984678410425192,2.4455050095332034,7.465938657290747,4.513077372700453,5.350929415373707,14.47562550774706,8.750355572624766,10.374857588696798,2.604268669415309,1.1986802633440248,1.651595852134373,4.133759792722713,1.902667084673055,2.6215807176736075,13.521333121503652,9.443407609901577,10.928703088399477,21.46243352619627,14.98953588873266,17.347147759364248,2.263591020736895,1.0584049056308882,1.4509066808861175,3.9481238733783055,1.8460550679608514,2.530651187592065,9.61756410174153,6.280183944610275,7.363613859970686,16.774821107688716,10.953809205715597,12.843512546460499,0.6381909547738693,-0.0018090452261306789,-0.0018090452261306789,0.4522613065326633,-0.0027386934673366836,-0.0027386934673366836,0.31658291457286436,-0.003417085427135591,-0.003417085427135591,0.3390804597701149,0.090873860057059,0.15237469241918633,0.2997118155619597,0.38190954773869346,0.08115766803944535,0.1565339216952878,0.3939393939393939,0.3612040133779264,0.09576160937124856,0.1643185851243113,0.3389261744966443,23.0,-7.0,-7.0,33.0,-8.0,-8.0,40.0,-7.0,-7.0,0.0007446177229760388,0.0005501855068909715,0.00043284846169734155,-0.04703289521048504,-0.06553381958350268,-0.0610317615940934,0.07183908045977011,0.09518886661831194,0.9396551724137931,-1.1002728939056396
333,0,test,2.7199490332079646,1.274631015874741,1.729842975186827,4.576837315494171,2.144811805558458,2.9107934678624487,15.179548572342979,10.936347232493507,12.488028657854715,25.54250961692328,18.40250736236888,21.01350976081322,3.052715804570566,1.429357301833693,1.9608491273098363,4.239883061903564,1.985218474769018,2.723401565708106,21.172767511081464,16.10267784666033,18.192936243608944,29.4066215431687,22.364830342583794,25.267967005012423,2.831474377283039,1.3632362917264291,1.844806645611134,4.6011458630849384,2.2152589740554474,2.997810799118093,16.970463254009196,12.628884346364442,14.288181771888222,27.577002787764943,20.52193706284222,23.218295379318363,0.6331658291457287,-0.0018341708542712887,-0.0018341708542712887,0.5326633165829145,-0.0023366834170853723,-0.0023366834170853723,0.39698492462311563,-0.0030150753768843908,-0.0030150753768843908,0.36389684813753587,0.08492689105599083,0.1517756360163237,0.31896551724137934,0.39698492462311563,0.10124557625218833,0.17828709490692196,0.36363636363636365,0.38590604026845643,0.09947387946443631,0.17162032598274213,0.3400673400673401,14.0,0.0,0.0,25.0,0.0,0.0,32.0,0.0,0.0,0.0003962550670709506,0.0004708717508561554,0.0003115932178297286,-0.006108931818247676,-0.008555505105916517,-0.007415266017168243,0.07449856733524356,0.1944701884992066,0.7593123209169055,-0.7119731903076172
306,0,test,2.3643034704009414,1.1105299600914922,1.5156824045464774,3.9749852096115825,1.8670784954038213,2.548241042643765,10.63662751081696,7.13308882677472,8.30020465447393,17.88283000256101,11.992505590014996,13.954719075334292,2.2964113673342994,1.030054172107321,1.4398680109638367,3.5603277012934873,1.59698321256949,2.2323535053702894,9.938452926264935,6.3905482569780165,7.583446735192394,15.40845414924796,9.907826755004677,11.757281759988208,2.3644360151437835,1.1104843337635673,1.5157889107669158,3.975208050460486,1.8670017861399972,2.5484201062268768,10.638037433311931,7.133874464417783,8.301553739177951,17.88520043475568,11.993826443302396,13.956987223992929,0.5527638190954773,-0.0022361809045226,-0.0022361809045226,0.42211055276381915,-0.0028894472361808976,-0.0028894472361808976,0.29145728643216084,-0.0035427135678391952,-0.0035427135678391952,0.39179104477611937,0.12177242280219014,0.1870764045776082,0.39700374531835203,0.37688442211055273,0.10871399604538978,0.16987273596698016,0.3737373737373737,0.39179104477611937,0.12177242280219014,0.1870764045776082,0.39700374531835203,18.0,-5.0,-5.0,29.0,-10.0,-10.0,36.0,-9.0,-9.0,-0.0003536952302584771,-7.877412527825751e-05,8.593568530813909e-06,-0.00484498398644817,-0.0040197280256411005,-0.00474571962506154,0.10074626865671642,0.08866626616055322,0.0037313432835820895,-0.6707990169525146
249,0,test,1.761114850113038,0.8004485080051965,0.917505211206461,3.335670923731051,1.5161037418573005,1.73781707376817,5.818921004343868,3.205483667646769,3.494177670484246,11.021430885346225,6.071403387449601,6.618209401298551,2.26984608207266,0.9973718418164774,1.409682712096195,3.1746099049967276,1.3949256528901783,1.9715842127219512,9.67791109541179,6.108237219776184,7.31436430066128,13.535539993582924,8.54298911856809,10.229880140785008,2.1712254144538545,0.9625914717439739,1.3591545933288383,3.410301698095059,1.5119237776083356,2.1347977905688555,8.76902314717959,5.420116419221943,6.516455321976418,13.773334786145952,8.513271862652267,10.235270139229975,0.5175879396984925,-0.002412060301507535,-0.002412060301507535,0.4170854271356784,-0.0029145728643216184,-0.0029145728643216184,0.29145728643216084,-0.0035427135678391952,-0.0035427135678391952,0.34080717488789236,0.10452498003906818,0.12282086012738402,0.31685393258426964,0.371859296482412,0.11120766740973032,0.16818650850244543,0.4242424242424242,0.36789297658862874,0.112467267072769,0.17656928359641522,0.38590604026845643,17.0,-2.0,-2.0,27.0,-5.0,-5.0,35.0,-7.0,-7.0,0.0008206262111884067,0.0005913300305789344,0.00039064274782665457,-0.08100918081177522,-0.08256716502886086,-0.0863288167613776,0.11434977578475336,0.04983642839993949,0.5852017937219731,-1.316863775253296
441,0,test,2.1607963455018377,0.9538831682791806,1.3293150953562598,3.864929545820297,1.7061724710972972,2.3776924643743405,8.678045630134605,5.334896630023941,6.381327394022259,15.522071307508803,9.542315106279936,11.414023740854246,2.66759938906269,1.166561599336824,1.6487353050774136,4.041817256155591,1.7675175747527634,2.498083795571839,14.40534601983566,9.91900348438438,11.635299583759137,21.826281848235848,15.028793158158152,17.62924179357445,2.220971292588116,0.9536521637278343,1.3597377233075347,3.7643581230307053,1.6163595995387023,2.3046402089958216,9.216278222655854,5.664959062546304,6.850200607770934,15.62081054687433,9.601625529739497,11.610509504696498,0.6030150753768844,-0.0019849246231156137,-0.0019849246231156137,0.457286432160804,-0.0027135678391959628,-0.0027135678391959628,0.3668341708542714,-0.0031658291457286047,-0.0031658291457286047,0.34682080924855496,0.09429555672330248,0.14936235372558326,0.3188405797101449,0.39698492462311563,0.11628317023715073,0.17995654398872496,0.3939393939393939,0.3511705685618729,0.09908375720961915,0.15539748736053804,0.3221476510067114,22.0,-13.0,-13.0,32.0,-21.0,-21.0,39.0,-23.0,-23.0,0.0015453854263498194,9.122213180816786e-05,0.000690845533329257,-0.05875387288402667,-0.06227795283667348,-0.06508150713812988,0.1329479768786127,0.04787538545816834,0.35260115606936415,-1.0150482654571533
488,0,test,2.0212587196890768,0.9083474699210219,1.2572274000880497,3.1893228039315082,1.4332718872120647,1.9837658473751136,7.54781954595271,4.504614505194731,5.400905852105664,11.909624811201764,7.107783691613797,8.522032349553662,2.424559826941759,1.1068250084428168,1.5341279724306807,3.4390919531088784,1.5699645509827191,2.1760680460009656,11.297255577147114,7.562304132152111,8.861074077025785,16.024475995953352,10.726672527875333,12.568899400036573,2.0678693846189247,0.9174788442912336,1.270180784313464,3.1651062009473336,1.4043043535069901,1.9441542617042817,7.907956342508372,4.7485297902468355,5.687553588163542,12.104014809961795,7.268157842214545,8.705439165556442,0.5979899497487438,-0.0020100502512562235,-0.0020100502512562235,0.4371859296482412,-0.002814070351758735,-0.002814070351758735,0.29145728643216084,-0.0035427135678391952,-0.0035427135678391952,0.3514376996805112,0.0994440792658382,0.15696373581228595,0.3012820512820513,0.3417085427135679,0.06852558532008413,0.1296885093245862,0.36868686868686873,0.3612040133779264,0.10744775294386966,0.1665432792288719,0.3120805369127517,20.0,-6.0,-6.0,32.0,-11.0,-11.0,39.0,-8.0,-8.0,0.0010779392673737718,5.640684305258656e-05,0.00037296902793276695,-0.04519162688710754,-0.044205264804230815,-0.053127794184814725,0.08306709265175719,0.03816418604562338,0.7955271565495208,-1.2364623546600342
426,0,test,2.442719824295522,1.0972860053949955,1.531356490654112,4.165331492295833,1.871094633477016,2.611272628572041,11.504287871838564,7.664435892150204,9.016576068139715,19.61713827856865,13.069413804533584,15.375086358966566,2.7270590890584114,1.2564170801663568,1.7261198178328763,4.1954755216283255,1.9329493541020875,2.6555689505121176,15.287860606492767,10.935832321280076,12.567024374678368,23.51978554845041,16.824357417353962,19.333883653351336,2.442713744354181,1.0970763292051746,1.5313441189141124,4.1653211247658,1.8707370931533327,2.611251532252388,11.504217926655764,7.663584087920538,9.016490470725886,19.61701900788122,13.06796130599167,15.374940398058593,0.6783919597989949,-0.0016080402010050232,-0.0016080402010050232,0.5025125628140703,-0.0024874371859296973,-0.0024874371859296973,0.3869346733668342,-0.0030653266331658324,-0.0030653266331658324,0.3877551020408163,0.09913031426492502,0.16490442330778465,0.378839590443686,0.39698492462311563,0.09372677925970707,0.15658425684348287,0.4191919191919192,0.3877551020408163,0.09913031426492502,0.16490442330778465,0.378839590443686,22.0,-10.0,-10.0,33.0,-11.0,-11.0,38.0,-10.0,-10.0,0.0007043551772893842,-2.194560495153061e-05,0.00025999331297427635,-0.02079280474028966,-0.01691688982847772,-0.019739795933622517,0.09183673469387756,0.10152812470464453,0.8877551020408163,-1.0478894710540771
43,0,test,2.2437175742862174,0.9875573105438973,1.3946780845762992,4.0386916337151915,1.7776031589790153,2.5104205522373384,9.428316684412433,5.91640593032976,7.09091600845262,16.97097003194238,10.649530674593567,12.763648815214715,2.204147714604165,0.96269718214453,1.3198156673710426,3.8669258150950268,1.6889424248149654,2.3154660831070926,9.062524418244704,5.601894836842947,6.641157925487429,15.899165646043343,9.827885678671837,11.651154255241105,2.2057396259075874,0.9464241468013925,1.3529412070284446,4.03488955958705,1.731263683173279,2.474892451881301,9.076962642440709,5.553953553979973,6.73075930898164,16.604199955684223,10.159671135329218,12.312364589600561,0.542713567839196,-0.0022864321608039306,-0.0022864321608039306,0.4170854271356784,-0.0029145728643216184,-0.0029145728643216184,0.29648241206030146,-0.0035175879396985854,-0.0035175879396985854,0.3777089783281734,0.11495781913188285,0.17894481766905912,0.36645962732919257,0.3919597989949749,0.12629563859397241,0.18995646009681133,0.3737373737373737,0.3812709030100334,0.12083684624876467,0.18327312770413795,0.36241610738255037,13.0,-3.0,-3.0,23.0,-12.0,-12.0,30.0,-16.0,-16.0,0.000565671157390336,0.00010987559176116419,-1.6818310251395274e-05,-0.02004126727298683,-0.01976026213996107,-0.02105697361785097,0.07739938080495357,0.12259914377950981,0.0030959752321981426,-0.893352746963501
264,0,test,1.835469409831183,0.8333419923781489,1.1558312894847311,3.486160020014932,1.5827904955907126,2.195303724323349,6.268075751352616,3.544004846982277,4.294912196081206,11.905137165320742,6.731230682523385,8.157450681147525,2.0109689203755856,0.8840140929127904,1.2421167618581501,3.3516148672926427,1.4733568215213173,2.0701946030969167,7.470552212004366,4.3843081814679605,5.313263605273121,12.45092035334061,7.307180302446601,8.85543934212187,1.8352850424356284,0.8331847433980466,1.1556775762423588,3.485809845699885,1.5824918280647462,2.195011772326091,6.26692022907479,3.5429231961893137,4.293817158534197,11.90294244851118,6.729176271956885,8.155370844732738,0.5226130653266332,-0.002386934673366814,-0.002386934673366814,0.35678391959798994,-0.0032160804020100464,-0.0032160804020100464,0.27135678391959794,-0.0036432160804020786,-0.0036432160804020786,0.34042553191489366,0.09617774430427417,0.15528402248093143,0.3345195729537367,0.3467336683417085,0.08357577360486634,0.14139143127993892,0.36868686868686873,0.34042553191489366,0.09617774430427417,0.15528402248093143,0.3345195729537367,16.0,-5.0,-5.0,26.0,-13.0,-13.0,33.0,-13.0,-13.0,0.00040799543960586335,0.00017942410948351196,9.087918662472217e-05,-0.018960692164071702,-0.01879977501112151,-0.018749822407118977,0.09574468085106383,0.0982899877930663,0.9893617021276596,-0.9354678392410278
475,0,test,2.6928293803086376,1.2549400257837993,1.7202692878470653,4.3474594814621375,2.02604775247023,2.777302223753093,14.773416456284414,10.56161963719758,12.128709963183251,23.85105789327845,17.05128953475272,19.581290783934406,2.4925428488915355,1.14607466126188,1.5758642578072035,3.720213207300799,1.7105591959132536,2.352036205682393,12.091985150722643,8.248159293348913,9.591015314629427,18.047739030929318,12.310685512461063,14.314948230790192,2.6930791260295672,1.2550826638060453,1.7206160833388053,4.347862685397133,2.0262780355422905,2.7778621104506014,14.77710651459684,10.564858555485536,12.132656677200302,23.857015336818993,17.056518631747732,19.587662587287234,0.5879396984924623,-0.002060301507537776,-0.002060301507537776,0.46733668341708545,-0.002663316582914521,-0.002663316582914521,0.3517587939698492,-0.0032412060301507672,-0.0032412060301507672,0.4269662921348315,0.13911582484511187,0.2115241999804106,0.47744360902255634,0.44221105527638194,0.15900303522625658,0.22518267464199127,0.45959595959595956,0.4269662921348315,0.13911582484511187,0.2115241999804106,0.4736842105263158,22.0,-8.0,-8.0,33.0,-8.0,-8.0,41.0,-11.0,-11.0,-0.0004840668774444717,-0.00038686251416384347,-1.551311369979049e-05,-0.00016252502302549487,0.00022759863213561715,7.184004964067014e-05,0.09363295880149813,0.09429275166422782,0.5430711610486891,-0.6303813457489014
478,0,test,2.1869131536593995,1.0017299268705298,1.378800323731444,4.171334348646632,1.910707082734529,2.629933950821087,8.907674011151128,5.6363878573362864,6.664004208806681,16.990563391640116,10.7508879501044,12.710970990872003,2.119886965617622,0.9374435082498376,1.3183394888698157,3.4469706758010115,1.52429838739811,2.1436414453167734,8.33019583592778,5.0678599854024835,6.101208268488165,13.545033879557366,8.240422740491844,9.920663851200269,2.186606231977009,1.018394546468269,1.3888109072794388,4.205011984571171,1.9584510509005177,2.670790206306613,8.90494047237006,5.688704620960642,6.684300734245284,17.124885523788574,10.939816578770465,12.854424488933237,0.5527638190954773,-0.0022361809045226,-0.0022361809045226,0.40201005025125625,-0.002989949748743781,-0.002989949748743781,0.29145728643216084,-0.0035427135678391952,-0.0035427135678391952,0.37662337662337664,0.1108211075796165,0.1692799640963788,0.3908794788273615,0.3869346733668342,0.11375171597335043,0.1732451908960495,0.3939393939393939,0.37792642140468224,0.1091451192343984,0.16769282852370337,0.3926174496644296,21.0,-9.0,-9.0,29.0,-6.0,-6.0,40.0,-10.0,-10.0,-0.0004220074403599427,9.12979195101483e-05,-0.00015253036375343005,-0.014991705599978644,-0.016911864284040234,-0.01523380111697481,0.1038961038961039,0.04063921927429155,0.003246753246753247,-1.1752333641052246
316,0,test,2.9691831381518954,1.3640179019496927,1.8691260282450946,4.46360643947338,2.0505434684939097,2.809878201401567,19.476003891917532,14.497321698602992,16.471666295430257,29.27849591698861,21.79398692438993,24.762041384520987,2.8895677524184915,1.3391598188132041,1.8350000683099834,4.187779351331147,1.940811331613339,2.6594203888550485,17.985533717666282,13.272141175986974,15.114799895920795,26.065990895168525,19.234987211575323,21.905507095537384,2.9693501739035546,1.3641669821853137,1.8692204685496583,4.4638575461993835,2.0507675824905047,2.810020174574652,19.479257352581495,14.500485763656414,16.474701646946407,29.28338688103311,21.79874349900666,24.766604462628045,0.6834170854271358,-0.0015829145728643024,-0.0015829145728643024,0.4974874371859297,-0.002512562814070307,-0.002512562814070307,0.4170854271356784,-0.0029145728643216184,-0.0029145728643216184,0.4336283185840708,0.14003008458848587,0.1953930244664237,0.4666666666666667,0.42211055276381915,0.12135867306457104,0.18337933406598939,0.45959595959595956,0.4336283185840708,0.14003008458848587,0.1939224362311296,0.4666666666666667,18.0,-5.0,-5.0,29.0,-7.0,-7.0,39.0,-8.0,-8.0,-0.00026198100905896245,-0.0001771539337713945,-4.2867631091100685e-05,-0.006879845009920338,-0.006000987437256633,-0.006236314809059174,0.11061946902654868,0.09287176692095267,0.022123893805309734,-0.44730424880981445
122,0,test,1.8177254436115489,0.784775867614194,1.095442897578981,3.1991967807563255,1.381205527000981,1.927979499739006,6.157836163104224,3.348496175229062,4.098708258196608,10.837791647063433,5.893353268403148,7.21372653442603,2.125847048526503,0.9429676202583759,1.3187544161199378,3.6971253017852233,1.6399436874058715,2.2934859410781536,8.379992743195588,5.116234299090149,6.138610760010162,14.573900422948851,8.897798781026346,10.675844800017675,1.9445620604675442,0.8810525136299692,1.2232589051350855,3.5142687839774895,1.592263578849342,2.210708864701962,6.990569737728259,4.0940510978709765,4.933457536299302,12.633559766978781,7.3988875262728495,8.915887113793918,0.507537688442211,-0.0024623115577889765,-0.0024623115577889765,0.35678391959798994,-0.0032160804020100464,-0.0032160804020100464,0.2864321608040201,-0.003567839195979916,-0.003567839195979916,0.3162393162393162,0.08579834895624372,0.13539865152768382,0.30000000000000004,0.3517587939698492,0.09611969622548833,0.15977214956250363,0.3535353535353535,0.33444816053511706,0.0940474927554843,0.15424793806570658,0.325503355704698,21.0,-10.0,-10.0,30.0,-14.0,-14.0,35.0,-11.0,-11.0,-0.0002469182797799334,0.00043589070581241223,0.00023700660082215543,-0.040449986173150876,-0.05424637708592428,-0.051985814092418536,0.07407407407407407,0.11870917679599137,0.6809116809116809,-1.4015839099884033
231,0,test,1.908625281285285,0.8550496885972219,1.049376445634218,3.7102248458629843,1.662152665684319,2.03990935226091,6.743811579222363,3.8759243755856287,4.382425341043179,13.109465499796745,7.534507197400101,8.519107205018518,2.448103325162931,1.0651391013452558,1.5034021289993358,3.795509031260358,1.6513784516980707,2.3308560139524586,11.566388224242996,7.579686618422874,8.994343497318793,17.932384843787588,11.75145212158585,13.944718600494252,2.066468308006347,0.9270581498288515,1.2924720088916646,3.6682869372893734,1.645665354725772,2.29432900986686,7.896884447921073,4.7719598376706465,5.7284698529990115,14.018138073232674,8.470934623083988,10.168881395856234,0.5477386934673367,-0.002261306532663321,-0.002261306532663321,0.4120603015075377,-0.0029396984924623393,-0.0029396984924623393,0.3015075376884422,-0.0034924623115578646,-0.0034924623115578646,0.3349397590361446,0.0966726110217041,0.1237960640214818,0.3067632850241546,0.37688442211055273,0.11372652737371058,0.17321163413058616,0.3787878787878788,0.3377926421404682,0.09906142344263846,0.15425537851421678,0.3221476510067114,16.0,-5.0,-5.0,27.0,-14.0,-14.0,33.0,-12.0,-12.0,0.000405040553471126,0.0010309474386768832,-1.4358459904229624e-05,-0.05442510022556668,-0.07072814474449274,-0.06271945555413794,0.060240963855421686,0.11327876348217061,0.27228915662650605,-1.2143696546554565
471,0,test,2.727213955497819,1.2633658024601386,1.7309950511504313,4.665835923863739,2.161421011437828,2.9614614128115813,15.290228366369591,10.967666923919305,12.582205214773378,26.159185879813037,18.763960279476404,21.526182415636384,2.9350909428866996,1.3339984480505807,1.8547854661848153,4.658874512518571,2.1174578540485407,2.944103914579072,18.823214894846785,13.864768351194723,15.877635675377023,29.878118880709184,22.0075688114202,25.20259631012226,2.7271738961325718,1.2634264771213501,1.731048500064262,4.665767388564159,2.1615248162799006,2.961552855531629,15.289615861795104,10.967489826433008,12.581845920944664,26.15813798042054,18.76365729341551,21.52556772017039,0.6633165829145728,-0.0016834170854271857,-0.0016834170854271857,0.5125628140703518,-0.0024371859296482556,-0.0024371859296482556,0.371859296482412,-0.003140703517587995,-0.003140703517587995,0.37809187279151946,0.097668592368239,0.1607005684436934,0.35815602836879434,0.38190954773869346,0.09118273069608696,0.1598728198588938,0.3787878787878788,0.37809187279151946,0.09590492393790395,0.1607005684436934,0.35460992907801414,15.0,-1.0,-1.0,28.0,-4.0,-4.0,34.0,-1.0,-1.0,0.0006250986205006102,0.00038593231433420153,0.000151734963649021,-0.0002734037727947225,0.00016562223134020115,1.5767138139999304e-05,0.08833922261484099,0.10413715956680379,0.6254416961130742,-0.6845567226409912
81,0,test,2.5338049686075745,1.1383680399044134,1.5902918420368553,3.911634398541647,1.7573884487003615,2.4550588344808593,12.601362822288248,8.564624868240813,10.032372048981681,19.453716799385084,13.221886317330288,15.487763301423335,3.074225439174096,1.431157051312556,1.9503973148422926,4.487920349159264,2.089280366879644,2.8472953501347336,21.63311925378501,16.462107389183608,18.55650992185146,31.58119599092702,24.03227356085198,27.089795506352495,2.5627190064280634,1.1357983614698957,1.595810164404126,3.9426446252739433,1.74738209456907,2.4550925606217318,12.971037746566761,8.805186461282977,10.341235000125135,19.955442687025787,13.546440709666118,15.909592307884822,0.6783919597989949,-0.0016080402010050232,-0.0016080402010050232,0.542713567839196,-0.0022864321608039306,-0.0022864321608039306,0.4120603015075377,-0.0029396984924623393,-0.0029396984924623393,0.36227544910179643,0.08723807989402366,0.15809218216952547,0.34534534534534533,0.4120603015075377,0.10378962481580833,0.18000687913692004,0.4191919191919192,0.3612040133779264,0.08240601671682457,0.15541980870606875,0.3422818791946308,14.0,-1.0,-1.0,27.0,-4.0,-4.0,34.0,-3.0,-3.0,0.0016223709832741632,0.00012905810089272891,0.0006994222785316304,-0.04148999391927877,-0.04157355844901289,-0.04959933972841579,0.07784431137724551,0.0836978433730861,0.49101796407185627,-1.2137951850891113
201,0,test,2.3516456538635633,1.085874890562719,1.4935595104941384,4.102505921703589,1.8943364879159845,2.6055527226868547,10.502839549235969,6.957014874570764,8.144197281104372,18.32247191436056,12.13669018264535,14.207760220320768,2.2819793301994413,1.0440215804288902,1.4381001480867255,3.900819367862293,1.784652274237419,2.4582908514303,9.796050852240848,6.347487413460534,7.470680815151563,16.74538607220658,10.850405834975273,12.770394555814638,2.3517006379733933,1.085929874672549,1.4936282510660952,4.102601842887891,1.8944324091002867,2.60567264237078,10.50341705439593,6.957592379730726,8.144807232614193,18.323479386865895,12.137697655150685,14.208824296312352,0.6080402010050252,-0.001959798994974782,-0.001959798994974782,0.44221105527638194,-0.0027889447236180143,-0.0027889447236180143,0.3015075376884422,-0.0034924623115578646,-0.0034924623115578646,0.38655462184873945,0.09515000968941034,0.16728087883197973,0.43881856540084385,0.40201005025125625,0.11378949887281009,0.18331222053506258,0.4444444444444444,0.38655462184873945,0.09515000968941034,0.16728087883197973,0.43881856540084385,16.0,-5.0,-5.0,24.0,-3.0,-3.0,35.0,-10.0,-10.0,6.033828569573464e-05,-0.00020303602380621365,-0.0001526557385604312,3.8442710928343615e-05,-4.636562540305533e-05,-7.072031659394185e-05,0.1092436974789916,0.028154435535218843,0.5546218487394958,-0.3379971981048584
286,0,test,1.9526347236542994,0.8833532306922223,1.2343939553601833,3.3114269282590953,1.4980577984419647,2.0933794397603105,7.047230647217882,4.133945115574258,4.996408483350471,11.951231355333418,7.010659500123355,8.473290675372706,1.749023869484308,0.7579261438562146,1.0728700473015889,2.9644472364140815,1.2846205828071433,1.8184238089857436,5.748988173417458,3.0547978419523547,3.7826877447652993,9.744047751555014,5.177623460936195,6.411335160619151,1.9265559931719929,0.8679748278434334,1.2131399558409401,3.1756417469868015,1.4307277382034618,1.9996812458916595,6.86582353327293,3.983544923347807,4.824872203392294,11.317291538361971,6.566282840683197,7.953086049547737,0.42713567839195976,-0.002864321608040288,-0.002864321608040288,0.31155778894472363,-0.003442211055276312,-0.003442211055276312,0.20603015075376885,-0.003969849246231116,-0.003969849246231116,0.3719512195121951,0.12385380703122095,0.18128184831544059,0.4097859327217125,0.3467336683417085,0.11866349290311196,0.173110963834196,0.3787878787878788,0.3612040133779264,0.11412554927108165,0.17099266743799313,0.40268456375838924,17.0,-1.0,-1.0,22.0,-4.0,-4.0,32.0,-10.0,-10.0,-0.0009851934917687415,-0.00022372015449035612,-0.0003505207314961616,-0.055281303854037844,-0.06131139170952604,-0.055565515689776745,0.1402439024390244,0.034000758162142646,0.1951219512195122,-1.052592158317566
210,0,test,2.3511974040569386,1.0723068289186006,1.3986953398921766,4.079703258180989,1.8606237214112702,2.4269599504978405,10.498132708438064,6.905480971802692,7.905945337197108,18.21593803290623,11.982113101758095,13.718078667282654,2.476750859813525,1.0811213958882289,1.5374939090263255,3.8399238136643796,1.6761572029274867,2.38371148686252,11.90252853897969,7.865013295868212,9.3444486062919,18.45353261857316,12.193819063361566,14.487517219057207,2.4536457845367066,1.1396515080821081,1.5684996145190402,3.9574932008656556,1.8381475936808194,2.5298380879339355,11.630672442850798,7.909665644242278,9.207333857808331,18.759149101372255,12.757525232648835,14.850538480336018,0.5879396984924623,-0.002060301507537776,-0.002060301507537776,0.46733668341708545,-0.002663316582914521,-0.002663316582914521,0.33668341708542715,-0.0033165829145728187,-0.0033165829145728187,0.3825857519788918,0.10590591008165862,0.15971185168563662,0.3677248677248677,0.38190954773869346,0.08617019936776615,0.16988951434971178,0.38383838383838387,0.3846153846153846,0.10748683703608575,0.17771883289124668,0.3825503355704698,14.0,-2.0,-2.0,29.0,-6.0,-6.0,28.0,2.0,2.0,0.0001833952048565986,-7.70862474403927e-06,-3.6954728439744233e-07,-0.02444257997440591,-0.026522507153257102,-0.026268180341021186,0.06596306068601583,0.10544329188117807,0.026385224274406333,-1.012709140777588
107,0,test,2.7210739639764423,1.263135662164229,1.742185590196343,4.73466869731901,2.197856052165758,3.031402926941637,15.196634121811988,10.89954303725446,12.5351381136613,26.44214337195286,18.96520488482276,21.811140317770665,2.6497141497688217,1.1902536574685791,1.6740954472001388,4.172778188612318,1.8744152086119361,2.636370782992345,14.149993288367579,9.846356231790725,11.497185285892915,22.28345399742926,15.506072805969648,18.10580359983136,2.721531748464244,1.2638895841825932,1.7426695172480704,4.735465242327785,2.1991678764777123,3.0322449600116426,15.20359249777652,10.907773754758038,12.542166067045894,26.454250946131147,18.979526333278987,21.823368956659856,0.6030150753768844,-0.0019849246231156137,-0.0019849246231156137,0.46733668341708545,-0.002663316582914521,-0.002663316582914521,0.35678391959798994,-0.0032160804020100464,-0.0032160804020100464,0.4076923076923077,0.1217038240070869,0.19285854810151482,0.43243243243243246,0.39698492462311563,0.10375184191634867,0.18496489123413395,0.4191919191919192,0.4076923076923077,0.1217038240070869,0.19285854810151482,0.43243243243243246,22.0,-6.0,-6.0,35.0,-13.0,-13.0,42.0,-9.0,-9.0,-0.00016124735551576618,1.551307712455044e-05,-7.548193780606218e-05,-0.00011401557000390028,-0.0001672912548489336,9.637194842149199e-05,0.1076923076923077,0.07308593193901061,0.0038461538461538464,-0.6495099067687988
221,0,test,2.3734203526612077,1.1156789586818119,1.5187276871870825,4.363114061478987,2.050978684522852,2.7919125746493076,10.734043783072421,7.216575848551278,8.383391949990344,19.732643361696006,13.266399913205042,15.411385201479256,2.312979653796202,1.0433100197284895,1.4484491771652537,4.167530907740904,1.8798378733846652,2.6098183372346915,10.104487719200616,6.544811346924333,7.730596492335827,18.206284178739846,11.792452877341137,13.929002688893378,2.370780408744577,1.1088871746624382,1.5137764752084044,4.390334090267735,2.0534947678934037,2.803289768904452,10.705743880999497,7.173641623384874,8.349652778026599,19.82545163148055,13.284521524786806,15.462319959308516,0.5527638190954773,-0.0022361809045226,-0.0022361809045226,0.3919597989949749,-0.0030402010050251116,-0.0030402010050251116,0.29145728643216084,-0.0035427135678391952,-0.0035427135678391952,0.36274509803921573,0.10010235741931361,0.1573103154305201,0.3737704918032787,0.3467336683417085,0.07355071094822474,0.12970528770731782,0.35858585858585856,0.36454849498327757,0.09910609097659973,0.1543149021022987,0.37248322147651003,17.0,-5.0,-5.0,29.0,-9.0,-9.0,36.0,-7.0,-7.0,-2.6332992724099954e-05,0.00014683401335768172,-4.705447977309344e-06,0.00047939258751661384,7.653115519623555e-05,-6.483767214060521e-05,0.08496732026143791,0.11941340174754986,0.0032679738562091504,-0.7901663780212402
169,0,test,2.277100726605519,1.0537249526839283,1.451617134765086,4.233483041013078,1.9590379402011058,2.698781151957624,9.748376190791982,6.349734755475264,7.46539165967917,18.1237416504865,11.805140672151195,13.87931970531902,2.3988602026698143,1.08689197733771,1.5114755909044435,3.8381763242717026,1.7390271637403356,2.4183609454471093,11.010619351226524,7.297143870625215,8.58185018817776,17.616990961962436,11.675430193000343,13.730960301084414,2.277100726605519,1.0537249526134882,1.4516286393092428,4.233483041013078,1.959037940070147,2.6988025406876064,9.748376190791982,6.349734755235863,7.465417924224438,18.1237416504865,11.805140671706113,13.879368535177827,0.5527638190954773,-0.0022361809045226,-0.0022361809045226,0.40201005025125625,-0.002989949748743781,-0.002989949748743781,0.31658291457286436,-0.003417085427135591,-0.003417085427135591,0.3612167300380228,0.10315221390899054,0.15894112953233375,0.36641221374045807,0.3668341708542714,0.09365121346078764,0.16483083195610782,0.38383838383838387,0.3612167300380228,0.10315221390899054,0.15894112953233375,0.36641221374045807,16.0,-2.0,-2.0,28.0,-5.0,-5.0,34.0,0.0,0.0,0.00043048478243297396,0.00032187764528766893,9.103702139427772e-06,-0.00013480533558407615,-0.00018378111340844328,8.585827751517172e-05,0.09505703422053231,0.05143828403922621,0.5931558935361216,-0.7400555610656738
19,0,test,2.1566898743917684,0.9637740867646596,1.3495493241408378,3.3875811685568262,1.5138305167718067,2.1197799140163402,8.642482555806557,5.345802931036653,6.400993167854816,13.575021380340056,8.396822164847816,10.054242927069517,2.2796101399849524,0.9578660817706404,1.3448524154761956,3.507092523053773,1.4736401258009852,2.0690037161172237,9.772869615643678,6.022913797013438,7.226273210545061,15.035184024067197,9.26602122617452,11.117343400838557,2.1383979765746113,0.94460789830845,1.333890748457765,3.34124683839783,1.4759498411069534,2.084204294465258,8.485832231694355,5.186269090456507,6.250237642502796,13.259112862022429,8.103545453838294,9.765996316410618,0.507537688442211,-0.0024623115577889765,-0.0024623115577889765,0.3668341708542714,-0.0031658291457286047,-0.0031658291457286047,0.27135678391959794,-0.0036432160804020786,-0.0036432160804020786,0.3520249221183801,0.10163611963004415,0.1603150775587946,0.359375,0.33668341708542715,0.09858817899018901,0.14803567084168756,0.36363636363636365,0.34448160535117056,0.09406424308071981,0.15538260646351765,0.3557046979865772,10.0,0.0,0.0,17.0,-5.0,-5.0,22.0,-3.0,-3.0,0.00046154065489282755,0.0002632989691784435,8.37630478513912e-05,-0.027556270584769393,-0.026135593715364003,-0.025233746168163762,0.0778816199376947,0.08775727987011535,0.12149532710280374,-0.9635810852050781
411,0,test,1.5548900557755576,0.6800032990529791,0.8907511402305763,3.2627201170372357,1.4268921685046119,1.8691171467133405,4.734565958360928,2.335962305513189,2.7917490869045913,9.934826929019653,4.901691395175217,5.858096444652257,1.9512648700925437,0.8746260338570631,1.2116051128129006,3.2252311902356094,1.445662865879443,2.002653079029588,7.037583582256984,4.102784966373553,4.94236107325942,11.632369557449561,6.781462754336452,8.16919185662714,1.6749419394771068,0.7408515445565262,1.0443510259363378,3.140516136519575,1.3890966460434866,1.9581581736306333,5.338485184833631,2.7935876319550585,3.4597647721782145,10.00965972156306,5.237976809915735,6.487058947834153,0.457286432160804,-0.0027135678391959628,-0.0027135678391959628,0.36180904522613067,-0.0031909547738693256,-0.0031909547738693256,0.2562814070351759,-0.00371859296482413,-0.00371859296482413,0.30287206266318534,0.09557088926031698,0.12985153480394784,0.2722513089005235,0.36180904522613067,0.13123260412337379,0.17316129898239108,0.3535353535353535,0.32441471571906355,0.10237798783926388,0.15533796377245623,0.2953020134228188,19.0,-6.0,-6.0,29.0,-9.0,-9.0,35.0,-7.0,-7.0,6.989145352276073e-05,0.0006182301328201924,4.4475527804418955e-05,-0.08296370758224292,-0.1032612971883573,-0.09258948153088475,0.08616187989556136,0.05484281482953074,0.5509138381201044,-1.2458149194717407
241,0,test,1.6927874971681076,0.6949463946075709,0.97525040177898,2.9320051386356694,1.203687056688711,1.689189691119573,5.434608566889813,2.72218889993036,3.3852290033931434,9.413054072794795,4.714987472606651,5.8634110010924285,2.0403959514047703,0.899863285476368,1.2503877897805364,2.957095581746044,1.3041496890961854,1.8121562170732413,7.693654909331708,4.56522057750897,5.490240499708715,11.150224506277839,6.616261706534739,7.9568702894329215,1.8345370833861099,0.8340902120142213,1.1545802813088213,3.0575618056435165,1.3901503533570354,1.9243004688480354,6.262234581931381,3.542737759689722,4.2884421152769905,10.437057636552302,5.904562932816204,7.147403525461652,0.5527638190954773,-0.0022361809045226,-0.0022361809045226,0.40201005025125625,-0.002989949748743781,-0.002989949748743781,0.2613065326633166,-0.003693467336683409,-0.003693467336683409,0.3490304709141274,0.11113282222809695,0.149616981178057,0.3222222222222222,0.39698492462311563,0.11628317023715073,0.17828709490692196,0.398989898989899,0.3712374581939799,0.12248954500533216,0.17768907109720566,0.3523489932885906,19.0,-2.0,-2.0,33.0,-9.0,-9.0,39.0,-3.0,-3.0,0.00042965786251031394,0.0004896633750751881,0.00030676753174374593,-0.05539528871819055,-0.06728075595201144,-0.06303606321396416,0.09141274238227147,0.07349267378776575,0.7146814404432132,-1.2116507291793823
480,0,test,2.3433952242705116,1.0027845308038998,1.4336798340996966,3.986319049981903,1.7058236855522861,2.4388140656152446,10.41654309194353,6.595166609365296,7.93292752056164,17.719445585751764,11.218951895279009,13.494599532259747,2.6048886212063587,1.1940221924914753,1.6394916462550486,3.7752009002990707,1.7304669456398192,2.376074849644998,13.529718295122843,9.430212499816346,10.903888456849792,19.608287384236004,13.666974637414993,15.802736893985205,2.329932196049884,0.9989246636288069,1.425186902473394,3.9941694789426583,1.7124422805065258,2.443177547097247,10.277244671633694,6.492389840512386,7.805942285338572,17.618133722800618,11.129811155164091,13.381615346294694,0.6432160804020101,-0.001783919597989958,-0.001783919597989958,0.4623115577889447,-0.002688442211055242,-0.002688442211055242,0.3668341708542714,-0.0031658291457286047,-0.0031658291457286047,0.375,0.119,0.1681769722814499,0.38585209003215437,0.42211055276381915,0.13639626704953345,0.1917265794750045,0.4444444444444444,0.3745819397993311,0.12082567936527433,0.16657304102291282,0.38590604026845643,17.0,-2.0,-2.0,32.0,-11.0,-11.0,36.0,-2.0,-2.0,0.0005048168120946306,-0.0001757104032046974,0.0001402220775505053,-0.02424678088144372,-0.019517055534811867,-0.02353580399658739,0.08974358974358974,0.09210569043255476,0.4326923076923077,-0.8001053333282471
119,0,test,2.6476774061944424,1.2305159979888438,1.682817683372348,4.316865336186591,2.0062760836774634,2.7437244837592636,14.121202709925528,9.99580921393016,11.496783225432338,23.023700070530754,16.29751502271222,18.744755258857076,2.8226671645732853,1.2915095064024937,1.7884979031718167,4.212936066527291,1.9276261289589458,2.6693998554803233,16.821657020294307,12.198130832090879,14.008888430958201,25.106950776558666,18.206165421031162,20.90878870292269,2.647584126265445,1.2303439922418746,1.6828695765570014,4.316713249345835,2.0059956395247958,2.7438090922125022,14.119885546572796,9.994167262815576,11.495847029573907,23.02155252158608,16.294837928503657,18.743228852566155,0.6331658291457287,-0.0018341708542712887,-0.0018341708542712887,0.49246231155778897,-0.002537688442211028,-0.002537688442211028,0.3869346733668342,-0.0030653266331658324,-0.0030653266331658324,0.3946488294314381,0.10583413827951826,0.17662880718449703,0.3791946308724832,0.39698492462311563,0.10625810758050913,0.17661764582511896,0.4040404040404041,0.3946488294314381,0.10583413827951826,0.17662880718449703,0.3791946308724832,14.0,-2.0,-2.0,21.0,-6.0,-6.0,26.0,-5.0,-5.0,0.0006699049144964859,-1.1359518482782474e-07,0.00015998139049394302,-0.004168493968153442,-0.0033926829480765974,-0.004228506259126519,0.10367892976588629,0.20270052970140948,0.10702341137123746,-0.8718376159667969
447,0,test,2.2626175904702386,1.0578358047978798,1.4506921622787967,4.0885896810251685,1.9115278577926604,2.6214261879774754,9.608206628915921,6.272175600048955,7.355966287349451,17.362197943479647,11.333931347456883,13.292360133280585,2.401192665398542,1.0939902495840812,1.520628542054123,3.968913496526516,1.808248346419969,2.51343560670103,11.036331184773337,7.340511315902243,8.624071049862026,18.241869726898077,12.13307655521032,14.254662892333927,2.269615598518687,1.0576344695647428,1.4524720001632379,4.052884997354798,1.8886329813656118,2.593700000291496,9.67568075310597,6.315545829668191,7.411657121317779,17.278001344832088,11.277760410121768,13.235102002353177,0.5829145728643217,-0.002085427135678275,-0.002085427135678275,0.4371859296482412,-0.002814070351758735,-0.002814070351758735,0.3417085427135679,-0.003291457286432098,-0.003291457286432098,0.37662337662337664,0.1043381254078175,0.1725197049171131,0.37133550488599354,0.3869346733668342,0.10122038765254848,0.1765840890596555,0.398989898989899,0.3745819397993311,0.10246173946544124,0.16991008217975379,0.3691275167785235,20.0,-6.0,-6.0,29.0,-5.0,-5.0,40.0,-11.0,-11.0,0.0007055966835314453,-0.00012458521947283278,9.441283148129986e-05,-0.0264968596891757,-0.024430056936539657,-0.027416934776840485,0.08116883116883117,0.1838134679944812,0.10714285714285714,-0.9973025321960449
378,0,test,2.158452499763059,0.9384891746429389,1.3341250592584082,3.585226186047115,1.558846425678102,2.216004335717356,8.657729448162527,5.270665936966519,6.377382867436159,14.380635354575045,8.754665454622351,10.5929410340465,2.523616128084238,1.1212557456254626,1.5637365434837576,3.7112001883591734,1.648905508272739,2.2996125639467024,12.473621419599342,8.40883832441137,9.862239415716626,18.3435609111755,12.365938712369662,14.503293258406803,2.1584907993648907,0.9383361672860144,1.334250900439045,3.5852898023349034,1.5585922778649053,2.216213360051295,8.658061042103077,5.270349500103203,6.377914077779113,14.381186137730534,8.754139847629048,10.593823383429712,0.592964824120603,-0.0020351758793969443,-0.0020351758793969443,0.42713567839195976,-0.002864321608040288,-0.002864321608040288,0.31155778894472363,-0.003442211055276312,-0.003442211055276312,0.3583617747440273,0.0960108377763953,0.14723805170202953,0.363013698630137,0.3869346733668342,0.10372665331670883,0.1665673945688375,0.4242424242424242,0.3583617747440273,0.0960108377763953,0.14723805170202953,0.363013698630137,21.0,-10.0,-10.0,31.0,-16.0,-16.0,39.0,-17.0,-17.0,0.0011296256052685508,0.00016368454886881144,0.00016114229287324104,-0.027770854873778283,-0.024117330119249658,-0.025233244281896106,0.10921501706484642,0.09830682597210634,0.5392491467576792,-1.097203016281128
386,0,test,1.4545272750498397,0.6308311970113731,0.7912354912659131,3.0814985053890935,1.336451659647806,1.6762772521148985,4.282458562018308,2.0035512521342977,2.3412868155225093,9.072631283451159,4.2446369310680225,4.960148872060574,2.229901942565586,1.0158114442949788,1.4071465963390337,4.0178413379560105,1.8302908906215833,2.5353992726829437,9.298954203184293,5.931724033622754,7.0221897258297,16.754872438169894,10.687791051572528,12.652594100594051,1.7554607238402047,0.8110193893231229,1.1045490261353375,3.5109214476804094,1.6220387786462458,2.209098052270675,5.78611292812033,3.2147364901386792,3.868824908595274,11.57222585624066,6.4294729802773585,7.737649817190548,0.542713567839196,-0.0022864321608039306,-0.0022864321608039306,0.3869346733668342,-0.0030653266331658324,-0.0030653266331658324,0.2562814070351759,-0.00371859296482413,-0.00371859296482413,0.29512195121951224,0.09049344939247206,0.11819135493407729,0.23471882640586794,0.3467336683417085,0.081069507940706,0.14139143127993892,0.36868686868686873,0.3277591973244147,0.10071412219920606,0.15200836306412546,0.2785234899328859,21.0,-8.0,-8.0,29.0,-9.0,-9.0,35.0,-8.0,-8.0,0.0003371195352036153,0.0014908515573397007,0.00012998338725477482,-0.13234187261707042,-0.17060704377780667,-0.15343414263179245,0.06097560975609756,0.1254102502137616,0.6097560975609756,-1.333196759223938
463,0,test,2.032901520763024,0.9411293285204547,1.2732532884983065,4.065803041526048,1.8822586570409094,2.546506576996613,7.636210870284325,4.656661138922546,5.498686694090782,15.27242174056865,9.313322277845092,10.997373388181565,2.3804586696975694,1.089722327156617,1.5069525308981189,4.104239085685465,1.8788315985458914,2.5981940187898607,10.809859882190253,7.174397366063421,8.414565499591555,18.63768945205216,12.36965063114383,14.507871551019923,2.1897913030747227,1.0099296149023775,1.3917085218013534,4.0302907418553175,1.8587661623970138,2.5614267272417544,8.93334855776543,5.679424442192717,6.712070390389503,16.441745811838217,10.452928421213592,12.353503785992952,0.6180904522613065,-0.0019095477386934512,-0.0019095477386934512,0.42211055276381915,-0.0028894472361808976,-0.0028894472361808976,0.3015075376884422,-0.0034924623115578646,-0.0034924623115578646,0.3467048710601719,0.09348598694000021,0.15608903528304574,0.31896551724137934,0.36180904522613067,0.07609475951184497,0.139772317346331,0.3737373737373737,0.34782608695652173,0.08238368294984388,0.14871596459834602,0.3422818791946308,21.0,-6.0,-6.0,30.0,-6.0,-6.0,41.0,-11.0,-11.0,0.0006580588879688148,0.00025127586422926435,0.0002694483227869679,-0.03627483989357394,-0.04536737870144769,-0.04485757513086952,0.07449856733524356,0.22905261928657902,0.9083094555873925,-0.9165089130401611
455,0,test,2.3109043836498393,1.0259200297487883,1.441503366465109,3.7403297755981937,1.6605097388717502,2.3331549333507433,10.083539921180673,6.468928518973318,7.6980583581362865,16.320781109539855,10.470327602874342,12.459743940488632,2.5538612430350875,1.1683346579727534,1.6070184833960548,3.8403928466693045,1.7568942225154185,2.416569147963992,12.856650717763777,8.859720643335521,10.279091891505775,19.333309350020716,13.32288818546695,15.457281039858309,2.318470805656024,1.0171064101868608,1.4366780489901052,3.71947188073159,1.6317215136687606,2.3048310946365325,10.160125613994307,6.4858191577374615,7.744899874453843,16.299666760418674,10.405057472306089,12.424973060621138,0.6130653266331658,-0.001934673366834172,-0.001934673366834172,0.5175879396984925,-0.002412060301507535,-0.002412060301507535,0.35678391959798994,-0.0032160804020100464,-0.0032160804020100464,0.402555910543131,0.136208223142812,0.1953295556015795,0.40384615384615385,0.4170854271356784,0.12635861009307192,0.19504869925587875,0.4494949494949495,0.4046822742474916,0.13757042115901075,0.19333633431423236,0.40604026845637586,22.0,-9.0,-9.0,29.0,-7.0,-7.0,38.0,-8.0,-8.0,0.0005376708034225505,-4.5062547634282136e-05,5.9223839645761975e-05,-0.024605938726863563,-0.021945257111842587,-0.025224361114299043,0.20447284345047922,0.04739050586668973,0.20766773162939298,-0.9672245979309082
167,0,test,2.749421895755651,1.2946713397992955,1.7697168002231636,4.555255211902854,2.1450176044012004,2.932075171967372,15.633591425718619,11.3501765657129,12.969920827987753,25.90180827929712,18.805026262719597,21.488626223885035,2.6852146424582566,1.2372133748741216,1.7025409077981601,4.068507034027661,1.8745657195062444,2.5796074360578176,14.661347990326561,10.406745790577531,11.989758166990605,22.21416362170691,15.7677966523902,18.166300253016065,2.749421895755651,1.2946713414408764,1.7697785372301855,4.555255211902854,2.145017607120979,2.9321774581328524,15.633591425718619,11.35017657274447,12.97008526996202,25.90180827929712,18.80502627436954,21.488898672126425,0.6030150753768844,-0.0019849246231156137,-0.0019849246231156137,0.4773869346733668,-0.0026130653266331905,-0.0026130653266331905,0.36180904522613067,-0.0031909547738693256,-0.0031909547738693256,0.39426523297491034,0.11519546553304982,0.1749565321405837,0.40287769784172667,0.39698492462311563,0.11377690457299028,0.18162599307052796,0.40909090909090906,0.39426523297491034,0.11519546553304982,0.1749565321405837,0.40287769784172667,16.0,0.0,0.0,27.0,0.0,0.0,33.0,0.0,0.0,-0.00014792449264481463,1.079799225930265e-05,-8.30253736472841e-05,-0.0002456840853515274,0.00018111633153772289,2.978536601450088e-05,0.08960573476702509,0.06355906031680543,0.0035842293906810036,-0.803058385848999
94,0,test,1.8233696262682693,0.7964215679109066,1.1176264255813608,3.4003379516894747,1.4852185996176364,2.0842222531111863,6.1926903844461405,3.400160207421856,4.167339016205783,11.548530716940098,6.340839305732649,7.771524111302674,1.9026116237737192,0.8193491620184219,1.1614407713451667,3.1976665945776794,1.3770574151570116,1.9520012963784317,6.703378303850067,3.7490761602324545,4.604987320953413,11.266182023277423,6.300968336525133,7.739474488997331,1.933148481001062,0.83753928220735,1.1790102490002687,3.391488563159758,1.4693671617672808,2.068439033333805,6.911235917174861,3.920231672506459,4.78545711154297,12.12497529328923,6.877599425449929,8.395538792180648,0.4974874371859297,-0.002512562814070307,-0.002512562814070307,0.36180904522613067,-0.0031909547738693256,-0.0031909547738693256,0.22613065326633164,-0.003869346733668344,-0.003869346733668344,0.3633720930232558,0.13260286225402507,0.1874190138443702,0.314868804664723,0.38190954773869346,0.13128298132265337,0.19493125057675686,0.303030303030303,0.3612040133779264,0.12080334559829364,0.1821161379607963,0.31879194630872487,18.0,-8.0,-8.0,25.0,-12.0,-12.0,31.0,-12.0,-12.0,0.0012020913659783238,-0.00015420001211230178,0.00030580932264627443,-0.11223893772847404,-0.10028575192351585,-0.11033285264751047,0.07267441860465117,0.16519527199230502,0.19476744186046513,-0.9487961530685425
308,0,test,2.414457943191138,1.1173016371927065,1.5333095372596106,3.9273145025324205,1.8173830427754778,2.494054120732404,11.183706509964207,7.524829377262628,8.770036521624196,18.19121881684051,12.239754113648702,14.265185987705177,2.3785526286357443,1.0549460074086343,1.4808044008689678,3.6313780589858693,1.6106045914635638,2.2607700776625466,10.789275468982545,7.032328612741935,8.335204592811895,16.47217628852297,10.73637956143807,12.725503195132664,2.4144360250213737,1.1177088509955286,1.5332027993573027,3.927278850825905,1.8180454095307015,2.4938805027520683,11.183461386272667,7.526154057881795,8.769586662407113,18.190820102987818,12.24190881566849,14.26445425467486,0.5728643216080402,-0.0021356783919597166,-0.0021356783919597166,0.4623115577889447,-0.002688442211055242,-0.002688442211055242,0.3417085427135679,-0.003291457286432098,-0.003291457286432098,0.3828125,0.1099080165692008,0.1685267857142857,0.4117647058823529,0.40201005025125625,0.1238145615294517,0.18832056778047157,0.43434343434343436,0.3828125,0.1099080165692008,0.1685267857142857,0.4117647058823529,19.0,-9.0,-9.0,31.0,-17.0,-17.0,38.0,-17.0,-17.0,-0.0004705634419940571,-9.296437035238663e-05,-4.163130168390271e-06,-8.629588256159337e-05,-0.00014530477676810705,0.00011039017629776993,0.1015625,0.10827556693271165,0.01171875,-0.5030834674835205
177,0,test,1.6243468459130548,0.7229277495255532,0.9991861067336825,3.528039964690138,1.5701806534281122,2.170206766854686,5.075103130047758,2.6120071272122716,3.2065568481571654,11.022994696473155,5.673212932352768,6.964559778481486,1.9829367831544324,0.8902185714575142,1.2462484621351937,4.174603754009332,1.8741443609631876,2.6236809729161976,7.264044614574926,4.281674837503344,5.175038685055303,15.292725504368267,9.014052289480727,10.894818284326956,1.7513825844129791,0.8006034545163276,1.0998710828848597,3.674229198069187,1.6795876668174705,2.307421852205999,5.762564402579732,3.1748393545414006,3.8441260414151195,12.089295949467967,6.660502142394546,8.064600086884866,0.5175879396984925,-0.002412060301507535,-0.002412060301507535,0.3919597989949749,-0.0030402010050251116,-0.0030402010050251116,0.2864321608040201,-0.003567839195979916,-0.003567839195979916,0.3558823529411764,0.1121231752612939,0.169972372510648,0.32448377581120946,0.3919597989949749,0.14383949824309517,0.19496480734222033,0.38888888888888884,0.3712374581939799,0.11414229959631716,0.17657672404492541,0.3523489932885906,12.0,-2.0,-2.0,24.0,-13.0,-13.0,32.0,-11.0,-11.0,0.00035607091373028994,0.0002935834243193298,0.00040481506779390866,-0.06314894495823875,-0.07659286048471259,-0.07957479725059358,0.07352941176470588,0.08115098732100746,0.7852941176470588,-1.031960129737854
52,0,test,2.2929220676821593,1.031649105793815,1.3761968516464416,4.048269105142186,1.8214283255402766,2.4297446806580716,9.90383511700467,6.373923044880285,7.402748670595976,17.48571846016614,11.25348135675036,13.06992468636323,2.4843042568701166,1.143987505421763,1.5746710636083354,3.8220065490309483,1.759980777571943,2.4225708670897466,11.992773461811638,8.172520077278278,9.509362027563109,18.45042071047944,12.57310781119735,14.629787734712474,2.227627060913038,1.0139674641415033,1.4021925950515637,3.885396036476229,1.7685479025723896,2.4456847588108666,9.277824226090646,5.912044688494703,6.994951846073084,16.182251557134848,10.311705852025646,12.200497405941427,0.5829145728643217,-0.002085427135678275,-0.002085427135678275,0.4371859296482412,-0.002814070351758735,-0.002814070351758735,0.321608040201005,-0.0033919597989949812,-0.0033919597989949812,0.34510869565217395,0.10087531709043718,0.1408076203833567,0.3269754768392371,0.371859296482412,0.10619513608140951,0.15650036492982433,0.36363636363636365,0.3511705685618729,0.10409210445502814,0.15206044620369719,0.3221476510067114,15.0,-3.0,-3.0,27.0,-6.0,-6.0,32.0,-3.0,-3.0,0.0006915811604947264,0.00024098354007862723,0.00029706076556685734,-0.0021032053792504612,-0.0036599561765102706,-0.0032900718273980445,0.06793478260869565,0.1962223732437484,0.25815217391304346,-1.0087158679962158
118,0,test,2.4574930780323707,1.134436375927309,1.5619598480492252,4.412724797050826,2.037017142176044,2.8046870264241557,11.675505240455688,7.920623833164857,9.226864110179111,20.964775833227005,14.222434036193834,16.5679457744822,2.6679880095081954,1.2155364349021478,1.6742555454496175,4.33819188537918,1.9764820079709726,2.722366740568484,14.41094531975429,10.137366639697948,11.709647141937666,23.432431414234618,16.483522991378777,19.04007665355718,2.4578427118520376,1.1349436327914129,1.5622778629936718,4.413352606683221,2.037927982968522,2.8052580605579798,11.679588105661736,7.925298507567213,9.230869550882769,20.972107109436404,14.230827977091494,16.57513802567271,0.6180904522613065,-0.0019095477386934512,-0.0019095477386934512,0.4974874371859297,-0.002512562814070307,-0.002512562814070307,0.36180904522613067,-0.0031909547738693256,-0.0031909547738693256,0.3877551020408163,0.10873269878216052,0.1652313571290117,0.360655737704918,0.4120603015075377,0.1213334844649312,0.19169302270954103,0.4040404040404041,0.3877551020408163,0.10873269878216052,0.1652313571290117,0.360655737704918,19.0,-9.0,-9.0,29.0,-11.0,-11.0,36.0,-14.0,-14.0,0.0002935874665307111,0.0002325662666080871,0.00038724780488321364,-0.007577598904575211,-0.00857858408572465,-0.009149838827747558,0.13877551020408163,0.06633734344412384,0.9918367346938776,-0.4731447696685791
448,0,test,2.562058084781884,1.1470531580322583,1.6070213134337141,4.175730027683182,1.86950652828462,2.619178383773181,12.96246773931026,8.845960992388884,10.36370159801306,21.126673939759815,14.417450236213927,16.89111586416493,2.5914768735008455,1.182174014629241,1.6401573583520157,3.8969577045125496,1.7777052851567534,2.46640204263461,13.349472533959252,9.256371593762637,10.760348739571358,20.07439478790865,13.91935578009419,16.180975548227604,2.562157625055637,1.147268022510053,1.607017269508969,4.17589226183101,1.8698567217705282,2.6191717928461093,12.963758091117466,8.84772604968707,10.364722744769981,21.1287769993351,14.420326987059038,16.892780164127874,0.6180904522613065,-0.0019095477386934512,-0.0019095477386934512,0.4321608040201005,-0.002839195979899567,-0.002839195979899567,0.3417085427135679,-0.003291457286432098,-0.003291457286432098,0.36734693877551017,0.1007934583001282,0.16033336411487664,0.3583617747440273,0.35678391959798994,0.07858843087618539,0.13808608988179627,0.3484848484848485,0.36734693877551017,0.1007934583001282,0.16033336411487664,0.3583617747440273,22.0,-8.0,-8.0,33.0,-9.0,-9.0,40.0,-9.0,-9.0,0.00040247304486160925,0.0003249835753971746,8.819284735944783e-05,-0.014360424332723554,-0.01035714376799124,-0.01257894049422248,0.08503401360544217,0.10297132894375677,0.08843537414965986,-1.0824272632598877
337,0,test,2.1550691921721716,0.9416608716174177,1.3330147115424462,3.393087664271079,1.4826149893550833,2.0987891203008733,8.628487182085227,5.263553278589692,6.353317851567823,13.585277690942698,8.287296651396536,10.00309619183019,2.160596680408167,0.8804248082308461,1.2858827754963782,3.224771164788309,1.3140668779564866,1.9192280231289225,8.676313100309606,5.079055159314159,6.278124014616255,12.949721045238217,7.580679342259937,9.370334350173513,2.1551177467734814,0.9415805418186467,1.3331065667006852,3.3931641119412266,1.4824885126506355,2.098933743315973,8.628906145011467,5.263538526079492,6.353835328460312,13.585937334698906,8.287273424040052,10.003910942682195,0.5226130653266332,-0.002386934673366814,-0.002386934673366814,0.3919597989949749,-0.0030402010050251116,-0.0030402010050251116,0.29145728643216084,-0.0035427135678391952,-0.0035427135678391952,0.3864406779661017,0.10725286070721851,0.1677259090822235,0.3537414965986394,0.37688442211055273,0.11122026170955024,0.16486438872157105,0.33333333333333337,0.3864406779661017,0.10725286070721851,0.1677259090822235,0.3537414965986394,22.0,-11.0,-11.0,28.0,-13.0,-13.0,38.0,-16.0,-16.0,0.0010015166545087268,0.0005539952345820872,2.6988083036557092e-05,-0.005032091876683076,-0.005125353237687591,-0.004214488031251129,0.0847457627118644,0.12669873396582515,0.15254237288135594,-1.0206563472747803
208,0,test,2.2656038620295953,1.0732608066671752,1.384312631151029,3.915214047286167,1.8547133755769156,2.3922453303301197,9.636942227904376,6.342150177332999,7.222927482656754,16.653702006747192,10.959936942395736,12.482017539153375,2.674379853793559,1.212891478769091,1.6872198711547473,3.8759128315848685,1.7578137373465088,2.4452461900793443,14.50335285090389,10.190979668162807,11.819750688103323,21.019351957831724,14.76953575096059,17.13007346101931,2.3756715072624703,1.1190796422398472,1.5310787055311796,3.89454345452864,1.834556790557127,2.509965091034721,10.758234993986576,7.244808167580288,8.431204934976721,17.63645080981406,11.876734700951292,13.821647434388069,0.5979899497487438,-0.0020100502512562235,-0.0020100502512562235,0.44723618090452266,-0.0027638190954772934,-0.0027638190954772934,0.3316582914572864,-0.0033417085427135396,-0.0033417085427135396,0.3796791443850267,0.10598088003255679,0.16169282962451836,0.3699731903485255,0.38190954773869346,0.10120779335272856,0.16822006526790878,0.4191919191919192,0.38795986622073575,0.10916186955963392,0.17550157923519627,0.3791946308724832,21.0,-11.0,-11.0,31.0,-11.0,-11.0,37.0,-14.0,-14.0,-3.990942189775876e-05,0.00058539727155028,6.4132857365091e-05,-0.009805839109570336,-0.015174553699698556,-0.011888386523887462,0.06684491978609626,0.2267921627137546,0.5401069518716578,-0.8826820850372314
0,0,test,2.436911368051577,1.0828724066172346,1.5202026508293112,4.008253124500135,1.7811180021409165,2.5004426114733485,11.437659410694545,7.564622381145138,8.936614228904148,18.812762200104142,12.44235703128244,14.699021218033598,2.8617189997359844,1.2981890260097046,1.7975396885865953,4.271222387665648,1.9375955612085138,2.682895057591933,17.491569110620695,12.715919667445252,14.59310983613857,26.10681956809059,18.978984578276496,21.780760949460554,2.431079895139335,1.075642399385527,1.5125709469353135,4.007274552427475,1.7730369220640552,2.493248813629637,11.371155107146404,7.492697712991121,8.865603411166816,18.74366226452704,12.350600625809541,14.613631996428818,0.6381909547738693,-0.0018090452261306789,-0.0018090452261306789,0.507537688442211,-0.0024623115577889765,-0.0024623115577889765,0.4120603015075377,-0.0029396984924623393,-0.0029396984924623393,0.38,0.11544093178036607,0.17490022172949005,0.3511705685618729,0.4170854271356784,0.12134607876475112,0.19504869925587875,0.41414141414141414,0.37792642140468224,0.11415346647980751,0.17547925788966556,0.3489932885906041,17.0,-7.0,-7.0,30.0,-15.0,-15.0,36.0,-14.0,-14.0,0.0015434672393169974,0.00011328386138333497,0.0003223681422361911,-0.03903944648699653,-0.033382021485604874,-0.03609925300934247,0.08333333333333333,0.06751234711494544,0.64,-0.8412294387817383
247,0,test,2.311480356130454,1.0902669314098292,1.4915652646547368,5.415006428697217,2.554121832323726,3.494226319296062,10.089349435582056,6.698049109975573,7.819042374655935,23.63588853790202,15.691233928963754,18.31733703153663,2.486211380807542,1.1333679110554833,1.5741619701774752,5.022649254156651,2.2896321435464313,3.1801251922777283,12.015666990616296,8.14725737805051,9.526247839475595,24.27407472851777,16.459105814243454,19.24494513025373,2.304558644505088,1.0780639932535863,1.4801953343833354,5.4013093230588,2.5267124841880926,3.469207814960942,10.01975500245591,6.610497074250491,7.739326625103832,23.483800787006036,15.493352517774586,18.139046777587104,0.5527638190954773,-0.0022361809045226,-0.0022361809045226,0.42713567839195976,-0.002864321608040288,-0.002864321608040288,0.31155778894472363,-0.003442211055276312,-0.003442211055276312,0.3682634730538922,0.09920517708976662,0.1650762220578762,0.3723723723723724,0.371859296482412,0.10619513608140951,0.16651705942064243,0.38383838383838387,0.35785953177257523,0.09074767868409439,0.15763706236211916,0.36241610738255037,12.0,0.0,0.0,17.0,0.0,0.0,24.0,0.0,0.0,0.0007859739834896562,-8.664972037466776e-05,0.0001786656359232236,-0.01266708888613266,-0.012907017034003765,-0.011501879988137453,0.08083832335329341,0.28084417557787344,0.1347305389221557,-0.44687628746032715
156,0,test,2.467100396630133,1.1709148024880955,1.5922735772706438,4.486948674572933,2.129558500431566,2.8958893715273115,11.788216096704934,8.132888956128678,9.389756205526853,21.439387170030614,14.791394534245725,17.077275905958196,2.419069118250967,1.1017800079877211,1.528391526026824,3.7504947569782434,1.7081860588956914,2.3695992651578663,11.235395620680013,7.502108503374137,8.798615385325332,17.41921801655816,11.631175974223467,13.641264163295087,2.4633205770187976,1.159644897450437,1.5832637253967872,4.451784175335177,2.095743790573079,2.861319985656845,11.74374286965704,8.060934225611465,9.3327060957848,21.22363169215128,14.567953419779755,16.866336317683377,0.5879396984924623,-0.002060301507537776,-0.002060301507537776,0.44723618090452266,-0.0027638190954772934,-0.0027638190954772934,0.3517587939698492,-0.008241206030150772,-0.008241206030150772,0.42258064516129035,0.13433587865565433,0.20798837048317875,0.4401294498381877,0.4120603015075377,0.13386481278573314,0.20170971720035902,0.4242424242424242,0.42140468227424754,0.13425944020413072,0.20894639528870806,0.4429530201342282,21.0,-11.0,-11.0,30.0,-14.0,-14.0,41.0,-17.0,-17.0,-9.325885714763754e-05,7.873383455289702e-05,3.0677770494798556e-05,0.0004635968812909397,6.103705499693746e-05,-7.885590001688314e-05,0.0935483870967742,0.04865458650753467,0.0032258064516129032,-0.4800715446472168
28,0,test,2.5488611632368987,1.1916299668711812,1.6334781165732817,4.218290697052879,1.9721127521903172,2.7033585204107524,12.792526883975999,8.907106455486966,10.29479506744832,21.171257942486594,14.741000742121702,17.037584819227334,2.504756662139808,1.1371460490081988,1.5744866867178624,3.8534717879073965,1.7494554600126135,2.422287210335173,12.240580006822604,8.31462116177606,9.705386481645744,18.831661548957854,12.791724864270863,14.93136381791653,2.548680245809087,1.1915102023235487,1.6332018615267057,4.217991283999834,1.9719145453658729,2.7029013263863026,12.79021270226115,8.905029871157069,10.292242746578141,21.167428039414652,14.737564055774566,17.033360802816457,0.5979899497487438,-0.0020100502512562235,-0.0020100502512562235,0.42713567839195976,-0.002864321608040288,-0.002864321608040288,0.321608040201005,-0.0033919597989949812,-0.0033919597989949812,0.3829787234042553,0.09625305968744113,0.16010136491368931,0.42348754448398573,0.371859296482412,0.09115754209644711,0.15650036492982433,0.4292929292929293,0.3794326241134752,0.09270696039666104,0.15655526562290922,0.42348754448398573,23.0,-11.0,-11.0,31.0,-11.0,-11.0,37.0,-10.0,-10.0,-0.00028056423390891266,-0.000387994856434465,1.7980196244654435e-05,-0.00026647385093347964,0.00016949575638847136,1.9271695109068787e-05,0.1099290780141844,0.07534254893177582,0.33687943262411346,-0.4726686477661133
63,0,test,3.0948374775218337,1.46377577429867,2.0021428017913205,5.112466330270874,2.418060533233714,3.307407169809972,22.0836491564881,16.974352760114947,19.101349571545377,36.480724297182,28.04050538825618,31.554163104376066,2.8980410975933575,1.3426352040358631,1.8505574372711449,4.458524765528242,2.0655926215936358,2.8470114419556074,18.138578839394125,13.401569983015424,15.288109502534551,27.90550590676019,20.617799973869882,23.52016846543777,3.0947043459529975,1.463825808248267,2.0019685130312004,5.112246405745559,2.4181431860012803,3.3071192563333085,22.080709321327042,16.972348686174946,19.09828699078392,36.47586788440213,28.037194790974084,31.549103924002164,0.6432160804020101,-0.001783919597989958,-0.001783919597989958,0.5577889447236181,-0.00221105527638199,-0.00221105527638199,0.37688442211055273,-0.003115577889447274,-0.003115577889447274,0.40268456375838924,0.09280181668971255,0.17165777804410354,0.4242424242424242,0.37688442211055273,0.058588682762181765,0.14483099973993507,0.3939393939393939,0.40268456375838924,0.09280181668971255,0.17277384947267493,0.4242424242424242,22.0,-1.0,-1.0,30.0,1.0,1.0,42.0,-1.0,-1.0,-0.0005052660190140859,-5.1314092268083124e-05,-0.00013698066765649832,-0.0059213964086008986,-0.007109853152421408,-0.007723186032026597,0.11409395973154363,0.051411876356363254,0.19463087248322147,-0.8375139236450195
240,0,test,2.4903249557573015,1.163357073921052,1.590794519012221,4.278679118616572,1.9987879927771095,2.733177160182071,12.065196138442174,8.295599957794535,9.60674769541183,20.729464506316756,14.252842880506046,16.505553087418985,2.640524739477376,1.2146964246231486,1.6623172239320398,4.364503701615497,2.0077626853275183,2.747631775094281,14.020558818487048,9.85925553355965,11.360874295058178,23.174477385929006,16.296290138115126,18.77830461993087,2.490453760434577,1.1636563349352091,1.5907687779005695,4.278900420612428,1.9993021593517688,2.733132933842589,12.066750292226041,8.297796608374497,9.607921876980736,20.73213473026756,14.256616991569604,16.507570473201802,0.6432160804020101,-0.001783919597989958,-0.001783919597989958,0.46733668341708545,-0.002663316582914521,-0.002663316582914521,0.37688442211055273,-0.003115577889447274,-0.003115577889447274,0.39607843137254906,0.10057940984613023,0.17704322928649951,0.3976377952755905,0.42211055276381915,0.11634614173625024,0.1933960285568075,0.43434343434343436,0.39607843137254906,0.10057940984613023,0.17704322928649951,0.3976377952755905,27.0,-17.0,-17.0,40.0,-21.0,-21.0,44.0,-16.0,-16.0,0.0004916875733659053,0.00015726076665785574,-7.98599946912961e-06,-0.011768188564857951,-0.013251041078578218,-0.01114260372179654,0.10196078431372549,0.08105041583596967,0.6901960784313725,-0.6139793395996094
449,0,test,2.5081684681730105,1.184107623796271,1.6114335741675103,4.76552008952872,2.249804485212915,3.0617237909182693,12.282413815379742,8.523760079282276,9.830828472530378,23.33658624922151,16.195144150636324,18.67857409780772,2.497024478395712,1.16013859708538,1.5901893742794182,4.3052146179236415,2.0002389604920343,2.7417058177231346,12.146298563527777,8.339129514089315,9.669826223228114,20.941894075047895,14.377809507050543,16.67211417797951,2.508170187348686,1.1840900104703005,1.6114930623197785,4.765523355962504,2.249771019893571,3.061836818407579,12.282434931024962,8.52370853004556,9.83099120966118,23.336626368947428,16.195046207086563,18.67888329835624,0.5728643216080402,-0.0021356783919597166,-0.0021356783919597166,0.40201005025125625,-0.002989949748743781,-0.002989949748743781,0.321608040201005,-0.0033919597989949812,-0.0033919597989949812,0.36603773584905663,0.10991720854208864,0.152737861319571,0.38257575757575757,0.371859296482412,0.11622019873805112,0.16484761033883943,0.38888888888888884,0.36603773584905663,0.10991720854208864,0.152737861319571,0.38257575757575757,18.0,-3.0,-3.0,28.0,-1.0,-1.0,34.0,-1.0,-1.0,0.00016373310900385572,4.542013664893834e-05,-8.42302335862155e-05,-0.0001486651793047855,0.00023534568223659846,7.884916357880911e-05,0.1018867924528302,0.044116743722479285,0.0037735849056603774,-0.45297789573669434
345,0,test,2.5026556706351757,1.1007464208033655,1.5577571809755106,4.330437901997945,1.9046623461091947,2.69544500977785,12.2148896492781,8.151939896794454,9.642337424596317,21.135876471784574,14.105603866363435,16.684493970649804,2.2762916854660165,0.9981204956059724,1.4089666649039403,3.584711315694514,1.5718433001668854,2.218845141581008,9.740492542938023,6.150424377669001,7.359958094688377,15.339358335335469,9.685707681368504,11.590485188485633,2.4743543881093193,1.0948940453400267,1.54547465129602,4.290787956258935,1.89866019423126,2.680013846178069,11.874038617407958,7.901281495616788,9.342367167320525,20.5908184116901,13.701644212052233,16.20063670633617,0.5376884422110553,-0.0023115577889447625,-0.0023115577889447625,0.4170854271356784,-0.0029145728643216184,-0.0029145728643216184,0.29648241206030146,-0.0035175879396985854,-0.0035175879396985854,0.3876221498371335,0.09981727178835298,0.17202084972879117,0.42156862745098034,0.38190954773869346,0.11123285600937016,0.17656731067692388,0.398989898989899,0.3846153846153846,0.10080904070887375,0.16770770942072388,0.4161073825503355,20.0,-7.0,-7.0,29.0,-8.0,-8.0,34.0,-5.0,-5.0,-0.0007078595083473484,-8.257469877643983e-05,-0.00025472940179545165,-0.010337462966955258,-0.012089269431275973,-0.009796559610627753,0.08143322475570032,0.06358249901729826,0.39087947882736157,-0.5379390716552734
74,0,test,2.680277626716681,1.2795457256889544,1.7384289227335026,4.410748133286188,2.1056601990706576,2.860812644692511,14.589143069581688,10.530974011305648,12.02442462607798,24.008347090233944,17.330098008896186,19.78776673903124,2.998955588709349,1.3806460348464735,1.9089018583261737,4.136490467185309,1.9043393584089294,2.632968080449895,20.064570312434654,15.0200147570675,17.090136426692627,27.67526939646159,20.717261733886204,23.572601967851902,2.663366537158433,1.2445713533956004,1.7129511401605753,4.1399479852203624,1.9345668705631094,2.6626183525812053,14.344499192158853,10.2123602203094,11.75771521369417,22.29714900335573,15.874135057475751,18.276241264809588,0.7035175879396984,-0.001482412060301641,-0.001482412060301641,0.542713567839196,-0.0022864321608039306,-0.0022864321608039306,0.4170854271356784,-0.0029145728643216184,-0.0029145728643216184,0.4023668639053254,0.10842299389055432,0.17894166705493164,0.3916913946587537,0.4170854271356784,0.09628342212314711,0.16833751394703067,0.4494949494949495,0.4046822742474916,0.10251199044114767,0.17331408737318676,0.3926174496644296,20.0,-7.0,-7.0,34.0,-11.0,-11.0,42.0,-10.0,-10.0,0.0005188451085321204,9.6999918920804e-05,0.0003505629452530436,0.0003530269377165496,-4.742164639548463e-05,0.0001727988995874341,0.10355029585798817,0.0927251646069637,0.5443786982248521,-0.8828144073486328
80,0,test,2.4979342236006743,1.141194826263527,1.549814157090704,4.678670450553644,2.1374760237951773,2.902826516455604,12.1573536282876,8.273843575991801,9.576500364874876,22.77091631964979,15.497040348683056,17.93693719135294,2.804181124870452,1.2978926505233483,1.7842930935621912,4.185344962493212,1.937153209736341,2.6631240202420763,16.513547834295736,12.00358697717122,13.740663563937991,24.64708631984438,17.915801458464507,20.508453080504463,2.565720387220102,1.180961519251327,1.6215339872975805,4.423655840034659,2.0361405504333225,2.795748253961346,13.010027252019444,9.016164511558074,10.439306263295578,22.431081468999043,15.545111226824268,17.998803902233753,0.6381909547738693,-0.0018090452261306789,-0.0018090452261306789,0.49246231155778897,-0.002537688442211028,-0.002537688442211028,0.3919597989949749,-0.0030402010050251116,-0.0030402010050251116,0.3654390934844193,0.10094121512515475,0.16309305242870076,0.35511363636363635,0.40201005025125625,0.11378949887281009,0.17997332237145658,0.41414141414141414,0.3812709030100334,0.10915070267614357,0.17659904539045612,0.3691275167785235,20.0,0.0,0.0,29.0,-4.0,-4.0,40.0,-5.0,-5.0,0.0001992318358933683,0.00034049422158840094,0.0002942803845437979,-0.006226472698283914,-0.009860127968583932,-0.009552378583911114,0.12464589235127478,0.047538650621773273,0.5864022662889519,-0.7300384044647217
34,0,test,2.3279898492434428,1.0510520168906117,1.4499395413248695,4.007678727811496,1.8094060037610524,2.4960984508883826,10.257302072258637,6.671659015081568,7.851098298609124,17.65814027629335,11.485387671532823,13.515814792542287,2.7124104361637866,1.2608832907636078,1.7248096777733812,4.5586730019559445,2.1191315811153077,2.898839794577112,15.065546320761344,10.795916436178283,12.380761030472692,25.32024591724596,18.14439737172821,20.808001731886883,2.3276592545597454,1.0506521337100698,1.4496167021812716,4.007109602786397,1.8087175972730312,2.4955426771728213,10.25391162318757,6.668020113585499,7.847726510875544,17.65230355384189,11.479123233514276,13.510010195937644,0.6984924623115578,-0.0015075376884421399,-0.0015075376884421399,0.4974874371859297,-0.002512562814070307,-0.002512562814070307,0.371859296482412,-0.003140703517587995,-0.003140703517587995,0.3948339483394834,0.11859085441683148,0.17520204649899263,0.3592592592592593,0.40201005025125625,0.09875190488784769,0.1582704843080175,0.41414141414141414,0.3948339483394834,0.11859085441683148,0.17520204649899263,0.3592592592592593,23.0,-13.0,-13.0,36.0,-15.0,-15.0,41.0,-15.0,-15.0,0.0008684451890273052,0.0006494467650958042,0.00012939872421874741,-0.027963726953316836,-0.02638654041539734,-0.0249095276383704,0.0996309963099631,0.10731029485595102,0.8671586715867159,-1.0534377098083496
57,0,test,2.5277458872493384,1.16330650696177,1.59931969608285,4.423555302686342,2.0357863871830975,2.7988094681449875,12.525240986805402,8.61171255111399,9.99471750493564,21.919171726909454,15.070496964449484,17.490755633637367,2.854429570896081,1.3280160013288094,1.8193051621497798,4.5308405887239385,2.107961906871126,2.8877859716663172,17.36452914919992,12.762885431662927,14.54907266795202,27.562744681269717,20.258548304226867,23.09376613960638,2.527628275871082,1.163378743413167,1.5990471469406908,4.423349482774394,2.0359128009730427,2.798332507146209,12.523767962573855,8.610982431240625,9.992852376679231,21.916593934504245,15.069219254671093,17.487491659188652,0.6934673366834171,-0.0015326633165829717,-0.0015326633165829717,0.5527638190954773,-0.0022361809045226,-0.0022361809045226,0.38190954773869346,-0.0030904522613065533,-0.0030904522613065533,0.3906810035842294,0.09372214848583948,0.16302903695729254,0.35611510791366907,0.39698492462311563,0.08119545093890512,0.15324535867987688,0.398989898989899,0.3906810035842294,0.09372214848583948,0.16302903695729254,0.35611510791366907,17.0,-2.0,-2.0,28.0,0.0,0.0,36.0,-2.0,-2.0,0.0011585951034125037,0.0002829659507983691,0.00011371802472864059,-0.016021224723931304,-0.011618708340840556,-0.01410718224069818,0.0931899641577061,0.16249649443955017,0.8458781362007168,-0.843264102935791
274,0,test,2.569771997323065,1.204364063963957,1.6426385852631586,4.2942242586845945,2.0125557384660855,2.74493553063712,13.062845737574735,9.145525005672766,10.535591549898111,21.828702745684094,15.282653627900544,17.605527984698156,2.672200572572479,1.2195160856053646,1.682846893304233,4.111077803957659,1.8761785932390223,2.5889952204680506,14.471780381533522,10.197206216250697,11.782284747833486,22.26427751005157,15.688009563462609,18.126591919743824,2.569844837871527,1.2043100682553856,1.6428158901554082,4.294345979074788,2.0124655087951835,2.745231816443906,13.063797277077645,9.145979655365288,10.536807083562092,21.830292818274483,15.283413371465674,17.607559205426124,0.6633165829145728,-0.0016834170854271857,-0.0016834170854271857,0.5125628140703518,-0.0024371859296482556,-0.0024371859296482556,0.38190954773869346,-0.0030904522613065533,-0.0030904522613065533,0.41501976284584985,0.1171893880923982,0.18768730555281432,0.4206349206349206,0.4120603015075377,0.10629589047996879,0.17666798097331404,0.4191919191919192,0.41501976284584985,0.1171893880923982,0.18768730555281432,0.4206349206349206,16.0,-4.0,-4.0,27.0,-5.0,-5.0,34.0,-6.0,-6.0,0.00015008712541900084,0.00018933651186716326,0.00014381538611933054,-0.01215157336070316,-0.013685633094143945,-0.011861388661317918,0.14624505928853754,0.10536100666769052,0.541501976284585,-0.7517788410186768
414,0,test,2.82135119890314,1.269758859593312,1.7746343736352612,4.346405901012946,1.9561149999140217,2.733896197221889,16.799534856337335,12.080556438325022,13.95125052141146,25.88036450841157,18.61058694552774,21.492467019471707,2.704471546729919,1.1443199917096383,1.6498957609354827,4.225736791765498,1.7879999870463092,2.577962126461691,14.946416120693957,10.186873597650521,12.075659041070448,23.353775188584308,15.916989996328939,18.868217251672576,2.821393340308201,1.2698010009983731,1.774718784450562,4.346470821555878,1.9561799204569534,2.73402623550492,16.800242827257893,12.08126440924558,13.952078885086566,25.88145516631621,18.61167760343238,21.49374314729552,0.5879396984924623,-0.002060301507537776,-0.002060301507537776,0.4773869346733668,-0.0026130653266331905,-0.0026130653266331905,0.3919597989949749,-0.0030402010050251116,-0.0030402010050251116,0.4225352112676056,0.13079531671576028,0.2070785367945377,0.42402826855123676,0.40201005025125625,0.11378949887281009,0.18331222053506258,0.398989898989899,0.4225352112676056,0.13079531671576028,0.2070785367945377,0.42402826855123676,20.0,-5.0,-5.0,31.0,-5.0,-5.0,37.0,-3.0,-3.0,-0.00011692670875284077,0.00015960453352373733,1.7756006563819106e-05,-0.006712714103220385,-0.007055623801724309,-0.005752526030306626,0.10211267605633803,0.1161348960050859,0.0035211267605633804,-0.8588736057281494
101,0,test,3.029235946812199,1.4237465699861118,1.9416047659592828,5.168766230924311,2.4293298117245543,3.3129479922661886,20.681424842599608,15.701128594556582,17.71418794921527,35.288585046114015,26.79073690260004,30.22560740984983,3.0430480995053575,1.42107424723707,1.9410401641537796,5.114366553790517,2.3883600793900337,3.2622523767290414,20.969061709776607,15.90598748929535,17.958857454508365,35.24212052063295,26.732752082849327,30.18295370505607,3.0296857773420864,1.4240606593804837,1.9420106011776517,5.169533773926357,2.4298657404813846,3.313640466345084,20.69073007162652,15.709757746630892,17.72336263085899,35.30446249983825,26.805460770475086,30.241262111395756,0.6633165829145728,-0.0016834170854271857,-0.0016834170854271857,0.49246231155778897,-0.002537688442211028,-0.002537688442211028,0.3919597989949749,-0.0030402010050251116,-0.0030402010050251116,0.4032921810699589,0.11787123651143738,0.1844139320959507,0.4049586776859504,0.3919597989949749,0.1012329819523684,0.17159252019697824,0.3939393939393939,0.4032921810699589,0.11787123651143738,0.1844139320959507,0.4049586776859504,25.0,-7.0,-7.0,38.0,-11.0,-11.0,45.0,-10.0,-10.0,8.862940201937849e-05,-8.404328028285138e-05,8.968710158894034e-05,3.793101625682027e-06,-7.384872300431056e-05,-9.33731963588258e-05,0.12345679012345678,0.06016394549704872,0.06995884773662552,-0.3982045650482178
71,0,test,1.7253593077807035,0.7758174503139449,0.9406512614775832,3.249555646941235,1.4611808481249187,1.7716301785676454,5.614538014505956,3.0300127074418692,3.4227710616561917,10.574466215661442,5.706750390697691,6.446474645271751,2.3227988134486908,1.0472994660047068,1.4528278682892442,3.5193921415889253,1.5868173727344042,2.201254345892794,10.204194012222148,6.623705140473592,7.81735250900465,15.460900018518405,10.035916879505443,11.844473498491894,1.8433127761708634,0.8511593982004337,1.1680149991504825,3.311340316474605,1.5290288590426955,2.098230537396076,6.317431871756541,3.6203959102235683,4.3528139648140005,11.348680009143488,6.503705227946531,7.819426284097008,0.5527638190954773,-0.0022361809045226,-0.0022361809045226,0.42713567839195976,-0.002864321608040288,-0.002864321608040288,0.3065326633165829,-0.0034673366834171437,-0.0034673366834171437,0.33412887828162297,0.11124449210760623,0.14155800829139809,0.3014354066985646,0.37688442211055273,0.11372652737371058,0.16987273596698016,0.4040404040404041,0.33444816053511706,0.10907253449171139,0.16425906153622938,0.31543624161073824,14.0,-3.0,-3.0,22.0,-7.0,-7.0,31.0,-4.0,-4.0,-0.00031970723803642924,0.0013665863752819628,-0.0001206996120292483,-0.09463373221400673,-0.13266588216500175,-0.10962536836485182,0.06443914081145585,0.047672035084671396,0.30787589498806683,-1.2953029870986938
484,0,test,2.4274687323839594,1.1240999096007402,1.541437333392234,4.244253506935476,1.9654073891132442,2.695091689830447,11.330166068925086,7.648487346329414,8.904681324572131,19.809975894095434,13.372826932575958,15.569191246736178,2.3176252206226926,1.030173739582957,1.4393225507426748,3.73810519455273,1.661570547714447,2.3214879850688304,10.151537995131024,6.5279978774282075,7.744726910549691,16.373448379243587,10.529028834561625,12.49149501701563,2.4274887791174025,1.1242850630223886,1.5414178522469242,4.24428855719898,1.9657311164793962,2.695057628456886,11.330393204020785,7.649322301027116,8.904812583506061,19.810373023382255,13.374286790475082,15.569420743488585,0.5829145728643217,-0.002085427135678275,-0.002085427135678275,0.3869346733668342,-0.0030653266331658324,-0.0030653266331658324,0.31155778894472363,-0.003442211055276312,-0.003442211055276312,0.36101083032490977,0.07632614564022511,0.1449243957510803,0.3623188405797102,0.36180904522613067,0.08611982216848657,0.146450113673543,0.3535353535353535,0.36101083032490977,0.07812794744202689,0.14612487594315704,0.3623188405797102,18.0,-3.0,-3.0,26.0,-4.0,-4.0,33.0,-3.0,-3.0,-0.00018577209691730473,0.00013674368783407845,-3.24436701710257e-05,-0.00023182424163081805,0.0001888633816387042,3.6794479953528025e-05,0.09747292418772563,0.052104252718270724,0.0036101083032490976,-0.6117899417877197
77,0,test,1.6667803093298463,0.6951393167753919,1.0047949676687433,2.759087793599406,1.150691781652469,1.6632771066749585,5.2950917646090945,2.6528149042914264,3.356454390784476,8.76517617345486,4.391310108560079,5.556072559502457,2.010066255759728,0.8950383076615314,1.2342888122527733,2.831079233464406,1.260617334734551,1.7384349468348919,7.463811851461826,4.414158441457199,5.291531555379914,10.512411058396939,6.217124565432676,7.452861345605513,1.6751536162714866,0.6683280376711316,0.9845827597677063,2.631131334457832,1.0497299021012536,1.5464650676979677,5.339615337873767,2.602716198456384,3.344761354236856,8.386830373623718,4.088035913805839,5.253551865293491,0.5276381909547738,-0.002361809045226204,-0.002361809045226204,0.39698492462311563,-0.0030150753768843908,-0.0030150753768843908,0.24623115577889443,-0.0037688442211055717,-0.0037688442211055717,0.34411764705882353,0.10182689816014512,0.15233682514101532,0.31563421828908556,0.3919597989949749,0.12629563859397241,0.18828701101500833,0.36868686868686873,0.3411371237458194,0.10240590504798963,0.1587122071718483,0.3087248322147651,20.0,-11.0,-11.0,28.0,-15.0,-15.0,37.0,-17.0,-17.0,0.0011777934717962526,0.00016837949657176648,0.0005821394392831981,-0.12649026145553677,-0.11699654575987761,-0.13757018406679933,0.07352941176470588,0.09150884381660913,0.3735294117647059,-1.4631918668746948
227,0,test,2.847838616896596,1.3660813399406624,1.846696139068575,4.785716965672386,2.295663316823362,3.1033236893223393,17.250456672526482,12.84978458266206,14.52906749264605,28.98893310649421,21.593720837136246,24.415711052730643,2.9940275228979485,1.426996367381142,1.937682102732174,4.606196189073767,2.195379026740219,2.9810493888187297,19.965934032119833,15.173534867275976,17.09009226440399,30.716821587876666,23.343899795809193,26.2924496375446,2.8482132889488088,1.366456015659406,1.8470645689591738,4.7863465920796555,2.2962929493921385,3.1039428259432276,17.256921147483013,12.85624907375379,14.535514980198485,28.999796484527668,21.604584242284478,24.426545883883847,0.6381909547738693,-0.0018090452261306789,-0.0018090452261306789,0.4723618090452262,-0.0026381909547738003,-0.0026381909547738003,0.3869346733668342,-0.0030653266331658324,-0.0030653266331658324,0.3710247349823321,0.08531044926804643,0.14540781371323697,0.3829787234042553,0.3869346733668342,0.10873918464502963,0.1699062927324435,0.398989898989899,0.3710247349823321,0.08531044926804643,0.14540781371323697,0.3829787234042553,18.0,-4.0,-4.0,30.0,-5.0,-5.0,38.0,-5.0,-5.0,0.00013678318211145197,-7.346415951568933e-05,2.6643917017384007e-05,-0.0002734037727947225,0.00016562223134020115,1.5767138139999304e-05,0.09187279151943463,0.06226379486648603,0.0035335689045936395,-0.6081058979034424
290,0,test,2.1724577730710743,0.977661181144202,1.3104844277423267,3.508615429959921,1.5789660668921845,2.1164903368404833,8.779836389947558,5.476950521428989,6.412007759915367,14.179824258101144,8.845517435051244,10.355676249420835,2.606443537137037,1.1928553673772286,1.6457945349676288,4.0409977319954065,1.8493881664763236,2.5516194340583396,13.550772233948008,9.440093447357373,10.937380213700534,21.008949199919392,14.635803794352515,16.9571786258923,2.190598964042841,0.9619579352298167,1.3581937672994069,3.5143298888387826,1.5432480244328608,2.1789204822985138,8.940566589178886,5.523983247515696,6.6417253274359265,14.343154955901957,8.86200520991823,10.655174322089723,0.6231155778894473,-0.0018844221105527303,-0.0018844221105527303,0.4773869346733668,-0.0026130653266331905,-0.0026130653266331905,0.3316582914572864,-0.0033417085427135396,-0.0033417085427135396,0.3846153846153846,0.11986915690619393,0.1705391382810737,0.371900826446281,0.38190954773869346,0.09118273069608696,0.1582033707770908,0.4242424242424242,0.3712374581939799,0.10746450326910517,0.16879029467896323,0.35906040268456374,22.0,-10.0,-10.0,30.0,-8.0,-8.0,40.0,-12.0,-12.0,0.00027366559300524737,0.0003016972926742521,0.00027123420475716237,-0.03353681407296527,-0.0345892655538389,-0.03757635751502875,0.07142857142857142,0.08326082598737074,0.49175824175824173,-1.0661115646362305
256,0,test,2.309662985426622,1.0364808948411057,1.445703576786535,3.5799776274112642,1.606545387003714,2.2408405440191292,10.071029999142828,6.498828434171417,7.698494038560059,15.610096498671384,10.073184072965695,11.932665759768092,2.392530117907483,1.0184449125775674,1.4578353427517174,3.322958497093727,1.4145068230243993,2.0247713093773854,10.941141330326586,6.989681036114856,8.394705226778507,15.196029625453592,9.707890327937301,11.65931281497015,2.2840475891037815,1.0233301231559695,1.4329996678375432,3.5139193678519716,1.5743540356245687,2.2046148735962205,9.816332588354097,6.28838082353443,7.474232685658934,15.10205013592938,9.674432036206815,11.49881951639836,0.5778894472361809,-0.002110552763819218,-0.002110552763819218,0.4371859296482412,-0.002814070351758735,-0.002814070351758735,0.3517587939698492,-0.0032412060301507672,-0.0032412060301507672,0.3851132686084142,0.1234008291899974,0.17843942576664884,0.3928571428571429,0.40201005025125625,0.1238145615294517,0.18999001686227457,0.4292929292929293,0.3812709030100334,0.12250629533056767,0.17548669833817576,0.38926174496644295,23.0,-11.0,-11.0,33.0,-10.0,-10.0,40.0,-13.0,-13.0,0.0002602732656237584,6.513877049247805e-05,-1.69451032467818e-05,0.0004675458078473582,6.49105800478722e-05,-7.53513430460373e-05,0.08090614886731391,0.14501485074891374,0.003236245954692557,-0.9901387691497803
364,0,test,3.038399532794813,1.3952771682716374,1.9338744517749094,4.983716306840273,2.288594867469942,3.1720257776064065,20.871811838941305,15.700520852849216,17.854020916703963,34.23486210167812,25.752683594002683,29.284948942642476,2.9695721366184404,1.3639277136294865,1.8781136684469029,4.499351722149152,2.0665571418628583,2.845626770374095,19.483581501309576,14.50251301757881,16.50496637980689,29.520578032287236,21.973504572089105,25.007524817889227,3.038451984394042,1.3953786163633384,1.9339900841594033,4.983802340256082,2.288761267083769,3.172215442919997,20.87290662756253,15.701869010383165,17.85530636570232,34.23665782203854,25.754894901177266,29.287057392523923,0.6884422110552764,-0.0015577889447235815,-0.0015577889447235815,0.5376884422110553,-0.0023115577889447625,-0.0023115577889447625,0.3869346733668342,-0.0030653266331658324,-0.0030653266331658324,0.3880597014925373,0.07521053948136414,0.152327691566979,0.44194756554307113,0.3919597989949749,0.07867659097492474,0.15656747846075125,0.4494949494949495,0.3880597014925373,0.07521053948136414,0.152327691566979,0.44194756554307113,20.0,-3.0,-3.0,32.0,-4.0,-4.0,40.0,-7.0,-7.0,6.184097517539458e-05,-0.0002168847572693731,-9.963458804346128e-05,-0.00952051302801138,-0.009264221194073663,-0.009559774742795568,0.12313432835820895,0.08114880096930875,0.018656716417910446,-0.667994499206543
134,0,test,2.252844494866648,1.0437838613751702,1.4349589071291373,3.9391053443177326,1.8250592067158666,2.5090299453994502,9.514762072012676,6.164426091523025,7.249057935347674,16.636589970225756,10.778517477393553,12.67499950372168,2.429649089884695,1.115444198051415,1.5328580479372618,4.262542262955606,1.9569196457042364,2.689224645503968,11.354896832653727,7.633106250253677,8.903173834468392,19.92087163623461,13.39141447412926,15.6196032183656,2.2534357938693366,1.0443014521710727,1.435525158332477,3.9401392323942894,1.8259642157721752,2.5100200373238524,9.520389805009158,6.169806868161011,7.254628916730809,16.646430078219606,10.787925781455183,12.684740381349677,0.5979899497487438,-0.0020100502512562235,-0.0020100502512562235,0.44221105527638194,-0.0027889447236180143,-0.0027889447236180143,0.3467336683417085,-0.003266331658291488,-0.003266331658291488,0.37800687285223367,0.10699486599117025,0.16657830142366226,0.37241379310344824,0.39698492462311563,0.11878943590131108,0.17327874766151297,0.40909090909090906,0.37800687285223367,0.10699486599117025,0.16657830142366226,0.37241379310344824,24.0,-11.0,-11.0,35.0,-10.0,-10.0,40.0,-8.0,-8.0,0.0006739933949644785,4.8003957450853126e-05,4.069221865113318e-05,-0.02028852315026075,-0.01776754769730271,-0.01852823310511198,0.0859106529209622,0.0634847440994704,0.718213058419244,-0.7614297866821289
92,0,test,2.4554011625640513,1.0604974674799241,1.511962019359883,4.1062075938924245,1.7734872902489127,2.5284788572346066,11.651106599287761,7.616520595831464,9.082305881536682,19.484336459825858,12.737232182859394,15.188488931835352,2.7899904880905524,1.2876603381089906,1.7766263675993756,4.259527462733668,1.9658936459679244,2.71240666809065,16.28086493893888,11.788720684553365,13.526011837445623,24.856282349525006,17.998046846646357,20.650399751825375,2.4555095097620723,1.0609246666983565,1.5118726325910898,4.106388784686855,1.7742017025012062,2.5283293742766246,11.65236903243095,7.619069259803832,9.083060325302272,19.486447647455147,12.741494355378158,15.189750600505494,0.6934673366834171,-0.0015326633165829717,-0.0015326633165829717,0.5226130653266332,-0.002386934673366814,-0.002386934673366814,0.3517587939698492,-0.0032412060301507672,-0.0032412060301507672,0.3830508474576271,0.09878688806676417,0.1541895171306823,0.37074829931972786,0.37688442211055273,0.07613254241130463,0.13648375433091997,0.41414141414141414,0.3830508474576271,0.09709484068943752,0.1541895171306823,0.37074829931972786,19.0,-8.0,-8.0,30.0,-13.0,-13.0,37.0,-9.0,-9.0,0.001474455502240203,0.000138238026683294,0.00015720506096907354,-0.00969972306513256,-0.006869103069959692,-0.008398466540721294,0.09830508474576272,0.20520573352085184,0.735593220338983,-0.8606040477752686
419,0,test,2.2510451790216996,1.0594181893388204,1.4442586706436458,4.2187420138308775,1.9854830401594676,2.7067225435838953,9.497657402821488,6.205223795257928,7.256961455506798,17.7998054822109,11.629370469434438,13.600459231299453,2.3847679166841607,1.060153799725993,1.496767114158862,4.258514136936001,1.893131785224988,2.6727984181408253,10.856542750076741,7.095808878536118,8.426276540726029,19.386683482279892,12.67108728310021,15.046922394153619,2.2509002046674653,1.059256135310793,1.4441935686036143,4.218470313642522,1.9851793305125347,2.7066005341662134,9.49628058587676,6.203790744140967,7.255763600985639,17.797225153950848,11.626684751257196,13.598214301147909,0.592964824120603,-0.0020351758793969443,-0.0020351758793969443,0.44221105527638194,-0.0027889447236180143,-0.0027889447236180143,0.3065326633165829,-0.0034673366834171437,-0.0034673366834171437,0.40823970037453183,0.13347334523434495,0.19155227820765763,0.40601503759398494,0.39698492462311563,0.11628317023715073,0.17828709490692196,0.4292929292929293,0.40823970037453183,0.13347334523434495,0.19155227820765763,0.40601503759398494,17.0,-4.0,-4.0,26.0,-7.0,-7.0,36.0,-11.0,-11.0,0.0003375632302358807,0.00024797840501495554,1.2419376291490201e-05,-0.010481097280223395,-0.010238692183805576,-0.009538751378793009,0.09363295880149813,0.1305729940047388,0.49063670411985016,-0.6220810413360596
259,0,test,2.438084622993776,1.1266528061890773,1.4194045794051295,4.938365282288413,2.2820467553931816,2.8750184593052874,11.451086576329313,7.739602501490845,8.68154989378851,23.19429270817723,15.676643842305435,17.58456789711244,2.7726768942491016,1.3075351885018351,1.7803796895266588,4.822046772607133,2.273974240872757,3.096312503524624,16.00141081434538,11.673254292844202,13.303986918993036,27.82854054668762,20.301311813642094,23.1373685547705,2.390598145046115,1.1191445087922103,1.531452176789424,4.539110401986295,2.124957928086476,2.9078205888406794,10.92002374807039,7.353991237367192,8.55888040704733,20.73422230646277,13.963274501330115,16.251038747558223,0.6281407035175879,-0.0018592964824121205,-0.0018592964824121205,0.49246231155778897,-0.002537688442211028,-0.002537688442211028,0.3869346733668342,-0.0030653266331658324,-0.0030653266331658324,0.38383838383838387,0.12532640401492867,0.1638970348647768,0.38227848101265827,0.4371859296482412,0.14395284694147426,0.21848809993204754,0.4545454545454546,0.38795986622073575,0.132534156704876,0.19107443796712065,0.37583892617449666,19.0,1.0,1.0,34.0,-5.0,-5.0,44.0,-4.0,-4.0,5.948502069078153e-05,0.0006404521379347653,4.281501192391183e-05,-0.04010540544637742,-0.049622687089638795,-0.04384353152593867,0.06313131313131314,0.17297627073417682,0.20202020202020202,-1.3600997924804688
338,0,test,1.9640799058923661,0.8893555649637861,1.2361253507556291,3.3859919210956932,1.5332119375156934,2.131028599479756,7.1283508183124775,4.1991654855891944,5.057510335658872,12.28897979615328,7.239186331927203,8.718937089078574,2.368156318737031,1.0831113225934277,1.4976925653780402,3.819606965704889,1.746953746118432,2.415633169964581,10.677687872303169,7.0628572653079615,8.289669824140187,17.222077213392208,11.391705266625742,13.370435200226106,2.0399212868341783,0.910994744700665,1.241188735441928,3.4574937064986075,1.5440588893231613,2.103709721088014,7.690003870505826,4.5976686442603985,5.467281913936274,13.033904865264113,7.792658719085423,9.266579515146228,0.592964824120603,-0.0020351758793969443,-0.0020351758793969443,0.4522613065326633,-0.0027386934673366836,-0.0027386934673366836,0.29145728643216084,-0.0035427135678391952,-0.0035427135678391952,0.35757575757575755,0.106441113097694,0.17007575757575755,0.3434650455927052,0.40703517587939697,0.11881462450095082,0.1916762443268093,0.4292929292929293,0.36789297658862874,0.12081451248178399,0.17879397770097583,0.3557046979865772,17.0,-5.0,-5.0,28.0,-7.0,-7.0,35.0,-10.0,-10.0,0.0005104354133649721,0.0002543748165476983,0.0004908633286700256,-0.03487700192739762,-0.036522438239747324,-0.04300039908182818,0.07575757575757576,0.09972177907123027,0.6242424242424243,-0.8988807201385498
4,0,test,2.841292810085439,1.3005450996127408,1.796705029487079,4.648134354363072,2.127590769754823,2.939269878335658,17.137907280903228,12.469827942675135,14.295680619740683,28.036285211963047,20.399669983890874,23.38662314976995,3.143093396383253,1.4425150987336302,1.9841411097146098,4.656434661308523,2.137059405531304,2.939468310688311,23.175446932593182,17.698333054457613,19.988854041907786,34.333995455693604,26.219752673270534,29.613117099122647,2.8486679785181788,1.3001560937266328,1.7997422869583282,4.545746774231136,2.0747171708403718,2.8719291813164816,17.264769473669027,12.560305287353483,14.410186705848611,27.55016405372717,20.04304035215981,22.994978785928634,0.6633165829145728,-0.0016834170854271857,-0.0016834170854271857,0.5778894472361809,-0.002110552763819218,-0.002110552763819218,0.44723618090452266,-0.0027638190954772934,-0.0027638190954772934,0.41369047619047616,0.11948542418453267,0.19883899104196134,0.3820895522388059,0.44723618090452266,0.1389655042127933,0.216852207615708,0.40909090909090906,0.40802675585284276,0.10919537021010484,0.19111908065818206,0.37583892617449666,25.0,-15.0,-15.0,36.0,-14.0,-14.0,48.0,-21.0,-21.0,0.001483837459556726,3.406775947424051e-05,0.0003327493771487267,-0.018806803995910393,-0.02032640553513243,-0.019615419254345845,0.08035714285714286,0.23040545990512737,0.2767857142857143,-0.9289608001708984
164,0,test,2.192871106254608,1.0245432895315327,1.286155722511737,4.319291572925743,2.0180398127136248,2.5333370291897848,8.96090392383203,5.744294545358944,6.484728049978827,17.650265304517635,11.314519559040345,12.772949189352236,2.9525590424745696,1.3617251528276306,1.8636754662577852,4.762192003991241,2.1963308916574684,3.005928171383524,19.154909288301884,14.247069469074015,16.183953913170157,30.89501498113207,22.97914430495809,26.103151472855092,2.439589594841257,1.1435490421217185,1.5562269585934145,4.490042199094338,2.1046914885675805,2.864221396184199,11.468333113771216,7.813536108596402,9.049312782910114,21.107361559088126,14.380741304165156,16.65517690106156,0.6381909547738693,-0.0018090452261306789,-0.0018090452261306789,0.4974874371859297,-0.002512562814070307,-0.002512562814070307,0.39698492462311563,-0.0030150753768843908,-0.0030150753768843908,0.3547557840616966,0.11598813322729351,0.15925236275182364,0.2938144329896907,0.40703517587939697,0.11881462450095082,0.1849984479995973,0.38383838383838387,0.3812709030100334,0.12751464257597667,0.1899472100178199,0.3221476510067114,21.0,-7.0,-7.0,34.0,-10.0,-10.0,41.0,-9.0,-9.0,0.000421584881547301,0.0015209532845235302,0.0001418710227304363,-0.051859837463330116,-0.06774929453030598,-0.05822516242590847,0.06940874035989718,0.0934844037326665,0.519280205655527,-1.127915859222412
244,0,test,2.3295385526463255,1.0797257443125792,1.4741063901846212,4.493861605104968,2.08287519470228,2.8436662278738787,10.273199898213363,6.783510242717277,7.920809122289624,19.817804058964786,13.085920468220563,15.279858732360127,2.4875009452563663,1.1357623454181034,1.56283325816246,4.145834908760611,1.8929372423635056,2.604722096937433,12.031171962778048,8.167034079320382,9.510141612558398,20.051953271296746,13.61172346553397,15.850236020930662,2.3297087833089027,1.079838902884634,1.474245511039111,4.494189993333486,2.083093486415748,2.8439346028555903,10.274948860698123,6.785060035634665,7.92248490121044,19.821177944041768,13.088910139664033,15.283091440632907,0.5778894472361809,-0.002110552763819218,-0.002110552763819218,0.4371859296482412,-0.002814070351758735,-0.002814070351758735,0.3467336683417085,-0.003266331658291488,-0.003266331658291488,0.3837638376383764,0.1296201912295366,0.18744481923346845,0.40740740740740744,0.40703517587939697,0.13385221848591322,0.1983540406540213,0.4494949494949495,0.38745387453874536,0.13331022812990556,0.1911348561338374,0.40740740740740744,18.0,-8.0,-8.0,30.0,-12.0,-12.0,38.0,-13.0,-13.0,0.00047536421926826905,-0.00013098634245018833,-5.152457225081563e-05,-0.027382124383413142,-0.02135987400663364,-0.02431993728425752,0.12915129151291513,0.1035490407698408,0.0036900369003690036,-0.701481819152832
353,0,test,2.180093362897978,0.9576665036649665,1.2846331231953316,3.954090903295352,1.7369441488041057,2.329971841089572,8.847132214065791,5.45171426987734,6.398669804269645,16.046269211785994,9.887913136542235,11.605430527351807,2.597269270938133,1.1746262278425899,1.6283192283977825,3.9957988783663585,1.8071172736039842,2.505106505227358,13.427022367353846,9.278952876454934,10.79184618392264,20.656957488236685,14.275312117622976,16.602840282957906,2.26946035311035,0.9890068413710509,1.3969564069401472,3.782433921850583,1.648344735618418,2.328260678233579,9.674178764687934,6.075907550859501,7.28128372596116,16.12363127447989,10.126512584765836,12.135472876601934,0.6080402010050252,-0.001959798994974782,-0.001959798994974782,0.42211055276381915,-0.0028894472361808976,-0.0028894472361808976,0.31658291457286436,-0.003417085427135591,-0.003417085427135591,0.34688346883468835,0.10331107370613624,0.15235756463136474,0.29891304347826086,0.35678391959798994,0.08360096220450619,0.14309443712720527,0.31818181818181823,0.34448160535117056,0.09239479399891681,0.15093321825439632,0.2919463087248322,21.0,-12.0,-12.0,31.0,-19.0,-19.0,39.0,-22.0,-22.0,0.001223191179583938,0.00038956328825117786,0.0005821465512983069,-0.06891457793702216,-0.07136695854611563,-0.07220680174597582,0.0948509485094851,0.11957208674888806,0.2791327913279133,-1.221919298171997
22,0,test,2.5250814008181677,1.187367261201352,1.6271660218008404,4.279030158272703,2.0121253588022907,2.7574130788601066,12.491912074084954,8.681588399015007,10.037430962613694,21.168928844108038,14.71191327497753,17.00953869712381,2.5856036803032216,1.205324766800861,1.6534421236453631,4.104132825878129,1.913213915556922,2.624511307373592,13.271298293603598,9.295287857750765,10.731304705501875,21.06555284698984,14.75442517103296,17.03381699286012,2.524881055928887,1.1871666667105618,1.6270283189057264,4.278690651663922,2.0117854292161015,2.7571797260498236,12.489409634027476,8.67908500789487,10.035082271332069,21.164688182214228,14.707671001402685,17.005558579562727,0.6281407035175879,-0.0018592964824121205,-0.0018592964824121205,0.46733668341708545,-0.002663316582914521,-0.002663316582914521,0.3517587939698492,-0.0032412060301507672,-0.0032412060301507672,0.4042553191489362,0.09275089437017514,0.17312324367723808,0.37722419928825623,0.42211055276381915,0.12135867306457104,0.1933960285568075,0.3939393939393939,0.4042553191489362,0.09275089437017514,0.17312324367723808,0.37722419928825623,21.0,-3.0,-3.0,35.0,-7.0,-7.0,43.0,-8.0,-8.0,7.54256247788269e-05,-1.910963669461272e-05,3.978350084204747e-05,-0.007834006013412775,-0.008324246367292787,-0.009028132784372644,0.09219858156028368,0.11626873814362003,0.0035460992907801418,-0.7447409629821777
425,0,test,2.3091048251378994,0.9998906202769109,1.418227555294059,3.766187014262349,1.6308376426976352,2.3131518949983314,10.065410318617921,6.362147755761807,7.628143464204269,16.416845706836714,10.376765056189043,12.441624366750277,2.5096933407406428,1.1390196668954726,1.569092148516709,3.983640223397846,1.8079677252309092,2.4906224579630303,12.30115721828968,8.363154486780738,9.739636296315853,19.525646378237585,13.274848391715455,15.459740152882304,2.2922729236389467,0.987582369140102,1.405057812260226,3.7374015059330654,1.6101886453371228,2.290855128685151,9.897408187660643,6.210860056213409,7.469050667036339,16.137078566838007,10.126402265565343,12.177800000602728,0.6130653266331658,-0.001934673366834172,-0.001934673366834172,0.44221105527638194,-0.0027889447236180143,-0.0027889447236180143,0.3517587939698492,-0.0032412060301507672,-0.0032412060301507672,0.39473684210526316,0.12380088151413016,0.18467119659103992,0.37623762376237624,0.39698492462311563,0.11628317023715073,0.16993984949790697,0.398989898989899,0.3913043478260869,0.12252304565580308,0.1799584078928277,0.37248322147651003,21.0,-10.0,-10.0,31.0,-10.0,-10.0,43.0,-16.0,-16.0,0.0010324185460044927,0.00018119812478506196,-1.4579212839492291e-05,-0.029238029576015734,-0.023644876075515242,-0.026699153577076196,0.08223684210526316,0.17874397125769975,0.20394736842105263,-1.0624017715454102
450,0,test,2.214097148266057,1.029384913953674,1.41046304281872,3.5931633720432012,1.6705446603591052,2.28898002377438,9.153141450304808,5.883395684872703,6.919497957531698,14.854240982208948,9.547910711450559,11.229356685365728,2.2212721205491217,1.003961803422159,1.3832819352598822,3.1066742944742964,1.404142382408614,1.9346600493145207,9.219051153908353,5.84096163997406,6.90733497037086,12.89377783763406,8.16917711884484,9.660608350169035,2.2137634213830375,1.0289653353297368,1.4100742917134275,3.5926217809873298,1.6698637441922588,2.2883491362663624,9.150087310591372,5.880060819742736,6.916320909940812,14.849284549759714,9.542498701753926,11.224200790989663,0.6030150753768844,-0.0019849246231156137,-0.0019849246231156137,0.39698492462311563,-0.0030150753768843908,-0.0030150753768843908,0.31155778894472363,-0.003442211055276312,-0.003442211055276312,0.3533568904593639,0.08880662590909938,0.14889155555924638,0.36170212765957444,0.3668341708542714,0.07610735381166489,0.14813634113807772,0.3787878787878788,0.3533568904593639,0.08880662590909938,0.15006664369085632,0.36170212765957444,20.0,-7.0,-7.0,27.0,-4.0,-4.0,37.0,-11.0,-11.0,0.00022541931705359524,7.047762603612001e-05,-1.938065440961357e-05,-0.004948932814357043,-0.004077830901387358,-0.004798287979594029,0.1413427561837456,0.05333982481103114,0.05653710247349823,-0.7581000328063965
366,0,test,2.0524815478787737,0.9517567208314734,1.306173085726843,3.6141522908300145,1.6759194432032467,2.3000004335624844,7.787201462293954,4.780857148212348,5.678002024442602,13.712246053169789,8.418465847939135,9.998220956083713,1.990319540092536,0.8724101422118207,1.2304214983217416,3.262818918184485,1.4301805610029845,2.0170844234782646,7.317871742164181,4.259418236576538,5.17981352541053,11.996511052728167,6.9826528468467846,8.491497582640214,2.1425137482411247,0.9880113968669928,1.3637920288187177,3.610978227372682,1.6651877475286394,2.2985258912675013,8.520829951468203,5.348385689367953,6.342144438092527,14.360949356407083,9.014133184328012,10.689007479931224,0.49246231155778897,-0.002537688442211028,-0.002537688442211028,0.35678391959798994,-0.0032160804020100464,-0.0032160804020100464,0.24120603015075381,-0.0037939698492461815,-0.0037939698492461815,0.3529411764705882,0.11028275297754342,0.16241594475071175,0.3633540372670807,0.35678391959798994,0.1036510875177894,0.16145837702703836,0.3737373737373737,0.35451505016722407,0.10910603514218231,0.16207901012273018,0.38590604026845643,12.0,0.0,0.0,22.0,0.0,0.0,28.0,0.0,0.0,-0.0007882359944271122,-1.313678730189578e-05,-6.26166680976438e-05,-0.054327895947205995,-0.05406363460088581,-0.055817109731419734,0.07739938080495357,0.09026330191306949,0.0030959752321981426,-1.0692803859710693
207,0,test,2.367813361432774,1.085726451933671,1.507583788179093,4.500524686978605,2.0636502774342107,2.865478405900687,10.674026509136294,7.069873084480839,8.310323234662441,20.28822059892572,13.437772954899748,15.795507992124353,2.2509168284178855,1.0049216335307114,1.4016398731622464,3.880891083479113,1.7326235060874335,2.41662047096939,9.496438450987291,6.020045684304367,7.158482656992298,16.373169743081537,10.379389110869596,12.342211477572928,2.367806109475574,1.085719199698237,1.5075019730481907,4.500510903116694,2.063636493043458,2.8653228991270576,10.673949101833575,7.069795676175322,8.310069575571022,20.288073470151758,13.437625824219761,15.795025859950595,0.6331658291457287,-0.0018341708542712887,-0.0018341708542712887,0.457286432160804,-0.0027135678391959628,-0.0027135678391959628,0.3266331658291457,-0.0033668341708542604,-0.0033668341708542604,0.4269662921348315,0.12416255381707453,0.20031622986833086,0.4699248120300752,0.42713567839195976,0.1238775330285512,0.1917433578577361,0.45959595959595956,0.4269662921348315,0.12416255381707453,0.20031622986833086,0.4699248120300752,19.0,-10.0,-10.0,30.0,-14.0,-14.0,38.0,-19.0,-19.0,-0.00013782397400017413,-0.00038802429379682617,-0.00011447755197022836,-0.00016252502302549487,0.00022759863213561715,7.184004964067014e-05,0.11610486891385768,0.047003978673001,0.26217228464419473,-0.7108132839202881
371,0,test,1.6350347513664492,0.7364708365254748,0.9303537627117724,3.1285761107877246,1.4092086198900913,1.780196142111949,5.129636255799051,2.6735628091111328,3.1064350979596824,9.815361681769337,5.115759605895341,5.944044081672853,2.4499277485743765,1.1227797880216106,1.539737536301947,3.4998967836776806,1.6039711257451579,2.1996250518599245,11.587509474898717,7.817234409084532,9.102714347934253,16.553584964141024,11.167477727263616,13.003877639906076,1.919152600488315,0.7904124289241314,1.149245473300056,3.0788544392860673,1.26804132982481,1.8437093154546356,6.815180840740192,3.7234218810702058,4.655615161205878,10.933445199048437,5.973404087278405,7.468901328137772,0.5879396984924623,-0.002060301507537776,-0.002060301507537776,0.4371859296482412,-0.002814070351758735,-0.002814070351758735,0.3266331658291457,-0.0033668341708542604,-0.0033668341708542604,0.3173803526448362,0.0997702897517545,0.13067458529390763,0.2525252525252525,0.3668341708542714,0.0861324164683065,0.15314468838348672,0.36868686868686873,0.34782608695652173,0.10074762284967698,0.16317647627799003,0.2953020134228188,18.0,-5.0,-5.0,30.0,-5.0,-5.0,38.0,-5.0,-5.0,0.0005011739960907905,0.001728198593234471,0.00018008736670520483,-0.11476689843439036,-0.15243740331820455,-0.1308907437295126,0.08564231738035265,0.034767780642675106,0.8287153652392947,-1.2831497192382812
468,0,test,2.2264919194781925,1.0188900919305017,1.4021917857322275,3.9736696062909407,1.8184357890704095,2.502522839813767,9.267298558577291,5.921846504912793,6.9870142458745494,16.53955367746086,10.568851053906858,12.469879591595548,2.0644807734801973,0.8976939147528789,1.2695914281715808,3.469715585681004,1.5087292684922333,2.133767106170724,7.881204704609043,4.669548169035443,5.6670087325332394,13.245722192620242,7.847980116025956,9.524384424425612,2.2265931333198097,1.0192156592987516,1.402380632004633,3.9738502448832715,1.8190168363873553,2.502859877952713,9.268236584935643,5.923535011048024,6.988152090334712,16.54122779394764,10.571864568328767,12.471910327889034,0.5477386934673367,-0.002261306532663321,-0.002261306532663321,0.3919597989949749,-0.0030402010050251116,-0.0030402010050251116,0.24120603015075381,-0.0037939698492461815,-0.0037939698492461815,0.375,0.10014619883040932,0.1633116883116883,0.4,0.38190954773869346,0.10622032468104936,0.16822006526790878,0.38383838383838387,0.37109375,0.09623994883040932,0.1594054383116883,0.4,18.0,-8.0,-8.0,29.0,-13.0,-13.0,33.0,-13.0,-13.0,-0.0002653758739377471,-0.00019952635858215719,-7.32273206857754e-05,-8.629588256159337e-05,-0.00014530477676810705,0.00011039017629776993,0.1171875,0.045141361788885025,0.80078125,-1.0534107685089111
62,0,test,2.755686121003414,1.2119396319705311,1.7165666628878722,4.754629421213144,2.091066826146046,2.9617445530656035,15.731831140443573,11.049732255727141,12.905104273672855,27.143522123148752,19.06508207853439,22.26631980897959,3.1219923482495475,1.4456059873791334,1.9993281951699806,5.118020243032046,2.3698458809493994,3.27758720519669,22.691544094734226,17.34534231602676,19.61851376428591,37.199252614318404,28.434987403322552,32.1614979742392,2.797405254620071,1.2098219048123444,1.7243518770055961,4.714727957224839,2.0390256822679964,2.906211028661117,16.40203241048,11.510119820039218,13.477737551948533,27.643874849123595,19.399078348380705,22.715288008902018,0.6582914572864322,-0.0017085427135676845,-0.0017085427135676845,0.5175879396984925,-0.002412060301507535,-0.002412060301507535,0.4371859296482412,-0.002814070351758735,-0.002814070351758735,0.3885542168674698,0.11035872814566527,0.17612936716807104,0.377643504531722,0.42713567839195976,0.128890064356872,0.2034295014303571,0.4292929292929293,0.3946488294314381,0.11084248552492726,0.17662880718449703,0.3825503355704698,17.0,0.0,0.0,27.0,0.0,0.0,33.0,0.0,0.0,0.0009369704267287281,0.0001984905360219597,0.0006704236356937941,-0.00703381770377387,-0.010534737409725992,-0.011507854242918114,0.07530120481927711,0.20166425244930275,0.4879518072289157,-1.2387149333953857
123,0,test,2.408765798600178,1.144073060821873,1.5097437681811305,4.316699104422101,2.0502695446411785,2.7055804162453927,11.12022807106732,7.578223826269414,8.6630292011053,19.92832951349688,13.580777352027365,15.524834508911475,2.4713462637346733,1.12717561618165,1.565788522865725,3.9541540219754774,1.8034809858906402,2.5052616365851597,11.83837370156254,8.003369050725583,9.365062696496873,18.941397922500066,12.805390481160934,14.984100314394997,2.439708342048459,1.1433173446257487,1.5697537232593075,4.206393693186999,1.9712368010788777,2.7064719366539793,11.469695027159844,7.813616993281647,9.082892492082458,19.77533625372387,13.471753436692499,15.66015946910769,0.5527638190954773,-0.0022361809045226,-0.0022361809045226,0.4120603015075377,-0.0029396984924623393,-0.0029396984924623393,0.29145728643216084,-0.0035427135678391952,-0.0035427135678391952,0.3573407202216067,0.08901430251759557,0.15010709363314134,0.3472222222222222,0.36180904522613067,0.08110729084016577,0.1581362572461641,0.35858585858585856,0.36789297658862874,0.08742553084572391,0.15877173075993023,0.3557046979865772,21.0,-1.0,-1.0,30.0,0.0,0.0,35.0,0.0,0.0,-0.0002687516082068433,0.0003604179770251896,-3.531878627975348e-05,-0.015998468980230385,-0.01993634156888291,-0.016495486324970443,0.07202216066481995,0.06035432888562552,0.002770083102493075,-0.7314419746398926
255,0,test,2.737643438230566,1.257604413636133,1.733104291584914,4.5537039368587635,2.0918568464442613,2.882787336497679,15.450532028161348,11.057414910973934,12.719883473901255,25.699894858723827,18.39253173310516,21.157825976390207,3.2026210429484054,1.4632363476349768,2.023522978151096,4.815971493155496,2.200355409977408,3.0428916964678123,24.596915353659526,18.90307645481098,21.34547506212831,36.98784263708199,28.425678879415,32.09845874004257,2.8868370497366764,1.317775881921387,1.8126876078973313,4.606654866601079,2.102833854129872,2.8925866083468046,17.936487568212513,13.134349892821017,15.008985737500957,28.62205463012635,20.95906897790588,23.950509155586634,0.7135678391959799,-0.0014321608040201994,-0.0014321608040201994,0.5829145728643217,-0.002085427135678275,-0.002085427135678275,0.44221105527638194,-0.0027889447236180143,-0.0027889447236180143,0.4208955223880597,0.1243232422092222,0.20242481732351159,0.3922155688622755,0.42211055276381915,0.09128348509464623,0.1783709868205804,0.43939393939393945,0.42140468227424754,0.11589550030429763,0.19448588360906405,0.4093959731543624,16.0,0.0,0.0,24.0,0.0,0.0,39.0,1.0,1.0,0.0008214013840977969,6.50548003909135e-05,0.0007227423650227473,-0.008978286511626798,-0.010520372850571391,-0.011580750794813355,0.08955223880597014,0.1866996738620821,0.7134328358208956,-1.2372395992279053
356,0,test,1.6880753418212557,0.7341394659196951,0.9582498919588565,3.186756864804029,1.385912064931327,1.8089888204296463,5.409060088546762,2.8131533428247426,3.334341654868562,10.211250020817547,5.310684603283783,6.294586441142115,2.2129963827316335,0.9799164962072637,1.3732737122147731,3.5407942123706135,1.567866393931622,2.197237939543637,9.143071530991465,5.711288752904671,6.8273468619972455,14.628914449586343,9.138062004647473,10.923754979195593,1.910253241993755,0.8586758233735616,1.1905817551866282,3.3710351329301558,1.5153102765415791,2.101026626799932,6.754799180763794,3.892636793472371,4.701040767687459,11.920233848406696,6.869359047304184,8.295954295919046,0.5879396984924623,-0.002060301507537776,-0.002060301507537776,0.3668341708542714,-0.0031658291457286047,-0.0031658291457286047,0.31155778894472363,-0.003442211055276312,-0.003442211055276312,0.34196891191709844,0.11428456521593411,0.1513530761399723,0.2935064935064935,0.3517587939698492,0.06353824259140306,0.12805261700824655,0.36868686868686873,0.35785953177257523,0.10911161858392748,0.164311144675801,0.3355704697986577,23.0,-12.0,-12.0,35.0,-17.0,-17.0,42.0,-16.0,-16.0,0.0005029430768248002,0.0010107088753036442,0.00027810407705420177,-0.0778014323182612,-0.10570502794406433,-0.09427865103272293,0.08031088082901554,0.06529978757936489,0.4170984455958549,-1.4843330383300781
360,0,test,2.871667241146812,1.3084102705108296,1.8209186764654903,4.264425853103015,1.9429892517085814,2.704064234551253,17.66644788866411,12.892102034594808,14.806656833061519,26.2346751146662,19.144771521373286,21.987885397096353,2.691430672254831,1.1585151628328734,1.6610867009328534,3.712318168627353,1.5979519487349978,2.2911540702522117,14.75276720420885,10.121106397080354,11.950737717466831,20.348644419598415,13.960146754593595,16.483776162023215,2.871515410256198,1.308333694437821,1.8208398882121561,4.2642003842304534,1.9428755362401637,2.703947233995051,17.663765779765832,12.889779204704055,14.804183603215382,26.230692182952257,19.14132211898552,21.984212650774836,0.6180904522613065,-0.0019095477386934512,-0.0019095477386934512,0.4623115577889447,-0.002688442211055242,-0.002688442211055242,0.3517587939698492,-0.0032412060301507672,-0.0032412060301507672,0.3885135135135135,0.1001492639350986,0.16042362587306402,0.4203389830508475,0.38190954773869346,0.09118273069608696,0.1531950235316818,0.4040404040404041,0.3885135135135135,0.09846292329428918,0.16042362587306402,0.4203389830508475,18.0,-6.0,-6.0,28.0,-7.0,-7.0,37.0,-7.0,-7.0,-0.0007938717121429278,-0.00014637031440334767,-9.0903225673995e-05,-0.00036349275698022154,0.0001152664056931485,-2.979210245257491e-05,0.08783783783783784,0.10468390792964836,0.5135135135135135,-0.8497402667999268
348,0,test,2.785355152881126,1.2499310556941452,1.745246617267832,4.565866991115263,2.0489376166125544,2.8608789485592943,16.20557231054669,11.562277990041853,13.376048208726672,26.564830559693622,18.953354426714178,21.92656003835575,2.8921532200395204,1.2795241189920263,1.7732095314232434,4.664763258128259,2.0637485790193977,2.8600153732632965,18.032094898015256,13.016113468633037,14.970476425835972,29.084024029056863,20.993731401021027,24.145929719090276,2.78546854848095,1.2500016978333777,1.7452965665700089,4.566052873775734,2.0490534160686384,2.860960827478686,16.207410055333447,11.563917213684164,13.377706424989919,26.567843065388374,18.956041508507585,21.929278253622716,0.6482412060301508,-0.0017587939698492372,-0.0017587939698492372,0.48743718592964824,-0.002562814070351749,-0.002562814070351749,0.3668341708542714,-0.0031658291457286047,-0.0031658291457286047,0.3798449612403101,0.08777532874514571,0.15175217773515548,0.36575875486381326,0.37688442211055273,0.08365133940378577,0.14816989790354107,0.36868686868686873,0.3798449612403101,0.08777532874514571,0.15175217773515548,0.36575875486381326,18.0,-2.0,-2.0,32.0,-9.0,-9.0,37.0,-3.0,-3.0,0.0004739874729317036,0.00012337847188859599,0.0003423060920490968,-0.005765204822897552,-0.005394169349428601,-0.005475256950600915,0.10077519379844961,0.19528766927318242,0.11627906976744186,-0.759178876876831
44,0,test,2.2641262348222435,1.048638764147193,1.4393841667683995,4.028583231614751,1.8658538010343162,2.561111138112049,9.622712935256724,6.250775550909843,7.341420663975146,17.121792671008514,11.122069600929237,13.062665733141984,2.4410184699262385,1.104302700436985,1.5353571556976304,4.102552050296199,1.8559709251041765,2.5804321944497994,11.484731642158023,7.678210182096848,9.01116445469547,19.302069986820207,12.904554927893862,15.14481420957222,2.2645618478624576,1.0490382287559292,1.4399273639462118,4.029358322403545,1.8665645725450322,2.562077654469811,9.626905627622993,6.254846350825529,7.345858774001271,17.129252771908497,11.129312817330943,13.070562508222952,0.6130653266331658,-0.001934673366834172,-0.001934673366834172,0.44723618090452266,-0.0027638190954772934,-0.0027638190954772934,0.321608040201005,-0.0033919597989949812,-0.0033919597989949812,0.38521400778210113,0.10754410486947974,0.17305359381056162,0.40625,0.40703517587939697,0.12132089016511127,0.1900067952450063,0.43939393939393945,0.38521400778210113,0.10754410486947974,0.17305359381056162,0.40625,15.0,-3.0,-3.0,27.0,-6.0,-6.0,37.0,-7.0,-7.0,0.0006030931720762407,0.00017880061292581338,5.162740534309878e-05,-9.322580442105988e-05,-0.00015080139628764755,0.00010688561932692409,0.09727626459143969,0.07717141285231026,0.9571984435797666,-0.7251901626586914
163,0,test,2.067877433795025,0.9660269739204079,1.3222589218625627,3.6248675015936325,1.6933884601663625,2.3178421100884927,7.908019995297742,4.898289736057992,5.800275298154395,13.862293874110161,8.586413772619306,10.167541405000058,2.4724148986327386,1.111693360174978,1.5581468906773344,3.5069714874223243,1.5768700144325931,2.2101374335848716,11.851031362841086,7.952025793282095,9.356083061819405,16.809973564313598,11.279469210329212,13.271039803999155,2.067877433795025,0.9660269824087044,1.3222435200664773,3.6248675015936325,1.693388475045847,2.317815111645943,7.908019995297742,4.898289761605475,5.800242834850374,13.862293874110161,8.586413817402539,10.167484498737714,0.6080402010050252,-0.001959798994974782,-0.001959798994974782,0.46733668341708545,-0.002663316582914521,-0.002663316582914521,0.37688442211055273,-0.003115577889447274,-0.003115577889447274,0.4040404040404041,0.13849418555300919,0.2091915798522742,0.3918918918918919,0.40201005025125625,0.11128323320864975,0.18164277145325958,0.45959595959595956,0.4040404040404041,0.13849418555300919,0.2091915798522742,0.3918918918918919,17.0,-6.0,-6.0,26.0,-10.0,-10.0,38.0,-18.0,-18.0,0.00131426196112545,-6.754764507726378e-05,0.00016883855641790634,-0.05330274907834376,-0.0471508469416726,-0.04954402752502585,0.08417508417508418,0.04261524371545782,0.6363636363636364,-0.6390895843505859
111,0,test,2.277325047150156,0.998389743951783,1.402455127637879,4.080207376144029,1.788781624580278,2.5127321036845327,9.75056319713448,6.157750764562766,7.3519999297408845,17.469759061532613,11.032636786508291,13.172333207452418,2.573652947369115,1.1788414456753789,1.6126172885254233,4.2894215789485255,1.964735742792298,2.687695480875706,13.113640491537984,9.079426433098469,10.499237790442706,21.85606748589664,15.13237738849745,17.498729650737843,2.1677649259492804,0.9425404276555962,1.3344562231094526,3.848103418844876,1.6731486881460285,2.3688572007860103,8.738730487312548,5.333800089254199,6.437811269893509,15.512539326590321,9.468284182108043,11.42806734300623,0.6130653266331658,-0.001934673366834172,-0.001934673366834172,0.4371859296482412,-0.002814070351758735,-0.002814070351758735,0.3517587939698492,-0.0032412060301507672,-0.0032412060301507672,0.36151603498542273,0.09805169728527718,0.1542824083969574,0.35672514619883045,0.3919597989949749,0.10624551328068921,0.17159252019697824,0.4040404040404041,0.3411371237458194,0.08237251606635365,0.13980230728308307,0.32885906040268453,22.0,-8.0,-8.0,30.0,-7.0,-7.0,42.0,-14.0,-14.0,0.0009994121807642795,-8.152062276918634e-06,0.0004580177474445809,-0.014338811262504692,-0.016363480553165388,-0.019368577915686913,0.0728862973760933,0.1252853728923786,0.24489795918367346,-1.1633248329162598
462,0,test,2.723047139032316,1.2371733708253478,1.700706764345917,4.338634915300293,1.9711901075829705,2.7097385288382316,15.226649344099858,10.807824589068991,12.446956664496835,24.26064225638877,17.220122431387438,19.83175391998778,3.319308826735337,1.5526844752305529,2.1279423057815348,4.7082394705465775,2.20238932656816,3.018357880541184,27.641239069155574,21.790170233498653,24.34966292591318,39.207431303766775,30.908042884395257,34.5385289729265,2.929914001950538,1.3623129564102459,1.8666312993569487,4.507560003000828,2.095866086784994,2.8717404605491517,18.72602002622881,13.930888942539635,15.830158370433232,28.80926157881355,21.432136834676363,24.35408980066651,0.6934673366834171,-0.0015326633165829717,-0.0015326633165829717,0.5577889447236181,-0.00221105527638199,-0.00221105527638199,0.4371859296482412,-0.002814070351758735,-0.002814070351758735,0.37349397590361444,0.10432104357278738,0.16808315426032783,0.32930513595166166,0.37688442211055273,0.06610747975466302,0.14483099973993507,0.3939393939393939,0.38795986622073575,0.10916186955963392,0.17883862039203724,0.3557046979865772,22.0,-2.0,-2.0,33.0,-2.0,-2.0,38.0,-2.0,-2.0,0.0010983585269818685,0.0003874176836474235,0.0008502039091714945,-0.00428301283828425,-0.0035116801616403848,-0.0039921394467103966,0.0783132530120482,0.09112377562068927,0.0030120481927710845,-0.780493974685669
153,0,test,2.8950257292415102,1.377546780860571,1.870744397407561,4.511537557751999,2.1467353387014994,2.915322487330565,18.083966722019316,13.523253824961824,15.298873538664093,28.181613115025026,21.074309260219696,23.841391758222727,2.899640452508144,1.3289161558893061,1.8312139705446753,4.027278406261312,1.845716883179592,2.5433527368676048,18.167612075643934,13.357481181732348,15.256816370605705,25.232794549505464,18.552057196850484,21.190022736952365,2.885627238752721,1.3602738738804974,1.8592057568327995,4.508792560551127,2.1254279279382775,2.90500899505125,17.914800929550864,13.31803331099988,15.123740846026376,27.991876452423224,20.809427048437314,23.630845071916212,0.6080402010050252,-0.001959798994974782,-0.001959798994974782,0.49246231155778897,-0.002537688442211028,-0.002537688442211028,0.40703517587939697,-0.00296482412060306,-0.00296482412060306,0.4019607843137255,0.12789879410165372,0.19869991474850812,0.4229508196721311,0.4120603015075377,0.1363710784498936,0.20170971720035902,0.43939393939393945,0.4046822742474916,0.13089262483179875,0.2022351107324749,0.4261744966442953,15.0,0.0,0.0,28.0,0.0,0.0,32.0,0.0,0.0,2.8100965350974114e-05,3.222309597183336e-05,-0.00011955814946581624,0.00047939258751661384,7.653115519623555e-05,-6.483767214060521e-05,0.16666666666666666,0.09637000705587448,0.0032679738562091504,-0.9314863681793213
219,0,test,2.5236897947438584,1.1688290413348403,1.6015778379797003,4.644186545357041,2.1509220819830492,2.947282293560277,12.474540343469302,8.598319175000682,9.959944840608072,22.956106785910965,15.822942387131434,18.32865589011308,2.616786506165644,1.200696345690572,1.6632756752273796,4.550933054201121,2.0881675577227345,2.8926533482215304,13.69165476738703,9.570678223564382,11.09685116429325,23.811573508499183,16.64465778011197,19.298871590075215,2.4852310698323663,1.182706411917965,1.6097792045853963,4.546154396034817,2.1634873388743268,2.9447180571684086,12.003893672090879,8.325321581891647,9.60393416480591,21.958342083093072,15.229246796143256,17.568172252693742,0.6080402010050252,-0.001959798994974782,-0.001959798994974782,0.4522613065326633,-0.0027386934673366836,-0.0027386934673366836,0.33668341708542715,-0.0033165829145728187,-0.0033165829145728187,0.3838709677419355,0.11172926081761991,0.17142461581060509,0.3818770226537217,0.3869346733668342,0.09620785632422768,0.1682368436506405,0.38888888888888884,0.3812709030100334,0.10581180451253758,0.17103731012905454,0.3791946308724832,20.0,-1.0,-1.0,34.0,-4.0,-4.0,43.0,-4.0,-4.0,0.0007190597335723985,0.00026196574748602936,2.6751009497934416e-05,0.0004635968812909397,6.103705499693746e-05,-7.885590001688314e-05,0.08709677419354839,0.10206975554848383,0.18064516129032257,-0.8268382549285889
213,0,test,2.1501332332384218,0.9252250406577605,1.325192911380709,3.7599765770989833,1.6179576352015195,2.3173886296452397,8.586002261862248,5.182148692428749,6.304257670874584,15.014496263051416,9.0621164313754,11.024368542401195,2.6043812465216414,1.205705272433771,1.6498728912098581,3.9460321916994565,1.8268261703541984,2.499807410924028,13.522855399745456,9.473021069830736,10.925462125397736,20.489174848099175,14.353062227016265,16.553730493026872,2.2450080828364603,1.021504851875084,1.406051939274196,3.9617789697114008,1.8026556209560307,2.4812681281309343,9.440491862103796,6.041417218403298,7.126541578343849,16.65969152135964,10.661324503064645,12.576249844136203,0.6080402010050252,-0.001959798994974782,-0.001959798994974782,0.44221105527638194,-0.0027889447236180143,-0.0027889447236180143,0.35678391959798994,-0.0032160804020100464,-0.0032160804020100464,0.35882352941176465,0.10184849270104512,0.15627949810061004,0.3510324483775811,0.40703517587939697,0.12633342149343207,0.1883373461632033,0.43434343434343436,0.3712374581939799,0.10078670694189307,0.15655447710387982,0.37248322147651003,21.0,-9.0,-9.0,31.0,-10.0,-10.0,38.0,-11.0,-11.0,0.0005892180907077556,0.0003082495612809074,0.0004661128485498465,-0.022007198493468216,-0.028122986468775757,-0.027266298921862386,0.07352941176470588,0.14224874334514345,0.6058823529411764,-1.1726789474487305
270,0,test,2.657656025767471,1.1813073319913578,1.661759713699746,4.174171611092412,1.8553866570259743,2.609995482534064,14.26281820818663,9.885883269324768,11.55566850306115,22.40148848517448,15.526980502103306,18.149581038706213,2.7951026753056403,1.2423228451096548,1.717648997389778,4.140892852304652,1.8404782890513403,2.544665181318189,16.364308877317676,11.63972338692722,13.427117890629145,24.243420558989147,17.244034647299586,19.89202650463577,2.657824456494674,1.1813137211899287,1.6621489485447523,4.1744361520085835,1.8553966920384193,2.6106068231380855,14.265220707351057,9.887576465794286,11.558668686040027,22.405261901941206,15.529639872829438,18.154293190503545,0.6281407035175879,-0.0018592964824121205,-0.0018592964824121205,0.4974874371859297,-0.002512562814070307,-0.002512562814070307,0.37688442211055273,-0.003115577889447274,-0.003115577889447274,0.37545126353790614,0.08175756984421245,0.15696386857992295,0.37681159420289856,0.3869346733668342,0.08868905933174642,0.15988959824162552,0.38888888888888884,0.37545126353790614,0.08175756984421245,0.15696386857992295,0.37318840579710144,20.0,0.0,0.0,31.0,0.0,0.0,38.0,0.0,0.0,0.0006611037167338081,0.0005106325416526059,5.402616807988173e-05,-0.008574772071315628,-0.00918005727137583,-0.007450242621416692,0.09025270758122744,0.13070746561695853,0.4223826714801444,-0.7788448333740234
12,0,test,1.742033678298837,0.7816549398699151,0.9735660596838799,3.7620514541985526,1.688042050995668,2.102488405487528,5.70894177601403,3.096255965433573,3.552482573353535,12.328884899264342,6.686595329606545,7.671850663731569,2.3411080038918546,1.0642525194159174,1.4552684416841122,4.071492180681487,1.8508739468102915,2.5309016377114997,10.392745387979774,6.807397588738663,7.967725896192071,18.074339805182216,11.838952328241152,13.856914602073168,1.963036398552974,0.8816994405864851,1.2268225735724194,3.8490909775548507,1.7288224325225197,2.405534457985136,7.120916211623761,4.172297114856993,5.032901272013497,13.962580807105414,8.180974735013711,9.868433866693131,0.5326633165829145,-0.0023366834170853723,-0.0023366834170853723,0.3869346733668342,-0.0030653266331658324,-0.0030653266331658324,0.31155778894472363,-0.003442211055276312,-0.003442211055276312,0.3382716049382716,0.11509034723173639,0.14472321784149733,0.29950495049504955,0.36180904522613067,0.09865115048928852,0.1631446044915731,0.36868686868686873,0.34782608695652173,0.10742541917688897,0.16540117038255064,0.3221476510067114,19.0,-2.0,-2.0,29.0,-7.0,-7.0,35.0,-5.0,-5.0,0.00032413946488934423,0.0012989265098271863,8.42771612547761e-05,-0.074055937537854,-0.09470240986795275,-0.08400083278854442,0.07654320987654321,0.09347351909637451,0.3950617283950617,-0.9401628971099854
56,0,test,2.4917466469788696,1.1683689211402792,1.6026434100558729,4.093583777179571,1.9194632275876016,2.6329141736632193,12.08236132078202,8.326274313940182,9.649414424997588,19.849593598427603,13.678879230044583,15.852609412496037,2.4176917183733315,1.0968148794467019,1.528239700549848,3.7776433099583304,1.7137732491354716,2.3878745321091372,11.219930641302303,7.473225446980163,8.786135032109813,17.53114162703485,11.676914760906506,13.728335987671583,2.4914973020052904,1.1681514999958076,1.602313254044164,4.093174139008691,1.9191060357073981,2.6323717745011264,12.079349020284317,8.323381920208247,9.64620550759122,19.84464481903852,13.674127440342119,15.84733761961415,0.6281407035175879,-0.0018592964824121205,-0.0018592964824121205,0.4522613065326633,-0.0027386934673366836,-0.0027386934673366836,0.3266331658291457,-0.0033668341708542604,-0.0033668341708542604,0.38888888888888884,0.08987898789878979,0.15669891527411306,0.42629482071713143,0.39698492462311563,0.10124557625218833,0.17160929857970997,0.4242424242424242,0.38888888888888884,0.08987898789878979,0.15669891527411306,0.42629482071713143,22.0,-12.0,-12.0,31.0,-13.0,-13.0,41.0,-16.0,-16.0,-0.00015222423430349537,0.00013055119743954184,-6.949646370412734e-05,-5.857619511928647e-05,-0.00012331829868550415,0.00012440840417138332,0.0992063492063492,0.06456689165708368,0.015873015873015872,-0.8113400936126709
133,0,test,2.799024088074412,1.312564604368552,1.7987781808521046,4.56257105686118,2.1395561759071193,2.9321124104063205,16.42860607262862,12.007192385336985,13.709655716841212,26.779577528793475,19.5724176454626,22.347531284099546,2.645923632982465,1.2027783270850079,1.675922946214659,4.3375797262007625,1.9717677493196852,2.747414665925671,14.096459026638469,9.862466930726718,11.458512755628366,23.10894922399749,16.167978574961833,18.784447140374372,2.7988184584066347,1.3123801410379277,1.7984180425485483,4.562235868616595,2.1392554900155814,2.9315253641542807,16.425228211126033,12.003908107976773,13.705857721572087,26.774071419292145,19.567064083522833,22.341340332273575,0.6281407035175879,-0.0018592964824121205,-0.0018592964824121205,0.4773869346733668,-0.0026130653266331905,-0.0026130653266331905,0.321608040201005,-0.0033919597989949812,-0.0033919597989949812,0.38434163701067614,0.08949261392009,0.15830613405209626,0.4035714285714286,0.36180904522613067,0.06857596251936371,0.139772317346331,0.3787878787878788,0.38434163701067614,0.08949261392009,0.15830613405209626,0.40714285714285714,21.0,-2.0,-2.0,29.0,0.0,0.0,34.0,1.0,1.0,-0.0004005154721410027,-0.00039710604760731874,-9.861439466660463e-05,-0.00866644195134203,-0.009265510784467246,-0.010033305201396558,0.1494661921708185,0.08436858499386933,0.11387900355871886,-1.0374722480773926
242,0,test,2.4341071998263066,1.1332127685068298,1.553559548531732,4.4538982805332425,2.073538257267817,2.842683429228276,11.40563121681284,7.7330511471637156,8.993410816443452,20.869878396721365,14.149838269278288,16.456028302428443,2.4862842339652933,1.1446004702445742,1.5739339382074502,4.214041074517446,1.9400007970247022,2.6676846410295765,12.016542401786898,8.191063112869436,9.526374108749641,20.367021019977795,13.883157818422774,16.14639679449092,2.4338386089399378,1.1328487550745452,1.553302182982355,4.453406816358184,2.0728721901364016,2.8422125050315428,11.402568179585074,7.729637646274823,8.990374857050602,20.864273690304604,14.1435922889284,16.450473142688335,0.6130653266331658,-0.001934673366834172,-0.001934673366834172,0.4522613065326633,-0.0027386934673366836,-0.0027386934673366836,0.3517587939698492,-0.0032412060301507672,-0.0032412060301507672,0.38132295719844356,0.10171130671300666,0.16269423792289373,0.40234375,0.3869346733668342,0.10372665331670883,0.1699062927324435,0.4242424242424242,0.38132295719844356,0.10171130671300666,0.16269423792289373,0.40234375,20.0,-8.0,-8.0,27.0,-7.0,-7.0,35.0,-10.0,-10.0,8.190337542131747e-06,8.893129914720024e-05,-5.6243797969655024e-05,-0.011201135254551353,-0.012612667072733785,-0.011775275795290696,0.12840466926070038,0.09605797292109558,0.0038910505836575876,-0.6980977058410645
305,0,test,2.845771196919825,1.3363728883948343,1.7955152181307186,5.1398112434164185,2.413653073937609,3.2429203429503795,17.214829574570146,12.690821656336684,14.356446864802107,31.092090149988937,22.921177889506055,25.929500970101763,2.8311868294426445,1.2276827282267953,1.7500180817183764,4.798621744818042,2.080818183435246,2.966132341895553,16.96558413547363,11.995165340126459,14.01746098492656,28.75522734826039,20.330788712078743,23.758408449028067,2.8782028542272093,1.3352114369880121,1.8416011474307312,5.020121257373039,2.32885715753723,3.212095024588484,17.78228708431897,13.103722186030994,14.962668260948007,31.015617007533084,22.855329394240105,26.09767719932792,0.5678391959798995,-0.0021608040201005485,-0.0021608040201005485,0.4824120603015075,-0.0025879396984924696,-0.0025879396984924696,0.3316582914572864,-0.0033417085427135396,-0.0033417085427135396,0.3796033994334278,0.09671796803314492,0.1635721188860182,0.40340909090909094,0.3467336683417085,0.06101938262742279,0.13137473678912082,0.38888888888888884,0.3745819397993311,0.08576724864741125,0.1621236528137916,0.40604026845637586,18.0,0.0,0.0,29.0,0.0,0.0,35.0,0.0,0.0,-0.00029598331645595025,-7.956099145824994e-05,-9.20849853953422e-05,-0.013421801467397465,-0.01648466333104448,-0.013541220620933991,0.12464589235127478,0.11155018118764115,0.0028328611898017,-0.7361083030700684
383,0,test,1.824833953968755,0.8435126354899107,0.9570194242508235,3.64966790793751,1.6870252709798215,1.914038848501647,6.2017651551140975,3.533785990977592,3.820065128198765,12.403530310228195,7.067571981955184,7.64013025639753,2.4240481479590303,1.1153555864066707,1.5315614000496351,3.7008368671130234,1.702832956346062,2.338261679465092,11.291476487551204,7.590145203068086,8.850283747129236,17.238895400841532,11.588007943615397,13.51188358340341,2.0226740085179418,0.9322094637651639,1.281039099300018,3.507527182401055,1.616548203060978,2.221455085491361,7.558509453507396,4.582853376554008,5.459144472050529,13.107241826891439,7.947144583619667,9.466724518006698,0.5577889447236181,-0.00221105527638199,-0.00221105527638199,0.4170854271356784,-0.0029145728643216184,-0.0029145728643216184,0.31658291457286436,-0.003417085427135591,-0.003417085427135591,0.3242630385487528,0.10002747795985134,0.11800692906683685,0.30454545454545456,0.37688442211055273,0.11122026170955024,0.16987273596698016,0.4191919191919192,0.3511705685618729,0.11243934986404314,0.1665209578833412,0.34563758389261745,21.0,-11.0,-11.0,28.0,-4.0,-4.0,36.0,-8.0,-8.0,0.0003776405466282315,0.0011315130629801736,0.00017611925896857873,-0.09857290571873811,-0.11937436802397183,-0.11455839515550004,0.05895691609977324,0.16578734336906367,0.42857142857142855,-1.0336824655532837
347,0,test,2.1921624265153565,1.027091920140965,1.098698850030025,4.249006184727296,1.9907831044707596,2.12957678339153,8.954555762448193,5.748406833277557,5.96996220329728,17.356361169189707,11.141973738575018,11.57140822120584,2.742093156797038,1.2439413201028071,1.734863714724252,4.218604856610828,1.9137558770812415,2.6690210995757724,15.519435734749132,11.046021908342158,12.781431038509629,23.876054976537127,16.993879858987935,19.663740059245583,2.554159638089608,1.1754408537859122,1.6195370681870696,4.353681201289104,2.0035923644078046,2.760574548046141,12.860487651188166,8.890675469015013,10.314235407065883,21.921285769070735,15.154560458548318,17.581083080225934,0.6432160804020101,-0.001783919597989958,-0.001783919597989958,0.5175879396984925,-0.002412060301507535,-0.002412060301507535,0.4120603015075377,-0.0029396984924623393,-0.0029396984924623393,0.3893617021276595,0.1449408732222398,0.15866766498200946,0.35820895522388063,0.44221105527638194,0.14647170690545464,0.21683542923297627,0.4797979797979798,0.4381270903010034,0.14764295006728057,0.2234441092109033,0.43624161073825507,24.0,-15.0,-15.0,34.0,-17.0,-17.0,44.0,-22.0,-22.0,0.001039071685255233,0.00018988494669517264,0.0007129301687954103,-0.08012580572699957,-0.06860876332201649,-0.0929223340253813,0.05319148936170213,0.107730800633093,0.7489361702127659,-1.074092149734497
346,0,test,2.7031041180187385,1.3053395621209132,1.7707186674764293,4.7542831252211935,2.2958619357303123,3.1143816563261906,14.925991929656417,10.879847010863053,12.385429588856026,26.25218580568982,19.135730919106194,21.783784982752657,2.6137554140126182,1.2378673069016701,1.694705048524281,4.116150258287588,1.9493973337034176,2.6688268480697337,13.6502169327333,9.691626117836691,11.143308320462943,21.496404618477637,15.262403335175888,17.54851704009912,2.7030032233866566,1.3053931876031666,1.7706151789613198,4.754105669368296,2.2959562534902753,3.114199638290792,14.924486053160923,10.878966296841696,12.383917122430448,26.249537234677156,19.13418189856275,21.781124821215908,0.6130653266331658,-0.001934673366834172,-0.001934673366834172,0.4773869346733668,-0.0026130653266331905,-0.0026130653266331905,0.36180904522613067,-0.0031909547738693256,-0.0031909547738693256,0.4161073825503355,0.12800017987026857,0.20070559683604983,0.367003367003367,0.40703517587939697,0.12132089016511127,0.1883373461632033,0.3232323232323232,0.4161073825503355,0.12800017987026857,0.20070559683604983,0.367003367003367,20.0,0.0,0.0,30.0,0.0,0.0,41.0,0.0,0.0,0.00012233204188773255,0.0005508499765749218,-3.401501436847629e-05,-0.008824278376934558,-0.009368447215385878,-0.009030612867299226,0.08389261744966443,0.2216515664441043,0.010067114093959731,-0.7812602519989014
288,0,test,2.9007763616192763,1.3830893281850374,1.8804606194006108,4.725164010436432,2.252956830188206,3.0631402542437627,18.188260556906965,13.626598544918313,15.414190040026291,29.62741813986732,22.19678630901788,25.108649184696915,2.9319671093199466,1.3768321704739497,1.8831993129137552,4.442374408060525,2.086109349202954,2.853332292293568,18.764506050395255,14.028780535013098,15.91037397177784,28.431069773326143,21.25572808335318,24.106627229966424,2.900575876998427,1.3828302319139383,1.880350379604461,4.724837434859073,2.252534780287484,3.0629606812424868,18.184614455891108,13.622685069528501,15.41079427322208,29.62147889355847,22.190411528351458,25.10311771550012,0.6834170854271358,-0.0015829145728643024,-0.0015829145728643024,0.5276381909547738,-0.002361809045226204,-0.002361809045226204,0.4170854271356784,-0.0029145728643216184,-0.0029145728643216184,0.4147286821705426,0.11492210576822148,0.18148125949013028,0.4357976653696498,0.42713567839195976,0.11134620470774925,0.190073908775933,0.4494949494949495,0.4147286821705426,0.11492210576822148,0.18148125949013028,0.4357976653696498,26.0,-3.0,-3.0,36.0,-2.0,-2.0,44.0,-2.0,-2.0,-0.0001852058917466746,-0.00023171835962423925,-2.021317941187223e-05,-0.00010015572628230274,-0.00015629801580718805,0.00010338106235963096,0.09689922480620156,0.17790741690545558,0.031007751937984496,-0.6256809234619141
326,0,test,2.2272643080172694,0.9474439117998787,1.358292297778596,4.172408470352352,1.7748782614384395,2.5445342378385702,9.274459278845276,5.678465465369526,6.890000884472201,17.374153715703486,10.637658638458912,12.907268323577924,2.5550907524591446,1.1631317676851973,1.6072429015041267,4.522284517626805,2.0586402967879605,2.8446777017772162,12.872467812624125,8.84974502073633,10.292317002001127,22.78312887190111,15.663265523427135,18.216490269028544,2.2274637040222296,0.9476433106393822,1.3585837173424826,4.172782005534978,1.7752518019311099,2.545080163821585,9.27630875335643,5.680314950073679,6.892069775235029,17.37761839795438,10.641123339804693,12.911144045606957,0.6482412060301508,-0.0017587939698492372,-0.0017587939698492372,0.4824120603015075,-0.0025879396984924696,-0.0025879396984924696,0.371859296482412,-0.003140703517587995,-0.003140703517587995,0.4035714285714286,0.11658390628978865,0.18860705802511024,0.3655913978494624,0.4170854271356784,0.11883981310059066,0.18336255568325777,0.40909090909090906,0.4035714285714286,0.11658390628978865,0.18860705802511024,0.3655913978494624,22.0,-13.0,-13.0,33.0,-20.0,-20.0,42.0,-24.0,-24.0,0.0008996415971965471,0.0006562945095639794,8.801750509197436e-07,-0.035264048911097134,-0.03251162987442857,-0.03137231168287968,0.09642857142857143,0.06506221421219188,0.5392857142857143,-1.0156667232513428
225,0,test,2.439323065039768,1.1171905430723517,1.5408492291941747,4.5157716245364306,2.0681874516380727,2.852481217681778,11.465276868531307,7.713864045011315,9.00942465250778,21.224975359925725,14.280211124649044,16.678604315386306,2.4026336810966495,1.1105770095397467,1.5273073354970046,4.290417287672588,1.9831732313209756,2.727334527673222,11.052246175381768,7.4119804824193904,8.652587891262641,19.7361538846103,13.235679432891768,15.451049805826145,2.4393510973648094,1.1172185753973929,1.5406435191547359,4.515823519088573,2.0682393461902153,2.8521003990963707,11.465598271403985,7.7141854478839935,9.009171951583095,21.225570353673493,14.280806118396812,16.67813650541003,0.5577889447236181,-0.00221105527638199,-0.00221105527638199,0.42713567839195976,-0.002864321608040288,-0.002864321608040288,0.3266331658291457,-0.0033668341708542604,-0.0033668341708542604,0.3901345291479821,0.11720388037840712,0.1829810269125126,0.4009009009009009,0.39698492462311563,0.12380196722963188,0.18329544215233096,0.4040404040404041,0.3901345291479821,0.11720388037840712,0.1829810269125126,0.4009009009009009,22.0,-8.0,-8.0,32.0,-7.0,-7.0,40.0,-12.0,-12.0,0.0005208558507253741,9.397817154598585e-05,-3.680693540094052e-05,-0.01944209923880713,-0.017517450630585962,-0.01794877409019957,0.11210762331838565,0.082072068992876,0.004484304932735426,-0.5151968002319336
354,0,test,2.1991489399661504,1.0241506889931233,1.3979100647185736,3.837730503078184,1.7872433592232935,2.439490112940256,9.017335938635782,5.779198658392219,6.789036133975701,15.736135265462444,10.085268246998186,11.847533645565441,2.2578775257956223,1.0326501911588952,1.4194732527452079,3.555712639048224,1.626220773478575,2.2353909492050517,9.562770877359887,6.157830821737194,7.250097242222667,15.059481696629742,9.69737137281448,11.4174759720042,2.199327490049827,1.0245118836664322,1.3980233931865187,3.8380420904791106,1.7878736793394605,2.439687882227455,9.018946128467654,5.781400222471516,6.79050098575444,15.738945204580808,10.089110192156177,11.850089955532257,0.5527638190954773,-0.0022361809045226,-0.0022361809045226,0.40201005025125625,-0.002989949748743781,-0.002989949748743781,0.2864321608040201,-0.003567839195979916,-0.003567839195979916,0.37593984962406013,0.11515185712875053,0.17343984962406012,0.3735849056603774,0.371859296482412,0.11371393307389066,0.16651705942064243,0.3787878787878788,0.37593984962406013,0.11515185712875053,0.17343984962406012,0.3735849056603774,22.0,-9.0,-9.0,31.0,-9.0,-9.0,38.0,-9.0,-9.0,2.7570027103677482e-05,0.000320213973325615,0.00012601351814097418,-0.009506653184291558,-0.010257514179676797,-0.008926910996891024,0.09398496240601503,0.0846043803130096,0.48872180451127817,-0.8177869319915771
90,0,test,3.716651045100568,1.7832869191299772,2.412272006945674,5.933600791300907,2.847001923523297,3.851171098808006,41.126432656072055,34.21370620493113,37.4410327657633,65.65798897723785,54.62188183594269,59.77428038042914,3.8826033211748174,1.832106589477633,2.5043209085211995,5.709710766433554,2.694274396290636,3.682824865472351,48.55044309056174,40.778682463060974,44.58236284396975,71.39771042729667,59.96865068097202,65.5622982999555,3.716965622653828,1.7836893728681362,2.412442712081136,5.9341030116052345,2.8476444373859717,3.851443628059357,41.13937214376081,34.22725312995763,37.45344198791491,65.67864675582867,54.64350938291482,59.794091594741346,0.7386934673366834,-0.0013065326633165952,-0.0013065326633165952,0.6231155778894473,-0.0018844221105527303,-0.0018844221105527303,0.542713567839196,-0.0022864321608039306,-0.0022864321608039306,0.4338235294117647,0.11088774959525094,0.18687976413059115,0.43173431734317347,0.42211055276381915,0.10130854775128784,0.1750320886569744,0.4494949494949495,0.4338235294117647,0.1090528872099299,0.18687976413059115,0.4280442804428044,22.0,0.0,0.0,36.0,0.0,0.0,45.0,0.0,0.0,0.00038666873749358314,0.0002652993555692361,-1.3202664738443079e-05,-0.00019717463232815646,0.00020823100688893703,5.431726479621091e-05,0.1213235294117647,0.11640260654875784,0.27205882352941174,-0.5938711166381836
396,0,test,2.131910772848144,0.986891417022471,1.3545266199268053,3.913579061585522,1.8116506726769646,2.486523866579921,8.430961081814846,5.28845889983993,6.255187757141018,15.476835700188683,9.708099551849015,11.48273752560887,2.247412122343656,1.0042181057863668,1.4027121636950366,3.7456868705727597,1.6736968429772778,2.3378536061583945,9.463214479599133,5.996546082794719,7.135935049860962,15.772024132665221,9.99424347132453,11.893225083101605,2.1317532696649124,0.9867531187917677,1.3544124508770234,3.913289930742018,1.8113967966391735,2.48631428482425,8.42963328317576,5.287191452226548,6.253954241710684,15.47439824125836,9.705772880158735,11.480473143711757,0.6080402010050252,-0.001959798994974782,-0.001959798994974782,0.4170854271356784,-0.0029145728643216184,-0.0029145728643216184,0.2562814070351759,-0.00371859296482413,-0.00371859296482413,0.39453125,0.11967744883040932,0.18154423701298705,0.403921568627451,0.3869346733668342,0.10122038765254848,0.1665673945688375,0.41414141414141414,0.39453125,0.11772813109161795,0.18154423701298705,0.403921568627451,14.0,-3.0,-3.0,26.0,-12.0,-12.0,32.0,-12.0,-12.0,0.0003046114696296431,0.00016379050924222952,-3.2564899699400364e-05,-0.007653828045041777,-0.008639046900448477,-0.006675163183064825,0.14453125,0.07107537905640487,0.21875,-0.407942533493042
182,0,test,2.5144422679529743,1.1880920299388043,1.6208749980394348,4.299845061765738,2.0317076724989023,2.7717921564106316,12.359713448135324,8.592444816408296,9.915881519647359,21.13584134030242,14.69358906474555,16.956744137148444,2.380994683379078,1.0810425245163189,1.5012299174519965,3.840314005450126,1.7436169750263208,2.4213385765354785,10.815655668153818,7.146534539660998,8.405323020795526,17.444605916377125,11.526668612356445,13.55697261418633,2.5145470075174297,1.1881967689886213,1.6209328693088603,4.3000241726185635,2.031886782471666,2.7718911197056846,12.361008066936394,8.593739433270587,9.917061597528454,21.138055215056912,14.695802936184613,16.95876214015221,0.5326633165829145,-0.0023366834170853723,-0.0023366834170853723,0.44723618090452266,-0.0027638190954772934,-0.0027638190954772934,0.3467336683417085,-0.003266331658291488,-0.003266331658291488,0.3784722222222222,0.11157447525515118,0.17523896587118293,0.4006968641114983,0.39698492462311563,0.12129570156547154,0.19832048388855805,0.41414141414141414,0.3784722222222222,0.11157447525515118,0.17523896587118293,0.4006968641114983,16.0,0.0,0.0,26.0,0.0,0.0,31.0,0.0,0.0,-4.547319883493658e-05,-0.00011735169223671303,-8.244505970871782e-05,-0.004983582423659705,-0.003350074172529638,-0.004189956132470307,0.09027777777777778,0.1907039884871184,0.013888888888888888,-0.698641300201416
323,0,test,2.4794782648745084,1.1744657843087773,1.599723914475024,4.164427582993649,1.9725834167396035,2.6868291160243487,11.935035865728029,8.247300747289676,9.524728323125203,20.045585100449284,13.851820039646746,15.997333758177135,2.475688400576318,1.142798209023697,1.5802250168634777,3.751043031176239,1.7315124379146924,2.394280328581027,11.889889303112732,8.097902168740772,9.44141919531371,18.014983792595046,12.26954874051632,14.305180598960165,2.4721519188950936,1.1626698175087138,1.5919965985937865,4.166548177913079,1.9595558722056974,2.6831403347086287,11.847915191485384,8.143660404555312,9.436640994317099,19.968396390143905,13.725270344756144,15.90445111401758,0.592964824120603,-0.0020351758793969443,-0.0020351758793969443,0.44221105527638194,-0.0027889447236180143,-0.0027889447236180143,0.321608040201005,-0.0033919597989949812,-0.0033919597989949812,0.3828382838283828,0.1006600660066006,0.1661166116611661,0.3807947019867549,0.37688442211055273,0.09547738693467334,0.15745393634840865,0.36868686868686873,0.3812709030100334,0.0953177257525083,0.16276477146042356,0.3791946308724832,21.0,-10.0,-10.0,30.0,-13.0,-13.0,38.0,-13.0,-13.0,0.0004603387535883726,0.0001432672720252416,8.72551985754172e-05,-0.017623704745028945,-0.01923416598336658,-0.019190275347364505,0.08250825082508251,0.06771279362916495,0.033003300330033,-0.7238190174102783
439,0,test,2.552895738280986,1.1560729100085878,1.6101952168180014,3.9964179358430094,1.8097685868720825,2.5206720933433635,12.844243550927066,8.80190720497961,10.27733950468725,20.106957181817762,13.778901854915723,16.08861000995543,2.898188690214546,1.3349792551365003,1.840569550842361,4.200273464079053,1.9347525436760873,2.6674921026700886,18.141256157360996,13.36713724909161,15.261749040934031,26.291675590378258,19.372662679842914,22.11847687091889,2.5531393150947195,1.156324096033913,1.6104330947976853,3.9967992419545606,1.8101618047860728,2.521044478243496,12.847372491899284,8.805066904827383,10.280453817257603,20.111855366899924,13.783848191326634,16.093485295078654,0.6180904522613065,-0.0019095477386934512,-0.0019095477386934512,0.5175879396984925,-0.002412060301507535,-0.002412060301507535,0.40703517587939697,-0.00296482412060306,-0.00296482412060306,0.38926174496644295,0.117904961046845,0.18390460210930004,0.35016835016835013,0.4170854271356784,0.12635861009307192,0.20339594466489375,0.398989898989899,0.38926174496644295,0.117904961046845,0.18390460210930004,0.3468013468013468,19.0,-3.0,-3.0,30.0,-5.0,-5.0,37.0,-1.0,-1.0,0.0018609642167110511,0.00022518179581973853,0.0004670764611797995,-0.018907512885260047,-0.015167462769067441,-0.0174443952590142,0.087248322147651,0.07494061363424283,0.8590604026845637,-0.9434638023376465
299,0,test,2.6633558883139328,1.2594822741069884,1.65203563158474,4.567530892575763,2.159953245781611,2.8331639102411192,14.344346440630835,10.273407730352343,11.595118133446604,24.599883849119237,17.618414191772477,19.88508577091077,3.012275990364468,1.3838127187770912,1.9117287434329755,4.858509661878174,2.2319559980275665,3.0834334571499604,20.333626437584275,15.237588964940446,17.32781594307485,32.79617167352303,24.57675639506524,27.94809023076589,2.8968877806857734,1.351054802329915,1.8357336299552198,4.647413551902311,2.1674675973207194,2.945027213831904,18.117671368526416,13.425793135773091,15.227967148917436,29.065782944160027,21.538705565411377,24.429893821792678,0.6130653266331658,-0.001934673366834172,-0.001934673366834172,0.507537688442211,-0.0024623115577889765,-0.0024623115577889765,0.4170854271356784,-0.0029145728643216184,-0.0029145728643216184,0.3879781420765027,0.12194812843393787,0.17878948127493866,0.3506849315068493,0.4170854271356784,0.12635861009307192,0.20339594466489375,0.3939393939393939,0.40802675585284276,0.12255096286452893,0.1977931629718639,0.38590604026845643,23.0,-3.0,-3.0,33.0,-5.0,-5.0,41.0,-3.0,-3.0,0.0008118623437146172,0.0003553236105178951,0.00033751718907864636,-0.009650992908948552,-0.014963954955367953,-0.011727446822904497,0.06830601092896176,0.2780929525285791,0.9808743169398907,-1.2230312824249268
467,0,test,2.6344257447571193,1.213564013963294,1.6721181277137254,4.46512838094427,2.05688815925982,2.834098521548687,13.935307741474443,9.794620680629231,11.317577513637348,23.619165663516007,16.601052001066495,19.182334768876864,2.7856243164934087,1.2515155650629375,1.7481634884002606,4.421625899195887,1.986532642957044,2.774862680000414,16.209934848020737,11.572744049995414,13.387892589206684,25.73005531431863,18.36943499999272,21.250623157470926,2.6348168490237893,1.2140891903862117,1.6724176153691932,4.465791269531847,2.05777828879019,2.8346061277443955,13.940758965718537,9.800627018502448,11.322788899322497,23.628405026641587,16.611232234749913,19.19116762597033,0.6231155778894473,-0.0018844221105527303,-0.0018844221105527303,0.5226130653266332,-0.002386934673366814,-0.002386934673366814,0.3668341708542714,-0.0031658291457286047,-0.0031658291457286047,0.3812709030100334,0.09078676277631059,0.15880149255397114,0.3926174496644296,0.39698492462311563,0.10124557625218833,0.17661764582511896,0.4292929292929293,0.3812709030100334,0.09078676277631059,0.15880149255397114,0.3926174496644296,19.0,-4.0,-4.0,28.0,-4.0,-4.0,36.0,-6.0,-6.0,0.00018181032005577262,-0.00016944016540642684,-1.0949866858393401e-05,0.0005070350734097673,0.00010364583054389698,-4.030577335889518e-05,0.14381270903010032,0.07317917267741654,0.0033444816053511705,-0.9556548595428467
114,0,test,1.9966893193432067,0.9067990606827179,1.246859425690219,3.458183563398544,1.5705385793267692,2.1595091084119256,7.364633743448885,4.39068605379744,5.247993811348463,12.755241947416627,7.604487185958453,9.089308869139607,2.5302704958220916,1.166437680080527,1.5956983013939496,3.8337431754880176,1.7673298183038288,2.4177246990817416,12.556902266929617,8.64574691904885,10.010778288241323,19.025609495347904,13.099616544013408,15.16784589127473,2.15258655033896,0.9999129720302546,1.3754032683782322,3.548219588470813,1.6482081956542656,2.2671482445795035,8.60709230774364,5.440444424515253,6.431755988855256,14.187514792984022,8.967765534915252,10.601795586025148,0.6030150753768844,-0.0019849246231156137,-0.0019849246231156137,0.4371859296482412,-0.002814070351758735,-0.002814070351758735,0.3417085427135679,-0.003291457286432098,-0.003291457286432098,0.3522388059701492,0.10335654069444133,0.16554565800589893,0.3143712574850299,0.38190954773869346,0.10120779335272856,0.16488116710430278,0.38888888888888884,0.3612040133779264,0.09743105845305167,0.1620938910197507,0.3389261744966443,22.0,-5.0,-5.0,32.0,-8.0,-8.0,37.0,-5.0,-5.0,0.0014125403095723965,0.00019806023624019563,0.000845682301191695,-0.02900740691425696,-0.040026510615883026,-0.045184358708003636,0.07462686567164178,0.13292329824521626,0.7074626865671642,-0.7956788539886475
76,0,test,1.9970482666865572,0.8554491594071261,1.2180371133198147,3.725487702181355,1.595837905560662,2.2722446733860866,7.367277733664089,4.2355053304936225,5.187961543481574,13.743635070402599,7.9013228095173424,9.67812708988668,2.389089649093286,1.0871432579894598,1.508885636192713,3.884698616411847,1.7677126146170075,2.453472579175143,10.903563354781344,7.22711784580725,8.49217174354628,17.729371308587552,11.751411131393905,13.808409339099642,2.0791233386085697,0.9264013893342338,1.2940042102112497,3.780224252015581,1.6843661624258792,2.352734927656817,7.997454780399693,4.830653719650739,5.804786646183882,14.540826873453986,8.783006763001342,10.554157538516149,0.6432160804020101,-0.001783919597989958,-0.001783919597989958,0.4522613065326633,-0.0027386934673366836,-0.0027386934673366836,0.3266331658291457,-0.0033668341708542604,-0.0033668341708542604,0.3616352201257862,0.08690994540051145,0.1492921238914766,0.3186119873817035,0.3869346733668342,0.07866399667510482,0.14653400558720142,0.3939393939393939,0.36454849498327757,0.09075884556758473,0.15320255505001834,0.3355704697986577,20.0,-11.0,-11.0,31.0,-19.0,-19.0,41.0,-25.0,-25.0,0.0011064676688719477,0.0001392276418326596,0.0005268557715022749,-0.028575909055099658,-0.024952125445241613,-0.030043904706535507,0.11949685534591195,0.04398422127710997,0.7421383647798742,-1.0582226514816284
370,0,test,2.433955313256637,1.047918178484105,1.4945936073108816,4.031238487581305,1.7356144831142988,2.4754206621086476,11.403898986167018,7.40492775923701,8.845551067374062,18.887707695839126,12.2644116012363,14.650443955338293,2.5081429303547895,1.056172253308756,1.5221578712150177,3.888593690472542,1.6374763617190018,2.3599346840542914,12.28210015333355,8.010576132757013,9.601649166218449,19.042015741602402,12.41949788024343,14.886277777082867,2.4340268425976563,1.0478955770030123,1.4945981950286757,4.031356958052369,1.7355770494112392,2.475428260516244,11.404714728720963,7.405367057624541,8.84619554423321,18.889058769444095,12.265139189190645,14.651511370136253,0.5829145728643217,-0.002085427135678275,-0.002085427135678275,0.457286432160804,-0.0027135678391959628,-0.0027135678391959628,0.371859296482412,-0.003140703517587995,-0.003140703517587995,0.3977272727272727,0.11417339749097777,0.17606480421341886,0.3992395437262357,0.4120603015075377,0.12885228145741234,0.19002357362773803,0.4191919191919192,0.3977272727272727,0.11417339749097777,0.17606480421341886,0.3992395437262357,24.0,-10.0,-10.0,35.0,-11.0,-11.0,41.0,-8.0,-8.0,-0.0001489756768260479,0.0004168460031634093,0.00017615874792507478,-0.010484001073978177,-0.011455341666942509,-0.01108132803068873,0.0946969696969697,0.1663488159941438,0.14015151515151514,-0.7373340129852295
420,0,test,3.305512343145385,1.5625713054550912,2.1288155292114004,5.729554728118668,2.708456929455492,3.689946917299762,27.262505769226447,21.548381580476796,24.018863635089215,47.25500999999251,37.35052807282645,41.63269696748797,3.4910570490680204,1.6377226689327369,2.244206544714407,5.585691278508833,2.620356270292379,3.5907304715430515,32.82062238488865,26.439561412553008,29.341254954615703,52.51299581582184,42.303298260084816,46.94600792738512,3.3057455249940793,1.563181543776811,2.12887232991077,5.729958909989738,2.709514675879806,3.6900453718453345,27.268863631962045,21.556893584583438,24.024649330038873,47.26603029540088,37.365282213277965,41.64272550540071,0.8090452261306533,-0.0009547738693467256,-0.0009547738693467256,0.592964824120603,-0.0020351758793969443,-0.0020351758793969443,0.4522613065326633,-0.0027386934673366836,-0.0027386934673366836,0.3905579399141631,0.07150012406833872,0.13235537215382076,0.39224137931034486,0.4120603015075377,0.08875203083084593,0.14160955025545086,0.4191919191919192,0.3905579399141631,0.06935879644521237,0.13235537215382076,0.39224137931034486,24.0,-3.0,-3.0,36.0,-7.0,-7.0,45.0,-8.0,-8.0,0.00037228772265512444,0.0001411393678435044,0.00023500195184356827,7.309232023011702e-05,-1.888252780091193e-05,-4.806743682639336e-05,0.11587982832618025,0.13229656684736563,0.8755364806866953,-0.43578052520751953
482,0,test,2.6053822847852026,1.2243528572287818,1.666023636946414,4.406418360844772,2.07071758403794,2.817704406110714,13.536399073169886,9.557403465539288,10.97805897806656,22.893775613683296,16.164199149771147,18.566918540085727,2.59483451801676,1.1917642804876984,1.6373947634979595,4.1187849492329525,1.891689334107458,2.599039307139619,13.394370650980505,9.32670112455008,10.789352209303638,21.26090579520715,14.804287499285842,17.125955887783554,2.6052730221241776,1.2242127422398092,1.6659166652175839,4.406233567619414,2.0704806110364555,2.817523487482088,13.534920130984505,9.555801760182764,10.976585896858156,22.89127431549057,16.161490225275546,18.564427154417817,0.6331658291457287,-0.0018341708542712887,-0.0018341708542712887,0.4522613065326633,-0.0027386934673366836,-0.0027386934673366836,0.33668341708542715,-0.0033165829145728187,-0.0033165829145728187,0.3705179282868526,0.08821176526498375,0.13343183557162086,0.388,0.36180904522613067,0.09363861916096772,0.129755622855513,0.38383838383838387,0.3705179282868526,0.08821176526498375,0.13343183557162086,0.388,19.0,-7.0,-7.0,31.0,-12.0,-12.0,38.0,-14.0,-14.0,-8.9129082483439e-05,-0.00012771413946425947,2.2594946326825307e-05,-0.004727175314820364,-0.005362314847597638,-0.0054563543535488535,0.11952191235059761,0.136372822756921,0.00398406374501992,-0.5585951805114746
78,0,test,3.0848230364245928,1.4761727182658868,2.000298010304813,4.887400352889566,2.3387555717104114,3.169146847651602,21.863597439339554,16.86753386036171,18.905562943441804,34.639314015339174,26.72386388719958,29.9527894826819,3.017154774824208,1.3922687222893344,1.918122175549283,4.537074849359711,2.093637176374939,2.88439424894629,20.433072208243292,15.355231811071441,17.431811011394206,30.726424373298183,23.090574151987127,26.213249641194295,3.0845989718682247,1.4759486556993062,1.9999856934327482,4.887045359044236,2.3384005810175754,3.1686520323663423,21.85869913086785,16.862635561831116,18.90040357005631,34.63155344227859,26.71610332988906,29.944615294727768,0.6381909547738693,-0.0018090452261306789,-0.0018090452261306789,0.5175879396984925,-0.002412060301507535,-0.002412060301507535,0.4321608040201005,-0.002839195979899567,-0.002839195979899567,0.4122137404580153,0.11316612141039628,0.19140155771689848,0.4482758620689655,0.42713567839195976,0.1238775330285512,0.2017600523485541,0.45959595959595956,0.4122137404580153,0.11316612141039628,0.19013252218390364,0.4482758620689655,19.0,1.0,1.0,27.0,0.0,0.0,40.0,0.0,0.0,-0.0004928873704819282,-0.000165982000419639,-0.00014015685923253848,-0.00012787541372372146,-0.00017828449388890277,8.936283448512938e-05,0.10305343511450382,0.17398309628947345,0.48854961832061067,-0.39636802673339844
312,0,test,2.8238022447138706,1.3095652383585021,1.7808951382819294,4.796595593760547,2.224466980225401,3.025082152698072,16.84076178978077,12.294810518434481,14.003307973620625,28.60622550592898,20.88433567514898,23.786440941492565,2.9652579386980396,1.3755817268595167,1.879984116750494,4.744412701916863,2.2009307629752266,3.00797458680079,19.3997065312176,14.497545121717057,16.43945624194605,31.03953044994816,23.196072194747288,26.30312998711368,2.8238280360731696,1.309553316549348,1.7810105797000284,4.796639403740726,2.2244467294810844,3.025278244969911,16.841196141520197,12.295073424714975,14.003996691859356,28.60696330888362,20.884782255680232,23.78761081904877,0.6834170854271358,-0.0015829145728643024,-0.0015829145728643024,0.5276381909547738,-0.002361809045226204,-0.002361809045226204,0.40703517587939697,-0.00296482412060306,-0.00296482412060306,0.41295546558704455,0.11800597063754958,0.1841533121550123,0.41463414634146345,0.40703517587939697,0.09375196785934681,0.17164285534517332,0.43939393939393945,0.41295546558704455,0.11800597063754958,0.1841533121550123,0.41463414634146345,14.0,-1.0,-1.0,26.0,-2.0,-2.0,32.0,-2.0,-2.0,0.0002977359354652928,0.00011207880772342826,6.891473309689378e-05,-0.004699455627378946,-0.005340328369516811,-0.005695762814863059,0.10526315789473684,0.100098661179378,0.04048582995951417,-0.6250076293945312
204,0,test,2.4615770816194145,1.1149354019057127,1.5575176675462796,3.845448774271125,1.7417398815840488,2.4331370527837404,11.72328554679854,7.878792758214133,9.253677595001399,18.313988366640505,12.30816381133949,14.455993854877807,2.4438912712890026,1.0586059848142573,1.5000806285072068,3.4912732446985753,1.5122942640203674,2.1429723264388665,11.517772431959813,7.521806694761923,8.948017228542545,16.453960617085446,10.745438135374176,12.782881755060778,2.474331133499638,1.1130577557380557,1.5604678376892216,3.826285257989131,1.72122333361555,2.4130945943647752,11.873762494485147,7.972604706622345,9.37982372504338,18.361488393533733,12.328770164879916,14.504882049036157,0.5276381909547738,-0.002361809045226204,-0.002361809045226204,0.4120603015075377,-0.0029396984924623393,-0.0029396984924623393,0.31155778894472363,-0.003442211055276312,-0.003442211055276312,0.3801916932907349,0.10427462789998532,0.17615343611751488,0.375,0.37688442211055273,0.11122026170955024,0.17988943045779815,0.36363636363636365,0.3745819397993311,0.09912284130183524,0.174359470388875,0.37248322147651003,18.0,-6.0,-6.0,29.0,-11.0,-11.0,36.0,-11.0,-11.0,0.0004279596830887777,-5.551420125659392e-05,4.6433920835314223e-05,-0.01804859106318002,-0.015626869506678354,-0.01797736773830927,0.09584664536741214,0.17094737438760219,0.11501597444089456,-0.9423105716705322
217,0,test,2.881848581355716,1.3525617349979648,1.842707765982199,4.919017406107171,2.308682961462044,3.1453115315903055,17.847234769581494,13.232350242807277,15.02044753103117,30.463383486009793,22.5862530006538,25.638350096070447,2.875550567386648,1.3114431101519617,1.8245548924720862,4.458217933932787,2.0332451320185454,2.828767275150521,17.735185848895217,12.956777750462116,14.874688022336287,27.496412168829792,20.088027520096304,23.061531817575638,2.8819833594302735,1.3527010897683904,1.84281208374736,4.919247458337881,2.3089208256391496,3.1454895912239422,17.849640347625858,13.234776941726254,15.022767002950248,30.46748955887862,22.590395124670675,25.642309194690938,0.6432160804020101,-0.001783919597989958,-0.001783919597989958,0.507537688442211,-0.0024623115577889765,-0.0024623115577889765,0.40201005025125625,-0.002989949748743781,-0.002989949748743781,0.40878378378378377,0.10018344651565558,0.1851882781658063,0.43728813559322033,0.4120603015075377,0.09376456215916673,0.18501522638232903,0.4545454545454546,0.40878378378378377,0.10018344651565558,0.1851882781658063,0.43728813559322033,20.0,-3.0,-3.0,30.0,-6.0,-6.0,36.0,-3.0,-3.0,0.0003247727914551776,-0.00012970002604000493,-3.497507806845629e-05,-0.00036349275698022154,0.0001152664056931485,-2.979210245257491e-05,0.08445945945945946,0.25317555320893337,0.0033783783783783786,-0.8142380714416504
48,0,test,2.2574967096750274,0.9996389500401937,1.406508936332548,3.480770788809279,1.5413152283870968,2.1686566358230914,9.559129913365126,6.041252642566421,7.217170878879838,14.738954004351156,9.314837818341328,11.12795312851916,2.544744037562128,1.1618668331581667,1.6013867572588567,3.8556727841850424,1.760404292663889,2.4263435716043285,12.739966715750212,8.75361201527251,10.171376278870495,19.302979872348804,13.263048507988652,15.411176180106807,2.1680120595602013,0.9525568698559337,1.3442388513076389,3.3875188430628143,1.4883701091498962,2.1003732051681854,8.740890388213804,5.369061851522247,6.4618072989422135,13.65764123158407,8.38915914300351,10.096573904597209,0.6180904522613065,-0.0019095477386934512,-0.0019095477386934512,0.48743718592964824,-0.002562814070351749,-0.002562814070351749,0.33668341708542715,-0.0033165829145728187,-0.0033165829145728187,0.375,0.11580000000000001,0.1756396588486141,0.35691318327974275,0.40201005025125625,0.10877696754448929,0.17830387328965358,0.40909090909090906,0.38795986622073575,0.12919525854127,0.19107443796712065,0.34563758389261745,24.0,-9.0,-9.0,34.0,-14.0,-14.0,41.0,-10.0,-10.0,0.0012479139064960466,8.640717609669333e-05,0.0002739069288919971,-0.044096479349072126,-0.04220001706527743,-0.049050576447986494,0.10897435897435898,0.11906896402865993,0.5448717948717948,-1.1482479572296143
109,0,test,2.4638901845840238,1.1522100154208053,1.5747850554228375,4.213812190680631,1.9705409922821726,2.693240350467466,11.75043409994645,8.038028154814794,9.317482600442633,20.09591286411296,13.746854969313937,15.93501285643882,2.53954821710482,1.1832991118338314,1.60455644449568,4.163193798532491,1.939834609563658,2.6304204008125898,12.673943806187667,8.792337341364307,10.12675130528317,20.776957059324044,14.413667772728372,16.601231648005196,2.470805856570461,1.1620380246618562,1.58304094474712,4.235667182692219,1.9920651851346105,2.713784476709349,11.831977887929002,8.130367992436074,9.402284888170291,20.283390665021145,13.937773701318985,16.118202665434787,0.6231155778894473,-0.0018844221105527303,-0.0018844221105527303,0.4120603015075377,-0.0029396984924623393,-0.0029396984924623393,0.3417085427135679,-0.003291457286432098,-0.003291457286432098,0.3533333333333334,0.08711037160288415,0.14823355506282343,0.3712374581939799,0.3668341708542714,0.08362615080414604,0.14646689205627472,0.398989898989899,0.3511705685618729,0.08405871547339205,0.14538636389001525,0.37248322147651003,17.0,-6.0,-6.0,29.0,-7.0,-7.0,36.0,-6.0,-6.0,2.759757871613929e-06,-0.00010708734819729822,2.797545500304447e-05,-0.011437402858785362,-0.010400068817392416,-0.0123554305353899,0.08666666666666667,0.09549639571723925,0.0033333333333333335,-1.0317766666412354
358,0,test,2.5614417448892226,1.199139288439354,1.6387818906429825,4.140192002745473,1.9382314284837356,2.648848716322305,12.954480914887272,9.04930646230778,10.43850729398234,20.939003742931,14.626866420208174,16.872304242474602,2.496197867417848,1.1488514367715497,1.5753306230084636,3.7536810036358617,1.7275961455211273,2.368918230087915,12.136262448347706,8.289059294931292,9.624794946441575,18.250018719319858,12.464750819445552,14.473375859310638,2.561693817853225,1.1993625508731511,1.639031177581018,4.140599441435716,1.9385922992100624,2.6492516518133438,12.95774680089209,9.05245983654532,10.441766170409554,20.944282564963945,14.631963383598414,16.877571734561357,0.6432160804020101,-0.001783919597989958,-0.001783919597989958,0.4824120603015075,-0.0025879396984924696,-0.0025879396984924696,0.3266331658291457,-0.0033668341708542604,-0.0033668341708542604,0.42578125,0.12753563596491224,0.19201501623376627,0.4509803921568627,0.42211055276381915,0.12637120439289184,0.1883876813113985,0.4494949494949495,0.42578125,0.12753563596491224,0.19201501623376627,0.4509803921568627,21.0,-7.0,-7.0,32.0,-11.0,-11.0,43.0,-14.0,-14.0,-0.00014170232574334008,-0.0002127639780301507,-9.015507427374326e-05,-8.629588256159337e-05,-0.00014530477676810705,0.00011039017629776993,0.1015625,0.10706355429093269,0.51953125,-0.7084000110626221
235,0,test,3.2077784157322258,1.5279616053784875,2.073036157154084,4.830991589958171,2.301146996051939,3.122042405352536,24.724098499010065,19.359525352164074,21.613726731067786,37.23508810091877,29.155911674945894,32.5507932696804,3.3782280256490864,1.5849938355899402,2.1655738874578265,4.758067641759277,2.2323856839294938,3.0501040668420094,29.318772943527414,23.30991809092787,25.956375857104625,41.294046399334384,32.83087055060263,36.558275855076936,3.207661323679951,1.5278445133262128,2.0729845920938663,4.83081524650595,2.300970652599718,3.1219647471293164,24.72120367306004,19.356630526214047,21.6110357117464,37.23072842328319,29.15155199731031,32.54674052973856,0.7236180904522613,-0.0013819095477386467,-0.0013819095477386467,0.5577889447236181,-0.00221105527638199,-0.00221105527638199,0.44723618090452266,-0.0027638190954772934,-0.0027638190954772934,0.4136546184738956,0.1090454000370219,0.17600441820687296,0.4233870967741935,0.4371859296482412,0.12891525295651185,0.19010746554139646,0.4545454545454546,0.4136546184738956,0.1090454000370219,0.17733953169151917,0.4233870967741935,19.0,-2.0,-2.0,34.0,-7.0,-7.0,41.0,-5.0,-5.0,0.00023538494794448454,0.00020989825304644572,0.00027212457422435096,-3.7786429536446065e-05,-0.00010682844012599446,0.00013492207507859177,0.10441767068273092,0.10584353071341114,0.004016064257028112,-0.6026685237884521
14,0,test,2.3570862669199517,1.0902199504124321,1.4885599962994531,3.9991014191563226,1.8496990169918792,2.525534375744016,10.560137160948557,7.010425717998739,8.176741377308298,17.916637205654293,11.894093072110222,13.872898291837675,2.683357007704514,1.2331017213905018,1.693315030589734,4.293371212327222,1.9729627542248025,2.7093040489435745,14.634137841846497,10.369934872959133,11.942790396867775,23.414620546954396,16.59189579673461,19.108464634988437,2.3630695456236697,1.083255927949163,1.4840575792852984,3.982701481388207,1.8257122381165667,2.5012206392448846,10.623510806762075,7.027541368801985,8.214991974024262,17.904793494542822,11.84417084629548,13.845492091052124,0.6482412060301508,-0.0017587939698492372,-0.0017587939698492372,0.44723618090452266,-0.0027638190954772934,-0.0027638190954772934,0.3417085427135679,-0.003291457286432098,-0.003291457286432098,0.36544850498338866,0.08849991460196249,0.15329380885079202,0.3566666666666667,0.38190954773869346,0.08115766803944535,0.1548644726134848,0.4040404040404041,0.36454849498327757,0.09409774373119073,0.1520902079977381,0.35906040268456374,24.0,-14.0,-14.0,34.0,-17.0,-17.0,37.0,-12.0,-12.0,0.0010077068890297874,-2.4896750434371958e-05,0.00023594753870738927,-0.004176391821266279,-0.0034004299981758024,-0.004235515373064658,0.09302325581395349,0.13518046911090303,0.8039867109634552,-0.7225589752197266
342,0,test,2.2687938184822256,1.047202572013799,1.4148641132452,4.102637526685475,1.8936461017244346,2.558484847267227,9.667732738031242,6.275150863325102,7.318873674836038,17.482065935610898,11.347293530054198,13.234647215118017,2.258693991853994,1.0315587542503526,1.4179403270809856,3.796124356057133,1.733712192017399,2.383092986690732,9.570581743424848,6.159139191474324,7.25246834442621,16.085011333487138,10.351494439452644,12.189022427607075,2.2955988169026638,1.0725316528310667,1.4661152097644965,3.8908454523773965,1.8178502590357066,2.4849410334991466,9.930380712034617,6.532787969114711,7.638245919480432,16.831153749211218,11.07252198155036,12.946179524543107,0.5226130653266332,-0.002386934673366814,-0.002386934673366814,0.42713567839195976,-0.002864321608040288,-0.002864321608040288,0.3015075376884422,-0.0034924623115578646,-0.0034924623115578646,0.3879310344827587,0.13972443476970275,0.19829271581218189,0.3948126801152738,0.39698492462311563,0.1438520925429151,0.20499828021577005,0.4040404040404041,0.3946488294314381,0.14590091624279033,0.20777452464834578,0.40604026845637586,21.0,-8.0,-8.0,29.0,-8.0,-8.0,38.0,-14.0,-14.0,-2.8489912246218684e-05,6.68794691683384e-05,6.312934285929805e-05,-0.01148859992817819,-0.010664480342180482,-0.011130737357761156,0.07183908045977011,0.17828248939938365,0.08045977011494253,-1.1054058074951172
262,0,test,2.2916682070906695,1.085454453040094,1.4782279934290252,4.957486325543081,2.348125959637754,3.1977993327240135,9.891424870432314,6.5506133286684936,7.635770282648608,21.397776250322963,14.170714547731842,16.518196937974537,2.1554876978104343,0.9732843223157417,1.3590194716609694,4.1056908529722556,1.8538748996490315,2.5886085174494653,8.632099008352718,5.370546291517208,6.4144043233801575,16.442093349243272,10.2296119838423,12.217912996914587,2.258128915417914,1.0500266053554208,1.436455777002125,4.83884767589553,2.250057011475902,3.0781195221474107,9.565175160912114,6.2180483479317274,7.2908732830956104,20.496803916240243,13.324389316996557,15.623299892347736,0.542713567839196,-0.0022864321608039306,-0.0022864321608039306,0.33668341708542715,-0.0033165829145728187,-0.0033165829145728187,0.25125628140703515,-0.003743718592964851,-0.003743718592964851,0.33438485804416407,0.08556596040636877,0.14550762824353447,0.33544303797468356,0.31658291457286436,0.053425019836022214,0.11958792292010978,0.303030303030303,0.33444816053511706,0.0840307982646663,0.14312446754290353,0.33221476510067116,20.0,-2.0,-2.0,29.0,-4.0,-4.0,32.0,-2.0,-2.0,0.00017287277200691637,-1.804197650119399e-05,-4.3256252545693803e-05,-0.0440104261949239,-0.04395853897795288,-0.04773255627360928,0.13249211356466878,0.06460536774820808,0.0031545741324921135,-0.45894503593444824
257,0,test,2.5974770620951846,1.2273537905970195,1.6632376138910154,4.110440505480525,1.942255740790129,2.632030657033721,13.429812673757773,9.493976831809512,10.884535767271299,21.252332427029057,15.023973646214024,17.22449732243448,2.6641236476354617,1.2387912156844552,1.6931752431360276,3.9763039516947187,1.8489421129618733,2.527127228561235,14.35536367507291,10.196123397752249,11.71491619057171,21.42591593294464,15.218094623510819,17.48494953816673,2.5738243504025067,1.2135458765306901,1.6469672533648705,4.129129973907765,1.9468650425626044,2.6421934545960495,13.115888401940866,9.218609961027122,10.58933243609236,21.04153219562706,14.789213841219983,16.988233854693625,0.592964824120603,-0.0020351758793969443,-0.0020351758793969443,0.44723618090452266,-0.0027638190954772934,-0.0027638190954772934,0.3417085427135679,-0.003291457286432098,-0.003291457286432098,0.3921568627450981,0.11483222979240637,0.18998294970161977,0.4065573770491804,0.37688442211055273,0.09868893338874818,0.16653383780337405,0.4040404040404041,0.3913043478260869,0.11584524932859108,0.1899695313633506,0.3993288590604027,15.0,-4.0,-4.0,26.0,-6.0,-6.0,33.0,-5.0,-5.0,0.0003427068839375542,7.298674999137058e-06,1.535564402986941e-05,-0.010636414715725628,-0.010840952121883518,-0.010022048745681467,0.08169934640522876,0.18610948966722832,0.0032679738562091504,-0.8777186870574951
395,0,test,2.672332842514838,1.2566125886641024,1.7091590686528715,4.590124647143133,2.158416916999517,2.9357320473331674,14.473694689690342,10.354242240486265,11.853696114736877,24.860699114056352,17.784933730717583,20.360466267665696,2.7830417481929097,1.2864084419163657,1.7690253445133344,4.63840291365485,2.1440140698606096,2.9483755741888906,16.16812559499264,11.701499628461757,13.411474962949026,26.946875991654405,19.5024993807696,22.35245827158171,2.6721866937636656,1.2564933332696175,1.7089847323198653,4.589873615170531,2.158212078321931,2.935432599043533,14.471579531854198,10.352237867064504,11.85150710443564,24.857066019420152,17.781490924604913,20.35670632056004,0.6532663316582914,-0.0017336683417086274,-0.0017336683417086274,0.4824120603015075,-0.0025879396984924696,-0.0025879396984924696,0.3919597989949749,-0.0030402010050251116,-0.0030402010050251116,0.3883161512027491,0.0984362198133838,0.16088757977417767,0.3931034482758621,0.39698492462311563,0.10124557625218833,0.16993984949790697,0.4242424242424242,0.3883161512027491,0.0984362198133838,0.16088757977417767,0.3931034482758621,21.0,-11.0,-11.0,33.0,-14.0,-14.0,41.0,-14.0,-14.0,0.0002529754908698659,-7.968288298972202e-05,3.824905019463939e-05,-0.005004372189240769,-0.0033616947476788894,-0.004200469803375739,0.0859106529209622,0.06246214779111478,0.07216494845360824,-0.8107132911682129
176,0,test,2.3493118667547894,1.1045584803482842,1.5059671040618174,4.607565134022958,2.1663046164970217,2.9535633901367424,10.478356737637752,7.006278305631511,8.154229091445897,20.550575617227526,13.74099543662614,15.992402791750479,2.3473451987930507,1.0812046119640686,1.479550327922645,4.15459327220009,1.9136364813523339,2.618673146765744,10.457769539876866,6.910633293310193,8.07611633397899,18.50932661925109,12.231209368690608,14.294011210582283,2.349070418750815,1.10431703234431,1.5057340589894603,4.607091596464777,2.16583107893884,2.9531063327467715,10.475827064723045,7.003748632716805,8.15171894793482,20.545614320735893,13.736034140134507,15.987479797112474,0.5728643216080402,-0.0021356783919597166,-0.0021356783919597166,0.38190954773869346,-0.0030904522613065533,-0.0030904522613065533,0.3065326633165829,-0.0034673366834171437,-0.0034673366834171437,0.35317460317460314,0.07990727644192985,0.1328579804833102,0.3665338645418327,0.33668341708542715,0.0685129910202642,0.12299393461464248,0.3535353535353535,0.35317460317460314,0.07990727644192985,0.1328579804833102,0.3665338645418327,12.0,0.0,0.0,20.0,0.0,0.0,27.0,1.0,1.0,-0.0001681696962578063,-0.00021576065060294558,1.8096318318047713e-05,-0.020389399342630732,-0.018467174873707748,-0.01941043677968768,0.10317460317460317,0.16333718370684017,0.003968253968253968,-0.4647846221923828
459,0,test,2.1399780909698536,0.95392121656526,1.338996818770678,4.202607576242002,1.8733633530137035,2.629596162164103,8.499251416490758,5.225106062542455,6.271525554725216,16.69130097455414,10.26135286981229,12.316369462894098,2.309957019266459,1.0210351893209715,1.4241382195688148,4.399918131936112,1.944828932039946,2.7126442277501237,10.073991658157237,6.445119753374335,7.649022515338533,19.188555539347117,12.276418577855878,14.56956669588292,2.300788129946202,1.0666499507471092,1.4474475380818579,4.3964104393876475,2.038184619261992,2.7658233211755245,9.982046505236,6.546629974125957,7.634570778814363,19.07397421382675,12.509484026992276,14.588351806651652,0.6180904522613065,-0.0019095477386934512,-0.0019095477386934512,0.42713567839195976,-0.002864321608040288,-0.002864321608040288,0.29145728643216084,-0.0035427135678391952,-0.0035427135678391952,0.3753846153846154,0.10042301784237273,0.15839382725769624,0.3858024691358025,0.40201005025125625,0.11128323320864975,0.1682871787988356,0.4494949494949495,0.3913043478260869,0.10749800391957609,0.16772259031774428,0.41946308724832215,14.0,-4.0,-4.0,23.0,-6.0,-6.0,27.0,-5.0,-5.0,-0.0004485258898977751,0.00015908083979219027,0.00036731158921685385,-0.01638514111244138,-0.025139901304562784,-0.03027301782700942,0.07692307692307693,0.10576565875599486,0.003076923076923077,-1.3414068222045898
173,0,test,2.0609926868762987,0.8798634472770726,1.2563610182421476,3.962424649607336,1.6916084341197912,2.415455377007484,7.853762268676652,4.595711021825295,5.617889463627627,15.099491329455757,8.83562506131573,10.800845549426018,2.271682197148112,1.016387379730704,1.418392255887559,3.950751647214108,1.7676302256186158,2.4667691406740158,9.69569717752283,6.18682447886912,7.348340349152967,16.86208204786579,10.759694745859338,12.779722346352987,2.0609926868762987,0.8798561868589931,1.2560847180969867,3.962424649607336,1.691594475380516,2.4149241676961424,7.853762268676652,4.595687366925247,5.617271606293926,15.099491329455757,8.835579582862731,10.799657668874772,0.5577889447236181,-0.00221105527638199,-0.00221105527638199,0.4120603015075377,-0.0029396984924623393,-0.0029396984924623393,0.31658291457286436,-0.003417085427135591,-0.003417085427135591,0.3602693602693603,0.11657188127776363,0.1710196402245675,0.33783783783783783,0.371859296482412,0.10870140174556986,0.16651705942064243,0.3737373737373737,0.3602693602693603,0.11657188127776363,0.1710196402245675,0.33783783783783783,16.0,-6.0,-6.0,27.0,-14.0,-14.0,34.0,-16.0,-16.0,0.0011639717026789994,0.00015427423039769052,0.00011988575575942517,-0.016340474494183965,-0.013253680649509825,-0.01516147517993982,0.08417508417508418,0.1271151055120942,0.7542087542087542,-0.9316561222076416
355,0,test,2.663770020428554,1.257447412552308,1.7109586734331466,4.575801262085859,2.160032365120529,2.9390701138728894,14.35028812539147,10.269367494141697,11.757298911111022,24.650801687789027,17.640631278280214,20.19658708657108,2.7837665828710074,1.2882185524826362,1.767322974113463,4.418677115668266,2.0447913531470414,2.805274562084862,16.179849061377944,11.718067986812272,13.416499346186601,25.68230009742531,18.600107915575038,21.2960307082327,2.6640623813615862,1.2576905670706244,1.7113552533586418,4.576303477185546,2.160450053863649,2.9397513554626973,14.354484202371694,10.273362758708327,11.761765212733112,24.65800967278573,17.64749430943762,20.20425926113663,0.6231155778894473,-0.0018844221105527303,-0.0018844221105527303,0.5025125628140703,-0.0024874371859296973,-0.0024874371859296973,0.36180904522613067,-0.0031909547738693256,-0.0031909547738693256,0.3870967741935484,0.10802700675168786,0.17493944403860207,0.3992805755395683,0.37688442211055273,0.08866387073210658,0.16152549055796506,0.4191919191919192,0.3870967741935484,0.10981591551734082,0.17493944403860207,0.3992805755395683,16.0,-2.0,-2.0,26.0,-3.0,-3.0,35.0,-8.0,-8.0,0.0002478643137919843,-0.0001227523325749758,-0.0001327068996403465,-0.0002456840853515274,0.00018111633153772289,2.978536601450088e-05,0.08960573476702509,0.11872694274501389,0.0035842293906810036,-0.4811527729034424
67,0,test,3.0372315489797383,1.429431469755852,1.9503423694036621,4.538189000510424,2.1358365565538024,2.9141743542833796,20.847448131499846,15.855630594966591,17.88241211505136,31.14996610346198,23.691261993641945,26.71965066028023,3.3253014910950967,1.5591326875429103,2.1292658670142437,4.784606462007334,2.2433563849538283,3.0636918949845233,27.807381056761137,21.95897705650657,24.5004002701068,40.0106202255556,31.59565044101665,35.25237448936231,3.037255964251621,1.4294558848026193,1.9504967700451832,4.5382254814689915,2.1358730371760064,2.914405057567512,20.847957133827723,15.856139596170737,17.883306503633996,31.15072664763794,23.692022536138836,26.720987043220568,0.7185929648241206,-0.0014070351758793676,-0.0014070351758793676,0.5577889447236181,-0.00221105527638199,-0.00221105527638199,0.457286432160804,-0.0027135678391959628,-0.0027135678391959628,0.421875,0.13142665692007793,0.1894074675324675,0.4117647058823529,0.4120603015075377,0.10880215614412914,0.16832073556429894,0.4545454545454546,0.41796875,0.12752040692007793,0.1855012175324675,0.4117647058823529,18.0,0.0,0.0,32.0,0.0,0.0,38.0,0.0,0.0,0.0005568231390846904,0.00044892451423038187,-2.3947340305118225e-05,-8.629588256159337e-05,-0.00014530477676810705,0.00011039017629776993,0.09765625,0.10861733089108234,0.9375,-0.9037642478942871
438,0,test,2.4495559449795357,1.1532633520676305,1.5796609443166796,4.1432489126511,1.9506625840686778,2.6718836543870697,11.58320199803801,7.927483721029063,9.196541755413957,19.592158808110007,13.408772465283445,15.555293483443036,2.4640817102870587,1.094012859345233,1.5373552236266508,3.705386030506855,1.64513211931614,2.3118123663558663,11.752684825627435,7.81706316822728,9.226458832657306,17.673210264101407,11.754982207860571,13.874374184447078,2.4494158486079574,1.153123271865787,1.5794152997145048,4.14301194964546,1.9504256484129883,2.6714681640885343,11.581579347133232,7.925861129236278,9.194667183448857,19.589414210008208,13.406027967165361,15.552122778862064,0.6231155778894473,-0.0018844221105527303,-0.0018844221105527303,0.4723618090452262,-0.0026381909547738003,-0.0026381909547738003,0.3266331658291457,-0.0033668341708542604,-0.0033668341708542604,0.3830508474576271,0.08863460380280475,0.16095389142605998,0.391156462585034,0.39698492462311563,0.10375184191634867,0.17160929857970997,0.41414141414141414,0.3830508474576271,0.08863460380280475,0.15982649571016372,0.391156462585034,15.0,-6.0,-6.0,29.0,-16.0,-16.0,38.0,-23.0,-23.0,-8.505111172805671e-05,-1.7789398635093456e-05,-6.769024277886286e-05,-0.00035656283511986686,0.00011913993074319507,-2.6287545484393604e-05,0.09152542372881356,0.12512559792642478,0.003389830508474576,-0.7099049091339111
275,0,test,1.8818220549451905,0.8774889191849773,1.2040906939970988,3.8930193761678624,1.8153052015639215,2.4909626232064976,6.565456593182382,3.8353705243077294,4.596051801396864,13.58228832714605,7.934422772161614,9.508082164139761,2.061630251606631,0.9238812979463755,1.2760943553339263,3.71464910199393,1.6646509872907669,2.299269108709777,7.858771147072007,4.739033366315072,5.665188988761766,14.159948012742353,8.538798858225354,10.207547727498676,1.9391851821548645,0.8802329328077998,1.2265640097644113,3.8023238865781654,1.725946927074117,2.4050274701262966,6.953083165594473,4.06973478966607,4.913753471795216,13.633496403126417,7.979872136600136,9.634810729010226,0.5276381909547738,-0.002361809045226204,-0.002361809045226204,0.3869346733668342,-0.0030653266331658324,-0.0030653266331658324,0.2864321608040201,-0.003567839195979916,-0.003567839195979916,0.3545454545454545,0.10946224728372989,0.17712609970674487,0.3465045592705167,0.37688442211055273,0.11372652737371058,0.18322832862140415,0.38888888888888884,0.36789297658862874,0.11914506339998099,0.18769275411921826,0.35906040268456374,19.0,-9.0,-9.0,34.0,-15.0,-15.0,38.0,-13.0,-13.0,0.0004091581087591263,0.00017992330111814105,0.00032444250642962044,-0.017724215314237846,-0.021018945708264347,-0.02414885642493214,0.07575757575757576,0.19146505431508407,0.4909090909090909,-0.513970136642456
170,0,test,3.08335738789277,1.4503024897075,1.9595770958054837,4.947713017781421,2.3272295765073836,3.1444376653622874,21.83157656126076,16.71208618513081,18.755114386937592,35.032064714581225,26.817068529628514,30.09541610927195,3.072341084448056,1.4231494305883765,1.9501731162174678,4.585583708131426,2.124103627743845,2.9107061436081603,21.592393166528474,16.389620680671495,18.52088724894402,32.22745248735593,24.462120418912683,27.643115296931374,3.08335738789277,1.4503024921786714,1.9596853870211661,4.947713017781421,2.327229580472751,3.1446114349874525,21.83157656126076,16.712086197781947,18.755447522728282,35.032064714581225,26.817068549929175,30.095950676005856,0.6984924623115578,-0.0015075376884421399,-0.0015075376884421399,0.49246231155778897,-0.002537688442211028,-0.002537688442211028,0.3869346733668342,-0.0030653266331658324,-0.0030653266331658324,0.3927272727272727,0.1005312654677446,0.1557260635374299,0.4051094890510949,0.38190954773869346,0.0836639337036057,0.1431783290408637,0.398989898989899,0.3927272727272727,0.1005312654677446,0.1557260635374299,0.4051094890510949,21.0,-5.0,-5.0,28.0,-4.0,-4.0,40.0,-6.0,-6.0,-0.00013178951077723374,-0.00011778800552730728,-6.561251101242493e-05,-0.0002179643979092205,0.00019661043173790915,4.380359388900246e-05,0.09090909090909091,0.12973079836175813,0.0036363636363636364,-0.7258083820343018
159,0,test,2.3276333290681586,1.0506515589565044,1.4638999657305578,4.11515284697133,1.8575055185971348,2.5881104366507097,10.253645788934007,6.667845183175925,7.881646068350557,18.127992555021446,11.788455572465722,13.934401888796565,2.528010898978643,1.1353011388517937,1.5806548970198846,4.044817438365829,1.8164818221628698,2.5290478352318155,12.528560762449588,8.502816675423041,9.949678684375,20.04569721991934,13.604506680676865,15.919485895,2.3772323856454,1.0701144386335613,1.4927672972317882,4.170583132711228,1.8773937519887043,2.6188899951434887,10.775040402614712,7.0795327020382235,8.353351746970853,18.903579653710022,12.420232810593374,14.655003064861145,0.542713567839196,-0.0022864321608039306,-0.0022864321608039306,0.42211055276381915,-0.0028894472361808976,-0.0028894472361808976,0.3417085427135679,-0.003291457286432098,-0.003291457286432098,0.35423197492163006,0.09445106725339847,0.154023424348116,0.3584905660377359,0.371859296482412,0.11622019873805112,0.17319485574785443,0.3939393939393939,0.35785953177257523,0.0957560259295035,0.15874940941439952,0.3691275167785235,19.0,-6.0,-6.0,27.0,-5.0,-5.0,39.0,-11.0,-11.0,0.0008538384422470458,-0.0002950689465314065,0.00029611285039194985,-0.03139838469607703,-0.026503141838347233,-0.03041028625577269,0.08150470219435736,0.11507224215350484,0.40752351097178685,-1.059312105178833
376,0,test,1.9206892764300465,0.8420392631827514,1.1694304174445218,3.481951319843944,1.5265039274073269,2.1200200550163846,6.825661615891802,3.884954661131658,4.705994916649328,12.374006438166424,7.042900262870257,8.53133581380872,2.3042895276367705,1.0286220729041688,1.4242545547826113,3.9729129786840875,1.7734863325933947,2.4556113013493306,10.017058880170604,6.435968051550641,7.606074856235166,17.270791172707938,11.096496640604553,13.113922165922698,1.9787751993874014,0.8743268264315063,1.2151276635483215,3.597773089795275,1.5896851389663746,2.2093230246333118,7.233877499450344,4.216318057233923,5.087787598128091,13.15250454445517,7.666032831334404,9.250522905687436,0.6180904522613065,-0.0019095477386934512,-0.0019095477386934512,0.4170854271356784,-0.0029145728643216184,-0.0029145728643216184,0.321608040201005,-0.0033919597989949812,-0.0033919597989949812,0.35922330097087374,0.10397289709365243,0.16654299957151963,0.3441558441558441,0.39698492462311563,0.10625810758050913,0.16993984949790697,0.41414141414141414,0.36454849498327757,0.10578388730381183,0.16877541378194272,0.3557046979865772,22.0,-13.0,-13.0,34.0,-20.0,-20.0,42.0,-20.0,-20.0,0.0008489928380009337,1.304745022626707e-05,0.00031271309897289905,-0.04227575632126079,-0.040351439370001074,-0.04853811859830959,0.1488673139158576,0.03686413949586195,0.9611650485436893,-1.1971715688705444
50,0,test,2.418148966146201,1.1167963172650883,1.536650690681895,4.168125191646741,1.9250041784437708,2.6487005326227404,11.225062102685026,7.550798806739002,8.810547497009594,19.348462308575506,13.015192680036964,15.186601606687589,2.5628789156193186,1.1346519374393538,1.5969416423600458,4.036029788376879,1.7868534447863835,2.514868728126056,12.973112100572271,8.801815269283031,10.345863147542474,20.430097796176803,13.861126408319732,16.292697870145627,2.417487940359648,1.1160684499902471,1.535992538460695,4.166985791935709,1.9237495651147687,2.647566086030935,11.217644499063224,7.543135601682045,8.803136831643338,19.335676702332666,13.001983734478264,15.173827959806282,0.592964824120603,-0.0020351758793969443,-0.0020351758793969443,0.44723618090452266,-0.0027638190954772934,-0.0027638190954772934,0.35678391959798994,-0.0032160804020100464,-0.0032160804020100464,0.3869731800766284,0.11355061793513699,0.18187763867535456,0.4,0.3919597989949749,0.10875177894484955,0.18160921468779623,0.41414141414141414,0.3869731800766284,0.11355061793513699,0.18187763867535456,0.4,16.0,-6.0,-6.0,25.0,-12.0,-12.0,34.0,-17.0,-17.0,0.0001778988661472152,0.0003481911443676271,0.00011822523308962029,-0.008501743634506731,-0.009573443546553762,-0.008717757067851828,0.09578544061302682,0.10212239517176924,0.3831417624521073,-0.69146728515625
373,0,test,1.5537408680634999,0.6980941045276197,0.9654295963667902,3.4162379342678237,1.5349120375190615,2.1227073817551863,4.729128178453021,2.3762325227699552,2.9281836384883784,10.398019007752476,5.224665098141633,6.438249923086627,1.8137862986916538,0.8043072460783696,1.1236889298665755,3.238904104806524,1.4362629394256596,2.0065873747617418,6.133627266544571,3.3894561927069926,4.139717598111273,10.952905833115304,6.052600344119629,7.392352853770128,1.655744615783669,0.7383719250217604,1.0315523378996794,3.5735495304683504,1.5936084712699865,2.226371952301466,5.236978007193029,2.7342716461519676,3.3702404640669643,11.302830231351862,5.901305711119355,7.273900282158917,0.4723618090452262,-0.0026381909547738003,-0.0026381909547738003,0.33668341708542715,-0.0033165829145728187,-0.0033165829145728187,0.26633165829145733,-0.0036683417085426884,-0.0036683417085426884,0.32748538011695905,0.09828829982498821,0.15153230093807346,0.3196480938416423,0.3517587939698492,0.10363849321796947,0.16811939497151862,0.3737373737373737,0.3377926421404682,0.09405307619722947,0.15536772556649714,0.3389261744966443,15.0,-3.0,-3.0,23.0,-4.0,-4.0,31.0,-5.0,-5.0,0.00013281127833464668,0.00022610175486403666,0.00020789131696680228,-0.01866485589088729,-0.023097907770114112,-0.023220985922598025,0.07309941520467836,0.08289311656634368,0.8771929824561403,-0.9838265180587769
8,0,test,2.956629954319823,1.3747751989586863,1.8798758327635081,4.574408608570292,2.1270106851813635,2.908487137483163,19.23304617169135,14.36907724916054,16.29790919710438,29.756788416579067,22.231402536437063,25.215633097406776,2.8523759722145896,1.3010528393986318,1.7942691509989948,4.257277570469537,1.941869909550197,2.6780136582074547,17.3289059654154,12.611197756055772,14.447994223172373,25.864038754351345,18.82268321799369,21.564170482346825,2.9568313860225315,1.3748667058942112,1.8801521365671292,4.574720257619766,2.127152261949534,2.9089146263868795,19.236920707144016,14.37241708457396,16.302003484202064,29.762782980864326,22.23656982896349,25.221967654803194,0.6381909547738693,-0.0018090452261306789,-0.0018090452261306789,0.4824120603015075,-0.0025879396984924696,-0.0025879396984924696,0.39698492462311563,-0.0030150753768843908,-0.0030150753768843908,0.40816326530612246,0.12303088241406546,0.1869963724974386,0.43442622950819676,0.4120603015075377,0.12383975012909154,0.19336247179134403,0.4292929292929293,0.40816326530612246,0.12303088241406546,0.1869963724974386,0.43442622950819676,23.0,-10.0,-10.0,36.0,-16.0,-16.0,44.0,-16.0,-16.0,-0.0002536722658507543,-0.0001531079531960243,-0.0002120473124041193,-1.0066742095027337e-05,-8.484196204427974e-05,-0.00010243434826673337,0.13877551020408163,0.05699873442568435,0.37551020408163266,-0.47513604164123535
190,0,test,2.7571815499748715,1.280476185523366,1.7582496413605786,4.614857062369289,2.1432083672589677,2.9428859245467844,15.755374575885266,11.376878234245872,13.03999457084895,26.37069787169449,19.042150803418625,21.825806515747182,2.8844375500594475,1.3312227919258863,1.8308146415815874,4.578472301681662,2.1130520506760098,2.9060549866374403,17.893500566355666,13.16685977482043,15.025477663160501,28.4023818513582,20.89977742034989,23.849964544699212,2.75739071549988,1.2806853510483742,1.7585044432798767,4.615207155021076,2.1435584599107544,2.9433124015180914,15.758670401754692,11.380174060115298,13.043414314043341,26.376214289461757,19.047667221185893,21.831530341235666,0.7035175879396984,-0.001482412060301641,-0.001482412060301641,0.5527638190954773,-0.0022361809045226,-0.0022361809045226,0.42211055276381915,-0.0028894472361808976,-0.0028894472361808976,0.4425531914893617,0.13469756516239773,0.20634385627012541,0.4572649572649573,0.4371859296482412,0.11387765897154944,0.18509911829598746,0.4747474747474747,0.4425531914893617,0.13469756516239773,0.20634385627012541,0.45299145299145294,18.0,-2.0,-2.0,32.0,-2.0,-2.0,38.0,0.0,0.0,-4.660188882305667e-05,-2.5380852290075152e-05,0.00010656119395207769,5.923247650940766e-05,-2.987576684176929e-05,-5.7128588733412755e-05,0.10638297872340426,0.12630613888052236,0.4127659574468085,-0.5297794342041016
384,0,test,2.1953655022826783,1.0000958391502544,1.3805278151929214,3.6882140438348996,1.6801610097724273,2.3192867295241077,8.983283867604964,5.678835129241563,6.7244748588754675,15.09191689757634,9.540443017125824,11.297117762910785,2.6149759920938678,1.1908613568666204,1.6435826995951783,3.9923297589219353,1.8181089417810998,2.509286564267448,13.666888260584615,9.512710009561888,11.025265811340418,20.865478260434525,14.523221388644101,16.832466887542623,2.2502662037928007,1.0376971797107377,1.4291347500838851,3.8140105149030523,1.7588087791707419,2.422262288277772,9.490261843824722,6.128150932655764,7.217191586949017,16.085189565804615,10.386696496026719,12.232528113472911,0.6281407035175879,-0.0018592964824121205,-0.0018592964824121205,0.46733668341708545,-0.002663316582914521,-0.002663316582914521,0.3517587939698492,-0.0032412060301507672,-0.0032412060301507672,0.36716417910447763,0.11232066196587853,0.17252664186515287,0.3562874251497006,0.37688442211055273,0.08866387073210658,0.15317824514895007,0.4242424242424242,0.37792642140468224,0.1158229155616105,0.18104099315106714,0.3657718120805369,21.0,-7.0,-7.0,32.0,-12.0,-12.0,43.0,-15.0,-15.0,0.0005888930042303477,0.00018214248602095465,0.0004581128965035021,-0.016295499958156157,-0.018254796866549405,-0.019952929790051144,0.07761194029850746,0.10753696542881591,0.5164179104477612,-1.343522310256958
298,0,test,1.8708486087721365,0.8556443027638299,1.1922070193292438,4.302951800175914,1.9679818963568088,2.7420761444572603,6.493804761419016,3.7338775519284084,4.522606545185022,14.935750951263737,8.58791836943534,10.40199505392555,2.0008342682824205,0.9039109683655611,1.2526338397894081,3.775158996759284,1.7054923931425678,2.363460075074355,7.3952231261909445,4.4002858158282505,5.282029376636382,13.953251181492348,8.302426067600473,9.966093163464873,1.8711091661152017,0.8558937577402568,1.1924706299606087,4.303551082064964,1.968555642802591,2.7426824489094006,6.495496990385804,3.7355391390013235,4.5243047927790725,14.939643077887348,8.591740019703042,10.405901023391866,0.4974874371859297,-0.002512562814070307,-0.002512562814070307,0.37688442211055273,-0.003115577889447274,-0.003115577889447274,0.2562814070351759,-0.00371859296482413,-0.00371859296482413,0.3523489932885906,0.1161680887659775,0.1626168504314477,0.31313131313131315,0.37688442211055273,0.12375159003035219,0.17821998137599515,0.3434343434343434,0.3523489932885906,0.11449304688993067,0.1603847075743049,0.31313131313131315,23.0,-10.0,-10.0,30.0,-7.0,-7.0,38.0,-10.0,-10.0,0.001203381378175592,0.0004402278442289733,1.0125083681242431e-06,-0.03804415094397484,-0.039099427757717464,-0.03743835381350369,0.08389261744966443,0.17817010623022916,0.20134228187919462,-0.6046733856201172
365,0,test,2.4418031917183844,1.0596350581037324,1.504728204564371,4.31647790019895,1.8731613285188553,2.659971148713791,11.493747498361335,7.510218403661922,8.941243118019143,20.317979448716166,13.276128016795912,15.805810415079,2.766768575040527,1.2668613929453516,1.7452280269587779,4.729518931693209,2.1655750306758152,2.9832957725791083,15.907148112743846,11.42587500409072,13.129677816419607,27.191706175630507,19.531410263402943,22.443893703281383,2.4418573386669675,1.0601350554268176,1.5046243226441223,4.316573618030639,1.8740451947545034,2.6597875122870294,11.494369866565675,7.51261643393576,8.941462084969887,20.31907963509029,13.280367115473537,15.806197492140315,0.6432160804020101,-0.001783919597989958,-0.001783919597989958,0.4974874371859297,-0.002512562814070307,-0.002512562814070307,0.3919597989949749,-0.0030402010050251116,-0.0030402010050251116,0.3772893772893773,0.10672264968425849,0.16413468788621044,0.3529411764705882,0.40703517587939697,0.11881462450095082,0.1833289989177943,0.4040404040404041,0.3772893772893773,0.10672264968425849,0.16413468788621044,0.3529411764705882,20.0,-8.0,-8.0,32.0,-14.0,-14.0,40.0,-13.0,-13.0,0.000638447558655571,0.0007903205708702973,6.991251316449846e-05,-0.0584608309585537,-0.05719294624181703,-0.05218175169391781,0.09157509157509157,0.17642506935227045,0.6446886446886447,-1.0557873249053955
198,0,test,2.471743619049217,1.1399356807247691,1.5685158385046343,4.022068019162927,1.8549249242562813,2.552318672122926,11.843078676979996,8.055193213002042,9.375523680186522,19.271281870825437,13.107562920565451,15.256029657108243,2.459357000517948,1.0780891805599355,1.5189762030471385,3.8730031504219657,1.697778237102261,2.392088508735651,11.697287771372016,7.7173434883485825,9.136331332962516,18.4209256242079,12.153296832045013,14.38792335899609,2.471558008327408,1.1397500723057563,1.5682552734732624,4.021765989881877,1.8546228987223845,2.5518946757701015,11.840880678590667,8.05299522333544,9.37314072098438,19.26770524622742,13.10398631016122,15.252152060773401,0.5728643216080402,-0.0021356783919597166,-0.0021356783919597166,0.40201005025125625,-0.002989949748743781,-0.002989949748743781,0.3266331658291457,-0.0033668341708542604,-0.0033668341708542604,0.3868613138686131,0.11728025740231074,0.1659875274608461,0.40293040293040294,0.3668341708542714,0.1162076044382313,0.14980579021988072,0.38888888888888884,0.3868613138686131,0.11728025740231074,0.1659875274608461,0.40293040293040294,13.0,0.0,0.0,21.0,0.0,0.0,27.0,0.0,0.0,0.0001500085498126152,-7.56061296841773e-05,-7.012156218883317e-06,-0.000211034476049754,0.00020048395678795572,4.730815085896012e-05,0.09124087591240876,0.15313377839847594,0.0036496350364963502,-0.7618391513824463
60,0,test,2.7145300829715633,1.2686557693056155,1.7314082291926283,4.759985849717741,2.224614694064072,3.036060908936369,15.097513825868727,10.851951351990676,12.424726543773195,26.473809455220515,19.02912596229351,21.787020488729052,2.7740076779798746,1.2738056155182755,1.7489444379584116,4.474205932225604,2.054525186319799,2.820878125739373,16.02271940694594,11.540124663984061,13.235447684830008,25.84309581765474,18.613104296748485,21.34749626585485,2.7143711481753305,1.268283323358102,1.7311906516275477,4.7597071541947695,2.2239616022265305,3.035679382079291,15.095114496258724,10.8486454506709,12.422170469920514,26.46960218005931,19.023328994486295,21.78253835922682,0.6281407035175879,-0.0018592964824121205,-0.0018592964824121205,0.44723618090452266,-0.0027638190954772934,-0.0027638190954772934,0.3869346733668342,-0.0030653266331658324,-0.0030653266331658324,0.3911290322580645,0.1054147465437788,0.17531133788809128,0.417004048582996,0.40201005025125625,0.12130829586529135,0.18665111869866857,0.43434343434343436,0.3951612903225806,0.10944700460829493,0.1793435959526074,0.417004048582996,24.0,-10.0,-10.0,34.0,-10.0,-10.0,44.0,-14.0,-14.0,-1.498957583054048e-05,-5.552631256158697e-05,2.6864527287546825e-05,-3.085650767697956e-05,-0.00010133182060556578,-0.00011602607612637428,0.11290322580645161,0.11048207664249596,0.004032258064516129,-0.4395110607147217
361,0,test,2.7254063069757084,1.2792281580027982,1.745879844494802,4.003421693862623,1.8790922094956364,2.5645692630997097,15.262613973737789,11.015761352095963,12.599419153118179,22.41965894447359,16.18134435901102,18.507621354862863,2.668433036346965,1.2220129588864863,1.6828655865284579,3.680597291513055,1.6855351157054985,2.3211939124530456,14.417360004441175,10.169479823874793,11.738028164943984,19.886013799229207,14.026868722585922,16.190383675784805,2.7256265870990277,1.2793846520658942,1.746124749626563,4.003745269185012,1.8793220877804098,2.564929010750883,15.265976394549737,11.01885287427114,12.602847154317605,22.42459809368888,16.185885578025403,18.512656836850717,0.6281407035175879,-0.0018592964824121205,-0.0018592964824121205,0.4773869346733668,-0.0026130653266331905,-0.0026130653266331905,0.3467336683417085,-0.003266331658291488,-0.003266331658291488,0.38996138996138996,0.11250474256254606,0.17301658893443228,0.43023255813953487,0.3869346733668342,0.10623291898086928,0.16489794548703451,0.43434343434343436,0.38996138996138996,0.11250474256254606,0.17301658893443228,0.43023255813953487,25.0,-12.0,-12.0,33.0,-10.0,-10.0,45.0,-16.0,-16.0,-1.2313134555135743e-05,-0.00017382190174979208,-0.00010435049206700857,-0.005772134744757906,-0.005399665968949918,-0.0054787615075690965,0.10424710424710425,0.08477342825760466,0.06177606177606178,-0.5616297721862793
289,0,test,1.914380118273789,0.8838288203063474,1.1311242604846607,3.712148249647652,1.7138203520661153,2.193347550787515,6.7827330013447495,3.9801225190029,4.59414659735206,13.152304601592357,7.7178010266959785,8.9084467014644,2.0075046502225726,0.86743875488826,1.2342780336213852,3.2642352036139393,1.4104695201435122,2.0069561522298947,7.4447169769044645,4.317742565482899,5.277970730646364,12.105230856755227,7.0207196186713805,8.582066228693275,2.042788310191399,0.9145342042867932,1.2667496035625234,3.736807884496462,1.6729284224758416,2.317224884565592,7.712082926680738,4.6218263996986915,5.539235019722318,14.107468768318425,8.454560487253705,10.132746987296922,0.49246231155778897,-0.002537688442211028,-0.002537688442211028,0.38190954773869346,-0.0030904522613065533,-0.0030904522613065533,0.27638190954773867,-0.0036180904522613577,-0.0036180904522613577,0.34120734908136485,0.1066070869581669,0.14179385934529443,0.34736842105263155,0.38190954773869346,0.12627044999433257,0.18324510700413588,0.398989898989899,0.37792642140468224,0.1258396100524285,0.17770395199422617,0.3926174496644296,19.0,-8.0,-8.0,27.0,-12.0,-12.0,32.0,-7.0,-7.0,-0.0005723816235349411,4.3691790533761146e-05,-0.00022015184639580498,-0.06025662869522197,-0.06638720822460886,-0.06293328772439288,0.06561679790026247,0.04975045481892702,0.0026246719160104987,-1.196669101715088
490,0,test,2.7406854140799983,1.2674839938111608,1.745338691385208,4.519408398052447,2.0900894997283377,2.8780750606285874,15.497603732647395,11.134422550391829,12.791941439460459,25.555651188272858,18.360736523493813,21.093996148514268,2.6965940371467387,1.2215416239506576,1.6999118161306879,4.085748541131422,1.8508206423494808,2.575623963834375,14.829138120230036,10.457873241341199,12.119860005668382,22.46839109125763,15.845262486880603,18.3634242510127,2.740856193652549,1.2678701683116929,1.7454062449701206,4.519690014698575,2.0907263040371626,2.8781864569374838,15.500250632800222,11.138009156433604,12.794309030535128,25.56001594415401,18.366650860609056,21.097900321875805,0.6281407035175879,-0.0018592964824121205,-0.0018592964824121205,0.5025125628140703,-0.0024874371859296973,-0.0024874371859296973,0.37688442211055273,-0.003115577889447274,-0.003115577889447274,0.39919354838709675,0.10543097293438042,0.17667344114849082,0.4412955465587044,0.40703517587939697,0.10628329618014887,0.1833289989177943,0.4545454545454546,0.39919354838709675,0.10543097293438042,0.17667344114849082,0.4412955465587044,23.0,-6.0,-6.0,34.0,-9.0,-9.0,40.0,-5.0,-5.0,-0.00024449528006813796,1.034794570190233e-05,3.8354377371197875e-05,-3.085650767697956e-05,-0.00010133182060556578,-0.00011602607612637428,0.11290322580645161,0.15769229629226802,0.008064516129032258,-0.5983641147613525
389,0,test,2.6565879475032093,1.2433074718487462,1.7042318463903676,4.472483506556036,2.093163212099788,2.8691498173407455,14.247592534624287,10.138178385094593,11.655783499350978,23.98645325449405,17.068072471108618,19.623027916628864,2.6059206262462262,1.1838434289088766,1.645324296618134,4.3432010437437105,1.9730723815147946,2.7422071610302234,13.543688239878222,9.397965252563269,10.930433870004679,22.57281373313037,15.663275420938783,18.217389783341133,2.656329641511031,1.243002594443631,1.704013571618756,4.472048636974267,2.0926499374810494,2.868782342092336,14.243912771371386,10.134307236161888,11.652207487300577,23.980258210030307,17.061555220373812,19.6170075419111,0.5879396984924623,-0.002060301507537776,-0.002060301507537776,0.4522613065326633,-0.0027386934673366836,-0.0027386934673366836,0.35678391959798994,-0.0032160804020100464,-0.0032160804020100464,0.3886792452830189,0.1005436520626799,0.17537937075353327,0.40909090909090906,0.3869346733668342,0.09871412198838803,0.1765840890596555,0.41414141414141414,0.3886792452830189,0.1005436520626799,0.17412466560924222,0.40909090909090906,17.0,1.0,1.0,29.0,-2.0,-2.0,38.0,-1.0,-1.0,-0.000561505079183183,-4.5332995558895765e-06,-5.7157289746626914e-05,-0.0001486651793047855,0.00023534568223659846,7.884916357880911e-05,0.09433962264150944,0.21059357229470027,0.0037735849056603774,-0.43668150901794434
429,0,test,1.952631636156143,0.8643701046030818,1.1439184064236645,4.0340082153555485,1.7857316446744989,2.363260004479659,7.047208888939841,4.078101006074449,4.802191583204745,14.559068913414178,8.42508779276919,9.921011182884527,2.3870264889053066,1.0876870354648636,1.4952568601418248,4.15135041548749,1.8916296268954147,2.60044671329013,10.881090747226724,7.214217020576511,8.441648005304065,18.923636082133434,12.546464383611324,14.681126965746202,2.1823329924580754,1.0056498483778646,1.3880252187269977,4.091874360858892,1.8855934657084967,2.602547285113121,8.866968717813023,5.623370923486398,6.654060084805489,16.62556634589942,10.543820481536997,12.476362659010292,0.5376884422110553,-0.0023115577889447625,-0.0023115577889447625,0.4170854271356784,-0.0029145728643216184,-0.0029145728643216184,0.31155778894472363,-0.003442211055276312,-0.003442211055276312,0.3546666666666667,0.11764935641367069,0.1620957966764418,0.33689839572192515,0.37688442211055273,0.10620773038122944,0.17821998137599515,0.38888888888888884,0.36789297658862874,0.12248396156358698,0.17879397770097583,0.35906040268456374,20.0,-7.0,-7.0,28.0,-7.0,-7.0,36.0,-8.0,-8.0,-3.834341982064037e-05,0.0006011807629792699,3.3256184673319674e-05,-0.03736557861640044,-0.05306394697465766,-0.045748381979016095,0.07466666666666667,0.06271356601585973,0.7466666666666667,-1.0224889516830444
228,0,test,1.9963911189044565,0.8865058909056718,1.2343978697428062,3.461949917175358,1.537293452437581,2.140574340594461,7.3624379338473185,4.328427778812528,5.219895345512096,12.767233411295928,7.50594412510843,9.051841639616352,2.316547334913388,1.0164268389899846,1.432242698155037,4.0287779737624145,1.7676988504173652,2.4908568663565864,10.14060169249962,6.470862862951351,7.719301569637887,17.635829030434124,11.25367454426322,13.424872295022412,1.9962840471668692,0.8863986784038296,1.234309946735891,3.4617642436419698,1.5371075348043286,2.1404218729524116,7.361649667026166,4.327639084911166,5.219148105269117,12.765866474611848,7.5045764478228305,9.050545847287486,0.592964824120603,-0.0020351758793969443,-0.0020351758793969443,0.40703517587939697,-0.00296482412060306,-0.00296482412060306,0.31155778894472363,-0.003442211055276312,-0.003442211055276312,0.34448160535117056,0.09072534491711381,0.15204556530667668,0.30536912751677847,0.3467336683417085,0.058513116963262335,0.12970528770731782,0.36363636363636365,0.34782608695652173,0.09406982652246498,0.15539004691202785,0.30536912751677847,16.0,-5.0,-5.0,25.0,-12.0,-12.0,33.0,-14.0,-14.0,0.0012425358220073035,6.614247288648948e-05,0.0001840396515398041,-0.0364492888806609,-0.0275662217705559,-0.03321006485980682,0.08361204013377926,0.08631024787395378,0.7290969899665551,-1.024392008781433
341,0,test,1.7953428746766442,0.8229090640498479,1.126040682074301,3.3760251882506465,1.547426826963301,2.117446065204936,6.021539001130387,3.3771664653308022,4.06866488607078,11.323111382560402,6.350541288067704,7.650858970546141,1.905010912617468,0.838648059167878,1.172048009498095,3.0725982461572063,1.3526581599481904,1.890400015319508,6.719480954360092,3.814685856695121,4.638242966524629,10.837872507032406,6.152719123701807,7.481037042781659,1.8716247456561996,0.8379376880239953,1.1646245585105326,3.264461765679418,1.4615192232976661,2.031321904378836,6.498846799214904,3.6874342105340574,4.47094799101709,11.33519790560739,6.431571297443123,7.798165100611204,0.5175879396984925,-0.002412060301507535,-0.002412060301507535,0.3668341708542714,-0.0031658291457286047,-0.0031658291457286047,0.24623115577889443,-0.0037688442211055717,-0.0037688442211055717,0.3449275362318841,0.09746009773694919,0.14844659781546177,0.33139534883720934,0.371859296482412,0.10368887041724906,0.16317816125703632,0.3535353535353535,0.36454849498327757,0.10244498914020583,0.15987663736370028,0.3523489932885906,17.0,-6.0,-6.0,29.0,-15.0,-15.0,35.0,-15.0,-15.0,0.0006494857541599515,8.890578146804932e-05,0.0002516762694816798,-0.037541895975624406,-0.044012605858860354,-0.04532931170447707,0.11594202898550725,0.04501086705204248,0.336231884057971,-0.7451677322387695
89,0,test,1.9264130463753268,0.8349581081837287,1.1382769912271722,3.2519266103950475,1.4094705679431754,1.921495104456878,6.864842155936418,3.8862375488668013,4.665548913863287,11.588357400846798,6.560254210931115,7.875788992209586,2.2565899478461517,1.020929904151191,1.4227751056979319,3.471676842840233,1.570661391001832,2.188884777996818,9.550465987894512,6.109817237983091,7.248381890043083,14.693024596760788,9.399718827666295,11.151356753912435,2.0234166467739136,0.9272906230490294,1.2875248783408506,3.3353021650119454,1.5285010270038946,2.1222937555068966,7.564124776604496,4.571574306843786,5.476782187603524,12.468337543853565,7.535562044248,9.027662946599214,0.5728643216080402,-0.0021356783919597166,-0.0021356783919597166,0.4522613065326633,-0.0027386934673366836,-0.0027386934673366836,0.321608040201005,-0.0033919597989949812,-0.0033919597989949812,0.3705722070844687,0.11751098259467274,0.1701812002418489,0.36612021857923494,0.40703517587939697,0.11630835883679047,0.1883373461632033,0.46464646464646464,0.3946488294314381,0.12920642542476024,0.19442636002098201,0.3993288590604027,21.0,-6.0,-6.0,33.0,-11.0,-11.0,43.0,-12.0,-12.0,-0.00010120069914778787,0.00048778749931740963,3.872548736192441e-05,-0.02584929775117928,-0.0346032328724073,-0.028805362995302453,0.07629427792915532,0.1016976196074858,0.5286103542234333,-0.9917151927947998
282,0,test,2.5864521365387194,1.2189362462690392,1.6608497655588725,4.622595307856435,2.178524355034028,2.9683272405733048,13.282563187602955,9.356976203001908,10.759175369366934,23.739049101247833,16.723106405365108,19.22916448993239,2.6288115686542524,1.201652316483553,1.666956477539467,4.4556128282275465,2.0366988414975475,2.8253499619313,13.857291672656183,9.690446266611922,11.240745767632685,23.48693503840031,16.424485197647325,19.052111470563876,2.586390948028705,1.2189575340651877,1.6607306040035061,4.622485949668324,2.1785624013079947,2.9681142709849895,13.28175047221701,9.35648724217875,10.758216361264084,23.737596588643164,16.722232517936487,19.227450518003895,0.5829145728643217,-0.002085427135678275,-0.002085427135678275,0.46733668341708545,-0.002663316582914521,-0.002663316582914521,0.3517587939698492,-0.0032412060301507672,-0.0032412060301507672,0.38247011952191234,0.10811624278234977,0.1718740930318461,0.4,0.38190954773869346,0.10622032468104936,0.17322841251331778,0.4040404040404041,0.38247011952191234,0.10811624278234977,0.17319859634310442,0.396,14.0,-3.0,-3.0,26.0,-12.0,-12.0,33.0,-11.0,-11.0,6.847722166521732e-05,-8.291866506775716e-06,3.6034198912983565e-05,-5.164627325804361e-05,-0.00011782167916685182,0.0001279129611404528,0.11155378486055777,0.12859605259569243,0.00398406374501992,-0.7183520793914795
237,0,test,2.3362694359389766,1.0854192421848283,1.4930163139323671,3.6936550300040802,1.7160538856888627,2.360467133200335,10.34258084335198,6.849269156289011,8.018666172054084,16.35167809312073,10.828732800166424,12.677556015035229,2.4145618258208654,1.0875208718629492,1.5080111736798323,3.772752852845102,1.699251362285858,2.356267458874738,11.184868363153697,7.414996720051121,8.709100360123099,17.47635681742765,11.585932375079874,13.60796931269234,2.336543262116017,1.0856930694059495,1.4931218378713806,3.6940879507197364,1.716486808055216,2.360633967137434,10.345413300507806,6.852101617092135,8.021107476254711,16.35615622370787,10.833210936519967,12.68141573061499,0.6231155778894473,-0.0018844221105527303,-0.0018844221105527303,0.44723618090452266,-0.0027638190954772934,-0.0027638190954772934,0.33668341708542715,-0.0033165829145728187,-0.0033165829145728187,0.3971631205673759,0.11928701437268563,0.1860782149069985,0.39857651245551606,0.39698492462311563,0.10876437324466948,0.16993984949790697,0.41414141414141414,0.3971631205673759,0.11928701437268563,0.1860782149069985,0.39857651245551606,23.0,-13.0,-13.0,30.0,-11.0,-11.0,39.0,-14.0,-14.0,0.0004634654346191356,2.6893153600142674e-05,-1.700065670979419e-05,-0.0049420028924966886,-0.005074997412042315,-0.00479478342262496,0.08865248226950355,0.10085791797089812,0.3191489361702128,-0.755577802658081
216,0,test,2.384887427389422,1.0498909118416277,1.4829148688693303,4.410043231653065,1.9414183900535122,2.7421498413170298,10.857840300691553,7.057857595153472,8.393380690171764,20.07790580742404,13.051122145227925,15.520720717580186,2.3416052329339574,0.9575209048555378,1.4031315048303865,3.687567295958988,1.5079069367803744,2.209655913118719,10.397914247760964,6.406744618627014,7.841837076896364,16.37466810671018,10.08936160413703,12.349349727395847,2.3680460402777013,1.0242115109739371,1.459544725553056,4.44008632552069,1.9203965830761325,2.7366463604119806,10.676510418260511,6.842794565866222,8.195908313903251,20.01845703423846,12.830239810999167,15.367328088568597,0.542713567839196,-0.0022864321608039306,-0.0022864321608039306,0.37688442211055273,-0.003115577889447274,-0.003115577889447274,0.29648241206030146,-0.0035175879396985854,-0.0035175879396985854,0.35757575757575755,0.08526108284050793,0.14991446725317692,0.36170212765957444,0.3316582914572864,0.07100666238460474,0.12297715623191074,0.33333333333333337,0.36454849498327757,0.09075884556758473,0.15542724915457906,0.3657718120805369,20.0,-9.0,-9.0,35.0,-17.0,-17.0,42.0,-17.0,-17.0,-6.800934725248402e-05,3.5634114893821683e-06,2.8117744904075877e-05,-0.012732919609820925,-0.013982424088545109,-0.016883267519699707,0.08181818181818182,0.0892858122489287,0.0030303030303030303,-0.9159092903137207
279,0,test,2.151844264576098,0.9961103419667221,1.3541464097004985,3.7793812971742637,1.7495135955354613,2.37834851652981,8.600705756280318,5.424351996162951,6.380282452967375,15.105808079558326,9.527034470418178,11.205978318409706,2.5428124322436054,1.1729379423154953,1.6055297001256978,4.238020720406009,1.9548965705258254,2.67588283354283,12.715381880028021,8.780525079711191,10.162347174671226,21.192303133380037,14.63420846618532,16.93724529111871,2.3658426332607267,1.1183803425103669,1.516089923514564,3.98737522459673,1.8849106896242138,2.555207736260501,10.653011618505476,7.171514907303261,8.313943266911691,17.954513963773273,12.086822877477406,14.012263932997232,0.6231155778894473,-0.0018844221105527303,-0.0018844221105527303,0.4371859296482412,-0.002814070351758735,-0.002814070351758735,0.3417085427135679,-0.003291457286432098,-0.003291457286432098,0.35942028985507246,0.10616413934856017,0.16293935143865013,0.3459302325581395,0.35678391959798994,0.07357589954786459,0.13140829355458428,0.4040404040404041,0.3712374581939799,0.10579505418730206,0.16879029467896323,0.37583892617449666,19.0,-5.0,-5.0,31.0,-9.0,-9.0,38.0,-6.0,-6.0,-0.00020443556422011805,0.0005425274519497832,0.00022727318957663608,-0.03659718584639293,-0.04395219998946143,-0.04187306672923263,0.0782608695652174,0.04495377368856424,0.8318840579710145,-1.0564393997192383
93,0,test,2.96933314534256,1.4525699527020786,1.9543249854989007,4.897067752790086,2.39559966021547,3.2231014158751505,19.47892565168374,14.921475943100642,16.71953973824167,32.12492973968784,24.608716869511532,27.57411003950852,2.775185163735069,1.3279382650832119,1.800296568002782,3.9645502339072416,1.8970546644045885,2.5718522400039747,16.04159704269958,11.790203172385068,13.390725166607607,22.91656720385654,16.843147389121526,19.12960738086801,2.980301091058452,1.4624327808771318,1.965469696813597,4.806937243642665,2.3587625498018254,3.170112414215479,19.693745362811793,15.131256352616816,16.934847170765593,31.76410542388999,24.405252181640027,27.31426963026709,0.6633165829145728,-0.0016834170854271857,-0.0016834170854271857,0.48743718592964824,-0.002562814070351749,-0.002562814070351749,0.3467336683417085,-0.003266331658291488,-0.003266331658291488,0.39490445859872614,0.08011908498982312,0.15761632300550577,0.4313099041533547,0.38190954773869346,0.0836639337036057,0.1531950235316818,0.40909090909090906,0.3913043478260869,0.07410902228351601,0.15326207863810026,0.43288590604026844,13.0,0.0,0.0,25.0,0.0,0.0,31.0,0.0,0.0,-0.0009646930793596281,-0.0001568860091445509,-0.00011659232549305009,0.0004478011750661537,4.5542954798527546e-05,-9.287412789138472e-05,0.07961783439490445,0.10208991693888468,0.23248407643312102,-0.4916868209838867
451,0,test,2.5365705408990835,1.1837311503265293,1.6150481969729857,3.9695681841342805,1.8524623846019064,2.5274455550031796,12.63626103666925,8.767867204008486,10.12314773459379,19.774927985956424,13.721142832247043,15.842068857383788,2.647946696909352,1.2268496753726372,1.677901100268419,4.137416713920863,1.9169526177697458,2.621720469169405,14.125005930761716,9.983344489955089,11.486941187258994,22.07032176681518,15.598975765554824,17.948345605092175,2.5365499079389338,1.1835917888880099,1.6152374965617633,3.9695358948914485,1.8522442930000675,2.527741796567435,12.636000315888568,8.767147167447924,10.123414542719674,19.774519974864578,13.720016021785387,15.842486394775595,0.592964824120603,-0.0020351758793969443,-0.0020351758793969443,0.4321608040201005,-0.002839195979899567,-0.002839195979899567,0.3417085427135679,-0.003291457286432098,-0.003291457286432098,0.3458333333333333,0.08803707553707552,0.13530701754385965,0.36820083682008364,0.35678391959798994,0.09111975919698745,0.14309443712720527,0.38888888888888884,0.3458333333333333,0.08803707553707552,0.13669205909510618,0.36820083682008364,16.0,0.0,0.0,25.0,0.0,0.0,31.0,0.0,0.0,3.305010307502553e-05,9.115020705457655e-05,0.00013478082350002298,-0.018420041960721,-0.02050114344303644,-0.021709718679469248,0.10416666666666667,0.11858413188086853,0.5833333333333334,-0.7122914791107178
20,0,test,2.20909814321121,0.954017099461884,1.3572758036496857,3.7677396109213412,1.6271291640822132,2.3149092873358526,9.107499028326599,5.59937635408992,6.763584658129668,15.533345564979253,9.550047448364474,11.535669389143376,2.442045843106089,1.0985479849831745,1.5133206885182244,3.6448445419493867,1.6396238581838425,2.2586875948033196,11.496536810543292,7.664111442545428,8.965256681616253,17.159010164989986,11.438972302306606,13.380980121815304,2.1601889437135156,0.9266271785773914,1.320803143816792,3.6821402449662197,1.5794781453023718,2.2513689951422595,8.672776170201422,5.239339290887687,6.357831469430947,14.783141199206968,8.930691973104011,10.837212731984568,0.6231155778894473,-0.0018844221105527303,-0.0018844221105527303,0.457286432160804,-0.0027135678391959628,-0.0027135678391959628,0.321608040201005,-0.0033919597989949812,-0.0033919597989949812,0.36274509803921573,0.10173367878962358,0.1573103154305201,0.35409836065573774,0.37688442211055273,0.09618266772458783,0.14650044882173807,0.4040404040404041,0.35785953177257523,0.0940865768477005,0.14985063299615697,0.34563758389261745,18.0,-5.0,-5.0,33.0,-16.0,-16.0,38.0,-11.0,-11.0,0.001030404327312173,0.0001416991878538391,0.00014397296317975587,-0.04810464321765018,-0.04267267683621956,-0.04363723838257538,0.10130718954248366,0.06485570917627344,0.5,-1.1249301433563232
155,0,test,2.3632090563135537,1.0421643281100799,1.4725236155747465,3.691779321803263,1.6280577065998263,2.300360275076967,10.624993003472456,6.8776587247179055,8.188193642937314,16.59824777656891,10.744203181897621,12.791506486976699,2.6914755894276023,1.1925115869003287,1.6468158768387953,3.5648683303676854,1.5794855455633494,2.181213081905689,14.753429871684682,10.276381415649627,11.91099875614778,19.540966717463156,13.611101212780966,15.776157292910968,2.348863697282279,1.0229369613584733,1.4531329014167174,3.576949792815654,1.5577720223733098,2.212892743274189,10.473661710188443,6.707988186812215,8.024536764175073,15.949738644957021,10.21521043676987,12.22010674747473,0.6582914572864322,-0.0017085427135676845,-0.0017085427135676845,0.4974874371859297,-0.002512562814070307,-0.002512562814070307,0.371859296482412,-0.003140703517587995,-0.003140703517587995,0.389776357827476,0.1154541887684648,0.17617380734926136,0.375,0.40703517587939697,0.12633342149343207,0.1799901007541883,0.41414141414141414,0.3846153846153846,0.11082573519969174,0.1721570976298451,0.3691275167785235,20.0,-11.0,-11.0,32.0,-20.0,-20.0,38.0,-23.0,-23.0,0.0009754040053393339,-0.00012451228853478443,0.000349757563000478,-0.018891379253065388,-0.015242322414612985,-0.01841031568710516,0.07987220447284345,0.06848952003329956,0.5239616613418531,-0.889397382736206
271,0,test,2.396008853049654,1.0570974271513356,1.4886875161610473,4.240128026464276,1.8707061210824194,2.6344750988243253,10.979268942649878,7.164380487186511,8.501592167544526,19.429605151318604,12.678538502605345,15.044952431328799,3.0023426905240056,1.3978555527971341,1.9031958095435553,5.003904484206676,2.32975925466189,3.171993015905925,20.132646279983604,15.157338979089488,17.13104207428677,33.55441046663934,25.262231631815812,28.551736790477953,2.4247767783836225,1.05232365424854,1.4924448785657147,4.253994348041443,1.846181849558842,2.618324348360903,11.299706798922111,7.354690348879883,8.75928050343276,19.824047015652827,12.90296552435067,15.367158777952213,0.6482412060301508,-0.0017587939698492372,-0.0017587939698492372,0.5326633165829145,-0.0023366834170853723,-0.0023366834170853723,0.4371859296482412,-0.002814070351758735,-0.002814070351758735,0.3853503184713376,0.11190039796259355,0.1798418438950664,0.34504792332268375,0.4371859296482412,0.13894031561315345,0.21347975268663855,0.43939393939393945,0.3846153846153846,0.11583408244510074,0.18328056815264826,0.34563758389261745,23.0,-6.0,-6.0,33.0,-6.0,-6.0,40.0,-3.0,-3.0,0.0019539284722152337,8.854552700981735e-05,0.000586976679295969,-0.038125133580563464,-0.029912656681439387,-0.035985714836386684,0.07961783439490445,0.15860863305243814,0.5668789808917197,-1.0897250175476074
497,0,test,1.8176773493515452,0.8413904816511336,1.0664491275142716,3.842807004879082,1.7788092247950598,2.2546125576252805,6.157540013652338,3.5029589050713774,4.037938253957984,13.017842746254127,7.4057120330041615,8.536728156465518,2.3859416657088977,1.0385548081912455,1.4859016589204979,3.483126519283062,1.5161384061186063,2.169199502073719,10.869293087926136,7.021934400978923,8.409591573979593,15.867581150257132,10.250999125516675,12.276776020408166,1.7517432388181702,0.7794524178100374,1.1021140392590687,3.5034864776363404,1.5589048356200748,2.2042280785181374,5.764643071634763,3.120648626623504,3.849812394334404,11.529286143269527,6.241297253247008,7.699624788668808,0.5678391959798995,-0.0021608040201005485,-0.0021608040201005485,0.44723618090452266,-0.0027638190954772934,-0.0027638190954772934,0.31658291457286436,-0.003417085427135591,-0.003417085427135591,0.36340206185567014,0.12916782762143586,0.172786226078544,0.3178294573643411,0.3919597989949749,0.12378937292981196,0.18828701101500833,0.398989898989899,0.36789297658862874,0.13750900329981408,0.204377959903423,0.3087248322147651,20.0,-11.0,-11.0,33.0,-18.0,-18.0,40.0,-21.0,-21.0,5.8212925606283606e-05,0.0007014326932057882,7.6274247814058e-05,-0.06487391980286983,-0.07991572112850065,-0.07257783308102361,0.06443298969072164,0.0755026118313402,0.2757731958762887,-0.6783026456832886
32,0,test,2.4582123166002816,1.1267626656969483,1.4579942731324924,4.104239947099148,1.8812469176173714,2.4342723767278174,11.683905734742075,7.897377179382325,8.965031138064454,19.507490191485665,13.185488770863,14.968047582935805,2.6145958719674187,1.2144367308526172,1.6633619453581379,4.053637010802199,1.8828476447327396,2.578855729237423,13.66169418853904,9.605848821297391,11.072791983992508,21.180921222541144,14.892788870228511,17.16711935502714,2.528844229184362,1.1315126496011525,1.5793141949928287,4.035389727421854,1.8056052919167325,2.520182226052386,12.539005541937803,8.494612128852172,9.954510792247104,20.009051396709257,13.555232120508784,15.884857647202823,0.6331658291457287,-0.0018341708542712887,-0.0018341708542712887,0.44723618090452266,-0.0027638190954772934,-0.0027638190954772934,0.3467336683417085,-0.003266331658291488,-0.003266331658291488,0.35978835978835977,0.0850195354818869,0.13495942528200588,0.3448275862068966,0.38190954773869346,0.09619526202440776,0.1582033707770908,0.3737373737373737,0.3612040133779264,0.07906711855321857,0.13762225586958376,0.3489932885906041,22.0,-8.0,-8.0,35.0,-16.0,-16.0,42.0,-12.0,-12.0,0.000524310612152529,0.0003553605229249161,0.00034710130509804307,-0.01968693342706551,-0.024663420429117622,-0.024639394485720167,0.1111111111111111,0.04582548440818669,0.1746031746031746,-1.3028843402862549
175,0,test,2.2471053928716005,1.0465736615825298,1.4310598002996464,3.7876467189124403,1.7640700378220995,2.4121471891648683,9.460312277936005,6.138429475703182,7.198773192916509,15.945990282912751,10.346734219355362,12.134014608678859,2.720795824116021,1.2685420481260834,1.742503650862973,4.388380361477453,2.0460355614936825,2.8104897594564076,15.192407919883326,10.919674464180876,12.532498224128313,24.503883741747302,17.612378168033672,20.213706813110182,2.3974902098797304,1.1139556268430606,1.5337061196038162,3.8257822498080802,1.7775887662389263,2.447403382346515,10.995545210190949,7.386170369456249,8.6234251622721,17.5460827822196,11.786442078919546,13.760784833412927,0.6080402010050252,-0.001959798994974782,-0.001959798994974782,0.48743718592964824,-0.002562814070351749,-0.002562814070351749,0.3668341708542714,-0.0031658291457286047,-0.0031658291457286047,0.3711656441717791,0.1261426732682569,0.18443095029422807,0.3292307692307692,0.40703517587939697,0.10878956184430921,0.1950151424904153,0.40909090909090906,0.3712374581939799,0.10746450326910517,0.17546437699264505,0.3523489932885906,20.0,-5.0,-5.0,29.0,-5.0,-5.0,37.0,-4.0,-4.0,0.0011694915768220061,6.31830533876919e-06,0.000579411153045443,-0.03727499793152411,-0.039443207125859914,-0.047400644315173324,0.07668711656441718,0.13526472431166514,0.4938650306748466,-1.062046766281128
18,0,test,2.8788017205159884,1.3711073664833933,1.8591144392906842,4.619873419750209,2.200339965374547,2.9834890402988226,17.79293948595491,13.27663370742601,15.020611816473764,28.55393881578393,21.306214572396232,24.104933933023766,2.9881661710369465,1.4015488627465342,1.9192823227784392,4.527524501571131,2.123558882949294,2.9080035193612717,19.849248967697534,14.96205988599807,16.937121658319818,30.074619648026566,22.669787706057683,25.662305542908815,2.8790565212778376,1.3711297181253068,1.8593555310012522,4.6202823215716196,2.2003758350753424,2.9838759419660814,17.797473718129847,13.280118006274055,15.025108042405996,28.56121530813652,21.31180614180507,24.112149433322198,0.6783919597989949,-0.0016080402010050232,-0.0016080402010050232,0.542713567839196,-0.0022864321608039306,-0.0022864321608039306,0.4120603015075377,-0.0029396984924623393,-0.0029396984924623393,0.4269662921348315,0.1316391893310932,0.20031622986833086,0.4398496240601504,0.4120603015075377,0.10128335915164799,0.18000687913692004,0.4444444444444444,0.4269662921348315,0.1297700304525885,0.20031622986833086,0.4398496240601504,23.0,-1.0,-1.0,34.0,-2.0,-2.0,43.0,-3.0,-3.0,0.00033758758969785254,0.0003747422634516174,0.00010954342052127659,-0.00016252502302549487,0.00022759863213561715,7.184004964067014e-05,0.09363295880149813,0.1398870655685527,0.3595505617977528,-0.5547568798065186
303,0,test,2.6681703309208746,1.200585386373564,1.6742014061937907,4.014961069385697,1.8065951528287911,2.519274496939228,14.413572983195408,10.074828812937954,11.711635979080151,21.688995536617853,15.160218594706635,17.623223663758704,2.897482172819583,1.351647821222255,1.8388393034062744,4.139260246885119,1.9309254588889355,2.626913290580392,18.128443571009875,13.436558895170364,15.245987107234036,25.89777653001411,19.195084135957664,21.77998158176291,2.7748171348615296,1.3026570370680135,1.7741500742027483,4.100714977627876,1.9251089217753896,2.6218966613833716,16.035694358055995,11.677054289637113,13.315598665818381,23.698070479885708,17.256730477296227,19.67822462928825,0.6733668341708543,-0.001633165829145744,-0.001633165829145744,0.5628140703517588,-0.0021859296482411583,-0.0021859296482411583,0.4522613065326633,-0.0027386934673366836,-0.0027386934673366836,0.43174603174603177,0.14014539783161017,0.2121050602571194,0.410828025477707,0.46733668341708545,0.1640785380536769,0.2369527101282708,0.46464646464646464,0.4481605351170569,0.15266804763792496,0.2256911246609946,0.4295302013422819,18.0,-4.0,-4.0,30.0,-2.0,-2.0,43.0,-9.0,-9.0,0.0007935181962322528,0.00017333122652475047,0.0003303769903467267,-0.016229858704352118,-0.018934223171570785,-0.021037381113695908,0.08253968253968254,0.1098543471519148,0.8603174603174604,-1.0934169292449951
413,0,test,2.3854985904753714,1.0873583139560095,1.494455319842114,3.813940860221103,1.7384710768039193,2.3893387448972723,10.864478240101619,7.201999108321921,8.426806763883274,17.37015383297684,11.514573424682354,13.472798838064875,2.666534417197278,1.2373308784817398,1.7022323099543595,3.836740168629177,1.780332199254302,2.4492551222364884,14.390012897734023,10.214640552908232,11.767056422495394,20.705054529113703,14.69732453655861,16.93101643524517,2.385164935263729,1.0870246587443673,1.494246888147353,3.813407411469555,1.7379376280523715,2.3890055038044506,10.86085385499615,7.198374723216453,8.42348761346138,17.364359157389057,11.50877874909457,13.46749217242029,0.6331658291457287,-0.0018341708542712887,-0.0018341708542712887,0.4773869346733668,-0.0026130653266331905,-0.0026130653266331905,0.371859296482412,-0.003140703517587995,-0.003140703517587995,0.39473684210526316,0.11893946874691419,0.18223684210526314,0.37735849056603776,0.4120603015075377,0.1213334844649312,0.19002357362773803,0.40909090909090906,0.39473684210526316,0.11893946874691419,0.18223684210526314,0.37735849056603776,18.0,-4.0,-4.0,28.0,-3.0,-3.0,41.0,-10.0,-10.0,0.0006698036575628409,0.0007485185769199507,6.987076525038696e-05,-0.011263504551294545,-0.009824602682923178,-0.00987764449063544,0.09398496240601503,0.14482705269451854,0.8984962406015038,-0.9822776317596436
183,0,test,2.344335275369161,1.0734877145163013,1.4772623120401753,4.372257200688496,2.0020875166438996,2.755139526749775,10.426339778692867,6.8624678977553195,8.04640528575481,19.445443513635777,12.79871313446391,15.00679268018075,2.930132086181642,1.3625108017960752,1.8703203498157484,4.966325569799393,2.309340342027246,3.1700344912131326,18.730104321251844,13.934876188664521,15.844276679527809,31.7459395275455,23.61843421807546,26.85470623648781,2.351805435305131,1.0778999042623099,1.4845193111534662,4.355195250565058,1.9961109338190925,2.7491098354693815,10.504517842156163,6.92973106704095,8.124075986350647,19.45281081880771,12.832835309335092,15.044585159908603,0.6582914572864322,-0.0017085427135676845,-0.0017085427135676845,0.5226130653266332,-0.002386934673366814,-0.002386934673366814,0.4321608040201005,-0.002839195979899567,-0.002839195979899567,0.3927392739273927,0.12750039419098413,0.20174037162223357,0.3410596026490066,0.4371859296482412,0.13392778428483265,0.21181030360483555,0.4292929292929293,0.3913043478260869,0.12586194381940907,0.1999806548338734,0.3422818791946308,18.0,-6.0,-6.0,30.0,-13.0,-13.0,37.0,-13.0,-13.0,0.0021567426446188554,0.00023081648685945104,0.0003518813365876495,-0.04183257360158965,-0.03363780220770707,-0.04020789441234829,0.08250825082508251,0.22262642240445074,0.7722772277227723,-1.1252365112304688
140,0,test,2.7739622297962314,1.3072959440519307,1.7763467284035839,4.2024697253799195,1.9805142146415475,2.691112109497645,16.02199121999938,11.687231045021585,13.310183409064285,24.272836997963132,17.705805116110547,20.164529356247094,2.722387212079274,1.2467073096382737,1.7239409023014562,3.861542144793297,1.7683791626074807,2.4453062443992293,15.216604182694104,10.842595521350109,12.502542442928876,21.583835720133482,15.379568115390226,17.734102755927484,2.7737209478998284,1.306880137199639,1.7761069886730498,4.202104190530878,1.9798842797096325,2.690748910983722,16.018125869911916,11.682609105085813,13.306322241031047,24.266981108309672,17.69880301548929,20.15867980228057,0.6984924623115578,-0.0015075376884421399,-0.0015075376884421399,0.5276381909547738,-0.002361809045226204,-0.002361809045226204,0.35678391959798994,-0.0032160804020100464,-0.0032160804020100464,0.4087301587301587,0.085957881502436,0.16730535661934076,0.4701195219123506,0.40201005025125625,0.07619551391040413,0.1549315861444115,0.4797979797979798,0.4087301587301587,0.08793807952223798,0.16730535661934076,0.4701195219123506,20.0,-9.0,-9.0,30.0,-12.0,-12.0,40.0,-18.0,-18.0,-0.00020141715164570057,-0.00010922517842608269,-0.0001560394497580862,-5.857619511928647e-05,-0.00012331829868550415,0.00012440840417138332,0.14285714285714285,0.07103493634881056,0.07539682539682539,-0.5261378288269043
393,0,test,1.9125384697081702,0.8218525252787288,1.1720152821774952,3.056401190825497,1.3133911169526096,1.8729813600348488,6.7702530861780925,3.79393812699594,4.673220717452237,10.819447515710445,6.063039877591598,7.468209184827977,2.257324920076696,0.9890007295664296,1.3741536716706093,3.295364846827293,1.4437966854984372,2.0060637542636632,9.557487895321758,6.002597646235848,7.138930491240252,13.95253707346242,8.762916271877149,10.42179633757701,1.97644084500627,0.8666930221656808,1.2209390301305127,3.153894965435537,1.383020780051618,1.9483069629742222,7.217010759949759,4.183417464920275,5.088331301551774,11.516506531834722,6.67566616742597,8.119677608859213,0.592964824120603,-0.0020351758793969443,-0.0020351758793969443,0.40201005025125625,-0.002989949748743781,-0.002989949748743781,0.3015075376884422,-0.0034924623115578646,-0.0034924623115578646,0.35435435435435436,0.11447429438433931,0.1625461625461625,0.34036144578313254,0.3668341708542714,0.0861324164683065,0.15147523930168372,0.4191919191919192,0.35451505016722407,0.1141143823875913,0.1665283983318514,0.3523489932885906,14.0,-3.0,-3.0,23.0,-4.0,-4.0,29.0,-2.0,-2.0,0.000601170785269905,0.00022637367587653205,0.0004074950164057454,-0.08126846816817945,-0.08329884397503484,-0.09553463961049058,0.07807807807807808,0.13311357655494793,0.6786786786786787,-1.2801737785339355
202,0,test,1.8861762726011968,0.8535186293849086,1.184248338215435,3.85808783032063,1.745833560105495,2.4223261463497536,6.594106348570819,3.7855863794302804,4.57646751311501,13.487944803894859,7.743244867016483,9.360956276826158,2.4773309231746024,1.1049821570826162,1.5314284190402285,4.346194602060706,1.9385651878642385,2.6867165246319797,11.909434762519304,7.964829985192732,9.334298361108656,20.89374519740229,13.97338593893462,16.375962037032732,1.9209473646531625,0.8836804577601609,1.2155022599304244,4.001973676360755,1.841000953667002,2.5322963748550507,6.827423466116455,4.005928408065467,4.802675756966357,14.223798887742616,8.345684183469722,10.00557449367991,0.5979899497487438,-0.0020100502512562235,-0.0020100502512562235,0.4522613065326633,-0.0027386934673366836,-0.0027386934673366836,0.3316582914572864,-0.0033417085427135396,-0.0033417085427135396,0.3407643312101911,0.11182951404007979,0.16173890748137754,0.30670926517571884,0.39698492462311563,0.11127063890882993,0.17828709490692196,0.41414141414141414,0.34448160535117056,0.1140976320623559,0.16539372993404045,0.3120805369127517,21.0,-12.0,-12.0,31.0,-17.0,-17.0,37.0,-18.0,-18.0,0.0016945853367826569,0.000215936425351031,0.0004896093421721711,-0.08435445486901028,-0.07490898091149312,-0.08996630341328782,0.1305732484076433,0.12108477161765559,0.7261146496815286,-1.1225205659866333
65,0,test,2.342904731201401,1.099045867369961,1.5062063685136713,4.547084840160614,2.133016650487753,2.923229465207454,10.41143510257194,6.942461134392028,8.102703318176452,20.206403653017908,13.473855491089791,15.725641308302983,2.606326200885515,1.1885908122745852,1.644175762877697,4.3438770014758585,1.9809846871243089,2.740292938129495,13.549182330407332,9.421420259688269,10.931863522548701,22.581970550678886,15.702367099480448,18.219772537581168,2.342950446010177,1.0990916749132733,1.5063057474509787,4.547173562980277,2.133105553285629,2.9234223388028857,10.411911070216037,6.942937423729805,8.103303178575445,20.207327406011387,13.474779868422974,15.726805511051026,0.6381909547738693,-0.0018090452261306789,-0.0018090452261306789,0.48743718592964824,-0.002562814070351749,-0.002562814070351749,0.371859296482412,-0.003140703517587995,-0.003140703517587995,0.36734693877551017,0.09060670108450852,0.1558084772370486,0.38566552901023887,0.4120603015075377,0.10378962481580833,0.18501522638232903,0.4494949494949495,0.36734693877551017,0.09060670108450852,0.1558084772370486,0.38566552901023887,22.0,-6.0,-6.0,35.0,-11.0,-11.0,40.0,-6.0,-6.0,0.0013625819540454762,-7.455147850424373e-05,0.00010617729282813373,-0.006014682009872985,-0.004115081781565166,-0.004831985228107349,0.08503401360544217,0.16423377664975752,0.9013605442176871,-0.5327332019805908
16,0,test,2.2507289180293917,1.0470008152759467,1.4183454660325656,4.212594231605814,1.9596271943667456,2.654657289365765,9.49465413919927,6.162136377984281,7.1958628646335585,17.770743041282056,11.533410333125659,13.468192527389014,2.6202341969899714,1.209227264820772,1.6633989030153926,4.260543409739791,1.9662231948305235,2.7047136634396622,13.738940826916101,9.638858996417856,11.135496540298956,22.339741181977402,15.67294145759001,18.1064984395105,2.3583482005814056,1.1142500517711558,1.5197063488395237,4.186416924109004,1.9779586717831168,2.6977035778216396,10.573471765425067,7.103667624562723,8.260248623038798,18.769476506671715,12.610060872004833,14.663163236163545,0.5879396984924623,-0.002060301507537776,-0.002060301507537776,0.44723618090452266,-0.0027638190954772934,-0.0027638190954772934,0.3517587939698492,-0.0032412060301507672,-0.0032412060301507672,0.3553008595988538,0.09349828449155773,0.16272998960862894,0.3275862068965517,0.37688442211055273,0.09868893338874818,0.16653383780337405,0.38888888888888884,0.34448160535117056,0.07903920134449272,0.1442591359407145,0.3355704697986577,22.0,-6.0,-6.0,32.0,-10.0,-10.0,40.0,-10.0,-10.0,0.00036096373408988903,0.00031115005889926025,0.00040383223675176166,-0.030938294084773332,-0.04314309103852132,-0.04262909977465146,0.12034383954154727,0.06706871244744374,0.670487106017192,-1.231818437576294
124,0,test,3.092886344429862,1.4669676233585458,1.9942679066601983,4.793069481133997,2.273370878304179,3.090532136052354,22.040603025848466,16.957516194217714,19.040584578487085,34.156490069297334,26.279191762968978,29.507338674263618,3.1536607104435688,1.4825967294400537,2.0220620315751203,4.570522768758796,2.148690912231962,2.930524683442204,23.42164770821635,18.103824857510222,20.321038289452613,33.9444169684295,26.237427329724966,29.450780129641473,3.092680147180841,1.4668950747627034,1.9940319130634412,4.792749935689607,2.273258449193663,3.090166414981356,22.036058782659094,16.95365125334245,19.035950944373088,34.14944782107988,26.273202234711984,29.50015789625069,0.6482412060301508,-0.0017587939698492372,-0.0017587939698492372,0.542713567839196,-0.0022864321608039306,-0.0022864321608039306,0.4321608040201005,-0.002839195979899567,-0.002839195979899567,0.4053030303030303,0.1160780775620095,0.18993779100831998,0.4144486692015209,0.4120603015075377,0.11381468747244994,0.19670136995495002,0.43434343434343436,0.4053030303030303,0.1160780775620095,0.18993779100831998,0.4144486692015209,15.0,0.0,0.0,26.0,0.0,0.0,30.0,0.0,0.0,-0.00022468990553030932,0.0003389834083623247,0.00018475803073820303,-0.000141735257445319,-0.00018927773293242467,8.23537205478786e-05,0.10984848484848485,0.12088136696765717,0.25,-0.7226896286010742
272,0,test,2.1813278690329736,0.9303575140522675,1.3316835890111038,4.1268365089813015,1.7601358373961817,2.519401384615602,8.858060797374806,5.364329324474285,6.519246056567766,16.758493400438823,10.148731154410811,12.333708755668747,2.418328661894084,1.0901424930227102,1.500445507568097,4.318444039096578,1.9466830232548396,2.679366977800173,11.227079379857239,7.452887950457439,8.723095152282875,20.048356035459353,13.30872848295971,15.57695562907656,2.1813826797399156,0.9301533042288026,1.331966079605757,4.126940204913354,1.759749494486924,2.5199358262811624,8.858546327255244,5.363909788965314,6.520264026910476,16.759411970482894,10.147937438583028,12.335634645506307,0.5979899497487438,-0.0020100502512562235,-0.0020100502512562235,0.4170854271356784,-0.0029145728643216184,-0.0029145728643216184,0.2864321608040201,-0.003567839195979916,-0.003567839195979916,0.3584229390681004,0.09545335051711656,0.15460887470576434,0.34892086330935257,0.371859296482412,0.09115754209644711,0.15650036492982433,0.38383838383838387,0.3584229390681004,0.09545335051711656,0.15460887470576434,0.34892086330935257,17.0,-7.0,-7.0,25.0,-7.0,-7.0,32.0,-8.0,-8.0,0.000574306435089035,0.00044056372535377194,-6.493707984763793e-05,-0.01603702043015698,-0.015980860113972817,-0.014741480825261277,0.13620071684587814,0.04844036353175091,0.5698924731182796,-1.076007604598999
59,0,test,2.4059881237269516,1.0951338354052251,1.5158696048862783,4.342884223331039,1.9767510110773565,2.7361923056752318,11.089382552213431,7.3800413462988,8.653964275076934,20.01668422946701,13.32120670684123,15.62067765375522,2.5291839721151668,1.1717446989667863,1.6106098534560713,4.437164863359942,2.055692454327695,2.8256313218527565,12.543266304170938,8.65703732578254,10.037551314926223,22.00573035819463,15.18778478207463,17.609739148993373,2.406127690649202,1.0956729712334181,1.5158329697746913,4.343136146014597,1.9777241682012012,2.73612617814677,11.090930371215556,7.383071006639764,8.655082930616755,20.0194780914394,13.326675339029006,15.622696862182444,0.6180904522613065,-0.0019095477386934512,-0.0019095477386934512,0.4522613065326633,-0.0027386934673366836,-0.0027386934673366836,0.31155778894472363,-0.003442211055276312,-0.003442211055276312,0.37412587412587417,0.0948937624330295,0.16017238575378112,0.368421052631579,0.3668341708542714,0.08362615080414604,0.14646689205627472,0.3737373737373737,0.37412587412587417,0.0948937624330295,0.16017238575378112,0.368421052631579,21.0,-4.0,-4.0,31.0,-7.0,-7.0,37.0,-5.0,-5.0,0.0003111623560534329,0.00017494874627883841,0.0001283817452790012,-0.01003459840845533,-0.007131298181388246,-0.008722765515297048,0.09090909090909091,0.17500451222794824,0.7902097902097902,-0.6607356071472168
486,0,test,2.570508507026617,1.2172255105651122,1.6631219085254898,4.439969239409611,2.102480427339739,2.8726651147258457,13.072470194034187,9.202359938408954,10.594631716470765,22.57972124424087,15.89498534816092,18.299818419358594,2.594990297507065,1.1874232820935375,1.6434885514110942,3.9922927653954843,1.826805049374673,2.528443925247837,13.396457381744181,9.310455261035687,10.806861725882394,20.609934433452587,14.323777324670289,16.625941116742148,2.594057367439548,1.2202237497277666,1.6742759624064298,4.446955487039225,2.091812142390457,2.870187364125308,13.383965251902364,9.433498971128229,10.875223320268455,22.943940431832623,16.171712521934104,18.643239977603066,0.5778894472361809,-0.002110552763819218,-0.002110552763819218,0.46733668341708545,-0.002663316582914521,-0.002663316582914521,0.3266331658291457,-0.0033668341708542604,-0.0033668341708542604,0.40264026402640263,0.13081159845803358,0.19846902363123253,0.3841059602649006,0.3919597989949749,0.11376431027317035,0.18494811285140234,0.3787878787878788,0.4013377926421404,0.1258786941446446,0.19666593502256313,0.38590604026845643,20.0,-6.0,-6.0,32.0,-13.0,-13.0,38.0,-12.0,-12.0,0.00029960396372112516,0.00028527294063260234,0.00014624086372367655,-0.024076823360187127,-0.023325970890643255,-0.023077142468586054,0.08250825082508251,0.05122556989998526,0.06930693069306931,-0.8298661708831787
472,0,test,2.042924572098513,0.8688133341009678,1.2276381977584507,3.717280278096779,1.580881994523926,2.2337952773646035,7.713133861407709,4.477867577454393,5.453311126469114,14.034722954004748,8.147872447636086,9.922777462080397,2.2589782632581636,0.9959061788413579,1.4021165517631542,3.6731353874116484,1.6193596403924522,2.279864311810007,9.573302772872877,6.037034240104843,7.217546734158483,15.56634597215102,9.816315837568851,11.735848348225176,2.0940637242359896,0.9557647984106039,1.3226530997879158,3.673796007431561,1.6767803480887788,2.320444034715642,8.117836877079862,4.99638285548192,5.955021854386806,14.24181908259625,8.765583956985825,10.447406762082117,0.5979899497487438,-0.0020100502512562235,-0.0020100502512562235,0.42211055276381915,-0.0028894472361808976,-0.0028894472361808976,0.321608040201005,-0.0033919597989949812,-0.0033919597989949812,0.38068181818181823,0.12252578981302387,0.1812683284457478,0.3874643874643875,0.40703517587939697,0.12132089016511127,0.1849984479995973,0.4444444444444444,0.38795986622073575,0.1225174622140579,0.18662504975799943,0.3993288590604027,16.0,-4.0,-4.0,27.0,-9.0,-9.0,31.0,-5.0,-5.0,-0.0004098868198444426,0.0003035975615522529,0.0001413777572094178,-0.03227746016934585,-0.04563977940958086,-0.04652158575047327,0.07102272727272728,0.101787736622017,0.5909090909090909,-1.0895988941192627
54,0,test,2.8500253175776176,1.2853066890252358,1.7669224067362794,4.885757687275915,2.203382895471832,3.0290098401193357,17.28821953086683,12.506890113837589,14.334388711255254,29.636947767200276,21.440383052293008,24.57323779072329,3.0653557518086183,1.4246208290565145,1.9488222583505685,4.944122180336481,2.2977755307363137,3.1432617070170457,21.44208869232697,16.28312913620264,18.387840432772457,34.58401401988221,26.263111510004258,29.657807149632998,2.8500981264617287,1.2853217658176113,1.7667785495383788,4.885882502505821,2.2034087414016197,3.028763227780078,17.28947831266383,12.507872851517842,14.33500742876404,29.63910567885228,21.44206774545916,24.57429844930978,0.6934673366834171,-0.0015326633165829717,-0.0015326633165829717,0.5728643216080402,-0.0021356783919597166,-0.0021356783919597166,0.4120603015075377,-0.0029396984924623393,-0.0029396984924623393,0.41035856573705176,0.10021940072711144,0.17857048626685312,0.404,0.4120603015075377,0.09125829649500639,0.16999018464610194,0.4292929292929293,0.41035856573705176,0.10021940072711144,0.17857048626685312,0.404,17.0,-3.0,-3.0,32.0,-7.0,-7.0,40.0,-7.0,-7.0,0.00046087711087624156,0.00033076715802937386,0.00023509064781572449,-0.017801704525541417,-0.020039066247124815,-0.017037405486042267,0.11155378486055777,0.12690301522940983,0.00398406374501992,-0.4950673580169678
42,0,test,2.5223607451933105,1.1289609677434405,1.5806842644158232,4.285146947799999,1.917950734973231,2.685367017388245,12.457972073697084,8.42944919491547,9.893695296191753,21.16439573883766,14.320484711816622,16.808039167962125,2.8562118914692953,1.315857762022391,1.8095816685967832,4.533669668998882,2.088663114321256,2.872351854915529,17.39550590379999,12.729263471516948,14.54746822643948,27.611914133015855,20.205180113518963,23.091219407046793,2.522414020065145,1.129107277993774,1.580897492552063,4.28523745454249,1.91819929613715,2.685729262915152,12.458635788242123,8.430487687177266,9.894769142376372,21.16552329934315,14.322248968556831,16.80986348619622,0.728643216080402,-0.001356783919598037,-0.001356783919598037,0.48743718592964824,-0.002562814070351749,-0.002562814070351749,0.33668341708542715,-0.0033165829145728187,-0.0033165829145728187,0.37583892617449666,0.08940676537047654,0.14704428331735375,0.367003367003367,0.36180904522613067,0.07108222818352417,0.10972223387387692,0.4040404040404041,0.37583892617449666,0.0877317234944297,0.14816035474592526,0.367003367003367,20.0,-7.0,-7.0,30.0,-9.0,-9.0,37.0,-12.0,-12.0,0.0009991623626356776,-0.00012217163253149744,0.0001573439712009258,-0.008832176230047395,-0.007627847999214232,-0.009034834843594908,0.1174496644295302,0.11017461265399185,0.6677852348993288,-1.043642282485962
148,0,test,2.3794136580565786,1.1014190440400085,1.5168005709461967,3.741314896549489,1.7318365231944872,2.3849693187904015,10.7985693531705,7.209135051251764,8.429225439588508,16.979329443472036,11.335416297691918,13.253847895142458,2.4415235671359876,1.11298422786258,1.541460564064895,3.617071951312574,1.6488655227593776,2.283645280096141,11.490534013322577,7.715009415814401,9.030775934734296,17.023013353070482,11.429643578984296,13.378927310717472,2.3796397657929256,1.1015647496847694,1.5170250998552404,3.7416704212138763,1.7320656261490779,2.385322360956595,10.80101126930039,7.211288357753917,8.431663614930585,16.983169035281534,11.338802088836749,13.257681605055325,0.6432160804020101,-0.001783919597989958,-0.001783919597989958,0.4623115577889447,-0.002688442211055242,-0.002688442211055242,0.3065326633165829,-0.0034673366834171437,-0.0034673366834171437,0.39915966386554624,0.086790691119215,0.17150603258063002,0.4177215189873418,0.3919597989949749,0.0761703253107644,0.15990637662435725,0.4292929292929293,0.39915966386554624,0.086790691119215,0.17150603258063002,0.4177215189873418,24.0,-13.0,-13.0,32.0,-15.0,-15.0,42.0,-16.0,-16.0,-0.00019751401965666186,0.00015307296544640858,8.158058594257995e-05,-0.005636191917155031,-0.006074558225793503,-0.005654987631283248,0.13865546218487396,0.027205439152489297,0.004201680672268907,-0.578789472579956
196,0,test,2.434836432819063,1.1218772235994423,1.5336407160128624,4.004840252888186,1.8452734661389734,2.5225456585785335,11.41395161278426,7.696794313804954,8.951405753854846,18.773767406820014,12.659754581722904,14.723350447597316,2.664682895826878,1.1947858900067794,1.6566826057515553,4.099512147425966,1.8381321384719684,2.5487424703870083,14.363394131545148,10.01460691332184,11.623278036175261,22.09752943314638,15.407087558956677,17.8819662095004,2.4413869179916787,1.125131835616249,1.5357404395068501,4.024264150535734,1.8546129158509594,2.531440284901401,11.488963948958423,7.759535159491993,9.015433458432671,18.937852663118278,12.790442570591196,14.860604601812094,0.6683417085427136,-0.0016582914572863539,-0.0016582914572863539,0.48743718592964824,-0.002562814070351749,-0.002562814070351749,0.3467336683417085,-0.003266331658291488,-0.003266331658291488,0.37,0.08214642262895178,0.15935698447893565,0.3511705685618729,0.38190954773869346,0.08115766803944535,0.1481866762862728,0.38888888888888884,0.36789297658862874,0.08074773451851192,0.15765938370764987,0.3489932885906041,21.0,-12.0,-12.0,29.0,-15.0,-15.0,36.0,-16.0,-16.0,0.0014523717630844574,0.00037761496733597463,0.0002220496976888361,-0.04645093691450786,-0.045188509190220216,-0.04945449397846691,0.08333333333333333,0.10299578394867237,0.8766666666666667,-1.1293063163757324
485,0,test,1.7408167407282737,0.7997584513865366,0.9950274266513646,3.429926053514124,1.5757617012467406,1.960499583204174,5.701998575856076,3.1393065224116032,3.593893840651749,11.234630857379795,6.185366316434743,7.081038359303942,2.58030398358426,1.170341499798109,1.6143176224676314,3.8226725682729774,1.733839258960161,2.391581662915009,13.201150482827398,9.105348740612651,10.573772560610372,19.557259974559106,13.489405541648372,15.664848237941289,2.074692570077025,0.9693847715678399,1.322932148354801,3.6186498315296944,1.690787392269488,2.3074397936420947,7.96209829546899,4.941944370836807,5.841368183734206,13.887380747911028,8.619670414250244,10.188432878606172,0.6130653266331658,-0.001934673366834172,-0.001934673366834172,0.44723618090452266,-0.0027638190954772934,-0.0027638190954772934,0.37688442211055273,-0.003115577889447274,-0.003115577889447274,0.3148614609571788,0.09599353642887698,0.13402079624554641,0.2777777777777778,0.4120603015075377,0.12383975012909154,0.18835412454593503,0.4292929292929293,0.3411371237458194,0.10741425229339874,0.16316159538096953,0.33221476510067116,18.0,-3.0,-3.0,30.0,-8.0,-8.0,40.0,-10.0,-10.0,0.00027308690514429477,0.0016818413053107295,8.182873588595226e-05,-0.1087571657665265,-0.14864617076846098,-0.12500093228224962,0.07304785894206549,0.11400658323601073,0.45591939546599497,-1.512966513633728
64,0,test,2.616442289167876,1.1895761576205615,1.6466439558085826,4.5968433588695286,2.089973580791926,2.89299877318856,13.68694267812566,9.521318481414802,11.04953015053075,24.04667277151359,16.728062304364126,19.412986673308165,3.0773217222894202,1.41221505512945,1.9359220163774167,4.884637654427651,2.2416111986181746,3.072892089487963,21.700205320794584,16.413968233208784,18.569057335066866,34.44477035046759,26.05391783049013,29.47469418264582,2.5627309684813806,1.1369908115023761,1.5909170752735076,4.4960192429497905,1.994720721933993,2.791082588199136,12.971192907739887,8.81025645829829,10.328459156529329,22.756478785508577,15.4565902777163,18.12010378338479,0.6432160804020101,-0.001783919597989958,-0.001783919597989958,0.4974874371859297,-0.002512562814070307,-0.002512562814070307,0.4120603015075377,-0.0029396984924623393,-0.0029396984924623393,0.35962145110410093,0.09347971882063633,0.14346195477671375,0.3607594936708861,0.4120603015075377,0.1313585471215728,0.19169302270954103,0.4242424242424242,0.35785953177257523,0.0940865768477005,0.14095185657791454,0.3523489932885906,22.0,-7.0,-7.0,36.0,-15.0,-15.0,43.0,-13.0,-13.0,0.001925019357559341,-0.00020873585553670017,0.00032429738184146337,-0.007936945894132741,-0.007788029317985945,-0.007606436666113048,0.08201892744479496,0.14969939535330395,0.416403785488959,-0.8432583808898926
234,0,test,2.1687183094373803,1.0147327673650826,1.3895286989795665,3.9009650094282438,1.825242587839079,2.499403823321736,8.7470658214197,5.576260684429619,6.567360682105027,15.73371588003795,10.030255067590385,11.812988396742377,2.1919425979630702,0.9913499441632849,1.3701349412823927,3.3722193814816466,1.5251537602512077,2.1078999096652193,8.952587511765342,5.630502325927111,6.677979678228548,13.773211556562066,8.662311270657096,10.27381488958238,2.16834866369873,1.0143631228146053,1.3891448116619154,3.900300112061867,1.8245776926099193,2.498713309027093,8.743833103330163,5.573027970107548,6.564096921351503,15.727901053788846,10.02444024811798,11.80711773274547,0.5125628140703518,-0.0024371859296482556,-0.0024371859296482556,0.3869346733668342,-0.0030653266331658324,-0.0030653266331658324,0.31658291457286436,-0.003417085427135591,-0.003417085427135591,0.3789473684210526,0.13026085353488792,0.18408155745255783,0.3943661971830986,0.371859296482412,0.12123273006637192,0.17820320299326342,0.38888888888888884,0.3789473684210526,0.13026085353488792,0.18408155745255783,0.397887323943662,21.0,-10.0,-10.0,32.0,-13.0,-13.0,38.0,-14.0,-14.0,-2.3120977647667205e-06,0.00010051374766919429,3.74896283472114e-05,-0.004962792658078641,-0.004085577951486563,-0.00480529709353128,0.08771929824561403,0.0725298262269802,0.0035087719298245615,-0.8087413311004639
300,0,test,2.4952790037384625,1.1885661892235082,1.6204428401288626,4.001862553165458,1.9061910581886448,2.598823422848176,12.12511599939823,8.431105165848518,9.726633696306333,19.445940753751877,13.52158375654951,15.599318192189402,2.599340410679973,1.2210882703131878,1.6743888401011304,3.661042831943624,1.7198426342439264,2.358294140987508,13.45486042529629,9.486900299749518,10.93311429460087,18.950507641262384,13.361831408097915,15.39875252760686,2.4807441504090337,1.161779335026289,1.5978629592774563,3.7398153021241716,1.751426133205461,2.4088386320765673,11.950153821766591,8.210605571684663,9.532297836123279,18.01530726899486,12.377797344248235,14.370298245411977,0.5678391959798995,-0.0021608040201005485,-0.0021608040201005485,0.457286432160804,-0.0027135678391959628,-0.0027135678391959628,0.3517587939698492,-0.0032412060301507672,-0.0032412060301507672,0.38053097345132747,0.11248973633792536,0.17542793125309386,0.39349112426035504,0.3919597989949749,0.12880190425813276,0.19496480734222033,0.4191919191919192,0.3812709030100334,0.11248960083974957,0.1743743512858955,0.3959731543624161,22.0,0.0,0.0,29.0,0.0,0.0,42.0,0.0,0.0,-0.00038070613109000736,0.00015690212948584243,-6.973417761541074e-05,-0.012222119202304427,-0.014783734641037327,-0.012394272255527028,0.07374631268436578,0.09902074871601699,0.0029498525073746312,-0.8587510585784912
391,0,test,2.098515463327204,0.9381842778624236,1.3109234301410662,4.212020322821031,1.8830698719952932,2.6312105990688543,8.154055927908184,4.963066017295994,5.955958824267367,16.366355112444282,9.9615825061441,11.954460211565214,2.1482907938086955,0.9619468525685588,1.3435163325364243,3.905983261470355,1.7489942773973794,2.442756968248044,8.570197636754353,5.2951122493404235,6.334005542733479,15.582177521371548,9.627476816982586,11.516373714060869,2.0985800842769136,0.9381960023012827,1.3109696003170597,4.212150026298662,1.8830934046190033,2.6313032692078124,8.154582867771722,4.963424160462765,5.956445207164489,16.36741275602753,9.96230135064312,11.95543645152301,0.5678391959798995,-0.0021608040201005485,-0.0021608040201005485,0.3668341708542714,-0.0031658291457286047,-0.0031658291457286047,0.27638190954773867,-0.0036180904522613577,-0.0036180904522613577,0.3571428571428571,0.09511077158135972,0.15167967424499484,0.37275985663082434,0.3467336683417085,0.07856324227654554,0.1347136349527268,0.3737373737373737,0.3571428571428571,0.09511077158135972,0.15167967424499484,0.37275985663082434,16.0,-3.0,-3.0,27.0,-12.0,-12.0,30.0,-6.0,-6.0,-0.00010040099991379197,-0.00023682667150201598,-7.894387568341762e-05,-0.02962810985397546,-0.02763352242703121,-0.03025456369113133,0.08928571428571429,0.14818707361842248,0.0035714285714285713,-1.002725601196289
215,0,test,2.547563514871735,1.1839618938710403,1.6178871078956336,4.222673771225752,1.96245738573145,2.6817032884297487,12.775937448333613,8.865686234480458,10.242248287521628,21.17655385271736,14.69517855304295,16.976877298494752,2.5778484002830964,1.1859285565152757,1.6268204901829648,4.124557440452954,1.8974856904244413,2.6029127842927435,13.168773726325943,9.14620838477419,10.58040482343776,21.07003796212151,14.633933415638705,16.928647717500418,2.547518564828593,1.1839169438278985,1.617796794050503,4.22259926498986,1.962382879495558,2.6815535901385052,12.77536318230087,8.865111968447716,10.241559081108447,21.17560198710144,14.694226687427033,16.975734915261945,0.6482412060301508,-0.0017587939698492372,-0.0017587939698492372,0.46733668341708545,-0.002663316582914521,-0.002663316582914521,0.31155778894472363,-0.003442211055276312,-0.003442211055276312,0.36929460580912865,0.07736913997061934,0.13894977822292176,0.4291666666666667,0.37688442211055273,0.08365133940378577,0.14149210157632908,0.4494949494949495,0.36929460580912865,0.07736913997061934,0.13894977822292176,0.4291666666666667,23.0,-9.0,-9.0,33.0,-11.0,-11.0,40.0,-11.0,-11.0,9.17380540543014e-06,-5.0041248386386075e-05,-0.0001568347271325122,-0.005656981682736095,-0.006091048084353012,-0.005668579359143777,0.6887966804979253,0.03552411536222094,0.29045643153526973,-0.6593217849731445
487,0,test,2.198412090335168,1.0259334343413777,1.4072099303487178,4.29911697665544,2.006269827156472,2.7518771971263813,9.01069396534526,5.78070520973339,6.8046471112714535,17.620912643341843,11.304490187923076,13.306865462041955,2.294298752885148,1.0435342743296938,1.4462437218053048,3.855964290563274,1.7538391165204938,2.4306617173198406,9.917478969753294,6.424466699763201,7.582378235776256,16.668031881938308,10.797423024812101,12.743492833237404,2.198306201403156,1.0258078013162815,1.40715483428886,4.298909904966171,2.0060241447962834,2.7517694537204367,9.009739883098849,5.779687353658751,6.803805077635208,17.619046882504417,11.302499713821561,13.30521881848663,0.5829145728643217,-0.002085427135678275,-0.002085427135678275,0.40703517587939697,-0.00296482412060306,-0.00296482412060306,0.31155778894472363,-0.003442211055276312,-0.003442211055276312,0.3650190114068441,0.07469643076168286,0.14883696336638896,0.3740458015267175,0.37688442211055273,0.09117013639626703,0.15985604147616206,0.4040404040404041,0.3650190114068441,0.07469643076168286,0.14883696336638896,0.3740458015267175,14.0,-1.0,-1.0,21.0,-2.0,-2.0,27.0,-3.0,-3.0,0.00017317950015863367,7.143903867390733e-05,-2.5427509940569984e-05,-0.00013480533558407615,-0.00018378111340844328,8.585827751517172e-05,0.12547528517110265,0.06831855259283506,0.0038022813688212928,-0.6787641048431396
40,0,test,2.302218445666173,1.0068064554850045,1.427507178557188,3.938386271831441,1.7223355716473034,2.442024858915441,9.99633419879045,6.343833740261228,7.598151439038649,17.100647182836493,10.85234451164185,12.998095543512658,2.4481365272221955,1.095200534405666,1.5226298355740937,3.766363888034147,1.6849238990856397,2.342507439344759,11.566772258525624,7.698004712289549,9.043625864799933,17.795034243885574,11.843084172753152,13.913270561230664,2.3020862754979183,1.0065537320297377,1.4274859786561196,3.938160169405244,1.7219032396986709,2.4419885924180162,9.995013068926365,6.34207226291892,7.597096421390631,17.098387136779692,10.849331166754379,12.996290733448122,0.6381909547738693,-0.0018090452261306789,-0.0018090452261306789,0.457286432160804,-0.0027135678391959628,-0.0027135678391959628,0.2864321608040201,-0.003567839195979916,-0.003567839195979916,0.3763837638376384,0.08724932553192932,0.14693591107690218,0.3555555555555555,0.371859296482412,0.0761199481114847,0.14147532319359735,0.3737373737373737,0.3726937269372693,0.08355928863156026,0.14324587417653312,0.3555555555555555,19.0,-10.0,-10.0,28.0,-17.0,-17.0,35.0,-18.0,-18.0,0.0003709288774617872,0.0003568373303978554,-0.00010711235589620129,-0.01392962641254325,-0.015214442690910879,-0.01226892154152548,0.0996309963099631,0.05068559359284122,0.4907749077490775,-0.7344715595245361
320,0,test,1.9826325862692697,0.905496182296655,1.1847580025311637,3.5763276795383474,1.633359142228894,2.137099363417458,7.2618352508873025,4.3255760105479535,5.041019500012299,13.099099950165133,7.802594047734825,9.093130868443236,2.4141289547610105,1.1000752893946626,1.5146364910332912,3.893756378646791,1.7743149828946168,2.44296208231176,11.180027805075339,7.45880001336023,8.721672714977949,18.032302911411836,12.03032260219392,14.067214056416045,2.08652885665928,0.9675347270196417,1.315382290208403,3.781043200855301,1.7532902022961991,2.3836321501352273,8.056899915473661,4.995127008230599,5.894655925987545,14.600079240767423,9.05177560885424,10.681831041638036,0.5326633165829145,-0.0023366834170853723,-0.0023366834170853723,0.42211055276381915,-0.0028894472361808976,-0.0028894472361808976,0.3517587939698492,-0.0032412060301507672,-0.0032412060301507672,0.35106382978723405,0.10670792009267893,0.152627857157713,0.32799999999999996,0.37688442211055273,0.12625785569451264,0.17321163413058616,0.4040404040404041,0.37583892617449666,0.12290760289141456,0.18052642617449666,0.35016835016835013,19.0,-4.0,-4.0,28.0,-4.0,-4.0,39.0,-7.0,-7.0,-0.000201298927163586,0.00047131298499333065,3.0339972820565977e-05,-0.016229166678006557,-0.024786514692936024,-0.020164275034802337,0.06648936170212766,0.1673409395272859,0.5026595744680851,-1.0106806755065918
246,0,test,2.4797900038340255,1.1590147814452931,1.5888966579629176,4.059180065799744,1.8971968148658074,2.600872505594061,11.938757061381304,8.192432574926098,9.501451025084299,19.542608284999158,13.41023189348022,15.55297042796537,2.5241408982525577,1.1500166148782662,1.588021201256267,3.8244559064432693,1.7424494164822217,2.4060927291761622,12.480168921827929,8.52855420925831,9.93010175948729,18.909346851254437,12.922051832209558,15.045608726495892,2.4798143177271212,1.1590253177980032,1.5888677391640371,4.059219865327132,1.8972140618717308,2.600825168274465,11.93904734257311,8.192671240625426,9.50161155846124,19.543083447664316,13.410622566499955,15.55323320581453,0.592964824120603,-0.0020351758793969443,-0.0020351758793969443,0.46733668341708545,-0.002663316582914521,-0.002663316582914521,0.3467336683417085,-0.003266331658291488,-0.003266331658291488,0.3905109489051095,0.11364391793971784,0.17813230812841052,0.4065934065934066,0.39698492462311563,0.11628317023715073,0.17995654398872496,0.4292929292929293,0.3941605839416058,0.11547205935144189,0.1817819431649068,0.4065934065934066,21.0,-9.0,-9.0,31.0,-11.0,-11.0,40.0,-10.0,-10.0,3.4505136821028597e-05,-0.00010663435806669966,3.268080781820253e-05,-0.000211034476049754,0.00020048395678795572,4.730815085896012e-05,0.09124087591240876,0.13172059768345307,0.0036496350364963502,-0.9078757762908936
499,0,test,1.9483398557032403,0.8578015598238213,1.1654975475439504,3.8753863796501613,1.7062282392124097,2.318257416972666,7.01702862544037,4.041153082405975,4.829347123421086,13.957368413444234,8.03814055735396,9.605914496859427,2.2850700880839985,1.0015362927951152,1.407039073965554,3.488656623029005,1.5290630424352902,2.148151257962678,9.826374911672895,6.217002914214116,7.4202175623902065,15.002099101790678,9.49160750261697,11.328576431130085,1.9186367177903738,0.8737406452704317,1.20498084460225,3.7134904215297553,1.6911109263298676,2.3322209895527415,6.811665913584119,3.968562881820584,4.770225031688325,13.18386951016281,7.681089448685,9.232693609719338,0.5276381909547738,-0.002361809045226204,-0.002361809045226204,0.40201005025125625,-0.002989949748743781,-0.002989949748743781,0.29145728643216084,-0.0035427135678391952,-0.0035427135678391952,0.3471074380165289,0.11739629633839954,0.15844663645250145,0.3259668508287292,0.37688442211055273,0.128764121358673,0.17655053229419215,0.3737373737373737,0.3511705685618729,0.12412549343666424,0.17764442840614436,0.3221476510067114,13.0,0.0,0.0,21.0,0.0,0.0,28.0,-2.0,-2.0,0.001085914355669761,0.0003360631836123845,0.0004659570596428852,-0.09118074729820602,-0.09489522458100552,-0.10235979199778988,0.07713498622589532,0.11155824791871376,0.29201101928374656,-1.314731478691101
13,0,test,2.4883366615364477,1.159409944484232,1.5829246695700265,4.786723959596831,2.2303153130536373,3.0450153948980665,12.041230811642235,8.264243376484535,9.568280262672484,23.163283698731625,15.897628479954982,18.40615745185852,2.421861010861501,1.1042127040274707,1.5240406189327078,4.484927797891668,2.0448383407916126,2.8222974424679776,11.266807467537644,7.532179125434227,8.81255948900854,20.86445827321786,13.948479861915235,16.319554609275077,2.488218078901168,1.1593414617116045,1.5827069493466295,4.786495846435835,2.2301835752009493,3.044596574315654,12.039803015418173,8.26300480207218,9.56660729194266,23.160537098361672,15.895245878795336,18.402939218088168,0.5376884422110553,-0.0023115577889447625,-0.0023115577889447625,0.40703517587939697,-0.00296482412060306,-0.00296482412060306,0.3065326633165829,-0.0034673366834171437,-0.0034673366834171437,0.3944223107569721,0.13398493501144526,0.1917733041344556,0.404,0.3919597989949749,0.13381443558645356,0.18661756193320533,0.398989898989899,0.3944223107569721,0.13398493501144526,0.19044880082319726,0.404,19.0,-3.0,-3.0,28.0,-3.0,-3.0,33.0,-1.0,-1.0,-0.00012221254814333813,-0.00015328095189805655,-2.598340679708436e-05,-0.0076191784357382275,-0.008611563802847222,-0.00891949151834126,0.099601593625498,0.1842623685516841,0.00398406374501992,-0.5295021533966064
68,0,test,1.9927128702861443,0.8667241780580508,1.2077067974086724,3.418870120588973,1.4870267760799891,2.072045975946252,7.335406800780162,4.252143059431528,5.142986545787799,12.585256766044395,7.295343484318797,8.823751426596713,2.3471607045366314,1.0513111228396252,1.460988954132234,3.529564969228017,1.5809189817137221,2.19697587087554,10.45584031943232,6.8017412079378765,8.030015130978736,15.723068149522286,10.228182267575754,12.075210723276292,2.0098886200707713,0.8896473678949783,1.2462251168880658,3.546862270713126,1.5699659433440796,2.1992207945083515,7.462486129852569,4.396892434616101,5.316361960901829,13.169093170328063,7.759221943440178,9.381815225120874,0.5728643216080402,-0.0021356783919597166,-0.0021356783919597166,0.44221105527638194,-0.0027889447236180143,-0.0027889447236180143,0.29648241206030146,-0.0035175879396985854,-0.0035175879396985854,0.39255014326647564,0.13503941365274175,0.19411417063695457,0.3591954022988506,0.38190954773869346,0.10622032468104936,0.17155896343151478,0.3939393939393939,0.3913043478260869,0.14088698555563617,0.19775596072931267,0.3523489932885906,15.0,-3.0,-3.0,22.0,-5.0,-5.0,32.0,-9.0,-9.0,0.0007677128312006485,0.00016736684323989377,0.0003735633157391301,-0.02614522290824084,-0.02514520187642777,-0.028818100020264303,0.07163323782234957,0.08500110746487453,0.4469914040114613,-1.1835542917251587
105,0,test,2.4280617823278043,1.1020184763703593,1.5258345336849706,4.10311706254129,1.86227172905624,2.5784672183157413,11.33688741612631,7.570774902474728,8.871800052147915,19.157904684213445,12.793651259245268,14.992219075465144,2.6219244288821293,1.200585339237958,1.654582849052261,4.2289103691647245,1.9364279665128352,2.6686820146004204,13.762182459207066,9.619518332899542,11.13124145142832,22.19706848259204,15.51535214983797,17.953615244239224,2.428178142002384,1.1019860493194247,1.52591635602212,4.103313695662257,1.8622169314448507,2.5786054877082663,11.338206649408086,7.571533746519474,8.873034146405377,19.160134021468096,12.794933609624682,14.994304538545796,0.5879396984924623,-0.002060301507537776,-0.002060301507537776,0.4773869346733668,-0.0026130653266331905,-0.0026130653266331905,0.36180904522613067,-0.0031909547738693256,-0.0031909547738693256,0.37593984962406013,0.10952333930511082,0.17718984962406015,0.3584905660377359,0.40201005025125625,0.12130829586529135,0.19165946594407757,0.3939393939393939,0.3721804511278195,0.1057639408088702,0.17343045112781952,0.3584905660377359,14.0,-3.0,-3.0,23.0,-4.0,-4.0,30.0,-5.0,-5.0,0.0005292652224864617,0.0005781789043500695,0.00011571907141759235,-0.013197765531749894,-0.013400767132986324,-0.012090528921946841,0.09774436090225563,0.11435911785230983,0.9360902255639098,-0.975116491317749
132,0,test,3.0233954532925313,1.4169914717451424,1.9324709649805465,4.575512905250195,2.144430943870991,2.924541620799437,20.560987164924498,15.576133830770964,17.583962139328676,31.116360254939213,23.572437829455524,26.61102291673805,3.08991462179744,1.4245570910601821,1.966469883412016,4.232759755886904,1.9514480699454548,2.693794360838378,21.97520169244632,16.687638314162278,18.899771663214644,30.103016017049754,22.859778512551067,25.890098168787183,3.0238081746279395,1.4177401017275215,1.932809944742452,4.5761375049182185,2.145563897266784,2.925054622257294,20.56947487441343,15.586295714398194,17.592230310213402,31.1292052912246,23.58781650895555,26.623535710109053,0.6080402010050252,-0.001959798994974782,-0.001959798994974782,0.5125628140703518,-0.0024371859296482556,-0.0024371859296482556,0.4120603015075377,-0.0029396984924623393,-0.0029396984924623393,0.3971631205673759,0.10158789932843781,0.17664425264284755,0.43060498220640564,0.40703517587939697,0.12132089016511127,0.1983540406540213,0.46464646464646464,0.3971631205673759,0.10158789932843781,0.17664425264284755,0.43060498220640564,19.0,-3.0,-3.0,31.0,-5.0,-5.0,38.0,-4.0,-4.0,0.00012601398755116193,-0.0004768728370622663,-1.1905486298079303e-05,-0.00026647385093347964,0.00016949575638847136,1.9271695109068787e-05,0.16666666666666666,0.12180784342878058,0.03900709219858156,-1.0418686866760254
72,0,test,2.2673576237812423,1.0497917652769928,1.4482024687993151,3.8045492331244577,1.7615149959732594,2.430034651036139,9.653857957330526,6.274905091442869,7.385275530203033,16.198846402978344,10.529078034793969,12.392241991357633,2.3816817303180615,1.0830016568322554,1.494916132839934,3.9366640170546474,1.7900853831938108,2.4709357567602215,10.823089084534306,7.158632423945601,8.395822899067594,17.88940344551125,11.832450287513389,13.877393221599329,2.2671811470195435,1.049614822376051,1.448018240218522,3.80425311110059,1.7612180917835434,2.429725521722605,9.652154426061578,6.273199985111023,7.383554413225348,16.19598793525587,10.526216924169347,12.389354015412028,0.6080402010050252,-0.001959798994974782,-0.001959798994974782,0.44723618090452266,-0.0027638190954772934,-0.0027638190954772934,0.321608040201005,-0.0033919597989949812,-0.0033919597989949812,0.3885135135135135,0.12207169226562142,0.1761539629517157,0.40338983050847455,0.4170854271356784,0.12886487575723227,0.18837090292866676,0.4545454545454546,0.3885135135135135,0.12207169226562142,0.1750303674460978,0.40338983050847455,21.0,-11.0,-11.0,29.0,-12.0,-12.0,37.0,-14.0,-14.0,0.000357352975918839,-8.511880383645281e-05,2.9187778774296387e-05,-0.005039021798542542,-0.004128186727033523,-0.004843847220187492,0.12162162162162163,0.09452845403017658,0.0033783783783783786,-0.9795961380004883
138,0,test,2.07455422489659,0.9589656750857938,1.3073414866490112,3.8462538184214146,1.777936361107968,2.423830201524444,7.960996853734995,4.909633323502509,5.807242052186151,14.759804385756851,9.102531855252826,10.766711542009357,2.1303943917280495,0.96182681923459,1.322561561608226,3.705033724744434,1.6727422943210262,2.30010706366648,8.418186219833778,5.200805548243839,6.175144556659971,14.640323860580486,9.044879214337112,10.739381837669516,2.0744006634570358,0.9586911040213257,1.307089187727766,3.8459691132707086,1.7774273023461076,2.4233624356412595,7.95977444545764,4.908041648526922,5.80580697708459,14.757538022965258,9.099580866611957,10.764050891821062,0.5226130653266332,-0.002386934673366814,-0.002386934673366814,0.3919597989949749,-0.0030402010050251116,-0.0030402010050251116,0.2814070351758794,-0.003592964824120637,-0.003592964824120637,0.37944664031620556,0.12303638390594918,0.1823375732991228,0.39682539682539686,0.3869346733668342,0.1262830442941525,0.1916091307958826,0.41414141414141414,0.37944664031620556,0.12303638390594918,0.1823375732991228,0.39682539682539686,17.0,-5.0,-5.0,30.0,-10.0,-10.0,38.0,-10.0,-10.0,8.648708538630676e-05,0.00020922153543837394,8.710959256746821e-05,-0.012308567321022146,-0.01386705021032153,-0.01147870462989431,0.10276679841897234,0.11511504486038589,0.4268774703557312,-0.7062394618988037
121,0,test,2.3936716998449565,1.1243014364015742,1.5357218808477455,4.441270382844859,2.0860532675402705,2.8494116825367812,10.953638671656973,7.395027802420559,8.595317922035955,20.323618740182816,13.720894958708023,15.947939277030565,2.5769881119931277,1.1853608053131455,1.6337994726706775,4.259484482633269,1.9592740583688353,2.70049499614988,13.15744965617682,9.136060892071063,10.589292352384684,21.747850671366646,15.100927094332338,17.5029625659251,2.368922113886692,1.108256320953747,1.5086814145777647,4.386892803493874,2.0523265202847165,2.793854471440304,10.685867925608186,7.1580984559826,8.322138352294814,19.788644306681825,13.25573788144926,15.41136731906447,0.6080402010050252,-0.001959798994974782,-0.001959798994974782,0.46733668341708545,-0.002663316582914521,-0.002663316582914521,0.3316582914572864,-0.0033417085427135396,-0.0033417085427135396,0.3648208469055375,0.08352003389740748,0.160053782983544,0.3464052287581699,0.371859296482412,0.07361368244732425,0.14982256860261234,0.36868686868686873,0.36789297658862874,0.08575608176392091,0.16099642486449084,0.34563758389261745,23.0,-8.0,-8.0,33.0,-9.0,-9.0,38.0,-7.0,-7.0,0.0009943737184651509,0.00017849874733772577,0.00013367416440685355,-0.037747110957983665,-0.03396234413044663,-0.03979484185502802,0.08143322475570032,0.09655894839219425,0.5374592833876222,-0.920177698135376
46,0,test,2.2439317763268325,1.0511446457324625,1.4377907084468822,4.022141863227342,1.8841271951808292,2.5771720245746,9.430336465398682,6.1340809543639985,7.191086287363111,16.903433287035373,10.995050767256224,12.889682967915011,2.3189190930846673,1.066474834585225,1.4743252486871719,3.6808239572772496,1.6928171977543256,2.3401988074399553,10.164681291630709,6.6657965988772245,7.837648806303989,16.134414748620173,10.58062952202734,12.440712390958712,2.2440593298409777,1.0511070483402765,1.4379401935327456,4.022370496884772,1.8840598036287979,2.577439969539828,9.431539414672987,6.134739479098291,7.192338346374763,16.905589516866677,10.996231141779958,12.89192722463401,0.5879396984924623,-0.002060301507537776,-0.002060301507537776,0.44723618090452266,-0.0027638190954772934,-0.0027638190954772934,0.3266331658291457,-0.0033668341708542604,-0.0033668341708542604,0.3838028169014085,0.1113950840367336,0.1730299831777551,0.39575971731448767,0.39698492462311563,0.11377690457299028,0.17494819674331596,0.4191919191919192,0.3838028169014085,0.1113950840367336,0.1730299831777551,0.39575971731448767,12.0,0.0,0.0,22.0,0.0,0.0,30.0,0.0,0.0,0.00023311359160638534,-8.193224978648615e-06,-3.092260224966461e-05,-0.010620911832831759,-0.009320839699498151,-0.010381206973108625,0.13732394366197184,0.06502443988259257,0.0035211267605633804,-0.7134497165679932
58,0,test,2.1655134936794775,1.0250953437328254,1.3714455859496066,3.9158767320939774,1.8536698184598759,2.4799715517948844,8.719077958966022,5.591001862359913,6.5067000638477905,15.76662283771576,10.110153626754453,11.766001669859477,2.34529189802539,1.0795315973292714,1.484985950869881,4.114547189518229,1.8939150830338098,2.6052385102980375,10.436318623780364,6.890531047483084,8.072434817170793,18.30933091891292,12.08865096049664,14.162166345913672,2.2527388638476467,1.04524528691649,1.4296667136804078,4.071214814182494,1.8889975064755848,2.5837350247236284,9.513757071080024,6.168667145062296,7.23627119150149,17.193536875445826,11.148193635654751,13.077598538858114,0.5226130653266332,-0.002386934673366814,-0.002386934673366814,0.40703517587939697,-0.00296482412060306,-0.00296482412060306,0.31155778894472363,-0.003442211055276312,-0.003442211055276312,0.382183908045977,0.1224995464964792,0.18961303805575214,0.3717579250720461,0.3668341708542714,0.1011700104532689,0.1781864246105318,0.3787878787878788,0.3846153846153846,0.12251187877231284,0.19551638572773167,0.3825503355704698,23.0,-6.0,-6.0,33.0,-5.0,-5.0,40.0,-6.0,-6.0,0.00022165658832974566,0.00027557208729485095,0.00015154374963484185,-0.050439289739696136,-0.05681454938785002,-0.04836052621349207,0.08333333333333333,0.13237827606227412,0.15517241379310345,-0.8653008937835693
184,0,test,2.051429717581887,0.9659092247510039,1.1929214187576844,4.052331609607569,1.908027581897303,2.3564605365607454,7.779014954031421,4.8180343671382415,5.419376761997901,15.36642855451527,9.51739793705633,10.705271337739696,2.7444965847437346,1.2489356486237466,1.730611733669567,4.4991747290880895,2.0474354895471256,2.837068415851749,15.556780439988405,11.094941782502078,12.80049242866526,25.502918754079353,18.18842915164275,20.984413817484032,2.3224170027574442,1.083227579221249,1.4823497178260654,4.1226337327055225,1.922889193883874,2.631390031643903,10.200298685538735,6.74748512479715,7.883775846921045,18.10703908675515,11.977784245202042,13.994868367315465,0.6080402010050252,-0.001959798994974782,-0.001959798994974782,0.4773869346733668,-0.0026130653266331905,-0.0026130653266331905,0.3517587939698492,-0.0032412060301507672,-0.0032412060301507672,0.365,0.12405118601747811,0.15776637341153465,0.3157894736842105,0.39698492462311563,0.12630823289379234,0.18329544215233096,0.4040404040404041,0.3745819397993311,0.13418127201969832,0.18325824680711755,0.3389261744966443,22.0,-10.0,-10.0,34.0,-14.0,-14.0,42.0,-15.0,-15.0,0.0002817940362656545,0.0014247872683768809,9.691888950699739e-05,-0.05275993660439049,-0.07171783339408222,-0.06065713658870475,0.0925,0.1426836996896464,0.5075,-1.0545835494995117
53,0,test,2.559583643816386,1.1816620433347982,1.6190490706994303,4.492330476902228,2.0739374638120944,2.8415963281663466,12.930432529086007,8.963783755884535,10.369082247664483,22.694228520436663,15.73235516338918,18.198797414268277,2.680117811994687,1.1925219337819253,1.6673316343829494,4.1552214139452515,1.8488712151657758,2.585010285865038,14.586811696036763,10.16037068254623,11.833550282280813,22.61521193183994,15.752512686118184,18.34658958493149,2.5800631779724674,1.1890051097101841,1.642004763776947,4.3484210864704504,2.00394119614076,2.76742375917463,13.19797195442811,9.178871667892915,10.64295613754983,22.24377295690131,15.470008429033005,17.93756652396039,0.5879396984924623,-0.002060301507537776,-0.002060301507537776,0.4824120603015075,-0.0025879396984924696,-0.0025879396984924696,0.3668341708542714,-0.0031658291457286047,-0.0031658291457286047,0.3731778425655977,0.09079065188146385,0.15519152780508938,0.35964912280701755,0.38190954773869346,0.09118273069608696,0.16822006526790878,0.38888888888888884,0.37792642140468224,0.09245062841636842,0.16324344031458216,0.3657718120805369,24.0,-7.0,-7.0,32.0,-6.0,-6.0,42.0,-10.0,-10.0,0.0004700002678285288,-1.4479501043054585e-05,0.00029661534434473477,0.0003332823049371214,-6.678927164482928e-05,0.00016045041052237252,0.07580174927113703,0.17999346510619435,0.19825072886297376,-0.860069990158081
181,0,test,2.256949370185965,0.9724154979705515,1.3826212923449182,3.6982685224334375,1.59341351400125,2.2655824146839993,9.5538992556858,5.94091580300758,7.156635277785174,15.655151750653463,9.734866984136183,11.726961767063827,2.4736106955112414,1.1246478789761558,1.5607863385859173,3.7478949931988503,1.7040119378426604,2.3648277857362383,11.865211265603852,8.011784518789721,9.373862200621424,17.977592826672502,12.139067452711696,14.202821516093065,2.3174975444476984,1.0659612471371507,1.4563511011726844,3.6470092936308514,1.6774863836526737,2.291836732898066,10.150241968327132,6.654532685286546,7.784370491353542,15.973275518577958,10.47213301526672,12.250140931130048,0.6130653266331658,-0.001934673366834172,-0.001934673366834172,0.44723618090452266,-0.0027638190954772934,-0.0027638190954772934,0.321608040201005,-0.0033919597989949812,-0.0033919597989949812,0.3545454545454545,0.10492366937147568,0.15595674486803512,0.35258358662613987,0.371859296482412,0.09115754209644711,0.14648367043900634,0.4040404040404041,0.35906040268456374,0.10110395377334092,0.15370325982742084,0.367003367003367,19.0,-5.0,-5.0,29.0,-6.0,-6.0,36.0,-7.0,-7.0,0.00011832388090500623,0.00020774881495058537,0.0002984935219699782,-0.02898382447475356,-0.037392736532134485,-0.04314158940004997,0.09090909090909091,0.1040717509693836,0.5909090909090909,-1.2049365043640137
33,0,test,2.3913145167327903,1.0946686039163824,1.5187204924638134,4.401404980073396,2.0148248217011675,2.7953261238102067,10.927849346585266,7.270839203336207,8.534738750714494,20.113577782845343,13.382559113386932,15.708866975952763,2.358438473038569,1.0790305991653133,1.4873954781431418,3.96376213956062,1.8134968053198541,2.4998243330136836,10.5744263017856,6.9799156101757935,8.185024613687187,17.772145045017815,11.730950605337469,13.756343888549893,2.3910706809704143,1.0940938636061526,1.518646735459142,4.40095618091656,2.0137669663475566,2.7951903681639285,10.925185070944753,7.26696460616834,8.532481457740642,20.10867397115918,13.375427608454771,15.704712248305238,0.6231155778894473,-0.0018844221105527303,-0.0018844221105527303,0.457286432160804,-0.0027135678391959628,-0.0027135678391959628,0.3266331658291457,-0.0033668341708542604,-0.0033668341708542604,0.42292490118577075,0.12706691302009032,0.19559244389273522,0.40476190476190477,0.40703517587939697,0.11881462450095082,0.1783206516723853,0.38383838383838387,0.42292490118577075,0.12706691302009032,0.19559244389273522,0.40476190476190477,21.0,-9.0,-9.0,29.0,-6.0,-6.0,41.0,-14.0,-14.0,-0.00010620736737851893,0.00010931170489117415,0.00012882588678397384,-0.009408666346991446,-0.010611179420260797,-0.011042001480447539,0.11857707509881422,0.06325509481340258,0.05138339920948617,-0.672551155090332
195,0,test,2.0314806333467392,0.9044618583589137,1.177967449485383,4.228571100933702,1.882657020388391,2.451964854091857,7.625368379154422,4.538926984640222,5.277487462243913,15.872370050087735,9.447875190854376,10.985204880649015,2.2459908108989177,1.016783633363108,1.393777853569492,4.01069787660521,1.8156850595769787,2.488889024231236,9.449773858472229,6.031255674861399,7.104943734832721,16.874596175843266,10.770099419395354,12.687399526487003,2.1572934753416324,0.9909960745805411,1.3682478691473814,4.372892179746552,2.0087758268524483,2.773475410433881,8.647700741178818,5.437615791837264,6.446406219641741,17.529123124011118,11.022194172643104,13.067039634408935,0.542713567839196,-0.0022864321608039306,-0.0022864321608039306,0.4170854271356784,-0.0029145728643216184,-0.0029145728643216184,0.3015075376884422,-0.0034924623115578646,-0.0034924623115578646,0.3664921465968587,0.12989083940731616,0.1739212766066338,0.3595800524934383,0.39698492462311563,0.13633329555043394,0.19665103480675505,0.398989898989899,0.37792642140468224,0.13752575362504948,0.19883854598755213,0.3791946308724832,21.0,-12.0,-12.0,31.0,-16.0,-16.0,42.0,-23.0,-23.0,0.00042842066417586393,0.0003365302280739174,0.00023862208205812068,-0.03789359140978199,-0.045089037149165456,-0.04262106308092939,0.07068062827225131,0.08747994234009683,0.3507853403141361,-1.0069026947021484
405,0,test,2.378112288365175,1.105027215711124,1.5050512817852966,4.225854210260419,1.9636095128104145,2.6744436446112823,10.78452556236762,7.212670548191726,8.390297165204142,19.16386916478275,12.816759894988177,14.909376977017434,2.474904093080643,1.149156115296088,1.567216906001402,4.15950267744646,1.9313548156236777,2.633977993279668,11.88056762981652,8.115567191070886,9.401984230356433,19.96734055431348,13.639608724488884,15.801654168666275,2.378012180944587,1.1049271082905359,1.5049289714094125,4.225676321534626,1.9634316240846212,2.6742263017131283,10.783446005368038,7.2115909911921445,8.389164448668344,19.161950815294283,12.81484154549971,14.907364164180438,0.6331658291457287,-0.0018341708542712887,-0.0018341708542712887,0.4623115577889447,-0.002688442211055242,-0.002688442211055242,0.33668341708542715,-0.0033165829145728187,-0.0033165829145728187,0.3943089430894309,0.09410610333283853,0.16187651065699848,0.43673469387755104,0.3919597989949749,0.10373924761652875,0.16324527478796325,0.46464646464646464,0.3943089430894309,0.09410610333283853,0.16187651065699848,0.43673469387755104,17.0,-5.0,-5.0,30.0,-7.0,-7.0,35.0,-5.0,-5.0,-5.5421014528221464e-05,0.0002503960276326364,0.00012364326022781247,-1.699666395538202e-05,-9.033858156382024e-05,-0.00010696492421935488,0.1016260162601626,0.13168109086549276,0.532520325203252,-0.5503544807434082
26,0,test,2.2243736680002737,1.0050214507273314,1.4031702078931811,3.958631104068284,1.7885974970571152,2.4971673191319326,9.247688866171602,5.86269458374081,6.97445492780091,16.45775137200031,10.43360900496246,12.412165549476196,2.2397337165184217,0.9843267900909922,1.3806678315646432,3.4724553744471653,1.5260880466527011,2.140570281495571,9.390830331480352,5.881564234530769,7.029876071043491,14.559426870512173,9.118704239582588,10.89903266828448,2.219466831928515,0.9930904298413059,1.3925409049627164,3.9167061739914972,1.7525125232493632,2.457425126404794,9.202423119484067,5.79356830934486,6.9161433837679525,16.239570210854236,10.223944075314458,12.204958912531682,0.5477386934673367,-0.002261306532663321,-0.002261306532663321,0.37688442211055273,-0.003115577889447274,-0.003115577889447274,0.2864321608040201,-0.003567839195979916,-0.003567839195979916,0.3407643312101911,0.05300598462831507,0.13101856849832672,0.3482428115015974,0.33668341708542715,0.055981662699462253,0.12800228186005147,0.3484848484848485,0.3377926421404682,0.0489779509885484,0.12867139631176971,0.34563758389261745,18.0,-1.0,-1.0,28.0,-6.0,-6.0,34.0,-2.0,-2.0,0.00013689937082969462,-4.112046246946346e-05,1.0340416117605562e-06,0.0004478011750661537,4.5542954798527546e-05,-9.287412789138472e-05,0.08598726114649681,0.07927530064154246,0.0031847133757961785,-1.17488694190979
415,0,test,2.112500525415917,0.9770121089223058,1.3416080090363218,4.39674906102825,2.033456096618783,2.792289839945516,8.268892029691814,5.156198567167156,6.1071972886740955,17.21005170407402,10.731600269876356,12.71091468211844,2.172750477404827,0.990720013676786,1.3772069697998042,4.1783663027015905,1.905230795532281,2.6484749419227,8.782406662255104,5.521417857506966,6.566761772795621,16.889243581259816,10.618111264436473,12.628388024606965,2.112680213427295,0.9771917969336841,1.341902056390408,4.397123045832419,2.0338300814229524,2.7929018409426387,8.270377983957017,5.157684521432358,6.10893043879417,17.21314442189428,10.734692987696619,12.714521888872419,0.5829145728643217,-0.002085427135678275,-0.002085427135678275,0.4170854271356784,-0.0029145728643216184,-0.0029145728643216184,0.26633165829145733,-0.0036683417085426884,-0.0036683417085426884,0.38431372549019605,0.11621196423774982,0.1770125520873277,0.4173228346456693,0.40201005025125625,0.13133335852193295,0.18999001686227457,0.4444444444444444,0.38431372549019605,0.11621196423774982,0.1757087711225298,0.4133858267716536,21.0,-10.0,-10.0,30.0,-11.0,-11.0,41.0,-17.0,-17.0,9.965610374128224e-05,-0.00014974552669691317,-0.00022469678432156153,-0.019847710376559746,-0.016689007746742313,-0.016139520418824382,0.10588235294117647,0.16801669362865324,0.0196078431372549,-0.4778115749359131
191,0,test,2.397697880908119,1.048572480232546,1.4833235289638338,3.959626786185408,1.7316425530697477,2.449602856403131,10.997828903492703,7.143775599670273,8.5026152656084,18.16212887491081,11.797435133169767,14.041461781490444,2.722763309362058,1.25764669147186,1.7243599930078894,4.2543176708782156,1.9650729554247817,2.694312489074828,15.222328182503327,10.894280243812272,12.508383127035941,23.784887785161448,17.022312880956676,19.544348635993657,2.397912963219023,1.0487867006458123,1.4834220282096147,3.959981979258844,1.7319963227807986,2.4497655208718783,11.000194596348418,7.146137970725118,8.504690041852427,18.166035647683962,11.801336420226054,14.044888126259153,0.6432160804020101,-0.001783919597989958,-0.001783919597989958,0.5125628140703518,-0.0024371859296482556,-0.0024371859296482556,0.3869346733668342,-0.0030653266331658324,-0.0030653266331658324,0.38888888888888884,0.11332563065665313,0.1821914293045932,0.38675958188153314,0.40703517587939697,0.10127076485182807,0.1816595498359913,0.43939393939393945,0.38888888888888884,0.11332563065665313,0.1821914293045932,0.38675958188153314,17.0,-6.0,-6.0,28.0,-11.0,-11.0,35.0,-8.0,-8.0,0.0009533204436277273,-1.67744850485105e-05,0.00012402783055206614,-0.009644954712100251,-0.00683848994182501,-0.008370588805385104,0.08680555555555555,0.18672325415717167,0.75,-0.9376702308654785
161,0,test,2.2563030626044664,1.0437392227916593,1.438100174567224,3.9607928762024054,1.832216135661445,2.524491067310942,9.547726493130465,6.1856330120045575,7.2813033337967745,16.76041118087576,10.85847534172539,12.78185313487151,2.349991759319334,1.035241476323139,1.4647927807280912,3.587773678350128,1.5805213378979222,2.2363248560734217,10.4854833168519,6.761662349131212,8.062016755376368,16.00837147610977,10.323148624627805,12.308422527292162,2.159344015686425,0.9866279961611093,1.3669265401936435,3.8106070865054558,1.7411082285196047,2.4122233062240763,8.665451393432893,5.434695865284885,6.456721866592922,15.291973047234517,9.590639762267447,11.39421505869339,0.6180904522613065,-0.0019095477386934512,-0.0019095477386934512,0.4371859296482412,-0.002814070351758735,-0.002814070351758735,0.31658291457286436,-0.003417085427135591,-0.003417085427135591,0.3695652173913043,0.0904954499494438,0.15262306863097375,0.39563862928348914,0.3919597989949749,0.09371418495988715,0.15990637662435725,0.4242424242424242,0.3712374581939799,0.09243946153287808,0.1521050888947586,0.3791946308724832,19.0,-9.0,-9.0,28.0,-12.0,-12.0,35.0,-13.0,-13.0,0.000287060238595529,-0.0001991406134620167,-5.310546793273913e-05,-0.007479458409285655,-0.007725227156949899,-0.008497311555174747,0.07763975155279502,0.14222761725423846,0.003105590062111801,-0.7918446063995361
374,0,test,2.3453184739622523,1.0098379947955438,1.444644682305411,4.009315380069548,1.7263152313264598,2.4696160490807584,10.4365959824107,6.634773778401371,7.975335052748894,17.841331679428347,11.342127241289493,13.633812995202018,2.57394577154572,1.1710556587354712,1.6190567212616542,3.9906135992956897,1.8155901685821259,2.510165459320394,13.11748104479319,9.050544140208803,10.519098767642632,20.337179914408043,14.031851380168685,16.308680259911057,2.324048632441319,0.9928135684521997,1.4254193755051026,3.9390654787141006,1.6827348617833895,2.4159650432289874,10.216955380742307,6.431239277686901,7.760721443825987,17.316873526681878,10.900405555401527,13.153765159027097,0.6080402010050252,-0.001959798994974782,-0.001959798994974782,0.42713567839195976,-0.002864321608040288,-0.002864321608040288,0.3668341708542714,-0.0031658291457286047,-0.0031658291457286047,0.38032786885245906,0.1053687853827373,0.16222536067361504,0.3782894736842105,0.3919597989949749,0.12128310726565161,0.16992307111517524,0.398989898989899,0.3712374581939799,0.10078670694189307,0.15766682415616007,0.3691275167785235,20.0,-9.0,-9.0,32.0,-11.0,-11.0,41.0,-17.0,-17.0,0.0010264217423924904,-8.486490712174872e-05,5.829497832510764e-05,-0.03713279756626964,-0.028633185835198027,-0.03425787467238628,0.10163934426229508,0.16201876752483368,0.3770491803278688,-1.1266279220581055
431,0,test,2.13453104024407,0.9761974318246598,1.2996736451038522,3.7301458277532507,1.7059291754163608,2.271211864958712,8.453081422201041,5.268459397497452,6.148596028163806,14.771969019984988,9.206763204537626,10.744823752187244,2.444671668492154,1.103257371969084,1.5254096375632307,3.517513192075042,1.5874206790922072,2.1948340108823468,11.526764377540484,7.702315790930202,9.019325083192655,16.585272485669762,11.082468763928349,12.97744616286713,2.304601895295115,1.0678363783924218,1.4597347186267013,3.737192262640727,1.7316265595552789,2.3671373815568133,10.020188374147406,6.575733976092273,7.692519748812135,16.248954120239034,10.663352393663146,12.474356349425083,0.5778894472361809,-0.002110552763819218,-0.002110552763819218,0.44723618090452266,-0.0027638190954772934,-0.0027638190954772934,0.3467336683417085,-0.003266331658291488,-0.003266331658291488,0.37784090909090906,0.12819551901998705,0.18527003910068418,0.36182336182336183,0.37688442211055273,0.10871399604538978,0.16987273596698016,0.4292929292929293,0.3812709030100334,0.12250629533056767,0.17882373949501673,0.38590604026845643,19.0,-10.0,-10.0,33.0,-21.0,-21.0,42.0,-26.0,-26.0,-0.0002607904880113448,0.0004518338849335156,0.00018393804047458663,-0.03982905523025426,-0.0530048622079935,-0.05073163239314038,0.07954545454545454,0.13048711621087283,0.7301136363636364,-1.1144185066223145
158,0,test,2.6855148049835047,1.2290613752687025,1.6811342506397877,4.361823409368112,1.996246182761268,2.730504674606024,14.665749438104672,10.375034249332277,11.935533909346413,23.82016628481969,16.8511702775779,19.385739789065827,2.670919313677751,1.2273704918577684,1.6779680880616685,4.077739410195039,1.873848079172165,2.5617833405521653,14.453250157739133,10.217549233854372,11.754061513771898,22.066030775174248,15.599311807411254,17.9451320820945,2.6859219882629355,1.229330003402514,1.6817007872550926,4.362484758006678,1.9966824896028093,2.7314248455417105,14.67172230199882,10.380412571371167,11.94194180752972,23.829867433182795,16.859905768787563,19.396147521783938,0.5879396984924623,-0.002060301507537776,-0.002060301507537776,0.4773869346733668,-0.0026130653266331905,-0.0026130653266331905,0.37688442211055273,-0.003115577889447274,-0.003115577889447274,0.3976377952755905,0.11473013319307579,0.18690481098239675,0.4347826086956522,0.3919597989949749,0.11376431027317035,0.18327866376959923,0.43939393939393945,0.3976377952755905,0.11473013319307579,0.18690481098239675,0.4347826086956522,23.0,-10.0,-10.0,34.0,-13.0,-13.0,40.0,-10.0,-10.0,9.100488421506805e-05,4.241580871848319e-06,-0.00024184854646895612,-7.243603883999583e-05,-0.00013431153772813786,0.00011739929023413254,0.10236220472440945,0.10505950463216193,0.031496062992125984,-0.5314183235168457
456,0,test,2.712101772372442,1.2710864857423,1.7390736657391344,4.916778051849395,2.304356790281202,3.1527722585335276,15.060896849713895,10.835913640586785,12.41495230680405,27.303948482384545,19.644462793579912,22.50710708523831,2.784663492415793,1.2722623824380401,1.763174563981664,4.455461587865269,2.0356198119008644,2.8210793023706624,16.19436743229374,11.656754400005873,13.417040504307128,25.910987891669983,18.650807040009397,21.467264806891407,2.7119124504358996,1.2709321266605165,1.7387348904748157,4.916434829499921,2.304076952203904,3.1521580917640204,15.058045761451533,10.83321026721644,12.411705743772865,27.29877973527665,19.639561839276254,22.50122138064629,0.6231155778894473,-0.0018844221105527303,-0.0018844221105527303,0.4522613065326633,-0.0027386934673366836,-0.0027386934673366836,0.35678391959798994,-0.0032160804020100464,-0.0032160804020100464,0.375,0.10049019607843135,0.1647862232779097,0.3870967741935484,0.37688442211055273,0.09618266772458783,0.15985604147616206,0.398989898989899,0.375,0.10227272727272729,0.1647862232779097,0.3870967741935484,13.0,0.0,0.0,28.0,-5.0,-5.0,32.0,0.0,0.0,0.00037549308308336757,-5.2019873086302784e-05,-5.99754379274692e-06,-0.0002526140072118821,0.00017724280649034085,2.6280809047207754e-05,0.14285714285714285,0.09753722625491017,0.0035714285714285713,-0.763582706451416
168,0,test,1.9584554932507052,0.9054157479735079,1.1186833285146636,3.739717394254918,1.728912928273222,2.1361524511160956,7.0883705699575,4.222019704595285,4.772531283142514,13.535412374061702,8.062047150203377,9.113262116857847,2.2529805811141457,1.0125074870635653,1.420110141044303,3.663383058722188,1.6463536375017322,2.309122180559842,9.516056988387044,6.058808306677879,7.216145957256348,15.47326339575129,9.851720823866469,11.733570662205445,2.0454515924809544,0.9210192460085127,1.291449067461828,3.9589385660921694,1.7826178955003469,2.4995788402486987,7.7326497560343,4.654180906900142,5.607159413854118,14.966418882647032,9.008092077871241,10.852566607459583,0.5577889447236181,-0.00221105527638199,-0.00221105527638199,0.38190954773869346,-0.0030904522613065533,-0.0030904522613065533,0.29145728643216084,-0.0035427135678391952,-0.0035427135678391952,0.35,0.08283395755305867,0.1359237536656891,0.32330827067669177,0.3517587939698492,0.07857583657636547,0.15309435323529164,0.3434343434343434,0.3612040133779264,0.08741436396223357,0.16543093217659155,0.33221476510067116,20.0,-4.0,-4.0,32.0,-6.0,-6.0,36.0,-4.0,-4.0,0.0005219784765150967,0.0007593573870565819,0.00016613400359755608,-0.02217131230149949,-0.021918721608888525,-0.02241258165606297,0.0675,0.1507990386706116,0.205,-0.9193519353866577
194,0,test,2.4890098550422812,1.146318187262937,1.5813969467888964,4.139331606755098,1.9063769853394494,2.629931878898925,12.049339619118905,8.22000267035102,9.570940319086088,20.038575670926008,13.6702218322142,15.916889878480125,2.393437406617232,1.0586082418720408,1.4824358906536654,3.682211394795741,1.6286280644185243,2.280670601005639,10.951072608914561,7.151725780323387,8.464260740507605,16.847804013714708,11.002655046651363,13.021939600780929,2.4859272072305876,1.1380893376930887,1.5738753892710626,4.097682209720749,1.875971435757839,2.5943000922050485,12.01225294066245,8.163158657344768,9.52282779666248,19.800416935157884,13.455756028590278,15.696968895597493,0.5678391959798995,-0.0021608040201005485,-0.0021608040201005485,0.4321608040201005,-0.002839195979899567,-0.002839195979899567,0.3467336683417085,-0.003266331658291488,-0.003266331658291488,0.42622950819672134,0.14636044109361168,0.21139853764055994,0.4375,0.40201005025125625,0.13133335852193295,0.19165946594407757,0.41414141414141414,0.4247491638795987,0.14428171813669388,0.21006618278949862,0.43624161073825507,20.0,-9.0,-9.0,30.0,-11.0,-11.0,39.0,-13.0,-13.0,-0.00044757626678844066,-0.00017146368592932255,2.923487418958502e-05,-0.0092570633560074,-0.010847545076916099,-0.011698691759074897,0.08524590163934426,0.07202684526245393,0.14098360655737704,-0.8802168369293213
399,0,test,1.7888094839228634,0.7373158343744972,1.0725719009653472,3.078635269698823,1.268959357055056,1.845952692714045,5.982326169755684,3.1204035331088775,3.935608070801197,10.295898197421625,5.370378712245279,6.773388627115745,1.879846908942998,0.8180394144756522,1.1586723642017986,3.107184973459501,1.3521312635961196,1.9151609325649568,6.552501655997636,3.660908849354516,4.495654003972899,10.83058124958287,6.051089007197548,7.430833064418016,1.8813793702714698,0.8247673020889457,1.1482862029803083,3.1531497825778825,1.3822915677468364,1.9245020161681146,6.56255080939303,3.6859421019264014,4.481041693156011,10.998688507362619,6.177556595407376,7.510125742719572,0.5125628140703518,-0.0024371859296482556,-0.0024371859296482556,0.371859296482412,-0.003140703517587995,-0.003140703517587995,0.25125628140703515,-0.003743718592964851,-0.003743718592964851,0.34355828220858897,0.10006670487321379,0.1598848128208339,0.34461538461538466,0.37688442211055273,0.11372652737371058,0.17988943045779815,0.398989898989899,0.34782608695652173,0.10408652101328297,0.16540117038255064,0.35906040268456374,15.0,-4.0,-4.0,22.0,-8.0,-8.0,32.0,-14.0,-14.0,-0.0001972904739680536,0.00013556478736067123,0.00010180825657669943,-0.042763433779630766,-0.05070507805129143,-0.05212777950590386,0.09815950920245399,0.07858857248240847,0.05521472392638037,-1.008624792098999
492,0,test,2.4210011128009463,1.1186282568492658,1.543217067991641,4.245043047103029,1.9614303681740548,2.705914858944247,11.257123325931683,7.579109607813692,8.85156015029288,19.738517612592542,13.28939766849524,15.520543825171078,2.523904607074159,1.1522652731691045,1.5968825750395945,3.7953452737957276,1.732729734088879,2.401327180510669,12.47722031638522,8.535412976239092,9.950247598668707,18.76273731787251,12.835207483066304,14.962778343862716,2.420911202417395,1.1184369370203093,1.5431884675270264,4.2448853960195425,1.9610949032684881,2.7058647101843754,11.256111239155002,7.577724516792906,8.850695543878444,19.736742994682743,13.286969015746465,15.519027802964942,0.6331658291457287,-0.0018341708542712887,-0.0018341708542712887,0.49246231155778897,-0.002537688442211028,-0.002537688442211028,0.3417085427135679,-0.003291457286432098,-0.003291457286432098,0.38431372549019605,0.08294386247649743,0.16267096147455062,0.42125984251968507,0.3869346733668342,0.07866399667510482,0.16155904732342852,0.4545454545454546,0.38431372549019605,0.08294386247649743,0.16267096147455062,0.42125984251968507,17.0,-7.0,-7.0,25.0,-7.0,-7.0,33.0,-9.0,-9.0,5.155571026403222e-05,0.00029265805978527217,-1.251603750554948e-05,-7.936596070123869e-05,-0.0001398081572467902,0.00011389473326595123,0.1843137254901961,0.11920883839445964,0.00392156862745098,-0.5287578105926514
172,0,test,2.4787183805039135,1.118087741601638,1.5605657829726478,4.097473241241163,1.8482674912190342,2.5797107840976423,11.925970063428142,8.027318895634531,9.42131106341519,19.714358676279172,13.269649602987695,15.574004002788374,2.886671180119809,1.3332675894373847,1.8317247646920343,4.123815971599727,1.9046679849105494,2.6167496638457632,17.933512696618855,13.205979277179445,15.061691432154486,25.61930385231265,18.865684681684918,21.51670204593498,2.518702778415054,1.1510695097690153,1.5938544441390015,4.106580616981066,1.8767437659277424,2.5986757241396763,12.41248447251542,8.486436681844062,9.89099866412952,20.23774642257949,13.836581546484883,16.126628256732914,0.6683417085427136,-0.0016582914572863539,-0.0016582914572863539,0.48743718592964824,-0.002562814070351749,-0.002562814070351749,0.38190954773869346,-0.0030904522613065533,-0.0030904522613065533,0.37151702786377705,0.10258348845110321,0.16760353661763905,0.3509316770186336,0.3919597989949749,0.0912079192957268,0.16491472386976624,0.40909090909090906,0.3745819397993311,0.10246173946544124,0.16879773512747343,0.3557046979865772,12.0,0.0,0.0,23.0,0.0,0.0,32.0,0.0,0.0,0.0014594359008811124,5.734372623035596e-05,0.0005566190604522771,-0.016744222985874302,-0.015247030366470682,-0.01841325200267363,0.08668730650154799,0.12062347574859676,0.5572755417956656,-0.9904003143310547
269,0,test,2.8492099475795665,1.3186790218248525,1.820013031959718,4.391952894805575,2.0326954677885527,2.8054835029232725,17.274128980628248,12.653499598307658,14.47531173512451,26.627437843309885,19.50490669787912,22.313163455118758,2.8082123496571567,1.257511460607603,1.737295569008542,3.873396344354699,1.7344985663553145,2.39626975035661,16.580252017086448,11.865478459122848,13.662198528057083,22.86931312701579,16.36617718499703,18.844411762837357,2.8095320807071986,1.282213662072509,1.7822454542028672,4.235475498553566,1.9329854202098127,2.686802192265629,16.60214793567474,11.996338540740911,13.808672136813382,25.028363722122723,18.08493247347876,20.817093673588012,0.6331658291457287,-0.0018341708542712887,-0.0018341708542712887,0.507537688442211,-0.0024623115577889765,-0.0024623115577889765,0.39698492462311563,-0.0030150753768843908,-0.0030150753768843908,0.44126984126984126,0.13699091892435789,0.21951693736276623,0.4299363057324841,0.4321608040201005,0.13892772131333353,0.21346297430390682,0.41414141414141414,0.4347826086956522,0.1359512230529143,0.2134255452918702,0.42281879194630867,24.0,-10.0,-10.0,36.0,-12.0,-12.0,45.0,-13.0,-13.0,0.0006623986967869117,-2.253521957130641e-05,0.00010286749701132408,-0.015562169348688926,-0.01193107025546869,-0.014440881039267772,0.09206349206349207,0.1295132049340238,0.20317460317460317,-0.9427518844604492
375,0,test,2.0300043811556234,0.864066688084008,1.2381804969185708,3.510215909081599,1.4941153148119306,2.141020442588362,7.6141197173503175,4.405189252597972,5.406700883997168,13.166082011251591,7.61730641595066,9.349086945245102,2.30279512110473,1.043899892315908,1.4406002070221846,3.462849806172526,1.56977427415926,2.16631610078524,10.002100501681321,6.480571647851796,7.633747176684509,15.040752634107248,9.745220523085406,11.479319062683471,1.992109268716853,0.8786237117159879,1.2149663470425802,3.474609189622418,1.5324832181092811,2.1191273494928726,7.330980473727187,4.2860271963389565,5.155731950264032,12.786593849524163,7.475628830823762,8.992555727204708,0.5276381909547738,-0.002361809045226204,-0.002361809045226204,0.4371859296482412,-0.002814070351758735,-0.002814070351758735,0.29145728643216084,-0.0035427135678391952,-0.0035427135678391952,0.377643504531722,0.12575813499929367,0.18568370553674718,0.36363636363636365,0.39698492462311563,0.14134582687875474,0.20165938205216405,0.40909090909090906,0.3712374581939799,0.13250623949615015,0.18770019456772846,0.3523489932885906,18.0,-7.0,-7.0,25.0,-3.0,-3.0,34.0,-8.0,-8.0,0.0006792308084014072,0.00011025453150300298,0.00033926767053148936,-0.05176276891390508,-0.049054537209491045,-0.05711149462210585,0.08459214501510574,0.09408074928630802,0.4773413897280967,-1.180884599685669
258,0,test,2.4534665103819053,1.0986642950663237,1.543939293329061,3.8194505675134525,1.7103530647518985,2.403537926912268,11.628587550768053,7.752593282255164,9.145439285103505,18.10288224119567,12.068901974537766,14.237224400593563,2.5388951848638057,1.1524619543263193,1.597682744516558,3.817887496035798,1.733025495227548,2.4025304428820418,12.665670014081956,8.665114497840356,10.102582888631039,19.046120321927752,13.03024736517347,15.191853967866223,2.4533131515309257,1.0985585447531736,1.544118544644924,3.8192118250859814,1.710188437237373,2.403816977609395,11.62680434068177,7.750994598196099,9.144481858036634,18.100106216845134,12.0664132123269,14.235733919538111,0.5979899497487438,-0.0020100502512562235,-0.0020100502512562235,0.42713567839195976,-0.002864321608040288,-0.002864321608040288,0.3467336683417085,-0.003266331658291488,-0.003266331658291488,0.3797909407665505,0.09283441902742007,0.1665812072787174,0.4125874125874126,0.37688442211055273,0.09117013639626703,0.16486438872157105,0.4292929292929293,0.3797909407665505,0.09283441902742007,0.16773995583028167,0.4125874125874126,23.0,-8.0,-8.0,35.0,-6.0,-6.0,40.0,-4.0,-4.0,-4.419029547655923e-05,6.514146863152034e-05,5.292357345166958e-05,-0.00030112346023614123,0.00015012813114179124,1.7489102663859057e-06,0.08710801393728224,0.14306514855726832,0.003484320557491289,-0.8411993980407715
37,0,test,2.457152370237222,1.1216070037475872,1.5430889006187547,3.916086590065573,1.7875611622227172,2.459297935361141,11.671527982387852,7.869459080309761,9.177089941756721,18.601497721930638,12.541950409243679,14.625987094674773,2.959601142175804,1.387268558931159,1.8874180384916852,4.289277017646094,2.010534143378492,2.7353884615821533,19.290276143306556,14.472402955965265,16.3685251152799,27.956921946821097,20.97449703763082,23.722500167072326,2.4834486107849068,1.1216041562672463,1.536340362031207,3.900704624269487,1.761681920838607,2.4131000450751943,11.982516281032318,8.079129996374277,9.404273050116558,18.82070620057432,12.689732978598343,14.771109502800876,0.6884422110552764,-0.0015577889447235815,-0.0015577889447235815,0.5025125628140703,-0.0024874371859296973,-0.0024874371859296973,0.3919597989949749,-0.0030402010050251116,-0.0030402010050251116,0.37049180327868847,0.09062273617557881,0.15675134526342127,0.32565789473684215,0.3919597989949749,0.086195387967406,0.15322858029714514,0.398989898989899,0.3745819397993311,0.09912284130183524,0.1621236528137916,0.33221476510067116,18.0,-3.0,-3.0,32.0,-8.0,-8.0,37.0,-2.0,-2.0,0.001958448622291728,0.0003254216543404953,0.000327762253318847,-0.02782876772257481,-0.027715773783321573,-0.03336589210658847,0.08196721311475409,0.18261867864307543,0.8327868852459016,-1.0206735134124756
301,0,test,1.991940440617613,0.9327444284227815,1.2731312848314582,4.264624164812205,1.9969494809856863,2.725697180276746,7.329742902699564,4.445691587888229,5.277754745829287,15.692536818531282,9.517957157962048,11.299354120265386,2.1005488168049493,0.9432505978349124,1.3091213700309225,3.685173362815701,1.6548256102366885,2.2967041579489873,8.170652873897474,4.989326466820227,5.964108970627464,14.33447872613592,8.753204327754784,10.463349071276252,1.9612119388884062,0.9120317003264244,1.253166746220636,4.143405504693816,1.9268275359008968,2.647535379339372,7.107936231546423,4.2526267457521065,5.077917150240174,15.016766686365683,8.984422702293182,10.72799397938065,0.5276381909547738,-0.002361809045226204,-0.002361809045226204,0.37688442211055273,-0.003115577889447274,-0.003115577889447274,0.2814070351758794,-0.003592964824120637,-0.003592964824120637,0.3679245283018868,0.10261840585290727,0.16917975842740984,0.34700315457413244,0.3668341708542714,0.10367627611742924,0.1665002810379108,0.3434343434343434,0.36454849498327757,0.10411443822200883,0.16877541378194272,0.33221476510067116,21.0,-9.0,-9.0,28.0,-10.0,-10.0,40.0,-15.0,-15.0,0.001047901823882101,0.00034008794198500035,6.950977156255437e-05,-0.03206757805196769,-0.030244519937639325,-0.029238326627379685,0.08176100628930817,0.15306457721102354,0.14779874213836477,-0.6006102561950684
291,0,test,2.1577098692815335,0.9687622829068085,1.343645710758997,3.5414585897990385,1.5900337469448704,2.2053315470066144,8.651302341151688,5.367678683113461,6.394239910117379,14.19942014689027,8.809994360327527,10.494893765518741,2.049927798523687,0.8466983048127581,1.2148830752673323,3.1537350746518262,1.3026127766350126,1.869050885026665,7.7673402726257965,4.436483720719487,5.462423143244209,11.949754265578148,6.825359570337672,8.403727912683397,2.1563383779736416,0.955854039710416,1.3395481456414955,3.534980947497773,1.566973835590846,2.195980566625402,8.639445287970123,5.31771991608422,6.376221543874471,14.163025062246103,8.717573632924951,10.452822203072904,0.48743718592964824,-0.002562814070351749,-0.002562814070351749,0.3919597989949749,-0.0030402010050251116,-0.0030402010050251116,0.2613065326633166,-0.003693467336683409,-0.003693467336683409,0.39534883720930236,0.13498399475490763,0.19645380958499292,0.4066666666666666,0.3919597989949749,0.13632070125061402,0.18995646009681133,0.38383838383838387,0.3946488294314381,0.13421477267016935,0.19665105412554262,0.40604026845637586,15.0,-5.0,-5.0,23.0,-7.0,-7.0,31.0,-11.0,-11.0,-0.0004411234524349315,-2.8985549229867794e-05,-2.136858784997973e-05,-0.0088519208628286,-0.010393087556417768,-0.009049570490798686,0.15282392026578073,0.02687775904179909,0.3853820598006645,-1.2924437522888184
144,0,test,2.1779878205770102,0.9390658437036927,1.339353132783018,3.917549521427479,1.6890989526358626,2.409096219356467,8.828523800046236,5.376633559294081,6.515317229410657,15.87987722475849,9.670957765743251,11.719109561991896,2.422775456092769,1.1103181151467751,1.5282160264149045,4.177199062228913,1.9143415778392678,2.6348552179567326,11.277115058043165,7.561822814335117,8.830857254616227,19.443301824212355,13.037625541957098,15.225615956234876,2.1780238419157643,0.9390695211590578,1.3393618297942425,3.9176143130562773,1.6891055672796043,2.409111862681852,8.828841821020472,5.376839930927322,6.515572042707364,15.880449249497861,9.671328966667975,11.719567894999608,0.6281407035175879,-0.0018592964824121205,-0.0018592964824121205,0.42713567839195976,-0.002864321608040288,-0.002864321608040288,0.33668341708542715,-0.0033165829145728187,-0.0033165829145728187,0.3659420289855072,0.09107765285530833,0.159917932599965,0.3490909090909091,0.37688442211055273,0.06861374541882337,0.15317824514895007,0.3939393939393939,0.3659420289855072,0.09107765285530833,0.159917932599965,0.3490909090909091,20.0,-7.0,-7.0,34.0,-16.0,-16.0,40.0,-10.0,-10.0,0.0006871642846509942,0.00038151770924998123,8.306655325326725e-05,-0.020691759706139123,-0.016606494365604796,-0.01829331300815351,0.09057971014492754,0.10962159034134179,0.6521739130434783,-0.6407332420349121
483,0,test,2.4677709000427854,1.1404067011980752,1.5751947099703492,4.040370003011227,1.867136461765476,2.5789952604416504,11.796122786261803,8.025032354453728,9.354711690515789,19.31325985593844,13.13902356072326,15.31604757172683,2.125978576559581,0.8788845725480192,1.2806821743199819,3.543297627599302,1.4648076209133656,2.1344702905333035,8.381095019646844,4.900880261436901,6.052427084967114,13.968491699411407,8.168133769061502,10.08737847494519,2.3585309269023513,1.0674332371522586,1.4889740415481492,3.909167282158593,1.7692263599208702,2.467912776046656,10.575403993549477,6.938627575815466,8.189550580881544,17.528293911960457,11.500487694721766,13.573840741792612,0.507537688442211,-0.0024623115577889765,-0.0024623115577889765,0.37688442211055273,-0.003115577889447274,-0.003115577889447274,0.29145728643216084,-0.0035427135678391952,-0.0035427135678391952,0.39639639639639634,0.1205343274308791,0.1886041886041886,0.4126506024096386,0.36180904522613067,0.09614488482512817,0.16481405357337608,0.3535353535353535,0.3846153846153846,0.11583408244510074,0.18328056815264826,0.3959731543624161,21.0,0.0,0.0,34.0,0.0,0.0,38.0,-1.0,-1.0,-0.00010452535910619612,-0.00011650866290382346,-0.00023121054732512972,-0.03550839839578579,-0.030963952052183608,-0.03197395999526087,0.08408408408408409,0.08542248549477248,0.6666666666666666,-1.0702271461486816
220,0,test,2.344432393113492,1.0829624667079498,1.478122465149276,4.170908792399584,1.9266657837943755,2.6296829903237118,10.427352410465263,6.896745002437839,8.049233199061074,18.55098742792076,12.269790527592901,14.320147435538889,2.9820160741972823,1.3794484327486176,1.901103266217076,4.848806624711028,2.2430055817050696,3.091224823117197,19.727548781911196,14.76178240505056,16.780180076698347,32.077315092538534,24.00289821959441,27.28484565316805,2.351618595088605,1.0823822829583551,1.4813062232354977,4.19931891980108,1.9328255052827767,2.645189684349103,10.502555359109117,6.9444211385469945,8.114898785353382,18.754563141266278,12.40075203311963,14.490890688131037,0.6532663316582914,-0.0017336683417086274,-0.0017336683417086274,0.49246231155778897,-0.002537688442211028,-0.002537688442211028,0.37688442211055273,-0.003115577889447274,-0.003115577889447274,0.360655737704918,0.10369992755761848,0.1600014301803815,0.3388157894736842,0.37688442211055273,0.08866387073210658,0.15651714331255606,0.4292929292929293,0.36454849498327757,0.10578388730381183,0.16321367852054125,0.3422818791946308,24.0,-10.0,-10.0,34.0,-11.0,-11.0,42.0,-10.0,-10.0,0.001599220250910751,-1.1796719054759664e-06,0.0003533334594338174,-0.04390121088309762,-0.03542895761774201,-0.041955507431369554,0.08196721311475409,0.1792256670768417,0.8229508196721311,-1.183861494064331
412,0,test,2.250439873350506,1.0389335813937874,1.4355851018326433,4.146264978779114,1.9141564166285536,2.644956793679537,9.491910156528375,6.13337037072276,7.233062557009114,17.488125379300765,11.300270258786178,13.326369802004672,2.4363226100479975,1.1150377058198806,1.5286336548739459,4.094659848820164,1.8740129509577828,2.569132193065456,11.430927379137476,7.682692972442597,8.952339597303068,19.211642654012564,12.912089029315288,15.045948903030366,2.2601714321911315,1.0440819772216716,1.440873422584614,4.159824721824168,1.9216232709601315,2.651914274695608,9.584732157564778,6.210764308778256,7.315825629797219,17.640611332941308,11.430854556033598,13.464709748093039,0.542713567839196,-0.0022864321608039306,-0.0022864321608039306,0.42713567839195976,-0.002864321608040288,-0.002864321608040288,0.3417085427135679,-0.003291457286432098,-0.003291457286432098,0.38613861386138615,0.14066909162085894,0.195139711556227,0.3973509933774835,0.38190954773869346,0.12125791866601177,0.17823675975872688,0.43434343434343436,0.38795986622073575,0.140881402113891,0.1944114791239615,0.3993288590604027,19.0,-2.0,-2.0,28.0,-4.0,-4.0,37.0,-5.0,-5.0,0.00044280982124173635,-9.921970738086816e-06,0.00015735376509351537,-0.007881660922346434,-0.006174537494016086,-0.007557372868551404,0.0924092409240924,0.13006691805263354,0.8184818481848185,-0.7778162956237793
85,0,test,2.4562926911454723,1.1370805388438614,1.4698798511157505,4.456416739649643,2.0629889776167203,2.666782015595719,11.66149852548751,7.92102523266956,8.979900647372137,21.157290181955908,14.371002922129058,16.292105460232303,2.548063495772793,1.1211292573193992,1.5887036331638336,3.890173275988997,1.7116477210983194,2.4255017300211197,12.782326770187241,8.616418856039008,10.172301606339863,19.51500270257594,13.154837948151156,15.53023146006086,2.437093717263844,1.1121140892766095,1.5475796660416803,4.15413701806337,1.8956490158124022,2.6379198852983183,11.439745249047972,7.677636536555457,9.005798658559259,19.49956576542268,13.086880460037712,15.350793167998738,0.5577889447236181,-0.00221105527638199,-0.00221105527638199,0.4120603015075377,-0.0029396984924623393,-0.0029396984924623393,0.3065326633165829,-0.0034673366834171437,-0.0034673366834171437,0.38421052631578945,0.12402655785324013,0.1662242115552811,0.3799472295514512,0.3517587939698492,0.09611969622548833,0.14140820966267054,0.35858585858585856,0.3812709030100334,0.13085354073958266,0.17771139244273637,0.3657718120805369,19.0,-4.0,-4.0,29.0,-6.0,-6.0,35.0,-4.0,-4.0,-0.0002456235049935257,-0.00014897029610864472,-0.00010276634991393284,-0.010920737427772664,-0.008518020148783556,-0.009883917505794315,0.07894736842105263,0.1250504139698403,0.002631578947368421,-0.703239917755127
188,0,test,2.2940166652845364,1.0707430562100306,1.4657072581166637,3.99859849296124,1.8663646326994283,2.554809179078351,9.914681766453334,6.516387535082832,7.625236818987415,17.281841134581853,11.358425495179103,13.291211399762785,2.2822002391588483,1.041692187809877,1.4339610845459356,3.741311867473522,1.707692111163733,2.3507558763048126,9.79821512668592,6.34084558679055,7.462684406127559,16.06264774866544,10.39482883080418,12.233908862504194,2.2942374347183065,1.0709638256438008,1.4659583343124998,3.99898330634927,1.866749446087458,2.5552468188363706,9.916870866767251,6.518576635396749,7.6274953039132,17.285656858045694,11.362241218642945,13.295148064459815,0.5678391959798995,-0.0021608040201005485,-0.0021608040201005485,0.39698492462311563,-0.0030150753768843908,-0.0030150753768843908,0.321608040201005,-0.0033919597989949812,-0.0033919597989949812,0.352,0.07655089820359284,0.14189361702127656,0.35341365461847385,0.3668341708542714,0.09365121346078764,0.15314468838348672,0.35858585858585856,0.352,0.07655089820359284,0.14189361702127656,0.35341365461847385,16.0,-3.0,-3.0,26.0,-5.0,-5.0,34.0,-8.0,-8.0,0.0001304501147466511,-0.00010936614926198918,0.00015756889182016307,-4.4716351397688925e-05,-0.00011232505964553496,0.0001314175181095223,0.104,0.21272044868713746,0.108,-0.6953625679016113
137,0,test,2.086725672367154,0.8641537197315277,1.2442137705889693,3.654530145785862,1.5134120700060087,2.1790198839415282,8.058485795991775,4.662575163318443,5.736293019027088,14.113009515731626,8.165673963271981,10.046100472476011,2.5056336979622613,1.1489450492162594,1.579579248267558,4.009013916739618,1.8383120787460148,2.5273267972280924,12.251320143029856,8.368007168397162,9.72679129697412,19.60211222884777,13.388811469435458,15.562866075158592,2.137244344470806,0.9446516508326699,1.2936170838164291,3.6849040421910453,1.6287097428149484,2.2303742824421198,8.476048347790739,5.1804336883399555,6.151264047529439,14.613876461708172,8.931782221275785,10.605627668154208,0.6180904522613065,-0.0019095477386934512,-0.0019095477386934512,0.4773869346733668,-0.0026130653266331905,-0.0026130653266331905,0.3417085427135679,-0.003291457286432098,-0.003291457286432098,0.3545454545454545,0.09282079493879791,0.14587609970674487,0.3191489361702128,0.3869346733668342,0.09871412198838803,0.15488125099621652,0.398989898989899,0.3377926421404682,0.07902803446100248,0.13312078452089093,0.31879194630872487,19.0,-6.0,-6.0,29.0,-7.0,-7.0,36.0,-6.0,-6.0,0.0008389246006539241,0.0004167509578556402,0.0006557113113471229,-0.04594584647622835,-0.04790086723888187,-0.05753203107313709,0.07575757575757576,0.12585631711810938,0.6393939393939394,-1.132950782775879
104,0,test,1.6825669836020292,0.7864830461717025,0.9275568090052652,3.763636673846644,1.7592383927524922,2.074798125406514,5.379346958361799,2.9293569718007926,3.251713787307052,12.032749775282971,6.552509015870195,7.273570313713143,2.619017068233996,1.1921905965438904,1.6283468339341383,3.9089806988567104,1.779388950065508,2.430368408856922,13.722228939281608,9.556769947355555,11.029190104674825,20.480938715345683,14.263835742321724,16.46147776817138,2.0427818740926815,0.9398818564336464,1.2936613361983067,3.8302160139237778,1.762278480813087,2.4256150053718244,7.712033291113434,4.699142487754388,5.596894277332293,14.460062420837689,8.810892164539478,10.49417676999805,0.6130653266331658,-0.001934673366834172,-0.001934673366834172,0.5025125628140703,-0.0024874371859296973,-0.0024874371859296973,0.3869346733668342,-0.0030653266331658324,-0.0030653266331658324,0.3207547169811321,0.11109629530857612,0.13600398384330226,0.264775413711584,0.42713567839195976,0.14643392400599486,0.2101072977575691,0.4242424242424242,0.38795986622073575,0.147559198441103,0.20108556143764345,0.32885906040268453,26.0,-17.0,-17.0,36.0,-20.0,-20.0,49.0,-25.0,-25.0,0.00039089822347779447,0.002043724499943908,0.00022142130955331817,-0.08400463271874159,-0.10395118536727921,-0.09518176998220707,0.06132075471698113,0.1626059269574064,0.4221698113207547,-1.1694942712783813
209,0,test,2.100337883851147,0.9417375618268682,1.2515035183162202,4.0374370720661945,1.8102830851697824,2.4057399238099357,8.168929595706759,4.983458075701875,5.832008327961438,15.702968290192786,9.579600756919149,11.210751759967323,2.36213824954874,1.0743273789353132,1.4805178710019162,3.809900402497968,1.732786095056957,2.3879320500030907,10.613621778367172,6.988779164088374,8.198812335015672,17.118744803818018,11.272224458207054,13.223890862928503,2.0964190741013735,0.9170508561814723,1.2930916384551505,4.110625635492889,1.7981389336891613,2.5354738008924524,8.136979758317002,4.884660961377962,5.904021151527289,15.954862271209809,9.57776659093718,11.576512061818214,0.592964824120603,-0.0020351758793969443,-0.0020351758793969443,0.4120603015075377,-0.0029396984924623393,-0.0029396984924623393,0.3015075376884422,-0.0034924623115578646,-0.0034924623115578646,0.3567567567567568,0.09764744501586609,0.14561306174209399,0.3604336043360433,0.371859296482412,0.09867633908892826,0.15316146676621833,0.40909090909090906,0.3612040133779264,0.10076995661665766,0.15764450281062936,0.3657718120805369,18.0,-3.0,-3.0,26.0,-7.0,-7.0,32.0,-4.0,-4.0,-0.0001305878206193632,0.00036420594095063754,7.44808568542464e-05,-0.014065846952545868,-0.02099091747345394,-0.01793217634719202,0.06756756756756757,0.1269660136156556,0.5405405405405406,-0.9449901580810547
422,0,test,1.4952003826722922,0.675320987150991,0.7709714263700198,3.4552298998541056,1.560586322639078,1.7816230889172482,4.460230216157266,2.190004194562105,2.397090500500648,10.307060499513682,5.060838708677196,5.539390483022223,2.155216688180889,0.9597102311176429,1.3224115470610172,3.476155948678853,1.5479197276091015,2.132921850098415,8.62975994336715,5.324528638948001,6.329999089108565,13.918967650592178,8.587949417658066,10.209675950175104,1.8404608913858556,0.8395242993883016,1.1600312246133853,3.585313424777641,1.6354369468603278,2.259801086909192,6.299440950132694,3.578612008049094,4.324714925999416,12.27163821454421,6.971322093602131,8.424769336362498,0.5577889447236181,-0.00221105527638199,-0.00221105527638199,0.4371859296482412,-0.002814070351758735,-0.002814070351758735,0.27135678391959794,-0.0036432160804020786,-0.0036432160804020786,0.30561797752808983,0.10472010996355563,0.1228222786033587,0.27477477477477474,0.39698492462311563,0.12881449855795268,0.18329544215233096,0.4292929292929293,0.35451505016722407,0.12413107687840941,0.18098891001149553,0.3389261744966443,20.0,-11.0,-11.0,29.0,-17.0,-17.0,41.0,-27.0,-27.0,0.0003985881978045455,0.0008448811581721363,0.000477299636578573,-0.11789144576345123,-0.13938259579940837,-0.13649071743688257,0.11235955056179775,0.050697446351594774,0.47191011235955055,-1.2504515647888184
481,0,test,2.3087263301951655,1.0034445410271866,1.4268481603951395,4.067755915105768,1.7679737151431385,2.513970568315246,10.061601332602228,6.372872941631252,7.6461692922515,17.727583300299166,11.228395182874113,13.471822086347885,2.5226364572060067,1.1148538950873446,1.5658580003184692,3.9726558381196955,1.7556754253344007,2.465918110737747,12.461407359804696,8.37452441987648,9.858111041172002,19.62426355874755,13.188227432876342,15.524584316806301,2.308831377298925,1.0034811838549873,1.4268979332088958,4.0679409980981065,1.7680382763159304,2.5140582632728172,10.062658330197698,6.373677605801685,7.64709277486595,17.729445629395943,11.22981292450773,13.473449174763816,0.5678391959798995,-0.0021608040201005485,-0.0021608040201005485,0.42211055276381915,-0.0028894472361808976,-0.0028894472361808976,0.3417085427135679,-0.003291457286432098,-0.003291457286432098,0.37966101694915255,0.11908572084086155,0.1744749966560296,0.3571428571428571,0.3869346733668342,0.1262830442941525,0.1782535381414585,0.3787878787878788,0.37966101694915255,0.11908572084086155,0.17334760094013335,0.3571428571428571,25.0,-16.0,-16.0,34.0,-22.0,-22.0,39.0,-18.0,-18.0,0.0010645226821645445,0.0002796196750580048,7.245956052237896e-05,-0.014780394599875457,-0.012237445456832141,-0.012946728990079315,0.0847457627118644,0.04836531813777821,0.45084745762711864,-0.948127031326294
226,0,test,2.9305272311951116,1.371710870130186,1.8801601061078153,4.5665884461568,2.1375126442519465,2.929820042646534,18.737506891024104,13.98431503975494,15.878806464942896,29.198323621595843,21.791509325753097,24.743661607947825,2.8741586108567243,1.3273720139368943,1.826618420363175,4.258012756824776,1.9664770576842874,2.7061013635009994,17.71051641451675,13.014161785532735,14.859885935582522,26.237802095580367,19.280239682270718,22.014645830492622,2.930417088031935,1.3716007269670094,1.8799595479953752,4.566416812025224,2.137341010120371,2.9295075165081315,18.735443196398094,13.98225134512893,15.876484289377808,29.195107802976175,21.788293507133428,24.74004300307953,0.6582914572864322,-0.0017085427135676845,-0.0017085427135676845,0.48743718592964824,-0.002562814070351749,-0.002562814070351749,0.37688442211055273,-0.003115577889447274,-0.003115577889447274,0.40711462450592883,0.11322902292801962,0.1902946507871378,0.4365079365079365,0.3919597989949749,0.0912079192957268,0.16658417295156924,0.4292929292929293,0.40711462450592883,0.11322902292801962,0.1902946507871378,0.4365079365079365,22.0,-11.0,-11.0,33.0,-14.0,-14.0,42.0,-16.0,-16.0,-0.00026895801685761293,-9.981194655221509e-05,-0.00025175131421264135,-6.550611697964115e-05,-0.000128814918206821,0.00012090384720320202,0.11067193675889328,0.1544610668113099,0.308300395256917,-0.6368269920349121
110,0,test,2.532163927880014,1.1905301785745643,1.6276216799699221,4.713965551273485,2.21633291105705,3.0300378444723073,12.580700431223747,8.755412466631519,10.109899781229107,23.420675016617793,16.29938421460962,18.820945504678086,2.406198033147838,1.0948413371109333,1.5100119360578028,4.010330055246397,1.824735561851556,2.516686560096339,11.091710562410045,7.380505286633003,8.64147027292051,18.48618427068341,12.300842144388339,14.402450454867516,2.5323046124888653,1.1905428557124558,1.6276666193166882,4.714227454696252,2.21635651126344,3.0301215051430166,12.582470466648441,8.756692805276417,10.11143323787254,23.423970176905275,16.301767738124653,18.823800241574038,0.5477386934673367,-0.002261306532663321,-0.002261306532663321,0.42211055276381915,-0.0028894472361808976,-0.0028894472361808976,0.3316582914572864,-0.0033417085427135396,-0.0033417085427135396,0.3966101694915254,0.12249849436462179,0.18240498347123224,0.41156462585034015,0.3869346733668342,0.11375171597335043,0.1749146399778525,0.4040404040404041,0.3966101694915254,0.12249849436462179,0.18240498347123224,0.41156462585034015,14.0,-1.0,-1.0,24.0,-4.0,-4.0,31.0,-3.0,-3.0,-0.0005957315853440522,-2.0604683262868862e-05,-0.00010754574330029268,-0.00035656283511986686,0.00011913993074319507,-2.6287545484393604e-05,0.1152542372881356,0.04459381839518666,0.3220338983050847,-0.5429925918579102
108,0,test,1.9570160411753175,0.8409248354160579,1.2009638138058585,3.3044697088697985,1.4199222630795731,2.0278569315082526,7.078174540337988,4.025276838528173,4.948323107665961,11.951671764832998,6.7967789240721626,8.355365247370393,2.1512374002998977,0.8698890967491855,1.2778501353321778,3.335251783410694,1.348665266277807,1.981163000515004,8.595487878638629,4.993995520280862,6.200478216938045,13.32633779633896,7.74262871361374,9.613144522384566,1.9309522940144537,0.8311692281894234,1.18872106727416,3.236232894996291,1.393021052831436,1.9922699451522234,6.896074205862765,3.8925598175106377,4.7954569629459876,11.557666266809102,6.523843269570901,8.037078708848025,0.5175879396984925,-0.002412060301507535,-0.002412060301507535,0.37688442211055273,-0.003115577889447274,-0.003115577889447274,0.2613065326633166,-0.003693467336683409,-0.003693467336683409,0.36363636363636365,0.1043170767644025,0.16601217357156883,0.3355048859934854,0.371859296482412,0.11872646440221146,0.17486430482965742,0.33333333333333337,0.35785953177257523,0.09241712776589739,0.15541236825755855,0.32885906040268453,20.0,-11.0,-11.0,32.0,-18.0,-18.0,36.0,-17.0,-17.0,0.0013147801773464264,0.0001360838296936267,0.00015449684605431678,-0.041998879894652674,-0.04136336630186488,-0.038169882109925446,0.08116883116883117,0.06057635775013249,0.36688311688311687,-1.213545560836792
265,0,test,2.214406973292784,1.055624247576019,1.4263494088624924,4.049877993936535,1.9306069126791359,2.608617635459745,9.155977761956764,5.969925147189017,6.956857137214477,16.74515719031665,10.918258825340342,12.72323604773985,2.168624489278159,0.9949495525291909,1.3714002648334347,3.5551221135707527,1.6310648402117882,2.2481971554646467,8.746245208807222,5.512390167687182,6.5268733165303665,14.338106899683972,9.036705192929809,10.69979232218093,2.2310697363621186,1.0487004581954278,1.4332571518608728,4.007909706039734,1.883893038674421,2.5747134464566575,9.309819807374774,6.047725945341202,7.089141741113317,16.72422719887684,10.864178344924312,12.734985163676617,0.49246231155778897,-0.002537688442211028,-0.002537688442211028,0.39698492462311563,-0.0030150753768843908,-0.0030150753768843908,0.3266331658291457,-0.0033668341708542604,-0.0033668341708542604,0.40175953079178883,0.1440728543642632,0.21505376344086025,0.40588235294117647,0.3919597989949749,0.14634576390725562,0.2083203999966443,0.398989898989899,0.4046822742474916,0.14758711564982885,0.21669562241211893,0.4161073825503355,20.0,-8.0,-8.0,31.0,-8.0,-8.0,40.0,-9.0,-9.0,-0.0002065805912064888,-0.00013538160300268184,1.8389782796754368e-05,-0.04632749284866833,-0.05029558037040438,-0.048012504006340606,0.07331378299120235,0.18656450040024128,0.002932551319648094,-0.6418893337249756
200,0,test,2.4676845769867235,1.1137882518744713,1.5544196173863043,4.081170646554966,1.842034416561626,2.5707709056773496,11.795104552842353,7.9226199196533305,9.302657550938088,19.507288298931584,13.102794482503585,15.385164411166837,2.3509627152312422,1.008165662024829,1.4348332237309345,3.702303488553137,1.5876624598816202,2.259579879891235,10.495669203090612,6.665928676747766,7.996072271528904,16.528612918252932,10.497525475193331,12.592239797683312,2.4621337048117935,1.1115712717358401,1.55025554535348,4.080884593610707,1.8423833233190723,2.56948432931516,11.729812815870915,7.870217131241481,9.240819944175362,19.44167870033853,13.044558781063227,15.3162761505669,0.5376884422110553,-0.0023115577889447625,-0.0023115577889447625,0.44221105527638194,-0.0027889447236180143,-0.0027889447236180143,0.36180904522613067,-0.0031909547738693256,-0.0031909547738693256,0.43000000000000005,0.1587853577371049,0.2193569844789357,0.4448160535117057,0.42211055276381915,0.15644639236281666,0.21509886662024658,0.4292929292929293,0.4280936454849499,0.15931234331466604,0.21897239965625137,0.4429530201342282,27.0,-15.0,-15.0,38.0,-13.0,-13.0,46.0,-15.0,-15.0,-0.00018277527755830892,0.00015999648400352452,-0.0002305575326228548,-0.00417244289470986,-0.005144720862937824,-0.004857865448061993,0.10333333333333333,0.0519329977290958,0.0033333333333333335,-0.8574063777923584
465,0,test,1.9826178816486788,0.9185974038121105,1.2313776304678923,4.04545729608083,1.8743634887033234,2.512579789336219,7.261728469140239,4.363729529987497,5.142101211874849,14.817284101771703,8.904026150783736,10.492264322496078,2.4275718489586016,1.0957430158740147,1.5301486491793121,3.979625981899347,1.7963000260229753,2.508440408490676,11.331334457079297,7.5433698453162545,8.87806109301278,18.575958126359502,12.366180074288941,14.554198513135706,2.005894753074383,0.8981800811695377,1.2627420727288174,3.98522136372394,1.7844637374229229,2.5087590848916905,7.432741390591889,4.405309582869538,5.330187634276724,14.767035875348125,8.752270694442792,10.589776756841175,0.5678391959798995,-0.0021608040201005485,-0.0021608040201005485,0.4371859296482412,-0.002814070351758735,-0.002814070351758735,0.3316582914572864,-0.0033417085427135396,-0.0033417085427135396,0.3579545454545454,0.11823823339780781,0.17418132942326492,0.32193732193732194,0.3668341708542714,0.08863868213246684,0.16149193379250182,0.38888888888888884,0.36789297658862874,0.12248396156358698,0.18324336591009704,0.32885906040268453,18.0,-6.0,-6.0,28.0,-8.0,-8.0,37.0,-9.0,-9.0,0.000528208966201222,0.00032465304058536644,0.00046637717463373344,-0.02753840963620302,-0.04075293585708817,-0.04184795826507326,0.07102272727272728,0.1291553644302223,0.5,-0.9075479507446289
406,0,test,2.1800659558267714,0.9975585240595057,1.3702479421962508,4.065528404109384,1.8603118421650238,2.55532724355517,8.846889743405946,5.584345180227643,6.599390808120875,16.498253845811085,10.414049119883982,12.306972047576764,2.1922704890550047,0.9714045903459032,1.3608129017166037,3.5938860476311554,1.5924665415506611,2.2308408224862357,8.955523466770655,5.56540150147292,6.658859576816076,14.681186011099435,9.123609018808065,10.916163240682092,2.1797715781271934,0.9972641463599277,1.3700467322170489,4.0649794294804416,1.8597628675360816,2.5549520141344964,8.844285799645153,5.581741236466851,6.5969962489583365,16.4933978425815,10.409193116654398,12.302506518327709,0.5527638190954773,-0.0022361809045226,-0.0022361809045226,0.42211055276381915,-0.0028894472361808976,-0.0028894472361808976,0.3015075376884422,-0.0034924623115578646,-0.0034924623115578646,0.38909090909090904,0.1132288401253918,0.18111025612839393,0.416058394160584,0.3869346733668342,0.11124545030919009,0.1765840890596555,0.4292929292929293,0.38909090909090904,0.1132288401253918,0.18111025612839393,0.416058394160584,17.0,-7.0,-7.0,29.0,-14.0,-14.0,35.0,-15.0,-15.0,-1.9413232822740296e-05,-6.663452724869673e-05,-0.00010796771048619942,-0.0002179643979092205,0.00019661043173790915,4.380359388900246e-05,0.14909090909090908,0.038004466473772855,0.0036363636363636364,-0.752694845199585
70,0,test,2.2187945516076337,0.9632041950651726,1.3675138267658693,3.5436087741694733,1.538321262992436,2.1840390728445196,9.196238590617869,5.686328729543387,6.8535933752182085,14.687196584045042,9.081563844756186,10.94578747789704,2.567126112346342,1.138207104944696,1.5868223464216098,3.74762936108955,1.6616162115980964,2.3165289728782623,13.028328634563595,8.854144144918056,10.363062898677823,19.01945786067678,12.925757875792783,15.128558976172005,2.1085124116596416,0.9144011926278781,1.296197454201209,3.3117995994654055,1.4362322397296514,2.0359122317296476,8.235980418884674,4.935357483251013,5.98286259289703,12.936094898771739,7.751870392540858,9.397166376278056,0.6231155778894473,-0.0018844221105527303,-0.0018844221105527303,0.4623115577889447,-0.002688442211055242,-0.002688442211055242,0.3517587939698492,-0.0032412060301507672,-0.0032412060301507672,0.36585365853658536,0.10405761591862495,0.15084351654875572,0.37308868501529047,0.4120603015075377,0.1313585471215728,0.18501522638232903,0.4444444444444444,0.3745819397993311,0.11414788303806234,0.16546069397063257,0.35906040268456374,19.0,-10.0,-10.0,33.0,-21.0,-21.0,40.0,-23.0,-23.0,0.000970717454838402,-5.800704632584965e-05,0.00026674685702999287,-0.04093638831619728,-0.03276686712793708,-0.038499841615451835,0.12804878048780488,0.05637566027060872,0.4695121951219512,-1.3580749034881592
15,0,test,1.9348668295967257,0.8634999997999182,1.1402983150171875,3.6375496396418443,1.6233799996238463,2.143760832232312,6.92312203903314,4.003754986954862,4.70963633512136,13.015469433382302,7.527059375475139,8.854116310028155,2.2051307080477067,0.9846396956278236,1.34552764054882,3.718822126283844,1.6605364358469226,2.2691525463492805,9.071437200215211,5.682585906967397,6.709214335654353,15.298440702057855,9.583344029546708,11.314691972840816,2.0374952590641167,0.8544556382306832,1.2361063193996564,3.6601711240672756,1.5349502483185926,2.2205502743706407,7.671370319459395,4.407089003637292,5.442736101197324,13.78090476549592,7.916926353839447,9.77737024167184,0.5151515151515151,0.00015151515151512474,0.00015151515151512474,0.3939393939393939,-0.0010606060606060952,-0.0010606060606060952,0.28787878787878785,-0.0021212121212121904,-0.0021212121212121904,0.352,0.10033555259653792,0.13596871945259037,0.3342245989304813,0.35858585858585856,0.10669668982011549,0.15221001965968406,0.36040609137055835,0.36454849498327757,0.12247837812184181,0.1643260255728215,0.34563758389261745,18.0,0.0,0.0,30.0,0.0,0.0,36.0,0.0,0.0,0.0009665419530509762,0.0002542541251973112,0.000495873630240798,-0.042229766806762825,-0.04273834654905606,-0.04463999771592775,0.06666666666666667,0.1762641134029885,0.19466666666666665,-1.2677706480026245
377,0,test,1.905120453898692,0.8105427944883559,1.1638102629104856,3.751440893788165,1.5960688360604043,2.291700455978055,6.720217055228972,3.732296558457644,4.621533665183847,13.233020003815076,7.349398778691287,9.100427402429922,2.1362569535366807,0.9627366337200323,1.336785062525848,3.65172128809689,1.6457036473846705,2.2851026709843554,8.46768330495827,5.234328233931338,6.243317394339838,14.474672316167982,8.94756963065186,10.672337426221947,1.9353210676356118,0.8199589342370848,1.1755519811422572,3.674660255004327,1.5568840523488956,2.2320607236878303,6.926267498750762,3.8755947690940737,4.788484978111018,13.15114082041284,7.35872424511533,9.092060085020922,0.5778894472361809,-0.002110552763819218,-0.002110552763819218,0.4170854271356784,-0.0029145728643216184,-0.0029145728643216184,0.26633165829145733,-0.0036683417085426884,-0.0036683417085426884,0.37421383647798745,0.11047757274172376,0.16919291597589536,0.35646687697160884,0.40703517587939697,0.12382715582927162,0.1883373461632033,0.40909090909090906,0.3712374581939799,0.10913395235090817,0.16545325352212226,0.35906040268456374,19.0,-4.0,-4.0,26.0,-5.0,-5.0,33.0,-6.0,-6.0,0.0007759906458875333,0.00014145299195350913,0.000328211710565887,-0.0492849249091698,-0.040739262985305835,-0.04658614460645083,0.09748427672955975,0.08913829510564505,0.7484276729559748,-0.9114576578140259
351,0,test,2.3848298845080023,1.0309620392973908,1.4661516445494471,4.052747717844887,1.7520029747569152,2.4915583161975263,10.85721552725046,6.984841180472416,8.351239626121982,18.450605527904155,11.86994482816478,14.191983904514043,2.782550613530685,1.2730300808052883,1.7549693638110682,4.599257212447413,2.104181951744278,2.9007758079521784,16.160186817753655,11.635625922476857,13.365887874817892,26.711052591328354,19.23243954128406,22.092376652591557,2.3849188767979728,1.0311055733840269,1.4663174308413116,4.05289895014134,1.7522468946464747,2.4918400511843144,10.858181778716762,6.986018632433273,8.352398314117302,18.45224756260456,11.871945774135071,14.193952963254553,0.6231155778894473,-0.0018844221105527303,-0.0018844221105527303,0.4723618090452262,-0.0026381909547738003,-0.0026381909547738003,0.35678391959798994,-0.0032160804020100464,-0.0032160804020100464,0.37318840579710144,0.12725712189113403,0.16595949013445088,0.3490909090909091,0.39698492462311563,0.12380196722963188,0.17828709490692196,0.41414141414141414,0.37318840579710144,0.12725712189113403,0.16595949013445088,0.34545454545454546,17.0,-7.0,-7.0,26.0,-8.0,-8.0,36.0,-14.0,-14.0,0.001055359375222534,0.0005439357521047717,3.905985692622344e-05,-0.03613354262421087,-0.03181135537060786,-0.03215268224025092,0.10144927536231885,0.13547658263593362,0.8804347826086957,-0.8028249740600586
174,0,test,2.22707363501854,1.0721099522311481,1.2600009530196397,4.913337710247088,2.365273502860471,2.779795916971164,9.27269105846428,6.098782910526811,6.642457409907988,20.457277180529445,13.455046833533377,14.654493667219686,2.292290926461116,1.0770411902317103,1.4792474175992996,3.788910622249779,1.7802333722838184,2.4450370538831394,9.897586370544076,6.526450516582546,7.642826434294085,16.35964689346128,10.787521515012472,12.632770965775345,2.246121861090021,1.0721090249331953,1.4612699040314006,4.615318892650728,2.2029637498627297,3.0026093918453434,9.45101233429174,6.21606439083308,7.25892993990674,19.41988835813371,12.772735049657014,14.915609465561795,0.507537688442211,-0.0024623115577889765,-0.0024623115577889765,0.38190954773869346,-0.0030904522613065533,-0.0030904522613065533,0.29648241206030146,-0.0035175879396985854,-0.0035175879396985854,0.3489461358313818,0.0939753755974636,0.12118465000537981,0.34507042253521125,0.36180904522613067,0.11619501013841138,0.16815295173698208,0.35858585858585856,0.3411371237458194,0.09405865963897464,0.1487010837013255,0.3355704697986577,16.0,0.0,0.0,23.0,0.0,0.0,29.0,0.0,0.0,-8.002655106986393e-05,0.00011427039810780938,0.00017503411933541117,-0.037112693663132745,-0.04923817147740195,-0.042186346877002734,0.0702576112412178,0.14472151237313738,0.00234192037470726,-0.6184983253479004
