idx,membership,set_split,cut_T,cut_T_rep1_diff,cut_T_rep2_diff,cal_T,cal_T_rep1_diff,cal_T_rep2_diff,ppl_T,ppl_T_rep1_diff,ppl_T_rep2_diff,calppl_T,calppl_T_rep1_diff,calppl_T_rep2_diff,cut_200,cut_200_rep1_diff,cut_200_rep2_diff,cal_200,cal_200_rep1_diff,cal_200_rep2_diff,ppl_200,ppl_200_rep1_diff,ppl_200_rep2_diff,calppl_200,calppl_200_rep1_diff,calppl_200_rep2_diff,cut_300,cut_300_rep1_diff,cut_300_rep2_diff,cal_300,cal_300_rep1_diff,cal_300_rep2_diff,ppl_300,ppl_300_rep1_diff,ppl_300_rep2_diff,calppl_300,calppl_300_rep1_diff,calppl_300_rep2_diff,cb_const1,cb_const1_rep1_diff,cb_const1_rep2_diff,cb_const2,cb_const2_rep1_diff,cb_const2_rep2_diff,cb_const3,cb_const3_rep1_diff,cb_const3_rep2_diff,cbm_T,cbm_T_rep1_diff,cbm_T_rep2_diff,cbpm_T,cbm_200,cbm_200_rep1_diff,cbm_200_rep2_diff,cbpm_200,cbm_300,cbm_300_rep1_diff,cbm_300_rep2_diff,cbpm_300,lz_bins3,lz_bins3_rep1_diff,lz_bins3_rep2_diff,lz_bins4,lz_bins4_rep1_diff,lz_bins4_rep2_diff,lz_bins5,lz_bins5_rep1_diff,lz_bins5_rep2_diff,slope_600,slope_800,slope_1000,apen_600,apen_800,apen_1000,nei_delta
192,1,test,2.577279447540035,1.2102156216126931,1.567925508616948,4.394439611012963,2.063501290307357,2.6734213741394965,13.161283447401022,9.237470679638161,10.417455685456066,22.44089804395566,15.75052604362267,17.762482044326013,2.578315963697194,1.166263906555247,1.6001586645073798,3.6060363128632087,1.6311383308464995,2.237984146164168,13.174932402802604,9.07056323438128,10.515381435683953,18.42647888503861,12.686102425708086,14.706827182774761,2.7063704908492174,1.2107760395053435,1.6383732935611879,4.163646908998796,1.8627323684697594,2.5205742977864434,14.974825495061141,10.512837295547312,12.065279081842316,23.038193069324834,16.17359583930356,18.56196781821895,0.5326633165829145,-0.0023366834170853723,-0.0023366834170853723,0.44221105527638194,-0.0027889447236180143,-0.0027889447236180143,0.3316582914572864,-0.0033417085427135396,-0.0033417085427135396,0.39837398373983735,0.12367844923374804,0.18527525451207583,0.36141304347826086,0.3869346733668342,0.11625798163751089,0.1882702326322766,0.33333333333333337,0.40802675585284276,0.12922875919174093,0.20669193939010644,0.3791946308724832,21.0,-4.0,-4.0,32.0,-6.0,-6.0,40.0,-7.0,-7.0,0.001230633196135188,-0.00012100569527397762,2.6344797174951725e-05,-0.08084416097040226,-0.08055787318104368,-0.08105127776726118,-0.9563829898834229
381,1,test,2.231567899386088,1.0202361262629915,1.4026209091982824,3.8965719279435835,1.7814485728011822,2.4491359917089177,9.314458770746699,5.956505062244926,7.023553646614744,16.264106765500713,10.400736818531296,12.26392527932212,2.3916773113174057,1.0473278684505951,1.4569675384766416,3.7369957989334464,1.6364497944540548,2.2765117788697524,10.931814630397955,7.0961242373991595,8.38534033591694,17.080960359996805,11.087694120936188,13.102094274870218,2.1441058514508913,0.9681147115056079,1.3352775049947732,3.761589213071739,1.69844686229054,2.3425921140259174,8.534406797185758,5.293052809493574,6.289131037538013,14.972643503834664,9.286057560515042,11.0335632237509,0.5226130653266332,-0.002386934673366814,-0.002386934673366814,0.40703517587939697,-0.00296482412060306,-0.00296482412060306,0.35678391959798994,-0.0032160804020100464,-0.0032160804020100464,0.3660714285714286,0.11049936319252818,0.1720120226308346,0.3641791044776119,0.3869346733668342,0.12127051296583169,0.1866007835504736,0.3787878787878788,0.36454849498327757,0.11413113271282682,0.17100010788650333,0.34563758389261745,19.0,0.0,0.0,28.0,-2.0,-2.0,38.0,-2.0,-2.0,0.0005929560070652118,-0.000303833422499146,0.00020513361969536818,-0.0631174449129146,-0.0565251515812184,-0.060484540528410236,-0.9678623676300049
122,1,test,2.2496812754251487,1.000290342552332,1.382244903291951,4.140517684831562,1.8410251703417155,2.5440090244637137,9.484712343644091,5.996494592078013,7.103912804384647,17.45652578584802,11.036493114254009,13.074686143039226,2.333330973907931,0.9723944137790663,1.3834576039061015,3.645829646731142,1.5193662715297913,2.1616525061032834,10.312234170349804,6.412390139957207,7.726851918713132,16.11286589117157,10.019359593683138,12.07320612298927,2.2496812754251487,1.000290342552332,1.382244903291951,4.140517684831562,1.8410251703417155,2.5440090244637137,9.484712343644091,5.996494592078013,7.103912804384647,17.45652578584802,11.036493114254009,13.074686143039226,0.542713567839196,-0.0022864321608039306,-0.0022864321608039306,0.40201005025125625,-0.002989949748743781,-0.002989949748743781,0.3065326633165829,-0.0034673366834171437,-0.0034673366834171437,0.3846153846153846,0.11082573519969174,0.1721570976298451,0.3691275167785235,0.371859296482412,0.0861450107681263,0.15149201768441534,0.36868686868686873,0.3846153846153846,0.11082573519969174,0.1721570976298451,0.3691275167785235,22.0,-12.0,-12.0,30.0,-12.0,-12.0,36.0,-13.0,-13.0,0.00035116125315894607,9.281293970418513e-05,2.5041110512025407e-05,-0.018179285386617394,-0.01711210265178309,-0.01880454699744316,-0.9335169792175293
184,1,test,2.707544848691448,1.2176574877284172,1.6617733123518441,4.201872879936455,1.8896979590976528,2.5789268891143373,14.992421628873911,10.555825871889562,12.146828473422943,23.2669275551923,16.381718839435166,18.85081577296238,2.5351281998744564,1.0682821795750659,1.4701592735927742,3.8704247326327574,1.630965159656589,2.2445179749508,12.618048376568968,8.282509025379358,9.717299530962334,19.26419599476178,12.645051947144054,14.83557180299593,2.707544848691448,1.2176574877284172,1.6617733123518441,4.201872879936455,1.8896979590976528,2.5789268891143373,14.992421628873911,10.555825871889562,12.146828473422943,23.2669275551923,16.381718839435166,18.85081577296238,0.6030150753768844,-0.0019849246231156137,-0.0019849246231156137,0.39698492462311563,-0.0030150753768843908,-0.0030150753768843908,0.31658291457286436,-0.003417085427135591,-0.003417085427135591,0.3816254416961131,0.11178417185484324,0.15718360855862779,0.3900709219858156,0.36180904522613067,0.09113235349680737,0.136433419182725,0.3737373737373737,0.3816254416961131,0.11178417185484324,0.15718360855862779,0.3900709219858156,16.0,0.0,0.0,26.0,0.0,0.0,34.0,0.0,0.0,-0.00034664663010593736,-0.00025789930539274144,5.1396946359257086e-05,-0.004948932814357043,-0.005078870937090585,-0.005568500176549307,-0.4667637348175049
464,1,test,2.507048129611168,1.1010004824043045,1.5291490083605415,4.590828393184087,2.0161177664806096,2.8001300023225504,12.268661058860088,8.18886236602724,9.609796640499606,22.465989731159382,14.995189527400532,17.597160081953827,2.669125538974551,1.1433260461289918,1.593796334142974,4.170508654647736,1.7864469470765498,2.490306772098397,14.42734752191902,9.828528699230727,11.496389894778359,22.542730502998467,15.35707609254801,17.963109210591185,2.507048129611168,1.1010004824043045,1.5291490083605415,4.590828393184087,2.0161177664806096,2.8001300023225504,12.268661058860088,8.18886236602724,9.609796640499606,22.465989731159382,14.995189527400532,17.597160081953827,0.6231155778894473,-0.0018844221105527303,-0.0018844221105527303,0.44221105527638194,-0.0027889447236180143,-0.0027889447236180143,0.33668341708542715,-0.0033165829145728187,-0.0033165829145728187,0.3665480427046264,0.07347521854832084,0.1310450841247447,0.36071428571428577,0.3467336683417085,0.05350058563494153,0.10800244964387873,0.3737373737373737,0.3665480427046264,0.07347521854832084,0.1310450841247447,0.36071428571428577,21.0,-9.0,-9.0,32.0,-11.0,-11.0,37.0,-9.0,-9.0,0.0004032125036092711,-0.00011461240354618539,4.1660859264924104e-05,-0.00025954392907312496,0.0001733692814402943,2.277625207813827e-05,-0.8931019306182861
380,1,test,2.872015134408055,1.3233643196845983,1.8119758947621982,4.873722652328821,2.245709148555682,3.0748681850510033,17.672594996041298,12.9674771734329,14.786110744375735,29.989858175100384,22.00541580946189,25.091581869243672,2.96454947318264,1.3418885739605935,1.8562968163049027,4.424700706242746,2.0028187671053628,2.770592263141645,19.385967375565023,14.319413390119848,16.356906416833574,28.934279665022423,21.372258791223658,24.413293159453097,2.872015134408055,1.3233643196845983,1.8119758947621982,4.873722652328821,2.245709148555682,3.0748681850510033,17.672594996041298,12.9674771734329,14.786110744375735,29.989858175100384,22.00541580946189,25.091581869243672,0.6984924623115578,-0.0015075376884421399,-0.0015075376884421399,0.5125628140703518,-0.0024371859296482556,-0.0024371859296482556,0.3869346733668342,-0.0030653266331658324,-0.0030653266331658324,0.3978494623655914,0.09910169850154849,0.1630461250592743,0.3992805755395683,0.3869346733668342,0.08367652800342562,0.14319510742359542,0.40909090909090906,0.3978494623655914,0.09910169850154849,0.1630461250592743,0.3992805755395683,20.0,-1.0,-1.0,33.0,-5.0,-5.0,41.0,-4.0,-4.0,1.843994509361553e-05,0.00026485284202483846,-6.491033142558634e-05,-0.00490541742068995,-0.0050501331672734295,-0.00477456399543108,-1.0822083950042725
489,1,test,2.3209117523529246,1.0530637189943493,1.455850371853847,4.159386792138106,1.8872321705572883,2.609080160794253,10.184956231830316,6.631758266231568,7.809804362320247,18.252814819965565,11.885004982740842,13.996222424607632,2.4307705912757758,1.0782711062599066,1.4959163079190694,3.9524725061394728,1.7532863516421244,2.432384240518812,11.367638508815391,7.500559341270147,8.820796195429587,18.483965054984377,12.196031449219753,14.342758041348922,2.370221944556986,1.0799567653193272,1.4874125902766477,4.257883732737101,1.9400420933880134,2.671998665167631,10.699766775595437,7.066016752533079,8.28208447487432,19.221137920231325,12.693443268023497,14.877996062648482,0.6180904522613065,0.0030904522613065533,-0.0019095477386934512,0.48743718592964824,0.00743718592964826,-0.002562814070351749,0.33668341708542715,0.011683417085427195,-0.0033165829145728187,0.37421383647798745,0.08692969205098589,0.15245651430225526,0.3722397476340694,0.42211055276381915,0.13138373572121265,0.1933960285568075,0.4191919191919192,0.3946488294314381,0.10583413827951826,0.17329176602765606,0.3926174496644296,19.0,-10.0,-10.0,31.0,-20.0,-19.0,39.0,-24.0,-24.0,-0.0004387407839511666,-3.857776024261642e-05,5.4069757762670835e-05,-0.023024281000818547,-0.02522296316848749,-0.0273341722671141,-0.9089910984039307
376,1,test,3.341702109842158,1.545266975027276,2.1110033533567942,5.256829634780939,2.43085857475051,3.3208181406606876,28.267199659829103,22.23907997842381,24.843578681792618,44.46711525435104,34.98428370874856,39.08141909591938,3.4309284531291406,1.5351061659257654,2.1255252050315985,5.082856967598727,2.2742313569270602,3.1489262296764418,30.90532357759725,24.24730261784375,27.216147130414797,45.78566455940333,35.921929804212965,40.32021797098488,3.341702109842158,1.545266975027276,2.1110033533567942,5.256829634780939,2.43085857475051,3.3208181406606876,28.267199659829103,22.23907997842381,24.843578681792618,44.46711525435104,34.98428370874856,39.08141909591938,0.6884422110552764,-0.0015577889447235815,-0.0015577889447235815,0.542713567839196,-0.0022864321608039306,-0.0022864321608039306,0.4522613065326633,-0.0027386934673366836,-0.0027386934673366836,0.3955223880597015,0.08639762083437563,0.15854968334506137,0.3932584269662921,0.4120603015075377,0.11381468747244994,0.17499853189151093,0.41414141414141414,0.3955223880597015,0.08639762083437563,0.15854968334506137,0.3932584269662921,22.0,-6.0,-6.0,32.0,-9.0,-9.0,39.0,-7.0,-7.0,7.299177778409961e-05,0.00031681115936480945,6.0792328159214216e-05,-0.02652794862798924,-0.029370169478163177,-0.029662014233009515,-0.5970594882965088
16,1,test,2.574233291927813,1.197293613134619,1.645685648327187,4.46000884299121,2.074380794849514,2.851246065125009,13.12125313020502,9.158497383827662,10.590422291434496,22.733333911634276,15.867629188259553,18.34852234213651,2.64186035688199,1.167284684349906,1.6459747407291583,4.095907530049597,1.8097436966665206,2.551898822835904,14.039297431890926,9.670116016047718,11.332176682053444,21.76635260758283,14.992427931856927,17.56926617372627,2.574233291927813,1.197293613134619,1.645685648327187,4.46000884299121,2.074380794849514,2.851246065125009,13.12125313020502,9.158497383827662,10.590422291434496,22.733333911634276,15.867629188259553,18.34852234213651,0.6582914572864322,-0.0017085427135676845,-0.0017085427135676845,0.4522613065326633,-0.0027386934673366836,-0.0027386934673366836,0.3517587939698492,-0.0032412060301507672,-0.0032412060301507672,0.4040404040404041,0.09983872336813515,0.1755969549922518,0.3885135135135135,0.3869346733668342,0.07615773101094447,0.13651731109638343,0.3787878787878788,0.4040404040404041,0.09983872336813515,0.1755969549922518,0.3885135135135135,15.0,-1.0,-1.0,27.0,-2.0,-2.0,34.0,-3.0,-3.0,0.00045028074474753855,9.962848796124224e-05,-1.2836951749820238e-05,-0.004160596115041493,-0.005133100287787684,-0.004221497145189268,-0.7582368850708008
220,1,test,2.867894468433929,1.3081765815939166,1.8060332454064811,4.779824114056549,2.180294302656528,3.010055409010802,17.599921968633865,12.84244306024096,14.708173796699104,29.33320328105644,21.404071767068267,24.513622994498505,2.835430378889918,1.2518851688212318,1.7453728257355186,4.169750557191056,1.8410076012076941,2.566724743728704,17.037731402634993,12.16553320729493,14.063286146290967,25.055487356816165,17.890490010727838,20.681303156310246,2.867894468433929,1.3081765815939166,1.8060332454064811,4.779824114056549,2.180294302656528,3.010055409010802,17.599921968633865,12.84244306024096,14.708173796699104,29.33320328105644,21.404071767068267,24.513622994498505,0.6733668341708543,-0.001633165829145744,-0.001633165829145744,0.5376884422110553,-0.0023115577889447625,-0.0023115577889447625,0.42211055276381915,-0.0028894472361808976,-0.0028894472361808976,0.43560606060606055,0.11424500200492638,0.1988302419662621,0.42205323193916355,0.44221105527638194,0.12140905026385063,0.19847148933314318,0.4242424242424242,0.43560606060606055,0.11424500200492638,0.1988302419662621,0.42205323193916355,26.0,-16.0,-16.0,38.0,-19.0,-19.0,46.0,-21.0,-21.0,-3.675260916128129e-05,9.468968332319238e-05,1.7899207827977907e-05,-0.000141735257445319,-0.00018927773293242467,8.23537205478786e-05,-0.6077625751495361
104,1,test,2.0172168995127264,0.8296151432713645,1.1742593535458985,4.2296483376879745,1.7395156229883448,2.4621567090478518,7.517374185407751,4.238166754622701,5.19414630610056,15.762236195209798,8.886478679047597,10.890951932146333,2.1918583042058515,0.8686943308469133,1.2162346088052505,3.9492942418123445,1.5652150105349785,2.1914137095590096,8.951832896332277,5.196548676600017,6.2990116488000805,16.12942864204014,9.36315076864868,11.349570538378522,1.9971060122933275,0.8069908448713592,1.142511682587702,4.131943473710333,1.6696362307683295,2.3638172743193833,7.367703173870598,4.080243380019029,5.017282482578063,15.243523808008133,8.441882855211784,10.380584446713234,0.5628140703517588,-0.0021859296482411583,-0.0021859296482411583,0.3919597989949749,-0.0030402010050251116,-0.0030402010050251116,0.27638190954773867,-0.0036180904522613577,-0.0036180904522613577,0.36111111111111116,0.0791388460879987,0.1321583390371892,0.30030959752321984,0.3668341708542714,0.08362615080414604,0.13978909572906273,0.303030303030303,0.35785953177257523,0.0757226369478674,0.1242666507937098,0.2919463087248322,21.0,-12.0,-12.0,31.0,-20.0,-20.0,38.0,-22.0,-22.0,0.001259601580296587,0.00014890441960949564,0.00028802328827744254,-0.05863099607660871,-0.05165839407370676,-0.05315093866177545,-0.27567028999328613
56,1,test,2.242244164435872,0.9861308547474756,1.3623841674204031,4.155625851421149,1.8276291841319878,2.524951990285814,9.414435138851756,5.902689279344742,7.003872941962128,17.44808645733859,10.939650797718922,12.980511185769814,2.4495174417543653,1.0835592853120817,1.490573338796794,4.453668075917028,1.9701077914765124,2.710133343266899,11.582756015989215,7.663279290712085,8.973815769745963,21.059556392707663,13.93323507402197,16.316028672265386,2.242244164435872,0.9861308547474756,1.3623841674204031,4.155625851421149,1.8276291841319878,2.524951990285814,9.414435138851756,5.902689279344742,7.003872941962128,17.44808645733859,10.939650797718922,12.980511185769814,0.5527638190954773,-0.0022361809045226,-0.0022361809045226,0.3919597989949749,-0.0030402010050251116,-0.0030402010050251116,0.31658291457286436,-0.003417085427135591,-0.003417085427135591,0.35018050541516244,0.0871174423520994,0.14009647180171703,0.34782608695652173,0.3467336683417085,0.0860820392690268,0.13304418587092381,0.36868686868686873,0.35018050541516244,0.0871174423520994,0.14009647180171703,0.34782608695652173,24.0,0.0,0.0,34.0,0.0,0.0,39.0,0.0,0.0,3.6023500514369856e-05,8.786450802738136e-05,-0.00011473488353991054,-0.03007069550405017,-0.03216264430385607,-0.030078370510202568,-0.863494873046875
403,1,test,3.5254241517361473,1.695137307675092,2.2982391176546253,5.86854142331688,2.8217834450932937,3.8257273117055655,33.96817822292914,27.732503154554024,30.556565788925308,56.54458935890034,46.16447171459298,50.86550280717445,3.7027823571583736,1.7657860095350122,2.405079330428223,5.9244517714533975,2.825257615256019,3.8481269286851565,40.55999991382809,33.62211925281379,36.89912185021788,64.89599986212494,53.79539080450206,59.03859496034861,3.5254241517361473,1.695137307675092,2.2982391176546253,5.86854142331688,2.8217834450932937,3.8257273117055655,33.96817822292914,27.732503154554024,30.556565788925308,56.54458935890034,46.16447171459298,50.86550280717445,0.7688442211055276,-0.0011557788944723812,-0.0011557788944723812,0.6432160804020101,-0.001783919597989958,-0.001783919597989958,0.5025125628140703,-0.0024874371859296973,-0.0024874371859296973,0.43014705882352944,0.11088100377765786,0.18931576298000863,0.4022140221402214,0.4371859296482412,0.09382753365826624,0.18676856737779046,0.4242424242424242,0.43014705882352944,0.11088100377765786,0.18931576298000863,0.4022140221402214,25.0,0.0,0.0,33.0,0.0,0.0,43.0,0.0,0.0,0.0006813998505295108,0.0004578941388967329,8.494010638752648e-05,-0.00019717463232815646,0.00020823100688893703,5.431726479621091e-05,-0.7216713428497314
308,1,test,1.8881389694460204,0.7786678391188344,1.095589497239811,3.3348948031773866,1.375309430131967,1.93506716395603,6.607061289447654,3.574307250858273,4.3980401983269495,11.669614744998455,6.313062157360068,7.767967103538509,1.7969740090058677,0.7118955335365318,0.9728386780446434,2.994956681676446,1.1864925558942196,1.6213977967410722,6.031368954917963,3.07169688363678,3.7514604084554435,10.052281591529939,5.1194948060613,6.252434014092406,1.8881389694460204,0.7786678391188344,1.095589497239811,3.3348948031773866,1.375309430131967,1.93506716395603,6.607061289447654,3.574307250858273,4.3980401983269495,11.669614744998455,6.313062157360068,7.767967103538509,0.5276381909547738,-0.002361809045226204,-0.002361809045226204,0.3517587939698492,-0.0032412060301507672,-0.0032412060301507672,0.22613065326633164,-0.003869346733668344,-0.003869346733668344,0.38745387453874536,0.09095295372843226,0.1641409911031625,0.40740740740740744,0.3919597989949749,0.09872671628820795,0.17326196927878124,0.4040404040404041,0.38745387453874536,0.09095295372843226,0.1641409911031625,0.40740740740740744,20.0,-11.0,-11.0,30.0,-20.0,-20.0,38.0,-23.0,-23.0,-5.8893363460348746e-05,-6.000971690388236e-05,-5.430865691113864e-06,-0.02625551196020659,-0.029038462140436927,-0.027199376714219348,-0.8563060760498047
274,1,test,2.7776312962384293,1.2470289888014645,1.7109415289983472,4.947655746424703,2.221270386302609,3.0476145985283063,16.08088494675094,11.459925724359849,13.175140076271528,28.64407631140011,20.412992696515982,23.468218260858663,2.6828805441832424,1.171456045135215,1.6114642358168458,4.258540546322607,1.8594540398971664,2.5578797393918187,14.627166869838412,10.093983156819894,11.70765536808074,23.217725190219703,16.022195487015708,18.58357994933451,2.7776312962384293,1.2470289888014645,1.7109415289983472,4.947655746424703,2.221270386302609,3.0476145985283063,16.08088494675094,11.459925724359849,13.175140076271528,28.64407631140011,20.412992696515982,23.468218260858663,0.6231155778894473,-0.0018844221105527303,-0.0018844221105527303,0.4824120603015075,-0.0025879396984924696,-0.0025879396984924696,0.371859296482412,-0.003140703517587995,-0.003140703517587995,0.39084507042253525,0.08328795267209588,0.15899495332651647,0.3992932862190812,0.3869346733668342,0.08367652800342562,0.14820345466900442,0.38888888888888884,0.39084507042253525,0.08328795267209588,0.15899495332651647,0.3992932862190812,23.0,0.0,0.0,35.0,-2.0,-2.0,42.0,-1.0,-1.0,-0.0005644329372567115,-5.789933719110542e-06,-5.621207132590187e-05,-0.0002803336946550772,0.00016174870629104277,1.2262581172706177e-05,-0.29924893379211426
176,1,test,2.8948805907316375,1.349191847418774,1.8404781881959593,4.820116711752193,2.2464699207021335,3.0644855269476414,18.08134223249855,13.390140684201873,15.211082850945106,30.106312552169918,22.29523424602545,25.327191348903746,2.880928445701024,1.3183670051136815,1.8101291200382423,4.299893202538842,1.967711947930868,2.7016852537884213,17.830820445392906,13.059794137771735,14.913109676167286,26.613164843870006,19.49223005637572,22.25837265099595,2.977681723326744,1.3917757731896516,1.8970805022623047,4.75161977126608,2.220918787004763,3.027256120631337,19.642227702995424,14.75851392685602,16.6957772162472,31.343980377120356,23.55082009604684,26.642197685500854,0.6381909547738693,-0.0018090452261306789,-0.0018090452261306789,0.5226130653266332,-0.002386934673366814,-0.002386934673366814,0.42211055276381915,-0.0028894472361808976,-0.0028894472361808976,0.42690058479532167,0.13346992786101508,0.20598171871516524,0.3870967741935484,0.4371859296482412,0.1314215186206723,0.20346305819582056,0.3737373737373737,0.4448160535117057,0.1493235660325738,0.22234664305564344,0.40268456375838924,24.0,0.0,0.0,35.0,0.0,0.0,47.0,0.0,0.0,8.813428107696623e-05,5.20339266042623e-05,0.00012298990264559767,0.0003372312314926518,-6.291574659478272e-05,0.0001629201083366283,-0.5388855934143066
168,1,test,3.3579970709285383,1.5925365265197844,2.1490987362184724,5.769324754839989,2.7361132875845233,3.692334530843439,28.731585880508046,22.887322599336976,25.381793611342314,49.36330978406436,39.322368082903424,43.60808157693388,3.4001203218297142,1.536405489418639,2.1130264975720783,5.000176943867227,2.2594198373803516,3.1073919081942334,29.967705599649427,23.52006134400652,26.345461233913866,44.0701552936021,34.588325505891945,38.74332534399098,3.325241567299119,1.5661384500154427,2.114953194633442,5.573030559719194,2.624813044718619,3.5446142926817465,27.805714782857244,21.99848812603388,24.451262937550386,46.60175661931382,36.86897451290594,40.9797702863973,0.7236180904522613,-0.0013819095477386467,-0.0013819095477386467,0.5628140703517588,-0.0021859296482411583,-0.0021859296482411583,0.457286432160804,-0.0027135678391959628,-0.0027135678391959628,0.422360248447205,0.12158505464875535,0.1826908269596017,0.4330218068535826,0.42211055276381915,0.11133361040792944,0.1783709868205804,0.43939393939393945,0.4247491638795987,0.12257888007325479,0.18225750648249084,0.43288590604026844,22.0,-11.0,-11.0,34.0,-19.0,-19.0,45.0,-20.0,-20.0,6.742805726910245e-06,2.45187105541772e-05,-0.00011362100436664408,-0.0032739668251133835,-0.004127415146147229,-0.004533637584394512,-0.656808614730835
445,1,test,2.3275677187413706,1.035301529779667,1.4344432408489833,4.2780434607034135,1.9028726441201704,2.6364906493816513,10.252973065952055,6.611944594063964,7.810223007203742,18.8448499368616,12.152680287413654,14.355102622178945,2.2805186162641897,0.9597326259517189,1.3551519935454555,3.832804397082672,1.612996010002889,2.2775663757066478,9.781752070008203,6.035387243199436,7.258959065946485,16.43991944539194,10.14350797176376,12.199931203271406,2.314032476881276,1.0256027070973628,1.420330026476678,4.207331776147774,1.8647321947224782,2.5824182299575966,10.115131559191296,6.488044838459199,7.670969249973163,18.391148289438718,11.796445160834907,13.947216818133022,0.5979899497487438,-0.0020100502512562235,-0.0020100502512562235,0.42713567839195976,-0.002864321608040288,-0.002864321608040288,0.29648241206030146,-0.0035175879396985854,-0.0035175879396985854,0.3597560975609756,0.0777439024390244,0.13719512195121952,0.33944954128440363,0.371859296482412,0.07286432160804013,0.14070351758793964,0.3282828282828283,0.3612040133779264,0.08026755852842804,0.13935340022296538,0.3355704697986577,23.0,-13.0,-13.0,35.0,-16.0,-16.0,39.0,-14.0,-14.0,0.0006077563639514635,-0.00010844726445834906,-9.013362589569752e-05,-0.021387535915461164,-0.01888998888244675,-0.02097803083685701,-0.7402207851409912
167,1,test,3.1028808743808978,1.4431706372869981,1.9717145068298056,5.504545731952553,2.560201017559985,3.497843814376039,22.261992994369287,17.00420588234553,19.162723714448514,39.493027119954554,30.16565337320055,33.994888397383235,2.792788406712326,1.1723346785408075,1.655940360804374,4.541119360507847,1.9062352496598494,2.692585952527437,16.326481259748473,11.271097693538113,13.209552809279646,26.54712399959101,18.326988119574168,21.47894765736528,3.175834780552714,1.4781410670333837,2.0194640593339983,5.475577207849508,2.5485190810920413,3.481834585058618,23.946801851414584,18.48546440389159,20.76842474947775,41.28758939899066,31.87149035153722,35.80762887840991,0.6482412060301508,-0.0017587939698492372,-0.0017587939698492372,0.48743718592964824,-0.002562814070351749,-0.002562814070351749,0.371859296482412,-0.003140703517587995,-0.003140703517587995,0.3354632587859425,0.070710467717362,0.11229641500273313,0.34935897435897434,0.3919597989949749,0.09872671628820795,0.14655078396993315,0.36868686868686873,0.3377926421404682,0.06734189088838138,0.11309853757984534,0.3557046979865772,21.0,-6.0,-6.0,33.0,-12.0,-12.0,40.0,-13.0,-13.0,-0.0009600380006705568,0.00022224544808267495,-0.00022270616567214991,-0.002768389028717344,-0.0034469122987736966,-0.0042775700566881625,-0.3424372673034668
32,1,test,2.507142106972819,1.071729053246259,1.4828115090885767,4.506508597343548,1.9263990577337822,2.6653067631718725,12.269814089435926,8.068434043319744,9.484583692159896,22.05460254050508,14.502754862675992,17.048239041603864,2.355703467100709,0.9777863852342767,1.3717336900270163,4.096875594957755,1.700498061277003,2.385623808742637,10.54554469674488,6.578913847262175,7.870490134947133,18.340077733469357,11.441589299586393,13.68780893034284,2.507142106972819,1.071729053246259,1.4828115090885767,4.506508597343548,1.9263990577337822,2.6653067631718725,12.269814089435926,8.068434043319744,9.484583692159896,22.05460254050508,14.502754862675992,17.048239041603864,0.6231155778894473,-0.0018844221105527303,-0.0018844221105527303,0.4371859296482412,-0.002814070351758735,-0.002814070351758735,0.31155778894472363,-0.003442211055276312,-0.003442211055276312,0.39575971731448767,0.107773851590106,0.16018845700824502,0.4184397163120568,0.3919597989949749,0.07788944723618096,0.13567839195979903,0.4191919191919192,0.39575971731448767,0.107773851590106,0.16018845700824502,0.4184397163120568,20.0,-2.0,-2.0,34.0,-11.0,-11.0,40.0,-6.0,-6.0,-0.0003308873169700285,-0.0001991664352801913,-1.9182018596224092e-05,-0.01506400408472608,-0.014456941303794046,-0.01420595339294728,-0.4127528667449951
311,1,test,2.22064760399152,1.0181216077259652,1.4026275256248715,4.536660442510283,2.079966229280653,2.8654905891600135,9.213295501254619,5.884781374381862,6.947286628123196,18.822253999495633,12.022283421283191,14.192922988742481,1.9509100572547722,0.7512647381741804,1.1199904846283621,3.4226492232539867,1.3180083125862816,1.9648955870673024,7.035087000190984,3.716147450768868,4.7396584168613325,12.342257895071903,6.519556931173453,8.315190205019881,2.2285017508726854,1.0368365002823563,1.4169849696003913,4.369611276220952,2.033012745651679,2.778401901177238,9.285942995974203,5.993383414503176,7.034622837456705,18.2077313646553,11.751732185300344,13.793378112660204,0.48743718592964824,-0.002562814070351749,-0.002562814070351749,0.36180904522613067,-0.0031909547738693256,-0.0031909547738693256,0.2613065326633166,-0.003693467336683409,-0.003693467336683409,0.37349397590361444,0.12386991575323847,0.18311321438056838,0.38972809667673713,0.3668341708542714,0.11370133877407085,0.1581530356288957,0.35858585858585856,0.38795986622073575,0.12919525854127,0.19107443796712065,0.40604026845637586,17.0,-8.0,-8.0,24.0,-15.0,-15.0,32.0,-21.0,-21.0,-0.00030530378975928264,-0.00023848245394152056,-0.00030611784090382694,-0.08212432560800931,-0.07701788690639244,-0.08272299078404544,-0.5489141941070557
225,1,test,2.7508753666894363,1.2746758444636832,1.7372615334907564,4.660306503567986,2.1594508423855334,2.9431254214431632,15.6563309180389,11.280048844652004,12.900789808820335,26.523666496442374,19.109729807410456,21.855455676119156,2.756627366770452,1.226703723087021,1.6865686163806397,4.307230260578831,1.9167245673234699,2.6352634630947493,15.74664563085674,11.128821422066068,12.831094846166195,24.604133798213656,17.38878347197823,20.04858569713468,2.7508753666894363,1.2746758444636832,1.7372615334907564,4.660306503567986,2.1594508423855334,2.9431254214431632,15.6563309180389,11.280048844652004,12.900789808820335,26.523666496442374,19.109729807410456,21.855455676119156,0.6582914572864322,-0.0017085427135676845,-0.0017085427135676845,0.5175879396984925,-0.002412060301507535,-0.002412060301507535,0.371859296482412,-0.003140703517587995,-0.003140703517587995,0.40418118466898956,0.09983335858203302,0.178225217113949,0.41608391608391604,0.40703517587939697,0.10127076485182807,0.1699734062633702,0.4191919191919192,0.40418118466898956,0.09983335858203302,0.178225217113949,0.41608391608391604,24.0,-15.0,-15.0,33.0,-19.0,-19.0,42.0,-17.0,-17.0,9.598921162084345e-05,0.00012755844026017047,-0.00014749251871310745,-0.00030112346023614123,0.00015012813114179124,1.7489102663859057e-06,-0.8846848011016846
75,1,test,2.5858028869076475,1.1930336510905641,1.619143918074057,4.889247987313885,2.2557935126942277,3.0614847646342795,13.27394228721474,9.247958759159523,10.644796575884202,25.098431106285343,17.486082941169443,20.1272303072753,2.704555369501737,1.202238654375986,1.660459950813684,4.193109100002693,1.8639358982573428,2.574356512889433,14.947669023232086,10.455585119751508,12.10684142176784,23.174680656173777,16.210209487986834,18.770296777934636,2.4281634267755976,1.1090384970816145,1.5031038653060667,4.761104758383524,2.1745852883953223,2.947262480992287,11.338039806353457,7.597892753141928,8.81602133534242,22.23145060069305,14.89782892772927,17.286316343808664,0.6482412060301508,-0.0017587939698492372,-0.0017587939698492372,0.4623115577889447,-0.002688442211055242,-0.002688442211055242,0.371859296482412,-0.003140703517587995,-0.003140703517587995,0.3871951219512195,0.11170044919627276,0.16812818483154401,0.40061162079510704,0.39698492462311563,0.10375184191634867,0.15992315500708887,0.4191919191919192,0.37792642140468224,0.10079787382538341,0.1621310932623018,0.37583892617449666,21.0,-8.0,-8.0,32.0,-7.0,-7.0,39.0,-7.0,-7.0,0.0002873498961944174,-7.917484901179966e-05,6.139069970542367e-05,-0.010092060324735641,-0.009758875285800883,-0.011824743325944631,-0.6546857357025146
449,1,test,2.3221641789653344,1.0309804604921253,1.4447150613941002,4.549269005575362,2.0197570424845726,2.8302897401580323,10.197720133317816,6.560630834894157,7.792962511400963,19.977989734862387,12.85269783444177,15.266914861516504,2.4666957867205443,1.1063467252254637,1.551814223175674,4.145707204572344,1.8594062608831328,2.6080911313876873,11.783447432445298,7.885893882199668,9.286967872239817,19.80411333184084,13.253603163360788,15.608349365108937,2.356222027121579,1.092192057963502,1.4899580885614752,4.560429729912733,2.113920112187423,2.883789848828661,10.551014612740213,7.011357119445941,8.173004767106612,20.421318605303636,13.570368618282465,15.818718904077311,0.5979899497487438,-0.0020100502512562235,-0.0020100502512562235,0.457286432160804,-0.0027135678391959628,-0.0027135678391959628,0.35678391959798994,-0.0032160804020100464,-0.0032160804020100464,0.3922155688622755,0.09774621161264918,0.16313190352363005,0.3363363363363363,0.39698492462311563,0.11127063890882993,0.17828709490692196,0.3282828282828283,0.3812709030100334,0.08744786461270448,0.15991383960625138,0.325503355704698,19.0,-4.0,-4.0,31.0,-4.0,-4.0,40.0,-5.0,-5.0,0.0006446098090837404,0.00012370007527273905,0.0003184911105593537,-0.006906493602151009,-0.0062946167705586475,-0.007320371176477991,-0.9146716594696045
23,1,test,3.3999549138219387,1.5913932858264608,2.1795770407539523,5.825653741227065,2.7267732909190237,3.734596917783088,29.962749111101335,23.861084457426717,26.574281208603814,51.339681225454335,40.88478214050309,45.533709907139865,3.6913131026167365,1.6899044151282188,2.349752662369554,5.550846770852235,2.5412096468093517,3.5334626501797803,40.097464489162114,32.69799218448608,36.272456942549454,60.29693908144679,49.16991305937756,54.545048033908955,3.3999549138219387,1.5913932858264608,2.1795770407539523,5.825653741227065,2.7267732909190237,3.734596917783088,29.962749111101335,23.861084457426717,26.574281208603814,51.339681225454335,40.88478214050309,45.533709907139865,0.7336683417085428,-0.001331658291457205,-0.001331658291457205,0.6030150753768844,-0.0019849246231156137,-0.0019849246231156137,0.5175879396984925,-0.002412060301507535,-0.002412060301507535,0.40753424657534243,0.09931506849315064,0.17465753424657526,0.3745704467353952,0.4371859296482412,0.11557788944723624,0.19430485762144056,0.41414141414141414,0.40753424657534243,0.09931506849315064,0.17465753424657526,0.3745704467353952,26.0,0.0,0.0,37.0,0.0,0.0,47.0,1.0,1.0,0.0009709516217981913,0.000552452323459737,-8.265116249420682e-05,-0.014362360194227541,-0.01460167896369935,-0.013832084595814642,-0.7297825813293457
457,1,test,3.068137073249959,1.4128207701317559,1.9241297492607536,5.06336731720392,2.331587651321732,3.17540431012971,21.501809045605132,16.26707362212356,18.362485567138663,35.48458057219497,26.845661376387966,30.303733850063193,2.9977953619693394,1.3395374449141282,1.8503611371018769,4.611992864568214,2.0608268383294277,2.846709441695195,20.04130436093081,14.791147696222033,16.89120427744664,30.83277593989355,22.75561184034159,25.986468119148675,3.068137073249959,1.4128207701317559,1.9241297492607536,5.06336731720392,2.331587651321732,3.17540431012971,21.501809045605132,16.26707362212356,18.362485567138663,35.48458057219497,26.845661376387966,30.303733850063193,0.6683417085427136,-0.0016582914572863539,-0.0016582914572863539,0.5175879396984925,-0.002412060301507535,-0.002412060301507535,0.4120603015075377,-0.0029396984924623393,-0.0029396984924623393,0.4328358208955224,0.13115984324189112,0.19586311618088226,0.47940074906367036,0.4120603015075377,0.10128335915164799,0.16665128648249594,0.4696969696969697,0.4328358208955224,0.13115984324189112,0.19586311618088226,0.47940074906367036,18.0,-5.0,-5.0,30.0,-6.0,-6.0,40.0,-10.0,-10.0,-0.0003280757292802756,-0.0005761896776523142,-0.0002680665598641978,-0.00016945494488584956,0.00022372510708557058,6.833549267337702e-05,-0.9467058181762695
318,1,test,2.106934858693017,0.9187362119406921,1.283282083431304,3.7606337303416058,1.6398373085220492,2.290509300077967,8.22299796648737,4.941832623631967,5.944189337481247,14.677095207625712,8.820596601482638,10.609686782597343,2.0920419123903593,0.8788328261968825,1.2210953783004288,3.294554192740723,1.3839887026722557,1.9229848477172105,8.101440718879568,4.737177159061071,5.7122695032766835,12.758174360440265,7.460121510332395,8.995700005160131,2.12010051853282,0.9194860341295314,1.2731393090796999,3.763492044732817,1.6322237292240205,2.260010607833787,8.331974963494892,5.009817253740547,5.999427016799762,14.790488100878505,8.893166722616355,10.649870444023247,0.5276381909547738,-0.002361809045226204,-0.002361809045226204,0.3869346733668342,-0.0030653266331658324,-0.0030653266331658324,0.2864321608040201,-0.003567839195979916,-0.003567839195979916,0.38235294117647056,0.10339698685346899,0.169309462915601,0.360655737704918,0.38190954773869346,0.10622032468104936,0.16321171802249979,0.3535353535353535,0.3812709030100334,0.10915070267614357,0.16881261602449393,0.36241610738255037,20.0,0.0,0.0,29.0,0.0,0.0,38.0,0.0,0.0,0.0005752227735480867,0.0003503549587871712,-5.922183093890683e-07,-0.051528315822281456,-0.05055952416518483,-0.04834732817829046,-0.7137563228607178
455,1,test,2.6582513971436295,1.1473242162844233,1.6068099249708923,4.795629209711818,2.069834903702304,2.8987719592380286,14.27131241024261,9.740382571445068,11.409539097312543,25.746219010370112,17.572176666052925,20.583425263394926,2.6786831521508683,1.1677542697575451,1.6024270962871168,4.540140935848929,1.979244525012788,2.715978129300198,14.565899587515144,10.03496203917934,11.632224139959742,24.687965402568043,17.00841023589719,19.71563413552499,2.6582513971436295,1.1473242162844233,1.6068099249708923,4.795629209711818,2.069834903702304,2.8987719592380286,14.27131241024261,9.740382571445068,11.409539097312543,25.746219010370112,17.572176666052925,20.583425263394926,0.6381909547738693,-0.0018090452261306789,-0.0018090452261306789,0.4824120603015075,-0.0025879396984924696,-0.0025879396984924696,0.3467336683417085,-0.003266331658291488,-0.003266331658291488,0.40601503759398494,0.09832272990167723,0.17226503759398493,0.41132075471698115,0.3919597989949749,0.0811828566390852,0.15155913121534215,0.4040404040404041,0.40601503759398494,0.09832272990167723,0.17226503759398493,0.41132075471698115,24.0,-10.0,-10.0,32.0,-7.0,-7.0,39.0,-9.0,-9.0,5.648480086818427e-05,2.1310809281286784e-06,-3.619742352366419e-05,-0.00015559510116602837,0.0002314721571865519,7.534460660885145e-05,-0.6605701446533203
22,1,test,2.2026949183394513,1.0232478738627202,1.3063379307591585,4.659546942641147,2.164562810094216,2.7634071612212967,9.049367975750275,5.796792799614147,6.598708927716512,19.142893794856352,12.26244630687608,13.958807347092623,2.193444382605241,0.9478859916651989,1.34393002397647,4.4312007729398815,1.9149211952832306,2.715010149447414,8.966042470894882,5.491167874698656,6.627531572418929,18.113217112918953,11.093268433734657,13.388952671553394,2.265907391257908,1.0497082031767369,1.4410342811794423,4.442955669133153,2.058251378777915,2.8255574140773376,9.639867765512733,6.265529660421032,7.358276529485129,18.90170150100536,12.285352275335358,14.42799319506888,0.49246231155778897,-0.002537688442211028,-0.002537688442211028,0.4170854271356784,-0.0029145728643216184,-0.0029145728643216184,0.31155778894472363,-0.003442211055276312,-0.003442211055276312,0.37760416666666663,0.11492536302557432,0.16059536901270766,0.3420365535248042,0.38190954773869346,0.12125791866601177,0.18324510700413588,0.31818181818181823,0.38795986622073575,0.1225174622140579,0.18884974386256004,0.3557046979865772,19.0,0.0,0.0,27.0,0.0,0.0,35.0,0.0,0.0,0.0008789622464079764,6.457773044654472e-05,0.0002548164052799863,-0.09605148585620515,-0.09346354188148354,-0.09425557219605185,-0.5999646186828613
245,1,test,2.456118280920264,1.1499980338230138,1.5147504603595066,4.563143608207191,2.1365445704529087,2.81420643904355,11.659464818258234,7.967642286746854,9.095979408840599,21.66174681970819,14.80282780177334,16.8991292570338,3.1803890077312986,1.438737288953477,2.010944152584206,5.048236520208411,2.2837099824658367,3.191974845371756,24.05610974480655,18.349348137064272,20.835905282513096,38.18430118223262,29.125949423911546,33.07286552779857,2.6724633349224076,1.2220985633325967,1.68064452286717,4.800832338183966,2.1953866407172398,3.0191218973661735,14.475583520193169,10.210913658309206,11.779449744036318,26.004042251844016,18.34295866762133,21.160688162939493,0.6984924623115578,-0.0015075376884421399,-0.0015075376884421399,0.5728643216080402,-0.0021356783919597166,-0.0021356783919597166,0.40201005025125625,-0.002989949748743781,-0.002989949748743781,0.38630136986301367,0.10996758053332834,0.1692925722090547,0.2939560439560439,0.37688442211055273,0.058588682762181765,0.13481430524911697,0.36868686868686873,0.38795986622073575,0.10582297139602792,0.17550157923519627,0.3120805369127517,20.0,-3.0,-3.0,33.0,-2.0,-2.0,42.0,-5.0,-5.0,0.0008595831975561008,0.0008242226965224567,0.00027959235521181445,-0.044843577209245034,-0.04755252335971072,-0.046108470986799155,-0.661907434463501
69,1,test,2.8844451794729515,1.3177909719673655,1.8114397328993685,4.83100327604979,2.2070977628655877,3.0338837244265497,17.893637083791294,13.103044063848849,14.969482386397209,29.969097692484805,21.945589137611876,25.071587064333976,3.07275456819103,1.3576061314658903,1.885854397401448,4.727314720293892,2.0886248176398308,2.9013144575406886,21.601323116142005,16.04382272784544,18.324415522723207,33.23280479406462,24.68280419668529,28.19140849649724,2.8844451794729515,1.3177909719673655,1.8114397328993685,4.83100327604979,2.2070977628655877,3.0338837244265497,17.893637083791294,13.103044063848849,14.969482386397209,29.969097692484805,21.945589137611876,25.071587064333976,0.7085427135678393,-0.0014572864321606982,-0.0014572864321606982,0.5527638190954773,-0.0022361809045226,-0.0022361809045226,0.4170854271356784,-0.0029145728643216184,-0.0029145728643216184,0.4227941176470589,0.10960730446024569,0.18864777618364426,0.3726937269372693,0.40703517587939697,0.08703517587939702,0.1591150427679161,0.38383838383838387,0.4227941176470589,0.10960730446024569,0.18864777618364426,0.3726937269372693,23.0,-4.0,-4.0,35.0,-5.0,-5.0,46.0,-9.0,-9.0,0.0003309402377697911,0.00035010986554006484,0.00013224391546539862,-0.00019717463232815646,0.00020823100688893703,5.431726479621091e-05,-0.4429175853729248
268,1,test,3.6574772193019554,1.7453600298193166,2.365437509870171,5.4555665785118554,2.603414122691383,3.528334162767238,38.763427786710416,31.99602627358153,35.12322383986651,57.82030848632224,47.725916285174684,52.39050706840424,3.805500195853075,1.7873536273462687,2.433950637652846,5.596323817430992,2.628461216685689,3.579339173018891,44.947727157811975,37.42336105312546,41.006273680313726,66.0995987614882,55.034354489890376,60.30334364752018,3.6574772193019554,1.7453600298193166,2.365437509870171,5.4555665785118554,2.603414122691383,3.528334162767238,38.763427786710416,31.99602627358153,35.12322383986651,57.82030848632224,47.725916285174684,52.39050706840424,0.8040201005025126,-0.0009798994974873354,-0.0009798994974873354,0.6884422110552764,-0.0015577889447235815,-0.0015577889447235815,0.5326633165829145,-0.0023366834170853723,-0.0023366834170853723,0.424812030075188,0.09210526315789469,0.17669172932330823,0.41132075471698115,0.42211055276381915,0.07286432160804024,0.15745393634840876,0.43939393939393945,0.424812030075188,0.09210526315789469,0.17669172932330823,0.41132075471698115,26.0,-5.0,-5.0,35.0,-4.0,-4.0,46.0,-1.0,-1.0,0.00028240261259503325,0.00035596710075782017,5.979897163941048e-05,-0.00015559510116602837,0.0002314721571865519,7.534460660885145e-05,-1.2728641033172607
147,1,test,2.2954176792182825,1.0612735138866964,1.3086496611026321,3.828870983592322,1.7702570646574771,2.1828927956981663,9.92858210876975,6.49314501273963,7.2460316166890095,16.561369326661573,10.830889191374819,12.08674153489204,2.454025723826346,1.109094124343527,1.5383568818445381,3.3616790737347206,1.519307019648667,2.1073381943075864,11.635092231849343,7.797168216215288,9.136646473246612,15.938482509382663,10.681052350979847,12.515954072940565,2.362963801243632,1.0721801732694822,1.4792635794334452,3.6167813284341306,1.6410921019430849,2.2641789481124164,10.622387489591278,6.986753064980146,8.202550394535317,16.2587563616193,10.694009793336958,12.554924073268342,0.5678391959798995,-0.0021608040201005485,-0.0021608040201005485,0.4723618090452262,-0.0026381909547738003,-0.0026381909547738003,0.3517587939698492,-0.0032412060301507672,-0.0032412060301507672,0.4239401496259352,0.1433915211970075,0.19031356116063702,0.41500000000000004,0.4321608040201005,0.1532663316582914,0.2244556113902847,0.43939393939393945,0.4347826086956522,0.1588628762541806,0.23076923076923084,0.4295302013422819,25.0,-16.0,-16.0,35.0,-16.0,-16.0,42.0,-14.0,-14.0,-0.00032562000198448803,0.00017443225052650509,-8.276696980949222e-05,-0.015737164701567607,-0.01399509859350978,-0.015377464374759064,-0.8415606021881104
350,1,test,2.714463951399452,1.198981107459028,1.5498193968361702,4.496568545579092,1.9861382693125633,2.567309522585134,15.096515436557342,10.544897118880709,11.891731881517337,25.007706005775425,17.467851314319788,19.698912377643943,2.952804420461607,1.2407074239869225,1.7630522043294699,4.577991349552879,1.9235774015301126,2.733414270278248,19.159610058094056,13.619042202729357,15.87334323550661,29.70482179549466,21.11479411275869,24.609834473653656,2.7947702946072837,1.1888468391810723,1.6755869185570496,4.6067642218801375,1.9596376470017671,2.7619564591599715,16.358870600744062,11.37641204340534,13.296518209137307,26.965171319907792,18.752327544074735,21.917337707369185,0.6532663316582914,-0.0017336683417086274,-0.0017336683417086274,0.49246231155778897,-0.002537688442211028,-0.002537688442211028,0.37688442211055273,-0.003115577889447274,-0.003115577889447274,0.37368421052631584,0.08196279134103335,0.12734989967587595,0.36147757255936674,0.38190954773869346,0.0736388710469641,0.1381699817954547,0.38383838383838387,0.37792642140468224,0.09412007749817142,0.14878292863493814,0.3691275167785235,22.0,-6.0,-6.0,33.0,-7.0,-7.0,43.0,-9.0,-9.0,9.531123626848036e-05,0.0002504080974995848,4.7437554995662275e-05,-0.0053707316282647355,-0.007202767255728659,-0.006911262551160924,-0.6097257137298584
393,1,test,2.450775570528848,1.1243499642529167,1.5119156484330205,4.503781284060867,2.066213808653266,2.7784418460732474,11.597337785569245,7.829785210653839,9.040273282418886,21.312385145208403,14.388767586070667,16.613277079209574,2.348258349763688,1.0221215267763684,1.4184150760595289,3.7875134673607875,1.64858310770382,2.2877662517089172,10.467323423688175,6.7008586979114835,7.933211439179386,16.88277971562609,10.807836609534652,12.795502321257075,2.411135565078378,1.0834696360721614,1.4896054668581131,4.230062394874348,1.9008239229336166,2.613342924312479,11.14661166390996,7.3743832086974805,8.633478874339124,19.55545905949116,12.937514401223652,15.146454165507237,0.5678391959798995,-0.0021608040201005485,-0.0021608040201005485,0.4170854271356784,-0.0029145728643216184,-0.0029145728643216184,0.31155778894472363,-0.003442211055276312,-0.003442211055276312,0.3828571428571429,0.11038923986142246,0.16291579388353583,0.3696275071633238,0.3919597989949749,0.11627057593733081,0.16992307111517524,0.3484848484848485,0.3846153846153846,0.11082573519969174,0.16770770942072388,0.35906040268456374,22.0,-9.0,-9.0,35.0,-13.0,-13.0,44.0,-15.0,-15.0,0.00045843509863891066,-0.0001227637003514095,3.065256118825906e-05,-0.0029144993112968365,-0.0035902327256138733,-0.003245617266768086,-0.8750779628753662
203,1,test,2.5933865551908024,1.1831608098844772,1.5877367869450345,4.857454182738328,2.2160789772439413,2.973856204119271,13.37499013472043,9.278109983567138,10.641307178469361,25.051568823762075,17.37804727080829,19.931337254910865,2.154712007872423,0.9249590334697875,1.2845229065226929,3.5615074510287985,1.528857906561632,2.123178357888748,8.625405772281567,5.205021262885882,6.238043508013358,14.2568690450935,8.60334093038989,10.310815715724559,2.436341335542226,1.0587885993585884,1.4512677810396477,4.539766463743279,1.9728980112271834,2.7042256789558654,11.431141430906248,7.465955543000051,8.753132574120027,21.300263535850153,13.911718403105686,16.31018492072055,0.457286432160804,-0.0027135678391959628,-0.0027135678391959628,0.371859296482412,-0.003140703517587995,-0.003140703517587995,0.3266331658291457,-0.0033668341708542604,-0.0033668341708542604,0.3909348441926346,0.13068024730437433,0.1846787347107186,0.4232954545454546,0.36180904522613067,0.11870127580257173,0.18150854439140618,0.3787878787878788,0.3812709030100334,0.13252298982138566,0.19328425117466075,0.40604026845637586,19.0,-3.0,-3.0,27.0,-3.0,-3.0,36.0,-3.0,-3.0,-0.0007619704548489562,-0.00017088710285675118,-0.00030568480870294957,-0.10890076111083946,-0.10790994949769317,-0.10942498498400965,-0.48093128204345703
337,1,test,2.9484718752943953,1.3632914581869804,1.8611651794769304,4.588352300317682,2.121526595043784,2.8963076107590435,19.07677974473504,14.196607979169507,16.11050551912515,29.686898816244973,22.092474214775017,25.070842858413858,2.871975030731316,1.315501246153141,1.8085069900039012,4.102821472473309,1.8792874945044873,2.5835814142912876,17.67188627421571,12.929816106630991,14.77548785508521,25.245551820308158,18.471165866615703,21.107839792978872,2.9484718752943953,1.3632914581869804,1.8611651794769304,4.588352300317682,2.121526595043784,2.8963076107590435,19.07677974473504,14.196607979169507,16.11050551912515,29.686898816244973,22.092474214775017,25.070842858413858,0.6683417085427136,-0.0016582914572863539,-0.0016582914572863539,0.5175879396984925,-0.002412060301507535,-0.002412060301507535,0.3869346733668342,-0.0030653266331658324,-0.0030653266331658324,0.39855072463768115,0.10017821107529412,0.17565915837262092,0.4181818181818182,0.40703517587939697,0.09124570219518646,0.17164285534517332,0.43434343434343436,0.39855072463768115,0.10017821107529412,0.17565915837262092,0.4181818181818182,24.0,-6.0,-6.0,34.0,-4.0,-4.0,44.0,-7.0,-7.0,0.00010138043184104934,-0.0003452169570931657,-7.332358191261124e-05,-0.00022489431977135155,0.00019273690668875076,4.029903692170933e-05,-0.7722456455230713
36,1,test,2.7982271134853365,1.2826731350226412,1.754296851087353,4.467623970962384,2.047904266712285,2.800894404292876,16.41551810713552,11.863576000748157,13.57515964747673,26.20886697786978,18.941277592103592,21.673976482619096,2.6761554413704416,1.1542151443177666,1.6121355026292576,4.117162217492987,1.7757156066427178,2.4802084655834733,14.529127700028328,9.948022417598215,11.631130323173014,22.352504153889733,15.304649873228023,17.894046651035406,2.7982271134853365,1.2826731350226412,1.754296851087353,4.467623970962384,2.047904266712285,2.800894404292876,16.41551810713552,11.863576000748157,13.57515964747673,26.20886697786978,18.941277592103592,21.673976482619096,0.592964824120603,-0.0020351758793969443,-0.0020351758793969443,0.4623115577889447,-0.002688442211055242,-0.002688442211055242,0.3668341708542714,-0.0031658291457286047,-0.0031658291457286047,0.4,0.10766488413547237,0.17909738717339674,0.3978494623655914,0.39698492462311563,0.12129570156547154,0.17995654398872496,0.3787878787878788,0.4,0.10766488413547237,0.17909738717339674,0.3978494623655914,23.0,-11.0,-11.0,36.0,-18.0,-18.0,42.0,-17.0,-17.0,-0.00027253226672488857,0.00017264364769261045,8.41688277687194e-05,-0.0002526140072118821,0.00017724280649034085,2.6280809047207754e-05,-0.8604798316955566
299,1,test,3.0920362076798424,1.3830710283008414,1.9210150812458384,5.334851203391278,2.386284520659902,3.3144274289100735,22.021873461697037,16.498630508089192,18.796589080958704,37.99548590222376,28.465947003393325,32.43073468193579,3.1372361392831083,1.4115250971609725,1.9413785346067327,5.3627968192873645,2.41286341395038,3.3185957856525343,23.040099151826173,17.42358596414148,19.733707019524594,39.384784874916534,29.78390763101108,33.73283251200785,3.0920362076798424,1.3830710283008414,1.9210150812458384,5.334851203391278,2.386284520659902,3.3144274289100735,22.021873461697037,16.498630508089192,18.796589080958704,37.99548590222376,28.465947003393325,32.43073468193579,0.7185929648241206,-0.0014070351758793676,-0.0014070351758793676,0.6180904522613065,-0.0019095477386934512,-0.0019095477386934512,0.4723618090452262,-0.0026381909547738003,-0.0026381909547738003,0.4508196721311475,0.10317141037245625,0.18923929065975786,0.411522633744856,0.44221105527638194,0.09133386229392582,0.1717603040242951,0.40909090909090906,0.4508196721311475,0.10317141037245625,0.18923929065975786,0.411522633744856,24.0,-8.0,-8.0,39.0,-13.0,-13.0,42.0,-6.0,-6.0,-0.00011275331627109667,7.106597790999912e-05,0.00016794231573370142,-0.0074057771692839225,-0.008385048515219928,-0.008943128758621022,-0.6033663749694824
386,1,test,2.4686356014675566,1.0958453615506492,1.521640335315119,4.309883149523468,1.9131885870166028,2.656565447290484,11.80632732174421,7.859980720202179,9.22837537100026,20.612151567244034,13.722397279468998,16.111417774784982,2.486164183472868,1.058881612578828,1.4831993258378813,3.738592757102057,1.592303176810268,2.230374926072002,12.01509989654278,7.847740608757719,9.28874679026822,18.067819393297412,11.801113697380027,13.968040286117624,2.450999709674746,1.073562147027274,1.5000008247634906,4.154236796058892,1.8195968593682612,2.542374279260154,11.599937494292558,7.635208264568652,9.011643718210372,19.660911007275523,12.941030956896022,15.273972403746397,0.5025125628140703,-0.0024874371859296973,-0.0024874371859296973,0.35678391959798994,-0.0032160804020100464,-0.0032160804020100464,0.2864321608040201,-0.003567839195979916,-0.003567839195979916,0.346031746031746,0.08412698412698416,0.13650793650793647,0.3598726114649682,0.31155778894472363,0.07537688442211055,0.11055276381909551,0.3282828282828283,0.3277591973244147,0.0735785953177257,0.12486064659977703,0.3422818791946308,10.0,0.0,0.0,10.0,0.0,0.0,10.0,0.0,0.0,-0.0004738392762912458,-0.0005544389067577474,-6.967921150703322e-05,0.00044385224850973515,4.166942974936916e-05,-9.637868485956602e-05,-0.8336315155029297
45,1,test,2.816054153291485,1.2873925404458109,1.7699215259984578,4.531417089306602,2.071591042240213,2.8480463134086853,16.71078222484079,12.098782176696762,13.864161365908217,26.889938910022998,19.468598731029815,22.30933580199444,2.8720962192544985,1.2604096591772147,1.7574983182264932,4.102994598934998,1.8005852273960214,2.5107118831807047,17.674028033790847,12.66277214505396,14.625685836338526,25.24861147684407,18.08967449293423,20.89383690905504,2.8323341891119713,1.3093406161336996,1.7927376296342152,4.472106614387323,2.0673799202111045,2.83063836258034,16.985060933787018,12.399127941441302,14.15698511000853,26.81851726387424,19.57757043385469,22.353134384224,0.6733668341708543,-0.001633165829145744,-0.001633165829145744,0.507537688442211,-0.0024623115577889765,-0.0024623115577889765,0.3919597989949749,-0.0030402010050251116,-0.0030402010050251116,0.41455696202531644,0.10443037974683544,0.180379746835443,0.39682539682539686,0.40201005025125625,0.08291457286432158,0.16582914572864316,0.3787878787878788,0.41137123745819393,0.10033444816053505,0.1817168338907469,0.3926174496644296,23.0,-14.0,-14.0,35.0,-26.0,-26.0,44.0,-26.0,-26.0,0.000457712162993985,0.0001810001991982048,-2.876765581805563e-05,-0.004235625719608116,-0.004205657228030013,-0.004288083727594483,-0.8499319553375244
367,1,test,2.6839815612497,1.2078074483979286,1.6682535842461739,4.762430697095505,2.1431217529499835,2.9601328842416867,14.643280499258731,10.267109623046956,11.881907617444302,25.982894056611528,18.217859148211367,21.08314095534324,2.584067286558487,1.1191521573821295,1.5678437984099425,4.379775061963537,1.8968680633595412,2.657362370186343,13.250924009390006,8.923748035663058,10.488182497479357,22.45919323625425,15.124996670615355,17.776580504202304,2.6839815612497,1.2078074483979286,1.6682535842461739,4.762430697095505,2.1431217529499835,2.9601328842416867,14.643280499258731,10.267109623046956,11.881907617444302,25.982894056611528,18.217859148211367,21.08314095534324,0.6130653266331658,-0.001934673366834172,-0.001934673366834172,0.4773869346733668,-0.0026130653266331905,-0.0026130653266331905,0.3417085427135679,-0.003291457286432098,-0.003291457286432098,0.41034482758620694,0.11430351949670603,0.1855741853843721,0.4186851211072664,0.40703517587939697,0.11630835883679047,0.1849984479995973,0.40909090909090906,0.41034482758620694,0.11430351949670603,0.1855741853843721,0.4186851211072664,20.0,-7.0,-7.0,29.0,-8.0,-8.0,39.0,-9.0,-9.0,0.00011820235614419984,-6.854787628096905e-06,-0.00021398794233214432,-0.00032191322581809345,0.00013850755599076336,-8.764760639934366e-06,-0.8924541473388672
322,1,test,2.7168517235099086,1.2395497152830253,1.7062791666277308,4.871041847476345,2.222387951069566,3.0591869082142154,15.132605545412346,10.75149602169331,12.385432067519304,27.13123952816533,19.27635085546197,22.20583382519733,2.5090157476501846,1.0163444449647219,1.4718579344729008,4.288915807949034,1.7373409315636277,2.5159964691844463,12.292824862446105,7.843860672918911,9.471637594985564,21.013375833241206,13.40830884259643,16.190833495701817,2.735792870904291,1.2552807299169775,1.7170891220665643,4.914597971684355,2.254995323204151,3.084591237245325,15.421966218046096,11.02677015338141,12.652363882170235,27.70413093062173,19.808569137810917,22.728797393120182,0.5678391959798995,-0.0021608040201005485,-0.0021608040201005485,0.4321608040201005,-0.002839195979899567,-0.002839195979899567,0.33668341708542715,-0.0033165829145728187,-0.0033165829145728187,0.4006622516556292,0.1163647309944722,0.17929661288910936,0.39534883720930236,0.40201005025125625,0.12130829586529135,0.18164277145325958,0.36868686868686873,0.4046822742474916,0.12087593034098076,0.1777634755823081,0.3993288590604027,19.0,-10.0,-10.0,32.0,-21.0,-21.0,39.0,-25.0,-25.0,-0.0004179048474828226,0.00022429174459223135,-0.00018094438367885412,0.0004951882937413998,9.202525539642181e-05,-5.081944426521545e-05,-0.4950439929962158
180,1,test,2.7684071765226475,1.2801429621718707,1.7467548104960593,5.119885561400317,2.367493309558821,3.2304441374836754,15.933234956351031,11.503834603561847,13.155454071642053,29.46688633493835,21.275163995743895,24.329665060205482,2.829307976080545,1.260574763437445,1.7400216542908717,4.31955416195503,1.9245416235686177,2.656521609604384,16.933738216954495,12.133175169233454,13.961586061715415,25.853035445732054,18.52393155608161,21.315398567504452,2.798951117091354,1.263063118878199,1.7391155114116714,5.089002031075189,2.2964783979603625,3.1620282025666757,16.427407304831394,11.781958455621048,13.541510779559738,29.868013281511622,21.42174264658372,24.620928690108613,0.6331658291457287,-0.0018341708542712887,-0.0018341708542712887,0.5125628140703518,-0.0024371859296482556,-0.0024371859296482556,0.3668341708542714,-0.0031658291457286047,-0.0031658291457286047,0.38235294117647056,0.09360905863160918,0.15735294117647058,0.4327868852459016,0.3919597989949749,0.09872671628820795,0.15990637662435725,0.4696969696969697,0.38795986622073575,0.10081462415061893,0.16326576166011286,0.4395973154362416,18.0,-6.0,-6.0,29.0,-8.0,-8.0,38.0,-9.0,-9.0,-0.0006599918751594503,-0.00018471512026157894,0.00014560421760352916,0.00047939258751661384,7.653115519623555e-05,-6.483767214060521e-05,-0.9670674800872803
238,1,test,2.641777983279811,1.1902540315717534,1.6321093292566398,4.402963305466352,1.983756719286256,2.7201822154277333,14.03814101201929,9.768524763297776,11.29344959014934,23.39690168669882,16.280874605496294,18.822415983582232,2.5220041730296074,1.0586738602505321,1.4645315332611375,3.792487478240011,1.5919907672940332,2.202303057535545,12.45353069952167,8.133207073940737,9.574445398847482,18.727113833867172,12.23038657735449,14.397662253905988,2.69509231805004,1.215721335550368,1.668221438814173,4.516914499525207,2.037521791425198,2.795901852761184,14.806885633001723,10.416702322913377,12.01457097268645,24.81600944078501,17.458160317731917,20.13615246818958,0.6080402010050252,-0.001959798994974782,-0.001959798994974782,0.4371859296482412,-0.002814070351758735,-0.002814070351758735,0.3316582914572864,-0.0033417085427135396,-0.0033417085427135396,0.3887147335423198,0.09137514042807882,0.1561808440741237,0.4056603773584906,0.35678391959798994,0.04600697724210023,0.11471380273655418,0.3939393939393939,0.3913043478260869,0.090803513101546,0.15659911979494123,0.41946308724832215,18.0,1.0,1.0,25.0,0.0,0.0,35.0,0.0,0.0,-0.0010676720138231902,-0.00018321687712977866,1.7453294938427112e-05,-0.024564810721004804,-0.025564704646909853,-0.027433598632920386,-0.8900918960571289
310,1,test,2.131298116549035,0.9154428994542463,1.290619606750118,3.8216380020879246,1.6414838197110622,2.3142144672760736,8.425797382348547,5.052619752066969,6.107858194555851,15.108326340762911,9.059869900258011,10.952021590238076,2.0919115782982143,0.8418492605217136,1.2167231123917113,3.2943489422019123,1.3257468669633286,1.916099389593246,8.100384893764904,4.609824419113205,5.701057450984961,12.756511643724258,7.2595660143515035,8.978043229897576,2.123195471970931,0.8848000523088249,1.2684561103076475,3.7468155387722315,1.5614118570155733,2.2384519593664365,8.357801984151754,4.9077288826423064,6.007040382024156,14.749062324973684,8.660698028192304,10.600659497689687,0.5376884422110553,-0.0023115577889447625,-0.0023115577889447625,0.3869346733668342,-0.0030653266331658324,-0.0030653266331658324,0.24120603015075381,-0.0037939698492461815,-0.0037939698492461815,0.3665594855305466,0.09368629130903783,0.13554344274979802,0.36451612903225805,0.37688442211055273,0.09117013639626703,0.14149210157632908,0.36868686868686873,0.3712374581939799,0.09577835969648407,0.13986927131967508,0.3657718120805369,18.0,-9.0,-9.0,26.0,-12.0,-12.0,33.0,-15.0,-15.0,0.00010404547649182103,3.35580995414857e-05,-5.3121429222922906e-05,-0.022910099399967798,-0.021154744238321754,-0.021644995541490353,-0.5945780277252197
231,1,test,2.0190342072811394,0.8510511753058048,1.2018711298507228,3.494017280863768,1.4727771836130392,2.079884769621909,7.531047988904351,4.315547457116706,5.266980255600581,13.032771669421303,7.468222844950466,9.114714334542324,2.0782827013102008,0.8247175395621609,1.1886527480165516,3.2728861437955916,1.2987677788380485,1.871894091364648,7.9907346466125695,4.487925843777502,5.556505940323547,12.583834089153653,7.067599753980318,8.750403055627633,2.0190342072811394,0.8510511753058048,1.2018711298507228,3.494017280863768,1.4727771836130392,2.079884769621909,7.531047988904351,4.315547457116706,5.266980255600581,13.032771669421303,7.468222844950466,9.114714334542324,0.542713567839196,-0.0022864321608039306,-0.0022864321608039306,0.3919597989949749,-0.0030402010050251116,-0.0030402010050251116,0.2814070351758794,-0.003592964824120637,-0.003592964824120637,0.3680555555555556,0.08209368380512228,0.13941814216063642,0.3519163763066202,0.371859296482412,0.0861450107681263,0.14147532319359735,0.35858585858585856,0.3680555555555556,0.08209368380512228,0.13941814216063642,0.3519163763066202,17.0,-4.0,-4.0,28.0,-6.0,-6.0,34.0,-5.0,-5.0,0.0003556407398120414,0.0003143906718632401,-2.5793870453914214e-05,-0.02027385894534728,-0.022266724134598626,-0.018534752405034993,-0.6586644649505615
366,1,test,2.7041675417653974,1.2637315162088545,1.7173774514776936,4.778386963005901,2.233071031482692,3.0346840193725155,14.941873026588032,10.71933647707483,12.25926332413784,26.402968814027716,18.94155479755836,21.66267553299357,2.9101687364242785,1.29149837952321,1.8108203266792262,4.343535427498923,1.9276095216764326,2.702716905491382,18.35989628891123,13.313520314186697,15.357687112669563,27.40283028195706,19.870925842069695,22.921921063685915,2.718294682710067,1.2467878906718355,1.7099853193194339,4.741211655889652,2.174630041869481,2.9825325336966872,15.154457039422153,10.798663565695591,12.413493916396256,26.432192510620034,18.83487831225975,21.65144287743533,0.6532663316582914,-0.0017336683417086274,-0.0017336683417086274,0.5376884422110553,-0.0023115577889447625,-0.0023115577889447625,0.39698492462311563,-0.0030150753768843908,-0.0030150753768843908,0.4032258064516129,0.10853981611344865,0.17683095666620519,0.3527508090614887,0.40703517587939697,0.09625823352350726,0.1649650590179612,0.36868686868686873,0.4013377926421404,0.1008369579175995,0.16885725871555535,0.3557046979865772,18.0,0.0,0.0,25.0,0.0,0.0,35.0,0.0,0.0,0.0005013912327238275,-8.378030124122396e-06,0.00020939805449774216,0.0004635968812909397,6.103705499693746e-05,-7.885590001688314e-05,-0.274491548538208
70,1,test,3.0588286595236984,1.4075599556711575,1.9229141983580318,5.2690790457601775,2.42463553654322,3.312374780397384,21.302589956466274,16.0889998215448,18.188570064937224,36.6954291508161,27.71459969259653,31.331278757020897,2.831714661277119,1.2519153509705605,1.7303057577698802,4.567281711737289,2.019218308017033,2.790815738338517,16.974541474647207,12.120559905239785,13.966139887604093,27.378292701043883,19.54929016974159,22.526032076780794,3.0588286595236984,1.4075599556711575,1.9229141983580318,5.2690790457601775,2.42463553654322,3.312374780397384,21.302589956466274,16.0889998215448,18.188570064937224,36.6954291508161,27.71459969259653,31.331278757020897,0.6633165829145728,-0.0016834170854271857,-0.0016834170854271857,0.507537688442211,-0.0024623115577889765,-0.0024623115577889765,0.40201005025125625,-0.002989949748743781,-0.002989949748743781,0.4135338345864662,0.10021300907051878,0.17728383458646624,0.4679245283018868,0.4321608040201005,0.12389012732837112,0.19843793256767983,0.4545454545454546,0.4135338345864662,0.10021300907051878,0.17728383458646624,0.4679245283018868,15.0,0.0,0.0,23.0,0.0,0.0,34.0,0.0,0.0,-9.187432872511581e-05,-0.0003595343091604081,1.1642391362602381e-05,-0.00015559510116602837,0.0002314721571865519,7.534460660885145e-05,-0.5698206424713135
90,1,test,2.780163599839851,1.274076819351449,1.740350661854267,5.627319093651747,2.5788542849523304,3.522637484235143,16.121658232997017,11.612606915553002,13.292970408182208,32.63179015835541,23.505035684492825,26.906253356320615,2.2993126298914004,0.9697820985889698,1.351456492421467,4.297780616619439,1.8126768197924665,2.526086901722368,9.967328855686999,6.188060133025427,7.387156664517239,18.630521225583173,11.566467538365284,13.80776946638736,2.792950052082738,1.2687005151194806,1.7326401619679144,5.4057097782246535,2.4555493841022202,3.353497087679834,16.32912057316988,11.737424195603705,13.441854987458496,31.60474949645783,22.717595217297493,26.016493524113216,0.5276381909547738,-0.002361809045226204,-0.002361809045226204,0.3467336683417085,-0.003266331658291488,-0.003266331658291488,0.27135678391959794,-0.0036432160804020786,-0.0036432160804020786,0.3611940298507462,0.11529239050648388,0.15166076272065687,0.3772455089820359,0.31155778894472363,0.05842495686452309,0.09786830647393896,0.30808080808080807,0.35785953177257523,0.11411996582933648,0.146513591839316,0.37583892617449666,19.0,-2.0,-2.0,29.0,-2.0,-2.0,34.0,-3.0,-3.0,-0.0005067937885570622,-0.00031555244264299884,-0.00042467182921332165,-0.01726575989963841,-0.017963882439637757,-0.01901409022737699,-0.4268920421600342
349,1,test,2.796372737094855,1.2439417897258873,1.7198679902324676,5.274595282544187,2.346357268045835,3.244062376785792,16.385105764600052,11.662168313448962,13.450700647640579,30.906037819455186,21.997503106206125,25.37108205992085,2.8259346161655445,1.173462344807982,1.6490220604550434,4.709891026942574,1.9557705746799696,2.7483701007584056,16.876710864214033,11.656842043968776,13.632368865468095,28.12785144035672,19.428070073281297,22.720614775780156,2.814262991366179,1.2313209907525924,1.7109401044494128,5.21159813215959,2.2802240569492445,3.1684076008322455,16.68087729825575,11.811617172709408,13.666712166580918,30.890513515288426,21.873365134647045,25.308726234409107,0.6432160804020101,-0.001783919597989958,-0.001783919597989958,0.49246231155778897,-0.002537688442211028,-0.002537688442211028,0.371859296482412,-0.003140703517587995,-0.003140703517587995,0.3853503184713376,0.08328354581632968,0.13958760660693081,0.3738019169329073,0.3869346733668342,0.07866399667510482,0.13985620925998943,0.38383838383838387,0.3846153846153846,0.07910620264543466,0.1398990331137161,0.37583892617449666,20.0,0.0,0.0,28.0,1.0,1.0,36.0,1.0,1.0,0.00036090196797090623,0.0001341519941829129,0.00012200617804098133,-0.008903256908060264,-0.007694238956552191,-0.008469275099425744,-0.20439434051513672
151,1,test,1.8456651476279418,0.8132909954054224,1.12748633500679,3.6913302952558835,1.6265819908108448,2.25497267001358,6.332310311120733,3.5245864192515657,4.281615203384652,12.664620622241467,7.049172838503131,8.563230406769303,1.8131560806053966,0.7355762276667446,1.0592317038510801,3.1261311734575803,1.2682348752874906,1.8262615583639312,6.129762961512196,3.1922013513027574,4.004438716223948,10.568556830193442,5.503795433280617,6.90420468314474,1.8557220944592785,0.800662964863522,1.1253514335937997,3.5686963354986125,1.5397364708913885,2.1641373722957686,6.396315327295175,3.524170349643201,4.32046542588234,12.300606398644568,6.777250672390771,8.308587357466038,0.46733668341708545,-0.002663316582914521,-0.002663316582914521,0.3517587939698492,-0.0032412060301507672,-0.0032412060301507672,0.2211055276381909,-0.003894472361809065,-0.003894472361809065,0.3943217665615142,0.13331547725333803,0.18908616446727333,0.4082278481012658,0.3919597989949749,0.1369597989949749,0.1856370036538767,0.398989898989899,0.38795986622073575,0.13129319955406904,0.18707196388999214,0.4093959731543624,19.0,-2.0,-2.0,25.0,-2.0,-2.0,34.0,-2.0,-2.0,-0.00043948188414217655,-5.0609665611227217e-05,-0.0001101770715806799,-0.047789077801007274,-0.04877429372847697,-0.045205654170840326,-1.171761155128479
276,1,test,2.6921218633651733,1.241908064628222,1.7164018863894375,4.845819354057312,2.2354345163307996,3.0895233955009873,14.762967710596914,10.498941649489062,12.109891032960045,26.573341879074444,18.89809496908031,21.797803859328077,2.874098932922785,1.3076121061291526,1.8127906090849806,4.912989628927837,2.235234369451543,3.098787365957232,17.709459519025113,12.919668284849418,14.819309750392604,30.272580374401905,22.084903051024646,25.332153419474537,2.8213520815539916,1.2892953340823832,1.7880576183165993,4.892518060498252,2.2357722556341906,3.1006779508380333,16.799549684467625,12.17186466403571,13.989240623976933,29.132167082891836,21.107279764223776,24.2587987699022,0.6934673366834171,-0.0015326633165829717,-0.0015326633165829717,0.5276381909547738,-0.002361809045226204,-0.002361809045226204,0.3869346733668342,-0.0030653266331658324,-0.0030653266331658324,0.40662650602409633,0.11445783132530118,0.18574297188755018,0.35045317220543803,0.40201005025125625,0.08291457286432158,0.1507537688442211,0.35858585858585856,0.4013377926421404,0.09364548494983271,0.16722408026755853,0.36241610738255037,16.0,-2.0,-2.0,28.0,-5.0,-5.0,36.0,-5.0,-5.0,0.0005240110497187521,0.00024781283417059553,0.0003804273901276885,-0.014557102478679695,-0.018594033408814603,-0.022085532692495136,-0.7574212551116943
370,1,test,2.7983392326455365,1.2503961891458744,1.7189101058837264,4.521610285517647,2.020414181331752,2.7774479676991284,16.417358704421122,11.715569850599007,13.474359712367624,26.52748355629628,18.930242809442465,21.772129252752208,2.872400584532388,1.2519828722105555,1.7335899878586558,4.224118506665277,1.8411512826625818,2.5493970409686115,17.67940821297311,12.624206717418641,14.556356625668819,25.999129724960458,18.565009878556825,21.406406802454143,2.7983392326455365,1.2503961891458744,1.7189101058837264,4.521610285517647,2.020414181331752,2.7774479676991284,16.417358704421122,11.715569850599007,13.474359712367624,26.52748355629628,18.930242809442465,21.772129252752208,0.6432160804020101,-0.001783919597989958,-0.001783919597989958,0.5175879396984925,-0.002412060301507535,-0.002412060301507535,0.42211055276381915,-0.0028894472361808976,-0.0028894472361808976,0.4245614035087719,0.13157894736842102,0.19766081871345031,0.4119718309859155,0.4371859296482412,0.14824120603015079,0.20603015075376885,0.4292929292929293,0.4245614035087719,0.13157894736842102,0.19766081871345031,0.4119718309859155,25.0,-16.0,-16.0,40.0,-27.0,-27.0,47.0,-27.0,-27.0,0.0007396741103252302,0.0002893913093717309,-0.00012304544060682862,-0.019009764126533213,-0.020864896828094004,-0.01679027369085695,-1.074420690536499
384,1,test,2.20703226680955,0.9554683578594076,1.3435849695961601,3.611507345688354,1.5634936764972123,2.1985935866118984,9.08870348232801,5.592897675689992,6.717382213465603,14.872423880173105,9.152014378401805,10.992079985670987,2.275873878493381,0.9696109930746302,1.3633017981088702,3.6413982055894096,1.5513775889194084,2.1812828769741923,9.736423747281465,6.0440745828427875,7.245703111950747,15.578277995650344,9.670519332548459,11.593124979121196,2.20703226680955,0.9554683578594076,1.3435849695961601,3.611507345688354,1.5634936764972123,2.1985935866118984,9.08870348232801,5.592897675689992,6.717382213465603,14.872423880173105,9.152014378401805,10.992079985670987,0.5477386934673367,-0.002261306532663321,-0.002261306532663321,0.3668341708542714,-0.0031658291457286047,-0.0031658291457286047,0.2864321608040201,-0.003567839195979916,-0.003567839195979916,0.3623693379790941,0.09802151189213759,0.15147710159438954,0.3531468531468531,0.3467336683417085,0.0760569766123852,0.13304418587092381,0.3484848484848485,0.3623693379790941,0.09802151189213759,0.15147710159438954,0.3531468531468531,11.0,0.0,0.0,18.0,0.0,0.0,24.0,0.0,0.0,-0.00010917812669029067,-5.8854015036627924e-05,0.00011120271880221554,-0.00497665250179935,-0.004093325001585768,-0.004812306207469419,-0.7263154983520508
81,1,test,2.991063666761967,1.3934817248600602,1.8979358212960387,4.888252621108129,2.2773472760570126,3.1017693993752404,19.906845484260696,14.96577531149119,16.923253777562017,32.53347319142034,24.45835279477989,27.65743188790136,2.85468000263425,1.3057765188395045,1.7814299126927315,4.260716421842163,1.9489201773723943,2.6588506159593006,17.36887832298008,12.662571512417227,14.444008163019443,25.923698989522507,18.899360466294365,21.558221138834988,2.991063666761967,1.3934817248600602,1.8979358212960387,4.888252621108129,2.2773472760570126,3.1017693993752404,19.906845484260696,14.96577531149119,16.923253777562017,32.53347319142034,24.45835279477989,27.65743188790136,0.6683417085427136,-0.0016582914572863539,-0.0016582914572863539,0.542713567839196,-0.0022864321608039306,-0.0022864321608039306,0.4371859296482412,-0.002814070351758735,-0.002814070351758735,0.4421052631578948,0.1286201493225182,0.2075661733095867,0.471830985915493,0.44723618090452266,0.13645923854863296,0.2101744112884959,0.4747474747474747,0.4421052631578948,0.1286201493225182,0.2075661733095867,0.471830985915493,17.0,-4.0,-4.0,23.0,-1.0,-1.0,38.0,-8.0,-8.0,-0.0004694622036796138,-0.00013211513125189515,-9.218749711522776e-05,-0.008694161638785225,-0.00928100488466388,-0.010047323429271948,-0.7349421977996826
456,1,test,2.4716063015844543,1.1104697459127624,1.5257213406883836,4.70641199942429,2.1145471808398706,2.905265786460515,11.841452527093034,7.940828467278034,9.266361301517673,22.548394632428653,15.120858997571347,17.644927508279164,2.835032554727104,1.2610255948191131,1.7421657443121574,4.361588545734006,1.9400393766447896,2.680254991249473,17.030954729455033,12.205007850367616,14.048141743128545,26.201468814546203,18.776935154411717,21.6125257586593,2.5597170192661096,1.1669803498912839,1.593622821235432,4.711135618281183,2.147816594891933,2.9330481372431265,12.932157246354608,8.906304828124584,10.304495980533234,23.801516404333633,16.391972076302913,18.96533002552129,0.5628140703517588,-0.0021859296482411583,-0.0021859296482411583,0.4371859296482412,-0.002814070351758735,-0.002814070351758735,0.3668341708542714,-0.0031658291457286047,-0.0031658291457286047,0.3690851735015773,0.1108174569661442,0.17181340015425306,0.3512658227848101,0.38190954773869346,0.12125791866601177,0.18157565792233288,0.38888888888888884,0.3745819397993311,0.11080898487445634,0.17324712333659475,0.3657718120805369,21.0,0.0,0.0,31.0,0.0,0.0,34.0,0.0,0.0,0.0005169813674006311,0.00017284890088144173,0.0002739056107712743,-0.0756416334420873,-0.07354630563471165,-0.07518800261637981,-0.5501048564910889
451,1,test,2.7545464978218077,1.2437712122551694,1.7159379204816005,4.768214972091543,2.1530108570761897,2.97034771062677,15.713912992894224,11.183671328743584,12.888629877712994,27.201325249768622,19.359320713894064,22.310662753834215,2.775121559449776,1.223081688508824,1.7098356867133369,4.586977784214506,2.02162262563442,2.826174688782375,16.04057676083221,11.319485978071482,13.138908387449984,26.51335001790448,18.70989417863055,21.71720394619832,2.7545464978218077,1.2437712122551694,1.7159379204816005,4.768214972091543,2.1530108570761897,2.97034771062677,15.713912992894224,11.183671328743584,12.888629877712994,27.201325249768622,19.359320713894064,22.310662753834215,0.6582914572864322,-0.0017085427135676845,-0.0017085427135676845,0.507537688442211,-0.0024623115577889765,-0.0024623115577889765,0.371859296482412,-0.003140703517587995,-0.003140703517587995,0.42000000000000004,0.11660678642714573,0.19260638297872346,0.39357429718875503,0.4170854271356784,0.10881475044394906,0.18169310660145477,0.3939393939393939,0.42000000000000004,0.11660678642714573,0.19260638297872346,0.39357429718875503,20.0,-10.0,-10.0,35.0,-16.0,-16.0,41.0,-15.0,-15.0,0.00013189060488627468,1.6609508433967016e-05,4.8194527416825016e-05,-4.4716351397688925e-05,-0.00011232505964553496,0.0001314175181095223,-0.6814115047454834
394,1,test,3.6164590025129426,1.6812300711293717,2.316383326074764,5.363736947547286,2.4935097684165966,3.4355348206951564,37.205589393767106,30.279960025946366,33.536015036338284,55.18132359525009,44.90960363398787,49.738808817939926,3.533096474019726,1.6264173812276836,2.244789551950947,5.1204296724923575,2.357126639460412,3.253318191233257,34.22979535579108,27.49909574174829,30.603154187007142,49.608399066363894,39.85376194456275,44.35239737247412,3.6164590025129426,1.6812300711293717,2.316383326074764,5.363736947547286,2.4935097684165966,3.4355348206951564,37.205589393767106,30.279960025946366,33.536015036338284,55.18132359525009,44.90960363398787,49.738808817939926,0.728643216080402,-0.001356783919598037,-0.001356783919598037,0.6130653266331658,-0.001934673366834172,-0.001934673366834172,0.5175879396984925,-0.002412060301507535,-0.002412060301507535,0.47528517110266155,0.1356267270798912,0.22623333798003198,0.48091603053435117,0.4723618090452262,0.13652221004773246,0.22194444677477543,0.4747474747474747,0.47528517110266155,0.1356267270798912,0.22623333798003198,0.48091603053435117,24.0,0.0,0.0,39.0,0.0,0.0,45.0,1.0,1.0,-5.168610817011878e-05,-7.220258456080751e-05,2.3341740689362606e-05,-0.00013480533558407615,-0.00018378111340844328,8.585827751517172e-05,-0.2763664722442627
460,1,test,2.14407743813124,0.9484636800283086,1.1980611925577431,3.6569978814879156,1.6177259304378944,2.043446363063856,8.534164309802348,5.228578331599742,5.958734992013417,14.55610709117803,8.918008063421205,10.163383492871368,2.3669998010798317,1.0347875126043158,1.4289635020484477,3.5066663719701205,1.5330185371915785,2.1169829659977,10.665346075869166,6.875928670132055,8.110386762960248,15.800512704991357,10.18656099278823,12.015387796978144,2.2788554402099406,0.9868299961090088,1.3761247092133249,3.636471447143522,1.5747287171952267,2.19594368491488,9.765496815618738,6.125344797118119,7.299168011156585,15.583239599391602,9.774486378379976,11.64760852844136,0.6281407035175879,-0.0018592964824121205,-0.0018592964824121205,0.457286432160804,-0.0027135678391959628,-0.0027135678391959628,0.27638190954773867,-0.0036180904522613577,-0.0036180904522613577,0.36895674300254455,0.0992366412213741,0.14119525717654258,0.34693877551020413,0.3869346733668342,0.08291457286432158,0.1591289782244556,0.398989898989899,0.3812709030100334,0.10200668896321063,0.1694537346711259,0.37248322147651003,18.0,-7.0,-7.0,30.0,-15.0,-15.0,37.0,-14.0,-14.0,2.4963770366802567e-05,0.0006196681294651753,5.033694898378048e-05,-0.02141997650426397,-0.022645348524507725,-0.021967040668725346,-1.2547574043273926
487,1,test,3.3570844881203143,1.6487859807008391,2.2156790003846627,5.611842726410078,2.7561795498282686,3.703821612583317,28.70537788948036,23.185815899941236,25.57421179995484,47.985109307788065,38.758378817812215,42.75092121783495,3.303214643468809,1.5982785373654043,2.1603333815843393,5.371080721087495,2.5988268900250477,3.512737205828194,27.199936628612342,21.698902455138526,24.064146233740374,44.227539233516005,35.28276821973744,39.12869306299248,3.3625490676127208,1.6542505601932456,2.221143579877069,5.620977545860071,2.7653143692782614,3.7129564320333097,28.862670085254088,23.343108095714964,25.731503995728566,48.24804551564863,39.02131502567278,43.01385742569551,0.7437185929648241,-0.021281407035175892,-0.0012814070351758744,0.6130653266331658,0.0030653266331658324,-0.001934673366834172,0.4623115577889447,0.0023115577889447625,-0.002688442211055242,0.41255605381165916,0.08593412987429894,0.16665441446739682,0.4009009009009009,0.42211055276381915,0.10381481341544818,0.1800404359023834,0.41414141414141414,0.4170403587443946,0.09041843480703438,0.17113871940013226,0.41891891891891897,16.0,0.0,0.0,28.0,-2.0,0.0,37.0,0.0,1.0,-0.0003758746251347618,3.580865521445342e-05,8.170706867606281e-05,0.00014239153883455202,3.608366740071034e-05,-2.7616772921845723e-06,-0.34638023376464844
252,1,test,2.4434318319695896,1.1046835716369918,1.51546059019124,4.130884754600522,1.8675865907233122,2.5620493955719303,11.512481929857923,7.698215882048425,8.983109446255074,19.463090997439362,13.014663314402311,15.186914312453332,2.3200891383329227,1.0067466513275598,1.3976023498905052,3.515286573231701,1.5253737141326662,2.117579318015917,10.17658138914468,6.457999113283018,7.661043159560085,15.419062710825271,9.784847141337906,11.607641150848615,2.412933263092934,1.085303251905363,1.4954740195635685,4.044022228647375,1.8189439976067532,2.5063810383746956,11.16666792771866,7.394574960290498,8.663744941141283,18.715085912377642,12.39314239154832,14.520242918113883,0.5678391959798995,-0.0021608040201005485,-0.0021608040201005485,0.44221105527638194,-0.0027889447236180143,-0.0027889447236180143,0.3417085427135679,-0.003291457286432098,-0.003291457286432098,0.3967213114754098,0.10048563226100715,0.17425675313298883,0.4375,0.3919597989949749,0.10875177894484955,0.17493141836058423,0.43939393939393945,0.3913043478260869,0.09748130942875799,0.16772259031774428,0.4295302013422819,21.0,-8.0,-8.0,32.0,-10.0,-10.0,40.0,-9.0,-9.0,-0.0008863693736411527,-0.000359925747034792,-0.00010405321741314562,0.0004833415140721442,8.040468024717029e-05,-6.13331151724239e-05,-0.6577408313751221
171,1,test,3.254009695772855,1.5377516274546583,2.0991337820655094,5.09156811220929,2.4061290170761125,3.2845269766436793,25.893958935680484,20.330288346682927,22.720329346516706,40.516429864064754,31.810921765986226,35.55063297749085,3.148162960407123,1.4846369189412296,2.0249541120238517,4.8433276313955735,2.2840567983711226,3.115314018498233,23.293234658542083,18.01534653309163,20.218530006948594,35.83574562852628,27.715917743217894,31.105430779920916,3.254009695772855,1.5377516274546583,2.0991337820655094,5.09156811220929,2.4061290170761125,3.2845269766436793,25.893958935680484,20.330288346682927,22.720329346516706,40.516429864064754,31.810921765986226,35.55063297749085,0.7085427135678393,-0.0014572864321606982,-0.0014572864321606982,0.5376884422110553,-0.0023115577889447625,-0.0023115577889447625,0.42713567839195976,-0.002864321608040288,-0.002864321608040288,0.4188679245283019,0.09683402622321713,0.17670983168012122,0.40909090909090906,0.40201005025125625,0.08872684223120608,0.1616093824716235,0.3737373737373737,0.4188679245283019,0.09683402622321713,0.17670983168012122,0.40909090909090906,25.0,-8.0,-8.0,36.0,-7.0,-7.0,42.0,-3.0,-3.0,-0.00032171013958594893,5.984343649225868e-05,0.00030121734019973156,-0.0001486651793047855,0.00023534568223659846,7.884916357880911e-05,-0.6038594245910645
120,1,test,2.649633218919424,1.1603002300891583,1.6181742326668778,5.053229067510617,2.212858295955752,3.0860894294432604,14.14884816373036,9.714711250177917,11.34369262980396,26.98387471225719,18.52734216998217,21.634042372554703,2.8488191390157347,1.2075467414485783,1.672904091414745,4.9117571362340255,2.081977140428583,2.8843173989909396,17.267379422068434,12.1056463098193,14.026272067216304,29.771343831152475,20.87180398244707,24.183227702097078,2.649633218919424,1.1603002300891583,1.6181742326668778,5.053229067510617,2.212858295955752,3.0860894294432604,14.14884816373036,9.714711250177917,11.34369262980396,26.98387471225719,18.52734216998217,21.634042372554703,0.6834170854271358,-0.0015829145728643024,-0.0015829145728643024,0.5577889447236181,-0.00221105527638199,-0.00221105527638199,0.4321608040201005,-0.002839195979899567,-0.002839195979899567,0.443609022556391,0.13966906007984314,0.20610902255639096,0.38113207547169814,0.44723618090452266,0.1289404415561517,0.2034966149612839,0.41414141414141414,0.443609022556391,0.13966906007984314,0.20610902255639096,0.38113207547169814,24.0,-15.0,-15.0,40.0,-31.0,-31.0,48.0,-34.0,-34.0,0.0005100905986925221,0.0007093464032470088,0.00026270088518461543,-0.00015559510116602837,0.0002314721571865519,7.534460660885145e-05,-0.6714997291564941
112,1,test,2.5936153160305473,1.1299284713415771,1.5666544052596416,4.43873762139456,1.9337702026315577,2.6811870694040842,13.37805015868871,9.056185925252574,10.585484090681117,22.895320741380004,15.498841684157089,18.116096933716005,2.6636730156951214,1.1056244085811564,1.5351387090272395,4.261876825112195,1.7689990537298508,2.4562219344435836,14.348896147032523,9.599352177070017,11.257773606489733,22.958233835252038,15.358963483312028,18.012437770383574,2.5936153160305473,1.1299284713415771,1.5666544052596416,4.43873762139456,1.9337702026315577,2.6811870694040842,13.37805015868871,9.056185925252574,10.585484090681117,22.895320741380004,15.498841684157089,18.116096933716005,0.6432160804020101,-0.001783919597989958,-0.001783919597989958,0.4974874371859297,-0.002512562814070307,-0.002512562814070307,0.37688442211055273,-0.003115577889447274,-0.003115577889447274,0.4173228346456693,0.11083953405627833,0.17648513831059076,0.42292490118577075,0.42713567839195976,0.10132114205110765,0.175048867039706,0.4444444444444444,0.4173228346456693,0.11083953405627833,0.17648513831059076,0.42292490118577075,23.0,-1.0,-1.0,35.0,-2.0,-2.0,44.0,0.0,0.0,-0.00010611135989646204,0.0001026233702599489,-5.084685988788312e-05,-7.243603883999583e-05,-0.00013431153772813786,0.00011739929023413254,-0.4263303279876709
277,1,test,2.0074207669038038,0.8444964671289892,1.1975357459059062,3.444311421108632,1.4489781488634235,2.054719227185923,7.444092515528459,4.244817265542559,5.19644297621082,12.772495579275146,7.283212781930916,8.916002159182774,2.2214800376987935,0.921665090133098,1.2914127532214197,3.3405714852613433,1.3859625415535306,1.9419740649946156,9.220968152028439,5.5523504338671605,6.686288435547924,13.866117521847276,8.349399148672422,10.054569076011916,1.9444362371661592,0.8045247567067326,1.1460007374423449,3.352476270976137,1.3871116494943667,1.9758633404178363,6.989690216498588,3.8631986191617362,4.767628425138263,12.051190028445843,6.660687274416787,8.220049008859073,0.5778894472361809,-0.002110552763819218,-0.002110552763819218,0.3919597989949749,-0.0030402010050251116,-0.0030402010050251116,0.2864321608040201,-0.003567839195979916,-0.003567839195979916,0.36,0.08657450076804918,0.15017400204708287,0.345679012345679,0.3668341708542714,0.07360108814750443,0.13645019756545673,0.36868686868686873,0.35785953177257523,0.0840698823568824,0.15096298004843733,0.3355704697986577,25.0,-11.0,-11.0,34.0,-11.0,-11.0,42.0,-14.0,-14.0,0.0005155758244771049,0.0001258392736201803,0.00029435038994670353,-0.025657568756201066,-0.024468069064539577,-0.027695448865658,-0.9401772022247314
26,1,test,2.0574975664503223,0.9184238799214961,1.1374885288340066,4.306886097647307,1.922503872996292,2.381064070719889,7.826360338169008,4.702486999582686,5.317047270126463,16.382640293369324,9.8435479162249,11.129984959228453,2.2569741238301724,0.9430347251387035,1.3174976212715486,3.8253798708985975,1.5983639409130568,2.2330468157144896,9.554135752435833,5.833333148754077,6.995494127109326,16.193450427857346,9.887005336871319,11.856769706964961,2.060059743182715,0.893459223873456,1.2512567556851537,4.12011948636543,1.786918447746912,2.5025135113703074,7.846438567528786,4.635380434410317,5.601219745014042,15.692877135057572,9.270760868820634,11.202439490028084,0.542713567839196,-0.0022864321608039306,-0.0022864321608039306,0.42713567839195976,-0.002864321608040288,-0.002864321608040288,0.27638190954773867,-0.0036180904522613577,-0.0036180904522613577,0.36228287841191065,0.09462488584685491,0.1335438754793593,0.345771144278607,0.3919597989949749,0.12880190425813276,0.18327866376959923,0.38383838383838387,0.3745819397993311,0.10413118854724424,0.16879773512747343,0.3489932885906041,20.0,-11.0,-11.0,30.0,-14.0,-14.0,37.0,-18.0,-18.0,-0.00018190081578315574,0.00034043044467224766,-0.00011282664600497547,-0.07975217264292311,-0.09077413066762752,-0.08458165563510978,-0.5891547203063965
251,1,test,3.289393561226981,1.5895242059112986,2.152497747970978,6.047423547178834,2.922279117021541,3.957284321269721,26.82659003757407,21.35335774126311,23.70951269614307,49.31965399215541,39.257326924322186,43.589027187524565,3.3618709813410312,1.5930814844053327,2.179678338520931,5.846732141462663,2.77057649461797,3.7907449365581405,28.84310533894757,22.979354363951472,25.581587627108185,50.161922328604476,39.96409454600257,44.48971761236207,3.289393561226981,1.5895242059112986,2.152497747970978,6.047423547178834,2.922279117021541,3.957284321269721,26.82659003757407,21.35335774126311,23.70951269614307,49.31965399215541,39.257326924322186,43.589027187524565,0.7537688442211055,-0.0012311557788945438,-0.0012311557788945438,0.5829145728643217,-0.002085427135678275,-0.002085427135678275,0.42713567839195976,-0.002864321608040288,-0.002864321608040288,0.39915966386554624,0.09307999929531563,0.16731608844655188,0.3628691983122363,0.40703517587939697,0.10127076485182807,0.1683039571815672,0.36363636363636365,0.39915966386554624,0.09307999929531563,0.16731608844655188,0.3628691983122363,22.0,0.0,0.0,34.0,0.0,0.0,41.0,0.0,0.0,0.00019186476915357433,0.0002859468908414946,9.840110264304604e-05,3.8442710928343615e-05,-4.636562540305533e-05,-7.072031659394185e-05,-0.21172666549682617
100,1,test,2.314492531528044,1.0518664400164077,1.4455090703979323,4.485227762961178,2.038399560777138,2.8012349687214586,10.119786143067145,6.585094409328774,7.735300444363528,19.61101414060217,12.76117674354396,14.990147444977769,2.445216584445244,1.0651635811149656,1.481177381920699,3.9123465351123903,1.7042617297839446,2.369883811073118,11.533047206988849,7.557934890886765,8.91078022874367,18.45287553118216,12.092695825418824,14.257248365989874,2.3475903882629496,1.085332633360739,1.4807226432474903,4.4858415062349355,2.0738840127912206,2.8294063246767327,10.460333989221814,6.926943972102352,8.080887852315186,19.987899342462065,13.236198672807042,15.441186978946215,0.5728643216080402,-0.0021356783919597166,-0.0021356783919597166,0.4371859296482412,-0.002814070351758735,-0.002814070351758735,0.3417085427135679,-0.003291457286432098,-0.003291457286432098,0.3922829581993569,0.11780462754125098,0.18479632718331407,0.37419354838709673,0.40201005025125625,0.1238145615294517,0.18665111869866857,0.3939393939393939,0.3946488294314381,0.11752028185213925,0.18552758360273958,0.37583892617449666,21.0,-5.0,-5.0,32.0,-7.0,-7.0,40.0,-8.0,-8.0,0.00022745301425595256,-9.966222122354604e-06,0.00015287257534028385,-0.049784029250120376,-0.04999837012252151,-0.05383763481910098,-0.7509505748748779
275,1,test,2.3928777170715048,1.0003323204602717,1.393072029692496,4.408795245837225,1.8430780424918707,2.566687506762202,10.94494512296572,6.919862667014794,8.227191439659059,20.165686562176568,12.749609982376573,15.158318474440323,2.1842742319682134,0.8611113040060272,1.2177590250357888,3.702159715200362,1.4595106847559784,2.0639983475182864,8.884198345829832,5.128918051857445,6.2554305783175845,15.057963298016665,8.693081443826179,10.602424709012855,2.3928777170715048,1.0003323204602717,1.393072029692496,4.408795245837225,1.8430780424918707,2.566687506762202,10.94494512296572,6.919862667014794,8.227191439659059,20.165686562176568,12.749609982376573,15.158318474440323,0.5829145728643217,-0.002085427135678275,-0.002085427135678275,0.4170854271356784,-0.0029145728643216184,-0.0029145728643216184,0.27638190954773867,-0.0036180904522613577,-0.0036180904522613577,0.4104477611940298,0.11249617832624581,0.16230880337765263,0.4382022471910112,0.3919597989949749,0.09872671628820795,0.13987298764272116,0.40909090909090906,0.4104477611940298,0.11249617832624581,0.16230880337765263,0.4382022471910112,24.0,-15.0,-15.0,36.0,-20.0,-20.0,45.0,-23.0,-23.0,-0.0002738246499192876,-0.0004610762961908817,-2.5844595332166992e-05,-0.00484498398644817,-0.005020768061346104,-0.005515931822015929,-0.30986785888671875
111,1,test,2.2200973243044135,0.9588890441402327,1.3176454452192599,3.968423967194139,1.7140141664006658,2.355291233329427,9.208227006561705,5.6785432478523585,6.742585846721006,16.459705774229047,10.15039605553609,12.0523722010138,2.2484548073917177,0.9398222274305001,1.313094974155189,3.5689758847487583,1.4917813133817464,2.0842777367542684,9.47308677779805,5.771977498396544,6.924956583070088,15.036645679044524,9.161869045073878,10.991994576301725,2.2200973243044135,0.9588890441402327,1.3176454452192599,3.968423967194139,1.7140141664006658,2.355291233329427,9.208227006561705,5.6785432478523585,6.742585846721006,16.459705774229047,10.15039605553609,12.0523722010138,0.5728643216080402,-0.0021356783919597166,-0.0021356783919597166,0.4120603015075377,-0.0029396984924623393,-0.0029396984924623393,0.31658291457286436,-0.003417085427135591,-0.003417085427135591,0.3929824561403509,0.1215288659477064,0.17361256115785384,0.39084507042253525,0.40201005025125625,0.11880203020113089,0.1566010352262145,0.41414141414141414,0.3929824561403509,0.1215288659477064,0.17361256115785384,0.39084507042253525,18.0,0.0,0.0,28.0,0.0,0.0,37.0,0.0,0.0,2.4475470862498062e-05,-0.00022807231078701294,-1.134612029101317e-05,-0.004946996951852967,-0.004074862160745596,-0.004795591337244609,-0.8423831462860107
435,1,test,2.4882524933133805,1.160597109916042,1.5933800353209446,4.692610406852752,2.1887770999087772,3.004965033054936,12.040217365291863,8.268028690315518,9.593193694044809,22.706718655349086,15.59272524817893,18.091861933064372,2.7077296630821035,1.2297723501587772,1.7108211958004627,4.367305908196941,1.9835037905786725,2.7593890254846167,14.995192700200741,10.611211273952344,12.285301552237579,24.185794677743132,17.114856893471526,19.815002503609,2.4882524933133805,1.160597109916042,1.5933800353209446,4.692610406852752,2.1887770999087772,3.004965033054936,12.040217365291863,8.268028690315518,9.593193694044809,22.706718655349086,15.59272524817893,18.091861933064372,0.592964824120603,-0.0020351758793969443,-0.0020351758793969443,0.4522613065326633,-0.0027386934673366836,-0.0027386934673366836,0.36180904522613067,-0.0031909547738693256,-0.0031909547738693256,0.37857142857142856,0.10227909345556407,0.1600441126569393,0.32974910394265233,0.37688442211055273,0.10620773038122944,0.15484769423075306,0.33333333333333337,0.37857142857142856,0.10227909345556407,0.1600441126569393,0.32974910394265233,21.0,0.0,0.0,28.0,0.0,0.0,37.0,0.0,0.0,0.00025712058727072825,0.0003444506408369916,0.00022654896269302857,-0.0002526140072118821,0.00017724280649034085,2.6280809047207754e-05,-0.36188435554504395
175,1,test,1.9215028622651993,0.8513268738826265,1.1632098073619583,3.777870034284121,1.6737952096675368,2.2869887737963923,6.83121713713829,3.9153245190884207,4.696587723416629,13.430867591661723,7.6979261731229975,9.233969083327612,2.143694835691596,0.9102340974449936,1.2869849659358685,3.5142538290026164,1.4921870449917929,2.1098114195669977,8.530899742272668,5.097809714886239,6.175501378496837,13.985081544709292,8.357065106370882,10.12377275163416,1.785458234640268,0.7475011544217189,1.0533079628235689,3.594882351624701,1.5050358813860112,2.1207542875642327,5.962311459344875,3.1388684085176544,3.882764063639563,12.00465394498968,6.319869278894606,7.8176457657172405,0.5175879396984925,-0.002412060301507535,-0.002412060301507535,0.35678391959798994,-0.0032160804020100464,-0.0032160804020100464,0.25125628140703515,-0.003743718592964851,-0.003743718592964851,0.32564841498559083,0.06377791138846856,0.11939230550367486,0.315028901734104,0.3467336683417085,0.0760569766123852,0.14139143127993892,0.3434343434343434,0.32441471571906355,0.0689890062032038,0.12307989925632723,0.2785234899328859,14.0,0.0,0.0,22.0,0.0,0.0,30.0,0.0,0.0,0.0002200520725285265,-0.00025359829951948,0.00044821152243313344,-0.05680482135543574,-0.05963569847379446,-0.06565490475504987,-0.8028278350830078
43,1,test,2.328867160094281,1.1147902281123276,1.4128850281269512,4.249354770788144,2.0340959138542476,2.578012966013631,10.26630486321262,6.8991203741576665,7.767076243949548,18.732357214866628,12.588442388865884,14.172153336116473,2.3773092588587623,1.1086143543449372,1.525414404354564,3.7735067600932735,1.7597053243570429,2.4212927053247046,10.77586874643289,7.219660405448061,8.431784401256984,17.10455356576649,11.459778421346128,13.383784763899971,2.246610479610022,1.0138044515798683,1.4201982512336526,3.964606728723568,1.7890666792585912,2.5062322080593864,9.455631402340229,6.024788318440028,7.170525823692158,16.68640835707099,10.631979385482403,12.65386910063322,0.5125628140703518,-0.0024371859296482556,-0.0024371859296482556,0.42211055276381915,-0.0028894472361808976,-0.0028894472361808976,0.321608040201005,-0.0033919597989949812,-0.0033919597989949812,0.37239583333333337,0.12402132097962726,0.1690722751710655,0.34725848563968664,0.37688442211055273,0.128764121358673,0.18823667586681314,0.3282828282828283,0.3745819397993311,0.13084237385609232,0.1943817173299206,0.325503355704698,18.0,0.0,0.0,26.0,0.0,0.0,32.0,0.0,0.0,0.0007652658567677896,-4.9278511261214855e-06,0.0002761767317991665,-0.0691034296014541,-0.06828211159999675,-0.06890177085160154,-0.8008022308349609
117,1,test,2.79902065359056,1.283835872118207,1.7509730794358176,4.386270170565695,2.0118647508193854,2.7439029354573483,16.428549648943246,11.87828779569049,13.576472439687281,25.74473938889277,18.61414611885644,21.275325713412386,2.7543596119137863,1.2015505939723186,1.6588514177848486,3.963107355271635,1.728849775499739,2.3868365723523004,15.710976558393638,10.986253165991865,12.720274403849794,22.605721666753436,15.80755851221851,18.302553099064454,2.79902065359056,1.283835872118207,1.7509730794358176,4.386270170565695,2.0118647508193854,2.7439029354573483,16.428549648943246,11.87828779569049,13.576472439687281,25.74473938889277,18.61414611885644,21.275325713412386,0.6633165829145728,-0.0016834170854271857,-0.0016834170854271857,0.5226130653266332,-0.002386934673366814,-0.002386934673366814,0.4170854271356784,-0.0029145728643216184,-0.0029145728643216184,0.4375,0.11781189083820665,0.19334415584415587,0.4901960784313726,0.44221105527638194,0.13394037858465258,0.20014093841494618,0.5101010101010102,0.4375,0.11781189083820665,0.19334415584415587,0.4901960784313726,14.0,0.0,0.0,21.0,0.0,0.0,26.0,0.0,0.0,-3.718340972961585e-05,-0.00021555475171642664,-0.00037129865464292336,-0.01264564631769094,-0.01170621826930418,-0.009893674980681944,-0.8314430713653564
106,1,test,2.596107627602591,1.1760751002981193,1.6228647677909231,4.358314017247986,1.9743806229247216,2.7244457010793073,13.411434012112057,9.274179000295854,10.764921183183427,22.51495285669721,15.569379291405767,18.072019198435207,2.7208507019071724,1.2100195965267435,1.64452288145407,4.122501063495715,1.8333630250405202,2.491701335536469,15.193241668549174,10.662747120094503,12.259355679425365,23.020063134165415,16.155677454688643,18.574781332462674,2.596107627602591,1.1760751002981193,1.6228647677909231,4.358314017247986,1.9743806229247216,2.7244457010793073,13.411434012112057,9.274179000295854,10.764921183183427,22.51495285669721,15.569379291405767,18.072019198435207,0.6281407035175879,-0.0018592964824121205,-0.0018592964824121205,0.48743718592964824,-0.002562814070351749,-0.002562814070351749,0.3869346733668342,-0.0030653266331658324,-0.0030653266331658324,0.39855072463768115,0.11283643892339545,0.1804784354810547,0.4109090909090909,0.40703517587939697,0.10878956184430921,0.1783206516723853,0.43434343434343436,0.39855072463768115,0.11283643892339545,0.1804784354810547,0.4109090909090909,16.0,-7.0,-7.0,29.0,-17.0,-17.0,36.0,-20.0,-20.0,9.161768081943521e-05,-0.0001780774634488923,-7.113007662181019e-05,-0.00022489431977135155,0.00019273690668875076,4.029903692170933e-05,-1.1265268325805664
31,1,test,1.541601760410568,0.608494925822755,0.608494925822755,3.4140193492354207,1.3475681619079034,1.3475681619079034,4.672067814033204,2.12967209088667,2.12967209088667,10.346725287730184,4.7163553600752,4.7163553600752,1.5501732311057086,0.5779395075274109,0.8367168875758911,3.2982409172461886,1.2296585266540658,1.7802486969699811,4.712286426477359,2.0684429424436246,2.671252831948876,10.026141332930552,4.400942430731116,5.683516663721013,1.3003121379227145,0.48289369219385847,0.704808060744362,2.9330348975700327,1.089233892166598,1.5897926182203654,3.670442173027437,1.4057961947694895,1.8564970901656082,8.279192871490459,3.170968860382307,4.1875874214261835,0.35678391959798994,-0.0032160804020100464,-0.0032160804020100464,0.29648241206030146,-0.0035175879396985854,-0.0035175879396985854,0.2361809045226131,-0.0038190954773869024,-0.0038190954773869024,0.3106796116504854,0.08780571135723025,0.08780571135723025,0.2996108949416343,0.3316582914572864,0.09857558469036909,0.14301054521354684,0.29292929292929293,0.3010033444816054,0.0973305565016388,0.1330389395872783,0.25838926174496646,16.0,-5.0,-5.0,25.0,-5.0,-5.0,31.0,-6.0,-6.0,-0.0010819776499789192,0.00022196241687577321,-1.9764297543876706e-05,-0.1505172404135573,-0.1575828872976679,-0.16539940871801218,-2.6251096725463867
131,1,test,2.89785927270366,1.345197221049131,1.8398209641744567,4.926360763596222,2.286835275783522,3.1276956390965758,18.135281094112557,13.411252025742215,15.254566724110918,30.829977859991345,22.799128443761767,25.932763430988558,2.9275483270386355,1.303206781192705,1.8054702876273232,4.435679283391872,1.9745557290798565,2.735561041859581,18.68177270847328,13.606696476741492,15.610542995369833,28.30571622495951,20.616206782941653,23.652337871772474,2.844141711758132,1.3127191593962217,1.7950766002817302,4.793497267008087,2.212448021454306,3.0254100004748254,17.186801107404804,12.562050011743363,14.331820326148254,28.966518720345174,21.171994401814658,24.15475335867683,0.6884422110552764,-0.0015577889447235815,-0.0015577889447235815,0.5276381909547738,-0.002361809045226204,-0.002361809045226204,0.3919597989949749,-0.0030402010050251116,-0.0030402010050251116,0.39233038348082594,0.07568826271499385,0.15091723333362284,0.41124260355029585,0.39698492462311563,0.07367665394642386,0.15324535867987688,0.4292929292929293,0.3913043478260869,0.06576177687450091,0.14658799632441843,0.40268456375838924,23.0,-12.0,-12.0,35.0,-14.0,-14.0,42.0,-14.0,-14.0,0.00011191393660245482,-4.816409358097253e-05,0.00015025366474546124,-0.02045676604818425,-0.018411427363266952,-0.018487975437945003,-0.9940235614776611
109,1,test,2.7222778937913397,1.2446867532971775,1.7028064707650967,4.046227251974012,1.8500262125509956,2.530947322667247,15.214940820496286,10.832564393504978,12.443211516089754,22.614556847950762,16.100860737887178,18.49482804577275,2.7336697596401427,1.2036910221436496,1.6610832630354397,3.77057897881399,1.6602634788188269,2.291149328324744,15.38925840130647,10.771179771963652,12.466328521845227,21.226563312146858,14.85679968546711,17.194935892200313,2.7222778937913397,1.2446867532971775,1.7028064707650967,4.046227251974012,1.8500262125509956,2.530947322667247,15.214940820496286,10.832564393504978,12.443211516089754,22.614556847950762,16.100860737887178,18.49482804577275,0.6532663316582914,-0.0017336683417086274,-0.0017336683417086274,0.507537688442211,-0.0024623115577889765,-0.0024623115577889765,0.3919597989949749,-0.0030402010050251116,-0.0030402010050251116,0.41697416974169743,0.1131067664267803,0.18261834152083856,0.40740740740740744,0.4371859296482412,0.12891525295651185,0.20346305819582056,0.4292929292929293,0.41697416974169743,0.1131067664267803,0.18261834152083856,0.40740740740740744,20.0,-11.0,-11.0,38.0,-24.0,-24.0,48.0,-28.0,-28.0,0.00013619818650126352,-2.6473535476925197e-05,-9.793310940986456e-05,-0.00019024471046957814,0.00021210453193631906,5.782182176528039e-05,-0.8474969863891602
397,1,test,2.562663397569766,1.1578985249057467,1.5912720389208705,4.331727807505024,1.957222022743907,2.6897630593372135,12.970316462021836,8.895747875851061,10.32869912127373,21.924018793869166,15.036683506277274,17.458833353378818,2.465582049072687,1.0711627709541425,1.5005786000195678,4.041937785365061,1.7560045425477746,2.459964918064865,11.770331068868005,7.737699014019746,9.145534359345763,19.295624703062305,12.684752481999585,14.992679277616006,2.562663397569766,1.1578985249057467,1.5912720389208705,4.331727807505024,1.957222022743907,2.6897630593372135,12.970316462021836,8.895747875851061,10.32869912127373,21.924018793869166,15.036683506277274,17.458833353378818,0.5979899497487438,-0.0020100502512562235,-0.0020100502512562235,0.44723618090452266,-0.0027638190954772934,-0.0027638190954772934,0.3517587939698492,-0.0032412060301507672,-0.0032412060301507672,0.4137931034482759,0.12125008241577118,0.19086316714254348,0.41538461538461535,0.40703517587939697,0.12633342149343207,0.1849984479995973,0.4040404040404041,0.4137931034482759,0.12125008241577118,0.19086316714254348,0.41538461538461535,16.0,-6.0,-6.0,26.0,-6.0,-6.0,34.0,-7.0,-7.0,-0.00015639613598779768,-0.00023488146389481185,1.0892908056299104e-05,-0.00012094549186336678,-0.00017278787436758591,9.286739145242251e-05,-0.8345465660095215
253,1,test,3.1157054567476057,1.462843645212452,1.9782075605410288,5.305953847134536,2.4911792769954633,3.36882871696096,22.549332322400357,17.32742975744094,19.430377676756738,38.40084316289961,29.508098200790506,33.089356043585724,3.5331465910427533,1.6300979206612216,2.2348566832481893,5.1205023058590635,2.3624607545814813,3.2389227293452025,34.23151089422163,27.525202261324438,30.568483700016426,49.61088535394439,39.891597480180344,44.30215028987888,3.210369420689484,1.4993664351857667,2.0488907537962495,5.178015194660459,2.4183329599770436,3.304662506122984,24.788241822735138,19.253732094956348,21.59358820884841,39.9810351979599,31.054406604768296,34.828368078787754,0.7085427135678393,-0.0014572864321606982,-0.0014572864321606982,0.6180904522613065,-0.0019095477386934512,-0.0019095477386934512,0.5025125628140703,-0.0024874371859296973,-0.0024874371859296973,0.4256559766763849,0.12434593300826258,0.19398442242418545,0.41520467836257313,0.4623115577889447,0.13900328711225296,0.22691923725472107,0.4747474747474747,0.44147157190635455,0.13429294085460164,0.20899103797976948,0.4295302013422819,23.0,-7.0,-7.0,34.0,-9.0,-9.0,46.0,-12.0,-12.0,0.0003657835524859809,0.00023246193921977338,0.00035643800572475264,0.0003332823049371214,-6.678927164482928e-05,0.00016045041052237252,-0.6481101512908936
383,1,test,2.6551842699835313,1.2708841716776293,1.7303013643802185,4.5970354525088,2.2003367748448506,2.995745645792617,14.227607538799974,10.235576641172518,11.706034557796182,24.63287275374324,17.721296871283762,20.267164309020256,2.642708554339768,1.2539534491466706,1.7139447297081136,4.368113312958295,2.072650329168051,2.832966495385312,14.05121057991835,10.041355483162988,11.519832564385256,23.225141454410497,16.59728179035205,19.041045560967365,2.6551842699835313,1.2708841716776293,1.7303013643802185,4.5970354525088,2.2003367748448506,2.995745645792617,14.227607538799974,10.235576641172518,11.706034557796182,24.63287275374324,17.721296871283762,20.267164309020256,0.6432160804020101,-0.001783919597989958,-0.001783919597989958,0.4623115577889447,-0.002688442211055242,-0.002688442211055242,0.31155778894472363,-0.003442211055276312,-0.003442211055276312,0.36796536796536794,0.07206903967163147,0.15069918091500822,0.34347826086956523,0.371859296482412,0.07361368244732425,0.14982256860261234,0.3434343434343434,0.36796536796536794,0.07206903967163147,0.15069918091500822,0.34347826086956523,17.0,0.0,0.0,30.0,0.0,0.0,33.0,0.0,0.0,-0.00019075661965294212,-0.00011491090459516895,5.879208559605592e-05,-0.017864768839036316,-0.020163227285153518,-0.021512266510625544,-1.2646703720092773
271,1,test,2.477140812366181,1.1250414355737075,1.5535170862363477,4.330895195130276,1.9669598608705878,2.716082852757588,11.907170865451228,8.04163863858896,9.388770999206253,20.817835155490886,14.059553646274736,16.414804925764575,2.363336854843638,0.9974634738336636,1.4249189616233702,4.074718715247652,1.719764610058041,2.456756830385121,10.62635094873031,6.707206484702997,8.070416492152006,18.321294739190193,11.564149111556894,13.914511193365527,2.477140812366181,1.1250414355737075,1.5535170862363477,4.330895195130276,1.9669598608705878,2.716082852757588,11.907170865451228,8.04163863858896,9.388770999206253,20.817835155490886,14.059553646274736,16.414804925764575,0.6180904522613065,-0.0019095477386934512,-0.0019095477386934512,0.39698492462311563,-0.0030150753768843908,-0.0030150753768843908,0.29145728643216084,-0.0035427135678391952,-0.0035427135678391952,0.3840304182509505,0.08991277119212704,0.14256392014728425,0.36259541984732824,0.3668341708542714,0.08111988513998569,0.12309460491103263,0.31818181818181823,0.3840304182509505,0.08991277119212704,0.14256392014728425,0.36259541984732824,23.0,-9.0,-9.0,33.0,-10.0,-10.0,41.0,-10.0,-10.0,-0.00010956856984488889,-0.0002020554750024665,0.00015919511020009224,-0.00013480533558407615,-0.00018378111340844328,8.585827751517172e-05,-0.4935946464538574
262,1,test,2.4837744204621566,1.1232349178944414,1.5427242515232726,4.507590614912803,2.0384633695121344,2.799758826838532,11.986420936847267,8.088125061640541,9.423749693410164,21.753134292796894,14.678449185940242,17.102360554707335,2.6129795193073138,1.1209261294585375,1.561244696428628,4.0827804989176775,1.7514470772789648,2.439444838169731,13.639629909427725,9.193413942814647,10.777016970129573,21.31192173348082,14.364709285647887,16.839089015827454,2.4260024286831503,1.0714477091329953,1.483787523862909,4.231399584912471,1.8688041438366194,2.588001495109725,11.313564778728528,7.438529683683331,8.7479069611947,19.732961823363713,12.974179680843022,15.257977257897732,0.5577889447236181,-0.00221105527638199,-0.00221105527638199,0.40201005025125625,-0.002989949748743781,-0.002989949748743781,0.31658291457286436,-0.003417085427135591,-0.003417085427135591,0.3742690058479532,0.10964912280701755,0.16214779372674104,0.3782991202346041,0.36180904522613067,0.10552763819095479,0.14572864321608037,0.36363636363636365,0.37792642140468224,0.11204013377926414,0.1683389074693422,0.3691275167785235,20.0,-10.0,-10.0,33.0,-14.0,-14.0,38.0,-13.0,-13.0,0.0005839671361450981,-0.0002210595974963733,0.00041163765499459807,0.0003372312314926518,-6.291574659478272e-05,0.0001629201083366283,-0.39755678176879883
448,1,test,2.7738355242687724,1.2413369671280012,1.703991214301088,4.4932891241078945,2.0108207011371717,2.7602664699497157,16.019961273756326,11.39023124561772,13.105035633976222,25.95046358380411,18.45084242711175,21.22862497433575,2.900945143483991,1.2619247106795297,1.748659088989009,4.2976965088651715,1.8695180898955992,2.5906060577614944,18.19133066452163,13.041208514709648,15.025909695013173,26.950119502995005,19.320308910680957,22.26060695557507,2.7738355242687724,1.2413369671280012,1.703991214301088,4.4932891241078945,2.0108207011371717,2.7602664699497157,16.019961273756326,11.39023124561772,13.105035633976222,25.95046358380411,18.45084242711175,21.22862497433575,0.6733668341708543,-0.001633165829145744,-0.001633165829145744,0.542713567839196,-0.0022864321608039306,-0.0022864321608039306,0.40703517587939697,-0.00296482412060306,-0.00296482412060306,0.39855072463768115,0.08571166496317839,0.1612013270473197,0.4036363636363637,0.42211055276381915,0.09378975075880658,0.1783709868205804,0.43434343434343436,0.39855072463768115,0.08571166496317839,0.1612013270473197,0.4036363636363637,18.0,0.0,0.0,29.0,0.0,0.0,35.0,1.0,1.0,0.0004083084515199207,0.00020617392436689345,-9.84448292969563e-05,-0.00022489431977135155,0.00019273690668875076,4.029903692170933e-05,-0.6030764579772949
8,1,test,2.2795528010198267,1.0196184924113274,1.4164294553416912,4.03404006922048,1.804381039941394,2.5066026878237793,9.772309265478713,6.247119360349899,7.401756065366693,17.29369336306626,11.055295497248416,13.098613261744429,1.9137174364310414,0.7307846147007169,1.071683182301221,3.4173525650554306,1.3049725262512797,1.9137199683950368,6.778239696320815,3.514306984199924,4.457155844416287,12.10399945771574,6.275548186071293,7.959206865029084,2.2697281227462667,0.987767836981563,1.388997845837562,4.005402569552236,1.7431197123204059,2.4511726691251097,9.67676956286661,6.07307248068463,7.2641085890364145,17.076652169764607,10.717186730619934,12.819015157123085,0.4974874371859297,-0.002512562814070307,-0.002512562814070307,0.371859296482412,-0.003140703517587995,-0.003140703517587995,0.2562814070351759,-0.00371859296482413,-0.00371859296482413,0.3885350318471338,0.11190546109991595,0.1872638454064558,0.43450479233226835,0.38190954773869346,0.10120779335272856,0.16655061618610578,0.398989898989899,0.38795986622073575,0.11917856405045191,0.18328800860115846,0.43288590604026844,20.0,-11.0,-11.0,32.0,-22.0,-22.0,39.0,-24.0,-24.0,-0.0012532389518255316,-0.00010175378735086593,-0.0002550312518838882,-0.03401107893023614,-0.03861642369121121,-0.033375574411554254,-0.7261598110198975
440,1,test,1.8711991870924256,0.83059112870654,1.0525143628079718,4.122981259695175,1.8301160463025457,2.319099443475192,6.49608174769225,3.665143881073319,4.2285660536416625,14.31340046101682,8.075740754907311,9.317179440227392,2.1113824125510363,0.9151411078618537,1.2759792075917336,3.5485418698336746,1.5380522821207623,2.144502869902073,8.259651641995964,4.951990603566795,5.9539080938775335,13.881767465539436,8.32267328330554,10.006568225004258,1.7733581907374405,0.7587177157811382,1.060896509138094,3.669016946353325,1.5697607912713205,2.1949582947684703,5.89060194796247,3.1322304325183263,3.851597482533249,12.187452306129247,6.4804767569344675,7.968822377654997,0.4974874371859297,-0.002512562814070307,-0.002512562814070307,0.371859296482412,-0.003140703517587995,-0.003140703517587995,0.2613065326633166,-0.003693467336683409,-0.003693467336683409,0.3290488431876607,0.09413228349574798,0.1286578363450409,0.2938144329896907,0.33668341708542715,0.08856311633354741,0.14135787451447557,0.33333333333333337,0.33444816053511706,0.0957169418372873,0.14312446754290353,0.2818791946308725,19.0,-9.0,-9.0,28.0,-11.0,-11.0,35.0,-12.0,-12.0,-9.627189815945576e-05,-4.6619749739264306e-05,5.317335698657601e-05,-0.07720317664823373,-0.09488843400065416,-0.08812662718100839,-0.6303579807281494
431,1,test,2.908197718170973,1.3117866427696667,1.8121053728071688,4.7908730830921815,2.1609958904573983,2.985205166782336,18.323744238076994,13.388456013244774,15.331294550814452,30.185957613253155,22.055719642871654,25.25629049686802,3.2271603112244724,1.4596413818529135,2.019743090003886,4.482167098922878,2.0272796970179354,2.805198736116508,25.207972441860594,19.35166702761189,21.863137922810076,35.011072835917496,26.87731531612763,30.365469337236217,2.908418352787311,1.2896446316909984,1.7937549176183076,4.716354085601044,2.0913156189583755,2.908791758299958,18.32778753638623,13.280889920111102,15.279245561900492,29.72073654549118,21.536578248828814,24.777154965244044,0.6331658291457287,-0.0018341708542712887,-0.0018341708542712887,0.5477386934673367,-0.002261306532663321,-0.002261306532663321,0.4371859296482412,-0.002814070351758735,-0.002814070351758735,0.41346153846153844,0.1366615384615384,0.19704362801377728,0.37942122186495175,0.4170854271356784,0.12385234442891147,0.19671814833768175,0.4191919191919192,0.41137123745819393,0.1359121389606981,0.19557590931581348,0.37583892617449666,22.0,-3.0,-3.0,33.0,-3.0,-3.0,43.0,-4.0,-4.0,0.0009157707801666835,0.00012412317038059593,0.00020823033062846875,-0.004204034307158544,-0.0034342096606447825,-0.004265621547125953,-1.0584824085235596
68,1,test,2.4092084979507287,1.0582691842401533,1.4709873659789845,4.373403961248138,1.9210618949582399,2.670263689834462,11.125152078659424,7.264101513017964,8.569720481462696,20.195339760623792,13.18642631344025,15.556498963164765,2.3590518445824857,0.9970120143650765,1.401867320190123,3.6860185071601337,1.5578312724454317,2.190417687797067,10.580914343559048,6.6767653575700265,7.9765606962270414,16.532678661811012,10.432445871203166,12.463376087854751,2.4092084979507287,1.0582691842401533,1.4709873659789845,4.373403961248138,1.9210618949582399,2.670263689834462,11.125152078659424,7.264101513017964,8.569720481462696,20.195339760623792,13.18642631344025,15.556498963164765,0.6683417085427136,-0.0016582914572863539,-0.0016582914572863539,0.4623115577889447,-0.002688442211055242,-0.002688442211055242,0.29648241206030146,-0.0035175879396985854,-0.0035175879396985854,0.35915492957746475,0.04929577464788726,0.11267605633802813,0.40636042402826855,0.3919597989949749,0.07035175879396993,0.1306532663316583,0.43939393939393945,0.35915492957746475,0.04929577464788726,0.11267605633802813,0.40636042402826855,18.0,-9.0,-9.0,32.0,-19.0,-19.0,37.0,-19.0,-19.0,-0.00016673608363457703,-0.00011441731357052776,-7.503875135763527e-05,-0.0002803336946550772,0.00016174870629104277,1.2262581172706177e-05,-0.7177095413208008
182,1,test,2.5738151247809533,1.196370095094772,1.6270959753920748,5.20051686171494,2.4173231373490256,3.2876254297305616,13.115767400276292,9.151008565655225,10.538527167018506,26.501036870421274,18.490051553892407,21.29359941281136,2.453934577242214,1.0289489721672669,1.449687259514117,4.674161099508979,1.9599028041281272,2.761309065741175,11.634031781265305,7.476233790130545,8.9041799929517,22.160060535743437,14.24044531453437,16.960342843717523,2.5738151247809533,1.196370095094772,1.6270959753920748,5.20051686171494,2.4173231373490256,3.2876254297305616,13.115767400276292,9.151008565655225,10.538527167018506,26.501036870421274,18.490051553892407,21.29359941281136,0.5678391959798995,-0.0021608040201005485,-0.0021608040201005485,0.4522613065326633,-0.0027386934673366836,-0.0027386934673366836,0.3467336683417085,-0.003266331658291488,-0.003266331658291488,0.40816326530612246,0.11274730605315131,0.18983747345091884,0.39249146757679176,0.40703517587939697,0.11630835883679047,0.1933456934086123,0.3737373737373737,0.40816326530612246,0.11274730605315131,0.18983747345091884,0.39249146757679176,21.0,-12.0,-12.0,34.0,-23.0,-23.0,42.0,-29.0,-29.0,-0.00044621056081039384,0.00027841447017385655,-0.00014999952655043945,-0.04030594015546196,-0.04472545741414713,-0.0393612322935839,-0.3694431781768799
429,1,test,2.3546610507603636,1.0626555512093208,1.456130729956107,4.218767715945652,1.9039245292500335,2.6089008911713587,10.534557576207055,6.894478158175978,8.07856663755479,18.874415657370974,12.352606700065294,14.474098558952331,2.452980809475309,1.0508010624770265,1.4648421602544524,4.054513734669933,1.7368612602926063,2.4212267111643846,11.622940906653302,7.558891989120277,8.9367111065158,19.211472572980664,12.494036345653353,14.771423316555042,2.3609881883480877,1.0462874192834661,1.4446023895967741,4.094199170545817,1.8143712473123692,2.5050908490117476,10.601422480075898,6.877785888807159,8.101184801585505,18.383969618628726,11.92679633897195,14.048297343789894,0.5728643216080402,-0.0021356783919597166,-0.0021356783919597166,0.44723618090452266,-0.0027638190954772934,-0.0027638190954772934,0.33668341708542715,-0.0033165829145728187,-0.0033165829145728187,0.3819241982507289,0.10681502794505204,0.16882546902296736,0.3713450292397661,0.3869346733668342,0.10372665331670883,0.1665673945688375,0.38383838383838387,0.38795986622073575,0.11750911496864891,0.1721645380783553,0.37583892617449666,18.0,-1.0,-1.0,31.0,-3.0,-3.0,38.0,-3.0,-3.0,0.0002656047630191642,0.00015447075249107371,0.00012055425555758392,-0.0043422467366260875,-0.004310242404373277,-0.004027750075244363,-1.1307029724121094
38,1,test,3.3409454668982552,1.547975206913921,2.1090413523825573,5.204841358957282,2.4115824276132662,3.285664422659141,28.245819572228832,22.238550427872816,24.818069417085194,44.004013649367025,34.64532066658081,38.66393972345904,3.0417285001457635,1.311701912936755,1.840427982401231,4.4731301472731815,1.928973401377581,2.70651173882534,20.94140919850389,15.300605318837512,17.61697159584393,30.796189997799836,22.500890174761047,25.907311170358714,3.3409454668982552,1.547975206913921,2.1090413523825573,5.204841358957282,2.4115824276132662,3.285664422659141,28.245819572228832,22.238550427872816,24.818069417085194,44.004013649367025,34.64532066658081,38.66393972345904,0.6180904522613065,-0.0019095477386934512,-0.0019095477386934512,0.507537688442211,-0.0024623115577889765,-0.0024623115577889765,0.40703517587939697,-0.00296482412060306,-0.00296482412060306,0.43728813559322033,0.1377957498064183,0.19940763953910534,0.44897959183673475,0.40703517587939697,0.11380209317263001,0.1766512025905823,0.41414141414141414,0.43728813559322033,0.1377957498064183,0.19940763953910534,0.44897959183673475,21.0,-7.0,-7.0,36.0,-15.0,-15.0,43.0,-13.0,-13.0,-0.0006189932723382831,-0.0001414889984830739,-0.00032494071776965905,-0.00035656283511986686,0.00011913993074319507,-2.6287545484393604e-05,-0.47165703773498535
419,1,test,1.8378566644164953,0.8288859440130032,1.1131464559534323,3.489972495727068,1.5740015000672454,2.1137940679541245,6.283057118985525,3.54028064120488,4.218924273929067,11.931124422754428,6.722766962287991,8.011467903152539,1.766545163327126,0.7412898077072796,1.0405447805025134,2.8492663924631065,1.1956287221085153,1.6782980330685697,5.850605518523335,3.0627982665924853,3.7838078635262637,9.436460513747315,4.939997204181428,6.102915908913329,1.8214850748661768,0.8023604045668316,1.1126955920705548,3.2334054583423257,1.4243084104736656,1.9751992758648904,6.181030930969852,3.410262564644267,4.149500364079913,10.9722442561595,6.05372052895432,7.365976977656651,0.44221105527638194,-0.0027889447236180143,-0.0027889447236180143,0.3417085427135679,-0.003291457286432098,-0.003291457286432098,0.2562814070351759,-0.00371859296482413,-0.00371859296482413,0.348314606741573,0.1154955324077721,0.1616088393906444,0.3549295774647887,0.35678391959798994,0.11618241583859146,0.17314452059965935,0.36363636363636365,0.34782608695652173,0.11076431734049497,0.15983943512114906,0.3557046979865772,18.0,-6.0,-6.0,30.0,-13.0,-13.0,34.0,-11.0,-11.0,-0.0001167737767661405,-0.0002762590918809601,-0.00014439187381086685,-0.12157901638666413,-0.12358141528395539,-0.1276629466505863,-0.7543705701828003
434,1,test,2.6732017234859304,1.2192938847234884,1.6761035901793186,4.619135331023483,2.1068681096324986,2.896208409501029,14.486276072658214,10.206469399449622,11.775870901668103,25.03143291966677,17.636178741696042,20.34801221979415,2.6570348170534452,1.1593333003283783,1.6256801319928773,4.428391361755742,1.932222167213964,2.7094668866547957,14.253960772672041,9.782560960332022,11.44909780455377,23.756601287786737,16.30426826722004,19.081829674256284,2.6732017234859304,1.2192938847234884,1.6761035901793186,4.619135331023483,2.1068681096324986,2.896208409501029,14.486276072658214,10.206469399449622,11.775870901668103,25.03143291966677,17.636178741696042,20.34801221979415,0.6482412060301508,-0.0017587939698492372,-0.0017587939698492372,0.4974874371859297,-0.002512562814070307,-0.002512562814070307,0.3517587939698492,-0.0032412060301507672,-0.0032412060301507672,0.3931623931623932,0.09465493047582607,0.1587873931623932,0.3905579399141631,0.3869346733668342,0.09370159066006722,0.15488125099621652,0.38383838383838387,0.3931623931623932,0.09465493047582607,0.1587873931623932,0.3905579399141631,17.0,-7.0,-7.0,29.0,-16.0,-16.0,36.0,-17.0,-17.0,0.00010701918950412977,-0.00010962572845719059,3.3673088638107793e-05,6.616239837065052e-05,-2.437914732134061e-05,-5.259801277901488e-05,-0.41679811477661133
165,1,test,2.85174590126792,1.2958885965137161,1.7751411093024827,4.383540842520403,1.9919658997839407,2.7286454765849593,17.317990964202693,12.578843286279632,14.38329225969515,26.620226110688712,19.33547910862412,22.109174959188543,2.7331435051395667,1.1760515537693275,1.6246394042269663,4.1727381757855975,1.7954985553730185,2.480365502636589,15.38116186541834,10.636159401299588,12.351339171614725,23.482689870867695,16.23841129969403,18.857006368877443,2.85174590126792,1.2958885965137161,1.7751411093024827,4.383540842520403,1.9919658997839407,2.7286454765849593,17.317990964202693,12.578843286279632,14.38329225969515,26.620226110688712,19.33547910862412,22.109174959188543,0.6180904522613065,-0.0019095477386934512,-0.0019095477386934512,0.4773869346733668,-0.0026130653266331905,-0.0026130653266331905,0.36180904522613067,-0.0031909547738693256,-0.0031909547738693256,0.40671641791044777,0.08641846632757999,0.16602162882856186,0.41947565543071164,0.39698492462311563,0.08620798226722592,0.16326205317069498,0.38383838383838387,0.40671641791044777,0.08641846632757999,0.16602162882856186,0.41947565543071164,18.0,0.0,0.0,32.0,0.0,0.0,37.0,0.0,0.0,-0.00011949411057738848,-0.00019680535116241177,6.815531093504266e-05,-0.00016945494488584956,0.00022372510708557058,6.833549267337702e-05,-0.6363425254821777
80,1,test,3.2455217838287354,1.5686567214296039,2.1228357179714212,5.271627868531067,2.547933749836524,3.4480742008668748,25.67510341947065,20.32634179314628,22.602005749653898,41.703491681336715,33.015618750717366,36.71192841417771,3.3552253761483195,1.6265364967289306,2.1984453499544685,5.455651018127349,2.6447747914291555,3.574707886104827,28.652060954218317,23.01879777708874,25.472382660446822,46.58871699872897,37.42893947494104,41.418508390970445,3.2455217838287354,1.5686567214296039,2.1228357179714212,5.271627868531067,2.547933749836524,3.4480742008668748,25.67510341947065,20.32634179314628,22.602005749653898,41.703491681336715,33.015618750717366,36.71192841417771,0.6582914572864322,-0.0017085427135676845,-0.0017085427135676845,0.5326633165829145,-0.0023366834170853723,-0.0023366834170853723,0.42211055276381915,-0.0028894472361808976,-0.0028894472361808976,0.37857142857142856,0.08623631270690091,0.15766881574482527,0.3655913978494624,0.36180904522613067,0.07108222818352417,0.143111215509937,0.36363636363636365,0.37857142857142856,0.08623631270690091,0.15766881574482527,0.3655913978494624,21.0,0.0,0.0,31.0,0.0,0.0,38.0,1.0,1.0,0.0006383479169641743,9.471362679367646e-05,0.00011164551900941053,-0.005927248635295257,-0.0050672503619422216,-0.00555798650564121,-0.5554563999176025
485,1,test,2.545524834436619,1.1756964841567021,1.6152267464954848,4.38786601295152,2.026614934015973,2.784258259152438,12.749917926374502,8.815242674777803,10.21465312951921,21.97775907750743,15.19533543939599,17.607578875193333,2.5021965869108036,1.117187452587129,1.5513354656519325,3.8495332106320053,1.7187499270571216,2.386669947156819,12.209283279240198,8.21442088422407,9.621346051401792,18.78351273729261,12.637570591113953,14.802070848310448,2.5926835465191997,1.198722777450184,1.645247194191452,4.394378892405424,2.0317335211020073,2.78855456642619,13.365590705000539,9.334807224616402,10.786501404474308,22.653543567797524,15.821707160366785,18.282205770295437,0.6030150753768844,0.008015075376884395,-0.0019849246231156137,0.457286432160804,-0.0027135678391959628,-0.0027135678391959628,0.35678391959798994,-0.00821608040201005,-0.0032160804020100464,0.4115755627009646,0.12586127698667893,0.19018518836941378,0.42258064516129035,0.40201005025125625,0.1238145615294517,0.17329552604424459,0.40909090909090906,0.4280936454849499,0.13927895433303006,0.20228719387204663,0.44630872483221473,19.0,-8.0,-8.0,30.0,-13.0,-12.0,36.0,-8.0,-8.0,-0.0003187859193749274,-3.832769259223504e-05,-0.00010226875140171833,-0.020829360410449027,-0.019745387319510144,-0.019192846197709557,-1.134307861328125
107,1,test,2.8546217947509818,1.3349122088321592,1.8350200779284718,4.742103965050811,2.2175590791528763,3.0483393644276253,17.367867346761837,12.796969797405815,14.595776879693894,28.85153919899234,21.258354198969222,24.246536455884936,2.6571560642827095,1.2003761472015124,1.6768957351078333,4.056726815698793,1.8326353392389505,2.5601461604699747,14.255689130698963,9.963572848917497,11.590539162779951,21.7644108865633,15.211561601400758,17.695479637831987,2.8714635160854427,1.3487343992778458,1.8496942380439299,4.759331794616755,2.235471380018528,3.0657915547689436,17.66284915707217,13.078128782655366,14.884743497418263,29.27544059183232,21.67645654583762,24.670845575831372,0.5778894472361809,-0.002110552763819218,-0.002110552763819218,0.4723618090452262,-0.0026381909547738003,-0.0026381909547738003,0.3869346733668342,-0.0030653266331658324,-0.0030653266331658324,0.42244224422442245,0.1324916676181621,0.2050986657392413,0.4403973509933775,0.42211055276381915,0.14140879837785425,0.20842107029303447,0.4191919191919192,0.42140468227424754,0.13092054204052472,0.20338466002730649,0.44630872483221473,19.0,-2.0,-2.0,31.0,-4.0,-4.0,43.0,-5.0,-5.0,-0.0007177090400125565,-1.1503183119127407e-06,-7.23739449885672e-05,-0.01809331125177227,-0.02077234764098268,-0.01919628180691646,-0.7905449867248535
278,1,test,2.6754769183695317,1.2051758972756483,1.6691316513859682,4.230680250229653,1.9057214927363697,2.639365813275348,14.519272696502084,10.168728146849709,11.783687805885599,22.959046973286547,16.07961445881161,18.633319141326492,2.7342217998888025,1.1818271534378133,1.6723032329493737,3.9341320861709392,1.7004707243709545,2.40619170208543,15.397756236698791,10.674990229400928,12.505842235856793,22.15504494489035,15.359698171799899,17.994017605549345,2.6705869747244795,1.222128008017132,1.6791047472473433,4.1511714633023,1.8996808414774078,2.6100073791409484,14.448447577796738,10.191897604638179,11.753221125985185,22.458726804865396,15.842327882857271,18.2692556362464,0.5879396984924623,-0.002060301507537776,-0.002060301507537776,0.4773869346733668,-0.0026130653266331905,-0.0026130653266331905,0.3417085427135679,-0.003291457286432098,-0.003291457286432098,0.38749999999999996,0.11136895475819031,0.17024428274428272,0.3730407523510971,0.3668341708542714,0.08111988513998569,0.14813634113807772,0.3484848484848485,0.3846153846153846,0.10748683703608575,0.1743817917344057,0.3691275167785235,24.0,-12.0,-12.0,36.0,-15.0,-15.0,40.0,-10.0,-10.0,0.0004893382658219639,0.000130715802499303,6.995945527797301e-05,-0.008912793714273448,-0.010454815018125174,-0.008482734628385558,-0.7293450832366943
309,1,test,2.3756570688609417,1.0582463829310345,1.472073926808939,4.164555464087555,1.8551186592345248,2.5805633295265133,10.75807966339136,7.02433864162405,8.28964763671248,18.859043265342684,12.313750269353003,14.531852182429708,2.272832538015279,0.9533736285144687,1.2992416175303574,3.7880542300254656,1.588956047524115,2.1654026958839294,9.706856951763372,5.965460556345585,7.059422815471601,16.17809491960562,9.942434260575974,11.765704692452667,2.3756570688609417,1.0582463829310345,1.472073926808939,4.164555464087555,1.8551186592345248,2.5805633295265133,10.75807966339136,7.02433864162405,8.28964763671248,18.859043265342684,12.313750269353003,14.531852182429708,0.5477386934673367,-0.002261306532663321,-0.002261306532663321,0.42211055276381915,-0.0028894472361808976,-0.0028894472361808976,0.31658291457286436,-0.003417085427135591,-0.003417085427135591,0.3896551724137931,0.10910439788711501,0.18208636507434361,0.4325259515570934,0.40201005025125625,0.12632082719361215,0.19332891502588057,0.43939393939393945,0.3896551724137931,0.10910439788711501,0.18208636507434361,0.4325259515570934,22.0,-13.0,-13.0,34.0,-25.0,-25.0,42.0,-27.0,-27.0,-0.0006335290121623345,-0.0004616895542219633,-0.0001210483660525431,-0.05188105826837308,-0.054097345361269866,-0.05401378172788096,-0.8233675956726074
229,1,test,2.4576124264022052,1.1158225837400406,1.5367906796730173,4.254112738099724,1.931482367175743,2.660175679433995,11.676898776129581,7.851013662894303,9.165545537569297,20.21264349552255,13.590058738109434,15.865505725850946,2.36940710628452,1.0254179122459948,1.4412208316314161,3.7021986035695624,1.6022154878843664,2.251907549424087,10.69105174727174,6.8567429083761215,8.161135306950225,16.704768355112094,10.713660794337692,12.751773917109729,2.4576124264022052,1.1158225837400406,1.5367906796730173,4.254112738099724,1.931482367175743,2.660175679433995,11.676898776129581,7.851013662894303,9.165545537569297,20.21264349552255,13.590058738109434,15.865505725850946,0.6030150753768844,-0.0019849246231156137,-0.0019849246231156137,0.44723618090452266,-0.0027638190954772934,-0.0027638190954772934,0.31155778894472363,-0.003442211055276312,-0.003442211055276312,0.4,0.11186440677966103,0.17175141242937852,0.3877551020408163,0.40201005025125625,0.11306532663316582,0.17755443886097144,0.36868686868686873,0.4,0.11186440677966103,0.17175141242937852,0.3877551020408163,20.0,-11.0,-11.0,35.0,-20.0,-20.0,42.0,-22.0,-22.0,0.0003653642212143304,0.0002064667078299964,-6.35821374280009e-05,-0.00035656283511986686,0.00011913993074319507,-2.6287545484393604e-05,-1.0921876430511475
189,1,test,1.6732058834634433,0.7170756108612305,0.9720850252616772,3.6369684772289217,1.5586733337881835,2.112975234550831,5.329225315676102,2.7276158660471395,3.313214211532351,11.583884967607336,5.928889577096476,7.20177699872002,1.6290772937650058,0.534908075326396,0.8113377955278671,3.225895631217833,1.0592239115374178,1.6066094960947863,5.099167513528979,2.1124671567142554,2.833794348272981,10.09736141292867,4.183103280622287,5.611473956976199,1.6342105678092675,0.6860652614401674,0.9746410815794845,3.63157903957615,1.5245894698670384,2.165869070176632,5.125410235690063,2.544491831082462,3.1914506767569852,11.389800523755694,5.654426291294359,7.092112615015523,0.4120603015075377,-0.0029396984924623393,-0.0029396984924623393,0.3065326633165829,-0.0034673366834171437,-0.0034673366834171437,0.1959798994974874,-0.004020100502512558,-0.004020100502512558,0.3674033149171271,0.12188607353781677,0.1670123080745073,0.3490304709141274,0.35678391959798994,0.1287137441593934,0.16646672427244735,0.30808080808080807,0.36789297658862874,0.12749230880899598,0.16878285423045303,0.3389261744966443,20.0,-11.0,-11.0,30.0,-21.0,-21.0,37.0,-28.0,-28.0,0.0002537410483738411,-0.00014391265282767468,0.00022177834375448088,-0.07341214726813039,-0.07382596450683732,-0.07966576486946764,-0.8070566654205322
283,1,test,2.569633803985737,1.178465306788043,1.5056470575389096,4.593826470332992,2.106784675814473,2.6916992207888994,13.061040664054701,9.041496528047093,10.16313947678498,23.349690621116657,16.1638074723106,18.169008781610884,2.7284946735180804,1.1747417328191079,1.6257101959084554,4.072380109728478,1.753345869879265,2.426433128221575,15.309823382539097,10.580638110700841,12.297280668622816,22.850482660506113,15.791997180150506,18.354150251675843,2.559076719858176,1.1321203950340673,1.5734911881099993,4.4635059067293765,1.9746285959896523,2.744461374610464,12.923879444145202,8.757879519194322,10.244499156720114,22.541650193276514,15.275371254408702,17.86831248265136,0.6281407035175879,-0.0018592964824121205,-0.0018592964824121205,0.49246231155778897,-0.002537688442211028,-0.002537688442211028,0.36180904522613067,-0.0031909547738693256,-0.0031909547738693256,0.38095238095238093,0.0903315090897654,0.14537075827398405,0.389920424403183,0.38190954773869346,0.0736388710469641,0.1381699817954547,0.4191919191919192,0.3812709030100334,0.09746455910352259,0.16770026897221357,0.3926174496644296,26.0,0.0,0.0,35.0,0.0,0.0,43.0,0.0,0.0,-0.0003483977568752932,-0.00011160656427521584,-9.713518167030365e-05,-0.008579023978934508,-0.012006601877305734,-0.009950094869688897,-0.3651754856109619
369,1,test,3.1223803500042244,1.4233869873674834,1.95792700282026,5.104250512282355,2.3268541769540296,3.2006830644906046,22.7003501619336,17.231910277678953,19.496179326578304,37.108955653939354,28.16952997488835,31.87099973746034,3.0530984180057468,1.367636748368301,1.8807194023236091,4.556863310456338,2.041248878161643,2.807043884065088,21.180870046361747,15.785929008386505,17.95120311180268,31.613238875166786,23.561088072218666,26.792840465377132,3.1223803500042244,1.4233869873674834,1.95792700282026,5.104250512282355,2.3268541769540296,3.2006830644906046,22.7003501619336,17.231910277678953,19.496179326578304,37.108955653939354,28.16952997488835,31.87099973746034,0.6331658291457287,-0.0018341708542712887,-0.0018341708542712887,0.5175879396984925,-0.002412060301507535,-0.002412060301507535,0.42211055276381915,-0.0028894472361808976,-0.0028894472361808976,0.4191176470588235,0.11820021586616292,0.19417877175319997,0.45018450184501846,0.4170854271356784,0.11633354743643032,0.19004035201046976,0.45959595959595956,0.4191176470588235,0.11820021586616292,0.19417877175319997,0.45018450184501846,18.0,-4.0,-4.0,33.0,-9.0,-9.0,37.0,-4.0,-4.0,-0.0003564851124531248,-0.00044604116414989864,-0.00014644686246267815,-0.00019717463232815646,0.00020823100688893703,5.431726479621091e-05,-0.8575711250305176
59,1,test,2.2397083515607856,1.0017313347788537,1.3876360160164003,3.94437526358205,1.7641601840272032,2.443781205984438,9.390592136487742,5.941962253556318,7.046091723863016,16.53787615148119,10.46445574654085,12.408950424803201,2.0106649410784545,0.8339089442046514,1.1789292831492744,3.2430079694813783,1.3450144261365347,1.9014988437891525,7.46828166391107,4.2244475558158845,5.170979050470798,12.045615586953339,6.81362509002562,8.340288791081932,2.2563491557354114,0.9829507559843564,1.375253274013414,3.95850729076388,1.724475010498871,2.4127250421287973,9.548166587880534,5.975192239392403,7.134623372319378,16.75116945242199,10.482793402442812,12.516883109332243,0.5226130653266332,-0.002386934673366814,-0.002386934673366814,0.3517587939698492,-0.0032412060301507672,-0.0032412060301507672,0.23115577889447236,-0.003844221105527623,-0.003844221105527623,0.38607594936708856,0.09855620213170146,0.1681812125249833,0.4031746031746032,0.3517587939698492,0.07356330524804466,0.12638316792644355,0.3535353535353535,0.38795986622073575,0.09914517506881593,0.1643781087123931,0.40604026845637586,20.0,0.0,0.0,28.0,0.0,0.0,37.0,0.0,0.0,-0.0003876529188316318,3.842270947956445e-05,-5.020080005822572e-05,-0.0027639175357609957,-0.0034452892043024264,-0.004275417798703884,-0.9010477066040039
313,1,test,2.1728470955468433,0.9524621435304919,1.316701278819155,3.8696209510581427,1.6962387612312693,2.344911828009394,8.783255243062735,5.394763353690994,6.429185074244821,15.64208939354431,9.607527995056435,11.44972847491915,2.1574528906213577,0.8633919486957353,1.2402098368236691,3.5660378357377813,1.4270941300755955,2.0499336145845772,8.649079426700304,5.001510340532831,6.146697487885212,14.295999052397198,8.266959240550134,10.159830558487954,2.2187094485081955,0.970678387147841,1.3542826184519487,3.8698420613515037,1.693043698513676,2.36212084613712,9.195455995511741,5.711978548062518,6.821810801590874,16.03858603868327,9.962753281504392,11.898507212077106,0.5628140703517588,-0.0021859296482411583,-0.0021859296482411583,0.3919597989949749,-0.0030402010050251116,-0.0030402010050251116,0.2864321608040201,-0.003567839195979916,-0.003567839195979916,0.3607594936708861,0.08587797708320843,0.14075949367088614,0.3682539682539683,0.37688442211055273,0.08114507373962543,0.14316155065813208,0.38888888888888884,0.36454849498327757,0.08575049832217574,0.1443037786317759,0.3791946308724832,15.0,-4.0,-4.0,27.0,-14.0,-14.0,33.0,-10.0,-10.0,-0.00013013724343986013,-0.00012812591915495883,4.38157876331171e-05,-0.01260852600914042,-0.011041466086530782,-0.012416987226880671,-0.520559549331665
50,1,test,3.204346724142108,1.462211717011636,2.020728471265202,5.390842135909665,2.459956182737223,3.399578486952046,24.639398433491596,18.929878147768168,21.37322775333059,41.45216442340351,31.846736178009976,35.957312573250285,3.2732320023541472,1.4633350674830488,2.0319762948769418,4.922153386998717,2.200503860876765,3.05560345094277,26.3965152241434,20.28669753351228,22.936559794166133,39.694007855854736,30.5063120804696,34.49106735964832,3.204346724142108,1.462211717011636,2.020728471265202,5.390842135909665,2.459956182737223,3.399578486952046,24.639398433491596,18.929878147768168,21.37322775333059,41.45216442340351,31.846736178009976,35.957312573250285,0.7185929648241206,-0.0014070351758793676,-0.0014070351758793676,0.5829145728643217,-0.002085427135678275,-0.002085427135678275,0.4522613065326633,-0.0027386934673366836,-0.0027386934673366836,0.4140350877192982,0.09122807017543855,0.16491228070175434,0.38732394366197187,0.4321608040201005,0.09547738693467334,0.1758793969849246,0.398989898989899,0.4140350877192982,0.09122807017543855,0.16491228070175434,0.38732394366197187,20.0,-6.0,-6.0,33.0,-11.0,-11.0,43.0,-14.0,-14.0,2.9238024528267225e-05,0.0003935141896985061,2.497396517238654e-06,-0.0002872636165145437,0.00015787518124010802,8.758024202748516e-06,-0.7414233684539795
375,1,test,1.920852592116908,0.8708027245832337,1.2052210960609764,3.4271326823380805,1.553662415083755,2.1503225311015983,6.826776444538909,3.9689828189091654,4.781298458769294,12.180147901047839,7.08135064093146,8.530661998379749,1.537167390387262,0.6729574381762405,0.9418855173831957,2.650288604115969,1.160271445131449,1.6239405472124062,4.651396003673466,2.2782655449882334,2.8378539422027993,8.019648282195632,3.928044043083162,4.8928516244875855,1.920852592116908,0.8708027245832337,1.2052210960609764,3.4271326823380805,1.553662415083755,2.1503225311015983,6.826776444538909,3.9689828189091654,4.781298458769294,12.180147901047839,7.08135064093146,8.530661998379749,0.3316582914572864,-0.0033417085427135396,-0.0033417085427135396,0.2613065326633166,-0.003693467336683409,-0.003693467336683409,0.2211055276381909,-0.003894472361809065,-0.003894472361809065,0.32793522267206476,0.10773320247004459,0.1610442401687,0.3739837398373984,0.2864321608040201,0.09094343899950885,0.1311733961963406,0.30808080808080807,0.32793522267206476,0.10773320247004459,0.1610442401687,0.3739837398373984,19.0,0.0,0.0,28.0,0.0,0.0,31.0,0.0,0.0,2.4044245311865628e-05,-0.0006792145982766546,-0.0009285391940380707,-0.024146444261901934,-0.024308119611117007,-0.02017815539475709,-1.4618912935256958
433,1,test,3.318655892962315,1.5405320407844394,2.107463946742956,5.146017049213716,2.3887996834948586,3.267902955392559,27.62319706139822,21.70445550019429,24.26571285234131,42.83343848128205,33.65564302245318,37.62721296723811,3.312890176797033,1.520751522907996,2.0820441841244106,5.096754118149281,2.339617727550763,3.2031448986529387,27.464387812040126,21.462112272676688,24.04026271599292,42.25290432621558,33.018634265656445,36.98501956306603,3.318655892962315,1.5405320407844394,2.107463946742956,5.146017049213716,2.3887996834948586,3.267902955392559,27.62319706139822,21.70445550019429,24.26571285234131,42.83343848128205,33.65564302245318,37.62721296723811,0.6984924623115578,-0.0015075376884421399,-0.0015075376884421399,0.5678391959798995,-0.0021608040201005485,-0.0021608040201005485,0.4623115577889447,-0.002688442211055242,-0.002688442211055242,0.41393442622950816,0.09287103154648157,0.17279001206057087,0.40740740740740744,0.40201005025125625,0.08622057656704574,0.1599399333898205,0.3939393939393939,0.41393442622950816,0.09287103154648157,0.17279001206057087,0.40740740740740744,12.0,0.0,0.0,18.0,0.0,0.0,27.0,0.0,0.0,0.0001227961178152086,-0.00011625099887215692,9.339053741414742e-06,-3.136820234672655e-06,-7.934534252473924e-05,-9.790377231322367e-05,-0.8495254516601562
406,1,test,2.218033682530926,0.9878892539767536,1.3752472888230123,3.9417627158121027,1.7556203313529735,2.444010896136896,9.189244118328517,5.767520423118954,6.866413830695514,16.330599547429536,10.2497077233714,12.202598293407457,2.4823226012177204,1.1051352888214725,1.543130115089972,3.848562172430574,1.7133880446844532,2.3924497908371656,11.969031446512034,8.0052942671383,9.411116414260771,18.556637901569044,12.411308941299689,14.590878161644605,2.264153461392508,1.0144581925768417,1.4086179567097996,3.949104874521816,1.769403824261933,2.4568917849589527,9.622974932293214,6.133695429132457,7.2703410425202755,16.784258602837,10.698305981044982,12.680827399744665,0.6281407035175879,-0.0018592964824121205,-0.0018592964824121205,0.4321608040201005,-0.002839195979899567,-0.002839195979899567,0.3517587939698492,-0.0032412060301507672,-0.0032412060301507672,0.3709677419354839,0.09882603501116827,0.14457289215007618,0.3398058252427184,0.40201005025125625,0.1238145615294517,0.16327883155342648,0.38383838383838387,0.3712374581939799,0.09410891061468107,0.14098161837195544,0.34563758389261745,18.0,-1.0,-1.0,29.0,0.0,0.0,37.0,-1.0,-1.0,0.0004904657154529043,0.00014769189050549167,0.00026716479934677754,-0.00839048445109114,-0.010436276189010663,-0.011761661300507598,-0.5463418960571289
154,1,test,2.68475525657626,1.1677400877834796,1.628042611804795,4.529495064775898,1.9701136450334777,2.746697657952875,14.65461432084353,10.09601609892566,11.777716279335516,24.72404256584031,17.033155995119976,19.8703802258728,2.7142210587784272,1.1260700251188005,1.5945836886688691,4.342753694045483,1.8017120401900808,2.5513339018701906,15.092849049641805,10.198158611023347,12.029106052602286,24.14855847942689,16.317053777637355,19.24656968416366,2.68475525657626,1.1677400877834796,1.628042611804795,4.529495064775898,1.9701136450334777,2.746697657952875,14.65461432084353,10.09601609892566,11.777716279335516,24.72404256584031,17.033155995119976,19.8703802258728,0.7236180904522613,-0.0013819095477386467,-0.0013819095477386467,0.5326633165829145,-0.0023366834170853723,-0.0023366834170853723,0.3869346733668342,-0.0030653266331658324,-0.0030653266331658324,0.416058394160584,0.10640447794929075,0.14906810289844807,0.41025641025641024,0.42211055276381915,0.10130854775128784,0.1449820051845203,0.41414141414141414,0.416058394160584,0.10640447794929075,0.14906810289844807,0.41025641025641024,23.0,-12.0,-12.0,35.0,-17.0,-17.0,44.0,-20.0,-20.0,0.0001716321927193751,0.0001547601064260801,-1.5945592021145917e-05,-0.000211034476049754,0.00020048395678795572,4.730815085896012e-05,-0.4516899585723877
421,1,test,2.485807135905305,1.1244176289213443,1.5389139140729515,4.387599342290689,1.9846648510479148,2.7162757639962334,12.010810700119835,8.109199847530235,9.433121801308202,21.199804428524768,14.313226236905773,16.65002823965845,2.624054835070318,1.126299121440177,1.5649127302989378,4.132369819008375,1.7736994038427984,2.4644294965337603,13.791532750801718,9.31989059586347,10.907636903575401,21.718949213860974,14.676993064351922,17.177380950512443,2.485807135905305,1.1244176289213443,1.5389139140729515,4.387599342290689,1.9846648510479148,2.7162757639962334,12.010810700119835,8.109199847530235,9.433121801308202,21.199804428524768,14.313226236905773,16.65002823965845,0.5728643216080402,-0.0021356783919597166,-0.0021356783919597166,0.4170854271356784,-0.0029145728643216184,-0.0029145728643216184,0.3266331658291457,-0.0033668341708542604,-0.0033668341708542604,0.3561643835616438,0.08607891347617369,0.14090242456392177,0.3573883161512027,0.36180904522613067,0.08361355650432611,0.141441766428134,0.3737373737373737,0.3561643835616438,0.08607891347617369,0.14090242456392177,0.3573883161512027,23.0,-6.0,-6.0,32.0,-7.0,-7.0,40.0,-9.0,-9.0,-6.4364379338936e-05,-8.323766055435038e-05,0.00016448444895309964,-0.03322825743317015,-0.029162100758155063,-0.029485592884284095,-0.19388914108276367
103,1,test,2.483160047233105,1.1376886026047508,1.5591199667531837,4.217430556411782,1.9322647695033073,2.6480291498823916,11.979059062412372,8.139062602780461,9.45961043111403,20.345386026636888,13.823487277738245,16.06632247824129,2.396151048454208,1.057965557035728,1.4707280392854845,3.896180566592208,1.720269198432078,2.391427706155259,10.980830255241989,7.168710153901754,8.457894995828115,17.855008545108923,11.656439274636998,13.752674789964413,2.383669548608786,1.07809017306473,1.4849455308714794,4.040117878997943,1.8272714797707295,2.5168568319855584,10.844624816448192,7.15479854681425,8.388158113807986,18.380720027878294,12.126777197990256,14.217217142047435,0.592964824120603,-0.0020351758793969443,-0.0020351758793969443,0.46733668341708545,-0.002663316582914521,-0.002663316582914521,0.3316582914572864,-0.0033417085427135396,-0.0033417085427135396,0.39375000000000004,0.11449882995319816,0.182731288981289,0.432601880877743,0.40201005025125625,0.11378949887281009,0.18331222053506258,0.4444444444444444,0.38795986622073575,0.10916186955963392,0.17772627333975688,0.41946308724832215,20.0,-7.0,-7.0,28.0,-7.0,-7.0,37.0,-10.0,-10.0,5.371976179348882e-05,-0.0002391804322946608,-0.00010534097646142928,-0.0373128058596528,-0.0318471309684325,-0.034878825407813174,-0.6353013515472412
119,1,test,2.960890460264433,1.4032500935270937,1.908150456090888,5.058187869618406,2.3972189097754515,3.2597570291552667,19.31516348567551,14.567558075605966,16.44967165473474,32.99673762136233,24.88624504582686,28.101522410171846,2.8162441211729194,1.2835348620345493,1.7702606776977916,4.693740201954866,2.1392247700575826,2.9504344628296533,16.713957038283898,12.083251414003602,13.867760817443818,27.8565950638065,20.13875235667267,23.112934695739696,2.960890460264433,1.4032500935270937,1.908150456090888,5.058187869618406,2.3972189097754515,3.2597570291552667,19.31516348567551,14.567558075605966,16.44967165473474,32.99673762136233,24.88624504582686,28.101522410171846,0.6030150753768844,-0.0019849246231156137,-0.0019849246231156137,0.5276381909547738,-0.002361809045226204,-0.002361809045226204,0.38190954773869346,-0.0030904522613065533,-0.0030904522613065533,0.40909090909090906,0.09669998413453906,0.17885835095137415,0.41052631578947374,0.4120603015075377,0.1163209531366104,0.19503192087314702,0.38383838383838387,0.40909090909090906,0.09669998413453906,0.17885835095137415,0.41052631578947374,21.0,0.0,0.0,33.0,0.0,0.0,41.0,0.0,0.0,-0.0003871869668164808,-0.00012813217550108075,-7.979055956646515e-05,-0.017564980822458942,-0.01923336531529518,-0.020647628602504575,-0.9272496700286865
462,1,test,2.9544009298196956,1.3679715873304,1.8653294448578734,4.506713282775807,2.0867363196565423,2.845417797240824,19.19022298525919,14.303952441641098,16.218709289176306,29.273221502937748,21.81958847029998,24.740404000438435,2.7951865148304695,1.209269780849693,1.6809050931197371,3.936882415254183,1.7031968744361876,2.367471962140475,16.365680910712623,11.481914469083291,13.318303297874174,23.050254803820597,16.17171051983562,18.75817365897771,2.9544009298196956,1.3679715873304,1.8653294448578734,4.506713282775807,2.0867363196565423,2.845417797240824,19.19022298525919,14.303952441641098,16.218709289176306,29.273221502937748,21.81958847029998,24.740404000438435,0.6783919597989949,-0.0016080402010050232,-0.0016080402010050232,0.5125628140703518,-0.0024371859296482556,-0.0024371859296482556,0.38190954773869346,-0.0030904522613065533,-0.0030904522613065533,0.40892193308550184,0.09723362139719016,0.16664752023012486,0.4477611940298507,0.40201005025125625,0.10125817055200814,0.1549315861444115,0.43434343434343436,0.40892193308550184,0.09723362139719016,0.16664752023012486,0.4477611940298507,20.0,-9.0,-9.0,34.0,-14.0,-14.0,43.0,-14.0,-14.0,-5.784078410720322e-05,-0.0004188326981320646,-6.203574782127986e-05,-0.00017638486674709242,0.00021985158203818855,6.483093570341936e-05,-0.5102236270904541
89,1,test,3.0737522881764634,1.389905690010728,1.920797919688815,5.014058420087856,2.2672836568300005,3.1333016064923798,21.622885942969702,16.236651087910154,18.45534877126964,35.27233269446933,26.486037087153434,30.105287683133604,3.0235762769852452,1.3231672285032539,1.8434781503381747,4.546731243586835,1.9897251556439906,2.7721475944934957,20.5647054147132,15.088518455100218,17.310011855326252,30.9243690446815,22.68950143624093,26.030093015528195,3.0737522881764634,1.389905690010728,1.920797919688815,5.014058420087856,2.2672836568300005,3.1333016064923798,21.622885942969702,16.236651087910154,18.45534877126964,35.27233269446933,26.486037087153434,30.105287683133604,0.6934673366834171,-0.0015326633165829717,-0.0015326633165829717,0.5326633165829145,-0.0023366834170853723,-0.0023366834170853723,0.38190954773869346,-0.0030904522613065533,-0.0030904522613065533,0.35769230769230764,0.040993651262365205,0.10449537674601606,0.35521235521235517,0.36180904522613067,0.0435133058777597,0.11306113203748291,0.3535353535353535,0.35769230769230764,0.040993651262365205,0.10449537674601606,0.35521235521235517,21.0,-8.0,-8.0,34.0,-13.0,-13.0,40.0,-11.0,-11.0,-0.0003923423463821892,-0.0001602106749940756,0.00011667737070664476,-0.00011401557000390028,-0.0001672912548489336,9.637194842149199e-05,-0.6529057025909424
418,1,test,3.227625464187058,1.5213844602061435,2.069882964190315,5.372434643614587,2.5323689724721614,3.445353579103879,25.219700732435783,19.71148358564081,22.03696060837555,41.978598638506014,32.81008235545374,36.680876367489624,3.303481499154364,1.516219864014593,2.089355355643135,5.043483204815823,2.3148394870451803,3.1898555047986794,27.20719605491494,21.234122458801444,23.83984585748458,41.537703900633495,32.41850757068923,36.39671123280088,3.227625464187058,1.5213844602061435,2.069882964190315,5.372434643614587,2.5323689724721614,3.445353579103879,25.219700732435783,19.71148358564081,22.03696060837555,41.978598638506014,32.81008235545374,36.680876367489624,0.7487437185929648,-0.0012562814070351536,-0.0012562814070351536,0.592964824120603,-0.0020351758793969443,-0.0020351758793969443,0.4623115577889447,-0.002688442211055242,-0.002688442211055242,0.41245136186770426,0.08623776963469454,0.16536209925450895,0.3984375,0.4371859296482412,0.11387765897154944,0.18676856737779046,0.4191919191919192,0.41245136186770426,0.08623776963469454,0.16536209925450895,0.3984375,20.0,-5.0,-5.0,31.0,-8.0,-8.0,39.0,-6.0,-6.0,0.0002604635198965225,0.000343331406734434,0.00020113012801573288,-9.322580442105988e-05,-0.00015080139628764755,0.00010688561932692409,-0.694833517074585
30,1,test,2.5509706786338318,1.1467616670097864,1.5820733979520503,4.401979890569356,1.9788631205107898,2.7300412903684768,12.819541400154328,8.747237078548778,10.184504249848363,22.121525708802896,15.094317641642096,17.574479894555406,2.575307660965464,1.0839276804995897,1.533523358691677,3.9927250557604093,1.6805080317823093,2.3775555948708167,13.135357773742735,8.692134922770794,10.301088074621504,20.364895773244548,13.476178174838438,15.970679185459693,2.5509706786338318,1.1467616670097864,1.5820733979520503,4.401979890569356,1.9788631205107898,2.7300412903684768,12.819541400154328,8.747237078548778,10.184504249848363,22.121525708802896,15.094317641642096,17.574479894555406,0.6381909547738693,-0.0018090452261306789,-0.0018090452261306789,0.44723618090452266,-0.0027638190954772934,-0.0027638190954772934,0.35678391959798994,-0.0032160804020100464,-0.0032160804020100464,0.3829787234042553,0.08510638297872342,0.15602836879432624,0.395017793594306,0.3919597989949749,0.09296482412060303,0.15745393634840876,0.40909090909090906,0.3829787234042553,0.08510638297872342,0.15602836879432624,0.395017793594306,21.0,-12.0,-12.0,34.0,-18.0,-18.0,41.0,-21.0,-21.0,6.439039611345925e-05,8.36512215886837e-05,-0.0001366114195279654,-0.00026647385093347964,0.00016949575638847136,1.9271695109068787e-05,-0.6253705024719238
94,1,test,2.712942525242152,1.2491472160416868,1.7150182092682027,4.631010170477049,2.1323022541348537,2.9275470069036835,15.073564666466137,10.75123163871386,12.36091928041629,25.730670895623724,18.35242088646697,21.10016794364055,2.781653180793302,1.2696038601469062,1.7533664490924368,4.636088634655503,2.1160064335781765,2.922277415154061,16.145690642705123,11.609673613526951,13.349419676683311,26.90948440450854,19.34945602254492,22.249032794472186,2.712942525242152,1.2491472160416868,1.7150182092682027,4.631010170477049,2.1323022541348537,2.9275470069036835,15.073564666466137,10.75123163871386,12.36091928041629,25.730670895623724,18.35242088646697,21.10016794364055,0.6080402010050252,-0.001959798994974782,-0.001959798994974782,0.46733668341708545,-0.002663316582914521,-0.002663316582914521,0.3668341708542714,-0.0031658291457286047,-0.0031658291457286047,0.37827715355805247,0.09229584514683753,0.15536308132891175,0.3609022556390977,0.3869346733668342,0.11124545030919009,0.1715757418142465,0.36868686868686873,0.37827715355805247,0.09229584514683753,0.15536308132891175,0.3609022556390977,22.0,0.0,0.0,33.0,1.0,1.0,41.0,0.0,0.0,0.00039478080411467693,0.000290713655031825,0.00012980938820291428,-0.031174688431486963,-0.03292108823923279,-0.033060524821752146,-0.4541900157928467
430,1,test,2.1580239213698094,0.9586683218898555,1.3161334006559136,4.45904942789063,1.9808628578808456,2.719480460391436,8.65401972739631,5.336041600536789,6.333269468827635,17.881498593355026,11.025676319181438,13.08621342052939,2.2550651476011803,0.9569706691350219,1.3225976306479397,3.8221443179681023,1.6219841849746133,2.241690899403287,9.5359145318678,5.8736031306613405,6.995143687678905,16.162567003165762,9.955259543493797,11.85617574182865,2.1315564770363644,0.9343884131975522,1.2945464942865612,4.410116849040754,1.9332174066156247,2.678372057144609,8.427974556702193,5.117246692256755,6.118523213056015,17.437188738004537,10.587406949496735,12.659013544253824,0.5175879396984925,-0.002412060301507535,-0.002412060301507535,0.4120603015075377,-0.0029396984924623393,-0.0029396984924623393,0.2864321608040201,-0.003567839195979916,-0.003567839195979916,0.3771929824561403,0.11733896785760012,0.1719143900807737,0.3782991202346041,0.38190954773869346,0.11875165300185131,0.1531950235316818,0.3939393939393939,0.36789297658862874,0.11580616523637499,0.16544581307361206,0.3691275167785235,17.0,0.0,0.0,27.0,0.0,0.0,31.0,0.0,0.0,0.000351006244865985,-0.00014295826104857248,6.797304526677502e-05,-0.037703602982059436,-0.03134761759206128,-0.03642776133002723,-0.6105294227600098
178,1,test,3.1372946751745125,1.4635794831956142,1.9995114210875413,4.814124587767786,2.245837482834649,3.0682158013239853,23.041447864041718,17.70950763722657,19.921603073112426,35.35670448102953,27.174934132985598,30.569356439775962,3.1132000564929827,1.4123473008770981,1.9472478872545562,4.68150384435035,2.123830527634734,2.928192311660987,22.492907931814305,17.014290609836124,19.283931013713033,33.823921701976396,25.5853994132874,28.99839250182411,3.1372946751745125,1.4635794831956142,1.9995114210875413,4.814124587767786,2.245837482834649,3.0682158013239853,23.041447864041718,17.70950763722657,19.921603073112426,35.35670448102953,27.174934132985598,30.569356439775962,0.7085427135678393,-0.0014572864321606982,-0.0014572864321606982,0.5477386934673367,-0.002261306532663321,-0.002261306532663321,0.42713567839195976,-0.002864321608040288,-0.002864321608040288,0.42105263157894735,0.12461735953391917,0.1835526315789473,0.4339622641509434,0.4170854271356784,0.11132101610810952,0.17334586119243967,0.4292929292929293,0.42105263157894735,0.12461735953391917,0.1835526315789473,0.4339622641509434,19.0,-7.0,-7.0,31.0,-4.0,-4.0,37.0,-5.0,-5.0,-0.0002262902529836451,-0.00025467833450934193,-7.55971441493998e-05,-0.00015559510116602837,0.0002314721571865519,7.534460660885145e-05,-0.6718490123748779
216,1,test,2.751515222159592,1.2517860355113308,1.7115878251442025,4.751162912682551,2.161514258993402,2.9554743259757448,15.666351912671596,11.185876379243705,12.837340300462895,27.051782081764323,19.31514700369407,22.16680272812488,2.895062054820995,1.2675344229083811,1.7666422091714797,4.288980821957029,1.8778287746790827,2.6172477172910806,18.08462364452135,12.99335199682588,14.993854896764319,26.792035028920516,19.249410365667966,22.213118365576765,2.751515222159592,1.2517860355113308,1.7115878251442025,4.751162912682551,2.161514258993402,2.9554743259757448,15.666351912671596,11.185876379243705,12.837340300462895,27.051782081764323,19.31514700369407,22.16680272812488,0.6532663316582914,-0.0017336683417086274,-0.0017336683417086274,0.4773869346733668,-0.0026130653266331905,-0.0026130653266331905,0.39698492462311563,-0.0030150753768843908,-0.0030150753768843908,0.3986486486486487,0.10522537714780555,0.17392954752505319,0.3864406779661017,0.40201005025125625,0.09875190488784769,0.1699566278806386,0.398989898989899,0.3986486486486487,0.10522537714780555,0.17392954752505319,0.3864406779661017,23.0,-8.0,-8.0,36.0,-13.0,-13.0,43.0,-9.0,-9.0,0.00047992102462031676,2.926950537234678e-05,6.669104758418253e-05,-0.00036349275698022154,0.0001152664056931485,-2.979210245257491e-05,-0.4558115005493164
401,1,test,3.0980643509207546,1.4230739630894254,1.9496468206198427,4.920455145580022,2.2601762943184993,3.0964978915726915,22.155025395610938,16.8162815636906,19.00182627820002,35.18739327538208,26.7082118952733,30.179371147729448,3.1398435261980375,1.371238542237262,1.9191115137422676,4.757338676057633,2.077634154904943,2.907744717791315,23.100251991658137,17.237582854988972,19.710583886705162,35.00038180554263,26.117549780286318,29.864521040462368,3.0980643509207546,1.4230739630894254,1.9496468206198427,4.920455145580022,2.2601762943184993,3.0964978915726915,22.155025395610938,16.8162815636906,19.00182627820002,35.18739327538208,26.7082118952733,30.179371147729448,0.7135678391959799,-0.0014321608040201994,-0.0014321608040201994,0.5175879396984925,-0.002412060301507535,-0.002412060301507535,0.42211055276381915,-0.0028894472361808976,-0.0028894472361808976,0.4054054054054054,0.10017774941889612,0.1660795627087761,0.42711864406779665,0.4120603015075377,0.11381468747244994,0.16498183740069294,0.4444444444444444,0.4054054054054054,0.10017774941889612,0.1660795627087761,0.42711864406779665,20.0,-6.0,-6.0,34.0,-14.0,-14.0,41.0,-13.0,-13.0,-0.00014584468512531527,-0.00010597583364783348,9.225848403576096e-05,-0.00036349275698022154,0.0001152664056931485,-2.979210245257491e-05,-0.5418760776519775
248,1,test,2.8625209521439117,1.2220719458002574,1.7248531345206486,5.043489296634511,2.1531743806956913,3.0390269512982853,17.505602142747247,12.348117406962825,14.386117474881871,30.843203775316578,21.756206859886884,25.34696888431568,2.7449640694575095,1.1010857977522837,1.6067863229331127,4.427361402350821,1.7759448350843283,2.591590843440504,15.564054697209201,10.388853217321284,12.442978908310216,25.103314027756777,16.756214866647234,20.069320819855186,2.8625209521439117,1.2220719458002574,1.7248531345206486,5.043489296634511,2.1531743806956913,3.0390269512982853,17.505602142747247,12.348117406962825,14.386117474881871,30.843203775316578,21.756206859886884,25.34696888431568,0.6834170854271358,-0.0015829145728643024,-0.0015829145728643024,0.5125628140703518,-0.0024371859296482556,-0.0024371859296482556,0.3517587939698492,-0.0032412060301507672,-0.0032412060301507672,0.4,0.08358714043993232,0.14859075535512967,0.41156462585034015,0.40703517587939697,0.0787143738743844,0.14994001728173423,0.3939393939393939,0.4,0.08358714043993232,0.14859075535512967,0.41156462585034015,22.0,0.0,0.0,33.0,0.0,0.0,40.0,0.0,0.0,-0.0007502854298652408,-0.00012035045575449184,-6.29972572192306e-05,-0.013438989898952869,-0.01041689991225514,-0.012382403753075089,-0.3730041980743408
332,1,test,2.512377983993954,1.0977957670270375,1.5464263813202583,4.454461578983146,1.9463986298822937,2.741823461359232,12.334225805842626,8.219458778869537,9.706939205604058,21.868658023855946,14.573150841063168,17.210462763310264,2.6302639042312776,1.1387413288504695,1.6098079487673014,4.175022070208377,1.8075259188102688,2.55525071232905,13.87743173187578,9.433575254744511,11.102972226295167,22.027669415675838,14.973928975784938,17.623765438563755,2.512377983993954,1.0977957670270375,1.5464263813202583,4.454461578983146,1.9463986298822937,2.741823461359232,12.334225805842626,8.219458778869537,9.706939205604058,21.868658023855946,14.573150841063168,17.210462763310264,0.6130653266331658,-0.001934673366834172,-0.001934673366834172,0.4824120603015075,-0.0025879396984924696,-0.0025879396984924696,0.3668341708542714,-0.0031658291457286047,-0.0031658291457286047,0.40625,0.10295710571923744,0.17530311778290997,0.35540069686411146,0.4120603015075377,0.09877709348748753,0.17332908280970794,0.36363636363636365,0.40625,0.10295710571923744,0.17530311778290997,0.35540069686411146,20.0,0.0,0.0,29.0,0.0,0.0,38.0,0.0,0.0,0.0007140607772058736,0.00028189959613843035,9.716650129195337e-05,-0.004983582423658817,-0.004097198526636703,-0.0048158107644376,-0.6207230091094971
239,1,test,2.1003325574005705,0.9007241857780774,1.144103644067278,4.67264995916082,2.0038583009444872,2.545309230621585,8.168886084422883,4.850069159115364,5.567019997478587,18.173476906918324,10.790041500054404,12.385055724727643,2.1232640773207696,0.81714036053139,1.2055556624979031,3.480760782493065,1.3395743615268692,1.9763207581932838,8.358375393750016,4.666540052728833,5.854828672909432,13.702254743852485,7.650065660211202,9.598079791654806,2.1327056031562015,0.9221944107006868,1.2880062226284548,4.18177569246314,1.808224334707229,2.525502397310696,8.437664929066282,5.082465562226027,6.110386844776537,16.544441037384864,9.965618749462795,11.981150676032424,0.48743718592964824,-0.002562814070351749,-0.002562814070351749,0.3668341708542714,-0.0031658291457286047,-0.0031658291457286047,0.26633165829145733,-0.0036683417085426884,-0.0036683417085426884,0.3645569620253165,0.11171246139320523,0.14461561305170945,0.37309644670050757,0.36180904522613067,0.10366368181760932,0.1547973590825581,0.38383838383838387,0.36789297658862874,0.114136716154572,0.16655816012589242,0.3825503355704698,21.0,-3.0,-3.0,28.0,-2.0,-2.0,32.0,-2.0,-2.0,-0.0007857960531827667,-0.00017398592728185296,-0.0003292579441916734,-0.13999776068397907,-0.1442888707210095,-0.14174834200465902,-0.9812653064727783
343,1,test,2.835469765151107,1.310998390339069,1.7982720564666883,4.762952021236972,2.202182689389784,3.020692948783931,17.038402468389393,12.445687365784856,14.21710264598689,28.6206872924069,20.90595799084085,23.881537590730787,2.54991099702653,1.1323660990913844,1.5749272248537771,4.112759672623436,1.8263969340183621,2.54020520137706,12.805963963069253,8.678988117649848,10.15483977442107,20.65478058559557,13.998367931693302,16.378773829711402,2.835469765151107,1.310998390339069,1.7982720564666883,4.762952021236972,2.202182689389784,3.020692948783931,17.038402468389393,12.445687365784856,14.21710264598689,28.6206872924069,20.90595799084085,23.881537590730787,0.5778894472361809,-0.002110552763819218,-0.002110552763819218,0.4321608040201005,-0.002839195979899567,-0.002839195979899567,0.3266331658291457,-0.0033668341708542604,-0.0033668341708542604,0.3959731543624161,0.10954099355839597,0.1660624400767018,0.3737373737373737,0.371859296482412,0.10118260475308871,0.15149201768441534,0.30808080808080807,0.3959731543624161,0.10954099355839597,0.1660624400767018,0.3737373737373737,20.0,-4.0,-4.0,29.0,-6.0,-6.0,36.0,-7.0,-7.0,-0.0009837816663711462,0.00026461818352028934,-4.3705728104379166e-05,-0.01721297437269076,-0.01977550081864532,-0.018238228076569385,-0.9376106262207031
328,1,test,2.456816607560867,1.118846366014236,1.536482352170537,3.923385704931384,1.7867291457268157,2.453668246068255,11.66760977674575,7.856310145462596,9.157480502777767,18.63245847000724,12.546046303723429,14.623935700864495,2.369673359933211,1.0289733532092094,1.4335471244027589,3.3375681125819874,1.449258243956633,2.0190804569052943,10.69389865779113,6.872180860389783,8.143814821694725,15.061829095480467,9.679127972379977,11.4701617206968,2.4071724757701656,1.0944200963702593,1.4989024146877816,3.8617740252997312,1.7557541652998814,2.4046562802477784,11.10252406565015,7.386135506142978,8.622495543240511,17.8115359341981,11.849415250496758,13.832880550653226,0.5728643216080402,-0.0021356783919597166,-0.0021356783919597166,0.4522613065326633,-0.0027386934673366836,-0.0027386934673366836,0.33668341708542715,-0.0033165829145728187,-0.0033165829145728187,0.42307692307692313,0.13027692307692318,0.204526816467115,0.46302250803858525,0.4321608040201005,0.1514590496341356,0.21513242338570981,0.4747474747474747,0.4247491638795987,0.1275872273186638,0.20450444752809704,0.4563758389261745,22.0,-12.0,-12.0,32.0,-12.0,-12.0,45.0,-18.0,-18.0,-0.0010099068813267495,-0.00030169144026026676,-0.00016727208373569727,-0.007111833134301193,-0.008440452118784414,-0.009133269493435847,-1.0889244079589844
34,1,test,3.6630144959887474,1.7611835865231256,2.371068778053735,6.105024159981246,2.935305977538543,3.9517812967562254,38.97866698121926,32.280520058350895,35.33880516651387,64.96444496869877,53.80086676391815,58.89800861085645,3.6317982194411695,1.6888432172898333,2.2935354841364406,5.420594357374879,2.5206615183430343,3.423187289755881,37.78069354772155,30.80134904100902,33.96827897203681,56.38909484734559,45.97216274777465,50.69892383886091,3.62344264027267,1.7093924116649954,2.3189199702545404,5.813009583325139,2.7423407673769984,3.7201924656489957,37.46632914901548,30.685833332163575,33.780399879836786,60.10641039949008,49.22860962379184,54.1931548874387,0.7185929648241206,-0.0014070351758793676,-0.0014070351758793676,0.5628140703517588,-0.0021859296482411583,-0.0021859296482411583,0.4623115577889447,-0.002688442211055242,-0.002688442211055242,0.4072948328267477,0.10076979489048066,0.16361434748802173,0.4512195121951219,0.3869346733668342,0.08618279366758608,0.13985620925998943,0.45959595959595956,0.39799331103678925,0.09916192539405133,0.15327695953512077,0.44630872483221473,18.0,0.0,0.0,28.0,0.0,0.0,35.0,0.0,0.0,-0.0007525033841947413,-3.557091266204475e-05,-0.0001440320231869439,-0.0042869617648388925,-0.0052570530893802925,-0.004333642968188833,-0.2030014991760254
200,1,test,2.7672310014988515,1.2547091918955908,1.7216405077410817,4.661466508477232,2.113587507776501,2.9001444267305123,15.914505699948048,11.376344946412278,13.069427671397433,26.808363768364867,19.16372392758735,22.015762089318294,2.8032456941940076,1.249636219036693,1.7211388129647789,4.183948797304489,1.8651286851293927,2.5688638999474316,16.49810777775175,11.769600932373544,13.547217596381174,24.624041459330968,17.56656855578141,20.219727755792796,2.7672310014988515,1.2547091918955908,1.7216405077410817,4.661466508477232,2.113587507776501,2.9001444267305123,15.914505699948048,11.376344946412278,13.069427671397433,26.808363768364867,19.16372392758735,22.015762089318294,0.6432160804020101,-0.001783919597989958,-0.001783919597989958,0.46733668341708545,-0.002663316582914521,-0.002663316582914521,0.37688442211055273,-0.003115577889447274,-0.003115577889447274,0.3829787234042553,0.08740350216531723,0.1553843837816138,0.3807829181494662,0.38190954773869346,0.09118273069608696,0.1531950235316818,0.3737373737373737,0.3829787234042553,0.08740350216531723,0.1553843837816138,0.3807829181494662,23.0,-8.0,-8.0,35.0,-14.0,-14.0,44.0,-14.0,-14.0,0.0002920087577657573,0.0003042754638334904,2.3272639691954992e-05,-0.00026647385093347964,0.00016949575638847136,1.9271695109068787e-05,-0.5158977508544922
400,1,test,2.6280481673983247,1.1857100285208022,1.6168763565113051,4.42069029482897,1.9945056108892962,2.7197787718799438,13.846717035648666,9.616141099628123,11.097896809686093,23.291828655991793,16.17549562454002,18.667985361988524,2.7508862000613954,1.2446145392853287,1.6895250038172942,4.401417920098233,1.9913832628565258,2.703240006107671,15.656500529813982,11.146615500599243,12.76619794796888,25.05040084770237,17.834584800958787,20.42591671675021,2.6280481673983247,1.1857100285208022,1.6168763565113051,4.42069029482897,1.9945056108892962,2.7197787718799438,13.846717035648666,9.616141099628123,11.097896809686093,23.291828655991793,16.17549562454002,18.667985361988524,0.6733668341708543,-0.001633165829145744,-0.001633165829145744,0.4824120603015075,-0.0025879396984924696,-0.0025879396984924696,0.371859296482412,-0.003140703517587995,-0.003140703517587995,0.4031620553359684,0.10533168058251674,0.1679452353622496,0.39682539682539686,0.39698492462311563,0.08871424793138627,0.14990646051627088,0.4191919191919192,0.4031620553359684,0.10533168058251674,0.1679452353622496,0.39682539682539686,23.0,-1.0,-1.0,36.0,-5.0,-5.0,41.0,-1.0,-1.0,4.999913238589035e-05,3.2909182810175126e-05,6.302610671774186e-05,-0.00474103515854285,-0.005373308086638495,-0.005463363467486992,-0.3529365062713623
321,1,test,2.5636237616059163,1.130443050647193,1.5637548045372855,4.5433109997349295,2.003396295313636,2.7713210147077447,12.982778670660117,8.7907670842077,10.264853030481673,23.008368866336543,15.579192777012533,18.191600648464743,2.491413165576494,1.0250244840978262,1.4584439759708447,4.0184083315749906,1.6532652969319779,2.352328993501363,12.078332749748851,7.7447757556743255,9.26893766003923,19.481181854433633,12.49157379947472,14.949899451676178,2.578268360533443,1.1419210743616175,1.5729064892596258,4.496979698604842,1.9917228041191,2.7434415510342305,13.174305249265393,8.96899830356235,10.441409198780372,22.97843938825359,15.64360169225991,18.21176023043088,0.592964824120603,-0.0020351758793969443,-0.0020351758793969443,0.4623115577889447,-0.002688442211055242,-0.002688442211055242,0.38190954773869346,-0.0030904522613065533,-0.0030904522613065533,0.42138364779874216,0.13095978594630886,0.19125812478618986,0.42586750788643535,0.42713567839195976,0.14142139267767406,0.1967517051031451,0.4242424242424242,0.4180602006688964,0.12423716227156745,0.1855796667423113,0.42281879194630867,21.0,-11.0,-11.0,32.0,-14.0,-14.0,40.0,-14.0,-14.0,0.00010175574553312892,0.00014992978946254244,-1.5068493160686759e-05,-0.030796342866096893,-0.03688251110422058,-0.035468837597285585,-0.40477824211120605
98,1,test,2.724353193539625,1.2776299687187431,1.7447054654176335,5.2204086334306785,2.448195973578374,3.343206562224851,15.246549170407128,10.997381060970444,12.583031376177855,29.21545455558461,21.073193876608165,24.111618782284943,3.228914776040082,1.4989500225999326,2.071058992480439,5.125261549269972,2.3792857501586235,3.2873952261594273,25.252237762201645,19.611782663915196,22.069137065577287,40.08291708285975,31.129813752246342,35.03037629456712,2.666366238657846,1.2307530192103995,1.6980514597072047,4.9683842956357385,2.2933286072243475,3.16407104293268,14.387593009874779,10.185371907320423,11.75409032631233,26.8091795215058,18.97895386457222,21.902031663936018,0.6683417085427136,-0.0016582914572863539,-0.0016582914572863539,0.5678391959798995,-0.0021608040201005485,-0.0021608040201005485,0.4321608040201005,-0.002839195979899567,-0.002839195979899567,0.39181286549707606,0.11882016476714907,0.18066917048241327,0.3108504398826979,0.42211055276381915,0.11133361040792944,0.1933960285568075,0.3434343434343434,0.3946488294314381,0.12085918001574525,0.18441523655045922,0.2919463087248322,22.0,0.0,0.0,35.0,0.0,0.0,44.0,0.0,0.0,0.001610698796918264,-1.4367015309493054e-06,0.0006867317513183905,-0.04880920796366439,-0.04673251785314747,-0.05577699470324049,-0.4012143611907959
465,1,test,3.432008940486585,1.6690614908428516,2.2551605088562616,5.772015036272892,2.807057961872068,3.792769946712803,30.93873443575502,25.109139902344445,27.694600470785474,52.03332609649708,42.22900801757929,46.57728260995739,3.5076701485331934,1.689068186822249,2.2923728642950905,5.010957355047419,2.412954552603213,3.274818377564415,33.37042899979948,27.20719301567047,29.999132851230232,47.67204142828497,38.86741859381495,42.855904073186046,3.432008940486585,1.6690614908428516,2.2551605088562616,5.772015036272892,2.807057961872068,3.792769946712803,30.93873443575502,25.109139902344445,27.694600470785474,52.03332609649708,42.22900801757929,46.57728260995739,0.7386934673366834,-0.0013065326633165952,-0.0013065326633165952,0.6030150753768844,-0.0019849246231156137,-0.0019849246231156137,0.5025125628140703,-0.0024874371859296973,-0.0024874371859296973,0.43728813559322033,0.13050847457627113,0.20225988700564967,0.41836734693877553,0.4522613065326633,0.14321608040201006,0.21775544388609713,0.43434343434343436,0.43728813559322033,0.13050847457627113,0.20225988700564967,0.41836734693877553,15.0,0.0,0.0,23.0,0.0,0.0,35.0,0.0,0.0,-5.6033330162909725e-05,2.7414281585749515e-05,1.7583438022204656e-05,-0.00035656283511986686,0.00011913993074319507,-2.6287545484393604e-05,-0.4591503143310547
13,1,test,2.6037127978895933,1.2319090404362305,1.6766234395251063,4.150846489389206,1.96391296301428,2.6728779470690096,13.513819086044348,9.5713635666621,10.986676230801633,21.543769557462003,15.258695541055522,17.514991092582314,2.5168388297210385,1.1436588343945684,1.581822475066252,3.4477244242753953,1.566655937526806,2.166880102830482,12.389369787279355,8.441484776019085,9.842114670402918,16.971739434629253,11.563677775368607,13.48234886356564,2.5324266778186812,1.1707423658102232,1.6065684300214123,4.019724885426478,1.8583212155717828,2.5501086190816067,12.584006443798724,8.68124520716498,10.059972866504788,19.97461340285512,13.779754297087273,15.96821089921395,0.5979899497487438,-0.0020100502512562235,-0.0020100502512562235,0.4321608040201005,-0.002839195979899567,-0.002839195979899567,0.31155778894472363,-0.003442211055276312,-0.003442211055276312,0.40121580547112456,0.11593507709479678,0.18989123519812157,0.36585365853658536,0.38190954773869346,0.09118273069608696,0.1565339216952878,0.31818181818181823,0.3913043478260869,0.10749800391957609,0.17439667263142622,0.3489932885906041,21.0,-4.0,-4.0,29.0,-2.0,-2.0,36.0,-2.0,-2.0,0.0004311714738105651,7.139488042214235e-05,-9.109765581018028e-05,-0.010399104016095784,-0.012749755177359212,-0.011119196327551428,-1.161287784576416
92,1,test,2.434717350318784,1.1131311562257633,1.5441657415113959,3.962891006369935,1.8117985840695936,2.5133761537366333,11.41259249181351,7.663228609939444,8.976119231021505,18.57581543880284,12.47312741830569,14.610066407939257,2.194505412374909,0.9732945197382343,1.3654047338943816,3.275381212499864,1.4526783876690064,2.0379175132751963,8.975560757572406,5.584269019012177,6.684303521086056,13.396359339660307,8.334729879122651,9.976572419531427,2.4624911694223663,1.1365914846548741,1.566479638533477,3.9295071852484567,1.813709815938629,2.4997015508512925,11.734006558353837,7.968434899422934,9.284193960672178,18.724478550564633,12.71558760546213,14.815203128732199,0.5527638190954773,-0.0022361809045226,-0.0022361809045226,0.3668341708542714,-0.0031658291457286047,-0.0031658291457286047,0.27638190954773867,-0.0036180904522613577,-0.0036180904522613577,0.36721311475409835,0.08570738643985942,0.14802009403436012,0.3717105263157895,0.3417085427135679,0.06100678832760298,0.1296885093245862,0.31818181818181823,0.3712374581939799,0.09077001245107508,0.15321743594703885,0.37583892617449666,20.0,0.0,0.0,29.0,0.0,0.0,39.0,0.0,0.0,-0.0007470860064333181,0.00017517246709077784,-2.5529731411565468e-05,-0.011098819057381526,-0.012545326463410333,-0.012849087976401385,-0.8732140064239502
354,1,test,2.2723326518143976,1.0283265513244588,1.3938269552818507,3.546061716732782,1.6047427796453437,2.175120091650601,9.702005840522057,6.232521074603499,7.294706059535432,15.140349921532179,9.726086699381245,11.38366685523915,2.315303089630664,0.9671061502124736,1.3600229546383351,3.534813877298723,1.4764979392556845,2.076370923111962,10.127992142992774,6.277515517686178,7.528593479533784,15.462583424416447,9.583993156772788,11.494035846616462,2.2690527622516337,1.0084840461594524,1.3898800444825328,3.5453949410181775,1.5757563221241444,2.1716875695039572,9.670236461335842,6.142809439803152,7.261330424628763,15.109744470837253,9.598139749692425,11.345828788482443,0.5678391959798995,-0.0021608040201005485,-0.0021608040201005485,0.4321608040201005,-0.002839195979899567,-0.002839195979899567,0.31658291457286436,-0.003417085427135591,-0.003417085427135591,0.3717579250720461,0.10413202579147052,0.16354678137703138,0.34104046242774566,0.3869346733668342,0.10623291898086928,0.1665673945688375,0.33333333333333337,0.37792642140468224,0.1058062210707924,0.16880517557598373,0.3422818791946308,22.0,-9.0,-9.0,33.0,-15.0,-15.0,41.0,-13.0,-13.0,0.00030490460505260675,-0.00011471134034701945,0.000202075145611904,-0.008573338233155425,-0.010566855152169374,-0.012409807862732158,-1.0442967414855957
132,1,test,2.2341914725220575,0.9576104032744674,1.3375477163556986,4.072450279027548,1.74551769710789,2.4380616601926657,9.338928018949419,5.754563958760679,6.887566098109417,17.022856135806535,10.489331772930857,12.554550862376658,2.2309056346739955,0.9208649869884677,1.3032570534690813,3.7181760577899925,1.534774978314113,2.1720950891151354,9.308292175575168,5.6019678129196295,6.779735689096182,15.513820292625281,9.336613021532717,11.299559481826972,2.2341914725220575,0.9576104032744674,1.3375477163556986,4.072450279027548,1.74551769710789,2.4380616601926657,9.338928018949419,5.754563958760679,6.887566098109417,17.022856135806535,10.489331772930857,12.554550862376658,0.5577889447236181,-0.00221105527638199,-0.00221105527638199,0.4170854271356784,-0.0029145728643216184,-0.0029145728643216184,0.2864321608040201,-0.003567839195979916,-0.003567839195979916,0.37630662020905925,0.09158439798683704,0.1520291635616604,0.3846153846153846,0.371859296482412,0.08685929648241197,0.1422419919898995,0.38383838383838387,0.37630662020905925,0.09158439798683704,0.1520291635616604,0.3846153846153846,24.0,-4.0,-4.0,31.0,-6.0,-6.0,41.0,-9.0,-9.0,-8.02109399696631e-05,-0.00015721410169405325,8.817495187963314e-05,-0.010651287129881837,-0.009337818170016554,-0.010396573522158725,-0.8046834468841553
179,1,test,2.2042025939623513,0.9586007003009285,1.3252522474945867,4.28041923085592,1.8615407147779317,2.573554364489487,9.063021777415576,5.587996011429834,6.6546513527241,17.599803580658634,10.851527738325032,12.922903594644863,2.0377052579093817,0.8322181001427003,1.1704783591396781,3.3681078643130276,1.3755671076738845,1.934674973784592,7.672981467531779,4.334596465355315,5.292680590129618,12.682613995920295,7.164622256785645,8.748232380379534,2.1934934053133963,0.9581307746587413,1.3220568503706978,4.245471107058186,1.8544466606298213,2.558819710394898,8.966482021352128,5.526856413090666,6.576139775141489,17.35448133164928,10.69714144469161,12.728012468015784,0.5628140703517588,-0.0021859296482411583,-0.0021859296482411583,0.36180904522613067,-0.0031909547738693256,-0.0031909547738693256,0.25125628140703515,-0.003743718592964851,-0.003743718592964851,0.3933333333333333,0.11546311702717693,0.17382113821138212,0.3946488294314381,0.3517587939698492,0.06604450825556352,0.11469702435382245,0.33838383838383834,0.3913043478260869,0.11417580024678808,0.1699472844223049,0.3926174496644296,17.0,-6.0,-6.0,28.0,-13.0,-13.0,34.0,-11.0,-11.0,-0.00014988750037467642,0.0002482436810296827,-0.00010448402579302012,-0.012537445331128438,-0.014532132865500813,-0.012833882858727108,-0.5662956237792969
197,1,test,3.0524857937236556,1.3970917837012415,1.9061105357071253,5.779373102783455,2.6451604438076846,3.6089026142721576,21.16789810492439,15.932755890553674,18.021132107350947,40.07788707865685,30.166017819448292,34.120010123251134,3.012067598913183,1.3465255069723057,1.8476623158848082,5.378692140916398,2.404509833879117,3.2993969926514426,20.32938952514456,15.04085017773896,17.125372691853812,36.30248129490099,26.858661031676707,30.58102266402466,3.0524857937236556,1.3970917837012415,1.9061105357071253,5.779373102783455,2.6451604438076846,3.6089026142721576,21.16789810492439,15.932755890553674,18.021132107350947,40.07788707865685,30.166017819448292,34.120010123251134,0.6432160804020101,-0.001783919597989958,-0.001783919597989958,0.49246231155778897,-0.002537688442211028,-0.002537688442211028,0.40703517587939697,-0.00296482412060306,-0.00296482412060306,0.4204946996466431,0.1347804139323574,0.20075321903559729,0.4219858156028369,0.40703517587939697,0.11630835883679047,0.1799901007541883,0.4040404040404041,0.4204946996466431,0.1347804139323574,0.20075321903559729,0.4219858156028369,28.0,-7.0,-7.0,38.0,-10.0,-10.0,45.0,-9.0,-9.0,7.96420929254088e-05,0.0001660584618839141,-0.00010703451862628679,-0.005819460645079211,-0.003983918437604039,-0.00440403070414952,-0.25626373291015625
77,1,test,2.6884958381238193,1.2023949738858737,1.6632160329518988,4.683731743146527,2.094738413625075,2.8975524599224896,14.709533752028312,10.289705385480211,11.92165833862563,25.626043077432968,17.926090514327157,20.769178363517604,2.6363659833543864,1.165282369490224,1.605424098769052,4.184707910086328,1.8496545547463872,2.5482922202683365,13.962371810304436,9.608421223344475,11.158666452004988,22.16249493699117,15.251462259276945,17.71216897143649,2.6884958381238193,1.2023949738858737,1.6632160329518988,4.683731743146527,2.094738413625075,2.8975524599224896,14.709533752028312,10.289705385480211,11.92165833862563,25.626043077432968,17.926090514327157,20.769178363517604,0.6532663316582914,-0.0017336683417086274,-0.0017336683417086274,0.5025125628140703,-0.0024874371859296973,-0.0024874371859296973,0.3517587939698492,-0.0032412060301507672,-0.0032412060301507672,0.40217391304347827,0.09837644468904794,0.16723415400733366,0.45818181818181813,0.4120603015075377,0.10378962481580833,0.17165963372790494,0.4747474747474747,0.40217391304347827,0.09837644468904794,0.16723415400733366,0.45818181818181813,17.0,-5.0,-5.0,28.0,-11.0,-11.0,37.0,-10.0,-10.0,4.4773058402417884e-05,-0.0003798581074435747,-0.00021866553509085858,-0.00022489431977135155,0.00019273690668875076,4.029903692170933e-05,-0.5024046897888184
426,1,test,2.3851550709117544,1.0744784519601083,1.481613623634809,3.7411823193488942,1.6853494500287995,2.3239523335185583,10.860746720239385,7.152064492098406,8.392417612133004,17.035384449512538,11.218212832783792,13.163741330706081,2.600222486946451,1.1733320931013305,1.619963699332772,3.969805323582368,1.7913467070249318,2.4732270218820944,13.466733874220118,9.301008608668374,10.801588014789715,20.559899044610866,14.20001314300515,16.49097406838124,2.386714345236686,1.0513516202892739,1.469200912664986,3.7099186713523618,1.634225316511825,2.2837319885984244,10.877694813679442,7.076320263918545,8.374636192427463,16.908333907273743,10.999461550132452,13.017569211027144,0.6683417085427136,-0.0016582914572863539,-0.0016582914572863539,0.5376884422110553,-0.0023115577889447625,-0.0023115577889447625,0.38190954773869346,-0.0030904522613065533,-0.0030904522613065533,0.4155844155844156,0.13357469111115794,0.18664273091918882,0.3583061889250815,0.42211055276381915,0.09128348509464623,0.1683542923297624,0.3787878787878788,0.4180602006688964,0.13258440768058255,0.18669201379459155,0.35906040268456374,23.0,0.0,0.0,35.0,0.0,0.0,44.0,0.0,0.0,0.0008033000413474617,-6.914945671710847e-05,0.0001815848452406032,-0.008871665495609804,-0.008667623285416148,-0.009069880413282938,-0.5488202571868896
201,1,test,2.466751946019126,1.1163123411467337,1.5276138900624852,3.955071555907761,1.7898415749112435,2.449302717586219,11.784109201170038,7.9249875546318,9.226333392882632,18.894074529250286,12.706544291504619,14.793059685795061,2.280045773515749,0.9567267064809442,1.3479710951536368,3.3285339759354,1.3966813233298452,1.967841014822827,9.777127932805884,6.0212612470728315,7.237355005432849,14.273179463950195,8.790162404485883,10.565481759755983,2.466751946019126,1.1163123411467337,1.5276138900624852,3.955071555907761,1.7898415749112435,2.449302717586219,11.784109201170038,7.9249875546318,9.226333392882632,18.894074529250286,12.706544291504619,14.793059685795061,0.5829145728643217,-0.002085427135678275,-0.002085427135678275,0.4120603015075377,-0.0029396984924623393,-0.0029396984924623393,0.29145728643216084,-0.0035427135678391952,-0.0035427135678391952,0.4020979020979021,0.1089041848204152,0.17419092535371605,0.43508771929824563,0.37688442211055273,0.08615760506794623,0.14816989790354107,0.40909090909090906,0.4020979020979021,0.1089041848204152,0.17419092535371605,0.43508771929824563,22.0,0.0,0.0,33.0,0.0,0.0,39.0,0.0,0.0,-0.000701752862413617,-0.00034354172014059917,-9.986377019381785e-05,-0.00029419353837489837,0.00015400165618917327,5.253467235455389e-06,-0.5762593746185303
93,1,test,2.698672949397651,1.2090792448561267,1.675324707353202,4.697057348635152,2.1044100780723727,2.9159132564691808,14.859998664205502,10.424705550780637,12.077503010809671,25.863921725674132,18.144265990282754,21.020970430206706,2.6632898782365886,1.1662668837577461,1.6327874609858424,4.129131594165253,1.808165711252319,2.5314534278850265,14.343399600463677,9.875032703301525,11.540926108382703,22.23782883792818,15.310128222172905,17.89290869516698,2.698672949397651,1.2090792448561267,1.675324707353202,4.697057348635152,2.1044100780723727,2.9159132564691808,14.859998664205502,10.424705550780637,12.077503010809671,25.863921725674132,18.144265990282754,21.020970430206706,0.6683417085427136,-0.0016582914572863539,-0.0016582914572863539,0.507537688442211,-0.0024623115577889765,-0.0024623115577889765,0.3517587939698492,-0.0032412060301507672,-0.0032412060301507672,0.43795620437956206,0.12465930091872413,0.1988785344766495,0.41025641025641024,0.4170854271356784,0.10380221911562826,0.17501531027424266,0.3737373737373737,0.43795620437956206,0.12465930091872413,0.1988785344766495,0.41025641025641024,21.0,-6.0,-6.0,36.0,-13.0,-13.0,44.0,-13.0,-13.0,-8.430691733217267e-05,0.0001100484404779464,0.00010336947712326317,-0.004886563517612963,-0.0050440092116437185,-0.0041408923349086635,-0.7104859352111816
234,1,test,3.4926300843556723,1.6229993580556206,2.2275890622675547,5.382759306477566,2.501328422415133,3.433107848906467,32.872291009693576,26.386390125297044,29.329052925540946,50.66200143846893,40.66608360486957,45.201246273480756,3.478430629375592,1.6191623650114115,2.207745836853792,4.9691866133937035,2.3130890928734456,3.1539226240768463,32.40882069357573,25.989782679923458,28.84552885090914,46.298315276536755,37.12826097131923,41.207898358441625,3.4926300843556723,1.6229993580556206,2.2275890622675547,5.382759306477566,2.501328422415133,3.433107848906467,32.872291009693576,26.386390125297044,29.329052925540946,50.66200143846893,40.66608360486957,45.201246273480756,0.7185929648241206,-0.0014070351758793676,-0.0014070351758793676,0.5829145728643217,-0.002085427135678275,-0.002085427135678275,0.457286432160804,-0.0027135678391959628,-0.0027135678391959628,0.4137931034482759,0.08874530230104838,0.17048100153744794,0.42307692307692313,0.40703517587939697,0.088739436531026,0.1666345080997642,0.41414141414141414,0.4137931034482759,0.08874530230104838,0.17048100153744794,0.42307692307692313,17.0,0.0,0.0,29.0,1.0,1.0,39.0,1.0,1.0,-0.00034079283616857787,0.00013513093944461635,-4.7695115231469227e-05,-0.00012094549186336678,-0.00017278787436758591,9.286739145242251e-05,-0.4320638179779053
44,1,test,2.95505955520567,1.372509605309809,1.8031814997329094,5.016729012325905,2.3300744462236294,3.0612151041977302,19.20286631643219,14.335514813649947,16.03873657215698,32.60021490929186,24.33703677666154,27.22855278528976,3.1926727217046458,1.4367409134672018,1.9802040333081856,4.6608360900797745,2.0974319904630683,2.890808807749176,24.3534304791106,18.564591161339777,20.99165689072195,35.55245325417606,27.10159293626245,30.644754584995543,2.904963646445386,1.334405155787739,1.82321704847112,4.841606077408977,2.2240085929795645,3.0386950807852,18.264579657745887,13.455246246095136,15.314752441199182,30.440966096243148,22.425410410158563,25.52458740199864,0.6733668341708543,-0.001633165829145744,-0.001633165829145744,0.5025125628140703,-0.0024874371859296973,-0.0024874371859296973,0.3869346733668342,-0.0030653266331658324,-0.0030653266331658324,0.3873626373626373,0.10478376219116958,0.1605786686431847,0.38292011019283745,0.3869346733668342,0.09871412198838803,0.15655070007801952,0.3939393939393939,0.37792642140468224,0.10246732290718641,0.15990639915774119,0.3691275167785235,23.0,-7.0,-7.0,34.0,-9.0,-9.0,40.0,-5.0,-5.0,0.00044407173667143553,0.00012146720191151674,0.0002197322585298755,0.00025035484725499657,-0.00014813329768958994,0.00010858675645497584,-0.697415828704834
293,1,test,2.7529523586534888,1.2481800545784512,1.6015538933393862,5.230609481441629,2.3715421036990576,3.042952397344834,15.688882784822964,11.185754615210461,12.526270162206442,29.808877291163633,21.25293376889988,23.79991330819224,2.869098637571287,1.247395660878399,1.7493972395353683,4.781831062618812,2.078992768130665,2.9156620658922803,17.621128016760302,12.559425073690644,14.557188848329623,29.368546694600504,20.93237512281774,24.261981413882705,2.8350132516395288,1.2726340828918672,1.7585838164166188,5.03256790231869,2.2591137566127824,3.121746419674471,17.03062598261733,12.26046921948927,14.096441852196572,30.23188044251597,21.764146543472076,25.023269560112254,0.6080402010050252,-0.001959798994974782,-0.001959798994974782,0.49246231155778897,-0.002537688442211028,-0.002537688442211028,0.40703517587939697,-0.00296482412060306,-0.00296482412060306,0.3984168865435356,0.11251438324972796,0.16088022965203996,0.36243386243386244,0.4120603015075377,0.12885228145741234,0.19336247179134403,0.36363636363636365,0.4013377926421404,0.12087034689923559,0.1922165468134419,0.3691275167785235,16.0,-6.0,-6.0,25.0,-8.0,-8.0,34.0,-11.0,-11.0,0.0012592945903237246,0.00018924965557990127,0.000314345451408001,-0.004484408092650938,-0.0037025649520590065,-0.00411665919650428,-0.831028938293457
387,1,test,2.5045169319309064,1.184607625211058,1.613059850411746,3.7001405929029474,1.7501238282012617,2.383113547844489,12.237645921728962,8.49456403223693,9.79896550177595,18.07973819592118,12.549757916973153,14.47686360563884,2.6996188229651907,1.210074775782063,1.6905377983447896,3.7236121696071596,1.6690686562511212,2.33177627357902,14.874060993700098,10.438988119746659,12.130981959421593,20.515946198207033,14.398604303098839,16.732388909547026,2.5045169319309064,1.184607625211058,1.613059850411746,3.7001405929029474,1.7501238282012617,2.383113547844489,12.237645921728962,8.49456403223693,9.79896550177595,18.07973819592118,12.549757916973153,14.47686360563884,0.6231155778894473,-0.0018844221105527303,-0.0018844221105527303,0.4824120603015075,-0.0025879396984924696,-0.0025879396984924696,0.38190954773869346,-0.0030904522613065533,-0.0030904522613065533,0.42320819112627983,0.1416382252559727,0.2002275312855517,0.40753424657534243,0.4321608040201005,0.14070351758793964,0.20938023450586263,0.4292929292929293,0.42320819112627983,0.1416382252559727,0.2002275312855517,0.40753424657534243,20.0,-1.0,-1.0,31.0,1.0,1.0,36.0,-2.0,-2.0,0.000570311037168148,-9.448030116329166e-05,4.2878105596973906e-05,-0.0003427029913991575,0.00012688698084151184,-1.9278431547142816e-05,-0.6914587020874023
466,1,test,2.4546918641495448,1.1190652030129586,1.456100949298368,4.922580996385915,2.2441468856120084,2.920030398324147,11.642845418017382,7.840467415526277,8.92839118277744,23.348286779142384,15.723087881673663,17.904784468688092,2.5561492886375543,1.1064279043494758,1.5247141568105624,4.6056743939415385,1.9935637916206765,2.7472327149739857,12.886100999847155,8.624174089913563,10.081012380496501,23.2181999997246,15.53905241425867,18.163986271164866,2.396971371261571,1.0664800273933537,1.4700489884103285,4.891778308697083,2.1764898518231703,3.000099976347609,10.989841776416979,7.20694013988202,8.463120856922112,22.428248523299956,14.708041101800038,17.27167521820839,0.5175879396984925,-0.002412060301507535,-0.002412060301507535,0.42713567839195976,-0.002864321608040288,-0.002864321608040288,0.371859296482412,-0.003140703517587995,-0.003140703517587995,0.3817204301075269,0.11693548387096775,0.16568914956011727,0.38274932614555257,0.3919597989949749,0.1306532663316583,0.18592964824120606,0.38888888888888884,0.37792642140468224,0.12040133779264206,0.18283166109253057,0.37248322147651003,18.0,-5.0,-5.0,30.0,-9.0,-9.0,34.0,-5.0,-5.0,0.0004869505634762816,-0.00018929659741650354,0.0001971725309444751,-0.08536266302342987,-0.07308875768680068,-0.08370510021554267,-0.602008581161499
325,1,test,2.685312545411639,1.2215160057393486,1.6791287636485763,4.854802341987145,2.2083905188508,3.035713019025675,14.6627834498621,10.340445103597542,11.927640280108221,26.50898702799928,18.694590017803463,21.564095421664582,2.837407699182405,1.27092983457517,1.7309153744392776,4.299102574518796,1.9256512645078336,2.622599052180724,17.071453783662232,12.281705476296022,14.047720287846333,25.865839066154894,18.608644661054576,21.284424678555048,2.672623426220489,1.2440433259906238,1.6885516323301182,4.716394281565568,2.1953705752775714,2.97979699822962,14.477901120658284,10.305131052380313,11.802573644389007,25.549237271749913,18.185525386553493,20.828071137157067,0.6231155778894473,-0.0018844221105527303,-0.0018844221105527303,0.507537688442211,-0.0024623115577889765,-0.0024623115577889765,0.37688442211055273,-0.003115577889447274,-0.003115577889447274,0.3824451410658307,0.1101446715822626,0.1738945675517536,0.4056603773584906,0.40703517587939697,0.12633342149343207,0.1866678970814003,0.4545454545454546,0.37792642140468224,0.1091451192343984,0.16991752262826398,0.3993288590604027,18.0,-7.0,-7.0,29.0,-13.0,-13.0,37.0,-15.0,-15.0,8.718993394976793e-05,-0.0005969227044732448,0.00015800523491000867,-0.011807106808645607,-0.012705662031489595,-0.013967003631807806,-0.4367492198944092
420,1,test,3.0423035429496514,1.3889459251727494,1.9257013806030823,5.042948807606758,2.3023288433570026,3.192059353717065,20.953454868222675,15.728962609437618,17.898996869633727,34.73262899352128,26.072465194991704,29.669532854555904,2.640028622881252,1.1338294912732425,1.6149147719005028,4.292729468099597,1.843625189062183,2.6258776778869963,14.013604711736786,9.504046768869454,11.226191919555394,22.786349124775263,15.45373458352757,18.25397060090308,3.0707842271064836,1.3901007668708878,1.9349771912083533,5.089697613988647,2.304034420227991,3.2071445158149503,21.558803045003355,16.189578676274106,18.44511765992672,35.732822726524894,26.833555817028902,30.572018220873012,0.6180904522613065,-0.0019095477386934512,-0.0019095477386934512,0.4824120603015075,-0.0025879396984924696,-0.0025879396984924696,0.3266331658291457,-0.0033668341708542604,-0.0033668341708542604,0.39144736842105265,0.08325064710957719,0.15673121121581246,0.3828382838283828,0.35678391959798994,0.059283919597989954,0.12883050861629275,0.303030303030303,0.3913043478260869,0.08297101449275357,0.1582299860058871,0.38590604026845643,21.0,0.0,0.0,28.0,0.0,0.0,38.0,0.0,0.0,-0.0006403979861695466,0.00031087795571206253,-0.00022742304871807166,0.00048729044062767457,8.427820529455232e-05,-5.782855820246624e-05,-0.7035605907440186
47,1,test,2.7806304254465632,1.2786641520957898,1.7546292286359533,4.565921550875323,2.0996246588391094,2.881180949294264,16.129185992821657,11.63867602739463,13.33929870381817,26.48485654503102,19.111235067710503,21.903734803428698,2.6418070487640612,1.1501353058132968,1.609001676006874,3.972642178592573,1.7295267756590929,2.41955139249154,14.03854904331556,9.594029637469863,11.229614142161271,21.11060006513618,14.427112236796782,16.886637807761307,2.7806304254465632,1.2786641520957898,1.7546292286359533,4.565921550875323,2.0996246588391094,2.881180949294264,16.129185992821657,11.63867602739463,13.33929870381817,26.48485654503102,19.111235067710503,21.903734803428698,0.6130653266331658,-0.001934673366834172,-0.001934673366834172,0.44723618090452266,-0.0027638190954772934,-0.0027638190954772934,0.371859296482412,-0.003140703517587995,-0.003140703517587995,0.40625,0.09949090121317161,0.18223152424942268,0.4181184668989547,0.38190954773869346,0.08115766803944535,0.1531950235316818,0.3939393939393939,0.40625,0.09949090121317161,0.18223152424942268,0.4181184668989547,21.0,-12.0,-12.0,32.0,-19.0,-19.0,40.0,-20.0,-20.0,-0.0002291578525388887,-0.00011867647909428206,-0.0001277684275132719,-0.0003080533820964959,0.0001462546060908565,-1.7556467044599344e-06,-0.9070949554443359
194,1,test,2.9763291597366335,1.3832765476507398,1.8934584534988939,5.353648677262121,2.4881578152711423,3.4058435075514697,19.615678299901194,14.696937257417265,16.66253329377658,35.28354713063988,26.43600034981973,29.971600767422018,3.126982936907054,1.4554256165178203,1.984266891535376,4.9243825778063846,2.2920088449099536,3.124829750449411,22.805071305494494,17.484624316087572,19.669798952180724,35.91349811888897,27.534841442657594,30.97606134201689,2.9763291597366335,1.3832765476507398,1.8934584534988939,5.353648677262121,2.4881578152711423,3.4058435075514697,19.615678299901194,14.696937257417265,16.66253329377658,35.28354713063988,26.43600034981973,29.971600767422018,0.6482412060301508,-0.0017587939698492372,-0.0017587939698492372,0.5226130653266332,-0.002386934673366814,-0.002386934673366814,0.42211055276381915,-0.0028894472361808976,-0.0028894472361808976,0.4035087719298246,0.11279073340092793,0.1783045712297079,0.41901408450704225,0.4170854271356784,0.12134607876475112,0.19170980109227276,0.4444444444444444,0.4035087719298246,0.11279073340092793,0.1783045712297079,0.41901408450704225,21.0,0.0,0.0,29.0,0.0,0.0,37.0,0.0,0.0,0.00038879226587411813,0.0002775487143331888,-0.00017914381403174768,-0.040866950387514756,-0.04539118036185208,-0.039114033111256497,-0.6961908340454102
170,1,test,3.4703602866520957,1.6650544549128778,2.2649109857577736,5.853341016819868,2.8083918472863867,3.8201498626447776,32.14832297012693,26.066491788995958,28.810064346373217,54.22350474294741,43.96548281743985,48.592975197549485,3.604218181054197,1.716359251264742,2.3431494657771763,5.50262317718198,2.6203958034576216,3.577327428667445,36.75293847825119,30.14772716893195,33.22374730508272,56.11135645534532,46.02706438004878,50.723278328370554,3.4703602866520957,1.6650544549128778,2.2649109857577736,5.853341016819868,2.8083918472863867,3.8201498626447776,32.14832297012693,26.066491788995958,28.810064346373217,54.22350474294741,43.96548281743985,48.592975197549485,0.7587939698492463,-0.001206030150753712,-0.001206030150753712,0.5879396984924623,-0.002060301507537776,-0.002060301507537776,0.4773869346733668,-0.0026130653266331905,-0.0026130653266331905,0.4007936507936508,0.10574414584315572,0.16068810989655313,0.3665338645418327,0.40703517587939697,0.09625823352350726,0.16162616085435522,0.3737373737373737,0.4007936507936508,0.10574414584315572,0.16068810989655313,0.3665338645418327,23.0,0.0,0.0,35.0,0.0,0.0,42.0,0.0,0.0,0.0001485994130711507,0.00034079146821164275,0.0002506315342313877,-0.005733210823201773,-0.00536781146711629,-0.005459858910517923,-0.5437197685241699
339,1,test,3.0048703244358204,1.3855835446952638,1.9097842584637714,4.62995325499805,2.134929747438621,2.942626765592138,20.183598606742382,15.134110971659657,17.19415864536446,31.09921826140918,23.318885272659266,26.493040361735034,2.8579109505792357,1.3103116934948744,1.8162264838494586,4.0252266909566705,1.84550942745757,2.5580654702105052,17.425087019493677,12.72491429898886,14.591100267105423,24.54237608379391,17.922414505618114,20.550845446627356,3.0025039548459262,1.3897008801731827,1.9125113348530325,4.6192368536091175,2.138001354112589,2.942325130543127,20.135893219335113,15.119039065566128,17.161641096854844,30.978297260515557,23.260060100870966,26.402524764392066,0.6633165829145728,-0.0016834170854271857,-0.0016834170854271857,0.49246231155778897,-0.002537688442211028,-0.002537688442211028,0.39698492462311563,-0.0030150753768843908,-0.0030150753768843908,0.415282392026578,0.1101414301691982,0.17881830362878792,0.36,0.4120603015075377,0.11130842180828959,0.17833743005511704,0.30808080808080807,0.4147157190635451,0.11254543525720118,0.1777857969278388,0.35906040268456374,23.0,-3.0,-3.0,34.0,-8.0,-8.0,41.0,-3.0,-3.0,0.00041633557489048574,0.0005350964396613231,-6.631856960969971e-05,0.0004991372202978184,9.589878044646838e-05,-4.7314887297922326e-05,-0.5887043476104736
138,1,test,3.089210087935672,1.4338180587192892,1.960184503483133,5.821972858032613,2.7021955722017377,3.6941938719489813,21.959724871347262,16.724593026767547,18.867083357882375,41.385635334462144,31.519425319677296,35.55719555908601,2.95693752873483,1.3193410667288707,1.8258049493277988,5.475810238397833,2.4432241976460567,3.3811202765329607,19.238962674452203,14.096168929234889,16.13979811131924,35.62770865639297,26.10401653562016,29.888515020961556,3.089210087935672,1.4338180587192892,1.960184503483133,5.821972858032613,2.7021955722017377,3.6941938719489813,21.959724871347262,16.724593026767547,18.867083357882375,41.385635334462144,31.519425319677296,35.55719555908601,0.6984924623115578,-0.0015075376884421399,-0.0015075376884421399,0.542713567839196,-0.0022864321608039306,-0.0022864321608039306,0.4120603015075377,-0.0029396984924623393,-0.0029396984924623393,0.42662116040955633,0.11145932054584251,0.18371537153327933,0.410958904109589,0.4170854271356784,0.10129595345146791,0.17167641211063667,0.38383838383838387,0.42662116040955633,0.11145932054584251,0.18371537153327933,0.410958904109589,22.0,-8.0,-8.0,33.0,-8.0,-8.0,41.0,-7.0,-7.0,0.0005772385479999588,0.00010200246149649182,-5.994462447571231e-05,-0.0003427029913991575,0.00012688698084151184,-1.9278431547142816e-05,-0.7463862895965576
292,1,test,3.2907629877817435,1.540466098386917,2.0864599175691634,5.44754683788194,2.550095906113477,3.45393702570571,26.863352248173854,21.107040838022204,23.5289178467391,44.469738518936445,34.94070949537459,38.94989778683161,3.3429526042698616,1.544387679936533,2.0961146696819086,5.143004006569018,2.3759810460562045,3.2247917995106286,28.302569745929166,22.26159775691363,24.823246050214593,43.542414993737175,34.24861193371328,38.18960930802245,3.2907629877817435,1.540466098386917,2.0864599175691634,5.44754683788194,2.550095906113477,3.45393702570571,26.863352248173854,21.107040838022204,23.5289178467391,44.469738518936445,34.94070949537459,38.94989778683161,0.7487437185929648,-0.0012562814070351536,-0.0012562814070351536,0.592964824120603,-0.0020351758793969443,-0.0020351758793969443,0.4321608040201005,-0.002839195979899567,-0.002839195979899567,0.41393442622950816,0.08264608267122597,0.1659780229597534,0.4156378600823045,0.4170854271356784,0.08375209380234505,0.15498192129260668,0.4242424242424242,0.41393442622950816,0.08264608267122597,0.1659780229597534,0.4156378600823045,16.0,0.0,0.0,29.0,0.0,0.0,39.0,0.0,0.0,0.0001038163568856723,0.00012813199147191802,9.237842014889181e-05,-3.136820234672655e-06,-7.934534252473924e-05,-9.790377231322367e-05,-0.475602388381958
85,1,test,2.4526829177320604,1.0761662922482296,1.502177083291251,4.2532073717897,1.8661843218177392,2.604931358308528,11.619479044180665,7.658399400170685,9.032461113008617,20.149385625746817,13.280461387579223,15.663227363598757,2.5180148065988743,1.0636718071405613,1.5065258897289096,4.028823690558199,1.7018748914248985,2.4104414235662555,12.403947969802898,8.12227848766298,9.654255938280556,19.846316751684636,12.995645580260767,15.446809501248891,2.4526829177320604,1.0761662922482296,1.502177083291251,4.2532073717897,1.8661843218177392,2.604931358308528,11.619479044180665,7.658399400170685,9.032461113008617,20.149385625746817,13.280461387579223,15.663227363598757,0.5577889447236181,-0.00221105527638199,-0.00221105527638199,0.40201005025125625,-0.002989949748743781,-0.002989949748743781,0.3266331658291457,-0.0033668341708542604,-0.0033668341708542604,0.35785953177257523,0.08619286510590862,0.14143333865381835,0.3523489932885906,0.36180904522613067,0.09180904522613065,0.1438389953093253,0.3535353535353535,0.35785953177257523,0.08619286510590862,0.14143333865381835,0.3523489932885906,22.0,-6.0,-6.0,31.0,-3.0,-3.0,41.0,-10.0,-10.0,0.00046577060490416897,0.00014639763255321452,-2.5225400867461994e-05,-0.007060497089071305,-0.00839009629313825,-0.009087710252841497,-0.6869041919708252
218,1,test,2.636189406487479,1.1586933110556736,1.6065916022783402,4.377376236698344,1.9240030905800998,2.6677354383510705,13.959906596091884,9.577946672547737,11.159967111759574,23.180338730547632,15.90412132663791,18.531056500390896,2.548895514790137,1.0811596443499336,1.5029545193747536,4.045865896492281,1.7161264196030697,2.385642094245641,12.79296633469217,8.453567286178988,9.946890926795161,20.30629576935265,13.418360771712678,15.788715756817716,2.636189406487479,1.1586933110556736,1.6065916022783402,4.377376236698344,1.9240030905800998,2.6677354383510705,13.959906596091884,9.577946672547737,11.159967111759574,23.180338730547632,15.90412132663791,18.531056500390896,0.5979899497487438,-0.0020100502512562235,-0.0020100502512562235,0.4623115577889447,-0.002688442211055242,-0.002688442211055242,0.3417085427135679,-0.003291457286432098,-0.003291457286432098,0.39925373134328357,0.11061313544011786,0.17965075367578975,0.41198501872659177,0.3869346733668342,0.09620785632422768,0.16155904732342852,0.3939393939393939,0.39925373134328357,0.11061313544011786,0.17965075367578975,0.41198501872659177,24.0,-13.0,-13.0,33.0,-9.0,-9.0,41.0,-11.0,-11.0,-0.00031058244995091496,-0.0001957922324033989,-5.8025255293741355e-05,-0.00016945494488584956,0.00022372510708557058,6.833549267337702e-05,-0.9779930114746094
228,1,test,2.4204489916897893,1.068567493635897,1.483662211243577,3.931395938017355,1.7356126563298209,2.4098271067471435,11.250909745974718,7.386219644654028,8.699140908517343,18.274204920734697,11.997011301619878,14.129513718076657,2.5926885017797576,1.1105828565404043,1.557718591965802,4.115378574253583,1.7628299310165145,2.472569193596511,13.365656935149087,8.963451523638017,10.550635405320975,21.215328468490615,14.227700831171457,16.747040325906312,2.4204489916897893,1.068567493635897,1.483662211243577,3.931395938017355,1.7356126563298209,2.4098271067471435,11.250909745974718,7.386219644654028,8.699140908517343,18.274204920734697,11.997011301619878,14.129513718076657,0.6080402010050252,-0.001959798994974782,-0.001959798994974782,0.4773869346733668,-0.0026130653266331905,-0.0026130653266331905,0.39698492462311563,-0.0030150753768843908,-0.0030150753768843908,0.4044943820224719,0.13024065067918833,0.1796496615255775,0.3872180451127819,0.44723618090452266,0.16223618090452263,0.22261055694445608,0.4292929292929293,0.4044943820224719,0.13024065067918833,0.1796496615255775,0.3872180451127819,24.0,-15.0,-15.0,38.0,-28.0,-28.0,44.0,-28.0,-28.0,0.00039911485149398004,0.0004985037395940084,0.00014247541396884882,-0.015178632202766273,-0.015499259038348256,-0.013739617793451231,-1.0300953388214111
129,1,test,2.143572319976308,0.9701880755850492,1.3024897745401685,4.0464226147146345,1.83142454909905,2.4587106439180717,8.52985463701091,5.296939516216817,6.210978729960193,16.101811159705086,9.999035557350462,11.724467869924855,1.844233829771454,0.7489130510896345,1.0406835579347895,3.023334147166318,1.2277263132616958,1.7060386195652286,6.323253245615643,3.333111542333038,4.0897969993925996,10.365988927238758,5.464117282513177,6.704585244905901,2.155477400607489,0.9576276841200564,1.3231940663209762,3.781539299311384,1.680048568631678,2.3213930988087306,8.632010122335023,5.319024722131725,6.333448985967563,15.143877407605306,9.331622319529343,11.11131401046941,0.4773869346733668,-0.0026130653266331905,-0.0026130653266331905,0.3417085427135679,-0.003291457286432098,-0.003291457286432098,0.25125628140703515,-0.003743718592964851,-0.003743718592964851,0.36363636363636365,0.10973565441650546,0.16617790811339195,0.37891737891737887,0.37688442211055273,0.11372652737371058,0.18322832862140415,0.35858585858585856,0.36789297658862874,0.114136716154572,0.17323224243957425,0.38590604026845643,13.0,-3.0,-3.0,21.0,-9.0,-9.0,30.0,-15.0,-15.0,-0.0005284453831252683,-0.00024117544210352802,-0.00033221784729281555,-0.040832252502710276,-0.041891517371793974,-0.04077981342743353,-0.7973010540008545
362,1,test,3.131257815866281,1.4398960549701814,1.9703614992360814,5.2130281220191375,2.397189586021785,3.2803271113655637,22.902768898893303,17.47590312965616,19.7099751507797,38.129335034970715,29.09449806750448,32.813859729045326,3.119150494810325,1.3567730226594317,1.897471160758903,4.798693068938961,2.0873431117837407,2.9191864011675426,22.62714959531036,16.800876852813253,19.234268863104138,34.810999377400556,25.847502850481927,29.591182866314064,3.1365839159209594,1.4325004125337502,1.9613733640183242,5.170193268001581,2.361264416264423,3.2330330176126223,23.025076760402985,17.528730784738265,19.786251947625313,37.95342323143349,28.893512282535596,32.61470101256919,0.6532663316582914,-0.0017336683417086274,-0.0017336683417086274,0.5527638190954773,-0.0022361809045226,-0.0022361809045226,0.4371859296482412,-0.002814070351758735,-0.002814070351758735,0.4006622516556292,0.08991845000273657,0.17048604020188474,0.4285714285714286,0.4120603015075377,0.10629589047996879,0.17833743005511704,0.4494949494949495,0.4013377926421404,0.08915081434497851,0.1699696057678356,0.4295302013422819,23.0,-14.0,-14.0,35.0,-22.0,-22.0,42.0,-22.0,-22.0,-0.00038821725403016247,-0.0001654945164208532,5.466688152540182e-06,-0.007072343868738784,-0.008401716868285725,-0.00683637280362781,-0.7655556201934814
483,1,test,2.651172749698162,1.2462574674888818,1.7003684111884378,4.01427572006184,1.8870219201128826,2.574614433922116,14.170647527051853,10.09546604078104,11.582857245231825,21.456499321620967,15.286059429673179,17.538194225091583,2.3577337390813398,1.0428325150262527,1.454324885722404,3.2975297050088668,1.458507014022731,2.034020819192173,10.566976769769921,6.842593682146822,8.09897492539385,14.778988489188702,9.57006109391164,11.327237657893498,2.5746383340063703,1.209906755927758,1.6464563953533728,3.8427437820990598,1.8058309789966533,2.457397605005034,13.126568866321882,9.211896739182455,10.596663395694542,19.591893830331166,13.74909961072008,15.815915515962,0.5175879396984925,-0.012412060301507544,-0.002412060301507535,0.3668341708542714,0.0018341708542713997,-0.0031658291457286047,0.31155778894472363,-0.008442211055276316,-0.003442211055276312,0.390625,0.1066936427457098,0.1827247920997921,0.4043887147335423,0.33668341708542715,0.07603178801274546,0.14803567084168756,0.3484848484848485,0.3745819397993311,0.09745339222003224,0.16879773512747343,0.3926174496644296,19.0,-1.0,-2.0,29.0,-4.0,-4.0,34.0,-1.0,-2.0,-0.000275883714914434,-0.0004320656193651467,-0.00011058362825425966,-0.015710026180941306,-0.013819234731566432,-0.014620658547090493,-1.403214454650879
254,1,test,2.9567379921297485,1.3725374266575268,1.8751216205734162,5.513446726500766,2.5593786132378584,3.496550316010429,19.23512418012765,14.359731916862653,16.285681084001023,35.86784920647332,26.776676574385068,30.368005315460735,3.115627155831112,1.4014574844689067,1.941782353670419,4.79327254743248,2.156088437644472,2.98735746718526,22.547566758136742,16.99550319760136,19.3131623502408,34.688564243287296,26.146927996309778,29.712557461908922,3.0386493030599127,1.396093225211023,1.9171028111622364,5.4915348850480346,2.5230600455620893,3.4646436346305474,20.877025648017565,15.708662266089906,17.80742800563193,37.72956442412813,28.389148673656457,32.18209880535891,0.7236180904522613,-0.0013819095477386467,-0.0013819095477386467,0.5628140703517588,-0.0021859296482411583,-0.0021859296482411583,0.44723618090452266,-0.0027638190954772934,-0.0027638190954772934,0.4082278481012658,0.1222878796968424,0.18612258494337108,0.38095238095238093,0.42713567839195976,0.11635873603607005,0.185065561530524,0.40909090909090906,0.4180602006688964,0.13091495859877955,0.19447844316055374,0.38926174496644295,20.0,-6.0,-6.0,32.0,-7.0,-7.0,40.0,-5.0,-5.0,0.00045769497532107154,0.00029723353414155596,0.0001862916271602433,-0.01065900146025367,-0.013996452986449803,-0.0133517089546773,-0.6054000854492188
399,1,test,2.1079685454552535,0.9515175057877707,1.3088214245162981,4.071390676365004,1.8377880968929516,2.5278950942086214,8.231502365316219,5.052869970808745,6.007858744878995,15.898558854153611,9.75925742933346,11.603750032966287,1.7315895138074404,0.7145703262100365,1.012024630349244,3.1199811059593516,1.2875141012793447,1.8234678024310698,5.649626935184486,2.8846862365456665,3.5960874479635567,10.179507991323398,5.197632858640841,6.479436843177579,2.080685258310375,0.892732097828596,1.2597366495852063,3.806131570079955,1.6330465204181634,2.3043963102168408,8.009955922934433,4.729595962262913,5.737301247558246,14.652358395611769,8.651699930968743,10.4950632577285,0.4120603015075377,-0.0029396984924623393,-0.0029396984924623393,0.3015075376884422,-0.0034924623115578646,-0.0034924623115578646,0.23115577889447236,-0.003844221105527623,-0.003844221105527623,0.3768545994065282,0.12500274755467633,0.17843406633643932,0.37797619047619047,0.3316582914572864,0.10860064734701069,0.15302723970436494,0.28787878787878785,0.3745819397993311,0.12583402661068332,0.18103355270255683,0.37583892617449666,21.0,-1.0,-1.0,29.0,-1.0,-1.0,34.0,0.0,0.0,0.0002645299716784678,0.00017648159917256896,-0.0002909128763492206,-0.04405477896193766,-0.04678299798091334,-0.046295565643089454,-0.790499210357666
123,1,test,2.3308166885375976,1.0506654590542233,1.448723226882052,4.063348879482657,1.831641388511641,2.525581668254273,10.286338838608447,6.689155153941295,7.870386719429512,17.932334018108843,11.66130791542707,13.720567222107064,2.3593320499113455,1.0069438540871407,1.4012825356534973,3.602033663986787,1.5373188612017414,2.139362649852668,10.583879587561507,6.717230760184372,7.977272226139014,16.158594790170238,10.255314137686064,12.179041566624448,2.260735594707987,1.0030621988139792,1.3787496289357335,3.8978199908758397,1.7294175841620332,2.3771545326478165,9.590141029780193,6.072912268212269,7.174448601550197,16.53472591341413,10.470538393469429,12.369738968189996,0.6281407035175879,-0.0018592964824121205,-0.0018592964824121205,0.4623115577889447,-0.002688442211055242,-0.002688442211055242,0.3266331658291457,-0.0033668341708542604,-0.0033668341708542604,0.39384615384615385,0.08509039347749026,0.15229037083694197,0.3858024691358025,0.40703517587939697,0.09876449918766761,0.15828726269074922,0.38888888888888884,0.39799331103678925,0.09749247631224833,0.1599510418488026,0.3691275167785235,20.0,-10.0,-10.0,30.0,-11.0,-11.0,37.0,-10.0,-10.0,1.1459101957054398e-05,-2.0367637077090002e-05,-1.562232720608455e-05,-0.01828195747707806,-0.01721375764191002,-0.01687578224502051,-1.0789330005645752
315,1,test,2.2578573385063483,1.0081224605734873,1.4072042435630556,4.012457318429957,1.791542926922764,2.500754529223503,9.562577832886454,6.073160119707762,7.221402470355437,16.9937377150693,10.792664068155359,12.833215233462976,2.3796527829002496,1.0624279525859193,1.4853509972496939,3.966087971500416,1.7707132543098654,2.475584995416156,10.801151868138385,7.068104718625056,8.35552424723889,18.001919780230644,11.780174531041762,13.92587374539815,2.2578573385063483,1.0081224605734873,1.4072042435630556,4.012457318429957,1.791542926922764,2.500754529223503,9.562577832886454,6.073160119707762,7.221402470355437,16.9937377150693,10.792664068155359,12.833215233462976,0.6030150753768844,-0.0019849246231156137,-0.0019849246231156137,0.42211055276381915,-0.0028894472361808976,-0.0028894472361808976,0.31155778894472363,-0.003442211055276312,-0.003442211055276312,0.3877551020408163,0.10592148574200477,0.1569858712715856,0.341296928327645,0.3869346733668342,0.10122038765254848,0.14987290375080742,0.3282828282828283,0.3877551020408163,0.10592148574200477,0.1569858712715856,0.341296928327645,19.0,-1.0,-1.0,32.0,-2.0,-2.0,39.0,-2.0,-2.0,0.0008055076075088847,0.0003498813453614623,0.00011344390763502964,-0.0003496329132595122,0.00012301345579235345,-2.278298851532412e-05,-0.489377498626709
482,1,test,2.637474692164791,1.2104115558776911,1.6662413083032717,4.507684019336188,2.068703386409145,2.8477578723728643,13.977860599636648,9.81141567437382,11.336660534865866,23.889434479379,16.76860133438435,19.375383459588935,2.566756182579539,1.1450946849232735,1.5892100751886526,3.979466949735719,1.7753405967802687,2.463891589439771,13.023509959330632,8.87950998958563,10.36558399130827,20.191488309039737,13.766682154396324,16.070672854741503,2.6480191517554994,1.2209560154683996,1.6767857678939802,4.5257054593639445,2.0867248264369014,2.865779312400621,14.126029392970208,9.95958446770738,11.484829328199426,24.142668417076354,17.021835272081702,19.62861739728629,0.6231155778894473,-0.006884422110552735,-0.0018844221105527303,0.49246231155778897,-0.002537688442211028,-0.002537688442211028,0.3316582914572864,-0.013341708542713548,-0.0033417085427135396,0.402135231316726,0.10728620822613988,0.17609972835814613,0.4214285714285714,0.40201005025125625,0.10877696754448929,0.17663442420785058,0.43434343434343436,0.395017793594306,0.10016877050371986,0.16898229063572612,0.43214285714285716,20.0,-9.0,-7.0,28.0,-7.0,-6.0,37.0,-10.0,-9.0,-0.00030016826192335406,-0.0001509144887435227,-0.00013320631182998818,-0.00025954392907312496,0.0001733692814402943,2.277625207813827e-05,-0.697026252746582
188,1,test,2.5306210096190576,1.1427986404580572,1.5747809591191544,4.265903987643554,1.9264319939150107,2.654630759658003,12.561304405881478,8.555187701720579,9.960449891261662,21.174770284200207,14.421602125757548,16.79047267384109,2.555889675964662,1.0957632595384075,1.538334416659692,3.932137963022557,1.6857896300590882,2.366668333322603,12.882756038939334,8.576252132170495,10.116332736463395,19.819624675291283,13.194234049493069,15.563588825328303,2.5306210096190576,1.1427986404580572,1.5747809591191544,4.265903987643554,1.9264319939150107,2.654630759658003,12.561304405881478,8.555187701720579,9.960449891261662,21.174770284200207,14.421602125757548,16.79047267384109,0.6381909547738693,-0.0018090452261306789,-0.0018090452261306789,0.4974874371859297,-0.002512562814070307,-0.002512562814070307,0.3467336683417085,-0.003266331658291488,-0.003266331658291488,0.3979591836734694,0.10593881015903817,0.16945239634315268,0.3549488054607508,0.4170854271356784,0.10881475044394906,0.18336255568325777,0.35858585858585856,0.3979591836734694,0.10593881015903817,0.16945239634315268,0.3549488054607508,24.0,-13.0,-13.0,36.0,-17.0,-17.0,43.0,-16.0,-16.0,0.000622604162912323,0.00046141428768422177,-3.0700805427673016e-05,-0.005017264101708996,-0.004115081781565166,-0.004206761497986378,-0.6909143924713135
128,1,test,2.5866694807166786,1.181268518398285,1.633567520494287,4.414376059905709,2.0159372918773126,2.7878248104243815,13.28545038912701,9.208289187552031,10.691707508376048,22.672774616174838,15.714745020672629,18.246327184953135,2.709245387633242,1.1833685835300123,1.6510287859733048,4.1362525002034225,1.8066695931755907,2.5206546350737473,15.017938515766309,10.41876413886704,12.136710488391461,22.92815040575009,15.906510135674868,18.529328989910628,2.5866694807166786,1.181268518398285,1.633567520494287,4.414376059905709,2.0159372918773126,2.7878248104243815,13.28545038912701,9.208289187552031,10.691707508376048,22.672774616174838,15.714745020672629,18.246327184953135,0.6180904522613065,-0.0019095477386934512,-0.0019095477386934512,0.4773869346733668,-0.0026130653266331905,-0.0026130653266331905,0.3517587939698492,-0.0032412060301507672,-0.0032412060301507672,0.397887323943662,0.11669224485754603,0.1765758485338259,0.36042402826855124,0.40201005025125625,0.12130829586529135,0.18665111869866857,0.3787878787878788,0.397887323943662,0.11669224485754603,0.1765758485338259,0.36042402826855124,19.0,-10.0,-10.0,30.0,-16.0,-16.0,39.0,-20.0,-20.0,0.00017806960175305127,0.0002549463789798756,8.148978232882495e-05,-0.0002803336946550772,0.00016174870629104277,1.2262581172706177e-05,-0.9453413486480713
244,1,test,2.4737890826331244,1.1048341539313176,1.511299347959596,4.556979889061019,2.0352208098734796,2.783972483083466,11.867328055290454,7.936087933584689,9.24912104921439,21.86086747027189,14.61910935134022,17.0378545643423,2.4768916877669906,1.0747121833700692,1.4931400655813074,3.8106025965646007,1.6534033590308757,2.2971385624327803,11.904204865748966,7.840156934159621,9.229733816529192,18.314161331921486,12.06177989870711,14.199590486967988,2.4737890826331244,1.1048341539313176,1.511299347959596,4.556979889061019,2.0352208098734796,2.783972483083466,11.867328055290454,7.936087933584689,9.24912104921439,21.86086747027189,14.61910935134022,17.0378545643423,0.6582914572864322,-0.0017085427135676845,-0.0017085427135676845,0.4824120603015075,-0.0025879396984924696,-0.0025879396984924696,0.31658291457286436,-0.003417085427135591,-0.003417085427135591,0.39426523297491034,0.09551746911086745,0.15469431521567312,0.3848920863309353,0.39698492462311563,0.08871424793138627,0.15157590959807388,0.38383838383838387,0.39426523297491034,0.09551746911086745,0.15469431521567312,0.3848920863309353,20.0,-9.0,-9.0,32.0,-12.0,-12.0,39.0,-11.0,-11.0,0.000317155093726104,0.0001882305427058109,7.893772022504708e-05,-0.005912420860322953,-0.005056755002081026,-0.004779416873575748,-0.5712635517120361
172,1,test,2.0958679217970775,0.9494238540828197,1.2678895740439273,4.180027084254506,1.8935436642880816,2.5286959661099555,8.132496278826716,4.985513745786376,5.84380914821702,16.219559617548256,9.943175459473387,11.654971317952382,2.0631197864685826,0.8676147688438207,1.2466212893749233,3.6195083973133033,1.5221311734102119,2.1870548936402168,7.870485783181157,4.565259236435723,5.60792220490274,13.807869795054662,8.009226730588988,9.838460008601299,2.1157006699105967,0.9205101359398451,1.298994235537664,3.991888056435088,1.7368115772449908,2.450932519882385,8.295396064749859,4.991208794299909,6.032361966239138,15.65169068820728,9.417375083584734,11.381815030639881,0.5527638190954773,-0.0022361809045226,-0.0022361809045226,0.3919597989949749,-0.0030402010050251116,-0.0030402010050251116,0.26633165829145733,-0.0036683417085426884,-0.0036683417085426884,0.3904494382022472,0.11976220117559921,0.17637319186793632,0.3605633802816901,0.3869346733668342,0.09620785632422768,0.1715757418142465,0.33333333333333337,0.3946488294314381,0.11918973093394225,0.18775227770730019,0.36241610738255037,17.0,0.0,0.0,31.0,0.0,0.0,36.0,0.0,0.0,0.0005426389250242802,-9.649624077633719e-05,0.00019461287516535784,-0.0294090563594116,-0.0291629854242359,-0.030961548399719874,-1.366377592086792
64,1,test,2.247612338066101,0.9792434927133413,1.3490128091665414,3.6820182020580345,1.604187832284167,2.2099405818507156,9.465109353608275,5.910060357913834,7.008948434619125,15.50565652902662,9.681807420502059,11.48199592806952,2.418495250706697,1.0295025355851832,1.4494948878360154,3.5566106628039655,1.5139743170370341,2.131610129170611,11.228949841474906,7.2181418501329215,8.593641051771304,16.513161531580742,10.614914485489589,12.637707429075444,2.3100229940286847,0.9880405859803676,1.3726312093511472,3.686206905364922,1.5766605095431396,2.190368951092256,10.074656309286407,6.3238065827821055,7.5213431737786856,16.076579216946392,10.091180717205486,12.002143362412793,0.5778894472361809,-0.002110552763819218,-0.002110552763819218,0.4321608040201005,-0.002839195979899567,-0.002839195979899567,0.3015075376884422,-0.0034924623115578646,-0.0034924623115578646,0.3630769230769231,0.10153846153846158,0.1528205128205128,0.33024691358024694,0.3467336683417085,0.07788944723618085,0.12897822445561136,0.3282828282828283,0.3612040133779264,0.09197324414715713,0.14604236343366772,0.3355704697986577,21.0,-8.0,-8.0,30.0,-10.0,-10.0,39.0,-12.0,-12.0,0.0006896141148383351,2.0632305149700672e-05,0.000516790534814741,-0.03656545094584018,-0.03724932712056184,-0.04478566772433368,-0.5571746826171875
96,1,test,2.897529388108634,1.3295495904443835,1.8361943364898816,5.133877573561606,2.355712026022263,3.2533913076062326,18.129299530920164,13.332351937166578,15.239072513965397,32.12171192055653,23.622422224241447,27.000772776421908,3.041082407361898,1.3741426512823631,1.906140939075144,4.944849442864874,2.23437829476807,3.099416161097795,20.92788347504343,15.631947357950327,17.8168920291267,34.02907882120883,25.41780058203305,28.97055614492146,2.897529388108634,1.3295495904443835,1.8361943364898816,5.133877573561606,2.355712026022263,3.2533913076062326,18.129299530920164,13.332351937166578,15.239072513965397,32.12171192055653,23.622422224241447,27.000772776421908,0.6733668341708543,-0.001633165829145744,-0.001633165829145744,0.5125628140703518,-0.0024371859296482556,-0.0024371859296482556,0.42211055276381915,-0.0028894472361808976,-0.0028894472361808976,0.4106463878326996,0.11406844106463876,0.18757921419518375,0.40458015267175573,0.4170854271356784,0.11055276381909551,0.1842546063651591,0.4191919191919192,0.4106463878326996,0.11406844106463876,0.18757921419518375,0.40458015267175573,12.0,0.0,0.0,22.0,0.0,0.0,30.0,0.0,0.0,0.00014647415407308617,4.765677585527509e-05,-9.610175668000752e-05,-0.005809439963666563,-0.0054282742818401175,-0.004728196840218857,-0.8864526748657227
115,1,test,2.2679242121545893,0.9902953905711604,1.3675725791639248,4.211859251144237,1.8391200110607264,2.5397776470187177,9.659329270852039,6.07120771672896,7.198861130019693,17.938754360153787,11.275100045353785,13.369313527179429,2.2337660927269325,0.9162347332025762,1.2922420985772645,3.7860442249609028,1.5529402257670784,2.190240845046211,9.334956272472272,5.600764659568445,6.771070483074552,15.82195978385131,9.49282145689567,11.476390649278903,2.2679242121545893,0.9902953905711604,1.3675725791639248,4.211859251144237,1.8391200110607264,2.5397776470187177,9.659329270852039,6.07120771672896,7.198861130019693,17.938754360153787,11.275100045353785,13.369313527179429,0.5879396984924623,-0.002060301507537776,-0.002060301507537776,0.42211055276381915,-0.0028894472361808976,-0.0028894472361808976,0.29648241206030146,-0.0035175879396985854,-0.0035175879396985854,0.38596491228070173,0.09699818723691889,0.15142582243239366,0.41901408450704225,0.3869346733668342,0.08367652800342562,0.14987290375080742,0.43434343434343436,0.38596491228070173,0.09699818723691889,0.15142582243239366,0.41901408450704225,21.0,-10.0,-10.0,33.0,-14.0,-14.0,42.0,-19.0,-19.0,9.06875492938032e-05,-0.0002707549392016696,-5.428545971172339e-05,-0.0002872636165145437,0.00015787518124010802,8.758024202748516e-06,-0.7666239738464355
191,1,test,2.1264676190912724,0.8876210749213886,1.2491874390004276,3.747250865349864,1.5641615283675692,2.20131201140929,8.385194733959224,4.933564868799346,5.980843331422159,14.776349256793997,8.693903945628115,10.539412943786608,1.984301522748554,0.7854840013401672,1.1095769421796131,3.1004711292946157,1.2273187520940112,1.7337139721556456,7.273964911645277,3.9577716358200923,4.875750223570799,11.365570174445745,6.184018180968894,7.618359724329374,2.1264676190912724,0.8876210749213886,1.2491874390004276,3.747250865349864,1.5641615283675692,2.20131201140929,8.385194733959224,4.933564868799346,5.980843331422159,14.776349256793997,8.693903945628115,10.539412943786608,0.5326633165829145,-0.0023366834170853723,-0.0023366834170853723,0.3919597989949749,-0.0030402010050251116,-0.0030402010050251116,0.2562814070351759,-0.00371859296482413,-0.00371859296482413,0.3819444444444444,0.10638118621220871,0.16023543751603797,0.4006968641114983,0.3919597989949749,0.11125804460901001,0.17159252019697824,0.398989898989899,0.3819444444444444,0.10638118621220871,0.16023543751603797,0.4006968641114983,17.0,-7.0,-7.0,28.0,-12.0,-12.0,36.0,-11.0,-11.0,-0.0003166769926412748,-9.752966014260187e-05,-0.00013342657111277596,-0.010498047883496398,-0.008225307614096344,-0.00859286606957177,-0.5381944179534912
353,1,test,2.54475936301767,1.194208025932312,1.5653606907189515,4.311953365113275,2.0235191550519733,2.652416725940446,12.740161963039842,8.88060910421023,10.07730745082706,21.58749665959529,15.047698759911777,17.07543762501252,2.6457364067959426,1.1574610567572128,1.614119339428555,3.978550987663071,1.7405429424920489,2.427247126960233,14.09382004742216,9.664370369938197,11.288221036329896,21.193714357025804,14.532887774343154,16.974768475684055,2.533022229089386,1.174175430899081,1.6074838153228845,4.020670204903787,1.8637705252366366,2.551561611623626,12.591503096925956,8.699800302568992,10.068276662382099,19.986512852263424,13.80920682947459,15.981391527590635,0.5577889447236181,-0.00221105527638199,-0.00221105527638199,0.4723618090452262,-0.0026381909547738003,-0.0026381909547738003,0.371859296482412,-0.003140703517587995,-0.003140703517587995,0.4,0.11643835616438358,0.18005865102639296,0.3434065934065934,0.40201005025125625,0.12311557788944716,0.1959798994974874,0.31313131313131315,0.41137123745819393,0.13210702341137115,0.20512820512820507,0.3389261744966443,21.0,-8.0,-8.0,32.0,-11.0,-11.0,40.0,-11.0,-11.0,0.0008881314987960773,9.78981629734512e-05,0.00045739712712159175,-0.06023786838332512,-0.06271777493307784,-0.06316003529671121,-0.9911248683929443
186,1,test,2.4994484702023594,1.112370597133344,1.5313197107478604,4.31154861109907,1.9188392800550185,2.64152650104006,12.175776804800659,8.172641528901487,9.54276395851944,21.003214988281137,14.097806637355067,16.461267828446037,2.499851715624632,1.0560577928872046,1.4781010724469308,3.8459257163455876,1.6247042967495453,2.274001649918355,12.180687621125365,7.943948395819021,9.402633730609724,18.739519417115947,12.221459070490802,14.46559035478419,2.4994484702023594,1.112370597133344,1.5313197107478604,4.31154861109907,1.9188392800550185,2.64152650104006,12.175776804800659,8.172641528901487,9.54276395851944,21.003214988281137,14.097806637355067,16.461267828446037,0.6331658291457287,-0.0018341708542712887,-0.0018341708542712887,0.4773869346733668,-0.0026130653266331905,-0.0026130653266331905,0.3517587939698492,-0.0032412060301507672,-0.0032412060301507672,0.40727272727272723,0.11144695594786336,0.176317467296911,0.44525547445255476,0.40201005025125625,0.09624563922368734,0.1599399333898205,0.4545454545454546,0.40727272727272723,0.11144695594786336,0.176317467296911,0.44525547445255476,21.0,-11.0,-11.0,31.0,-16.0,-16.0,38.0,-13.0,-13.0,-3.927312149498906e-05,-0.0002423868047758732,-3.611115013578932e-05,-0.004893493439473318,-0.005047882736693765,-0.004770251523845026,-0.6842305660247803
390,1,test,2.183176380801575,0.9793841431590273,1.262447499579979,5.7270996838835835,2.5692063481500504,3.311762961226931,8.874450170313253,5.541718671587272,6.363330139017587,23.280235720753257,14.537522268615925,16.692845501669424,2.2556430023519236,0.968261110722719,1.3696759114513044,4.6508103141276775,1.9964146612839566,2.8240740442294934,9.541426497787189,5.918138531331568,7.116097726712924,19.67304432533441,12.202347487281584,14.672366446830772,2.099053150036662,0.9333247665976201,1.2929716696308606,4.881518953573632,2.1705227130177214,3.006910859606653,8.158441434317394,4.950182559334025,5.919324683568584,18.973119614691615,11.512052463567501,13.765871357136245,0.5376884422110553,-0.0023115577889447625,-0.0023115577889447625,0.4120603015075377,-0.0029396984924623393,-0.0029396984924623393,0.3065326633165829,-0.0034673366834171437,-0.0034673366834171437,0.3638743455497382,0.11256544502617793,0.15761823606782221,0.33333333333333337,0.371859296482412,0.10301507537688437,0.17085427135678388,0.3232323232323232,0.36789297658862874,0.11036789297658856,0.17614269788182835,0.31543624161073824,20.0,-11.0,-11.0,32.0,-18.0,-18.0,40.0,-20.0,-20.0,0.0004977914599635282,5.429368419636674e-05,0.0002466135328028504,-0.10218578465580563,-0.11089717539575705,-0.109602419628688,-0.5345656871795654
255,1,test,2.9498624863219876,1.3314040416405917,1.8349593124657788,4.833509616142051,2.1815777067845836,3.0066803192210347,19.103326578901164,14.05801987961047,16.05405366335065,31.301836322054918,23.034827754542455,26.30543732789986,2.927158123284728,1.2787378198969788,1.7775999681978478,4.6096978319444535,2.0137603462944544,2.7993700286580276,18.67448443268155,13.475723560457944,15.517686646226828,29.408636901860707,21.22161190623298,24.43730180508162,2.9498624863219876,1.3314040416405917,1.8349593124657788,4.833509616142051,2.1815777067845836,3.0066803192210347,19.103326578901164,14.05801987961047,16.05405366335065,31.301836322054918,23.034827754542455,26.30543732789986,0.6884422110552764,-0.0015577889447235815,-0.0015577889447235815,0.5628140703517588,-0.0021859296482411583,-0.0021859296482411583,0.40703517587939697,-0.00296482412060306,-0.00296482412060306,0.39852398523985244,0.08360685816802926,0.15557919996377878,0.37777777777777777,0.4120603015075377,0.08624576516668558,0.16331238831888995,0.38383838383838387,0.39852398523985244,0.08360685816802926,0.15557919996377878,0.37777777777777777,22.0,-11.0,-11.0,32.0,-12.0,-12.0,42.0,-16.0,-16.0,-0.0004197329707991272,0.0001650183405706978,0.0001435402721742482,-0.00019024471046957814,0.00021210453193631906,5.782182176528039e-05,-0.5639214515686035
314,1,test,2.852190118819359,1.3110891862629104,1.7942715791799269,5.074931383830307,2.332834552109178,3.192565982264973,17.325685628670627,12.65595713048886,14.445316257970326,30.82777167032429,22.518875445973283,25.702700652112718,2.9366532600105706,1.3506830563312635,1.8527779666848694,5.019920102582172,2.308859925352587,3.167141823392939,18.8526457099502,13.968618127820049,15.896532521834525,32.22674480333367,23.877979705675298,27.1735598663838,2.852190118819359,1.3110891862629104,1.7942715791799269,5.074931383830307,2.332834552109178,3.192565982264973,17.325685628670627,12.65595713048886,14.445316257970326,30.82777167032429,22.518875445973283,25.702700652112718,0.7437185929648241,-0.0012814070351758744,-0.0012814070351758744,0.5326633165829145,-0.0023366834170853723,-0.0023366834170853723,0.40201005025125625,-0.002989949748743781,-0.002989949748743781,0.3891050583657587,0.0648332137055645,0.134253829387751,0.421875,0.40201005025125625,0.07619551391040413,0.1432454425717905,0.4545454545454546,0.3891050583657587,0.0648332137055645,0.134253829387751,0.421875,22.0,-10.0,-10.0,36.0,-17.0,-17.0,41.0,-14.0,-14.0,0.00014558288221482775,0.00016171828043158367,-7.067714531980357e-05,-0.004768754845984269,-0.005395294564718434,-0.005477381695361494,-0.8262689113616943
304,1,test,2.7186987940161744,1.2382989616455768,1.7144193385668427,4.389565761171948,1.9993368651569208,2.768072890394381,15.160582364422888,10.765879890430657,12.430642843483742,24.478023609224454,17.38241023975783,20.070308757708126,2.6532259221053005,1.1411709126515606,1.6065267857594707,4.178308538748505,1.7971195474827728,2.529963442140899,14.199772198300073,9.663729364521513,11.351538246008163,22.361845981574916,15.218471440191358,17.876438182690016,2.725321845466078,1.2086766557549955,1.6953254126120307,4.443459530651214,1.970668460470101,2.7641175205630937,15.26132492475894,10.704412976862752,12.460269081852694,24.882594986020013,17.45284724488492,20.31565611171635,0.6180904522613065,-0.0019095477386934512,-0.0019095477386934512,0.46733668341708545,-0.002663316582914521,-0.002663316582914521,0.36180904522613067,-0.0031909547738693256,-0.0031909547738693256,0.39158576051779936,0.09223300970873782,0.1607335490830637,0.3571428571428571,0.39698492462311563,0.09296482412060303,0.16080402010050254,0.3434343434343434,0.3913043478260869,0.08862876254180596,0.16164994425863988,0.35906040268456374,24.0,-2.0,-2.0,33.0,-2.0,-2.0,42.0,-4.0,-4.0,0.0006774288648516588,0.0005978641996655443,5.709168084808971e-05,0.0004675458078473582,6.49105800478722e-05,-7.53513430460373e-05,-0.40267181396484375
57,1,test,2.638697663123665,1.2071630951320451,1.6587666547847366,4.78571253187646,2.1893889675686777,3.008446355261758,13.994965574529033,9.809848961854382,11.33069315152054,25.382173588586816,17.791775756903597,20.550077020149054,2.4714003909173323,1.053880489885494,1.4810299913514844,4.188814221893784,1.7862381184499903,2.5102203243245502,11.839014496720333,7.7121418116277365,9.146783007655037,20.066126265627684,13.071426799369046,15.503022046872946,2.638697663123665,1.2071630951320451,1.6587666547847366,4.78571253187646,2.1893889675686777,3.008446355261758,13.994965574529033,9.809848961854382,11.33069315152054,25.382173588586816,17.791775756903597,20.550077020149054,0.6180904522613065,-0.0019095477386934512,-0.0019095477386934512,0.46733668341708545,-0.002663316582914521,-0.002663316582914521,0.31658291457286436,-0.003417085427135591,-0.003417085427135591,0.3883161512027491,0.0967209539471745,0.16203043691703478,0.4172413793103448,0.38190954773869346,0.08617019936776615,0.1515255744498788,0.3939393939393939,0.3883161512027491,0.0967209539471745,0.16203043691703478,0.4172413793103448,21.0,-11.0,-11.0,32.0,-15.0,-15.0,36.0,-13.0,-13.0,-0.0005585122328633019,-0.00011918494182047556,-4.981157145711752e-05,-0.005004372189239881,-0.005109859137490069,-0.0048263244353439205,-0.720635175704956
405,1,test,2.980909592597211,1.4062680316753073,1.9180872672242544,4.343611120641651,2.0491334175840197,2.7949271608124855,19.70573268395078,14.8767222821263,16.811203910057863,28.714067625185425,21.677509611098323,24.496325697512887,3.1474384392925243,1.4339822701473333,1.9821990099384557,4.2247495829429855,1.924808416305145,2.660669811997927,23.27636433039713,17.728260766619957,20.069673763249828,31.243442054224335,23.796323176671088,26.93915941375816,3.0274573245574796,1.43306706761038,1.9488118379278192,4.38761931095287,2.0769087936382324,2.824364982504086,20.644673093543304,15.719348119881154,17.70397945020899,29.919816077598995,22.78166394185675,25.65794123218695,0.6582914572864322,-0.0017085427135676845,-0.0017085427135676845,0.5226130653266332,-0.002386934673366814,-0.002386934673366814,0.4120603015075377,-0.0029396984924623393,-0.0029396984924623393,0.3836065573770492,0.10491803278688527,0.16502732240437157,0.3782894736842105,0.40201005025125625,0.11557788944723613,0.18090452261306533,0.40909090909090906,0.3846153846153846,0.10200668896321063,0.16164994425863988,0.38590604026845643,23.0,-12.0,-12.0,34.0,-14.0,-14.0,41.0,-14.0,-14.0,0.00020741167344491443,-9.693079252483719e-05,-7.544956850562744e-05,-0.0041921875274901765,-0.003415924098373324,-0.0042495336009400475,-0.8079502582550049
474,1,test,2.478761125426782,1.152019649630717,1.5869930057924508,4.08995585695419,1.9008324218906831,2.618538459557544,11.92647984899393,8.157737031083762,9.487040788502647,19.678691750839985,13.460266101288207,15.653617301029367,2.4386650305896547,1.1000621151085475,1.53837683572242,3.997811525556811,1.8033805165713894,2.521929238889213,11.457734803113308,7.644023098949601,8.99742274481173,18.783171808382473,12.531185408114101,14.74987335215038,2.478761125426782,1.152019649630717,1.5869930057924508,4.08995585695419,1.9008324218906831,2.618538459557544,11.92647984899393,8.157737031083762,9.487040788502647,19.678691750839985,13.460266101288207,15.653617301029367,0.6030150753768844,-0.0019849246231156137,-0.0019849246231156137,0.457286432160804,-0.0027135678391959628,-0.0027135678391959628,0.3517587939698492,-0.0032412060301507672,-0.0032412060301507672,0.42585551330798477,0.14258555133079842,0.20785804816223064,0.3740458015267175,0.4321608040201005,0.1507537688442211,0.2160804020100502,0.35858585858585856,0.42585551330798477,0.14258555133079842,0.20785804816223064,0.3740458015267175,21.0,-9.0,-9.0,31.0,-13.0,-13.0,39.0,-11.0,-11.0,0.00017153992301264414,1.8986674832510254e-05,0.00019225012750708547,-0.00013480533558407615,-0.00018378111340844328,8.585827751517172e-05,-0.6837112903594971
20,1,test,2.413416170582329,1.0316727106599572,1.447623644473451,3.893466971326188,1.6643559752083288,2.335392840807998,11.172061697533643,7.19022394368378,8.545193003781787,18.023436550717257,11.599698295887645,13.78561523262034,2.3609474639796733,1.006130302395713,1.4058140356209998,3.47198156467599,1.4796033858760487,2.067373581795588,10.600990752632075,6.724938552035682,8.001973410228683,15.589692283282462,9.889615517699532,11.767607956218647,2.413416170582329,1.0316727106599572,1.447623644473451,3.893466971326188,1.6643559752083288,2.335392840807998,11.172061697533643,7.19022394368378,8.545193003781787,18.023436550717257,11.599698295887645,13.78561523262034,0.5376884422110553,-0.0023115577889447625,-0.0023115577889447625,0.44221105527638194,-0.0027889447236180143,-0.0027889447236180143,0.33668341708542715,-0.0033165829145728187,-0.0033165829145728187,0.40893470790378006,0.1121937130495777,0.1872204221894943,0.4275862068965517,0.40703517587939697,0.12883968715759242,0.1933456934086123,0.4191919191919192,0.40893470790378006,0.1121937130495777,0.1872204221894943,0.4275862068965517,21.0,-9.0,-9.0,37.0,-17.0,-17.0,44.0,-17.0,-17.0,2.7252324299370394e-05,-7.956449900667982e-05,-8.183014591443751e-05,-0.005004372189240769,-0.005109859137489181,-0.004200469803375739,-0.6843287944793701
164,1,test,2.7522508947427524,1.2633172649249615,1.7272904456945877,4.722998449002994,2.1679148126490078,2.9641157031055263,15.677881458717355,11.245515004155978,12.890896228249957,26.90401879952731,19.297859081205935,22.121414515144988,2.7595555764346864,1.219647146999664,1.678431705554827,4.561248886668904,2.015945697520106,2.7742672819088057,15.792822685826517,11.128659534448804,12.844831834774755,26.103839150126475,18.39447856933687,21.231126999627698,2.7522508947427524,1.2633172649249615,1.7272904456945877,4.722998449002994,2.1679148126490078,2.9641157031055263,15.677881458717355,11.245515004155978,12.890896228249957,26.90401879952731,19.297859081205935,22.121414515144988,0.6231155778894473,-0.0018844221105527303,-0.0018844221105527303,0.4723618090452262,-0.0026381909547738003,-0.0026381909547738003,0.40703517587939697,-0.00296482412060306,-0.00296482412060306,0.4043321299638989,0.10523303086479974,0.17984233404553152,0.39492753623188404,0.42211055276381915,0.1288774700570522,0.1933960285568075,0.40909090909090906,0.4043321299638989,0.10523303086479974,0.17984233404553152,0.39492753623188404,17.0,0.0,0.0,26.0,0.0,0.0,38.0,0.0,0.0,-1.2162221479442946e-07,2.0435263687915344e-05,8.44293365154991e-05,-0.00023182424163081805,0.0001888633816387042,3.6794479953528025e-05,-0.603926420211792
481,1,test,2.60857920242789,1.2157758993741632,1.5910617850207844,4.810796820557968,2.242159573217678,2.9342697241338085,13.579743072868379,9.55362238834333,10.813424455119755,25.044048782626607,17.618992042824132,19.942345603160554,2.703399943945995,1.2196053163141787,1.6813502589915887,4.7428069192035,2.1396584496739974,2.9497372964764716,14.930408078232647,10.520761136756002,12.15152330931832,26.193698382864294,18.4574756785193,21.31846194617249,2.766569897083933,1.2762884218766886,1.7528548449831456,4.797520052746704,2.213216916549171,3.0396326791615236,15.90398802699165,11.465643399818967,13.148167990811194,27.57916998900286,19.882618612402833,22.800291313545422,0.592964824120603,0.012964824120602958,-0.0020351758793969443,0.4522613065326633,-0.012738693467336692,-0.0027386934673366836,0.37688442211055273,-0.003115577889447274,-0.003115577889447274,0.40437158469945356,0.1369773145766705,0.18834030415204395,0.3726027397260274,0.40201005025125625,0.14637095250689536,0.18832056778047157,0.3737373737373737,0.4046822742474916,0.13923987024081375,0.1922239872619521,0.3926174496644296,22.0,-6.0,-5.0,33.0,-6.0,-7.0,41.0,-4.0,-7.0,0.0006918992375140318,0.00018137415331167606,0.00013556309818836337,-0.024405577137625478,-0.027238614801549765,-0.025766916294275077,-0.6966688632965088
287,1,test,2.7692757414446936,1.2706532833927666,1.73626895099922,4.491197196060946,2.060738978835705,2.815872080787197,15.947080017125504,11.471560411156458,13.137579289815093,25.86289259187662,18.604517846298616,21.30645872002063,2.7773483506399184,1.2296516320439403,1.6921647548647536,4.628913917733198,2.049419386739901,2.8202745914412564,16.076335574777836,11.37570474601122,13.116352365510194,26.793892624629727,18.9595079100187,21.86058727585032,2.7692757414446936,1.2706532833927666,1.73626895099922,4.491197196060946,2.060738978835705,2.815872080787197,15.947080017125504,11.471560411156458,13.137579289815093,25.86289259187662,18.604517846298616,21.30645872002063,0.6633165829145728,-0.0016834170854271857,-0.0016834170854271857,0.46733668341708545,-0.002663316582914521,-0.002663316582914521,0.371859296482412,-0.003140703517587995,-0.003140703517587995,0.39682539682539686,0.11959767405311961,0.16859320685178203,0.40239043824701193,0.38190954773869346,0.0936889963602473,0.1415088799590607,0.3939393939393939,0.39682539682539686,0.11959767405311961,0.16859320685178203,0.40239043824701193,21.0,-8.0,-8.0,31.0,-8.0,-8.0,38.0,-8.0,-8.0,-0.00029150358400387795,-0.00011321988689149705,-1.316255810636758e-05,-0.004734105236681607,-0.005367811467117178,-0.005459858910517035,-0.7933530807495117
12,1,test,2.3456295665386504,1.0308707980631375,1.4293055448794671,4.430633625684117,1.947200396341482,2.699799362550104,10.439843235015594,6.715990668755037,7.939760009167745,19.71970388836279,12.68576015209285,14.997324461761298,2.08123469292818,0.8190009282461961,1.1746677234144864,3.2775349494931967,1.2897652413325922,1.8498704305739944,8.014358079243376,4.4810528279117925,5.538549677854054,12.621036345265159,7.056776106947705,8.722125476935519,2.5000060932293384,1.0876265877864033,1.520236471956523,4.335270681900587,1.8860576666816242,2.636248217265647,12.182568191659243,8.076854834462939,9.518725713065757,21.125840794784814,14.006106649357696,16.50646077410247,0.5175879396984925,-0.002412060301507535,-0.002412060301507535,0.3919597989949749,-0.0030402010050251116,-0.0030402010050251116,0.2814070351758794,-0.003592964824120637,-0.003592964824120637,0.3982300884955752,0.12831858407079644,0.18387413962635202,0.4171597633136095,0.3869346733668342,0.11306532663316582,0.16247906197654938,0.3939393939393939,0.4046822742474916,0.12040133779264206,0.18394648829431437,0.44966442953020136,18.0,-8.0,-8.0,28.0,-12.0,-12.0,34.0,-13.0,-13.0,-0.0006784941517583098,-0.00010856724182060603,-0.00027456358382228324,-0.07946370042824391,-0.0803672516570817,-0.08376174616430987,-0.6787679195404053
297,1,test,2.769600517285539,1.2696016989697156,1.743138466932406,4.431360827656862,2.0313627183515446,2.789021547091849,15.952260084581944,11.470576310181809,13.161086769826078,25.52361613533111,18.352922096290897,21.05773883172172,2.818594415583203,1.254662649871507,1.7379603113926376,4.369913822609617,1.9452134106534995,2.69451211068626,16.753285957249872,11.97571731086859,13.806738580405655,25.974086755426157,18.567003582742,21.405796248690937,2.773694677895128,1.258164329075962,1.7364685963376472,4.449777558120527,2.0184454477154476,2.7857784967983648,16.017705079197135,11.465870532308312,13.19632520727729,25.6968530682307,18.394444704237934,21.170575198840574,0.6482412060301508,-0.0017587939698492372,-0.0017587939698492372,0.5025125628140703,-0.0024874371859296973,-0.0024874371859296973,0.37688442211055273,-0.003115577889447274,-0.003115577889447274,0.3927392739273927,0.09784635794716212,0.16551644187470338,0.3807947019867549,0.39698492462311563,0.09372677925970707,0.16993984949790697,0.38383838383838387,0.3913043478260869,0.09748130942875799,0.1699472844223049,0.3791946308724832,19.0,-5.0,-5.0,32.0,-9.0,-9.0,41.0,-10.0,-10.0,0.0005840223701578797,0.00027680711488963633,-2.0405474256935734e-05,-0.013521191004881139,-0.012556036570838813,-0.012611357646183485,-1.064101219177246
443,1,test,2.8074049077382903,1.2786913451460742,1.7489730048616938,4.990942058201405,2.2732290580374652,3.109285341976345,16.56686982997896,11.95463018337789,13.685021403920446,29.452213031073704,21.25267588156069,24.328926940303013,2.894583209675161,1.2603746571544856,1.759184006804555,4.453204937961786,1.9390379340838235,2.7064369335454685,18.075965983279897,12.950566076760204,14.963550203029628,27.809178435815223,19.92394781040031,23.020846466199426,2.8074049077382903,1.2786913451460742,1.7489730048616938,4.990942058201405,2.2732290580374652,3.109285341976345,16.56686982997896,11.95463018337789,13.685021403920446,29.452213031073704,21.25267588156069,24.328926940303013,0.6582914572864322,-0.0017085427135676845,-0.0017085427135676845,0.5175879396984925,-0.002412060301507535,-0.002412060301507535,0.38190954773869346,-0.0030904522613065533,-0.0030904522613065533,0.4006968641114983,0.1015664293288896,0.16547090814394327,0.39160839160839156,0.3919597989949749,0.0811828566390852,0.15823692754255425,0.3939393939393939,0.4006968641114983,0.1015664293288896,0.16547090814394327,0.39160839160839156,18.0,-6.0,-6.0,30.0,-7.0,-7.0,36.0,-5.0,-5.0,0.0001383728588076666,0.00010693661200987521,-9.442543618893249e-05,-0.00030112346023614123,0.00015012813114179124,1.7489102663859057e-06,-0.724299430847168
215,1,test,2.6278733724856194,1.1885342751447177,1.6346373791305606,4.54691248002446,2.0564770681780313,2.8283528336272203,13.844296911472025,9.626389641983437,11.144339516204987,23.95427689287594,16.656187341063447,19.282640083959944,2.3401714725111,0.9822850631101026,1.387059179345705,4.00029311540359,1.6791197660001758,2.3710413322148804,10.383016812061127,6.495049771264122,7.789247130174346,17.74874668728398,11.102649181648072,13.314952359272386,2.6278733724856194,1.1885342751447177,1.6346373791305606,4.54691248002446,2.0564770681780313,2.8283528336272203,13.844296911472025,9.626389641983437,11.144339516204987,23.95427689287594,16.656187341063447,19.282640083959944,0.6130653266331658,-0.001934673366834172,-0.001934673366834172,0.3919597989949749,-0.0030402010050251116,-0.0030402010050251116,0.2864321608040201,-0.003567839195979916,-0.003567839195979916,0.36641221374045807,0.08069792802617237,0.1392548533343667,0.4137931034482759,0.3517587939698492,0.06855077391972386,0.11970537159923156,0.3737373737373737,0.36641221374045807,0.08069792802617237,0.1392548533343667,0.4137931034482759,17.0,-5.0,-5.0,26.0,-11.0,-11.0,35.0,-13.0,-13.0,-0.0007860858925204828,-0.0006278470786256766,-0.00026669883741188056,-0.00012787541372372146,-0.00017828449388890277,8.936283448512938e-05,-0.9494574069976807
241,1,test,2.524938543778005,1.1177593876797989,1.5388929578218125,4.243091990727535,1.8783648881719701,2.586068639179851,12.490127643962314,8.405710009939934,9.809514412772383,20.989326928315368,14.12557185102332,16.484627770576076,2.354499967253987,0.9286168402183343,1.3466532989659994,3.6789061988343543,1.4509638128411475,2.104145779634374,10.532860769402015,6.371329388112827,7.793165583232966,16.45759495219065,9.955202168926293,12.176821223801511,2.524938543778005,1.1177593876797989,1.5388929578218125,4.243091990727535,1.8783648881719701,2.586068639179851,12.490127643962314,8.405710009939934,9.809514412772383,20.989326928315368,14.12557185102332,16.484627770576076,0.5477386934673367,-0.002261306532663321,-0.002261306532663321,0.44221105527638194,-0.0027889447236180143,-0.0027889447236180143,0.3015075376884422,-0.0034924623115578646,-0.0034924623115578646,0.40636042402826855,0.11535513302297751,0.17251788583790428,0.44680851063829785,0.38190954773869346,0.11123285600937016,0.16321171802249979,0.41414141414141414,0.40636042402826855,0.11535513302297751,0.17251788583790428,0.44680851063829785,22.0,-13.0,-13.0,32.0,-23.0,-23.0,39.0,-27.0,-27.0,-0.0003045167584987866,-0.00026652853966428714,-0.00017151902656386842,-0.01061566958932847,-0.010316742270713775,-0.009752478686019472,-0.8891613483428955
351,1,test,2.242930718744644,0.9997874136937233,1.2502776413291703,4.180485893622646,1.8634535363211646,2.3303296882989697,9.420900879147949,5.95440827786255,6.722516873461327,17.559143892120822,11.09812247094569,12.529761496545287,2.1385265367114963,0.8504855022735376,1.20958318089964,3.5347546061347046,1.4057611607827067,1.9993110428093224,8.486923241576331,4.861246223637021,5.955090723963144,14.027972300126168,8.03511772501987,9.843125163575445,2.1885655225320004,0.901519677326722,1.2683389955290527,3.9315548308958093,1.6194964263354286,2.2784532853815316,8.922404941528157,5.300334363475553,6.41254606517397,16.02827235005058,9.52155873678243,11.519543829653838,0.5125628140703518,-0.0024371859296482556,-0.0024371859296482556,0.3919597989949749,-0.0030402010050251116,-0.0030402010050251116,0.29145728643216084,-0.0035427135678391952,-0.0035427135678391952,0.3787878787878788,0.11901486491650426,0.15004887585532745,0.3645569620253165,0.38190954773869346,0.11875165300185131,0.16488116710430278,0.3434343434343434,0.3846153846153846,0.12585077693591884,0.1721570976298451,0.36241610738255037,17.0,-8.0,-8.0,26.0,-13.0,-13.0,34.0,-17.0,-17.0,2.7076790483985126e-05,-0.0003795647778567173,-3.17215121955074e-05,-0.013329582624066028,-0.017753729992388223,-0.01512440412929017,-1.0398423671722412
446,1,test,2.9122077763864866,1.2955874330795176,1.7875853624204725,5.046723703397036,2.2451941311889363,3.0978041791945685,18.397371044424336,13.361329612453066,15.318317022822612,31.88180777584899,23.15457688521696,26.545947113414183,3.296903816299822,1.3970336402354813,1.9409768803205805,5.233180660793368,2.2175137146594945,3.080915683048541,27.02882303161505,20.34379652212524,23.148466899777045,42.90289370097627,32.2917405113099,36.74359825361435,2.958532130837839,1.276295136987666,1.7866295161849275,5.071769367150581,2.187934520550284,3.062793456317018,19.269665637791707,13.89209351594281,16.041536953443238,33.03371252192864,23.81501745590196,27.49977763447412,0.6934673366834171,-0.0015326633165829717,-0.0015326633165829717,0.5577889447236181,-0.00221105527638199,-0.00221105527638199,0.4522613065326633,-0.0027386934673366836,-0.0027386934673366836,0.4078947368421053,0.12218045112781961,0.17922952896464361,0.35973597359735976,0.42211055276381915,0.10882734474376898,0.1716931904933684,0.3939393939393939,0.41137123745819393,0.12088709722447111,0.1800030505838891,0.3657718120805369,18.0,0.0,0.0,31.0,0.0,0.0,39.0,0.0,0.0,0.0013369824023284104,0.00019683869884120007,0.0003126429701196338,-0.0027328486897122417,-0.0034120505733268303,-0.00424602904397009,-0.31958723068237305
183,1,test,2.391877917572856,1.0711985013008078,1.362029481116584,4.872343906166929,2.1820710211683125,2.7745044985708196,10.934007840774742,7.188042257927567,8.133366513369058,22.27297893491151,14.642308303185782,16.56796882352956,2.6364279703878277,1.064688100780108,1.51705276837286,4.35773218245922,1.759815042611749,2.5075252369799346,13.96323732313777,9.148218908820565,10.90029743648254,23.079731112624415,15.12102298978606,18.01702055616949,2.5510557746408775,1.1420155391230604,1.5568837230753445,4.66656544141624,2.0890528154690133,2.8479580300158744,12.820632338356223,8.728606200915582,10.118146442574204,23.45237622870041,15.966962562650458,18.508804468123543,0.6331658291457287,-0.0018341708542712887,-0.0018341708542712887,0.4773869346733668,-0.0026130653266331905,-0.0026130653266331905,0.33668341708542715,-0.0033165829145728187,-0.0033165829145728187,0.38541666666666663,0.11493552232336368,0.15765518084066465,0.3577023498694517,0.3869346733668342,0.10623291898086928,0.15321180191441353,0.3787878787878788,0.38795986622073575,0.10916186955963392,0.1699398439737947,0.37583892617449666,17.0,-8.0,-8.0,25.0,-16.0,-16.0,32.0,-21.0,-21.0,0.00034251156988253037,0.0006053273914673736,-1.280142255855988e-05,-0.04347754887514288,-0.05103804030546666,-0.04685289592347974,-0.6513724327087402
344,1,test,2.4524033623895827,1.0727287654969513,1.4823553038009567,4.710408897272674,2.0604241532410956,2.84720683352013,11.616231210732803,7.642622818156385,8.978159972444676,22.311663605980687,14.679427973897933,17.24463653243947,2.5259612876566213,1.0607986895558013,1.4795856468129545,4.3551056683734855,1.8289632578548298,2.5510097358844046,12.502908380149105,8.174661432327039,9.655595669713037,21.556738586463975,14.094243848839724,16.647578740884548,2.4845961328334236,1.0889557319405194,1.506476612853966,4.601103949691525,2.0165846887787393,2.7897715052851213,11.996274375009879,7.95871497348349,9.336823881728746,22.215322916684958,14.73836106200646,17.29041459579397,0.6532663316582914,-0.0017336683417086274,-0.0017336683417086274,0.4623115577889447,-0.002688442211055242,-0.002688442211055242,0.35678391959798994,-0.0032160804020100464,-0.0032160804020100464,0.37579617834394907,0.08644800664283614,0.13533007664903385,0.3482428115015974,0.3869346733668342,0.09871412198838803,0.14152565834179243,0.3535353535353535,0.3745819397993311,0.08743669772921425,0.13097793534994284,0.3489932885906041,26.0,-12.0,-12.0,37.0,-16.0,-16.0,44.0,-15.0,-15.0,0.00019419422719188785,0.00021779311864564147,-3.02385902363873e-05,-0.010532784172108123,-0.011190584225069244,-0.010914993353056346,-0.6841249465942383
272,1,test,2.2120588585535685,1.0347556024412552,1.329815040701179,4.5699677517370425,2.137736848999516,2.747310193976062,9.134503697272574,5.8888938851526405,6.718188297411176,18.871282363596087,12.166066488007651,13.87933406498133,2.7218672749984205,1.2035585043119579,1.669917777543072,4.2864051574778275,1.8953677233259176,2.629791775658381,15.20869456236549,10.64419551331751,12.345467026879717,23.95070009821337,16.762512619397654,19.441680357290895,2.008297490037006,0.8868304601279451,1.2326444603289075,4.242882021204942,1.8735854791435456,2.6041784373145926,7.450621785405268,4.381268049661766,5.27861173415573,15.7407502508562,9.256200104919223,11.151996621455767,0.6130653266331658,-0.001934673366834172,-0.001934673366834172,0.46733668341708545,-0.002663316582914521,-0.002663316582914521,0.37688442211055273,-0.003115577889447274,-0.003115577889447274,0.3626666666666667,0.11100221926320464,0.15738807429130008,0.33689839572192515,0.3869346733668342,0.10372665331670883,0.15822014915982252,0.3939393939393939,0.34448160535117056,0.10908928481694691,0.16205668877719948,0.2953020134228188,19.0,0.0,0.0,29.0,0.0,0.0,36.0,0.0,0.0,0.0007983001421315666,0.00018896169128977797,0.0005043308123628482,-0.03583140167724608,-0.04114528362684311,-0.04381569366282356,-0.7280991077423096
361,1,test,2.9194963653197235,1.379391263951888,1.8569644283003903,5.334577128254364,2.5204583828230835,3.3930920705593524,18.531951775449684,13.866871223879556,15.6382634169726,33.862048008544186,25.337895587088823,28.574627918970876,2.5411259373228754,1.1122048819473913,1.5498245637551509,4.749768107145561,2.078887629808208,2.8968683434675717,12.693955525869459,8.519762487594537,9.999216472223205,23.727019674522353,15.924789696438388,18.690124247146176,2.8665105431374895,1.3284403251435892,1.8144530756121473,5.275786275713171,2.4449821935158083,3.3394841882432154,17.575581837752317,12.919984529115649,14.71204514269944,32.34769663389997,23.779112630274202,27.07738369821983,0.5527638190954773,-0.0022361809045226,-0.0022361809045226,0.4170854271356784,-0.0029145728643216184,-0.0029145728643216184,0.33668341708542715,-0.0033165829145728187,-0.0033165829145728187,0.382183908045977,0.11676066557825826,0.1827704183099066,0.4034582132564841,0.38190954773869346,0.11373912167353051,0.16988951434971178,0.3939393939393939,0.38795986622073575,0.12418691129586101,0.19107443796712065,0.4093959731543624,19.0,-4.0,-4.0,28.0,-7.0,-7.0,36.0,-6.0,-6.0,-0.0012694684539911578,-0.00024912838679465993,-0.0004201965921180836,-0.05493899119446155,-0.04801206127279034,-0.053695569406370325,-0.8016407489776611
302,1,test,1.9881345644593238,0.8834096484386047,1.221063128011514,3.7540658540673117,1.6680852773458361,2.305654494657036,7.301899826198499,4.283505783449463,5.148449332579238,13.78770496593952,8.08826680286634,9.721483739752564,2.060059951777434,0.9052884024163415,1.2583504017254983,3.2699364313927526,1.436965718121177,1.9973815900404734,7.846440204254606,4.673141811585298,5.617091348158241,12.454666990880327,7.417685415214758,8.91601801294959,2.0012523709332264,0.855998746868929,1.1589497988557733,3.6608275078046826,1.5658513662236504,2.120030119858122,7.398315735052236,4.255077278386755,5.076609011132149,13.533504393388238,7.783677948268456,9.286479898412468,0.5025125628140703,-0.0024874371859296973,-0.0024874371859296973,0.40703517587939697,-0.00296482412060306,-0.00296482412060306,0.29145728643216084,-0.0035427135678391952,-0.0035427135678391952,0.384375,0.13476501560062404,0.19206730769230773,0.3573667711598746,0.3919597989949749,0.13381443558645356,0.19997315458762932,0.3737373737373737,0.3846153846153846,0.14087581867214582,0.19885342688457253,0.35906040268456374,18.0,-5.0,-5.0,30.0,-11.0,-11.0,37.0,-9.0,-9.0,0.0005410495899362425,0.00021897263967676775,0.00020893718590332848,-0.0883623571275427,-0.08678990016405308,-0.09125210260082461,-0.8811261653900146
102,1,test,1.931908464628803,0.8419100475445169,1.1255999359673081,3.3014773761731653,1.4387570765549489,1.9235604539535216,6.902671182787908,3.9284018182462836,4.663045986767925,11.79611413396619,6.71332517296548,7.968773423396829,1.9930207238125441,0.8363771114695757,1.171018774436965,2.9526232945371023,1.2390772021771492,1.7348426287955034,7.337665379269198,4.1584208080747675,5.062615563110974,10.870615376695106,6.160623419370025,7.500171204608849,1.9548574522586173,0.8169367866370587,1.1158455411008459,3.1529958907397053,1.3176399784468689,1.7997508727432998,7.062912149764579,3.9426386267191966,4.748832818962896,11.39179378994287,6.359094559224511,7.659407772520799,0.5276381909547738,-0.002361809045226204,-0.002361809045226204,0.371859296482412,-0.003140703517587995,-0.003140703517587995,0.27638190954773867,-0.0036180904522613577,-0.0036180904522613577,0.3663911845730028,0.10916972652623524,0.16111259219763618,0.37569060773480667,0.371859296482412,0.10118260475308871,0.16484761033883943,0.398989898989899,0.36454849498327757,0.10244498914020583,0.1643260255728215,0.3791946308724832,17.0,-6.0,-6.0,27.0,-8.0,-8.0,36.0,-10.0,-10.0,-3.257294268795094e-06,0.00014862744390961992,1.3719360544721867e-05,-0.036942378177580615,-0.050723986946534794,-0.04928670372514965,-0.9380525350570679
417,1,test,2.816695429633816,1.2993203128079884,1.7785933611522162,4.7423953662202,2.187631138911409,2.9945704550011802,16.721501890910186,12.161262515181562,13.89764944430113,28.153549102042657,20.475595051070993,23.399103656221286,3.0682556287727163,1.3711267338401296,1.8976500886961565,4.321486801088333,1.9311644138593373,2.6727466037974033,21.50435835493112,16.046104701332922,18.280414079896186,30.287828668917072,22.600147466666087,25.747062084360827,2.993985804028336,1.3907223313534518,1.8987287095358318,4.702595503709428,2.1843806251624898,2.982296402412301,19.965101093296006,14.995878178684256,16.97514980870032,31.35879752873718,23.55373535918993,26.662538966545004,0.6331658291457287,-0.0018341708542712887,-0.0018341708542712887,0.4974874371859297,-0.002512562814070307,-0.002512562814070307,0.40703517587939697,-0.00296482412060306,-0.00296482412060306,0.3799392097264438,0.09617593203296881,0.1686146394534408,0.4085365853658537,0.40703517587939697,0.12382715582927162,0.1799901007541883,0.4696969696969697,0.3946488294314381,0.10917303644312426,0.17329176602765606,0.43624161073825507,20.0,-10.0,-10.0,31.0,-17.0,-17.0,40.0,-19.0,-19.0,-0.0005380219278451628,0.00028229608494717556,0.0002440901064446235,-0.042534974231207556,-0.04478307798613823,-0.04756474906726105,-0.35628294944763184
463,1,test,2.0600061192370878,0.858757164924479,1.2166848238453727,4.231363920595099,1.7639336360610915,2.49913639492563,7.846017821814798,4.521751634147434,5.521944715986616,16.116144715079045,9.28792227554608,11.342372930134673,1.928553239784049,0.7459477918595234,1.0606986133545502,4.017819249550103,1.5540578997073409,2.20978877782198,6.879549979049504,3.6166856181178124,4.4977544518805415,14.332395789686466,7.534761704412109,9.370321774751128,2.0560599740931025,0.8639446636566053,1.2131777309992575,4.28345827936063,1.799884715951261,2.527453606248453,7.815117305747053,4.521075541906924,5.492064365586975,16.28149438697303,9.418907378972762,11.441800761639534,0.507537688442211,-0.0024623115577889765,-0.0024623115577889765,0.3417085427135679,-0.003291457286432098,-0.003291457286432098,0.2613065326633166,-0.003693467336683409,-0.003693467336683409,0.35973597359735976,0.07308028990707971,0.13251314154467042,0.36092715231788075,0.3467336683417085,0.06603191395574359,0.12135804229830283,0.33333333333333337,0.35451505016722407,0.07237815534251624,0.12982094560660118,0.3557046979865772,16.0,0.0,0.0,27.0,-5.0,-5.0,35.0,-3.0,-3.0,-0.0003349761780049558,2.9618062219454683e-05,-3.4967201140659215e-05,-0.008851920862829488,-0.010394212771709377,-0.00967758135855945,-0.7580480575561523
205,1,test,3.2870574231147764,1.5265929570921404,2.087845092186268,5.729523702790339,2.660936334931439,3.6392299870746756,26.76399256480676,20.94885486367395,23.446489765816622,46.651125928934,36.5150178526539,40.86853424458313,3.3449812061223554,1.531130610882348,2.109738107358684,5.395130977616702,2.469565501423142,3.4028033989656192,28.36004266647313,22.22602101618781,24.92082817859341,45.742004300763114,35.848420993851306,40.19488415902163,3.2870574231147764,1.5265929570921404,2.087845092186268,5.729523702790339,2.660936334931439,3.6392299870746756,26.76399256480676,20.94885486367395,23.446489765816622,46.651125928934,36.5150178526539,40.86853424458313,0.7587939698492463,-0.001206030150753712,-0.001206030150753712,0.5829145728643217,-0.002085427135678275,-0.002085427135678275,0.4371859296482412,-0.002814070351758735,-0.002814070351758735,0.40800000000000003,0.0946267465069861,0.1606595744680851,0.38152610441767065,0.40201005025125625,0.08120804523872494,0.1482537898171995,0.3737373737373737,0.40800000000000003,0.0946267465069861,0.1606595744680851,0.38152610441767065,23.0,-5.0,-5.0,34.0,-3.0,-3.0,42.0,-6.0,-6.0,0.000136072563439407,0.00026331832487214466,0.0003124728244519276,-4.4716351397688925e-05,-0.00011232505964553496,0.0001314175181095223,-0.7768144607543945
62,1,test,3.0186931396402965,1.42533419020113,1.9420285571711378,4.684670013875743,2.2119573046045837,3.0138084684401143,20.464529918126193,15.544281850712645,17.5296557412591,31.758633693695838,24.122965702285192,27.204041221104923,2.8745531556594313,1.2787736408089008,1.7746269663498637,4.22728405244034,1.8805494717777953,2.6097455387497996,17.71750538536175,12.785333109820144,14.713561092800544,26.055154978473162,18.80196045561786,21.63758984235374,3.0214877415660233,1.4264572379666303,1.94567094529187,4.624726135050036,2.1833529152550466,2.9780677734059235,20.521800119279302,15.59332071309163,17.58941303381359,31.410918549917298,23.867327622079024,26.92257097012284,0.7386934673366834,-0.0013065326633165952,-0.0013065326633165952,0.5376884422110553,-0.0023115577889447625,-0.0023115577889447625,0.3869346733668342,-0.0030653266331658324,-0.0030653266331658324,0.39634146341463417,0.09192746037049415,0.15293375550388366,0.40061162079510704,0.3919597989949749,0.0711577939824436,0.13820353856091816,0.398989898989899,0.39799331103678925,0.09081467998503634,0.15327695953512077,0.4093959731543624,18.0,-7.0,-7.0,27.0,-8.0,-8.0,35.0,-12.0,-12.0,-0.0003362502053350748,-5.26894297042809e-05,-9.896952271587019e-05,0.00039251620327895864,-8.686395899459853e-06,-0.0001419379254530284,-1.3076255321502686
39,1,test,2.132837654961747,0.9464189129078333,1.1773791933643454,4.467733614077765,1.982498564933251,2.4662995734684707,8.438779211524638,5.163448835895997,5.838916964793376,17.67702171677266,10.816066508876874,12.230994484146123,2.075549750471834,0.8429128969047919,1.194682323172895,4.324061980149654,1.7560685352183163,2.4889215066101977,7.968926175973992,4.538663454017936,5.555934282057342,16.60192953327915,9.455548862537364,11.574863087619462,2.2990417460534087,0.9826799820148642,1.3876287459752392,4.393073400102055,1.8777324497099315,2.651519896767973,9.964629233050623,6.234802560695437,7.476793870502461,19.04069280200756,11.913635466297013,14.28686726847604,0.4120603015075377,-0.0029396984924623393,-0.0029396984924623393,0.36180904522613067,-0.0031909547738693256,-0.0031909547738693256,0.29648241206030146,-0.0035175879396985854,-0.0035175879396985854,0.35768261964735515,0.12246249386119168,0.15729161280473536,0.35858585858585856,0.36180904522613067,0.12622007279505298,0.18651689163681517,0.36363636363636365,0.37792642140468224,0.1341868554614435,0.19883854598755213,0.38926174496644295,13.0,0.0,0.0,19.0,1.0,1.0,23.0,0.0,0.0,0.0005856173817828807,0.0002920400590243891,0.00024396803129055248,-0.08658235393063496,-0.0770055357069328,-0.08322232794582085,-0.45369911193847656
290,1,test,2.936832424437646,1.3519424594745404,1.8439172190893096,4.93258042557483,2.270665788288731,3.0969659370339784,18.85602373601969,13.977269220976375,15.873066393164379,31.66978572237561,23.4756344926896,26.659735820563377,2.8072530762035046,1.2409244419079575,1.7131495414524787,4.28588255908932,1.8945411326839041,2.6154954831335546,16.564354647652905,11.775321062589068,13.577850461888636,25.28909106511894,17.97758940853293,20.729542689906314,2.946169527478043,1.354748046511115,1.8508815268832557,4.910282545796738,2.257913410851858,3.0848025448054264,19.032908884915106,14.122184414194471,16.0428651911512,31.721514808191845,23.536974023657454,26.73810865191867,0.6231155778894473,-0.0018844221105527303,-0.0018844221105527303,0.5125628140703518,-0.0024371859296482556,-0.0024371859296482556,0.4371859296482412,-0.002814070351758735,-0.002814070351758735,0.44224422442244227,0.14405641552623139,0.21611908721058715,0.4635761589403974,0.4371859296482412,0.1364340499489931,0.20513250727762355,0.46464646464646464,0.44147157190635455,0.14430963534541963,0.21455277324117106,0.46308724832214765,14.0,-1.0,-1.0,27.0,-6.0,-6.0,32.0,-1.0,-1.0,-0.0006580850709470413,-6.929986023425305e-06,-0.0003050857305942297,-0.006938003164278506,-0.008289643555699833,-0.006765951505559364,-0.6755247116088867
143,1,test,2.0778847478684925,0.9516326398842099,1.1909736881141573,3.9578757102257,1.8126335997794474,2.2685213106936333,7.9875553389083525,4.90347931032983,5.559936052096501,15.214391121730195,9.339960591104438,10.590354384945716,2.6797131120260036,1.2326280938799954,1.701239790402687,3.9699453511496348,1.8261156946370303,2.520355245041018,14.580909608168126,10.33020389994239,11.920518030461917,21.601347567656482,15.304005777692428,17.66002671179543,2.3204149809170724,1.0533574928370142,1.4581812843391284,4.193521049850131,1.9036581195849651,2.635267381335774,10.17989789302208,6.629507781284633,7.8114527155922175,18.397405830762793,11.981038158948131,14.117083220949787,0.5326633165829145,-0.0023366834170853723,-0.0023366834170853723,0.4321608040201005,-0.002839195979899567,-0.002839195979899567,0.33668341708542715,-0.0033165829145728187,-0.0033165829145728187,0.33834586466165417,0.12057364939256776,0.15848271705657113,0.29145728643216084,0.3467336683417085,0.08858830493318715,0.1514081257707569,0.3434343434343434,0.3612040133779264,0.12581169284370275,0.18767787322219787,0.31879194630872487,22.0,0.0,0.0,30.0,0.0,0.0,37.0,0.0,0.0,0.0002147293142875181,0.0011548184940758455,8.062340415479353e-05,-0.0652368057677375,-0.07569310162845078,-0.06997559436941003,-1.0048518180847168
97,1,test,2.41265698770682,1.1034682208757844,1.5266560486366925,3.971143489082654,1.8162675685222536,2.512818962041761,11.163583278351291,7.460414918001007,8.738172412948307,18.374842042006783,12.279564927144513,14.382706145536032,2.330063730628047,1.0040008308449053,1.4208076448994829,3.728101969004875,1.6064013293518484,2.2732922318391724,10.27859657358523,6.5124102666585575,7.796121475935744,16.44575451773637,10.419856426653695,12.473794361497191,2.41265698770682,1.1034682208757844,1.5266560486366925,3.971143489082654,1.8162675685222536,2.512818962041761,11.163583278351291,7.460414918001007,8.738172412948307,18.374842042006783,12.279564927144513,14.382706145536032,0.5829145728643217,-0.002085427135678275,-0.002085427135678275,0.4321608040201005,-0.002839195979899567,-0.002839195979899567,0.31658291457286436,-0.003417085427135591,-0.003417085427135591,0.38636363636363635,0.1047001202955834,0.1672200595374399,0.376425855513308,0.37688442211055273,0.08866387073210658,0.14816989790354107,0.36363636363636365,0.38636363636363635,0.1047001202955834,0.1672200595374399,0.376425855513308,18.0,-7.0,-7.0,28.0,-7.0,-7.0,37.0,-11.0,-11.0,0.00016207550015973947,-0.0001523280091504484,0.00011726881280542623,-0.01496358264851505,-0.014834426573545834,-0.015511608052849013,-0.541724681854248
345,1,test,2.5417254287688458,1.2106440139998338,1.6488053946265149,4.742487690263822,2.2588845627070064,3.076429577778741,12.701567725118935,8.91643324970585,10.259317020306447,23.69926660906338,16.636759600060916,19.142384196425446,2.746708349366883,1.2662707882815332,1.756452355493554,4.904836338155148,2.2611978362170237,3.1365220633813466,15.591226455813048,11.196358172216884,12.899302955737499,27.84147581395187,19.993496736101577,23.03446956381696,2.5803820708124934,1.1991205236713307,1.654270952663452,4.778485316319432,2.220593562354316,3.0634647271545408,13.202181364326908,9.222262046686733,10.67750945306993,24.44848400801279,17.078263049419874,19.773165653833203,0.6030150753768844,-0.0019849246231156137,-0.0019849246231156137,0.4723618090452262,-0.0026381909547738003,-0.0026381909547738003,0.37688442211055273,-0.003115577889447274,-0.003115577889447274,0.39344262295081966,0.11030023342545137,0.18188319001734088,0.375,0.4170854271356784,0.13387740708555307,0.20673484282849974,0.40909090909090906,0.39799331103678925,0.11084806896667243,0.18664737110353002,0.3825503355704698,23.0,-8.0,-8.0,31.0,-5.0,-5.0,38.0,-4.0,-4.0,0.000528405232238888,7.876321595930376e-05,0.00011904940742478508,-0.0041921875274901765,-0.004163048452481277,-0.004875388232906452,-0.7710733413696289
258,1,test,3.033436717541237,1.3973112554908669,1.903917441824404,4.833928188597971,2.2266830974596394,3.033984568584695,20.76848549961692,15.633251242404036,17.67431679910481,33.095586570357284,24.912342302411595,28.164879028250887,2.957353512246405,1.3361943943254508,1.8243918018196417,4.515043530147183,2.0399914417182456,2.7853309951444913,19.24696743051242,14.188016590543732,16.14212890171043,29.38468310001896,21.661094031364474,24.644471605664776,3.033436717541237,1.3973112554908669,1.903917441824404,4.833928188597971,2.2266830974596394,3.033984568584695,20.76848549961692,15.633251242404036,17.67431679910481,33.095586570357284,24.912342302411595,28.164879028250887,0.6683417085427136,-0.0016582914572863539,-0.0016582914572863539,0.5477386934673367,-0.002261306532663321,-0.002261306532663321,0.42211055276381915,-0.0028894472361808976,-0.0028894472361808976,0.41463414634146345,0.09617572849156486,0.1727422544495716,0.4285714285714286,0.42713567839195976,0.1088399390435888,0.186735010612327,0.4242424242424242,0.41463414634146345,0.09617572849156486,0.1727422544495716,0.4285714285714286,29.0,-13.0,-13.0,39.0,-9.0,-9.0,47.0,-11.0,-11.0,-0.00032509282262664776,-1.4546183659180476e-06,9.818355647604072e-06,-1.699666395538202e-05,-9.033858156382024e-05,-0.00010696492421935488,-0.5428767204284668
280,1,test,3.198225137820611,1.4956815695755596,2.0340607254636023,4.561403065416281,2.1331851893946503,2.90103742812022,24.48902695464773,19.001138481630278,21.285781782103737,34.92697286974348,27.099984391833345,30.35841008267254,3.128406427613455,1.4216241493517683,1.9520908344114085,4.227576253531696,1.9211137153402276,2.6379605870424445,22.837557228776024,17.32635781866818,19.595151402599228,30.861563822670302,23.413997052254295,26.479934327836794,3.198225137820611,1.4956815695755596,2.0340607254636023,4.561403065416281,2.1331851893946503,2.90103742812022,24.48902695464773,19.001138481630278,21.285781782103737,34.92697286974348,27.099984391833345,30.35841008267254,0.7487437185929648,-0.0012562814070351536,-0.0012562814070351536,0.5527638190954773,-0.0022361809045226,-0.0022361809045226,0.4321608040201005,-0.002839195979899567,-0.002839195979899567,0.4192307692307692,0.11404842758009737,0.17498524493409395,0.4555984555984556,0.4120603015075377,0.09627082782332719,0.15329569382807195,0.4494949494949495,0.4192307692307692,0.11404842758009737,0.17498524493409395,0.4555984555984556,21.0,0.0,0.0,35.0,1.0,1.0,43.0,-2.0,-2.0,-0.00016876009965019812,0.00011549258032012413,-2.5802628767030034e-05,-0.00011401557000390028,-0.0001672912548489336,9.637194842149199e-05,-0.6037380695343018
40,1,test,2.523643604258901,1.135212233284905,1.5611279383871446,4.466084439052115,2.008981649207225,2.762723381873007,12.473964151708609,8.465406972160263,9.855689251507386,22.075136559387357,14.981205065883618,17.441583402667614,2.2941193347001194,0.9585639482763535,1.3541417698247284,3.855662747395159,1.6110318458426107,2.2758685207138294,9.915699753293149,6.113592754544234,7.355775767821735,16.66504160217336,10.274945805956698,12.362648349280228,2.523643604258901,1.135212233284905,1.5611279383871446,4.466084439052115,2.008981649207225,2.762723381873007,12.473964151708609,8.465406972160263,9.855689251507386,22.075136559387357,14.981205065883618,17.441583402667614,0.5628140703517588,-0.0021859296482411583,-0.0021859296482411583,0.4170854271356784,-0.0029145728643216184,-0.0029145728643216184,0.3417085427135679,-0.003291457286432098,-0.003291457286432098,0.4054982817869416,0.12590994559483182,0.18378399607265583,0.42068965517241375,0.40201005025125625,0.11880203020113089,0.17329552604424459,0.398989898989899,0.4054982817869416,0.12590994559483182,0.18378399607265583,0.42068965517241375,22.0,-11.0,-11.0,29.0,-6.0,-6.0,40.0,-10.0,-10.0,-0.0005911524484475977,4.008406236478805e-05,-0.0001354694391267324,-0.005004372189240769,-0.005109859137490069,-0.00559653663229831,-1.141521692276001
347,1,test,3.0539744234085084,1.4259071257672598,1.943269721622767,4.762129609382759,2.22344839950149,3.0301832947338063,21.199432732277067,16.105412758236096,18.16293526644706,33.05674256558458,25.11352497894442,28.321865161239483,2.982269566861828,1.358357801875594,1.8526917908333909,4.291035348002631,1.9544716573749557,2.6657435839329366,19.732550204702097,14.659654674950655,16.63820048906218,28.392158567916688,21.09302830928152,23.939856818794507,3.0539744234085084,1.4259071257672598,1.943269721622767,4.762129609382759,2.22344839950149,3.0301832947338063,21.199432732277067,16.105412758236096,18.16293526644706,33.05674256558458,25.11352497894442,28.321865161239483,0.6381909547738693,-0.0018090452261306789,-0.0018090452261306789,0.5376884422110553,-0.0023115577889447625,-0.0023115577889447625,0.42713567839195976,-0.002864321608040288,-0.002864321608040288,0.41454545454545455,0.11871968322059068,0.19084533362647027,0.43065693430656937,0.42713567839195976,0.1339025956851928,0.2000906032667511,0.43434343434343436,0.41454545454545455,0.11871968322059068,0.19084533362647027,0.43065693430656937,28.0,-19.0,-19.0,36.0,-20.0,-20.0,46.0,-25.0,-25.0,-0.00034062178003873715,-7.149984656585095e-05,-0.00018706237955057298,-0.0002179643979092205,0.00019661043173790915,4.380359388900246e-05,-0.8270623683929443
250,1,test,2.3386866328581957,1.0669289696191204,1.4619733108842923,4.829896306989752,2.2034402633438352,3.0192927072610383,10.367611137290668,6.800494291649032,7.9646222746422275,21.411370827013336,14.044499080579522,16.448676436761122,2.4958707789080825,1.078692007657255,1.5144690048646505,4.417470405147049,1.9091893940836373,2.6804761148046916,12.13229346548908,8.006828339477998,9.46409963894734,21.473085779626693,14.171377591996457,16.750618829995293,2.3386866328581957,1.0669289696191204,1.4619733108842923,4.829896306989752,2.2034402633438352,3.0192927072610383,10.367611137290668,6.800494291649032,7.9646222746422275,21.411370827013336,14.044499080579522,16.448676436761122,0.6532663316582914,-0.0017336683417086274,-0.0017336683417086274,0.48743718592964824,-0.002562814070351749,-0.002562814070351749,0.3467336683417085,-0.003266331658291488,-0.003266331658291488,0.4084507042253521,0.11143840194064214,0.18831018900286967,0.3992932862190812,0.40201005025125625,0.08120804523872494,0.16327883155342648,0.40909090909090906,0.4084507042253521,0.11143840194064214,0.18831018900286967,0.3992932862190812,25.0,-7.0,-7.0,34.0,-4.0,-4.0,41.0,-3.0,-3.0,0.0007063580607774786,-0.0001328363960590128,0.0001328520332698381,-0.038512434062054623,-0.032778831712764855,-0.03779618763290049,-0.7774052619934082
156,1,test,3.2343541101742814,1.4929926347995786,2.046220244259726,4.81712314281276,2.2236060518291603,3.047562065918742,25.38996736010184,19.684861861920314,22.10901456700156,37.814845004407,29.317879368817493,32.92831956787467,3.2479816519435327,1.4381405228269868,1.9979905401005955,4.419022655705486,1.956653772553723,2.7183544763273404,25.738338530847393,19.62886179368901,22.248026595964095,35.01814766101686,26.705934413182327,30.2694239400872,3.2343541101742814,1.4929926347995786,2.046220244259726,4.81712314281276,2.2236060518291603,3.047562065918742,25.38996736010184,19.684861861920314,22.10901456700156,37.814845004407,29.317879368817493,32.92831956787467,0.7085427135678393,-0.0014572864321606982,-0.0014572864321606982,0.5527638190954773,-0.0022361809045226,-0.0022361809045226,0.457286432160804,-0.0027135678391959628,-0.0027135678391959628,0.41577060931899645,0.09913375779842404,0.17262400622006913,0.4316546762589928,0.42211055276381915,0.11133361040792944,0.1767015377387774,0.4444444444444444,0.41577060931899645,0.09913375779842404,0.17262400622006913,0.4316546762589928,22.0,-7.0,-7.0,34.0,-8.0,-8.0,41.0,-6.0,-6.0,0.0001996520372141324,-0.00014143184726849673,-0.00015898448249560622,-0.0002456840853515274,0.00018111633153772289,2.978536601450088e-05,-0.9113373756408691
437,1,test,1.9822983897444029,0.8545934405604247,1.2018684477089638,3.6274712030016625,1.563847860617376,2.199337499549056,7.259408776264578,4.170848818538945,5.076998402488654,13.284224223232458,7.632369606714124,9.290561702513251,1.9265554466439252,0.8042817136240965,1.14296353571995,3.2653482146507207,1.3631893451255872,1.9372263317287286,6.865819780908686,3.7939889889683758,4.676497771999805,11.636982679506248,6.430489811810807,7.926267410169161,1.9822983897444029,0.8545934405604247,1.2018684477089638,3.6274712030016625,1.563847860617376,2.199337499549056,7.259408776264578,4.170848818538945,5.076998402488654,13.284224223232458,7.632369606714124,9.290561702513251,0.507537688442211,-0.0024623115577889765,-0.0024623115577889765,0.3919597989949749,-0.0030402010050251116,-0.0030402010050251116,0.2562814070351759,-0.00371859296482413,-0.00371859296482413,0.39179104477611937,0.13156799644898187,0.17891975764740653,0.38951310861423216,0.40703517587939697,0.14953517587939702,0.19239291298422223,0.38888888888888884,0.39179104477611937,0.13156799644898187,0.17891975764740653,0.38951310861423216,18.0,-1.0,-1.0,25.0,-3.0,-3.0,34.0,-3.0,-3.0,-5.2642387945241044e-06,-2.4187456724530734e-05,-3.0384897990822715e-05,-0.02624810915905762,-0.023822079405714902,-0.024139253910509417,-0.8105671405792236
249,1,test,3.2679438856897742,1.51965189223839,2.097220605929397,5.413158583657908,2.5172147908243265,3.473923703073234,26.25729580081107,20.512513634725575,23.032971917249494,43.49368016085269,33.977783321324566,38.15277556845008,3.327872731577811,1.5432447656315176,2.131306693981241,5.119804202427401,2.3742227163561807,3.278933375355755,27.87897252064504,21.921609327369126,24.570237201412485,42.89072695483852,33.72555281133712,37.80036492524998,3.2679438856897742,1.51965189223839,2.097220605929397,5.413158583657908,2.5172147908243265,3.473923703073234,26.25729580081107,20.512513634725575,23.032971917249494,43.49368016085269,33.977783321324566,38.15277556845008,0.7537688442211055,-0.0012311557788945438,-0.0012311557788945438,0.592964824120603,-0.0020351758793969443,-0.0020351758793969443,0.457286432160804,-0.0027135678391959628,-0.0027135678391959628,0.41263940520446096,0.0985130111524164,0.17596034696406448,0.39925373134328357,0.42713567839195976,0.10301507537688437,0.18257956448911217,0.41414141414141414,0.41263940520446096,0.0985130111524164,0.17596034696406448,0.39925373134328357,25.0,0.0,0.0,38.0,0.0,0.0,46.0,0.0,0.0,4.2808956698429795e-05,0.00016641425421907457,-5.084241997923072e-06,-0.00017638486674709242,0.00021985158203818855,6.483093570341936e-05,-0.503079891204834
221,1,test,2.5378391304143695,1.1820214289087914,1.6144064535929872,4.5050398764752115,2.098262891554067,2.8658102726502728,12.652301437123526,8.772369150795514,10.134382663473733,22.459706693118687,15.57225293040624,17.990028396698936,2.420715573445037,1.121367329928144,1.5397021397074662,3.9683861859754708,1.8383070982428587,2.5241018683728953,11.253909433056094,7.587003474163828,8.840565201065377,18.449031857469006,12.437710613383324,14.492729837812092,2.5378391304143695,1.1820214289087914,1.6144064535929872,4.5050398764752115,2.098262891554067,2.8658102726502728,12.652301437123526,8.772369150795514,10.134382663473733,22.459706693118687,15.57225293040624,17.990028396698936,0.592964824120603,-0.0020351758793969443,-0.0020351758793969443,0.44723618090452266,-0.0027638190954772934,-0.0027638190954772934,0.3417085427135679,-0.003291457286432098,-0.003291457286432098,0.38795986622073575,0.08193979933110362,0.1605351170568562,0.38590604026845643,0.3869346733668342,0.085427135678392,0.1675041876046901,0.3737373737373737,0.38795986622073575,0.08193979933110362,0.1605351170568562,0.38590604026845643,15.0,0.0,0.0,26.0,0.0,0.0,33.0,0.0,0.0,-0.0005662078395338893,-2.7819787115191712e-05,-0.0002332593597094215,-0.037405521970988787,-0.042332489657219696,-0.03973623346507438,-0.6563482284545898
295,1,test,2.7492071291443647,1.2307846875784312,1.695083312543064,5.06432892210804,2.267234950802373,3.122521891526697,15.63023421278741,11.065216283627958,12.760774333755434,28.792536707766285,20.383293154051504,23.506689562181066,2.6940328206249218,1.143809482947136,1.6106500578927105,4.527786253151129,1.9223688789027493,2.7069748872146397,14.791206083487443,10.078683534575013,11.836548513057188,24.859169888214193,16.93896392365549,19.893358845474268,2.7013760601796433,1.2032259220729549,1.6625440177263568,4.971857779471736,2.2145262369440886,3.059896965140534,14.900221225342912,10.426814997414484,12.074306687403016,27.423720046643396,19.190457050456104,22.222650344913525,0.6231155778894473,-0.0018844221105527303,-0.0018844221105527303,0.49246231155778897,-0.002537688442211028,-0.002537688442211028,0.3316582914572864,-0.0033417085427135396,-0.0033417085427135396,0.3885350318471338,0.08805808431136275,0.15760282845730322,0.39616613418530355,0.3869346733668342,0.07866399667510482,0.14152565834179243,0.38888888888888884,0.3846153846153846,0.08411454989084366,0.1521348506887995,0.38926174496644295,20.0,0.0,0.0,32.0,0.0,0.0,40.0,0.0,0.0,3.400390255630316e-05,-0.00017046237085005425,-9.03532829661694e-05,0.0004478011750661537,4.5542954798527546e-05,-9.287412789138472e-05,-0.7447922229766846
9,1,test,2.4778897832836626,1.161673580184323,1.5870532056851583,4.827612853638859,2.263260595876353,3.0920174524555666,11.91609233068089,8.186808535887362,9.47892465211017,23.215835058050697,15.950161457849513,18.46756009807671,2.390970761452488,1.009003213012812,1.387678168037812,3.795191684845219,1.601592401607638,2.202663758790178,10.924093486255424,6.941363348304375,8.19684671008407,17.339830930564165,11.018037060800594,13.01086779378424,2.4932122517588944,1.1840514886440543,1.5944534989010113,4.617059725479434,2.192687941933434,2.9526916646315025,12.100082270069692,8.39701761074318,9.643530240280462,22.407559759388317,15.550032612487371,17.858389333852706,0.542713567839196,-0.0022864321608039306,-0.0022864321608039306,0.457286432160804,-0.0027135678391959628,-0.0027135678391959628,0.33668341708542715,-0.0033165829145728187,-0.0033165829145728187,0.4023668639053254,0.11580851826278482,0.18976843870847504,0.3946587537091988,0.40703517587939697,0.13886474981423402,0.2083707351448394,0.3737373737373737,0.40802675585284276,0.12755931010993793,0.20557959233782608,0.3993288590604027,15.0,-6.0,-6.0,27.0,-18.0,-18.0,34.0,-24.0,-24.0,3.288253149677217e-05,0.00016057962665279215,-3.692485302735778e-05,-0.03611078006497159,-0.03186638925522711,-0.03308263007559464,-0.810457706451416
209,1,test,2.442316748427622,1.0581176717732923,1.4813584039176422,4.148807297008461,1.7974434808969395,2.516410109219072,11.499651705446219,7.5080240690037705,8.885451127340227,19.534664756046464,12.754015245423073,15.093875312468978,2.407024482985837,1.00535809092479,1.4236685341444044,3.851239172777339,1.608572945479664,2.277869654631047,11.100881093777588,7.0389179404070745,8.427468052135458,17.76140975004414,11.26226870465132,13.483948883416733,2.442316748427622,1.0581176717732923,1.4813584039176422,4.148807297008461,1.7974434808969395,2.516410109219072,11.499651705446219,7.5080240690037705,8.885451127340227,19.534664756046464,12.754015245423073,15.093875312468978,0.5879396984924623,-0.002060301507537776,-0.002060301507537776,0.40201005025125625,-0.002989949748743781,-0.002989949748743781,0.31155778894472363,-0.003442211055276312,-0.003442211055276312,0.36363636363636365,0.06684997422237504,0.14071444927868104,0.40304182509505704,0.36180904522613067,0.058550899862722106,0.131425071937316,0.398989898989899,0.36363636363636365,0.06684997422237504,0.14071444927868104,0.40304182509505704,17.0,-3.0,-3.0,26.0,-7.0,-7.0,35.0,-5.0,-5.0,-9.479102280892671e-05,-0.0003857704730168498,-0.00023286193288534564,-0.03674473400935163,-0.040149562627156854,-0.037547670361024466,-0.6973989009857178
217,1,test,2.7088762155668005,1.2077401032599846,1.6737637976055102,4.3719204744907225,1.9492007995651655,2.70132764803421,15.012395335627339,10.525611669712763,12.196972613710411,24.228865889778298,16.98753782137186,19.684987446178194,2.7745777566229277,1.2311336056528321,1.7113393396550423,4.335277744723324,1.9236462588325502,2.6739677182110033,16.031856221187354,11.35117269920771,13.136122807597491,25.04977534560524,17.736207342512046,20.52519188687108,2.7088762155668005,1.2077401032599846,1.6737637976055102,4.3719204744907225,1.9492007995651655,2.70132764803421,15.012395335627339,10.525611669712763,12.196972613710411,24.228865889778298,16.98753782137186,19.684987446178194,0.6884422110552764,-0.0015577889447235815,-0.0015577889447235815,0.5175879396984925,-0.002412060301507535,-0.002412060301507535,0.3919597989949749,-0.0030402010050251116,-0.0030402010050251116,0.40944881889763785,0.09707160868152787,0.16992002308611953,0.4347826086956522,0.4120603015075377,0.09877709348748753,0.16331238831888995,0.4494949494949495,0.40944881889763785,0.09707160868152787,0.16992002308611953,0.4347826086956522,22.0,-10.0,-10.0,33.0,-13.0,-13.0,44.0,-16.0,-16.0,4.30796897373696e-05,-2.9223902943612137e-05,-9.216413390264408e-05,-7.243603883999583e-05,-0.00013431153772813786,0.00011739929023413254,-0.8610529899597168
213,1,test,2.084424612067995,0.9254239081039126,1.1960135556902074,4.136109570543298,1.8363123621538366,2.3732415581496777,8.039964052252406,4.8532168716224575,5.608700612281869,15.953645946616032,9.6302052059943,11.129306450548839,2.046306853318334,0.8035882822075586,1.1528283934920383,3.3823253773856763,1.328245094557948,1.905501476846344,7.7392660174511505,4.274245440595283,5.295651116252715,12.792175235456448,7.064868496851709,8.753142340913579,1.9970819750757123,0.8592543249402453,1.1630354580897182,3.7212707610106444,1.6010950154166066,2.1671468163162455,7.36752607691455,4.247542774129954,5.064908582318292,13.728309460089225,7.914675976639667,9.437717855251478,0.4824120603015075,-0.0025879396984924696,-0.0025879396984924696,0.3919597989949749,-0.0030402010050251116,-0.0030402010050251116,0.27135678391959794,-0.0036432160804020786,-0.0036432160804020786,0.3756613756613757,0.12202861476309301,0.16354016354016354,0.37135278514588854,0.371859296482412,0.12123273006637192,0.17319485574785443,0.36363636363636365,0.3745819397993311,0.12917292477428932,0.18993232912079938,0.3489932885906041,18.0,-9.0,-9.0,26.0,-17.0,-17.0,35.0,-26.0,-26.0,-0.00012678761817072102,5.6217190772104325e-05,3.582567741102747e-05,-0.12282390867027715,-0.12750297219296503,-0.13051363390311455,-0.7603640556335449
388,1,test,2.3150875429584556,1.0191776466947462,1.4155926996003962,3.666598108577446,1.6141570296300576,2.241992762069817,10.125809323248419,6.471489809702714,7.667448383167708,16.037092603847498,10.249440617529164,12.14358041226021,2.2981727464714243,1.0184202918093404,1.4013257334293756,3.3306851398136588,1.4759714374048412,2.0309068600425735,9.955973735768923,6.360224231406269,7.504113508123281,14.428947443143368,9.217716277400392,10.875526823367073,2.3150875429584556,1.0191776466947462,1.4155926996003962,3.666598108577446,1.6141570296300576,2.241992762069817,10.125809323248419,6.471489809702714,7.667448383167708,16.037092603847498,10.249440617529164,12.14358041226021,0.5979899497487438,-0.0020100502512562235,-0.0020100502512562235,0.4170854271356784,-0.0029145728643216184,-0.0029145728643216184,0.2814070351758794,-0.003592964824120637,-0.003592964824120637,0.37328767123287676,0.07927057721578279,0.14777514275907266,0.39862542955326463,0.371859296482412,0.0711074167831639,0.14481422135720334,0.41414141414141414,0.37328767123287676,0.07927057721578279,0.14777514275907266,0.39862542955326463,19.0,-8.0,-8.0,26.0,-7.0,-7.0,33.0,-11.0,-11.0,-0.0004060143171929482,-0.0003387004035534178,0.00010894965861987805,-0.000335773069539691,0.00013076050589333477,-1.577387457896151e-05,-0.9699270725250244
202,1,test,2.4600926535935126,1.1389658450907045,1.5645162060406033,4.821781601043284,2.2323730563777806,3.0664517638395816,11.705896083074053,7.958254209376627,9.257149126191834,22.943556322825145,15.59817825037819,18.144012287335993,2.8121644102748315,1.281236952967317,1.771047369016569,4.57262505735745,2.0833121186460444,2.8797518195391367,16.645907830536324,12.023445859556244,13.81352869827187,27.06651679762004,19.55031847082316,22.461022273612798,2.4600926535935126,1.1389658450907045,1.5645162060406033,4.821781601043284,2.2323730563777806,3.0664517638395816,11.705896083074053,7.958254209376627,9.257149126191834,22.943556322825145,15.59817825037819,18.144012287335993,0.6984924623115578,-0.0015075376884421399,-0.0015075376884421399,0.5477386934673367,-0.002261306532663321,-0.002261306532663321,0.3919597989949749,-0.0030402010050251116,-0.0030402010050251116,0.40614334470989766,0.1046101249483985,0.18253381009014735,0.36986301369863017,0.4170854271356784,0.09628342212314711,0.16499861578342467,0.4242424242424242,0.40614334470989766,0.1046101249483985,0.18253381009014735,0.36986301369863017,19.0,0.0,0.0,30.0,0.0,0.0,37.0,0.0,0.0,0.0010805659136884306,0.00010251308787048027,4.646640269260841e-05,-0.021783873591140868,-0.016489200720823938,-0.01924502106113568,-0.867544412612915
1,1,test,2.416891261022918,1.1019748384024808,1.5016983183243546,4.263644070727609,1.9439966380023246,2.649149853864502,11.21095315887459,7.486513465541583,8.713696125938322,19.777271213604404,13.206977600750278,15.371853678578372,2.3823028904708785,1.0098496586115517,1.4083373562861472,3.5824103616103433,1.5185709152053408,2.1178005357686422,10.829814044626398,6.884797169610231,8.181387957450234,16.285434653573528,10.353078450541698,12.302839033759748,2.451353239375213,1.0995398199408297,1.5117581823894917,4.018611867828218,1.8025242949849667,2.4782921022778552,11.604039141704723,7.739612134195326,9.045094160104417,19.023014986401186,12.687888744582503,14.828023213285931,0.5577889447236181,-0.00221105527638199,-0.00221105527638199,0.40703517587939697,-0.00296482412060306,-0.00296482412060306,0.31658291457286436,-0.003417085427135591,-0.003417085427135591,0.3556851311953353,0.0820315649653498,0.13867633354137632,0.3801169590643275,0.371859296482412,0.09115754209644711,0.15149201768441534,0.41414141414141414,0.35785953177257523,0.0840698823568824,0.14317655068247515,0.38926174496644295,21.0,-4.0,-4.0,32.0,-7.0,-7.0,39.0,-5.0,-5.0,-0.0005883712353857531,3.269156134253236e-05,-0.0003575429781305655,-0.016913443950090645,-0.018295557519859784,-0.016592351532545457,-1.3282675743103027
459,1,test,2.8606895059347153,1.314634698489923,1.8015258137059267,4.4448347699738315,2.042631332599934,2.799144947102219,17.473570914752006,12.780651771477071,14.589612810874938,27.149795668620055,19.85810947288642,22.66880700184332,2.855480945889075,1.247160590772501,1.7422340707534272,4.021804149139543,1.7565642123556358,2.453850803878067,17.382795381559855,12.388380046974397,14.33856879257225,24.482810396563178,17.44842260137239,20.195167313482045,2.8606895059347153,1.314634698489923,1.8015258137059267,4.4448347699738315,2.042631332599934,2.799144947102219,17.473570914752006,12.780651771477071,14.589612810874938,27.149795668620055,19.85810947288642,22.66880700184332,0.6482412060301508,-0.0017587939698492372,-0.0017587939698492372,0.5175879396984925,-0.002412060301507535,-0.002412060301507535,0.4120603015075377,-0.0029396984924623393,-0.0029396984924623393,0.42013888888888884,0.11684599460812628,0.1891920066717988,0.4285714285714286,0.42713567839195976,0.12638379869271166,0.1917433578577361,0.43434343434343436,0.42013888888888884,0.11684599460812628,0.1891920066717988,0.4285714285714286,23.0,-13.0,-13.0,33.0,-13.0,-13.0,43.0,-16.0,-16.0,-3.867223738174965e-05,7.45750415084492e-05,-8.74051069351649e-05,-0.0003080533820964959,0.0001462546060908565,-1.7556467044599344e-06,-0.8924388885498047
195,1,test,2.763033633920508,1.2742745117994045,1.746630215127176,5.249763904448966,2.421121572418869,3.318597408741635,15.847846663802247,11.41625362381637,13.084608005305366,30.110908661224272,21.690881885251102,24.8607552100802,2.8212482845363906,1.261524127817288,1.7521962995838238,4.949558393923493,2.213200224240856,3.0740285957610944,16.797806031807877,12.04029729450393,13.88518904580653,29.469835143522594,21.123328586849002,24.359980782116725,2.763033633920508,1.2742745117994045,1.746630215127176,5.249763904448966,2.421121572418869,3.318597408741635,15.847846663802247,11.41625362381637,13.084608005305366,30.110908661224272,21.690881885251102,24.8607552100802,0.6130653266331658,-0.001934673366834172,-0.001934673366834172,0.4824120603015075,-0.0025879396984924696,-0.0025879396984924696,0.3919597989949749,-0.0030402010050251116,-0.0030402010050251116,0.4154929577464789,0.12902547092749816,0.19652340271135005,0.40636042402826855,0.40703517587939697,0.12633342149343207,0.1866678970814003,0.3939393939393939,0.4154929577464789,0.12902547092749816,0.19652340271135005,0.40636042402826855,20.0,-8.0,-8.0,36.0,-21.0,-21.0,42.0,-13.0,-13.0,0.0004067302954200274,0.00011484281706556197,9.769600784105201e-05,-0.0002803336946550772,0.00016174870629104277,1.2262581172706177e-05,-0.6322903633117676
340,1,test,2.3889557860187582,1.0673538682025832,1.4787244733657923,4.149238996769422,1.8538251395097496,2.568310927424797,10.90210386795524,7.152681031657998,8.417206612866766,18.935233033816996,12.423077581300735,14.619358853926485,2.414467420410271,1.0542717713806498,1.4788571937599373,3.863147872656434,1.6868348342090398,2.3661715100158998,11.18381250090377,7.2868568380946765,8.635044191270978,17.89410000144603,11.658970940951482,13.816070706033564,2.3889557860187582,1.0673538682025832,1.4787244733657923,4.149238996769422,1.8538251395097496,2.568310927424797,10.90210386795524,7.152681031657998,8.417206612866766,18.935233033816996,12.423077581300735,14.619358853926485,0.5979899497487438,-0.0020100502512562235,-0.0020100502512562235,0.44221105527638194,-0.0027889447236180143,-0.0027889447236180143,0.33668341708542715,-0.0033165829145728187,-0.0033165829145728187,0.4054054054054054,0.10979729729729726,0.17680180180180172,0.41355932203389834,0.3919597989949749,0.10301507537688448,0.1675041876046901,0.40909090909090906,0.4054054054054054,0.10979729729729726,0.17680180180180172,0.41355932203389834,22.0,-13.0,-13.0,35.0,-21.0,-21.0,43.0,-23.0,-23.0,-0.0001670052829920757,-0.00023175900604491178,0.00013877445254498508,-0.005023226092316868,-0.004117470936293444,-0.0048341414638999325,-0.7142510414123535
320,1,test,2.4096297839792764,1.0716985728808957,1.4790085317038515,4.1555292082995905,1.8481987364652572,2.5506254918006546,11.129839937190948,7.318689059737836,8.59375570077564,19.193975460544866,12.621451791643693,14.820369112714875,2.127314330944464,0.8638039722822293,1.227741373407254,3.4311521466846195,1.3932322133584347,1.9802280216246033,8.392297584341243,4.854478856469896,5.933744603913203,13.535963845711683,7.82980460720951,9.57055581276323,2.4096297839792764,1.0716985728808957,1.4790085317038515,4.1555292082995905,1.8481987364652572,2.5506254918006546,11.129839937190948,7.318689059737836,8.59375570077564,19.193975460544866,12.621451791643693,14.820369112714875,0.5628140703517588,-0.0021859296482411583,-0.0021859296482411583,0.40201005025125625,-0.002989949748743781,-0.002989949748743781,0.2864321608040201,-0.003567839195979916,-0.003567839195979916,0.3902439024390244,0.10154825026511138,0.1677641805386768,0.4125874125874126,0.3919597989949749,0.10624551328068921,0.16491472386976624,0.38888888888888884,0.3902439024390244,0.10154825026511138,0.1677641805386768,0.4125874125874126,19.0,-6.0,-6.0,30.0,-10.0,-10.0,37.0,-9.0,-9.0,-0.0009340188693994151,-0.00020596367708426898,6.714478188100515e-05,-0.009652181543362559,-0.00933781817001833,-0.009770718890190544,-0.8390352725982666
116,1,test,2.069463611841202,0.9100350712797609,1.267908098034214,3.8451144886679125,1.6908676324395557,2.355804552520361,7.9205734763990705,4.732462596999399,5.691567994382471,14.71662108886494,8.793032356153205,10.575073866105702,1.9495740038665694,0.8165538415829421,1.1498198149341283,3.544680007030126,1.4846433483326216,2.0905814816984147,7.025694024523796,3.9206740068404047,4.800700091391346,12.77398913549781,7.128498194255282,8.72854562071154,2.073664237424283,0.9200411116363154,1.2721166939335942,3.8401189581931163,1.7037798363635472,2.355771655432582,7.95391481819701,4.7842586244125735,5.724927101988335,14.729471885550018,8.859738193356616,10.601716855533954,0.5376884422110553,-0.0023115577889447625,-0.0023115577889447625,0.3869346733668342,-0.0030653266331658324,-0.0030653266331658324,0.26633165829145733,-0.0036683417085426884,-0.0036683417085426884,0.3966666666666666,0.11380476982806431,0.17937176644493713,0.4147157190635451,0.39698492462311563,0.10625810758050913,0.17828709490692196,0.4040404040404041,0.39799331103678925,0.11084806896667243,0.18331032994668917,0.4161073825503355,19.0,-5.0,-5.0,30.0,-4.0,-4.0,37.0,-4.0,-4.0,-0.0003760586035609942,1.4970363268257847e-05,-7.273761344043328e-05,-0.02654823674959328,-0.02775426252869373,-0.026643011431060515,-0.9648699760437012
269,1,test,2.7520806772725566,1.248439305112835,1.731063987206862,4.816141185226974,2.1847687839474617,3.029361977612009,15.675213036509904,11.177174719582258,12.89919735922456,27.431622813892332,19.56005575926895,22.57359537864298,2.753597355967191,1.222954649318443,1.7001062511438698,4.514094026175723,2.0048436874072837,2.7870594281047048,15.699005336232462,11.077859426960131,12.831360424026396,25.736074321692563,18.16042529009858,21.035017088567866,2.7520806772725566,1.248439305112835,1.731063987206862,4.816141185226974,2.1847687839474617,3.029361977612009,15.675213036509904,11.177174719582258,12.89919735922456,27.431622813892332,19.56005575926895,22.57359537864298,0.6331658291457287,-0.0018341708542712887,-0.0018341708542712887,0.4824120603015075,-0.0025879396984924696,-0.0025879396984924696,0.40703517587939697,-0.00296482412060306,-0.00296482412060306,0.41608391608391604,0.11765459671218825,0.18933973003740445,0.42105263157894735,0.42211055276381915,0.12386493872873139,0.1933960285568075,0.4292929292929293,0.41608391608391604,0.11765459671218825,0.18933973003740445,0.42105263157894735,21.0,-11.0,-11.0,32.0,-11.0,-11.0,41.0,-14.0,-14.0,0.00021256363056864082,-0.00011233590510475864,-7.373302847045336e-05,-0.009645251621501316,-0.009333944644970948,-0.008371147504298904,-0.8064312934875488
79,1,test,2.4544508622304813,1.0822419161616676,1.4938400530114637,4.165553749042588,1.8367191377143728,2.5352599756823126,11.640039808020555,7.695986526869353,9.026747599018806,19.7548104170406,13.061188562743986,15.319680210906203,2.489958079616029,1.0723098965415176,1.482462917531007,3.8014627169710367,1.6371143458649127,2.263302164169476,12.060770517716172,7.9333683950077365,9.3220381821654,18.413390103383467,12.112012816805702,14.232119362084578,2.4544508622304813,1.0822419161616676,1.4938400530114637,4.165553749042588,1.8367191377143728,2.5352599756823126,11.640039808020555,7.695986526869353,9.026747599018806,19.7548104170406,13.061188562743986,15.319680210906203,0.5226130653266332,-0.002386934673366814,-0.002386934673366814,0.39698492462311563,-0.0030150753768843908,-0.0030150753768843908,0.31155778894472363,-0.003442211055276312,-0.003442211055276312,0.3682432432432432,0.10180142199535114,0.15138931065897354,0.36949152542372876,0.37688442211055273,0.1337766526869938,0.17655053229419215,0.38383838383838387,0.3682432432432432,0.10180142199535114,0.15138931065897354,0.36949152542372876,21.0,-7.0,-7.0,32.0,-12.0,-12.0,37.0,-10.0,-10.0,0.00010239061191833897,-8.58645740899728e-05,6.16722639327581e-05,-0.006038127385063596,-0.005129226762739414,-0.005614059417140993,-0.7764847278594971
432,1,test,1.9639644557340985,0.8620614998602454,1.1787079840489145,3.605797175342498,1.5827266690555826,2.1640829125130865,7.127527896586452,4.117639634402087,4.934558593438602,13.085990370981476,7.559899222949864,9.059745142450767,2.1200040267340503,0.8636628209646025,1.2513431059056193,3.286827948424884,1.3390121255265155,1.9400668308614253,8.331171035030234,4.818624771203149,5.947454305044862,12.916544240356952,7.470736079384728,9.220859387666453,1.880478766849607,0.8140580223555547,1.1352616931283752,3.3579977979457265,1.4536750399206333,2.027253023443527,6.556643214277428,3.6516799501226838,4.449744476583447,11.708291454066835,6.520857053790507,7.945972279613299,0.507537688442211,-0.0024623115577889765,-0.0024623115577889765,0.33668341708542715,-0.0033165829145728187,-0.0033165829145728187,0.26633165829145733,-0.0036683417085426884,-0.0036683417085426884,0.32369942196531787,0.08815028901734101,0.131128551975093,0.32463768115942027,0.3316582914572864,0.07537688442211055,0.12562814070351758,0.33838383838383834,0.3076923076923077,0.07859531772575257,0.12151616499442586,0.30536912751677847,19.0,-10.0,-10.0,29.0,-19.0,-19.0,36.0,-22.0,-22.0,0.00013596458981224093,-0.0001397414658332948,9.758280051873457e-05,-0.09401499820441472,-0.08990237136680257,-0.09902941023887557,-0.7522714138031006
240,1,test,3.288573508153909,1.5135202533777223,2.090948453098549,5.6271146695078,2.5898013224463248,3.5778451308575163,26.804599827775625,20.904004464938296,23.492358644015276,45.86564859419385,35.7690743066722,40.19803590198169,3.385500312450543,1.548395060005799,2.1449873479194332,5.05298554097096,2.31103740299373,3.2014736536110946,29.532764630400603,23.254426902427973,26.075378103777233,44.07875317970239,34.708099854370104,38.91847478175706,3.2790511882424753,1.5029655663292012,2.0803410897271353,5.557713878377077,2.5473992649647483,3.526001846995145,26.55056925282523,20.643879163789848,23.23473219294242,45.000964835297005,34.989625701338724,39.38090202193631,0.7185929648241206,-0.0014070351758793676,-0.0014070351758793676,0.5979899497487438,-0.0020100502512562235,-0.0020100502512562235,0.48743718592964824,-0.002562814070351749,-0.002562814070351749,0.46254071661237783,0.1443588984305596,0.2203785544502157,0.4411764705882353,0.457286432160804,0.12228643216080404,0.20770240553850783,0.43434343434343436,0.46153846153846156,0.1382051282051282,0.22180483223768466,0.4395973154362416,19.0,0.0,0.0,33.0,0.0,0.0,38.0,0.0,0.0,0.0004880370774374179,-0.00013779131425494722,0.00022824097929526621,-0.013880882240890458,-0.011791399320395968,-0.013881610460425797,-0.30474376678466797
160,1,test,2.387755588481301,1.04159923205893,1.444525388222336,3.772917670196972,1.6458418804909059,2.2825097294562875,10.889027038698687,7.04639961931776,8.320762997665856,17.205865928551514,11.134090006214802,13.147724957637756,2.3764424324035645,0.9488342946633361,1.3601408380896898,3.469259025406663,1.385159554253045,1.9856070629046563,10.766531985586024,6.5978157228996706,8.003574678102709,15.717564942461347,9.631847770656453,11.684050624967456,2.387755588481301,1.04159923205893,1.444525388222336,3.772917670196972,1.6458418804909059,2.2825097294562875,10.889027038698687,7.04639961931776,8.320762997665856,17.205865928551514,11.134090006214802,13.147724957637756,0.6231155778894473,-0.0018844221105527303,-0.0018844221105527303,0.4723618090452262,-0.0026381909547738003,-0.0026381909547738003,0.321608040201005,-0.0033919597989949812,-0.0033919597989949812,0.4140350877192982,0.10755522782437699,0.1783291367274662,0.4014084507042254,0.42713567839195976,0.1238775330285512,0.17337941795790301,0.4040404040404041,0.4140350877192982,0.10755522782437699,0.1783291367274662,0.4014084507042254,19.0,-10.0,-10.0,29.0,-15.0,-15.0,39.0,-22.0,-22.0,-0.00032702250727468753,-9.222277662823374e-05,1.4525857048716592e-05,-0.0002872636165145437,0.00015787518124010802,8.758024202748516e-06,-1.0455560684204102
181,1,test,3.3282320562877583,1.5564440730973557,2.1265899203831062,5.325171290060413,2.490310516955769,3.40254387261297,27.888991924361516,22.00763218604174,24.56341843943634,44.62238707897843,35.212211497666786,39.30146950309815,3.310054315394493,1.5158842294468777,2.085697870067664,4.6620483315415395,2.1350482104885606,2.937602633898118,27.386612946192468,21.372131798639487,23.98463692560451,38.57269429041193,30.10159408259083,33.78117876845706,3.3282320562877583,1.5564440730973557,2.1265899203831062,5.325171290060413,2.490310516955769,3.40254387261297,27.888991924361516,22.00763218604174,24.56341843943634,44.62238707897843,35.212211497666786,39.30146950309815,0.7688442211055276,-0.0011557788944723812,-0.0011557788944723812,0.5879396984924623,-0.002060301507537776,-0.002060301507537776,0.4623115577889447,-0.002688442211055242,-0.002688442211055242,0.4296577946768061,0.11276974913600912,0.18187018405733701,0.4312977099236641,0.4371859296482412,0.1113713933073891,0.18176022013238147,0.43939393939393945,0.4296577946768061,0.11276974913600912,0.18187018405733701,0.4312977099236641,20.0,-4.0,-4.0,34.0,-9.0,-9.0,42.0,-7.0,-7.0,4.139532975660243e-05,-0.000189942041950176,1.997683720467758e-05,-0.00013480533558407615,-0.00018378111340844328,8.585827751517172e-05,-0.894507646560669
101,1,test,2.4779689498976167,1.1243168599383588,1.516036253925245,4.413496935638541,2.0025146062583703,2.7002038751504363,11.917035724704435,8.045496772903249,9.300286755129315,21.225367111662628,14.329790272136135,16.56468984246913,2.5233730011848947,1.1209144798271409,1.569241144400297,4.103045530381943,1.8226251704506358,2.5516116169110523,12.470589115332317,8.405407087231698,9.87417357165828,20.2773806753371,13.667328597124712,16.055566783184197,2.6449832250441996,1.2108420128498874,1.6724303837324999,4.56031590524862,2.0876586428446333,2.8835006616077585,14.083208835937148,9.887168882860482,11.438521519929607,24.281394544719223,17.04684290148359,19.721588827464842,0.592964824120603,-0.0020351758793969443,-0.0020351758793969443,0.4522613065326633,-0.0027386934673366836,-0.0027386934673366836,0.3316582914572864,-0.0033417085427135396,-0.0033417085427135396,0.3669467787114846,0.08722649899120494,0.14700542973787756,0.3370786516853933,0.38190954773869346,0.0936889963602473,0.16488116710430278,0.33838383838383834,0.37792642140468224,0.09912842474358041,0.16101874621002155,0.3557046979865772,21.0,0.0,0.0,28.0,0.0,0.0,35.0,0.0,0.0,0.00044280070414527543,0.00011803875497884012,-0.00012810671560704943,-0.004257877923162567,-0.0069134692148269394,-0.0053026352610681116,-1.1491312980651855
471,1,test,2.3011600375175476,1.0054246656741441,1.4035243558218755,3.9131401653217184,1.709732299496641,2.3867038538087733,9.985759594328995,6.332077793128197,7.531964898651863,16.98086022385895,10.767746501004801,12.80816366014403,2.1883108663798576,0.9065339398085923,1.2873493671975274,3.126158380542654,1.2950484854408464,1.8390705245678967,8.920133085501222,5.317096713734111,6.45816393067179,12.743047265001746,7.595852448191587,9.225948472388271,2.434519634198983,1.0997809215220065,1.5178692093891613,3.9478696770794315,1.7834285213870373,2.46140952873918,11.410336261363076,7.611333076008558,8.909436867280757,18.503247991399583,12.342702285419282,14.447735460455283,0.5025125628140703,-0.0024874371859296973,-0.0024874371859296973,0.39698492462311563,-0.0030150753768843908,-0.0030150753768843908,0.29145728643216084,-0.0035427135678391952,-0.0035427135678391952,0.3892215568862275,0.10969988274571929,0.18404227401770157,0.4204204204204204,0.3919597989949749,0.12629563859397241,0.18828701101500833,0.4292929292929293,0.4013377926421404,0.1125231014902206,0.1922165468134419,0.4563758389261745,16.0,-6.0,-6.0,27.0,-13.0,-13.0,31.0,-10.0,-10.0,-0.0014993699864304937,0.000231324222998829,-0.00032993335184187353,-0.0509831567549881,-0.05553458116738952,-0.0524275128034839,-0.9489829540252686
214,1,test,2.7515889317352578,1.2440511206186031,1.7142913960783603,4.7527445184518085,2.148815571977587,2.96104877504444,15.667506715382794,11.151907877195047,12.845925237102374,27.062057053843006,19.2623863333369,22.18841631863137,2.6466062338507954,1.1354943944774865,1.5925322356033527,4.071701898231993,1.7469144530422867,2.450049593235927,14.106084566637671,9.574317975814278,11.236767635812576,21.701668564057954,14.729719962791195,17.28733482432704,2.826552535379212,1.2666770942642418,1.7426604192197792,4.684893705048418,2.0994647971230527,2.888387435170905,16.88714253075221,12.128914002167885,13.930979612017577,27.989739001246758,20.103172379283787,23.090021456382722,0.5979899497487438,-0.0020100502512562235,-0.0020100502512562235,0.457286432160804,-0.0027135678391959628,-0.0027135678391959628,0.35678391959798994,-0.0032160804020100464,-0.0032160804020100464,0.4192546583850931,0.12313062737734115,0.19198193111236583,0.4299065420560748,0.3869346733668342,0.08367652800342562,0.15822014915982252,0.4040404040404041,0.4247491638795987,0.1275872273186638,0.19449332405757425,0.43624161073825507,22.0,-11.0,-11.0,34.0,-13.0,-13.0,41.0,-11.0,-11.0,-0.00023179319387748521,3.101981101148481e-05,-3.29325755425055e-05,-0.016969548491978514,-0.016749835035432703,-0.019937086697606965,-0.33676624298095703
473,1,test,2.708754158670992,1.2593148590973047,1.7075940267196608,4.474009677804896,2.079991958284312,2.8204081115482036,15.010563081075945,10.749838226028874,12.28912585703127,24.792727785597346,17.75535077782297,20.297769673972994,2.3773705042786335,1.0721184237054584,1.4563815779722415,3.629573288975013,1.636822020924364,2.223483325148461,10.776528739249304,7.087909933587617,8.264755618619512,16.452715632441684,10.821236539828421,12.617947509342766,2.708754158670992,1.2593148590973047,1.7075940267196608,4.474009677804896,2.079991958284312,2.8204081115482036,15.010563081075945,10.749838226028874,12.28912585703127,24.792727785597346,17.75535077782297,20.297769673972994,0.5829145728643217,-0.002085427135678275,-0.002085427135678275,0.4120603015075377,-0.0029396984924623393,-0.0029396984924623393,0.3065326633165829,-0.0034673366834171437,-0.0034673366834171437,0.3890784982935154,0.09776674360867721,0.15411822587580826,0.42808219178082196,0.36180904522613067,0.08611982216848657,0.133094521019119,0.38383838383838387,0.3890784982935154,0.09776674360867721,0.15411822587580826,0.42808219178082196,23.0,0.0,0.0,27.0,0.0,0.0,37.0,1.0,1.0,-0.0009961425172816017,-0.00014935815304787796,-0.00015170084649979298,-0.0003427029913991575,0.00012688698084151184,-1.9278431547142816e-05,-0.33197474479675293
121,1,test,2.1931142529601573,1.0002337076164858,1.3755292626273423,3.886685814968279,1.772636404053661,2.4377435265451233,8.963083003007078,5.666519558707668,6.698059828772469,15.884574877551435,10.042331884598589,11.870450474324544,2.2237414792554464,0.9927402028352739,1.3749928996092546,3.3439721492563104,1.4928424102786073,2.0676584956530144,9.241844428943113,5.817187580633738,6.9051236274669385,13.897510419463327,8.747650497193591,10.383644552581861,2.1780015337826018,0.9615929582660905,1.3442097580314347,3.7988398845045377,1.677197020231553,2.3445519035432003,8.828644868238289,5.453600145168911,6.526613870560293,15.398799188787713,9.512093276457403,11.383628844000512,0.6080402010050252,-0.001959798994974782,-0.001959798994974782,0.44221105527638194,-0.0027889447236180143,-0.0027889447236180143,0.29648241206030146,-0.0035175879396985854,-0.0035175879396985854,0.3836477987421384,0.10264308916600029,0.1660745769848162,0.3817034700315457,0.3869346733668342,0.09119532499590688,0.15321180191441353,0.398989898989899,0.3846153846153846,0.10414793887247975,0.16659536236844352,0.3791946308724832,19.0,-4.0,-4.0,31.0,-5.0,-5.0,36.0,-2.0,-2.0,0.00037920133311594066,0.00018509984912026207,8.736203795169483e-05,-0.044359507845635804,-0.040157484831408574,-0.0403515114821289,-0.5813629627227783
281,1,test,2.257952647480538,1.0177531690239867,1.33268314967626,4.720014008857622,2.1275066245134187,2.7858348326565885,9.56348927580397,6.1071864218440455,7.040941285898281,19.991474757330334,12.766434893120321,14.718351840578327,2.3885199460551965,1.0063860113243226,1.4151395318614175,4.729742467436033,1.992843586780837,2.8022564987354803,10.897353330714873,6.913960465934527,8.250476437310553,21.578917486564105,13.691010823632727,16.337577103585254,2.390948475005236,1.048535539332737,1.4629665338701392,4.912907825353225,2.1545250808206924,3.006095617541382,10.923850029735068,7.09558029138292,8.394450483328894,22.446267184387125,14.579959502841616,17.248870856155264,0.5678391959798995,-0.0021608040201005485,-0.0021608040201005485,0.4321608040201005,-0.002839195979899567,-0.002839195979899567,0.29648241206030146,-0.0035175879396985854,-0.0035175879396985854,0.37940379403794033,0.1141805193424058,0.16532754770362945,0.3532608695652174,0.37688442211055273,0.10370146471706898,0.16152549055796506,0.3484848484848485,0.38795986622073575,0.1208480131322549,0.18551270270571907,0.3657718120805369,18.0,-5.0,-5.0,28.0,-6.0,-6.0,36.0,-7.0,-7.0,0.0001823727674264562,9.299755496811763e-05,8.591711295950195e-05,-0.039164532941668107,-0.04642921575932846,-0.042072540953093096,-1.0524189472198486
409,1,test,1.603049798520701,0.6887518369673948,0.8153899230620648,4.097736763082502,1.7605964116562993,2.0843103358746276,4.968161233539466,2.473138198720322,2.7699150009374,12.699678419461831,6.321868058267333,7.080492783461283,1.404975043469338,0.4985229864124807,0.7439992047269465,3.30582363169256,1.1729952621470137,1.7505863640634036,4.07542503152861,1.5999011150196063,2.138743730294577,9.589235368302612,3.764473211810838,5.032338188928417,1.4728952610373098,0.6128780523345346,0.8656076154321398,3.7131813303461594,1.545070720171096,2.1822040725179996,4.3618455585249905,1.998644197539293,2.5263992981489407,10.996249307205858,5.038598817325949,6.3690738608796815,0.36180904522613067,-0.0031909547738693256,-0.0031909547738693256,0.23115577889447236,-0.003844221105527623,-0.003844221105527623,0.20100502512562812,-0.003994974874371837,-0.003994974874371837,0.32482598607888635,0.08844128155976705,0.10683967131837802,0.3162790697674419,0.31155778894472363,0.09100641049860836,0.12624894086459004,0.25757575757575757,0.31438127090301005,0.08733619577780138,0.12639461906763738,0.28859060402684567,20.0,-4.0,-4.0,29.0,-5.0,-5.0,31.0,-1.0,-1.0,-0.00025322705498089366,-0.00012048339998312536,-0.00020622583065434128,-0.12031057060915806,-0.12347517763092508,-0.12175424128286405,-0.4348330497741699
155,1,test,2.5604345610267236,1.1824225214871358,1.6074639386880996,4.550409608456819,2.1014037558035623,2.856788243367969,12.941439939195298,8.974432409792819,10.348037692775744,22.999553881575064,15.949379878543713,18.390554034311297,2.390512060879463,1.0424632056906677,1.4471384080296128,3.5947549787661095,1.567613843143861,2.1761479819994176,10.919083747386386,7.069177274727302,8.350451255795829,16.419674808099828,10.630341766507222,12.557069557587711,2.390923473747279,1.0129495215892126,1.4356380379582578,4.146110070081987,1.756559864027536,2.489545730563453,10.923576923156611,6.956720483806071,8.324164480777265,18.94261894189008,12.063677139548101,14.43496730770624,0.5527638190954773,-0.0022361809045226,-0.0022361809045226,0.4170854271356784,-0.0029145728643216184,-0.0029145728643216184,0.33668341708542715,-0.0033165829145728187,-0.0033165829145728187,0.3771929824561403,0.11441925982840306,0.16702680454802687,0.3870967741935484,0.38190954773869346,0.12125791866601177,0.16822006526790878,0.36868686868686873,0.37792642140468224,0.1308479572978375,0.17659160494194592,0.3691275167785235,20.0,-5.0,-5.0,33.0,-13.0,-13.0,39.0,-8.0,-8.0,0.0002373579740534225,-0.00022041973098548473,-0.0001202733952391583,-0.008035669058037875,-0.006897781266267167,-0.007340128758979603,-0.7866678237915039
65,1,test,2.777394468071817,1.2815451463726062,1.7361113194805806,4.487549395171594,2.0706447040927762,2.8051057893459386,16.077076991184864,11.613951418217884,13.244227340899617,25.97638828668295,18.76513446739834,21.399237694323915,3.1752709863173902,1.4481371604105555,1.9962586433533198,4.669516156349103,2.1296134711919934,2.935674475519588,23.933304587773556,18.308794628709553,20.68214300371897,35.19603615849052,26.9246979833964,30.41491618193966,2.8015034988173673,1.258740764560247,1.7386819788988512,4.446830950503758,1.9980012135876941,2.7598126649188117,16.46938987402141,11.791894761580645,13.574863431538606,26.141888688922872,18.71729327235023,21.5474022722835,0.6281407035175879,-0.0018592964824121205,-0.0018592964824121205,0.5125628140703518,-0.0024371859296482556,-0.0024371859296482556,0.4170854271356784,-0.0029145728643216184,-0.0029145728643216184,0.3936781609195402,0.11821187684493473,0.18644453433107488,0.36023054755043227,0.40201005025125625,0.10376443621616849,0.18331222053506258,0.398989898989899,0.3946488294314381,0.11585083277033625,0.19108931886414104,0.35906040268456374,15.0,0.0,0.0,20.0,0.0,0.0,28.0,0.0,0.0,0.0009146320039760226,0.0002457173431173841,0.0004916902771173707,-0.008565440380042588,-0.009875072385784556,-0.011582159654165203,-1.0072081089019775
72,1,test,2.0172958702552974,0.8835729912529751,1.1421835545954155,4.210967335724173,1.8443982658941884,2.384230152215567,7.517967861470568,4.410765127483069,5.118823121110612,15.693244388424903,9.207170921849904,10.68519361893035,2.2158172585856377,0.9300950306644744,1.30802235753863,3.5738988041703834,1.5001532752652813,2.109713479901016,9.168899412201135,5.551619897903048,6.690049020309503,14.788547439034089,8.95422564177911,10.790401645660488,2.0059993813269115,0.8763812608150079,1.210781875642758,3.8088595847979336,1.6640150521803951,2.2989529284356167,7.433519106019876,4.3390445479206825,5.218596403326789,14.114276783582044,8.238692179596235,9.908727348088838,0.5577889447236181,-0.00221105527638199,-0.00221105527638199,0.40703517587939697,-0.00296482412060306,-0.00296482412060306,0.29648241206030146,-0.0035175879396985854,-0.0035175879396985854,0.3569553805774278,0.10924895855907923,0.15265430530861057,0.3447368421052631,0.3668341708542714,0.08863868213246684,0.14479744297447172,0.38888888888888884,0.36789297658862874,0.109128368909163,0.16878285423045303,0.3523489932885906,22.0,-12.0,-12.0,33.0,-15.0,-15.0,41.0,-18.0,-18.0,-1.3515810009119234e-05,0.0004985887738258163,-5.4392712799447285e-05,-0.0634294794368655,-0.08881239644900951,-0.07342150970430605,-0.7724947929382324
78,1,test,2.5541902331895727,1.139681238854658,1.588380613492239,4.497945064736355,2.0069858294295866,2.7971482501750122,12.860881125112604,8.746415381180801,10.233967528364595,22.64809254736811,15.40249249516116,18.0220811820257,2.5845640023150036,1.093970796271185,1.5674658400728874,4.236990167729514,1.7933947479855497,2.5696161312670287,13.257507587081902,8.817779175352634,10.49234851961107,21.733618995216233,14.455375697299399,17.200571343624706,2.5541902331895727,1.139681238854658,1.588380613492239,4.497945064736355,2.0069858294295866,2.7971482501750122,12.860881125112604,8.746415381180801,10.233967528364595,22.64809254736811,15.40249249516116,18.0220811820257,0.6432160804020101,-0.001783919597989958,-0.001783919597989958,0.4723618090452262,-0.0026381909547738003,-0.0026381909547738003,0.371859296482412,-0.003140703517587995,-0.003140703517587995,0.3978494623655914,0.11111111111111105,0.1660692951015531,0.3992805755395683,0.4120603015075377,0.12311557788944727,0.1792294807370184,0.41414141414141414,0.3978494623655914,0.11111111111111105,0.1660692951015531,0.3992805755395683,20.0,-10.0,-10.0,31.0,-18.0,-18.0,40.0,-19.0,-19.0,-5.468553087959089e-05,-0.00019966933822963544,-4.083042619662765e-05,-0.0002456840853515274,0.00018111633153772289,2.978536601450088e-05,-0.45635008811950684
63,1,test,2.6468117078145346,1.1712488864780657,1.6312083749722897,4.791064230600994,2.1201087438780184,2.952693640772626,14.108983297543084,9.735486719986136,11.347954583285809,25.539045715805837,17.622463303266045,20.541234245694568,2.7350635348851955,1.1911184760410523,1.6461760718552798,4.376101655816313,1.9057895616656833,2.6338817149684477,15.410722523312186,10.727693822790293,12.439755600609653,24.657156037299497,17.16431011646447,19.903608960975443,2.6468117078145346,1.1712488864780657,1.6312083749722897,4.791064230600994,2.1201087438780184,2.952693640772626,14.108983297543084,9.735486719986136,11.347954583285809,25.539045715805837,17.622463303266045,20.541234245694568,0.6633165829145728,-0.0016834170854271857,-0.0016834170854271857,0.507537688442211,-0.0024623115577889765,-0.0024623115577889765,0.38190954773869346,-0.0030904522613065533,-0.0030904522613065533,0.4175438596491228,0.11106399975420156,0.18417163094433864,0.4014084507042254,0.40703517587939697,0.09375196785934681,0.1666345080997642,0.4040404040404041,0.4175438596491228,0.11106399975420156,0.18417163094433864,0.4014084507042254,24.0,-13.0,-13.0,38.0,-18.0,-18.0,43.0,-16.0,-16.0,0.0003008073922479475,7.427388734128798e-05,3.89658483640227e-05,-0.022720748763473075,-0.022265279964446272,-0.023863634150508517,-0.8069226741790771
127,1,test,3.0329394816509825,1.4411877794028785,1.9637717250649414,4.978929553692943,2.3658805164764023,3.223763987967881,20.758161230251627,15.84581486602763,17.845207026304365,34.076981441569146,26.012782785848827,29.295021939135495,3.00372277192734,1.3749082628869091,1.901822995213862,4.449959662114577,2.036901130202828,2.8175155484649803,20.160450152104954,15.062622445858425,17.150571458822874,29.867333558674,22.314996216086552,25.408254013070923,3.0329394816509825,1.4411877794028785,1.9637717250649414,4.978929553692943,2.3658805164764023,3.223763987967881,20.758161230251627,15.84581486602763,17.845207026304365,34.076981441569146,26.012782785848827,29.295021939135495,0.6783919597989949,-0.0016080402010050232,-0.0016080402010050232,0.5326633165829145,-0.0023366834170853723,-0.0023366834170853723,0.38190954773869346,-0.0030904522613065533,-0.0030904522613065533,0.39575971731448767,0.09064507886651585,0.17131788417700233,0.3794326241134752,0.38190954773869346,0.0736388710469641,0.1582033707770908,0.3535353535353535,0.39575971731448767,0.09064507886651585,0.17131788417700233,0.3794326241134752,23.0,-14.0,-14.0,31.0,-19.0,-19.0,39.0,-22.0,-22.0,0.0002640134792280141,0.00011074512617475383,0.00010177876900293779,-0.004948932814357043,-0.005078870937090585,-0.005568500176549307,-0.6934628486633301
159,1,test,2.5598959577171456,1.197624386557783,1.468115198344826,4.641944669993757,2.171692220958113,2.662182226331951,12.934471513590347,9.029417671595745,9.954896255930079,23.454508344643827,16.373344044493614,18.051545210753208,3.321355705884234,1.5995281247701938,2.1680480785263305,5.109778009052667,2.460812499646452,3.335458582348201,27.697875289030538,22.10313131400846,24.52921895906306,42.61211582927775,34.004817406166865,37.737259937020085,2.874337707873571,1.3308224734342498,1.83008548900229,4.58670910830889,2.1236528831397603,2.9203491845781224,17.713688599229332,13.0326723462009,14.872415520552114,28.26652436047234,20.79681757372484,23.73257795832784,0.6582914572864322,-0.0017085427135676845,-0.0017085427135676845,0.5376884422110553,-0.0023115577889447625,-0.0023115577889447625,0.4371859296482412,-0.002814070351758735,-0.002814070351758735,0.3685503685503686,0.10229269983871214,0.13394626297852108,0.2931034482758621,0.42211055276381915,0.1439150640420146,0.19673492672041348,0.3484848484848485,0.3846153846153846,0.10915628611788875,0.16548301531616327,0.3221476510067114,23.0,0.0,0.0,34.0,0.0,0.0,43.0,0.0,0.0,0.0005999613881842629,0.001722978501983219,0.00027166589923271356,-0.052037741054143716,-0.05656401556452906,-0.054569257987694186,-1.4245409965515137
124,1,test,2.6280289676153297,1.2075759766958092,1.6669518343513405,4.464279977038862,2.0513309860537787,2.8316810006609314,13.846451184238543,9.707456241460495,11.231940050058228,23.52121515271291,16.490230153763022,19.079898161957885,2.9062399121385125,1.360187400366395,1.8663284443761687,4.613079225616686,2.159027619629198,2.9624261021843945,18.287904995660593,13.594996625779535,15.458938447134816,29.028420628032688,21.57935972345958,24.53799753513463,2.6280289676153297,1.2075759766958092,1.6669518343513405,4.464279977038862,2.0513309860537787,2.8316810006609314,13.846451184238543,9.707456241460495,11.231940050058228,23.52121515271291,16.490230153763022,19.079898161957885,0.6783919597989949,-0.0016080402010050232,-0.0016080402010050232,0.5376884422110553,-0.0023115577889447625,-0.0023115577889447625,0.4120603015075377,-0.0029396984924623393,-0.0029396984924623393,0.3977272727272727,0.1122830383227359,0.17102702083810395,0.36882129277566544,0.4120603015075377,0.11882721880077074,0.18000687913692004,0.398989898989899,0.3977272727272727,0.1122830383227359,0.17102702083810395,0.36882129277566544,16.0,0.0,0.0,26.0,1.0,1.0,34.0,0.0,0.0,0.00030774524192485493,0.0001884018770832555,-9.485847215062804e-06,-0.000141735257445319,-0.00018927773293242467,8.23537205478786e-05,-0.8905866146087646
58,1,test,2.463788479054507,1.103247964309727,1.524978548116876,4.440902690641456,1.9885704048051864,2.7487267657415293,11.749239076595531,7.850939255621132,9.19230240086612,21.177640804727748,14.151075695317102,16.56884136452412,2.6888403587005847,1.1707863048036353,1.6358308544317028,4.302144573920936,1.8732580876858167,2.6173293670907247,14.714602362150616,10.1512658195849,11.848338176818103,23.543363779440988,16.24202531133584,18.957341082908968,2.463788479054507,1.103247964309727,1.524978548116876,4.440902690641456,1.9885704048051864,2.7487267657415293,11.749239076595531,7.850939255621132,9.19230240086612,21.177640804727748,14.151075695317102,16.56884136452412,0.6482412060301508,-0.0017587939698492372,-0.0017587939698492372,0.49246231155778897,-0.002537688442211028,-0.002537688442211028,0.3517587939698492,-0.0032412060301507672,-0.0032412060301507672,0.40893470790378006,0.11733951064820547,0.1860775650466372,0.33448275862068966,0.3869346733668342,0.08117026233926528,0.15655070007801952,0.3535353535353535,0.40893470790378006,0.11733951064820547,0.1860775650466372,0.33448275862068966,17.0,-7.0,-7.0,30.0,-13.0,-13.0,40.0,-14.0,-14.0,0.0009042113560850803,0.00038620986158505725,0.00012180910270319145,-0.03727719294367393,-0.031887616828643495,-0.03318490449591849,-0.8464996814727783
391,1,test,2.5761607950016603,1.1615563399203208,1.5986835323713913,4.077773237007976,1.838613243938048,2.5305365004381377,13.146568776100992,9.03171024345048,10.488825786057026,20.809542019924564,14.296183059151563,16.602633329801495,2.3409711997113636,0.9959399457365254,1.393190839148789,3.5740018316204023,1.5205190011244665,2.1270089147309754,10.391323714211595,6.553017213151476,7.811347033103267,15.864616357574953,10.004606432292327,11.92572066122636,2.5761607950016603,1.1615563399203208,1.5986835323713913,4.077773237007976,1.838613243938048,2.5305365004381377,13.146568776100992,9.03171024345048,10.488825786057026,20.809542019924564,14.296183059151563,16.602633329801495,0.5879396984924623,-0.002060301507537776,-0.002060301507537776,0.42211055276381915,-0.0028894472361808976,-0.0028894472361808976,0.31155778894472363,-0.003442211055276312,-0.003442211055276312,0.3864406779661017,0.10556081332989187,0.16434372193453461,0.4251700680272109,0.371859296482412,0.09366380776060745,0.14147532319359735,0.4040404040404041,0.3864406779661017,0.10556081332989187,0.16434372193453461,0.4251700680272109,20.0,-8.0,-8.0,30.0,-7.0,-7.0,38.0,-8.0,-8.0,-0.0007689526284774711,-0.00033661418280041353,-9.534327667276532e-05,-0.005032091876683076,-0.004124313201983476,-0.004840342663218422,-0.9211981296539307
133,1,test,2.5898833141894144,1.1856521863195306,1.6148074893009752,4.343282576590943,1.9883608093557346,2.7080622491382815,13.32821629873408,9.255821912049077,10.676848055671947,22.35166708483355,15.522185815237583,17.905273136841153,2.583434514663926,1.08343864575878,1.5199902909176917,4.166829862361171,1.747481686707709,2.4515972434156312,13.242541849377226,8.760871293283573,10.346212412891882,21.35893846673746,14.130437569812214,16.687439375632067,2.5898833141894144,1.1856521863195306,1.6148074893009752,4.343282576590943,1.9883608093557346,2.7080622491382815,13.32821629873408,9.255821912049077,10.676848055671947,22.35166708483355,15.522185815237583,17.905273136841153,0.6432160804020101,-0.001783919597989958,-0.001783919597989958,0.457286432160804,-0.0027135678391959628,-0.0027135678391959628,0.3467336683417085,-0.003266331658291488,-0.003266331658291488,0.379182156133829,0.07491499472381047,0.136907743278452,0.3544776119402985,0.3869346733668342,0.09871412198838803,0.14820345466900442,0.3535353535353535,0.379182156133829,0.07491499472381047,0.136907743278452,0.3544776119402985,25.0,-14.0,-14.0,38.0,-16.0,-16.0,44.0,-14.0,-14.0,-8.1840909663607e-06,0.0004623244915528091,0.00023494882475013628,-0.00017638486674709242,0.00021985158203818855,6.483093570341936e-05,-0.35387301445007324
452,1,test,3.1736020740523214,1.5265760467639022,2.0741887588427925,5.224832682891017,2.5132654428430095,3.414822956631426,23.893395314004803,18.701877898948425,20.890991271658226,39.33668740720303,30.789677028756557,34.393705142364155,3.255921838271558,1.5374483219602948,2.1063118637622695,5.009110520417781,2.3653051107081455,3.2404797904034908,25.94351924310554,20.36750896734752,22.786557868974395,39.91310652785468,31.334629180534648,35.05624287534523,3.1736020740523214,1.5265760467639022,2.0741887588427925,5.224832682891017,2.5132654428430095,3.414822956631426,23.893395314004803,18.701877898948425,20.890991271658226,39.33668740720303,30.789677028756557,34.393705142364155,0.7336683417085428,-0.001331658291457205,-0.001331658291457205,0.5477386934673367,-0.002261306532663321,-0.002261306532663321,0.42713567839195976,-0.002864321608040288,-0.002864321608040288,0.4014869888475836,0.09721982743756508,0.1579764820490669,0.35820895522388063,0.4170854271356784,0.10380221911562826,0.16666806486522767,0.36363636363636365,0.4014869888475836,0.09721982743756508,0.1579764820490669,0.35820895522388063,21.0,0.0,0.0,31.0,0.0,0.0,43.0,0.0,0.0,0.00018333027143140022,7.807296586707344e-05,6.742465758168962e-05,-0.006608765275314177,-0.004591730089640755,-0.005699957675773248,-0.9859075546264648
303,1,test,2.2313686064311438,0.9880421985158006,1.3595197001270494,4.478675560051081,1.9831418413067134,2.728750255255006,9.31260264969664,5.845475265572943,6.921274539359336,18.691723889748253,11.732703925899976,13.891986753999808,2.290888220221553,0.9708610179284627,1.3571152041277843,4.054669416321333,1.7183380848291376,2.4019738126155477,9.883712697004517,6.140189488713178,7.3396227125662925,17.493296808857554,10.867592015421556,12.990482677108485,2.2313686064311438,0.9880421985158006,1.3595197001270494,4.478675560051081,1.9831418413067134,2.728750255255006,9.31260264969664,5.845475265572943,6.921274539359336,18.691723889748253,11.732703925899976,13.891986753999808,0.5728643216080402,-0.0021356783919597166,-0.0021356783919597166,0.44723618090452266,-0.0027638190954772934,-0.0027638190954772934,0.3266331658291457,-0.0033668341708542604,-0.0033668341708542604,0.40714285714285714,0.10589508530684999,0.18505259586019684,0.4193548387096774,0.40703517587939697,0.11630835883679047,0.1883373461632033,0.43434343434343436,0.40714285714285714,0.10589508530684999,0.18505259586019684,0.4193548387096774,20.0,-10.0,-10.0,29.0,-11.0,-11.0,38.0,-14.0,-14.0,-0.00025434572157811936,-0.00025419734516914626,5.725529622295333e-05,-0.009595774237226351,-0.009305345599301518,-0.010367188745233236,-0.571603536605835
414,1,test,2.464430854190141,1.108575345568003,1.5371940036497818,4.8347994620371475,2.1748386550456247,3.015716480442702,11.756788920297275,7.876709942144089,9.22927330376709,23.064845439056487,15.452782100236877,18.10628426769574,2.692923443401279,1.1852039215680363,1.6586141560991952,4.488205739002132,1.9753398692800608,2.764356926831992,14.774806154883825,10.258386709441059,11.961643677516156,24.624676924806376,17.097311182401764,19.936072795860262,2.464430854190141,1.108575345568003,1.5371940036497818,4.8347994620371475,2.1748386550456247,3.015716480442702,11.756788920297275,7.876709942144089,9.22927330376709,23.064845439056487,15.452782100236877,18.10628426769574,0.6030150753768844,-0.0019849246231156137,-0.0019849246231156137,0.44221105527638194,-0.0027889447236180143,-0.0027889447236180143,0.3316582914572864,-0.0033417085427135396,-0.0033417085427135396,0.37109375,0.0981892665692008,0.15810673701298705,0.35686274509803917,0.38190954773869346,0.09619526202440776,0.1598728198588938,0.38888888888888884,0.37109375,0.0981892665692008,0.15810673701298705,0.35686274509803917,17.0,-5.0,-5.0,28.0,-9.0,-9.0,33.0,-7.0,-7.0,0.0003978873666892937,0.0003049873405884476,-3.741277584089119e-06,-0.009437353965687123,-0.010634291113632344,-0.008266010795236589,-0.8714237213134766
19,1,test,2.4579165225126305,1.1055709505712936,1.5221363622743143,4.206583501215646,1.8921214278434082,2.605049296628677,11.680450215591328,7.813966196288499,9.131248747811728,19.990422259519487,13.373156077230067,15.627609797249924,2.2657973975991483,0.9184493451416877,1.3307286065790527,3.3567368853320714,1.360665696506204,1.9714497875245223,9.638807499499581,5.791598106641091,7.091418810321309,14.279714814073452,8.580145343171985,10.505805644920457,2.4479784359501355,1.0514987304118395,1.474779955004595,4.079964059916893,1.752497884019733,2.4579665916743254,11.564943797321332,7.523994230941653,8.918548415025148,19.274906328868887,12.539990384902756,14.864247358375247,0.5326633165829145,-0.0023366834170853723,-0.0023366834170853723,0.40201005025125625,-0.002989949748743781,-0.002989949748743781,0.3065326633165829,-0.0034673366834171437,-0.0034673366834171437,0.3848396501457726,0.11409729206717001,0.1766285064507579,0.3713450292397661,0.38190954773869346,0.11123285600937016,0.17155896343151478,0.33838383838383834,0.3712374581939799,0.11581174867812016,0.17323968288808445,0.35906040268456374,18.0,-9.0,-9.0,26.0,-14.0,-14.0,32.0,-14.0,-14.0,5.594539263644762e-05,1.6199583161986117e-05,5.615949476814114e-05,-0.036647151214872054,-0.03456805119833195,-0.03771151005309914,-0.8288302421569824
348,1,test,1.6525554498740003,0.6958368616123889,0.9768679437663668,4.131388624685,1.7395921540309716,2.442169859415916,5.220303019247487,2.6171625517229256,3.2549192943401986,13.050757548118716,6.542906379307313,8.137298235850496,1.761928209108324,0.6753738948487256,0.9833531754125744,3.8723696903479645,1.4843382304367596,2.161215770137526,5.823655801369458,2.859612506421712,3.6452898466235517,12.799243519493315,6.28486265147629,8.01162603653528,1.5500366883134364,0.6292706740248541,0.9000347562742923,3.8430661693721566,1.5601752248550103,2.231491131258576,4.711643041656481,2.2004297630412144,2.7960985117391464,11.681759607412765,5.455610982746814,6.932475648940033,0.46733668341708545,-0.002663316582914521,-0.002663316582914521,0.3266331658291457,-0.0033668341708542604,-0.0033668341708542604,0.24623115577889443,-0.0037688442211055717,-0.0037688442211055717,0.3421828908554573,0.0888691942427916,0.14787474561502545,0.334319526627219,0.35678391959798994,0.08610722786866665,0.15311113161802337,0.35858585858585856,0.3411371237458194,0.09238921055717164,0.1464763895967649,0.31543624161073824,22.0,-13.0,-13.0,30.0,-17.0,-17.0,38.0,-16.0,-16.0,3.434379895748917e-05,0.0001128659751565982,0.0001484882221974717,-0.11313269938590054,-0.11510051902846996,-0.11822064599776994,-5.054126739501953
341,1,test,2.5873765487279465,1.159439222021403,1.5981113804527523,4.671169742334347,2.093215776669513,2.8851809486026205,13.294847427893707,9.124758643912939,10.605589833588311,24.002107101365148,16.473557551762283,19.147004464666146,2.6353447826663454,1.1430126504272546,1.5947912586458273,4.216551652266153,1.8288202406836076,2.551666013833324,13.948120704463095,9.500665216238048,11.117337217034592,22.316993127140954,15.201064345980877,17.78773954725535,2.5873765487279465,1.159439222021403,1.5981113804527523,4.671169742334347,2.093215776669513,2.8851809486026205,13.294847427893707,9.124758643912939,10.605589833588311,24.002107101365148,16.473557551762283,19.147004464666146,0.6633165829145728,-0.0016834170854271857,-0.0016834170854271857,0.48743718592964824,-0.002562814070351749,-0.002562814070351749,0.3668341708542714,-0.0031658291457286047,-0.0031658291457286047,0.41417910447761197,0.11064092943105708,0.1772063997629718,0.43071161048689144,0.40703517587939697,0.10127076485182807,0.1683039571815672,0.4292929292929293,0.41417910447761197,0.11064092943105708,0.1772063997629718,0.43071161048689144,19.0,-10.0,-10.0,34.0,-16.0,-16.0,40.0,-21.0,-21.0,-0.00011591593709036951,-0.00012236180035354145,-5.4059137860884294e-05,-0.00484498398644817,-0.005020768061346104,-0.005515931822016817,-0.6808829307556152
259,1,test,2.3069621065388555,1.0029040380564047,1.4045443022011255,4.307218268277747,1.872474013249819,2.6223572809882283,10.04386606659887,6.359648888068271,7.578308921426532,18.752420459603673,11.87379532280955,14.149097003588267,2.3671194979892904,1.0447092019100803,1.4613658381056862,3.9783520974609927,1.7558137847228243,2.4560770388330866,10.666622761238878,6.914167747613847,8.192827140046955,17.9270970777124,11.62044999598966,13.769457378230173,2.308710335887794,0.9969909505560144,1.398753966318039,4.328831879789614,1.869358032292527,2.622663686846323,10.061440405544827,6.3488888712211535,7.577226261856447,18.86520076039655,11.904166633539663,14.207299240980838,0.5477386934673367,-0.002261306532663321,-0.002261306532663321,0.40703517587939697,-0.00296482412060306,-0.00296482412060306,0.321608040201005,-0.0033919597989949812,-0.0033919597989949812,0.3850931677018633,0.09517068708170828,0.1598865561316154,0.3489096573208723,0.3668341708542714,0.08362615080414604,0.1564835865470927,0.3232323232323232,0.3846153846153846,0.09580069346346476,0.1599212800547617,0.34563758389261745,21.0,-6.0,-6.0,33.0,-10.0,-10.0,42.0,-11.0,-11.0,0.0005750793634538351,0.00016677016985082641,4.593646704471235e-06,-0.026700179711617977,-0.029793621150053795,-0.02839484579707019,-0.6805188655853271
263,1,test,2.1186745509024587,0.9176421769203675,1.272706768974181,3.9455556007824235,1.7089024971391278,2.3701305697662893,8.320102303925887,4.996556008968062,5.989870423951329,15.494322254616474,9.304963585563279,11.154788633825529,2.1311248858370373,0.8726348835020208,1.2342904648389448,3.40979981733926,1.3962158136032334,1.974864743742312,8.424337901885924,4.9042357756124115,5.972508547977659,13.478940643017477,7.846777240979859,9.556013676764255,2.141634207106753,0.9495858994614719,1.3076331255295073,3.9176235495855236,1.7370473770636679,2.3920118149930008,8.513338825886368,5.219517764644872,6.210825949280469,15.573180779060431,9.547898349960132,11.361266980391104,0.5577889447236181,-0.00221105527638199,-0.00221105527638199,0.3919597989949749,-0.0030402010050251116,-0.0030402010050251116,0.2613065326633166,-0.003693467336683409,-0.003693467336683409,0.39677419354838706,0.10967741935483866,0.16236559139784945,0.3980582524271845,0.371859296482412,0.08542713567839189,0.14405360134003342,0.3787878787878788,0.3913043478260869,0.10200668896321063,0.15496098104793754,0.40604026845637586,12.0,-2.0,-2.0,19.0,-4.0,-4.0,28.0,-8.0,-8.0,-0.00022467440833831475,-0.0001547890116487334,-3.957428480233695e-05,-0.021584388523194775,-0.022686141143793748,-0.024700643178623416,-0.8448522090911865
232,1,test,2.9351185960821344,1.3946171071977906,1.8039068053279523,5.838676777152633,2.7742383315224868,3.588416763286787,18.823735424084102,14.156805326275524,15.724325362228038,37.44506509091999,28.16138693936529,31.27957195712029,2.7957772699432755,1.261266026154157,1.7375034173752366,4.992459410612992,2.252260760989566,3.102684673884351,16.375351876690218,11.736294269140018,13.493958891672413,29.24169977980396,20.95766833775003,24.096355163700736,2.5779349421179014,1.1575619873258087,1.5990306917841175,5.297126593392948,2.3785520287516615,3.2856795036659947,13.169913425481468,9.031249738573688,10.50837516161109,27.061465942770138,18.557362476521277,21.592551701940593,0.5728643216080402,-0.0021356783919597166,-0.0021356783919597166,0.457286432160804,-0.0027135678391959628,-0.0027135678391959628,0.36180904522613067,-0.0031909547738693256,-0.0031909547738693256,0.3875338753387534,0.11689788075147323,0.17150259479134378,0.3994565217391305,0.37688442211055273,0.10119519905290864,0.16152549055796506,0.3737373737373737,0.3745819397993311,0.12416457752888033,0.18103355270255683,0.34563758389261745,23.0,0.0,0.0,32.0,1.0,1.0,42.0,0.0,0.0,0.0006808648548451954,-0.000642559427345945,8.102608329725875e-05,-0.09733243015902282,-0.08392906216962626,-0.0920226416674037,-0.2736783027648926
382,1,test,2.1127585749777538,0.94996501833856,1.2252169310594359,5.3382366661104586,2.4002449463354285,3.095714779143508,8.271026088991645,5.072169094941,5.841875501145001,20.89812591818556,12.815680579884262,14.760472099559706,2.0384513253542647,0.8663624450662912,1.1951420464760383,4.38376629108444,1.863145043153314,2.5701979494108347,7.6787081651956095,4.4499781354044305,5.354662986455459,16.513350892893783,9.569845452482646,11.515404271947224,2.1878665813235534,0.9377099829060451,1.2813425019286029,4.972424048462622,2.1311590520591936,2.912142049837734,8.916170883909743,5.425281301465015,6.440468667959572,20.264024736158508,12.330184776056853,14.63742879081721,0.4824120603015075,-0.0025879396984924696,-0.0025879396984924696,0.39698492462311563,-0.0030150753768843908,-0.0030150753768843908,0.2864321608040201,-0.003567839195979916,-0.003567839195979916,0.38888888888888884,0.12468809628651101,0.17481264255457796,0.3580901856763926,0.39698492462311563,0.14134582687875474,0.20332883113396705,0.33838383838383834,0.38795986622073575,0.127525809459467,0.1821756615488781,0.36241610738255037,20.0,-11.0,-11.0,30.0,-20.0,-20.0,36.0,-20.0,-20.0,0.0005462909786969007,0.00022528937639887723,9.635005506787853e-06,-0.13821242996766436,-0.13823490117867898,-0.13833483967424964,-0.5051259994506836
198,1,test,2.718662590770931,1.2654069175576905,1.7300703352053017,4.487431023320693,2.088683707294019,2.8556582641340515,15.160033512076694,10.883017071391954,12.472584944658944,25.023187845235025,17.96353420217708,20.58727876407561,2.6175152494679743,1.1670202206136615,1.617127609516348,3.996206487737365,1.7817102604788722,2.4688971137654168,13.701636105571529,9.436410703276552,10.982300358218655,20.918528405452715,14.40673389813214,16.766870775906344,2.718662590770931,1.2654069175576905,1.7300703352053017,4.487431023320693,2.088683707294019,2.8556582641340515,15.160033512076694,10.883017071391954,12.472584944658944,25.023187845235025,17.96353420217708,20.58727876407561,0.6331658291457287,-0.0018341708542712887,-0.0018341708542712887,0.46733668341708545,-0.002663316582914521,-0.002663316582914521,0.371859296482412,-0.003140703517587995,-0.003140703517587995,0.41025641025641024,0.10678291848310129,0.17883131890440052,0.42647058823529416,0.39698492462311563,0.08871424793138627,0.15825370592528587,0.4040404040404041,0.41025641025641024,0.10678291848310129,0.17883131890440052,0.42647058823529416,24.0,0.0,0.0,35.0,0.0,0.0,42.0,1.0,1.0,-0.00025557136141524274,-0.0002912440976696215,-3.4979619254388116e-05,-0.00020410455418851114,0.00020435748183800229,5.0812707827141423e-05,-0.525611400604248
113,1,test,2.3411077753457326,1.0250218655133128,1.4119003710952216,4.112756902634395,1.8007140880639274,2.4803655167889023,10.392743012758391,6.663945086880346,7.860241880452545,18.257521508899877,11.70693055803304,13.808533033227445,2.330542722539087,0.9934506459124506,1.3719726772366596,3.613244531068352,1.5402335595541867,2.1270894220723404,10.283521117515022,6.475566966710855,7.67555658284512,15.943443593046545,10.039638708078844,11.90008772534127,2.3411077753457326,1.0250218655133128,1.4119003710952216,4.112756902634395,1.8007140880639274,2.4803655167889023,10.392743012758391,6.663945086880346,7.860241880452545,18.257521508899877,11.70693055803304,13.808533033227445,0.6180904522613065,-0.0019095477386934512,-0.0019095477386934512,0.44723618090452266,-0.0027638190954772934,-0.0027638190954772934,0.321608040201005,-0.0033919597989949812,-0.0033919597989949812,0.41698841698841704,0.10677647093832066,0.17180228091653005,0.43410852713178294,0.4170854271356784,0.10630848477978871,0.17334586119243967,0.43939393939393945,0.41698841698841704,0.10677647093832066,0.17180228091653005,0.43410852713178294,18.0,-7.0,-7.0,32.0,-15.0,-15.0,41.0,-16.0,-16.0,2.548168848484608e-05,1.1789307084097678e-05,-0.00019604650793901744,-0.005653142520428922,-0.005694515527475019,-0.004319921336898069,-0.7260260581970215
49,1,test,2.0964251277239425,0.912568374654015,1.2724518613923963,3.7954886299315826,1.6521662730664195,2.3037200366385218,8.137029016670406,4.870079261270636,5.857489932802951,14.731745343906551,8.817071603738341,10.604736675728216,2.1142348188850746,0.8878967768314121,1.2594722237195226,3.5533358300589493,1.4922634904729617,2.116760039864744,8.283245157806675,4.874521108944322,5.932428938619592,13.92142043328853,8.192472452007262,9.970468804402675,2.0964251277239425,0.912568374654015,1.2724518613923963,3.7954886299315826,1.6521662730664195,2.3037200366385218,8.137029016670406,4.870079261270636,5.857489932802951,14.731745343906551,8.817071603738341,10.604736675728216,0.5678391959798995,-0.0021608040201005485,-0.0021608040201005485,0.42211055276381915,-0.0028894472361808976,-0.0028894472361808976,0.27638190954773867,-0.0036180904522613577,-0.0036180904522613577,0.4057971014492754,0.11827449747097518,0.18651999301554045,0.4,0.40201005025125625,0.10376443621616849,0.17997332237145658,0.3939393939393939,0.4057971014492754,0.11827449747097518,0.18651999301554045,0.4,23.0,-14.0,-14.0,34.0,-19.0,-19.0,41.0,-18.0,-18.0,1.8145601003148097e-05,0.0001766508487411258,1.0819665383569178e-05,-0.00957595240289777,-0.009295209394469595,-0.008961956566579055,-0.6241984367370605
21,1,test,2.7780317729917066,1.2554564347889199,1.7203473744193272,4.869923168316787,2.200830256166119,3.015789674433881,16.08732625705567,11.503310860334855,13.20763122016563,28.201276751826505,20.16544253227375,23.15313665703734,2.8006319598336913,1.2077599963040329,1.682693637139139,4.553873105420636,1.963837392364281,2.7360872148603885,16.455042411803333,11.537189852533203,13.39650043973798,26.756166523257452,18.759658296801952,21.7829275442894,2.7780317729917066,1.2554564347889199,1.7203473744193272,4.869923168316787,2.200830256166119,3.015789674433881,16.08732625705567,11.503310860334855,13.20763122016563,28.201276751826505,20.16544253227375,23.15313665703734,0.6331658291457287,-0.0018341708542712887,-0.0018341708542712887,0.5175879396984925,-0.002412060301507535,-0.002412060301507535,0.3919597989949749,-0.0030402010050251116,-0.0030402010050251116,0.403448275862069,0.10740696777256808,0.1637693767795002,0.40830449826989623,0.4120603015075377,0.09877709348748753,0.17499853189151093,0.4242424242424242,0.403448275862069,0.10740696777256808,0.1637693767795002,0.40830449826989623,19.0,-1.0,-1.0,33.0,-8.0,-8.0,36.0,-1.0,-1.0,3.337020800166457e-05,-0.0001980690844555212,1.095407965558525e-05,-0.004997442267380414,-0.005105985612441799,-0.004196965246407558,-0.9057443141937256
91,1,test,2.7453097958313792,1.2394269862892728,1.700588859425623,4.787552448827893,2.161439744382512,2.96566105973005,15.569436531669828,11.061304835898689,12.726831386323287,27.151578341814457,19.289836482116005,22.194352295661343,2.6598872161989835,1.111316564740664,1.5522919482026174,4.255819545918373,1.7781065035850623,2.4836671171241878,14.29467679977493,9.589936139656558,11.267606457662442,22.87148287963989,15.343897823450492,18.02817033225991,2.7453097958313792,1.2394269862892728,1.700588859425623,4.787552448827893,2.161439744382512,2.96566105973005,15.569436531669828,11.061304835898689,12.726831386323287,27.151578341814457,19.289836482116005,22.194352295661343,0.6180904522613065,-0.0019095477386934512,-0.0019095477386934512,0.4773869346733668,-0.0026130653266331905,-0.0026130653266331905,0.3517587939698492,-0.0032412060301507672,-0.0032412060301507672,0.39649122807017545,0.08125480074968505,0.15378411021719995,0.40492957746478875,0.371859296482412,0.0660948854548431,0.13145862870277925,0.3787878787878788,0.39649122807017545,0.08125480074968505,0.15378411021719995,0.40492957746478875,24.0,0.0,0.0,33.0,0.0,0.0,41.0,0.0,0.0,1.3648743693683256e-05,-4.633242736981636e-05,-5.1681840282046637e-05,-0.0002872636165145437,0.00015787518124010802,8.758024202748516e-06,-0.5097799301147461
2,1,test,2.5001261645493194,1.1395835091435285,1.5512261922072006,4.311594822695832,1.9652697642714743,2.6751685230878666,12.184031056525074,8.285722890603306,9.601164185490196,21.011981702270784,14.289150853256,16.557696319887285,2.487499722284288,1.0582139321946116,1.480393405776729,3.8565887167198265,1.640641755340483,2.295183574847642,12.031157248999666,7.855441459936789,9.293489650382886,18.65295697519328,12.178979007653936,14.40851108586494,2.5001261645493194,1.1395835091435285,1.5512261922072006,4.311594822695832,1.9652697642714743,2.6751685230878666,12.184031056525074,8.285722890603306,9.601164185490196,21.011981702270784,14.289150853256,16.557696319887285,0.592964824120603,-0.0020351758793969443,-0.0020351758793969443,0.4522613065326633,-0.0027386934673366836,-0.0027386934673366836,0.35678391959798994,-0.0032160804020100464,-0.0032160804020100464,0.3902439024390244,0.09806998939554612,0.17239917474493405,0.4125874125874126,0.39698492462311563,0.10625810758050913,0.17327874766151297,0.4191919191919192,0.3902439024390244,0.09806998939554612,0.17239917474493405,0.4125874125874126,17.0,-5.0,-5.0,26.0,-5.0,-5.0,33.0,-6.0,-6.0,0.00025900136365523296,0.00016017166377739977,-7.384997049575486e-05,-0.00497665250179935,-0.004093325001585768,-0.004812306207467643,-0.7345919609069824
173,1,test,2.848568907026517,1.3241632364564022,1.811975642516788,4.632837343295874,2.1535841647862366,2.94694939662071,17.263059111929522,12.670645760275903,14.443464092488709,28.07618405017109,20.607204093635534,23.49046907349812,2.923778272154343,1.3375450887871745,1.8433591361021875,4.005175715279922,1.8322535462838005,2.525149501509846,18.611473998289085,13.726161847209513,15.66555996717219,25.495169860669982,18.802961434533582,21.459671187907112,2.848568907026517,1.3241632364564022,1.811975642516788,4.632837343295874,2.1535841647862366,2.94694939662071,17.263059111929522,12.670645760275903,14.443464092488709,28.07618405017109,20.607204093635534,23.49046907349812,0.6331658291457287,-0.0018341708542712887,-0.0018341708542712887,0.507537688442211,-0.0024623115577889765,-0.0024623115577889765,0.38190954773869346,-0.0030904522613065533,-0.0030904522613065533,0.4067796610169492,0.11525423728813566,0.18870056497175147,0.3843537414965986,0.40201005025125625,0.11809045226130654,0.1792294807370184,0.38888888888888884,0.4067796610169492,0.11525423728813566,0.18870056497175147,0.3843537414965986,17.0,-5.0,-5.0,29.0,-6.0,-6.0,38.0,-8.0,-8.0,0.0005802158438574173,0.00023127388239157205,3.249249646482664e-05,-0.00035656283511986686,0.00011913993074319507,-2.6287545484393604e-05,-0.6670725345611572
242,1,test,3.2708456310402436,1.5177950693818774,2.069527380083626,5.451409385067073,2.529658448969796,3.4492123001393766,26.33359843868951,20.56141418919864,23.009101882549757,43.88933073114919,34.2690236486644,38.34850313758293,3.1303869605663435,1.4186949789973735,1.9463654518129443,5.1741933232501545,2.3449503785080554,3.217132978203214,22.882832583297464,17.344508286132385,19.615344535015687,37.822863774045395,28.6686087374089,32.422057082670555,3.2708456310402436,1.5177950693818774,2.069527380083626,5.451409385067073,2.529658448969796,3.4492123001393766,26.33359843868951,20.56141418919864,23.009101882549757,43.88933073114919,34.2690236486644,38.34850313758293,0.7085427135678393,-0.0014572864321606982,-0.0014572864321606982,0.5376884422110553,-0.0023115577889447625,-0.0023115577889447625,0.4371859296482412,-0.002814070351758735,-0.002814070351758735,0.42971887550200805,0.11709362500100606,0.18806333478104675,0.44354838709677424,0.4321608040201005,0.11887759600005032,0.19009068715866473,0.43434343434343436,0.42971887550200805,0.11709362500100606,0.18806333478104675,0.44354838709677424,24.0,0.0,0.0,34.0,0.0,0.0,43.0,0.0,0.0,-0.0004350651324261726,-0.0004446115199563566,-0.00021940374039220475,-3.7786429536446065e-05,-0.00010682844012599446,0.00013492207507859177,-0.3816559314727783
488,1,test,2.5384149689383064,1.1401459447675029,1.575227361086411,4.212688671855062,1.8921570998269202,2.6142071098880866,12.659589217798539,8.611402632331039,10.039554397560465,21.00953104230396,14.291263943017467,16.6613881491429,2.6268097264083785,1.1342712267554873,1.58364945942071,3.6997320090258854,1.5975651081063202,2.230492196367197,13.829579307918177,9.38120591509649,10.991407069438822,19.478280715377714,13.21296607760069,15.480855027378622,2.5503298016296183,1.1383868901631249,1.5748088237776743,4.2270659695518535,1.886829099717887,2.6101803709022224,12.811328282946493,8.707407064224036,10.158779512715528,21.23424577283949,14.432166404791221,16.837756098423526,0.5829145728643217,-0.0070854271356783904,-0.002085427135678275,0.4120603015075377,0.002060301507537665,-0.0029396984924623393,0.321608040201005,-0.008391959798994986,-0.0033919597989949812,0.3762057877813505,0.0985171842500503,0.15267637601664463,0.367741935483871,0.3517587939698492,0.07105703958388432,0.13473041333545854,0.3484848484848485,0.3745819397993311,0.09077559589282025,0.15322487639554905,0.3657718120805369,20.0,-4.0,-4.0,28.0,-3.0,-3.0,34.0,-1.0,-1.0,0.0003140330336292644,0.00010717371622348076,4.227443350906984e-05,-0.008867716569053385,-0.008413669049396333,-0.009070688327900811,-0.8606085777282715
377,1,test,2.486982558311437,1.104950817650008,1.528174225129182,4.259314956188552,1.892387032527025,2.6172179257959547,12.024936776559539,8.041950970106415,9.416350721502559,20.594431950659438,13.772996489032824,16.12685353452737,2.325437895017653,0.9969546791693469,1.3921983725358524,3.5233907500267465,1.5105373926808285,2.10939147353917,10.231159278684247,6.455846570602003,7.688426188021729,15.501756482854919,9.781585713033337,11.64913058791171,2.486982558311437,1.104950817650008,1.528174225129182,4.259314956188552,1.892387032527025,2.6172179257959547,12.024936776559539,8.041950970106415,9.416350721502559,20.594431950659438,13.772996489032824,16.12685353452737,0.5979899497487438,-0.0020100502512562235,-0.0020100502512562235,0.4522613065326633,-0.0027386934673366836,-0.0027386934673366836,0.33668341708542715,-0.0033165829145728187,-0.0033165829145728187,0.39057239057239057,0.08973205443793675,0.15876947903823602,0.41891891891891897,0.40201005025125625,0.09875190488784769,0.1599399333898205,0.41414141414141414,0.39057239057239057,0.08973205443793675,0.15876947903823602,0.41891891891891897,21.0,-5.0,-5.0,34.0,-7.0,-7.0,42.0,-6.0,-6.0,-0.00036661131078619905,-0.00017525004271909785,-0.00013036440761064438,-0.008836125156603813,-0.008629429066408179,-0.00840969763095778,-1.2568213939666748
29,1,test,2.0169063971230856,0.8726849129513483,1.2172991215108409,3.7509539702593973,1.6229810881107394,2.2638794637854054,7.515040385103394,4.375044516550729,5.2903733092066485,13.976142179613019,8.13651571675593,9.838804020170901,1.8739432168366321,0.7341787928806813,1.0568625859546747,3.176174943790902,1.2443708353909853,1.791292518567245,6.513931668384994,3.3878998081660976,4.250050591956599,11.040562149805075,5.742203064688301,7.203475579587456,2.0051133377496217,0.8443864846241402,1.1887156448284575,3.73623603307383,1.5733909651381497,2.2149980959536477,7.426935601226107,4.234682869288361,5.164600087301803,13.839010437067282,7.890713421034213,9.623478423543734,0.5125628140703518,-0.0024371859296482556,-0.0024371859296482556,0.3668341708542714,-0.0031658291457286047,-0.0031658291457286047,0.18592964824120606,-0.004070351758793889,-0.004070351758793889,0.39144736842105265,0.12051140782991965,0.17262898767707013,0.3894389438943895,0.371859296482412,0.09617007342476791,0.14481422135720334,0.35858585858585856,0.3913043478260869,0.11918414749219708,0.17328432557914586,0.38590604026845643,14.0,-1.0,-1.0,25.0,-7.0,-7.0,25.0,0.0,0.0,-0.00025081861564154294,7.265014368967643e-05,-9.72505924238083e-05,-0.04623767334370221,-0.043304147631669565,-0.043847446963328984,-0.8208551406860352
346,1,test,2.799810261036009,1.344530739254152,1.821726485503937,4.559253867697983,2.189454427856488,2.966527282405319,16.441526876847618,12.155845637398716,13.782171442455793,26.77363393060432,19.794765027020862,22.443098851649324,2.6874170441124305,1.2364023849526675,1.7124136240994103,4.071844006230955,1.8733369468979806,2.5945660971203184,14.693673751481258,10.426231432869105,12.042497473456766,22.263142047698874,15.797320352831974,18.24620829311631,2.799810261036009,1.344530739254152,1.821726485503937,4.559253867697983,2.189454427856488,2.966527282405319,16.441526876847618,12.155845637398716,13.782171442455793,26.77363393060432,19.794765027020862,22.443098851649324,0.6281407035175879,-0.0018592964824121205,-0.0018592964824121205,0.4824120603015075,-0.0025879396984924696,-0.0025879396984924696,0.3417085427135679,-0.003291457286432098,-0.003291457286432098,0.36363636363636365,0.07624140565317039,0.13743255624554618,0.3547297297297297,0.3668341708542714,0.07360108814750443,0.13478074848365373,0.3434343434343434,0.36363636363636365,0.07624140565317039,0.13743255624554618,0.3547297297297297,21.0,0.0,0.0,33.0,0.0,0.0,40.0,0.0,0.0,-0.0002379827978161976,5.611520351393986e-05,-0.00010654966679565755,0.0005149329265217162,0.00011139288064487829,-3.329665942342075e-05,-0.6258175373077393
428,1,test,2.150960682432436,0.9574318202802252,1.3094453560024144,3.4738519941631827,1.5462748646779223,2.114784988097796,8.593109682622899,5.29440832788538,6.273229992959087,13.878073853625715,8.55059373142052,10.131413697548949,2.2519950890660887,0.9430717684033822,1.3142416652415556,3.2875840716293263,1.3767471071582222,1.9186009711555554,9.506683609349999,5.804498110397479,6.952446928872996,13.878370232627734,8.473719869193399,10.149557560398534,2.2301884478948586,0.9877938873293242,1.3597588385717536,3.448745022517823,1.5275163206123572,2.1027198534614753,9.301618784810358,5.837720729296674,6.91368227182933,14.38394657444901,9.027403189634033,10.691261245096904,0.6030150753768844,-0.0019849246231156137,-0.0019849246231156137,0.3919597989949749,-0.0030402010050251116,-0.0030402010050251116,0.29145728643216084,-0.0035427135678391952,-0.0035427135678391952,0.36734693877551017,0.08204853993999339,0.14936062401500183,0.3508771929824561,0.371859296482412,0.0711074167831639,0.13813642502999135,0.3484848484848485,0.3712374581939799,0.08409221612386308,0.1521050888947586,0.3557046979865772,19.0,0.0,0.0,32.0,0.0,0.0,36.0,0.0,0.0,0.00026473078892721524,0.00017149639841794215,9.167057349354098e-05,-0.015436296342035583,-0.015528694868183202,-0.016575463627356513,-1.0799570083618164
42,1,test,2.669520661130652,1.2025518199690406,1.6497910751503917,4.304227133396051,1.9389459119725538,2.6600563964503503,14.433049212936742,10.09697733436376,11.66060425833204,23.271264742206995,16.27995783686741,18.80108664124323,2.6488802594755163,1.1169451209643366,1.564610877751778,4.013454938599267,1.692341092370207,2.3706225420481486,14.138198664708636,9.511076378023821,11.180920277101519,21.421513128346415,14.410721784884576,16.940788298638665,2.669520661130652,1.2025518199690406,1.6497910751503917,4.304227133396051,1.9389459119725538,2.6600563964503503,14.433049212936742,10.09697733436376,11.66060425833204,23.271264742206995,16.27995783686741,18.80108664124323,0.6633165829145728,-0.0016834170854271857,-0.0016834170854271857,0.4371859296482412,-0.002814070351758735,-0.002814070351758735,0.3266331658291457,-0.0033668341708542604,-0.0033668341708542604,0.3706293706293706,0.07743565335188374,0.12528053342006829,0.38596491228070173,0.371859296482412,0.08363874510396585,0.12311138329376425,0.3939393939393939,0.3706293706293706,0.07743565335188374,0.12528053342006829,0.38596491228070173,17.0,-4.0,-4.0,28.0,-11.0,-11.0,35.0,-10.0,-10.0,-0.0002809665820063873,-0.00010923753732505798,1.4983726346088331e-05,-0.00029419353837489837,0.00015400165618917327,5.253467235455389e-06,-0.772972583770752
329,1,test,2.5681318808609332,1.1747107384070545,1.6168636695040224,4.135127604776079,1.891483392350342,2.6034245525912225,13.04143870904691,9.012829759938398,10.452447743120084,20.99892673490604,14.512183511765219,16.830212467735727,2.5561745442337727,1.0947460085902383,1.560269435047105,3.759080212108489,1.6099206008679974,2.2945138750692715,12.88642645012054,8.574311309400453,10.179252929772357,18.950627132530204,12.609281337353607,14.969489602606405,2.5681318808609332,1.1747107384070545,1.6168636695040224,4.135127604776079,1.891483392350342,2.6034245525912225,13.04143870904691,9.012829759938398,10.452447743120084,20.99892673490604,14.512183511765219,16.830212467735727,0.5979899497487438,-0.0020100502512562235,-0.0020100502512562235,0.457286432160804,-0.0027135678391959628,-0.0027135678391959628,0.3417085427135679,-0.003291457286432098,-0.003291457286432098,0.37323943661971826,0.08450704225352113,0.14319248826291076,0.3816254416961131,0.371859296482412,0.08040201005025116,0.1390284757118927,0.38383838383838387,0.37323943661971826,0.08450704225352113,0.14319248826291076,0.3816254416961131,17.0,-5.0,-5.0,27.0,-7.0,-7.0,34.0,-7.0,-7.0,-0.0004144285778200902,-7.600449025945269e-05,-6.842053898395065e-05,-0.004955862736218286,-0.00508274446214152,-0.0055720047335183764,-0.2027297019958496
450,1,test,3.183724830958469,1.4946965459457113,2.0537874412930703,5.192249220959114,2.4376594675490457,3.3494654243907114,24.13649066818625,18.72227359588966,21.041027982083378,39.36353847227691,30.533640830880458,34.31523355467289,3.171722558275539,1.4485511917564737,2.0176375259706125,5.074756093240863,2.3176819068103582,3.22822004155298,23.84852947678336,18.246262312819134,20.677408859959257,38.15764716285337,29.194019700510612,33.08385417593481,3.183724830958469,1.4946965459457113,2.0537874412930703,5.192249220959114,2.4376594675490457,3.3494654243907114,24.13649066818625,18.72227359588966,21.041027982083378,39.36353847227691,30.533640830880458,34.31523355467289,0.728643216080402,-0.001356783919598037,-0.001356783919598037,0.5678391959798995,-0.0021608040201005485,-0.0021608040201005485,0.4371859296482412,-0.002814070351758735,-0.002814070351758735,0.4049586776859504,0.09090909090909094,0.16115702479338845,0.37344398340248963,0.40703517587939697,0.085427135678392,0.1591289782244556,0.36363636363636365,0.4049586776859504,0.09090909090909094,0.16115702479338845,0.37344398340248963,21.0,0.0,0.0,35.0,0.0,0.0,45.0,0.0,0.0,0.00016536080336138865,-4.670063044378192e-05,-0.00010826071081884683,1.0723023486036709e-05,-6.835210348388188e-05,-8.884262040620428e-05,-0.9821591377258301
10,1,test,2.294801030242652,0.9972548746226124,1.3719358750869444,4.576260194030405,1.9887117557881164,2.735895378807104,9.922461546096212,6.262157723449741,7.405971340492873,19.787234362273256,12.487907553158493,14.768884708075902,2.424072481879038,1.0093258041233273,1.4246492413819536,4.215778229354848,1.7553492245623081,2.47765085457731,11.29175125677991,7.176307456326039,8.575036771163646,19.637828272660716,12.48053470665398,14.913107428110688,2.276839251502302,0.9669197506729179,1.354464859866777,4.615214698991153,1.9599724675802395,2.7455368781083322,9.745827566336736,6.039952186028632,7.230572059327908,19.755055877709598,12.24314632303101,14.656564985124138,0.6080402010050252,-0.001959798994974782,-0.001959798994974782,0.4321608040201005,-0.002839195979899567,-0.002839195979899567,0.3517587939698492,-0.0032412060301507672,-0.0032412060301507672,0.3742690058479532,0.10380116959064323,0.15823772530054359,0.3841642228739003,0.38190954773869346,0.10050251256281406,0.15242881072026804,0.4191919191919192,0.36789297658862874,0.1053511705685618,0.15273132664437006,0.37583892617449666,18.0,-9.0,-9.0,30.0,-19.0,-19.0,37.0,-21.0,-21.0,-0.00037480469592401407,0.00017069044330720196,0.00029947597948391406,-0.010467532959803627,-0.015667727676039078,-0.017647677758679592,-0.48511576652526855
360,1,test,1.9346765421946115,0.8697911246349368,1.2040016111787355,3.7548751824842164,1.6881153188181024,2.3367605234711553,6.921804781458548,4.021298163566672,4.845323164782833,13.434035315493514,7.804649690235908,9.403940816856622,2.0292654504728076,0.843401561820704,1.2049306602796288,3.723422844904234,1.5475258015058788,2.2108819454672086,7.608495488881936,4.334981937372131,5.3281321482568735,13.960542181434745,7.954095297930516,9.776389262856648,1.9923092433840137,0.8849716342266745,1.2327426667360695,3.8069603376764594,1.6910286004331359,2.355559235801407,7.332446630699623,4.306156139545077,5.1950969882351306,14.011044517260427,8.228323833525625,9.926936920194516,0.4974874371859297,-0.002512562814070307,-0.002512562814070307,0.3668341708542714,-0.0031658291457286047,-0.0031658291457286047,0.27638190954773867,-0.0036180904522613577,-0.0036180904522613577,0.3425076452599388,0.09059924831337396,0.15023907964447591,0.3190184049079755,0.3668341708542714,0.10868880744575005,0.15982248471069882,0.33333333333333337,0.3511705685618729,0.09574485904601315,0.15984687556965937,0.32885906040268453,16.0,-7.0,-7.0,25.0,-9.0,-9.0,34.0,-15.0,-15.0,0.0002494413342163203,0.0001741624273267261,6.58848412661679e-05,-0.024745929298095604,-0.021755911520884297,-0.02266024589932769,-1.2362953424453735
48,1,test,2.6494485581858775,1.2212600038142487,1.666683975480647,4.303346749053426,1.9836223092255678,2.7070988207806876,14.146235668269695,9.975099111011223,11.474403125195748,22.976916115735023,16.201979162127323,18.63721234880279,2.6810352275119955,1.189301064007799,1.6422266172279258,4.124669580787685,1.8296939446273832,2.526502488042963,14.600200003816392,10.155403159950813,11.774351682408339,22.461846159717524,15.623697169155097,18.114387203705135,2.6494485581858775,1.2212600038142487,1.666683975480647,4.303346749053426,1.9836223092255678,2.7070988207806876,14.146235668269695,9.975099111011223,11.474403125195748,22.976916115735023,16.201979162127323,18.63721234880279,0.6683417085427136,-0.0016582914572863539,-0.0016582914572863539,0.4824120603015075,-0.0025879396984924696,-0.0025879396984924696,0.3517587939698492,-0.0032412060301507672,-0.0032412060301507672,0.3820224719101124,0.0885645279848788,0.14540976954398543,0.37593984962406013,0.3919597989949749,0.0962204506240476,0.15322858029714514,0.3939393939393939,0.3820224719101124,0.0885645279848788,0.14540976954398543,0.37593984962406013,15.0,0.0,0.0,25.0,0.0,0.0,32.0,0.0,0.0,0.00019027489144983443,0.00019300834009355043,5.706090902347547e-05,-0.00016252502302549487,0.00022759863213561715,7.184004964067014e-05,-0.8151974678039551
301,1,test,2.5826628899433204,1.1894081784456627,1.6247300173776078,4.16915580805136,1.9200446309194268,2.622778456623853,13.232327518044675,9.20438899838415,10.626024177984425,21.360757279129263,14.85851366882013,17.15343903017486,2.3290710509122916,1.012722623990667,1.407475048214148,3.5288955316852904,1.5344282181676774,2.132537951839618,10.268398281916298,6.538621354363805,7.755099860183234,15.558179215024692,9.907002052066371,11.75015130330793,2.5453423114125946,1.1660865137048189,1.5898849540812963,4.061716454381799,1.8607763516566256,2.5370504586403664,12.747590985165154,8.775646388122057,10.147731609372059,20.341900508242265,14.003691044875621,16.193188738359666,0.5678391959798995,-0.0021608040201005485,-0.0021608040201005485,0.4321608040201005,-0.002839195979899567,-0.002839195979899567,0.31155778894472363,-0.003442211055276312,-0.003442211055276312,0.3905325443786982,0.10840551335949589,0.1730128593393282,0.3916913946587537,0.371859296482412,0.0861450107681263,0.14648367043900634,0.3535353535353535,0.3812709030100334,0.09746455910352259,0.16102618665853174,0.3825503355704698,15.0,0.0,0.0,28.0,0.0,0.0,34.0,0.0,0.0,0.00029423073876775935,-0.0004935374219528334,-0.0001466739660208708,-0.004322502103845771,-0.003543750425016867,-0.004015401586178413,-0.9415082931518555
233,1,test,2.308120424137976,0.9684209580839436,1.3597085499629045,4.221014748252326,1.771016409646664,2.4865902934253112,10.055506793955173,6.237610868351352,7.473900307884955,18.389180232781037,11.407137683902816,13.668023165789613,2.1035018134955785,0.8158289872735676,1.1669185918403202,3.6267272646475495,1.4066017021958062,2.0119286066212423,8.19481644470745,4.570474185084949,5.643566989365232,14.12899387018526,7.8801279053188775,9.730287912698676,2.308120424137976,0.9684209580839436,1.3597085499629045,4.221014748252326,1.771016409646664,2.4865902934253112,10.055506793955173,6.237610868351352,7.473900307884955,18.389180232781037,11.407137683902816,13.668023165789613,0.5527638190954773,-0.0022361809045226,-0.0022361809045226,0.371859296482412,-0.003140703517587995,-0.003140703517587995,0.27135678391959794,-0.0036432160804020786,-0.0036432160804020786,0.3834586466165414,0.09077571978727306,0.15470864661654138,0.41132075471698115,0.36180904522613067,0.07358849384768451,0.12808617377371,0.36868686868686873,0.3834586466165414,0.09077571978727306,0.15470864661654138,0.41132075471698115,19.0,-10.0,-10.0,27.0,-14.0,-14.0,37.0,-20.0,-20.0,-0.0007019233388237606,-0.00044517364671541645,6.6118700423700515e-06,-0.011495278825864652,-0.010250892344867424,-0.010318124947670704,-0.6249752044677734
334,1,test,2.650071028588523,1.238826211164602,1.6438808991993616,4.8882139180182085,2.285088762562686,3.0322362700257655,14.155044022467521,10.053986726938874,11.41988349099237,26.109822134706928,18.54517758958673,21.064655558514424,3.0540068053719986,1.3688310351645434,1.894376809258532,4.55821911249552,2.043031395767975,2.8274280735201964,21.200119222648713,15.806720374774919,18.011366015913882,31.641968989027927,23.592119962350623,26.88263584464758,2.7745625761440365,1.2696172237441499,1.7397093386545972,4.573454795841818,2.092775643534313,2.8676527560240612,16.031612851779638,11.5277053559522,13.216919737898076,26.425735469966437,19.001712125195937,21.78613143609573,0.6884422110552764,-0.0015577889447235815,-0.0015577889447235815,0.5025125628140703,-0.0024874371859296973,-0.0024874371859296973,0.37688442211055273,-0.003115577889447274,-0.003115577889447274,0.3718309859154929,0.0975693825399655,0.15482218826153393,0.3389830508474576,0.37688442211055273,0.08114507373962543,0.14483099973993507,0.3737373737373737,0.36454849498327757,0.07907270199496375,0.14875316684089712,0.34563758389261745,20.0,-7.0,-7.0,31.0,-11.0,-11.0,41.0,-13.0,-13.0,0.0007620222350477564,0.0003653668643733303,0.0004013412064466542,-0.02076743992217711,-0.025362270274925436,-0.026347796767332454,-0.9212546348571777
331,1,test,2.3317813332615005,1.095230992225223,1.4289166636033952,4.457102860973806,2.093488407013838,2.7313146642835733,10.296266288558673,6.852552974228447,7.8296071251942365,19.68088399948455,13.098369487197084,14.96596778617857,2.4479046646674076,1.0960569264157574,1.5113779716990297,4.079841107779013,1.8267615440262626,2.5189632861650497,11.564090668051335,7.699531035701876,9.01298542741456,19.273484446752228,12.832551726169795,15.021642379024266,2.331873466338601,1.0781615151417108,1.4739328333519233,4.372262749384877,2.021552840890708,2.7636240625348565,10.297214958955774,6.7938919430075035,7.938915872794502,19.307278048042075,12.738547393139068,14.88546726148969,0.5628140703517588,-0.0021859296482411583,-0.0021859296482411583,0.4623115577889447,-0.002688442211055242,-0.002688442211055242,0.3467336683417085,-0.003266331658291488,-0.003266331658291488,0.38524590163934425,0.1192158879967794,0.17507972373123082,0.36438356164383556,0.4170854271356784,0.13888993841387387,0.20840429191030274,0.3939393939393939,0.38795986622073575,0.127525809459467,0.18884974386256004,0.36241610738255037,27.0,-18.0,-18.0,37.0,-16.0,-16.0,48.0,-21.0,-21.0,0.0006033486713420985,2.19874178089815e-05,0.00015002541176228153,-0.004433072047420161,-0.003652209126411954,-0.004084553124936718,-1.0161638259887695
413,1,test,2.304680737873052,1.0399618283139138,1.4364010021822708,3.8071797824532734,1.7179479926290622,2.3728392245994416,10.020978422774565,6.478881476204775,7.638170157021499,16.553991980163506,10.702682659586891,12.617750701378053,2.3367856105967384,0.9901218890747441,1.3986651978896085,3.5139633242056214,1.4889050963529984,2.1032559366761028,10.347920799535636,6.503343270444288,7.792746570568964,15.560783157196445,9.779463564577878,11.718415895592427,2.304680737873052,1.0399618283139138,1.4364010021822708,3.8071797824532734,1.7179479926290622,2.3728392245994416,10.020978422774565,6.478881476204775,7.638170157021499,16.553991980163506,10.702682659586891,12.617750701378053,0.6381909547738693,-0.0018090452261306789,-0.0018090452261306789,0.4623115577889447,-0.002688442211055242,-0.002688442211055242,0.2814070351758794,-0.003592964824120637,-0.003592964824120637,0.3993288590604027,0.09949636324800737,0.16606993048897412,0.3973063973063973,0.40703517587939697,0.09375196785934681,0.15661781360894622,0.40909090909090906,0.3993288590604027,0.09949636324800737,0.16606993048897412,0.3973063973063973,17.0,0.0,0.0,27.0,0.0,0.0,34.0,0.0,0.0,-0.00017234185209149752,-0.00014093054728091074,3.72986737284604e-05,-0.02461561472174001,-0.025531687600334863,-0.026688800899777654,-0.9357609748840332
14,1,test,2.058241581482003,0.9127776884700447,1.266100448182271,4.067183963407551,1.8036924382941004,2.5018751371266434,7.832185434614904,4.688285983015973,5.624066188609177,15.476773613310886,9.264277690989648,11.113424205036097,2.2312360408917145,0.9339436061108957,1.3249474487251005,3.8140787023789993,1.596484796770762,2.2648674337181207,9.311368201327356,5.651992956233851,6.8362489129915085,15.916868720217705,9.661526420912567,11.685895577763265,2.118586333699051,0.9287343057582214,1.295780732121844,3.997332705092549,1.7523288787890965,2.444869305890271,8.319368360142281,5.032773512949332,6.042489460315374,15.696921434230719,9.495799081036475,11.400923510029006,0.5829145728643217,-0.002085427135678275,-0.002085427135678275,0.44221105527638194,-0.0027889447236180143,-0.0027889447236180143,0.3316582914572864,-0.0033417085427135396,-0.0033417085427135396,0.41033434650455924,0.1356757729082011,0.20103202092316386,0.375,0.42713567839195976,0.1389151270135136,0.2034295014303571,0.38383838383838387,0.4147157190635451,0.13925662056604926,0.20448212618256623,0.3825503355704698,22.0,-13.0,-13.0,34.0,-19.0,-19.0,41.0,-21.0,-21.0,0.0005104633633716415,0.00016214552807067962,0.0002530404374007031,-0.06803109470410185,-0.07077781249039639,-0.07332671504361343,-0.7613403797149658
486,1,test,3.1042120436404614,1.4167428740480597,1.9747234852624171,5.7684570259775505,2.6326875454751346,3.669564901747484,22.29164720810992,16.885864948008383,19.19757355076631,41.42384835522788,31.378457698661244,35.67423116520353,3.228615236042732,1.4584369921140474,2.030230853950834,5.714363249633155,2.581304410821323,3.5933289450457244,25.24467483972471,19.37277494110756,21.92991762655831,44.680840424291524,34.28809724089834,38.814013498333296,3.095565022813513,1.4080958532211112,1.9660764644354687,5.752388546330622,2.6166190658282065,3.653496422100556,22.09972185755502,16.693939597453483,19.00564820021141,41.06719967230697,31.02180901574033,35.31758248228262,0.7035175879396984,-0.001482412060301641,-0.001482412060301641,0.5477386934673367,-0.002261306532663321,-0.002261306532663321,0.44221105527638194,-0.0027889447236180143,-0.0027889447236180143,0.41276595744680855,0.10915661562090617,0.17938547654157522,0.38888888888888884,0.4170854271356784,0.10881475044394906,0.17835420843784866,0.398989898989899,0.4085106382978724,0.10490129647197,0.17513015739263904,0.3803418803418803,21.0,-1.0,0.0,33.0,0.0,0.0,44.0,-4.0,0.0,-1.2267001431209012e-05,0.00016458052893849866,0.00019345357762792456,5.923247650940766e-05,-2.987576684176929e-05,-5.7128588733412755e-05,-0.8768281936645508
444,1,test,1.7290075046165112,0.7494212017878846,0.982212557301806,4.158658573195269,1.802529426522494,2.362445889457939,5.635058362700322,2.97170417080823,3.524832580986835,13.5536044279328,7.147628332401494,8.47802869152389,1.704530402044555,0.6296669930045868,0.9014816317482004,3.55110500425949,1.3118062354262228,1.878086732808751,5.4988028342440645,2.569210116922206,3.2664663889543006,11.455839238008467,5.3525210769212626,6.8051383103214595,1.7049496740003094,0.6971140856087936,0.9926061399454843,3.9344992476930214,1.6087248129433696,2.2906295537203483,5.50110881144469,2.7614439806465003,3.462345235155818,12.694866487949286,6.372563032261155,7.990027465744196,0.46733668341708545,-0.002663316582914521,-0.002663316582914521,0.33668341708542715,-0.0033165829145728187,-0.0033165829145728187,0.20603015075376885,-0.003969849246231116,-0.003969849246231116,0.3487738419618529,0.09979425012511822,0.14154021537338757,0.30601092896174864,0.371859296482412,0.09867633908892826,0.15316146676621833,0.28787878787878785,0.3612040133779264,0.10243940569846066,0.15541980870606875,0.30536912751677847,19.0,-6.0,-6.0,26.0,-5.0,-5.0,34.0,-8.0,-8.0,0.0009651977673191865,-0.0004030357192850037,0.0002677258749532003,-0.10257368836009917,-0.0979293621516053,-0.10140282953395818,-0.7836239337921143
316,1,test,2.839202238220564,1.2710423817936802,1.7424724956913171,4.6238436451020615,2.0699833074925653,2.837740921554431,17.102116678567278,12.304305274599578,14.107759004348203,27.852018590809564,20.038440018633597,22.975493235652785,2.758486420065913,1.2182396293884543,1.6588402637085522,4.243825261639866,1.8742148144437758,2.5520619441670034,15.775946712006073,11.110205121563292,12.772843505062037,24.270687249240112,17.092623263943526,19.65052846932621,2.839202238220564,1.2710423817936802,1.7424724956913171,4.6238436451020615,2.0699833074925653,2.837740921554431,17.102116678567278,12.304305274599578,14.107759004348203,27.852018590809564,20.038440018633597,22.975493235652785,0.6934673366834171,-0.0015326633165829717,-0.0015326633165829717,0.4723618090452262,-0.0026381909547738003,-0.0026381909547738003,0.36180904522613067,-0.0031909547738693256,-0.0031909547738693256,0.397887323943662,0.09507042253521125,0.15140845070422537,0.36749116607773846,0.3919597989949749,0.08291457286432169,0.13735343383584597,0.3484848484848485,0.397887323943662,0.09507042253521125,0.15140845070422537,0.36749116607773846,20.0,-10.0,-10.0,32.0,-14.0,-14.0,41.0,-18.0,-18.0,-0.0002458679031462998,6.69264388144314e-05,6.24242210035706e-05,-0.0002803336946550772,0.00016174870629104277,1.2262581172706177e-05,-0.7542524337768555
306,1,test,2.258428301734309,0.9810942073028357,1.366111342543531,4.282751230727867,1.8604896248242806,2.590613582506331,9.56803927218568,5.980975079084963,7.127260983565391,18.144269595425286,11.341971034118437,13.515720523712417,2.317602520612017,0.9456171789400041,1.3380402834249163,3.862670867686695,1.5760286315666732,2.2300671390415276,10.151307557725637,6.208136085637451,7.488017460389543,16.91884592954273,10.34689347606242,12.48002910064924,2.277909605399422,0.9380221477810906,1.326960977441644,4.325144820378649,1.781054710976754,2.519546159699324,9.756264635535427,5.937650910236192,7.168100935944482,18.524553105447016,11.27402071563834,13.61031823280598,0.5778894472361809,-0.002110552763819218,-0.002110552763819218,0.4170854271356784,-0.0029145728643216184,-0.0029145728643216184,0.29648241206030146,-0.0035175879396985854,-0.0035175879396985854,0.39032258064516134,0.10368812009765727,0.1585629239928008,0.3818770226537217,0.3919597989949749,0.0962204506240476,0.14988968213353915,0.38383838383838387,0.3913043478260869,0.10582855483777309,0.1599361609517821,0.3825503355704698,19.0,-6.0,-6.0,32.0,-9.0,-9.0,40.0,-11.0,-11.0,0.00013017596623472104,0.00012662134976207604,8.472452170262348e-05,-0.025132336103931507,-0.027533403601613493,-0.02571810761043114,-0.5230362415313721
442,1,test,2.5381276423209593,1.1408473104238512,1.5720201407869658,4.3736097791406365,1.9658668343461847,2.7088482651978794,12.655952303367766,8.611766150775384,10.028256080213502,21.808279392808863,14.839484045121427,17.280328273814227,2.6574002330626674,1.1503081270797766,1.5974691497221263,3.9079415192098046,1.6916295986467302,2.349219337826656,14.259170349906693,9.745583688850996,11.372998272831014,20.96936816162749,14.331740718898523,16.724997460045607,2.56198859493868,1.1885933768390413,1.6114981488107705,4.342353550743526,2.0145650454899005,2.7313527945945264,12.961567010755623,9.012832233293839,10.374588889118677,21.968757645348514,15.275986836091253,17.584048964607927,0.6281407035175879,-0.0018592964824121205,-0.0018592964824121205,0.5175879396984925,-0.002412060301507535,-0.002412060301507535,0.3668341708542714,-0.0031658291457286047,-0.0031658291457286047,0.4046052631578947,0.11019736842105254,0.18092105263157887,0.3927392739273927,0.4170854271356784,0.12562814070351758,0.19262981574539362,0.4292929292929293,0.40802675585284276,0.11371237458193972,0.18506131549609806,0.3993288590604027,22.0,-11.0,-11.0,34.0,-19.0,-19.0,39.0,-13.0,-13.0,0.0002577542011436335,-5.233564439242805e-05,8.872874008424505e-05,0.00048729044062767457,8.427820529455232e-05,-5.782855820246624e-05,-0.9943437576293945
126,1,test,3.1131276417346228,1.4125393146560306,1.9413958046802138,5.114423982849737,2.320600302649193,3.1894359648317794,22.491279172295435,17.014110361559794,19.263701732939847,36.94995864019964,27.95175273684823,31.647509989829747,3.1036233296945466,1.3954274118246144,1.9222068556988459,4.7748051226069945,2.146811402807099,2.9572413164597626,22.2785276667285,16.759531897522916,19.019540461080226,34.27465794881308,25.783895226958336,29.260831478584965,3.1131276417346228,1.4125393146560306,1.9413958046802138,5.114423982849737,2.320600302649193,3.1894359648317794,22.491279172295435,17.014110361559794,19.263701732939847,36.94995864019964,27.95175273684823,31.647509989829747,0.728643216080402,-0.001356783919598037,-0.001356783919598037,0.5979899497487438,-0.0020100502512562235,-0.0020100502512562235,0.4522613065326633,-0.0027386934673366836,-0.0027386934673366836,0.4206349206349206,0.08928571428571419,0.16666666666666663,0.4661354581673307,0.42713567839195976,0.0879396984924623,0.16917922948073694,0.4797979797979798,0.4206349206349206,0.08928571428571419,0.16666666666666663,0.4661354581673307,25.0,-14.0,-14.0,40.0,-21.0,-21.0,49.0,-20.0,-20.0,0.00018267231256313555,-3.312540327543826e-05,-0.00011630809719551017,-5.857619511928647e-05,-0.00012331829868550415,0.00012440840417138332,-0.565727949142456
226,1,test,2.000814111246539,0.770754392710514,1.160566911706593,3.223533845897202,1.2417709660336058,1.8698022466384,7.395074061915391,3.9736402087057114,5.078134409503633,11.914285988641463,6.401975891803646,8.181438770866963,2.000814111246539,0.770754392710514,1.160566911706593,3.223533845897202,1.2417709660336058,1.8698022466384,7.395074061915391,3.9736402087057114,5.078134409503633,11.914285988641463,6.401975891803646,8.181438770866963,2.000814111246539,0.770754392710514,1.160566911706593,3.223533845897202,1.2417709660336058,1.8698022466384,7.395074061915391,3.9736402087057114,5.078134409503633,11.914285988641463,6.401975891803646,8.181438770866963,0.49132947976878616,0.05132947976878621,0.05132947976878621,0.37572254335260113,0.035722543352601166,0.035722543352601166,0.2601156069364162,0.02011560693641623,0.02011560693641623,0.37572254335260113,0.1250020822575003,0.17226764891881996,0.25,0.37572254335260113,0.1250020822575003,0.17226764891881996,0.25,0.37572254335260113,0.1250020822575003,0.17226764891881996,0.25,15.0,2.0,2.0,20.0,2.0,2.0,27.0,1.0,1.0,0.0005534624501200308,0.00032835872799114377,0.0003497792943298086,-0.041713947566481835,-0.04110799632319928,-0.041829052149181756,-2.1015098094940186
135,1,test,2.942919629376109,1.3301980746747724,1.8316716976143617,5.136732444001936,2.3218002757959666,3.1970996903814317,18.971154272907416,13.954709076276288,15.933006842517376,33.11328745816567,24.357310387682247,27.81033921603033,3.016695016592591,1.3348217729348033,1.8462838607417478,4.826712026548146,2.135714836695685,2.954054177186796,20.42368009431462,15.048063709638159,17.200362442286554,32.67788815090339,24.076901935421056,27.520579907658487,2.942919629376109,1.3301980746747724,1.8316716976143617,5.136732444001936,2.3218002757959666,3.1970996903814317,18.971154272907416,13.954709076276288,15.933006842517376,33.11328745816567,24.357310387682247,27.81033921603033,0.6582914572864322,-0.0017085427135676845,-0.0017085427135676845,0.5226130653266332,-0.002386934673366814,-0.002386934673366814,0.4371859296482412,-0.002814070351758735,-0.002814070351758735,0.4285714285714286,0.13414634146341464,0.19976771196283394,0.42307692307692313,0.4371859296482412,0.1306532663316583,0.20100502512562812,0.43939393939393945,0.4285714285714286,0.13414634146341464,0.19976771196283394,0.42307692307692313,22.0,-11.0,-11.0,31.0,-12.0,-12.0,42.0,-14.0,-14.0,0.0002545370381148106,-0.00010192823984586605,-4.2977435972078255e-05,-0.00030112346023614123,0.00015012813114179124,1.7489102663859057e-06,-0.6524088382720947
402,1,test,2.266920280297066,0.9909296050888992,1.3774142334534574,3.7993077323414512,1.6607758744506693,2.308515475061661,9.649636828564583,6.067388330982875,7.2157097202277924,16.172575690331705,10.168807258630519,12.093368246191831,2.2757936524386384,0.9145704833006789,1.328697895899916,3.5559275819353724,1.4290163801573108,2.076090462343619,9.735642663748964,5.834680742732083,7.157431640600734,15.211941662107755,9.116688660518879,11.183486938438648,2.266920280297066,0.9909296050888992,1.3774142334534574,3.7993077323414512,1.6607758744506693,2.308515475061661,9.649636828564583,6.067388330982875,7.2157097202277924,16.172575690331705,10.168807258630519,12.093368246191831,0.5628140703517588,-0.0021859296482411583,-0.0021859296482411583,0.40703517587939697,-0.00296482412060306,-0.00296482412060306,0.3015075376884422,-0.0034924623115578646,-0.0034924623115578646,0.3712374581939799,0.09410891061468107,0.14654335363335702,0.35906040268456374,0.3668341708542714,0.08362615080414604,0.14479744297447172,0.3535353535353535,0.3712374581939799,0.09410891061468107,0.14654335363335702,0.35906040268456374,18.0,-9.0,-9.0,31.0,-21.0,-21.0,36.0,-23.0,-23.0,0.00012393477234582873,0.00011591812593289069,1.9570063190411102e-05,0.0005070350734097673,0.00010364583054389698,-4.030577335889518e-05,-0.6722078323364258
412,1,test,2.276631214857873,1.043639248541096,1.4312947580417457,3.987320206813224,1.8278427516821454,2.5067874293386505,9.743800287954059,6.312319219658139,7.4150390775982835,17.06541293370485,11.055474339514255,12.98679160483315,2.1385425976173362,0.9159068003551445,1.287402131627057,3.5642376626955605,1.526511333925241,2.1456702193784283,8.487059550346004,5.090932100105234,6.144742888631873,14.145099250576674,8.484886833508725,10.241238147719788,2.2693104349251176,1.0215310854390844,1.4115110808651383,3.8681427868041776,1.7412461683620757,2.4059847969292125,9.672728538074306,6.190127812917201,7.314762606342357,16.487605462626657,10.55135422656341,12.468345351719925,0.5477386934673367,-0.002261306532663321,-0.002261306532663321,0.40201005025125625,-0.002989949748743781,-0.002989949748743781,0.29145728643216084,-0.0035427135678391952,-0.0035427135678391952,0.40129449838187703,0.13516546612381253,0.19291641030454088,0.41233766233766234,0.3869346733668342,0.11693467336683416,0.16563683642839822,0.398989898989899,0.3946488294314381,0.12798216276477137,0.1848819037932583,0.40604026845637586,18.0,1.0,1.0,28.0,0.0,0.0,36.0,0.0,0.0,-0.0004943806442470776,-5.4077333181360625e-05,-0.00014707381751639869,-0.017576614536256585,-0.017679630175726047,-0.017148610262496256,-1.032595157623291
273,1,test,1.9493515019961387,0.8860710797297371,1.1846472131377828,4.177181789991725,1.8987237422780079,2.5385297424381053,7.024130968360174,4.128275916069134,4.875771981334639,15.051709217914658,8.846305534433856,10.448082817145654,1.9888712916541937,0.775799265071605,1.1496137192046865,3.489247880095077,1.361051342230886,2.01686617404331,7.307281316476385,3.943478829714353,4.9926334361246685,12.819791783291905,6.918383911779567,8.75900602828889,2.0382196560352543,0.9030001789803845,1.253103066660903,4.076439312070509,1.806000357960769,2.506206133321806,7.676929450148907,4.565073001099021,5.484266883160785,15.353858900297814,9.130146002198043,10.96853376632157,0.49246231155778897,-0.002537688442211028,-0.002537688442211028,0.37688442211055273,-0.003115577889447274,-0.003115577889447274,0.26633165829145733,-0.0036683417085426884,-0.0036683417085426884,0.36490250696378834,0.12985382824334324,0.17721922250631028,0.3770949720670391,0.37688442211055273,0.12375159003035219,0.18155887953960115,0.40909090909090906,0.3812709030100334,0.12918409165777966,0.18883486296553953,0.40604026845637586,14.0,-5.0,-5.0,24.0,-15.0,-15.0,29.0,-17.0,-17.0,-4.880266358005144e-06,4.988256410141954e-05,-7.671851410836469e-05,-0.11193660529936977,-0.11393424390546159,-0.11441319075302214,-1.0263545513153076
288,1,test,2.417312946207946,1.0842975542658884,1.506884219044192,4.143965050642193,1.8587958073129514,2.5832300897900433,11.215681648628701,7.423219726269577,8.73029379033975,19.226882826220628,12.725519530747846,14.966217926296714,2.6016893428773735,1.1370559772558306,1.5835125263366856,4.129665623614879,1.8048507575489379,2.513511946566168,13.486502127719058,9.160545222724139,10.718358800330819,21.407146234474695,14.540547972577999,17.013267937033042,2.417312946207946,1.0842975542658884,1.506884219044192,4.143965050642193,1.8587958073129514,2.5832300897900433,11.215681648628701,7.423219726269577,8.73029379033975,19.226882826220628,12.725519530747846,14.966217926296714,0.5979899497487438,-0.0020100502512562235,-0.0020100502512562235,0.4773869346733668,-0.0026130653266331905,-0.0026130653266331905,0.3015075376884422,-0.0034924623115578646,-0.0034924623115578646,0.3846153846153846,0.09747014254526776,0.16659536236844352,0.3523489932885906,0.35678391959798994,0.06355083689122298,0.13307774263638728,0.35858585858585856,0.3846153846153846,0.09747014254526776,0.16659536236844352,0.3523489932885906,24.0,0.0,0.0,30.0,1.0,1.0,40.0,0.0,0.0,0.0006520778086268643,3.246426983690525e-05,0.00015757252137304703,0.0005070350734097673,0.00010364583054389698,-4.030577335889518e-05,-0.5706181526184082
27,1,test,2.492013020808643,1.1215243129282708,1.5398015150360305,4.065915981319365,1.8298554579356,2.512307735058787,12.085580174329882,8.148305771935426,9.494145875472615,19.718578179169807,13.294604154210433,15.490448533665845,2.6075687144868938,1.1376569360943896,1.5856230891929002,3.6986790276409844,1.61369778169417,2.2491107648126247,13.5660278369587,9.217176375486817,10.787432222804817,19.242592676537164,13.074009043243713,15.301322301850806,2.534423611235858,1.1429836817808374,1.577679044958474,4.087780018122351,1.8435220673884474,2.5446436209007643,12.609160974390527,8.588525656360359,10.005952881563461,20.3373564103073,13.852460736065094,16.138633679941066,0.6331658291457287,-0.0018341708542712887,-0.0018341708542712887,0.44723618090452266,-0.0027638190954772934,-0.0027638190954772934,0.3517587939698492,-0.0032412060301507672,-0.0032412060301507672,0.38834951456310685,0.10679611650485443,0.16289104638619212,0.3701298701298701,0.3869346733668342,0.10050251256281406,0.15410385259631487,0.38383838383838387,0.3946488294314381,0.11204013377926414,0.1683389074693422,0.3791946308724832,20.0,-9.0,-9.0,35.0,-17.0,-17.0,39.0,-13.0,-13.0,0.0005686903286378385,0.00015183477891282014,0.00010547426413229182,-0.00860420470577683,-0.010123765309177912,-0.008218116196869296,-0.8538353443145752
95,1,test,2.4375144198939607,1.0503809886201514,1.464261954811942,4.5819100171424445,1.9744503393682589,2.7524417758173843,11.444558992468373,7.4412013033813444,8.798020742946449,21.512873549133587,13.987574601925692,16.538051649715793,2.471179218148466,1.033642302407595,1.4670282217253403,3.9225066954737557,1.6407020673136428,2.3286162249608573,11.836396318648966,7.626083638561933,9.106807460558894,18.787930664522168,12.10489466438402,14.45524993739507,2.4375144198939607,1.0503809886201514,1.464261954811942,4.5819100171424445,1.9744503393682589,2.7524417758173843,11.444558992468373,7.4412013033813444,8.798020742946449,21.512873549133587,13.987574601925692,16.538051649715793,0.592964824120603,-0.0020351758793969443,-0.0020351758793969443,0.4522613065326633,-0.0027386934673366836,-0.0027386934673366836,0.33668341708542715,-0.0033165829145728187,-0.0033165829145728187,0.3918918918918919,0.11027300487671488,0.1626784087458245,0.37966101694915255,0.3919597989949749,0.11125804460901001,0.16825362203337224,0.3787878787878788,0.3918918918918919,0.11027300487671488,0.1626784087458245,0.37966101694915255,17.0,-7.0,-7.0,26.0,-10.0,-10.0,36.0,-12.0,-12.0,0.00029284270513145764,0.0001480919022587903,9.330075845855341e-05,-0.009706652986992026,-0.010367098096360827,-0.009796630601180745,-0.8394737243652344
267,1,test,1.9011330364398586,0.8015549920975864,0.968281519717158,4.026502277177752,1.6976523678784776,2.050770603298391,6.693474097517335,3.6905754310183325,4.151727410560313,14.176434883459791,7.8164495026183145,8.793145746468765,1.8574586184180562,0.7001050071985593,1.0179072175583699,3.121779190618582,1.1766470709219483,1.71076843287121,6.4074323317876205,3.225929699003695,4.09210424220159,10.768793834937178,5.421730586560832,6.877486121347211,1.8790150964539187,0.777409083471122,1.0893587240176243,3.6134905701036897,1.495017468213696,2.0949206231108164,6.547053469534374,3.5380588395869026,4.3444140609507516,12.590487441412257,6.803959306897889,8.354642424905292,0.457286432160804,-0.0027135678391959628,-0.0027135678391959628,0.3266331658291457,-0.0033668341708542604,-0.0033668341708542604,0.2562814070351759,-0.00371859296482413,-0.00371859296482413,0.34466019417475724,0.10102383053839359,0.12276381098805145,0.35523114355231145,0.3467336683417085,0.0910945705973476,0.12803583862551482,0.3535353535353535,0.3377926421404682,0.09739197436083546,0.14313190799141373,0.3489932885906041,16.0,-5.0,-5.0,24.0,-7.0,-7.0,33.0,-10.0,-10.0,-0.00026457158388936043,-7.84255254438128e-05,-2.27766752486945e-06,-0.08825599625295233,-0.08569110977840477,-0.08913935927313332,-0.9171671867370605
199,1,test,2.964682927430776,1.3757461945923894,1.878552909840107,4.743492683889242,2.2011939113478234,3.0056846557441714,19.38855468790559,14.490016983830488,16.425768759887287,31.021687500648945,23.184027174128783,26.281230015819663,3.0194022871142057,1.3538390918426062,1.8632117391153666,4.717816073615946,2.115373581004072,2.9112683423677606,20.479047434744096,15.190396480365976,17.30124293965794,31.99851161678765,23.734994500571837,27.03319209321553,2.964682927430776,1.3757461945923894,1.878552909840107,4.743492683889242,2.2011939113478234,3.0056846557441714,19.38855468790559,14.490016983830488,16.425768759887287,31.021687500648945,23.184027174128783,26.281230015819663,0.6884422110552764,-0.0015577889447235815,-0.0015577889447235815,0.5527638190954773,-0.0022361809045226,-0.0022361809045226,0.42211055276381915,-0.0028894472361808976,-0.0028894472361808976,0.4095940959409594,0.1094099338783443,0.17769225545016187,0.4185185185185185,0.42211055276381915,0.10882734474376898,0.1800404359023834,0.43434343434343436,0.4095940959409594,0.1094099338783443,0.17769225545016187,0.4185185185185185,23.0,-12.0,-12.0,32.0,-13.0,-13.0,42.0,-15.0,-15.0,4.931229350351623e-05,6.284831481983454e-05,-1.578547755124374e-05,-0.005736301582753178,-0.003937436137006145,-0.00436197602052335,-0.6814215183258057
196,1,test,2.136935609291835,0.9575013625258952,1.3189670101071145,3.7256521355716288,1.669361014246718,2.2995602846370113,8.473431897403039,5.220898346516988,6.207539673552116,14.773051423221006,9.102403923508675,10.822569169072539,2.251366230710667,0.976451227471903,1.3660480352291358,3.602185969137067,1.5623219639550445,2.185676856366617,9.500707131305942,5.9223098863069445,7.0769516344605865,15.201131410089507,9.475695818091111,11.323122615136938,2.171313460056598,0.9580467468632556,1.3291871979879823,3.701102488732838,1.6330342276078222,2.2656599965704247,8.769795255097913,5.405337817277456,6.448497835227576,14.948514639371442,9.213644006722937,10.991757673683368,0.5326633165829145,-0.0023366834170853723,-0.0023366834170853723,0.42713567839195976,-0.002864321608040288,-0.002864321608040288,0.321608040201005,-0.0033919597989949812,-0.0033919597989949812,0.3975903614457831,0.13894374490442973,0.19518555182654462,0.38368580060422963,0.3869346733668342,0.1312955756224733,0.1782535381414585,0.3737373737373737,0.39799331103678925,0.13588980519371752,0.19332145341721196,0.38590604026845643,11.0,0.0,0.0,19.0,0.0,0.0,25.0,1.0,1.0,0.00013634484634580493,-4.585023283299609e-05,0.00020032885096766973,-0.022809358343686803,-0.019148984501689448,-0.020587491235946054,-0.5253283977508545
237,1,test,2.7496672716082595,1.2462600750596466,1.7215361403819154,4.592083920604656,2.0813175872823537,2.8750527420591374,15.637428002226404,11.14044289284784,12.841592103444583,26.115298541789272,18.605105135771264,21.446110670219632,2.4487723681195894,1.0192707246638737,1.4486847469036035,3.601135835469984,1.4989275362704024,2.1304187454464754,11.574129224060355,7.3975119954029,8.85560920600703,17.020778270676992,10.878694110886617,13.022954714716219,2.7059378217295262,1.203572425034063,1.67390777634006,4.411855144124228,1.9623463451642333,2.7291974614240115,14.968347751957422,10.47604516145817,12.16158985085323,24.40491481297406,17.08050841542093,19.828679104652007,0.5829145728643217,-0.002085427135678275,-0.002085427135678275,0.40201005025125625,-0.002989949748743781,-0.002989949748743781,0.31658291457286436,-0.003417085427135591,-0.003417085427135591,0.3932926829268293,0.10409938003489627,0.17625414337307677,0.4036697247706422,0.35678391959798994,0.08360096220450619,0.13808608988179627,0.3434343434343434,0.3913043478260869,0.10582855483777309,0.17773371378826708,0.3959731543624161,17.0,-2.0,-2.0,28.0,-3.0,-3.0,33.0,-2.0,-2.0,-0.00020456066234218048,-0.00016490853922219789,-0.0003633277613933284,-0.020066451329975976,-0.01901453224126115,-0.018471327994233455,-0.9112746715545654
144,1,test,2.4483417405978867,1.1000651372685977,1.5277765155301983,4.075682658001272,1.8312461566507188,2.543244738427515,11.569146158476327,7.718362776923626,9.058437053800732,19.25881815602646,12.848532047812983,15.07931437698565,2.302508828628003,0.9763712566239191,1.3889845034434916,3.62599815531969,1.5375925301164082,2.187377170777152,9.999237385420102,6.232769838497132,7.506143844702033,15.746830528220633,9.81538557243643,11.820698968034698,2.4483417405978867,1.1000651372685977,1.5277765155301983,4.075682658001272,1.8312461566507188,2.543244738427515,11.569146158476327,7.718362776923626,9.058437053800732,19.25881815602646,12.848532047812983,15.07931437698565,0.6080402010050252,-0.001959798994974782,-0.001959798994974782,0.42713567839195976,-0.002864321608040288,-0.002864321608040288,0.29145728643216084,-0.0035427135678391952,-0.0035427135678391952,0.3898916967509025,0.07998178684099255,0.15099613852761318,0.39492753623188404,0.3668341708542714,0.06858855681918363,0.13144185032004774,0.33838383838383834,0.3898916967509025,0.07998178684099255,0.15099613852761318,0.39492753623188404,21.0,-4.0,-4.0,29.0,-6.0,-6.0,38.0,-8.0,-8.0,-0.0003435016457208836,-3.652553781744437e-05,0.00010291161003889503,-0.014258411366319557,-0.015544616123656319,-0.014405370873249446,-0.7273163795471191
243,1,test,2.549711620612223,1.1077107909655144,1.5311879497573735,4.906992175517862,2.131820767518537,2.946814544816077,12.803411010400282,8.574261846049465,10.03430737402269,24.640526850204314,16.50140959051029,19.311308531138003,2.600045294018846,1.0689819294569092,1.4857826643888732,4.297595527303877,1.7669122800940644,2.455839114692352,13.464347875616946,8.841257635829542,10.417027528806628,22.2551204555652,14.613648984842218,17.218227320341533,2.565423243819272,1.1121940445514849,1.5358763344286517,4.871056792061909,2.1117608440850977,2.9162208881556677,13.00616198257498,8.729258769891391,10.206364997028333,24.69524427071199,16.57454196814821,19.379174044990506,0.6080402010050252,-0.001959798994974782,-0.001959798994974782,0.4522613065326633,-0.0027386934673366836,-0.0027386934673366836,0.33668341708542715,-0.0033165829145728187,-0.0033165829145728187,0.40327868852459015,0.11195299294357541,0.1666374671505444,0.3717105263157895,0.38190954773869346,0.09619526202440776,0.1465172272044698,0.3484848484848485,0.4013377926421404,0.1125231014902206,0.1621831764018734,0.37248322147651003,23.0,-14.0,-14.0,33.0,-24.0,-24.0,39.0,-28.0,-28.0,0.0005249673578955657,0.00017507554243320514,8.944205706314504e-05,0.0004833415140721442,8.040468024717029e-05,-6.13331151724239e-05,-0.4439516067504883
177,1,test,2.6537115614708155,1.197719448455225,1.6357791818992007,4.202905337897022,1.896928639985843,2.5907205421430586,14.20666984140886,9.91793357471461,11.43920306789477,22.500293316393496,15.707862364277737,18.11722431834145,2.7161730479954476,1.1890969939577847,1.634197583564653,3.880247211422068,1.698709991368264,2.334567976520933,15.122338900812899,10.517645655753984,12.171836490502118,21.603341286875573,15.02520807964855,17.388337843574455,2.6537115614708155,1.197719448455225,1.6357791818992007,4.202905337897022,1.896928639985843,2.5907205421430586,14.20666984140886,9.91793357471461,11.43920306789477,22.500293316393496,15.707862364277737,18.11722431834145,0.6733668341708543,-0.001633165829145744,-0.001633165829145744,0.4974874371859297,-0.002512562814070307,-0.002512562814070307,0.35678391959798994,-0.0032160804020100464,-0.0032160804020100464,0.4212328767123288,0.10841236389181597,0.18546977876244264,0.4226804123711341,0.38190954773869346,0.06361380839032249,0.1298227363864397,0.41414141414141414,0.4212328767123288,0.10841236389181597,0.18546977876244264,0.4226804123711341,24.0,-5.0,-5.0,32.0,-2.0,-2.0,39.0,-3.0,-3.0,0.00029290328192737826,8.578523963666474e-05,-1.1275912661696735e-05,-0.01144368251966732,-0.00892427429851228,-0.00996876297182503,-0.37560176849365234
257,1,test,2.645012089459028,1.2343314010300945,1.4449138579513754,5.002522864846423,2.3344963454264835,2.7327718617776013,14.083615345385907,9.984870922747106,10.763172266539314,26.63640293583856,18.88442978867387,20.356434504106964,3.66413677817014,1.7707682083395346,2.4002279622687928,5.637133504877138,2.724258782060822,3.6926584034904497,39.02243660096484,32.38073251622209,35.48320792272689,60.03451784763821,49.8165115634186,54.58955065034907,2.9918672898940017,1.4138594385942638,1.9198196903306577,5.540494981285188,2.618258219619007,3.555221648760477,19.922849515521257,15.07755587076133,17.00149436997632,36.894165769483806,27.921399760669125,31.484248833289477,0.7437185929648241,-0.0012814070351758744,-0.0012814070351758744,0.5778894472361809,-0.002110552763819218,-0.002110552763819218,0.48743718592964824,-0.002562814070351749,-0.002562814070351749,0.36866359447004604,0.10974529757706564,0.13503700600474788,0.2979214780600462,0.4321608040201005,0.13892772131333353,0.20010738164948283,0.4040404040404041,0.38795986622073575,0.11417021680504291,0.17550157923519627,0.325503355704698,24.0,-3.0,-3.0,37.0,-4.0,-4.0,45.0,-1.0,-1.0,-0.00016624926920730176,0.0014220659777245553,0.0006259028310303087,-0.027550283010877585,-0.03517502563449426,-0.03302771569541996,-1.0071461200714111
149,1,test,2.2700013964943735,0.9801428370378507,1.3483394908486321,4.161669226906351,1.7969285345693926,2.471955733222492,9.679414331311055,6.047141562527017,7.165950270345809,17.745592940736934,11.086426197966198,13.137575495633984,2.011413959402535,0.7810259036346054,1.142284778096304,3.3805276628614034,1.3126485775371521,1.9198063497416875,7.473877639209127,4.051320217434339,5.089044447511785,12.561138889427106,6.808941541906452,8.55301587817107,2.149883208864907,0.9187303111797878,1.2680720228732358,3.9812652016016794,1.701352428110718,2.3482815238393253,8.583855820368257,5.158679681888811,6.1685855694357175,15.896029296978252,9.553110522016317,11.423306610066142,0.4773869346733668,-0.0026130653266331905,-0.0026130653266331905,0.371859296482412,-0.003140703517587995,-0.003140703517587995,0.3015075376884422,-0.0034924623115578646,-0.0034924623115578646,0.37606837606837606,0.11860038175827647,0.17078978369300946,0.3771428571428571,0.371859296482412,0.11371393307389066,0.16651705942064243,0.3232323232323232,0.35785953177257523,0.11411996582933648,0.16542349172808135,0.3523489932885906,20.0,-5.0,-5.0,30.0,-4.0,-4.0,37.0,-3.0,-3.0,-0.0007112457972772204,0.00013420414093945736,-9.2730407686119e-05,-0.09958366655268414,-0.10112553710260741,-0.10603656334303135,-0.868293046951294
439,1,test,2.1300520801289196,0.9383151077491714,1.2265090932991936,4.413091326233949,1.9440230132924818,2.541109999929268,8.415305070200697,5.122509331996028,5.946972161968448,17.43502431671415,10.612933698886795,12.321074921205348,1.9130912264387812,0.7615008618200734,1.1039930631269932,3.643983288454821,1.4504778320382345,2.102843929765701,6.773996423621589,3.6107768396061783,4.5281147689916,12.902850330707787,6.877670170678434,8.624980512364951,1.9823945641118945,0.8422006306743115,1.1868304863919312,4.3095534002432485,1.8308709362485027,2.580066274765068,7.260106978886058,4.132732169959357,5.044416512887777,15.78284125844795,8.984200369476861,10.96612285410386,0.4371859296482412,-0.002814070351758735,-0.002814070351758735,0.3266331658291457,-0.0033668341708542604,-0.0033668341708542604,0.25125628140703515,-0.003743718592964851,-0.003743718592964851,0.3582887700534759,0.10461720797069884,0.15203266057155995,0.35924932975871315,0.33668341708542715,0.10109444465434947,0.15304401808709656,0.30808080808080807,0.35785953177257523,0.10577272042032149,0.15986175646667977,0.3422818791946308,16.0,-2.0,-2.0,27.0,-7.0,-7.0,32.0,-4.0,-4.0,-0.00016490285067934877,-0.00014560422560559055,8.852748646001593e-05,-0.08363308549581294,-0.08452143206956642,-0.0866699010256129,-1.051720142364502
53,1,test,2.784347824055514,1.3253601762575682,1.8054156616919506,4.4903644098929965,2.137430573270876,2.911624101803781,16.189256189651864,11.88765360316519,13.527643635809419,26.10868483764665,19.171418238630565,21.816257655438314,3.0416853937072372,1.4231567829256178,1.9513568613195404,4.539828945831697,2.1241146013815193,2.9124729273425976,20.94050650839164,15.8948457871854,17.96525512993632,31.25448732595767,23.723650428634926,26.813813626770628,2.784347824055514,1.3253601762575682,1.8054156616919506,4.4903644098929965,2.137430573270876,2.911624101803781,16.189256189651864,11.88765360316519,13.527643635809419,26.10868483764665,19.171418238630565,21.816257655438314,0.6633165829145728,-0.0016834170854271857,-0.0016834170854271857,0.49246231155778897,-0.002537688442211028,-0.002537688442211028,0.40201005025125625,-0.002989949748743781,-0.002989949748743781,0.3920863309352518,0.12458184260491068,0.17318680940415132,0.3393501805054152,0.39698492462311563,0.11377690457299028,0.16993984949790697,0.36363636363636365,0.3920863309352518,0.12458184260491068,0.17318680940415132,0.3393501805054152,17.0,0.0,0.0,27.0,0.0,0.0,36.0,0.0,0.0,0.0009356715218827506,0.0005348233424473308,0.00010414685751261251,-0.00023875416349117273,0.00018498985658865763,3.328992298534672e-05,-0.39900970458984375
363,1,test,2.5842656595142266,1.172630180002145,1.6071499921523056,4.504005863724795,2.0437268851465955,2.801032843465447,13.253552895093325,9.150893158971927,10.596770758608525,23.099049331448366,15.948699505636787,18.46865760786057,2.6873147170148304,1.1855651279839263,1.637659724341278,4.13433033386897,1.8239463507445022,2.519476498986582,14.692170267418078,10.202633219676965,11.835504889873448,22.60333887295089,15.696358799503024,18.20846906134377,2.5795420779033646,1.1670097224722393,1.5916970207935277,4.473194354745719,2.0237162817437677,2.760168244150626,13.191096281942935,9.084755318544891,10.505655021922896,22.874733436895262,15.753910957014263,18.21789888194722,0.6231155778894473,-0.0018844221105527303,-0.0018844221105527303,0.4974874371859297,-0.002512562814070307,-0.002512562814070307,0.40201005025125625,-0.002989949748743781,-0.002989949748743781,0.42434210526315785,0.13205967504969318,0.19677098928941605,0.42244224422442245,0.4321608040201005,0.13892772131333353,0.20010738164948283,0.4444444444444444,0.42140468227424754,0.13258999112232772,0.1955982306613443,0.41946308724832215,18.0,-6.0,-6.0,32.0,-9.0,-9.0,42.0,-10.0,-10.0,0.00011539754419020891,6.53114514182628e-05,7.65260090103974e-05,0.00048729044062767457,8.427820529455232e-05,-5.782855820246624e-05,-0.5906569957733154
25,1,test,2.3259627713531743,1.0431277587861505,1.431430080051764,4.06711204590898,1.823983395363212,2.5029577399762277,10.236530781638654,6.6296800699504015,7.790338386299311,17.899305252465304,11.592469150884702,13.621963121186223,2.4883018085105935,1.0618179374641303,1.4770226766976715,3.887971575797802,1.6590905272877037,2.3078479323401115,12.040811145626796,7.8767789981995655,9.291695897901711,18.813767415041866,12.30746718468682,14.518274840471424,2.355014228103153,1.065179289918507,1.4489725649672383,4.083839701912982,1.8471317166216887,2.51266918780446,10.538278800346628,6.906091829451862,8.06377061536483,18.27447190811554,11.97588178517664,13.98341725207774,0.6231155778894473,-0.0018844221105527303,-0.0018844221105527303,0.48743718592964824,-0.002562814070351749,-0.002562814070351749,0.3316582914572864,-0.0033417085427135396,-0.0033417085427135396,0.3868852459016393,0.11028950122078829,0.1731447878863721,0.36184210526315785,0.40703517587939697,0.11630835883679047,0.17164285534517332,0.41414141414141414,0.3913043478260869,0.11083690208318209,0.17439667263142622,0.3657718120805369,17.0,-6.0,-6.0,26.0,-13.0,-13.0,34.0,-10.0,-10.0,0.0007027381597674384,0.0002344764199127949,7.907209573445509e-05,-0.0073935499563004825,-0.00839042789909783,-0.009049660986089059,-0.9415328502655029
305,1,test,2.8290718654079625,1.308204461672003,1.784902326175409,4.787660079921167,2.213884473598774,3.0206039366045383,16.929740452610744,12.353547571708715,14.088702279654104,28.650329996725873,20.90600358289167,23.84241924249156,2.6951976181873722,1.189551377147513,1.6405515170461575,4.178600958430034,1.8442657010038959,2.5434907241025697,14.808444882185478,10.301379542239467,11.937485937185366,22.95882927470617,15.971131073239484,18.507730135171112,2.88987159011356,1.3217540537454846,1.80508127346182,4.816452650189267,2.202923422909141,3.0084687891030333,17.990999231048082,13.193390866444801,15.032179892504303,29.984998718413472,21.988984777408,25.053633154173838,0.6381909547738693,-0.0018090452261306789,-0.0018090452261306789,0.46733668341708545,-0.002663316582914521,-0.002663316582914521,0.3467336683417085,-0.003266331658291488,-0.003266331658291488,0.38110749185667747,0.09980667884854744,0.15142168470608164,0.38888888888888884,0.37688442211055273,0.09367640206042738,0.14316155065813208,0.3737373737373737,0.38795986622073575,0.10248407323242192,0.15881637345099164,0.3993288590604027,20.0,-2.0,-2.0,31.0,-1.0,-1.0,35.0,-2.0,-2.0,-0.000392894209062227,4.827834766882172e-05,-4.638124660969922e-05,-0.002744695469380609,-0.0034236711484751936,-0.00425654271487641,-0.6743011474609375
324,1,test,2.703490093302187,1.247921473688108,1.71682263386252,5.338101458112598,2.464048769702633,3.389904563677587,14.93175410557942,10.64483370586396,12.24947335366184,29.483081354965734,21.01846145743839,24.186858214236754,3.0393255415873313,1.3770487734407304,1.9137301162617688,5.065542569312219,2.2950812890678844,3.189550193769615,20.89114827169159,15.619849554215689,17.809096837528433,34.81858045281932,26.03308259035948,29.68182806254739,2.7510711050352525,1.2518219940014133,1.7348568303116352,5.290521355837024,2.407349988464256,3.3362631352146828,15.659395762298336,11.181070679684257,12.89667970458194,30.114222619804494,21.502058999392805,24.80130712419604,0.6381909547738693,-0.0018090452261306789,-0.0018090452261306789,0.5527638190954773,-0.0022361809045226,-0.0022361809045226,0.44723618090452266,-0.0027638190954772934,-0.0027638190954772934,0.42071197411003236,0.13476690141213254,0.20542672114986016,0.3701298701298701,0.44221105527638194,0.13394037858465258,0.21349653106937028,0.41414141414141414,0.4147157190635451,0.12757047699342827,0.19892039092116465,0.37583892617449666,16.0,-1.0,-1.0,31.0,0.0,0.0,37.0,0.0,0.0,0.0008644599053512938,0.00014698096402095462,0.00014162206923651972,-0.044255869057791664,-0.04312136502135111,-0.040359172861544224,-0.3276381492614746
469,1,test,2.3566614770590326,1.074057834649161,1.477318243422354,3.9277691284317213,1.790096391081935,2.46219707237059,10.55565227438728,6.949635983781223,8.14633544595518,17.592753790645467,11.582726639635375,13.577225743258634,2.4825895509528157,1.0484124979182106,1.4850127712965413,3.7053575387355457,1.5647947730122547,2.2164369720843897,11.972227002793502,7.776036657423938,9.260524195732579,17.868995526557466,11.606024861826773,13.821677904078477,2.370553830395574,1.0675780264828916,1.4772932716835303,3.8441413465874175,1.7312076105127971,2.3956107108381572,10.70331846600973,7.0230864283214345,8.260235973212769,17.356732647583346,11.388788802683408,13.394977253858546,0.6030150753768844,-0.0019849246231156137,-0.0019849246231156137,0.44723618090452266,-0.0027638190954772934,-0.0027638190954772934,0.3316582914572864,-0.0033417085427135396,-0.0033417085427135396,0.4106583072100314,0.1316614420062696,0.19017763845350055,0.3836477987421384,0.40201005025125625,0.12311557788944716,0.18090452261306533,0.3787878787878788,0.41137123745819393,0.12876254180601998,0.19509476031215156,0.38590604026845643,21.0,-12.0,-12.0,35.0,-26.0,-26.0,41.0,-28.0,-28.0,0.0008887264797747327,-3.4813614094678503e-05,0.00013063676755030551,-0.004247472499277372,-0.0034701534490721997,-0.004298597398502579,-1.1651995182037354
291,1,test,2.6759539064186724,1.194677936819238,1.6588116278858442,4.336334944738692,1.9359540060504514,2.6880742644656146,14.526199868018205,10.127645344363199,11.760918809295207,23.53944436443914,16.411666250805425,19.058356383737415,2.7687230146110955,1.2109659823648764,1.6924353678875854,4.195034870622872,1.8347969429770856,2.564296011950887,15.938268073605666,11.19010874942429,13.004499947256729,24.148891020614645,16.954710226400437,19.703787798873833,2.6759539064186724,1.194677936819238,1.6588116278858442,4.336334944738692,1.9359540060504514,2.6880742644656146,14.526199868018205,10.127645344363199,11.760918809295207,23.53944436443914,16.411666250805425,19.058356383737415,0.6783919597989949,-0.0016080402010050232,-0.0016080402010050232,0.5025125628140703,-0.0024874371859296973,-0.0024874371859296973,0.3919597989949749,-0.0030402010050251116,-0.0030402010050251116,0.4029850746268657,0.10130909697323442,0.16601236991222557,0.39700374531835203,0.4170854271356784,0.11132101610810952,0.17167641211063667,0.40909090909090906,0.4029850746268657,0.10130909697323442,0.16601236991222557,0.39700374531835203,22.0,-9.0,-9.0,38.0,-18.0,-18.0,45.0,-17.0,-17.0,5.7444137674686946e-05,0.000232441919681923,2.765772567937597e-05,-0.00016945494488584956,0.00022372510708557058,6.833549267337702e-05,-0.6500091552734375
289,1,test,2.3049789618472665,1.0323652361525972,1.4154432716012812,4.331011425127029,1.939794552006472,2.659590860652089,10.023967364450204,6.4537955365610635,7.58996810516339,18.83484313702427,12.126558492264419,14.26140503836433,2.30032938449227,0.9644734709706138,1.3519628569109354,3.932186982038069,1.6486725999497671,2.311047618651172,9.977468336968013,6.174218530323126,7.3959789153040525,17.055501430714553,10.554219709954063,12.642699000519748,2.3049789618472665,1.0323652361525972,1.4154432716012812,4.331011425127029,1.939794552006472,2.659590860652089,10.023967364450204,6.4537955365610635,7.58996810516339,18.83484313702427,12.126558492264419,14.26140503836433,0.6281407035175879,-0.0018592964824121205,-0.0018592964824121205,0.4170854271356784,-0.0029145728643216184,-0.0029145728643216184,0.31155778894472363,-0.003442211055276312,-0.003442211055276312,0.37755102040816324,0.07823129251700678,0.14852607709750565,0.3583617747440273,0.38190954773869346,0.07788944723618085,0.13735343383584586,0.3434343434343434,0.37755102040816324,0.07823129251700678,0.14852607709750565,0.3583617747440273,12.0,-1.0,-1.0,21.0,-7.0,-7.0,31.0,-11.0,-11.0,0.0006538179307554576,0.00045549827680298855,-7.228454555806127e-05,-0.005017264101709884,-0.00511485787782906,-0.0042067614979854895,-0.6753172874450684
336,1,test,2.3615596997737884,1.0080141484816736,1.4135274944152112,4.108840864924337,1.753828084930542,2.4593744266992985,10.607483045828268,6.736356540655651,8.026856529193582,18.455794201123172,11.720481611198561,13.96580240050444,2.3015511898539174,0.8830326878407897,1.2842905488450531,3.7423596582990526,1.4358255086842107,2.0882773151952083,9.989666311535714,5.858670468978218,7.224057927928561,16.24335985615563,9.526293445493035,11.74643565516839,2.3678787356635,1.0206655989316182,1.4256755114941009,4.106148096526301,1.7699403449681244,2.4722696731111578,10.674724338217851,6.828033959393688,8.109096489062145,18.5110826674298,11.840521316867665,14.062017033055742,0.5778894472361809,-0.002110552763819218,-0.002110552763819218,0.42211055276381915,-0.0028894472361808976,-0.0028894472361808976,0.3065326633165829,-0.0034673366834171437,-0.0034673366834171437,0.36,0.07381031613976707,0.12829268292682927,0.3745819397993311,0.37688442211055273,0.08615760506794623,0.14149210157632908,0.38888888888888884,0.35785953177257523,0.06737539153885241,0.1242666507937098,0.37583892617449666,17.0,-7.0,-7.0,26.0,-11.0,-11.0,34.0,-11.0,-11.0,-0.00044214392063088857,-0.00022248747180219475,-6.866277870406328e-05,-0.012539084283730517,-0.01249676604475436,-0.012657320927408122,-0.8772833347320557
296,1,test,2.7228599451856073,1.254298667222921,1.717814834740871,4.18901530028555,1.9296902572660324,2.642792053447494,15.223799275802595,10.88081697605389,12.49176876264492,23.421229655080914,16.739718424698292,19.218105788684493,2.538043349831548,1.1165516076974535,1.5296632997773703,3.8166065411000716,1.6790249739811332,2.3002455635749928,12.654885546602666,8.51158898403109,9.913728667190787,19.029903077597993,12.799381930873821,14.907862657429755,2.7228599451856073,1.254298667222921,1.717814834740871,4.18901530028555,1.9296902572660324,2.642792053447494,15.223799275802595,10.88081697605389,12.49176876264492,23.421229655080914,16.739718424698292,19.218105788684493,0.6080402010050252,-0.001959798994974782,-0.001959798994974782,0.4723618090452262,-0.0026381909547738003,-0.0026381909547738003,0.3417085427135679,-0.003291457286432098,-0.003291457286432098,0.4013377926421404,0.1075147542448115,0.17886838218607815,0.4261744966442953,0.4120603015075377,0.126346015793252,0.18334577730052604,0.398989898989899,0.4013377926421404,0.1075147542448115,0.17886838218607815,0.4261744966442953,22.0,-13.0,-13.0,33.0,-21.0,-21.0,42.0,-23.0,-23.0,-0.0005713572862718842,2.9512353600015047e-05,-0.00011302453790528084,-0.008836125156603813,-0.01037871867150919,-0.009663563130684949,-1.066138505935669
467,1,test,2.923762326206111,1.331400410772382,1.8279762275335487,4.896421245092162,2.2296946638236275,3.061309585869437,18.611177223054373,13.695832365539541,15.619643823295092,31.168116072344073,22.936393961566225,26.158198692024314,3.117878592793067,1.416947879978449,1.953234897753047,4.653550138497114,2.1148475820573864,2.9152759667955923,22.598388372701145,17.11934393641551,19.393607572245973,33.7289378697032,25.551259606590314,28.945682943650706,2.923762326206111,1.331400410772382,1.8279762275335487,4.896421245092162,2.2296946638236275,3.061309585869437,18.611177223054373,13.695832365539541,15.619643823295092,31.168116072344073,22.936393961566225,26.158198692024314,0.6834170854271358,-0.0015829145728643024,-0.0015829145728643024,0.5778894472361809,-0.002110552763819218,-0.002110552763819218,0.4824120603015075,-0.0025879396984924696,-0.0025879396984924696,0.45126353790613716,0.1413536279962272,0.22197182121946246,0.44565217391304346,0.4522613065326633,0.1289530358559715,0.20685229150762152,0.4797979797979798,0.45126353790613716,0.1413536279962272,0.22197182121946246,0.44565217391304346,21.0,-6.0,-6.0,35.0,-10.0,-10.0,45.0,-10.0,-10.0,0.0005178429921970987,3.7555858826521376e-05,7.835165419761104e-05,-0.03521961043387822,-0.03188969951453746,-0.03535311766326288,-0.543647050857544
88,1,test,2.6126328026107437,1.160511015555227,1.6038601936098102,5.225265605221487,2.321022031110454,3.2077203872196205,13.634901641735134,9.362732102352393,10.89266848542854,27.269803283470267,18.725464204704785,21.78533697085708,2.8949495104689094,1.2803784515096177,1.7588716835422846,4.906694085540525,2.1701329686603694,2.9811384466818387,18.08258843679828,13.056856718332519,14.968059779483685,30.6484549776242,22.130265624292402,25.369592846582517,2.637338584880765,1.1621473019731738,1.6142128346764175,5.205273522790983,2.2937117802102116,3.185946384229771,13.975958240459343,9.604086283126414,11.194081600776208,27.584128106169754,18.95543345353897,22.093582106795147,0.6381909547738693,-0.0018090452261306789,-0.0018090452261306789,0.5276381909547738,-0.002361809045226204,-0.002361809045226204,0.3869346733668342,-0.0030653266331658324,-0.0030653266331658324,0.39603960396039606,0.11432625964408638,0.17540294095271225,0.35430463576158944,0.40703517587939697,0.11129582750846967,0.1816595498359913,0.38888888888888884,0.3946488294314381,0.11084248552492726,0.1777411542367774,0.35906040268456374,25.0,-5.0,-5.0,39.0,-7.0,-7.0,46.0,-8.0,-8.0,0.000926205318707011,0.00010446537969012177,0.0001886362754442417,-0.00738863309849247,-0.0076409143902615995,-0.008422281020174616,-0.8556900024414062
37,1,test,2.6481207099706765,1.2574175106718657,1.644327840240597,4.9003883241209945,2.326870548098968,3.042854096115332,14.1274640801538,10.10978979453468,11.398852585674407,26.143090746263994,18.708322351742016,21.093752980706768,3.389182910248263,1.564117455504703,2.1338686761451573,5.058481955594422,2.3345036649323925,3.1848786211121745,29.64172242512039,23.438521390370514,26.132781595126897,44.24137675391103,34.98286774682166,39.004151634517754,2.84591464693331,1.3007814717759636,1.7428459787990895,4.769689352402196,2.180080678954129,2.920970914188419,17.21729921923581,12.528703229280838,14.203900247560886,28.855808747322584,20.9978266412528,23.80541940931992,0.6984924623115578,-0.0015075376884421399,-0.0015075376884421399,0.5979899497487438,-0.0020100502512562235,-0.0020100502512562235,0.48743718592964824,-0.002562814070351749,-0.002562814070351749,0.4078212290502793,0.13864410213256662,0.19863256824871522,0.3389355742296919,0.44723618090452266,0.13144670722031215,0.213513309452102,0.4191919191919192,0.42140468227424754,0.1442761346949487,0.21339578349782928,0.35906040268456374,24.0,-13.0,-13.0,36.0,-13.0,-13.0,43.0,-15.0,-15.0,0.0016251823220542498,0.0006767463466236029,0.0006504666606304446,-0.053543867278045276,-0.061700577607450846,-0.06255936265990325,-0.8095216751098633
300,1,test,2.3200253462287743,1.0596962486670134,1.4572602713358145,3.822007073267056,1.7457423749716696,2.400688886304666,10.175932224310843,6.649350338398096,7.806228172033615,16.763818982246185,10.954132060366804,12.859971266066935,2.296194330531748,1.010060849384154,1.3984053358333748,3.4017693785655525,1.4963864435320802,2.071711608642037,9.936296150277858,6.3175287121728525,7.482125227128375,14.720438741152382,9.359301795811632,11.084629966116111,2.3200253462287743,1.0596962486670134,1.4572602713358145,3.822007073267056,1.7457423749716696,2.400688886304666,10.175932224310843,6.649350338398096,7.806228172033615,16.763818982246185,10.954132060366804,12.859971266066935,0.5628140703517588,-0.0021859296482411583,-0.0021859296482411583,0.44221105527638194,-0.0027889447236180143,-0.0027889447236180143,0.31155778894472363,-0.003442211055276312,-0.003442211055276312,0.4014084507042254,0.12548577935097405,0.18946465679321833,0.4098939929328622,0.4120603015075377,0.13386481278573314,0.19503192087314702,0.4292929292929293,0.4014084507042254,0.12548577935097405,0.18946465679321833,0.4098939929328622,19.0,-5.0,-5.0,29.0,-8.0,-8.0,38.0,-11.0,-11.0,0.00048779189070561084,-0.0002180993146569758,-4.538201292704544e-05,-0.03820039253107321,-0.03177888768088355,-0.032314859261850515,-0.8980131149291992
41,1,test,2.1376375602998943,0.971270042806053,1.3341479374102585,4.170360393713904,1.894870390259661,2.602816221450688,8.479381919532843,5.269071881631646,6.246061125971796,16.54259785528493,10.279539008336585,12.18556710465663,2.5362484604869056,1.0893607689699816,1.5255098944417336,4.298726204215094,1.8463741846948838,2.585609990579209,12.632191799852084,8.382324786303862,9.884562228132546,21.410494576020483,14.207330146277734,16.75349530191957,2.2196272503970857,0.9981249912970649,1.3765908781783862,4.2144821210071255,1.8951740341083516,2.6137801484399743,9.203899476522334,5.811619485317217,6.880488458651206,17.475758499725952,11.034720541741551,13.064218592375706,0.5979899497487438,-0.0020100502512562235,-0.0020100502512562235,0.4522613065326633,-0.0027386934673366836,-0.0027386934673366836,0.3065326633165829,-0.0034673366834171437,-0.0034673366834171437,0.362776025236593,0.0997838992523411,0.1592083442292478,0.30379746835443033,0.36180904522613067,0.07358849384768451,0.134763970100922,0.33333333333333337,0.36454849498327757,0.10077554005840283,0.16098898441598053,0.31543624161073824,21.0,0.0,0.0,31.0,0.0,0.0,39.0,0.0,0.0,0.00155643282344104,0.00011985941293996395,0.00040825576394314377,-0.059235634568233664,-0.05588140285996257,-0.06233583227224759,-0.5269808769226074
222,1,test,2.32889605478476,1.020984516161132,1.4292613271155137,4.166664370125115,1.8266593724515494,2.557113802934559,10.266601509199731,6.568159920710318,7.8078966589390095,18.368137394010404,11.751197681270844,13.969230076877277,2.374544807414913,1.004235438406569,1.4103221276637667,3.9908316091006943,1.68779065278415,2.370289290191205,10.746120518229423,6.809552158872785,8.123372369571111,18.060706753326762,11.444625477097118,13.652726671548088,2.32889605478476,1.020984516161132,1.4292613271155137,4.166664370125115,1.8266593724515494,2.557113802934559,10.266601509199731,6.568159920710318,7.8078966589390095,18.368137394010404,11.751197681270844,13.969230076877277,0.6080402010050252,-0.001959798994974782,-0.001959798994974782,0.46733668341708545,-0.002663316582914521,-0.002663316582914521,0.3517587939698492,-0.0032412060301507672,-0.0032412060301507672,0.42366412213740456,0.12842602689930938,0.1914306195993335,0.4291187739463601,0.42713567839195976,0.12638379869271166,0.185065561530524,0.4545454545454546,0.42366412213740456,0.12842602689930938,0.1914306195993335,0.4291187739463601,20.0,-9.0,-9.0,33.0,-20.0,-20.0,41.0,-18.0,-18.0,0.00015424036293292795,0.00014203967525673204,-5.052222638739973e-05,-0.005802510041807096,-0.005422777662320577,-0.005494904480204177,-0.7196745872497559
114,1,test,2.8555517225123164,1.3401797436075809,1.8289182569736475,4.568882756019706,2.144287589772129,2.9262692111578357,17.384025720658567,12.8329119903381,14.592373915401991,27.814441153053707,20.53265918454096,23.347798264643185,2.574359034174052,1.1325038655924453,1.5844844461438434,3.9912543165489174,1.7558199466549538,2.4565650327811523,13.122903129782234,8.894369942940111,10.432006149286117,20.345586247724395,13.789720841767615,16.17365294462964,2.7171186683169974,1.246370760824922,1.716652588636908,4.290187371026838,1.9679538328814554,2.710504087321434,15.136645655099578,10.784156471780431,12.41709659542311,23.89996682384144,17.027615481758573,19.60594199277333,0.5728643216080402,-0.0021356783919597166,-0.0021356783919597166,0.44221105527638194,-0.0027889447236180143,-0.0027889447236180143,0.3417085427135679,-0.003291457286432098,-0.003291457286432098,0.4059701492537313,0.10790755610917091,0.1835272495516459,0.39520958083832336,0.371859296482412,0.09115754209644711,0.16317816125703632,0.3282828282828283,0.4013377926421404,0.1075147542448115,0.18443011744747972,0.3791946308724832,23.0,-8.0,-8.0,34.0,-11.0,-11.0,41.0,-9.0,-9.0,-0.0001424437491313528,5.623825079913082e-05,-0.00027294856198865057,-0.02861257153712682,-0.03254174253354147,-0.02577978220976629,-1.0131630897521973
5,1,test,2.7089236324874935,1.2676676654503956,1.7394226063785787,4.677520309512567,2.1888919937590687,3.003475059461149,15.013107194063315,10.787106991877806,12.376478671784088,25.923253415836037,18.626184743739323,21.370565656869424,2.8104532783354945,1.3305318997480728,1.8038720570558981,4.39133324739921,2.0789560933563638,2.8185500891498405,16.617448841474733,12.22484852657403,13.881218401694092,25.964763814804268,19.10132582277192,21.689403752647017,2.7089236324874935,1.2676676654503956,1.7394226063785787,4.677520309512567,2.1888919937590687,3.003475059461149,15.013107194063315,10.787106991877806,12.376478671784088,25.923253415836037,18.626184743739323,21.370565656869424,0.6633165829145728,-0.0016834170854271857,-0.0016834170854271857,0.5477386934673367,-0.002261306532663321,-0.002261306532663321,0.371859296482412,-0.003140703517587995,-0.003140703517587995,0.38267148014440433,0.07636517383809804,0.15217928326565278,0.3405797101449275,0.40201005025125625,0.09624563922368734,0.17329552604424459,0.3484848484848485,0.38267148014440433,0.07636517383809804,0.15217928326565278,0.3405797101449275,20.0,-1.0,-1.0,32.0,-1.0,-1.0,39.0,1.0,1.0,0.00038689395323783526,0.0004919944084581417,0.00018256106373801232,-0.00023182424163081805,0.0001888633816387042,3.6794479953528025e-05,-0.7488677501678467
67,1,test,2.474232608039907,1.1522643888515172,1.577068773084896,4.429913471879834,2.0630362411173873,2.8236141506130776,11.872592684205637,8.121796177605146,9.419955530445245,21.25691744058375,14.541419503616403,16.86566888385107,2.629800796508789,1.2055017906322814,1.6537858942315256,3.9250758156847594,1.7992564039287777,2.468337155569441,13.87100647398055,9.716062243806672,11.217147221509666,20.702994737284403,14.50158543851742,16.742010778372634,2.474232608039907,1.1522643888515172,1.577068773084896,4.429913471879834,2.0630362411173873,2.8236141506130776,11.872592684205637,8.121796177605146,9.419955530445245,21.25691744058375,14.541419503616403,16.86566888385107,0.6231155778894473,-0.0018844221105527303,-0.0018844221105527303,0.4773869346733668,-0.0026130653266331905,-0.0026130653266331905,0.3668341708542714,-0.0031658291457286047,-0.0031658291457286047,0.38590604026845643,0.09779883758838948,0.16380782598274213,0.3973063973063973,0.3869346733668342,0.08618279366758608,0.16155904732342852,0.4242424242424242,0.38590604026845643,0.09779883758838948,0.16380782598274213,0.3973063973063973,24.0,-4.0,-4.0,35.0,-6.0,-6.0,44.0,-5.0,-5.0,0.0002759626509952885,-0.00017303128553305307,-8.326542867601421e-05,-0.032632872440750305,-0.029047643089501918,-0.030374364224630135,-0.7111008167266846
438,1,test,2.053805370568486,0.856112399917367,1.2125553756580434,3.8901489960179565,1.621577604549366,2.296722535069941,7.797517162851803,4.485051018619084,5.478252928737801,14.769414861401652,8.495214282325561,10.376455547373954,2.1412081149355253,0.8826300869378272,1.2444917493044092,3.3987430395801987,1.4010001379965509,1.9753837290546175,8.509712131569549,4.989300132335479,6.0581722121904376,13.507479573919918,7.919524019580124,9.61614636855625,2.008526833161064,0.8512254834495263,1.1899021494669353,3.7896732701152147,1.6060858178292947,2.2450983952206323,7.4523307302415915,4.2709943632381435,5.18495140182282,14.061001377814323,8.058479930638006,9.782927173250602,0.542713567839196,-0.0022864321608039306,-0.0022864321608039306,0.39698492462311563,-0.0030150753768843908,-0.0030150753768843908,0.27135678391959794,-0.0036432160804020786,-0.0036432160804020786,0.36448598130841126,0.08454818970654499,0.1427243232773232,0.365625,0.38190954773869346,0.09619526202440776,0.1515255744498788,0.38383838383838387,0.36789297658862874,0.08909497992752691,0.13986183087116488,0.36241610738255037,15.0,0.0,0.0,22.0,0.0,0.0,31.0,0.0,0.0,0.00013038198438729086,6.354051879821427e-05,-5.957059259371154e-05,-0.012140159675875672,-0.01470329539940085,-0.013924010991620328,-0.8046956062316895
423,1,test,2.428281492793683,1.0587745296723439,1.4792901728648324,4.170930564092679,1.8186009568489667,2.5408984145678293,11.33937852259318,7.405967621911559,8.756275702126242,19.477050168218874,12.720838503518678,15.040191206005076,2.3520456780141323,0.9737227788219343,1.3893790568218627,3.6465824465335386,1.509647719103774,2.154076057088159,10.507041779145904,6.5388008754677145,7.888371606584446,16.289987254489773,10.137675775918936,12.230033498580536,2.428281492793683,1.0587745296723439,1.4792901728648324,4.170930564092679,1.8186009568489667,2.5408984145678293,11.33937852259318,7.405967621911559,8.756275702126242,19.477050168218874,12.720838503518678,15.040191206005076,0.6080402010050252,-0.001959798994974782,-0.001959798994974782,0.457286432160804,-0.0027135678391959628,-0.0027135678391959628,0.2814070351758794,-0.003592964824120637,-0.003592964824120637,0.3883161512027491,0.10015148567959298,0.16088757977417767,0.4137931034482759,0.40201005025125625,0.09624563922368734,0.1666177297170326,0.43434343434343436,0.3883161512027491,0.10015148567959298,0.16088757977417767,0.4137931034482759,19.0,-9.0,-9.0,28.0,-13.0,-13.0,34.0,-8.0,-8.0,-0.0002669849682623282,-0.0005874613127680808,-3.3164282647867984e-05,-0.009648309818354406,-0.0075856029765839494,-0.008996375212229957,-0.42415761947631836
224,1,test,3.0179693076921548,1.388730738214392,1.9053232510650149,4.894004282744034,2.251995791699014,3.089713380105429,20.44972239729259,15.34973244557053,17.407324286636925,33.1617119956096,24.891458019844098,28.228093437789603,2.907606586140005,1.2971596302153612,1.7900022637940993,4.405464524454553,1.9653933791141838,2.712124642112272,18.312915686797684,13.30786792306669,15.255395098236633,27.746841949693458,20.16343624707074,23.11423499732823,3.0179693076921548,1.388730738214392,1.9053232510650149,4.894004282744034,2.251995791699014,3.089713380105429,20.44972239729259,15.34973244557053,17.407324286636925,33.1617119956096,24.891458019844098,28.228093437789603,0.6482412060301508,-0.0017587939698492372,-0.0017587939698492372,0.5326633165829145,-0.0023366834170853723,-0.0023366834170853723,0.4120603015075377,-0.0029396984924623393,-0.0029396984924623393,0.4147157190635451,0.11087598617539818,0.18112283808467966,0.4261744966442953,0.4170854271356784,0.12134607876475112,0.18670145384686376,0.4292929292929293,0.4147157190635451,0.11087598617539818,0.18112283808467966,0.4261744966442953,24.0,-11.0,-11.0,38.0,-17.0,-17.0,43.0,-13.0,-13.0,-0.00040199830455455305,1.2175291391787492e-05,-0.0001576707897854386,0.0005070350734097673,0.00010364583054389698,-4.030577335889518e-05,-0.868016242980957
153,1,test,2.1915736862654174,0.9139798239794872,1.3113574597169124,3.445711229272795,1.437008740592026,2.061787451115608,8.949285406638046,5.361289288531248,6.537864343334957,14.070552778066755,8.429310326476877,10.279185557150916,1.9904914447410622,0.766636993788623,1.1312185400345434,2.9708827533448687,1.1442343190874968,1.688385880648572,7.31912982646615,3.918861150127878,4.957686751266651,10.924074367859925,5.849046492728176,7.399532464577092,2.1915736862654174,0.9139798239794872,1.3113574597169124,3.445711229272795,1.437008740592026,2.061787451115608,8.949285406638046,5.361289288531248,6.537864343334957,14.070552778066755,8.429310326476877,10.279185557150916,0.5125628140703518,-0.0024371859296482556,-0.0024371859296482556,0.36180904522613067,-0.0031909547738693256,-0.0031909547738693256,0.26633165829145733,-0.0036683417085426884,-0.0036683417085426884,0.3837638376383764,0.11120398496802653,0.16535892966291632,0.4740740740740741,0.36180904522613067,0.08862608783264692,0.149789011837149,0.4444444444444444,0.3837638376383764,0.11120398496802653,0.16535892966291632,0.4740740740740741,16.0,-2.0,-2.0,28.0,-5.0,-5.0,30.0,-2.0,-2.0,-0.0004077311441688858,-0.0008653415957193697,-0.00040013043958203874,-0.049440084423676645,-0.03944336306770335,-0.04218729981522085,-1.0480842590332031
261,1,test,2.833510314409262,1.3010010053838246,1.78048026718152,4.6498630800562255,2.1349760088349945,2.921813771785059,17.005049245702814,12.375269438973303,14.138726178218255,27.905721839102053,20.30813446395619,23.20201218989662,2.9757784652949577,1.350108308015372,1.8596060019463652,4.312722413470953,1.956678707268655,2.695081162241109,19.604879028713967,14.523055511406177,16.55173324571732,28.412868157556474,21.047906538269824,23.988019196691766,2.9083757791232108,1.3398407497325924,1.8314727907657518,4.6410251794519315,2.1380437495732854,2.922562963987901,18.327007271925428,13.527395521134252,15.391433320361259,29.245224370093766,21.586269448618488,24.560797851640302,0.6884422110552764,-0.0015577889447235815,-0.0015577889447235815,0.5226130653266332,-0.002386934673366814,-0.002386934673366814,0.4321608040201005,-0.002839195979899567,-0.002839195979899567,0.4263322884012539,0.13681742142159825,0.19796941040333937,0.4371069182389937,0.4371859296482412,0.13894031561315345,0.20680195635942655,0.48989898989898994,0.4247491638795987,0.13092612548226978,0.19671801816213486,0.44630872483221473,18.0,-5.0,-5.0,29.0,-7.0,-7.0,36.0,-3.0,-3.0,-0.0009754064047674235,-0.00018135643440308732,6.15007089022802e-05,0.0004280565422867255,2.617532955007107e-05,-0.00011039691273584396,-1.1572601795196533
84,1,test,2.956525320187211,1.3905896924685994,1.9006564340703267,5.157851237935298,2.4259744091435897,3.315819105090081,19.23103384386861,14.443882010706208,16.35656218619633,33.54979273848817,25.198294159982026,28.535089466135993,3.21449605603913,1.4708541749209865,2.0393777145693255,4.870448569756257,2.228566931698464,3.089966234195947,24.89074520928377,19.172614910486548,21.65221903617489,37.71325031709662,29.049416531040222,32.80639247905286,2.8839939019353094,1.3228083648581588,1.8160798689726927,5.059638424447912,2.3207164295757177,3.1861050332854264,17.88556390906687,13.121097559320148,14.976259456251384,31.37818229660855,23.01946940231605,26.274139396932256,0.6934673366834171,-0.0015326633165829717,-0.0015326633165829717,0.542713567839196,-0.0022864321608039306,-0.0022864321608039306,0.457286432160804,-0.0027135678391959628,-0.0027135678391959628,0.421875,0.11922289391575658,0.1942242723492723,0.3573667711598746,0.42713567839195976,0.10633367337942845,0.18840445969413,0.3787878787878788,0.41137123745819393,0.110870402733653,0.1800030505838891,0.3422818791946308,23.0,0.0,0.0,35.0,0.0,0.0,39.0,0.0,0.0,0.0011587479810359026,0.00040212451466311157,0.00017062609978407212,-0.034273227374614024,-0.03722274183421348,-0.03661345377285752,-0.5188798904418945
24,1,test,3.2871459511585592,1.555930396610962,2.0071860766232064,5.5378044402400946,2.6212521096058548,3.3814756425994554,26.766362033593012,21.118847433727304,23.169866621968538,45.09288018271975,35.57859882979284,39.03391944421726,3.2972161638077777,1.4927273910713215,2.048170721546615,4.884764687122633,2.2114479867723276,3.034326994883874,27.03726673574828,20.96040274001902,23.55025392250735,40.05520997888634,31.05244850373188,34.889265070381256,3.1798568772631746,1.5039510935573757,2.035217782371557,5.156524665832174,2.438839611174122,3.300353160602525,24.043312161160873,18.69967902768012,20.902004722829385,38.98915485593655,30.323803828670464,33.895142793777374,0.6984924623115578,-0.0015075376884421399,-0.0015075376884421399,0.5728643216080402,-0.0021356783919597166,-0.0021356783919597166,0.4623115577889447,-0.002688442211055242,-0.002688442211055242,0.4075067024128687,0.10362450696440817,0.1611723915624288,0.3978494623655914,0.4120603015075377,0.10128335915164799,0.17499853189151093,0.3939393939393939,0.41137123745819393,0.10252315732463801,0.18445243879301043,0.3791946308724832,26.0,-5.0,-5.0,36.0,-9.0,-9.0,48.0,-11.0,-11.0,0.0005018540320418766,-6.944965103890705e-05,0.0003626659687927541,-0.010518001254633091,-0.009958666842410757,-0.010834233080330158,-0.618478536605835
211,1,test,2.4314461641144334,1.0988645962248875,1.5148276213708973,4.189118089980289,1.8932245453031191,2.609883733205281,11.375320771303382,7.584503753319075,8.874501109790295,19.598444220438356,13.067277550899128,15.289803116867613,2.4384039035394562,1.0437748639782156,1.4613950861485303,3.90144624566313,1.6700397823651447,2.3382321378376485,11.454743269224423,7.421265234934645,8.798244994668256,18.327589230759077,11.874024375895432,14.077191991469212,2.4314461641144334,1.0988645962248875,1.5148276213708973,4.189118089980289,1.8932245453031191,2.609883733205281,11.375320771303382,7.584503753319075,8.874501109790295,19.598444220438356,13.067277550899128,15.289803116867613,0.6281407035175879,-0.0018592964824121205,-0.0018592964824121205,0.4623115577889447,-0.002688442211055242,-0.002688442211055242,0.3417085427135679,-0.003291457286432098,-0.003291457286432098,0.41052631578947374,0.09879251543921108,0.1736535036541178,0.4119718309859155,0.40201005025125625,0.10125817055200814,0.1616093824716235,0.4040404040404041,0.41052631578947374,0.09879251543921108,0.1736535036541178,0.4119718309859155,23.0,-11.0,-11.0,36.0,-14.0,-14.0,41.0,-11.0,-11.0,0.00029864967871874056,2.823318701277272e-05,-0.00010637665690422948,-0.0002872636165145437,0.00015787518124010802,8.758024202748516e-06,-1.0266563892364502
284,1,test,1.8004953599847433,0.7573138316829666,1.060621248630063,3.1430612642508233,1.3220160529956988,1.8514891161056588,6.052644960047021,3.2144123776547175,3.956973283427809,10.565888889793065,5.611286347119795,6.907548737544499,1.8909756076994853,0.7853263497384129,1.1082606795676175,2.977914342833835,1.2367344090368704,1.7452924087679014,6.625829739310656,3.604644378487956,4.438426886473543,10.434377542221505,5.676605320453474,6.989648640115815,1.8012315852187548,0.7564438771894297,1.066521330772337,3.1235229801481297,1.3117523881897624,1.849458955096538,6.057102710752047,3.214307753707839,3.9722248898491785,10.503646319223202,5.573944081574287,6.888251254073719,0.48743718592964824,-0.002562814070351749,-0.002562814070351749,0.371859296482412,-0.003140703517587995,-0.003140703517587995,0.2613065326633166,-0.003693467336683409,-0.003693467336683409,0.3687707641196013,0.1166977956287224,0.16545584699252947,0.37,0.3919597989949749,0.12880190425813276,0.18661756193320533,0.40909090909090906,0.36789297658862874,0.11747561431817799,0.16767050717817267,0.3691275167785235,16.0,-5.0,-5.0,26.0,-9.0,-9.0,32.0,-7.0,-7.0,-0.00010387157749399411,-0.0002765421337384833,4.2116756196851496e-05,-0.07999105738847678,-0.07736898655427105,-0.07966033662175409,-0.9723141193389893
390,0,test,3.0352023084564963,1.4404621940009354,1.9584932124094792,5.4276558927692635,2.575885335154614,3.50224668572048,20.80518653891547,15.87813810186395,17.87018171739049,37.20456886959002,28.3938469586273,31.956089659333585,3.449195084859378,1.6282923674172363,2.219312656694904,5.306453976706735,2.5050651806419015,3.414327164146006,31.47504736767489,25.29761495804137,28.05422004797642,48.423149796422905,38.91940762775595,43.16033853534833,3.0471600995813324,1.4428672899166268,1.9628894422127563,5.44135732068095,2.5765487319939764,3.5051597182370644,21.055464014517426,16.08112346151361,18.098181854470994,37.59904288306683,28.716291895560012,32.318181882983914,0.7135678391959799,-0.0014321608040201994,-0.0014321608040201994,0.592964824120603,-0.0020351758793969443,-0.0020351758793969443,0.4974874371859297,-0.002512562814070307,-0.002512562814070307,0.429042904290429,0.11767552373029722,0.19194081867023138,0.3708609271523179,0.4321608040201005,0.11637133033588998,0.19176013624046773,0.41414141414141414,0.43143812709030105,0.12092059787494214,0.1978452461114356,0.37248322147651003,22.0,0.0,0.0,36.0,0.0,0.0,44.0,1.0,1.0,0.0013511695781124738,7.349796693457912e-05,0.00021030724841726613,-0.021655137807664815,-0.016488854264645525,-0.01992318054829223,-0.7136638164520264
48,0,test,2.983957440477528,1.4172453029047423,1.9351872680281859,4.751627880760411,2.2568090964733125,3.081575377892709,19.765884379586367,14.975013832229836,16.91174551941992,31.475022408797855,23.846081808931203,26.930116506467588,3.0910456761642915,1.427601746296057,1.9775994166258926,4.41577953737756,2.039431066137225,2.8251420237512757,22.000070901845714,16.7226161344294,18.955237281043498,31.42867271692245,23.889451620613432,27.07891040149071,2.983957440477528,1.4172453029047423,1.9351872680281859,4.751627880760411,2.2568090964733125,3.081575377892709,19.765884379586367,14.975013832229836,16.91174551941992,31.475022408797855,23.846081808931203,26.930116506467588,0.6683417085427136,-0.0016582914572863539,-0.0016582914572863539,0.5175879396984925,-0.002412060301507535,-0.002412060301507535,0.4371859296482412,-0.002814070351758735,-0.002814070351758735,0.4178082191780822,0.13404753541739844,0.19912940368833276,0.4020618556701031,0.42713567839195976,0.1439276583418344,0.2000906032667511,0.41414141414141414,0.4178082191780822,0.13404753541739844,0.19912940368833276,0.4020618556701031,25.0,-11.0,-11.0,38.0,-11.0,-11.0,48.0,-12.0,-12.0,0.000623790473260401,0.00023531753627379747,0.000122546537017448,-0.000335773069539691,0.00013076050589333477,-1.577387457896151e-05,-0.9153943061828613
486,0,test,2.7559557954978455,1.2713210669260768,1.5869096544290058,5.777190758476767,2.6650152846792623,3.3265699707816587,15.736074186147746,11.322721139597501,12.517153408779627,32.986850700373886,23.735329875519895,26.23916650396585,3.1425953342686945,1.3926858720808726,1.9307974381366473,5.109911112632024,2.2645298733022323,3.139508029490484,23.163906994529636,17.409825304075344,19.804387701692246,37.66488942199941,28.308659031016823,32.20225642551585,2.81504350960454,1.281493964399244,1.7473513340141182,5.345019322033937,2.4332163880998303,3.317755697495161,16.69390210960907,12.059303732628777,13.7852430358407,31.6972824865995,22.89741215056097,26.17451209336842,0.7035175879396984,0.008517587939698368,-0.001482412060301641,0.5979899497487438,-0.0020100502512562235,-0.0020100502512562235,0.4623115577889447,-0.002688442211055242,-0.002688442211055242,0.42966751918158563,0.14486547575885256,0.1901758280769913,0.42051282051282046,0.4371859296482412,0.1113713933073891,0.19344636370500246,0.48989898989898994,0.43143812709030105,0.13761508869297212,0.21230575779107974,0.4295302013422819,17.0,-6.0,-6.0,29.0,-11.0,-12.0,38.0,-11.0,-11.0,-0.00043773019450804,0.0005184319744487494,-5.6612772773546874e-05,-0.04276735245268615,-0.055327592657804736,-0.048665064282472414,-0.6705539226531982
375,0,test,2.8116567368171994,1.3257504526628265,1.8071982180063633,5.123463387089118,2.4158119359633723,3.2931167528115948,16.637459289684,12.2184908500438,13.907030892828953,30.31714803897973,22.264805548968702,25.34170073804387,2.919029609641837,1.2668997241024995,1.7968639081446969,4.56098376506537,1.9795308189101553,2.807599856476089,18.523303900115636,13.305221983004824,15.451804944808488,28.94266234393068,20.78940934844504,24.143445226263264,2.896655807527013,1.3538569341535156,1.852531485865879,5.0523066410354875,2.361378373523574,3.2311595683707193,18.113469042501936,13.435804886466425,15.272559331487397,31.59325995785221,23.434543406627483,26.63818488050127,0.6532663316582914,-0.0017336683417086274,-0.0017336683417086274,0.5226130653266332,-0.002386934673366814,-0.002386934673366814,0.39698492462311563,-0.0030150753768843908,-0.0030150753768843908,0.4128440366972477,0.11773700305810397,0.19367991845056065,0.3619631901840491,0.39698492462311563,0.09296482412060303,0.17252931323283083,0.33838383838383834,0.4147157190635451,0.12374581939799323,0.19843924191750273,0.3691275167785235,17.0,-7.0,-7.0,25.0,-13.0,-13.0,35.0,-14.0,-14.0,0.0005985744770456176,0.00048665524617584263,0.000153969113029305,-0.00749920304206686,-0.009492759172009535,-0.00851483434001743,-0.4590024948120117
385,0,test,2.308831252549824,1.0089760378859096,1.164529073745581,5.496022220743603,2.4018016554023287,2.772085512503068,10.062657074890193,6.393891629164671,6.9224078153013355,23.953498906532094,15.220242030294164,16.478340342945575,2.5941169543481952,1.0677578318496042,1.5110121974308945,4.84881673709943,1.9958090314945869,2.8243218643568118,13.38476278477819,8.783369606432103,10.430926512165508,25.018248195847082,16.41751328305066,19.49705890124394,2.4060922147438277,0.9960781947601891,1.3992788760896353,5.155911888736774,2.1344532744861193,2.99845473447779,11.090536917398301,6.994524087696823,8.353671277274021,23.765436251567788,14.988265902207479,17.90072416558719,0.6281407035175879,-0.0018592964824121205,-0.0018592964824121205,0.48743718592964824,-0.002562814070351749,-0.002562814070351749,0.371859296482412,-0.003140703517587995,-0.003140703517587995,0.37757437070938216,0.11700294213795359,0.13906019671133718,0.35779816513761464,0.42211055276381915,0.11634614173625024,0.1767015377387774,0.40909090909090906,0.3913043478260869,0.12586194381940907,0.17662136673598683,0.3691275167785235,18.0,-5.0,-5.0,32.0,-14.0,-14.0,40.0,-10.0,-10.0,0.00047223221490811496,0.0006771853047077664,-3.987624403812637e-05,-0.11910374663540768,-0.12800845669077265,-0.12070636708030147,-0.512650728225708
338,0,test,3.264619105285214,1.5241043087806618,2.0988582698472857,5.347961560631699,2.4967235058314787,3.438261244684041,26.170141023788457,20.469863873565686,22.96177803270227,42.87082312449556,33.5328691086701,37.615017961466215,3.1994302033179967,1.4752781692301105,2.0392094214885956,5.038472761130703,2.3232727074489925,3.2113534196670797,24.51855562451253,18.91079180407288,21.327917991340218,38.61189862127957,29.780774494602955,33.587272427307425,3.264619105285214,1.5241043087806618,2.0988582698472857,5.347961560631699,2.4967235058314787,3.438261244684041,26.170141023788457,20.469863873565686,22.96177803270227,42.87082312449556,33.5328691086701,37.615017961466215,0.7386934673366834,-0.0013065326633165952,-0.0013065326633165952,0.5477386934673367,-0.002261306532663321,-0.002261306532663321,0.4120603015075377,-0.0029396984924623393,-0.0029396984924623393,0.407258064516129,0.07124196793665216,0.1565878232292658,0.42914979757085026,0.3869346733668342,0.05360134003350081,0.13985620925998943,0.40909090909090906,0.407258064516129,0.07124196793665216,0.1565878232292658,0.42914979757085026,23.0,-6.0,-6.0,35.0,-8.0,-8.0,43.0,-6.0,-6.0,-0.00017714093383347144,0.0001140531003795099,-8.764990490873979e-05,-3.085650767697956e-05,-0.00010133182060556578,-0.00011602607612637428,-0.6215648651123047
418,0,test,3.1302677881803445,1.517367553541877,2.046078272958142,4.851915071679534,2.3519197079899095,3.17142132308512,22.880105744025297,17.862764129198222,19.923063534465584,35.46416390323921,27.687284400257248,30.880748478421655,3.1644266094993707,1.50143323397931,2.052646256397427,4.520609442141958,2.1449046199704425,2.932351794853467,23.67516502543979,18.400087502637064,20.635399589831113,33.82166432205684,26.285839289481515,29.479142271187303,3.1302677881803445,1.517367553541877,2.046078272958142,4.851915071679534,2.3519197079899095,3.17142132308512,22.880105744025297,17.862764129198222,19.923063534465584,35.46416390323921,27.687284400257248,30.880748478421655,0.6633165829145728,-0.0016834170854271857,-0.0016834170854271857,0.5326633165829145,-0.0023366834170853723,-0.0023366834170853723,0.40703517587939697,-0.00296482412060306,-0.00296482412060306,0.3920863309352518,0.0940611962853416,0.16361743141372065,0.371841155234657,0.3919597989949749,0.10373924761652875,0.16825362203337224,0.36868686868686873,0.3920863309352518,0.0940611962853416,0.16361743141372065,0.371841155234657,22.0,-2.0,-2.0,30.0,0.0,0.0,40.0,-1.0,-1.0,0.0004974134185996925,0.00014332853585423947,0.00012486051592515966,-0.00023875416349117273,0.00018498985658865763,3.328992298534672e-05,-0.9811203479766846
366,0,test,3.430620416289284,1.5775741777488614,2.16276926222736,5.424668533257431,2.4945391685653875,3.4198788958970137,30.895805065489128,24.51658247736876,27.34259601139629,48.853991759804686,38.76684604233935,43.23547994302038,3.743388397609768,1.7646279651297951,2.3922737999469077,5.671800602439043,2.6736787350451445,3.62465727264683,42.24087683596557,35.0071061577259,38.379149430803174,64.00132853934177,53.04106993594833,58.15022641030784,3.430620416289284,1.5775741777488614,2.16276926222736,5.424668533257431,2.4945391685653875,3.4198788958970137,30.895805065489128,24.51658247736876,27.34259601139629,48.853991759804686,38.76684604233935,43.23547994302038,0.7487437185929648,-0.0012562814070351536,-0.0012562814070351536,0.6030150753768844,-0.0019849246231156137,-0.0019849246231156137,0.49246231155778897,-0.002537688442211028,-0.002537688442211028,0.4206349206349206,0.12162501964482153,0.1805293797378229,0.4143426294820717,0.44723618090452266,0.1339529728844725,0.2018271658794809,0.46464646464646464,0.4206349206349206,0.12162501964482153,0.1805293797378229,0.4143426294820717,24.0,-8.0,-8.0,36.0,-5.0,-5.0,44.0,-4.0,-4.0,0.0003357724328780558,0.0004154587234850734,0.0004193654621425236,-0.016582759986381923,-0.017685150040681386,-0.016407201397773186,-0.5506799221038818
91,0,test,2.991633776536922,1.3923635670968904,1.9092755426763612,5.078820132260356,2.3637800092575114,3.2413282468691715,19.918197807187447,14.968778740441351,16.96656581858132,33.81461488196938,25.412112745400428,28.803704761777585,3.0780264911939152,1.3991943805881735,1.9432207483872115,4.885756335228437,2.220943461251069,3.084477378392399,21.715504341229522,16.35621108822764,18.6049351074671,34.46905450988813,25.962239822583555,29.531643027725554,2.991633776536922,1.3923635670968904,1.9092755426763612,5.078820132260356,2.3637800092575114,3.2413282468691715,19.918197807187447,14.968778740441351,16.96656581858132,33.81461488196938,25.412112745400428,28.803704761777585,0.6733668341708543,-0.001633165829145744,-0.001633165829145744,0.5025125628140703,-0.0024874371859296973,-0.0024874371859296973,0.40703517587939697,-0.00296482412060306,-0.00296482412060306,0.39862542955326463,0.10016916883285298,0.1643397152675503,0.3758620689655172,0.40201005025125625,0.10627070188032894,0.1699566278806386,0.38383838383838387,0.39862542955326463,0.10016916883285298,0.1643397152675503,0.3758620689655172,25.0,-11.0,-11.0,36.0,-11.0,-11.0,44.0,-9.0,-9.0,0.00021525434793179073,-6.504498603788963e-05,7.660626019214243e-05,-0.00032884314767755995,0.00013463403094249315,-1.2269317609892028e-05,-0.6538705825805664
290,0,test,2.7471607687338344,1.2522346245067062,1.7186104338044121,4.73699613635726,2.15925862279805,2.963441775046527,15.598281824488557,11.139274607226522,12.801273655251878,26.896496767631618,19.20772216056897,22.073547546082963,2.778426750820486,1.2131312583231828,1.6923537028927822,4.241872902016008,1.852108791333103,2.5837461112866897,16.093681649288435,11.30959326001042,13.13106450537806,24.570506334791503,17.266554595435757,20.047426725768027,2.7142856125050163,1.2298483086355427,1.6888067774044244,4.706853663303496,2.132684928269727,2.9285666660192327,15.093823380740819,10.681341553099015,12.305393041471865,26.174260197816448,18.522557606530082,21.33883186382404,0.6432160804020101,-0.001783919597989958,-0.001783919597989958,0.5025125628140703,-0.0024874371859296973,-0.0024874371859296973,0.3919597989949749,-0.0030402010050251116,-0.0030402010050251116,0.3867924528301887,0.09950830840318714,0.1618970553406489,0.3817034700315457,0.4120603015075377,0.1213334844649312,0.17666798097331404,0.40909090909090906,0.38795986622073575,0.10415352231422492,0.16549045576467347,0.3791946308724832,19.0,-5.0,-5.0,29.0,-3.0,-3.0,35.0,-3.0,-3.0,0.00022721957474150343,7.841288132731306e-05,-3.362335151113452e-05,0.0004320054688413677,3.0048854599229458e-05,-0.0001068923557658863,-0.6376082897186279
191,0,test,2.7513278426980614,1.2350358293722719,1.7045428324496388,4.270956593025479,1.9171777118743991,2.6460054433956604,15.663416635100004,11.108113796727205,12.814938083340909,24.314722334719193,17.243409207710254,19.892956210767572,2.9178669644360564,1.299321248167082,1.7962329328600686,4.489026099132395,1.9989557664108957,2.763435281323183,18.501780384171784,13.456033353741702,15.431914018434185,28.464277514110435,20.701589774987234,23.741406182206433,2.7513278426980614,1.2350358293722719,1.7045428324496388,4.270956593025479,1.9171777118743991,2.6460054433956604,15.663416635100004,11.108113796727205,12.814938083340909,24.314722334719193,17.243409207710254,19.892956210767572,0.728643216080402,-0.001356783919598037,-0.001356783919598037,0.5527638190954773,-0.0022361809045226,-0.0022361809045226,0.4120603015075377,-0.0029396984924623393,-0.0029396984924623393,0.4323308270676691,0.1265146919832414,0.19108082706766916,0.4641509433962264,0.42211055276381915,0.09629601642296703,0.1583375978389444,0.4949494949494949,0.4323308270676691,0.1265146919832414,0.19108082706766916,0.4641509433962264,21.0,-7.0,-7.0,32.0,-7.0,-7.0,43.0,-10.0,-10.0,0.0004086455632340381,4.139966851856389e-05,-0.00017649260922900615,-0.0065879755097322246,-0.006985900350829688,-0.0056894440048687045,-0.8820669651031494
444,0,test,2.919738751025837,1.364059444342597,1.8637026605184668,5.636717866563768,2.633392538383625,3.5979815251675955,18.536444200094202,13.798140006244331,15.661491877956951,35.78563533073742,26.638075845388364,30.235380153278005,3.302078538803599,1.5400612848585518,2.1130391836752422,5.503464231339332,2.5667688080975863,3.521731972792071,27.169052201008263,21.344877810070322,23.885127195092593,45.28175366834711,35.574796350117204,39.80854532515433,2.919738751025837,1.364059444342597,1.8637026605184668,5.636717866563768,2.633392538383625,3.5979815251675955,18.536444200094202,13.798140006244331,15.661491877956951,35.78563533073742,26.638075845388364,30.235380153278005,0.7035175879396984,-0.001482412060301641,-0.001482412060301641,0.5527638190954773,-0.0022361809045226,-0.0022361809045226,0.40703517587939697,-0.00296482412060306,-0.00296482412060306,0.37545126353790614,0.08355937164601424,0.1473600270433083,0.34782608695652173,0.3919597989949749,0.0811828566390852,0.14822023305173615,0.38383838383838387,0.37545126353790614,0.08355937164601424,0.1473600270433083,0.34782608695652173,25.0,0.0,0.0,35.0,0.0,0.0,45.0,0.0,0.0,0.0011088860770465982,0.0004277771228187894,0.0001347191920273891,-0.020908522654235817,-0.017819975658984077,-0.01851280954169887,-0.681159257888794
234,0,test,3.2082458984020144,1.5271278151645988,2.0822172522437645,5.733078469333777,2.728950296921354,3.7208852673231765,24.73565928860835,19.364100824277443,21.652272356294574,44.20218405419954,34.60330443154905,38.6922263408341,3.3836760401126726,1.5743115393139955,2.1713991300090516,5.205655446327189,2.4220177527907625,3.3406140461677714,29.478937937026203,23.37237245563952,26.117809002020003,45.35221221080954,35.95749608559926,40.181244618492315,3.2241648064807906,1.542075856637271,2.095428470162042,5.723369478959984,2.7374127632614282,3.7196955091633876,25.13257482417199,19.755798760718786,22.0408277221337,44.61403814941773,35.06946525571382,39.125729684261,0.7085427135678393,-0.0014572864321606982,-0.0014572864321606982,0.5728643216080402,-0.0021356783919597166,-0.0021356783919597166,0.49246231155778897,-0.002537688442211028,-0.002537688442211028,0.4219269102990033,0.11181082406351406,0.18546282190121322,0.37,0.4321608040201005,0.13140892432085238,0.19509903440407372,0.38383838383838387,0.42140468227424754,0.10921770397708563,0.18225006603398053,0.37248322147651003,22.0,1.0,1.0,35.0,1.0,1.0,45.0,0.0,0.0,0.0013269097167271594,0.0004965976607656311,3.4926903510582666e-05,0.0004991372202978184,9.589878044646838e-05,-4.7314887297922326e-05,-0.9872362613677979
423,0,test,2.399426556195474,1.0825185868073794,1.4964541448353383,4.413759961396613,1.991299622645673,2.752736636795869,11.016857020512056,7.284992540395448,8.549932080773686,20.26557649452218,13.400788747147184,15.727652839941722,2.624356949149664,1.153236753677004,1.617580898043698,4.10055773304635,1.801932427620319,2.5274701531932786,13.795699996481597,9.441590132092553,11.058936405464271,21.555781244502494,14.752484581394613,17.27958813353792,2.399426556195474,1.0825185868073794,1.4964541448353383,4.413759961396613,1.991299622645673,2.752736636795869,11.016857020512056,7.284992540395448,8.549932080773686,20.26557649452218,13.400788747147184,15.727652839941722,0.6331658291457287,-0.0018341708542712887,-0.0018341708542712887,0.46733668341708545,-0.002663316582914521,-0.002663316582914521,0.3417085427135679,-0.003291457286432098,-0.003291457286432098,0.39057239057239057,0.10606060606060608,0.16835016835016836,0.3581081081081081,0.3869346733668342,0.09798994974874375,0.15577889447236182,0.36868686868686873,0.39057239057239057,0.10606060606060608,0.16835016835016836,0.3581081081081081,20.0,-11.0,-11.0,31.0,-15.0,-15.0,38.0,-16.0,-16.0,0.0010546660593748567,0.00018054287730500572,0.0001112277549896281,-0.012501904992122448,-0.011932580368234191,-0.011707658107317442,-0.764721155166626
394,0,test,2.776487849328829,1.2743606509073921,1.753266724843334,4.776938722137177,2.192533542244395,3.0164899551652384,16.062507817193236,11.571275157984495,13.28036584537262,27.63549481591631,19.908342973675182,22.848828193591398,3.0069544111663973,1.3564026427628408,1.87818152581028,4.698366267447495,2.1193791293169384,2.9346586340785623,20.225706840138084,15.015853173237577,17.133846735654377,31.602666937715757,23.462270583183713,26.771635524459963,2.776487849328829,1.2743606509073921,1.753266724843334,4.776938722137177,2.192533542244395,3.0164899551652384,16.062507817193236,11.571275157984495,13.28036584537262,27.63549481591631,19.908342973675182,22.848828193591398,0.7135678391959799,-0.0014321608040201994,-0.0014321608040201994,0.5628140703517588,-0.0021859296482411583,-0.0021859296482411583,0.4371859296482412,-0.002814070351758735,-0.002814070351758735,0.427536231884058,0.12137681159420288,0.19444444444444442,0.4109090909090909,0.4371859296482412,0.12562814070351758,0.19430485762144056,0.43939393939393945,0.427536231884058,0.12137681159420288,0.19444444444444442,0.4109090909090909,22.0,-12.0,-12.0,34.0,-16.0,-16.0,45.0,-23.0,-23.0,0.000584206983461438,0.0004322513844016793,5.530674634797742e-05,-0.011332803769899868,-0.012269128769759163,-0.00991269006032347,-1.3418684005737305
146,0,test,2.529892951169311,1.15630874756552,1.5093826868966307,4.751575593566726,2.1717473939047838,2.8348811885875804,12.55216237044084,8.602681268826371,9.777552183178047,23.575127294736603,16.157320149572374,18.36393049632425,2.6713772071665853,1.182660158854633,1.6372894250368153,4.240281281216802,1.8772383473883067,2.5988721032330404,14.459869722290952,10.028463132382514,11.647330305954412,22.95217416236659,15.91819544822621,18.48782588246732,2.5684996687847637,1.1375153381688938,1.5820882055937515,4.6984750038745675,2.0808207405528543,2.894063790720277,13.046236074866002,8.863421636344299,10.36464188887585,23.865065990608542,16.213576164044454,18.959710772333874,0.5728643216080402,-0.0021356783919597166,-0.0021356783919597166,0.4723618090452262,-0.0026381909547738003,-0.0026381909547738003,0.3869346733668342,-0.0030653266331658324,-0.0030653266331658324,0.41192411924119243,0.13143631436314362,0.19002773605448664,0.3994565217391305,0.4120603015075377,0.1306532663316583,0.1959798994974874,0.4040404040404041,0.4046822742474916,0.13377926421404673,0.19286510590858408,0.38926174496644295,15.0,-4.0,-4.0,28.0,-10.0,-10.0,37.0,-12.0,-12.0,0.0007659132784658855,-0.00013025092042217253,0.0002833872526839465,-0.06049272471437206,-0.0575638200820725,-0.058214869711294526,-0.6166343688964844
314,0,test,2.6320989991056507,1.2325327904664893,1.685261746672504,4.642065507513602,2.1737396486408995,2.9721888986769613,13.902921516649876,9.849480279028942,11.325376885499926,24.519697947546145,17.37090158301468,19.973846507154416,2.8362075006542495,1.2751172144399994,1.7700984380200027,4.8900129321625,2.1984779559310335,3.0518938586551774,17.05097694055412,12.286964388725803,14.146918959664697,29.398236104403654,21.184421359872076,24.39123958562879,2.6320989991056507,1.2325327904664893,1.685261746672504,4.642065507513602,2.1737396486408995,2.9721888986769613,13.902921516649876,9.849480279028942,11.325376885499926,24.519697947546145,17.37090158301468,19.973846507154416,0.6432160804020101,-0.001783919597989958,-0.001783919597989958,0.507537688442211,-0.0024623115577889765,-0.0024623115577889765,0.40703517587939697,-0.00296482412060306,-0.00296482412060306,0.40689655172413797,0.1142975844263755,0.19130022144890857,0.3771626297577855,0.44221105527638194,0.13895290991297338,0.21349653106937028,0.4242424242424242,0.40689655172413797,0.1142975844263755,0.19130022144890857,0.3771626297577855,22.0,-10.0,-10.0,34.0,-12.0,-12.0,42.0,-14.0,-14.0,0.0009341517965704974,0.00019060305060572457,0.00016719213428274089,-0.004997442267380414,-0.0033578212226306192,-0.004196965246407558,-0.9594333171844482
166,0,test,2.99431325839116,1.434053968764953,1.913271057918579,5.2178132027410316,2.4989455297290273,3.334016893006633,19.971639823262635,15.211584505158697,17.02388972599297,34.80206543459627,26.50731557334585,29.665391997769923,3.180104955356924,1.4616367024793802,2.024499265048797,5.129201540898264,2.357478552386097,3.2653213952399955,24.049277520116078,18.473296593241322,20.873331045036846,38.789157290509806,29.795639666518266,33.66666297586588,2.9654381913086243,1.4131002309794252,1.9202730989920593,4.9979295359134115,2.381629602774312,3.236415335379875,19.403203694141332,14.680705394544816,16.559335708489158,32.702028697991004,24.742761900918225,27.90899276711655,0.6934673366834171,-0.0015326633165829717,-0.0015326633165829717,0.5628140703517588,-0.0021859296482411583,-0.0021859296482411583,0.46733668341708545,-0.002663316582914521,-0.002663316582914521,0.4387464387464387,0.1343367659157132,0.2060973673876899,0.39428571428571424,0.457286432160804,0.14400322414075384,0.21020796805395925,0.3939393939393939,0.4347826086956522,0.1276039776438993,0.20675146297818836,0.38590604026845643,24.0,-11.0,-11.0,36.0,-13.0,-13.0,46.0,-15.0,-15.0,0.0007838157864621533,-4.8583268097786456e-05,0.0003652355679490576,-0.004373838149076548,-0.0035941062506656962,-0.004047507657746863,-0.8467535972595215
230,0,test,2.457242922782898,1.137014813224114,1.5672080932361183,4.879129832288344,2.2576697010780964,3.1118664297350263,11.672584916811916,7.928309531952399,9.237370449582896,23.17721897151143,15.742542667761597,18.34182909413582,2.5657247945890953,1.206955539414664,1.651796479272002,4.707751916677239,2.2145973200269067,3.030819228022022,13.010084592136517,9.118683560451164,10.515983662754556,23.87171484795691,16.73152946871773,19.29538286743955,2.457242922782898,1.137014813224114,1.5672080932361183,4.879129832288344,2.2576697010780964,3.1118664297350263,11.672584916811916,7.928309531952399,9.237370449582896,23.17721897151143,15.742542667761597,18.34182909413582,0.6381909547738693,-0.0018090452261306789,-0.0018090452261306789,0.457286432160804,-0.0027135678391959628,-0.0027135678391959628,0.3467336683417085,-0.003266331658291488,-0.003266331658291488,0.3854545454545455,0.08962877412968162,0.1581268550071453,0.34671532846715325,0.3869346733668342,0.08117026233926528,0.15822014915982252,0.3535353535353535,0.3854545454545455,0.08962877412968162,0.1581268550071453,0.34671532846715325,22.0,0.0,0.0,32.0,0.0,0.0,39.0,0.0,0.0,0.00028776440908604995,0.0002685272437370913,0.00015925513598429055,-0.004893493439473318,-0.0032997183468843616,-0.004144396891876845,-0.6836636066436768
142,0,test,3.0649549996463765,1.4166698334004568,1.944593336841002,5.078209754316055,2.3472274690654626,3.2219242541777384,21.433497450514885,16.235439076508737,18.36753460298705,35.51236342291192,26.89989415617624,30.432483802988344,2.672873384389446,1.1679970566955356,1.6387244942810286,4.311086103853945,1.8838662204766705,2.643104023033917,14.481520442633451,9.977923816967673,11.668809152446935,23.35729103650557,16.093425511238184,18.82065992330151,3.0542359655118707,1.3984866787583643,1.9267864128517445,4.926187041148179,2.2556236754167167,3.10772002072862,21.20497800163305,15.967975532616581,18.117206750663563,34.201577421988794,25.754799246155777,29.221301210747683,0.5778894472361809,-0.002110552763819218,-0.002110552763819218,0.44221105527638194,-0.0027889447236180143,-0.0027889447236180143,0.35678391959798994,-0.0032160804020100464,-0.0032160804020100464,0.3946587537091988,0.0983624574129025,0.16859754936566473,0.42559523809523814,0.3869346733668342,0.10122038765254848,0.16322849640523152,0.4040404040404041,0.3913043478260869,0.09915075851056099,0.16772259031774428,0.4261744966442953,17.0,0.0,0.0,30.0,0.0,0.0,39.0,0.0,0.0,-0.0011492937806497029,4.554818561037735e-06,-0.0005873029674704517,-0.010719106137250023,-0.01319995455846179,-0.010333842466279108,-0.3785088062286377
303,0,test,3.0742238120557706,1.397554649327408,1.915702987313605,5.0977635364469105,2.3174640387581067,3.176672042254206,21.633084054168872,16.285370145858966,18.447865760426545,35.87258241893826,27.004854292500312,30.590764741973132,3.24734789163024,1.4326623602028516,1.9854523687818464,5.195756626608384,2.292259776324563,3.1767237900509544,25.72203176119397,19.582886455593684,22.189921419413643,41.15525081791036,31.3326183289499,35.50387427106183,3.0742238120557706,1.397554649327408,1.915702987313605,5.0977635364469105,2.3174640387581067,3.176672042254206,21.633084054168872,16.285370145858966,18.447865760426545,35.87258241893826,27.004854292500312,30.590764741973132,0.6834170854271358,-0.0015829145728643024,-0.0015829145728643024,0.5276381909547738,-0.002361809045226204,-0.002361809045226204,0.42211055276381915,-0.0028894472361808976,-0.0028894472361808976,0.4061302681992337,0.11549929305583029,0.16918759303999809,0.4192307692307692,0.39698492462311563,0.10375184191634867,0.15825370592528587,0.43939393939393945,0.4061302681992337,0.11549929305583029,0.16918759303999809,0.4192307692307692,23.0,-5.0,-5.0,29.0,-1.0,-1.0,39.0,-1.0,-1.0,0.00014853086503585243,0.00012079345216488826,-0.0001974207453791195,-0.00012094549186336678,-0.00017278787436758591,9.286739145242251e-05,-0.5102543830871582
468,0,test,2.683435913413129,1.2049253753093996,1.5482688975674208,5.083695172646983,2.2826978215660483,2.933152635090038,14.63529260442096,10.248885178256897,11.523599402841011,27.72615734606383,19.41622970956206,21.831140577241513,2.829839820837855,1.1851400653699882,1.6358315359410933,4.320366138683748,1.8093741456030359,2.497452726627624,16.9427467322003,11.763292161644975,13.642463525848315,25.866788904122593,17.959224674267137,20.8281885890814,2.6448950731634695,1.1771556119031021,1.612185148155835,4.695080011532786,2.089625346573554,2.8618671269038494,14.081967429308515,9.742552798765752,11.273300621874506,24.997575318299138,17.29447242384453,20.011776251848236,0.5879396984924623,-0.002060301507537776,-0.002060301507537776,0.48743718592964824,-0.002562814070351749,-0.002562814070351749,0.38190954773869346,-0.0030904522613065533,-0.0030904522613065533,0.4042553191489362,0.1346670057359216,0.17649383332293422,0.3733333333333333,0.40703517587939697,0.12382715582927162,0.1766512025905823,0.35858585858585856,0.39799331103678925,0.12754255978470241,0.189984412260371,0.3557046979865772,23.0,-14.0,-14.0,32.0,-21.0,-21.0,44.0,-28.0,-28.0,0.0008775882413962624,2.8816549819100733e-05,0.00028189999043065487,-0.0388317093063586,-0.03406467244947553,-0.03775590498972736,-0.631908655166626
78,0,test,2.309677171091312,1.0659161892593312,1.473696900260912,4.302960209156417,1.9858164621817678,2.7455175128148497,10.071172864410796,6.602538429721584,7.764098366397297,18.76273300766943,12.300619540303224,14.464621614110033,2.4894042948279718,1.1774511790043847,1.6034546595623143,4.462986078115013,2.1109259875844377,2.8746619572333385,12.0540932955139,8.340673923278107,9.628806859723829,21.610491583849246,14.95310009668778,17.262455541306686,2.309677171091312,1.0659161892593312,1.473696900260912,4.302960209156417,1.9858164621817678,2.7455175128148497,10.071172864410796,6.602538429721584,7.764098366397297,18.76273300766943,12.300619540303224,14.464621614110033,0.6111111111111112,-0.0038888888888888307,-0.0038888888888888307,0.4444444444444444,-0.005555555555555536,-0.005555555555555536,0.31313131313131315,-0.006868686868686802,-0.006868686868686802,0.3763837638376384,0.1019822905411375,0.16288683132230097,0.30000000000000004,0.3787878787878788,0.08911533470727429,0.158989221069758,0.30964467005076146,0.3763837638376384,0.1019822905411375,0.16288683132230097,0.30000000000000004,22.0,0.0,0.0,32.0,1.0,1.0,40.0,1.0,1.0,0.00037188251415114687,0.0007896757436753737,0.00030017304366326277,-0.004865773752031899,-0.004031348600790352,-0.004756233295968748,-0.9878628253936768
90,0,test,2.7819688061009282,1.294859600674379,1.7765705414052106,6.423818879542143,2.9899485324662933,4.102262886517487,16.15078743557716,11.726500126350533,13.417791923843309,37.2936364421509,27.077554837209412,30.982901351420004,2.8006941181930465,1.3116769017089958,1.7920666061719102,6.2237647070956585,2.9148375593533236,3.982370235937578,16.456065262031785,12.023328305250523,13.714229966609167,36.569033915626186,26.718507345001157,30.47606659246481,2.7819688061009282,1.294859600674379,1.7765705414052106,6.423818879542143,2.9899485324662933,4.102262886517487,16.15078743557716,11.726500126350533,13.417791923843309,37.2936364421509,27.077554837209412,30.982901351420004,0.6030150753768844,-0.0019849246231156137,-0.0019849246231156137,0.46733668341708545,-0.002663316582914521,-0.002663316582914521,0.36180904522613067,0.0018090452261306789,0.0018090452261306789,0.37154150197628455,0.08554544674946007,0.15077934691715178,0.3214285714285714,0.38190954773869346,0.1037140590168889,0.1582033707770908,0.3232323232323232,0.37154150197628455,0.08554544674946007,0.15077934691715178,0.3214285714285714,20.0,0.0,0.0,28.0,0.0,0.0,37.0,0.0,0.0,-9.186651502456008e-06,0.00029377589786301313,0.00019925960241802868,-0.019718136707900236,-0.022190828491725156,-0.02012095700381078,-1.0716841220855713
14,0,test,2.997569657339821,1.392062867721387,1.9052146071475324,4.580555880878828,2.1271971911248166,2.911339174967016,20.036781456194433,15.056398486531984,17.055494564375433,30.61800312407239,23.007530271554494,26.06232877252875,3.1668728278509937,1.4530255488998889,1.9856257672455926,4.308670514082984,1.9769055087073317,2.7015316561164524,23.7331505423051,18.18287663642654,20.47471540596299,32.29000073783007,24.738607668607536,27.85675565437142,2.997569657339821,1.392062867721387,1.9052146071475324,4.580555880878828,2.1271971911248166,2.911339174967016,20.036781456194433,15.056398486531984,17.055494564375433,30.61800312407239,23.007530271554494,26.06232877252875,0.7185929648241206,-0.0014070351758793676,-0.0014070351758793676,0.5477386934673367,-0.002261306532663321,-0.002261306532663321,0.42713567839195976,-0.002864321608040288,-0.002864321608040288,0.4206642066420664,0.10758870019639422,0.1826273968261155,0.40740740740740744,0.40703517587939697,0.088739436531026,0.1649650590179612,0.41414141414141414,0.4206642066420664,0.10758870019639422,0.1826273968261155,0.40740740740740744,27.0,-12.0,-12.0,39.0,-15.0,-15.0,47.0,-14.0,-14.0,0.00023267182837683663,0.00029075762095566926,4.770024525387772e-07,-0.004865773752031899,-0.005032388636494467,-0.004756233295968748,-0.877032995223999
167,0,test,3.422686619112691,1.614795013013128,2.1948046292231043,5.67445413168683,2.677160153153344,3.6387550431856726,30.65165381840584,24.554076044348406,27.2376628125178,50.817215541041264,40.70807344194604,45.1571778207532,3.5120658545038808,1.656006541384676,2.2502694361689963,5.487602897662313,2.587510220913556,3.516045994014056,33.51743846227178,27.118965814369528,29.985678151223432,52.37099759729965,42.373384084952384,46.85262211128661,3.422686619112691,1.614795013013128,2.1948046292231043,5.67445413168683,2.677160153153344,3.6387550431856726,30.65165381840584,24.554076044348406,27.2376628125178,50.817215541041264,40.70807344194604,45.1571778207532,0.778894472361809,-0.0011055276381910506,-0.0011055276381910506,0.6381909547738693,-0.0018090452261306789,-0.0018090452261306789,0.507537688442211,-0.0024623115577889765,-0.0024623115577889765,0.4462151394422311,0.11619525872652536,0.18926149705812512,0.43600000000000005,0.4522613065326633,0.1139154418710091,0.19516614793500053,0.4494949494949495,0.4462151394422311,0.11619525872652536,0.18926149705812512,0.43600000000000005,21.0,-3.0,-3.0,33.0,-4.0,-4.0,44.0,-3.0,-3.0,0.00011018637967121139,0.00027863050496989536,0.00021389193624301044,-5.164627325804361e-05,-0.00011782167916685182,0.0001279129611404528,-0.6687889099121094
129,0,test,2.596104641037294,1.2677745891144478,1.7091036951146052,4.843478807905399,2.365251099094119,3.188626296855607,13.41139395804846,9.6366594473998,10.9835564520334,25.021257384418767,17.978842252611567,20.491709798569772,2.650050302246707,1.2305052953154307,1.70185858604937,4.690354517250809,2.177885478434391,3.0121390903528678,14.154750643227038,10.019512135934743,11.573712455860058,25.052656005711572,17.733649798114588,20.484446824531076,2.596104641037294,1.2677745891144478,1.7091036951146052,4.843478807905399,2.365251099094119,3.188626296855607,13.41139395804846,9.6366594473998,10.9835564520334,25.021257384418767,17.978842252611567,20.491709798569772,0.6633165829145728,-0.0016834170854271857,-0.0016834170854271857,0.507537688442211,-0.0024623115577889765,-0.0024623115577889765,0.371859296482412,-0.003140703517587995,-0.003140703517587995,0.40963855421686746,0.11104135982808994,0.17599369440378332,0.375,0.42211055276381915,0.11133361040792944,0.1883876813113985,0.3787878787878788,0.40963855421686746,0.11104135982808994,0.17599369440378332,0.375,23.0,-12.0,-12.0,35.0,-12.0,-12.0,45.0,-20.0,-20.0,0.00029579257954756393,2.20765396415139e-05,-9.275118924777195e-06,-0.004713315471099655,-0.005351321608557669,-0.005449345239612491,-0.3357532024383545
350,0,test,3.7306641340255737,1.776184999347835,2.4089545798419145,6.090421568198376,2.899675510983514,3.9326909104648125,41.70679787173735,34.64655724043816,37.956971439465434,68.08760375446278,56.561548266016516,61.96589915719959,3.8326636666628584,1.7870095400868435,2.4334730369998843,5.988536979160716,2.7922024063856927,3.802301620312319,46.185397036522076,38.45118099665943,42.133477900358656,72.16468286956574,60.07997030728036,65.8335592193104,3.7306641340255737,1.776184999347835,2.4089545798419145,6.090421568198376,2.899675510983514,3.9326909104648125,41.70679787173735,34.64655724043816,37.956971439465434,68.08760375446278,56.561548266016516,61.96589915719959,0.7738693467336684,-0.0011306532663316604,-0.0011306532663316604,0.6281407035175879,-0.0018592964824121205,-0.0018592964824121205,0.5175879396984925,-0.002412060301507535,-0.002412060301507535,0.45925925925925926,0.13578421304853838,0.20310162379127894,0.46840148698884754,0.4773869346733668,0.15157239833251468,0.22196122515750705,0.48989898989898994,0.45925925925925926,0.13578421304853838,0.20310162379127894,0.46840148698884754,24.0,0.0,0.0,37.0,1.0,1.0,44.0,0.0,0.0,-6.228855240816841e-05,-7.516347869335833e-05,-0.0001258647658164718,-0.0001833147886074471,0.00021597805698636563,6.13263787334617e-05,-0.3510422706604004
182,0,test,3.159718213241492,1.476716573118796,2.019358309114347,5.743001347040279,2.6840321497902435,3.6703201699443198,23.56395498295445,18.182269348136604,20.436061078398055,42.82908034064018,33.04750307195099,37.143921824926196,3.1811144615537557,1.4605627553567866,2.0154771686281325,5.258040432320257,2.4141533146393166,3.331367220872947,24.07356767326918,18.48595733996729,20.865601026924086,39.79102094755237,30.555301388375685,34.4885967387175,3.159718213241492,1.476716573118796,2.019358309114347,5.743001347040279,2.6840321497902435,3.6703201699443198,23.56395498295445,18.182269348136604,20.436061078398055,42.82908034064018,33.04750307195099,37.143921824926196,0.7035175879396984,-0.001482412060301641,-0.001482412060301641,0.5477386934673367,-0.002261306532663321,-0.002261306532663321,0.42713567839195976,-0.002864321608040288,-0.002864321608040288,0.4029850746268657,0.09199811000861624,0.1647716751231436,0.3820224719101124,0.4120603015075377,0.09877709348748753,0.16832073556429894,0.38383838383838387,0.4029850746268657,0.09199811000861624,0.1647716751231436,0.3820224719101124,27.0,-11.0,-11.0,37.0,-12.0,-12.0,48.0,-14.0,-14.0,-6.734859044714901e-05,0.00035797140290295227,0.00012946564556486005,-0.0048449839864490585,-0.005020768061346104,-0.0047457196250606515,-1.062511682510376
434,0,test,2.515799737511537,1.1438246131524061,1.5707405905490968,4.578170452564599,2.08149479021339,2.8583825862899257,12.376502775816169,8.43337159213884,9.803537218631167,22.522356795525933,15.346775048485213,17.840157845532296,2.6371300472086996,1.2015503290037328,1.6459383973339183,4.32316401181754,1.9697546377110373,2.6982596677605217,13.973044030534835,9.77096370525047,11.278600637388287,22.90662955825383,16.017973287295852,18.489509241620148,2.5048836238408168,1.1449845300504917,1.5690489776158412,4.52689811537497,2.06924915069366,2.8356306824382673,12.24213419034041,8.346334018808465,9.69279382301964,22.12433889820556,15.083736178569517,17.517097270517425,0.6180904522613065,-0.0019095477386934512,-0.0019095477386934512,0.4723618090452262,-0.0026381909547738003,-0.0026381909547738003,0.3417085427135679,-0.003291457286432098,-0.003291457286432098,0.3589743589743589,0.08377435897435892,0.147886938931715,0.35048231511254024,0.3668341708542714,0.08111988513998569,0.13811964664725973,0.36363636363636365,0.36789297658862874,0.0957727762547389,0.15765938370764987,0.3557046979865772,21.0,-7.0,-7.0,30.0,-6.0,-6.0,38.0,-8.0,-8.0,0.0003574243314341061,0.00013832278822467628,-0.00010302176417245812,-0.045623979205602794,-0.04295704965319924,-0.042350657846955464,-0.6237752437591553
68,0,test,2.7779800801566155,1.231281518574917,1.7002928712151268,5.13693523202145,2.276839009208366,3.1441169853195916,16.086494679045906,11.39055347703128,13.148617687035147,29.746534853431253,21.06297877596287,24.313924326305212,3.0420291016449283,1.3164937876576757,1.8026740305387796,4.680044771761428,2.0253750579348853,2.7733446623673528,20.94770516374447,15.332178868731853,17.494319605453352,32.227238713453026,23.587967490356696,26.914337854543614,2.742929172755085,1.2133959561686054,1.6680945429116187,4.987143950463791,2.2061744657611007,3.032899168930216,15.532415655637768,10.916394018637833,12.602907248427197,28.240755737523212,19.847989124796058,22.914376815322175,0.6633165829145728,-0.0016834170854271857,-0.0016834170854271857,0.4974874371859297,-0.002512562814070307,-0.002512562814070307,0.3919597989949749,-0.0030402010050251116,-0.0030402010050251116,0.38181818181818183,0.08181818181818179,0.15050505050505047,0.37386018237082064,0.3919597989949749,0.09547738693467345,0.14907872696817426,0.3939393939393939,0.3913043478260869,0.09866220735785947,0.16387959866220736,0.3657718120805369,16.0,-1.0,-1.0,25.0,-4.0,-4.0,34.0,-4.0,-4.0,0.0007218910558525344,1.4506230764944833e-05,0.00044800140537454763,0.0003846183501678979,-1.6433446000441165e-05,-0.0001489470393902792,-0.4895493984222412
391,0,test,2.9936349849465866,1.414789712572308,1.9346968000844722,4.989391641577645,2.35798285428718,3.2244946668074537,19.958098183312476,15.108745288128382,17.074790359908736,33.26349697218746,25.181242146880642,28.45798393318123,3.1043854652337695,1.434153805325427,1.9851053605886628,4.565272742990837,2.1090497137138633,2.9192725891009745,22.29551339631678,16.982114840277383,19.23286477333939,32.78751970046585,24.97369829452556,28.28362466667557,2.9936349849465866,1.414789712572308,1.9346968000844722,4.989391641577645,2.35798285428718,3.2244946668074537,19.958098183312476,15.108745288128382,17.074790359908736,33.26349697218746,25.181242146880642,28.45798393318123,0.6482412060301508,-0.0017587939698492372,-0.0017587939698492372,0.5276381909547738,-0.002361809045226204,-0.002361809045226204,0.4321608040201005,-0.002839195979899567,-0.002839195979899567,0.40492957746478875,0.10615980593579055,0.17893426130553813,0.3533568904593639,0.42211055276381915,0.12386493872873139,0.19506547763861048,0.35858585858585856,0.40492957746478875,0.10615980593579055,0.17893426130553813,0.3533568904593639,26.0,-2.0,-2.0,35.0,0.0,0.0,43.0,-1.0,-1.0,0.0003266234275420167,0.00038227302621231707,5.512144765331936e-05,-0.0002803336946550772,0.00016174870629104277,1.2262581172706177e-05,-1.0234501361846924
18,0,test,2.2783762539305337,1.0164147342849637,1.2561575720804918,4.612870149583494,2.0578643142419706,2.543254985837843,9.760818444528239,6.228474987085719,6.981464013029994,19.762051136458652,12.610360688139068,14.134885267760236,2.691751888049907,1.2216393981727176,1.6942254543392452,4.449176674462656,2.0192386746656488,2.800372651800405,14.757506787229634,10.407782373721425,12.045940499974115,24.39257320203245,17.202946072266815,19.910645454502667,2.443583692994006,1.1148634625029918,1.5325658927944317,4.581719424363762,2.09036899219311,2.8735610489895596,11.514230359913197,7.738022741389086,9.027377995345145,21.589181924837245,14.508792640104536,16.926333741272146,0.49246231155778897,-0.002537688442211028,-0.002537688442211028,0.4170854271356784,-0.0029145728643216184,-0.0029145728643216184,0.3467336683417085,-0.003266331658291488,-0.003266331658291488,0.3365853658536585,0.09541606012893256,0.13228429058484126,0.26894865525672373,0.3668341708542714,0.1162076044382313,0.1781864246105318,0.2525252525252525,0.3511705685618729,0.10576155353683114,0.16540861083106084,0.2684563758389261,21.0,0.0,0.0,28.0,0.0,0.0,37.0,0.0,0.0,0.0016406594364109543,0.0017246563752985127,0.00041145769536034054,-0.03037395316015079,-0.04200942956551401,-0.03450512732696698,-2.3712151050567627
471,0,test,2.663198967551471,1.275109133578861,1.7360949601404974,4.726737240422478,2.263107601318773,3.0812811213089626,14.342095691449611,10.334907348732735,11.814915815702575,25.454845333168844,18.342749466624984,20.969519460982053,2.6914472579956055,1.2949799801173962,1.757279025095333,4.448673153711745,2.140462777053548,2.904593429909642,14.753011891810564,10.71211254466647,12.207916241538301,24.38514362282738,17.70597114820904,20.17837395295587,2.663198967551471,1.275109133578861,1.7360949601404974,4.726737240422478,2.263107601318773,3.0812811213089626,14.342095691449611,10.334907348732735,11.814915815702575,25.454845333168844,18.342749466624984,20.969519460982053,0.6532663316582914,-0.0017336683417086274,-0.0017336683417086274,0.44723618090452266,-0.0027638190954772934,-0.0027638190954772934,0.3668341708542714,-0.0031658291457286047,-0.0031658291457286047,0.36704119850187267,0.07171409569813436,0.14661778629763855,0.3458646616541353,0.3869346733668342,0.08868905933174642,0.15988959824162552,0.36363636363636365,0.36704119850187267,0.07171409569813436,0.14661778629763855,0.3458646616541353,27.0,0.0,0.0,34.0,0.0,0.0,44.0,0.0,0.0,0.00012048869710910596,0.0003034687710442692,0.0001588890847771462,-0.004830156211476755,-0.00501027270148402,-0.004737362189949579,-0.4355912208557129
65,0,test,3.598659174939606,1.7037947806143963,2.322408590546474,5.825552228738867,2.758123233964889,3.7595426193499857,36.54919549744065,29.897549154959506,32.96601581956568,59.16627191912422,48.39850779045425,53.3657780841484,4.157771733537991,1.9462126443338668,2.659738020915273,5.618610450727014,2.6300170869376576,3.594240568804423,63.92891311992476,54.798973427052715,59.45602768016432,86.39042313503346,74.05266679331449,80.34598335157341,3.765127197954567,1.7942038643407463,2.4356428410330073,5.883011246804011,2.803443538032416,3.8056919391140736,43.169196544151426,35.99189607156624,39.39010232285449,67.4518696002366,56.237337611822255,61.54703487946014,0.8040201005025126,-0.0009798994974873354,-0.0009798994974873354,0.6783919597989949,-0.0016080402010050232,-0.0016080402010050232,0.6030150753768844,-0.0019849246231156137,-0.0019849246231156137,0.43251533742331283,0.1262366237939101,0.19986227619882302,0.3384615384615385,0.4623115577889447,0.11895316179896975,0.20688584827308498,0.398989898989899,0.4247491638795987,0.10588438925522481,0.1833698535347711,0.3523489932885906,27.0,-5.0,-5.0,41.0,-7.0,-7.0,49.0,-4.0,-4.0,0.0019076167717904887,0.00017965277244740826,0.0008226623027302709,-0.005044706737114879,-0.007286239183380339,-0.008862947794045617,-1.2518446445465088
311,0,test,2.7617060332684904,1.2597337354745923,1.7282662016151527,5.656735806074081,2.580282203006579,3.5399659439979336,15.826821012160904,11.3362839938305,13.01610339179864,32.417695452495096,23.21983687012179,26.66057039561515,2.6599387655306104,1.1269969894198968,1.5794896166424284,4.625980461792366,1.9599947642085165,2.7469384637259626,14.29541369980297,9.663631232683834,11.3494112521245,24.861589043135602,16.806315187276237,19.738106525433917,2.7617060332684904,1.2597337354745923,1.7282662016151527,5.656735806074081,2.580282203006579,3.5399659439979336,15.826821012160904,11.3362839938305,13.01610339179864,32.417695452495096,23.21983687012179,26.66057039561515,0.5577889447236181,-0.00221105527638199,-0.00221105527638199,0.4371859296482412,-0.002814070351758735,-0.002814070351758735,0.36180904522613067,-0.0031909547738693256,-0.0031909547738693256,0.3817567567567568,0.10519689166400803,0.15928484664439724,0.38983050847457623,0.3869346733668342,0.11625798163751089,0.1732451908960495,0.38888888888888884,0.3817567567567568,0.10519689166400803,0.15928484664439724,0.38983050847457623,19.0,-1.0,-1.0,28.0,-2.0,-2.0,35.0,1.0,1.0,-0.00020324132392201034,-0.00017646495503100261,-5.28915419052137e-05,-0.032592703141730794,-0.036054082525347475,-0.034627392032592574,-0.8405873775482178
135,0,test,3.360908519220716,1.6059338088470645,2.1873214747372023,5.456289756512644,2.6071641464615922,3.5510219003449635,28.81535829750666,23.032056814932854,25.581787474741855,46.78048908792747,37.39154902671197,41.53092657936485,3.3334804851206106,1.5976998402855234,2.170538151031475,5.29123886527081,2.536031492516704,3.445298652430912,28.035750101738014,22.36239515093262,24.83641715449639,44.501190637679386,35.495865318940666,39.422884372216494,3.360908519220716,1.6059338088470645,2.1873214747372023,5.456289756512644,2.6071641464615922,3.5510219003449635,28.81535829750666,23.032056814932854,25.581787474741855,46.78048908792747,37.39154902671197,41.53092657936485,0.7587939698492463,-0.001206030150753712,-0.001206030150753712,0.592964824120603,-0.0020351758793969443,-0.0020351758793969443,0.4623115577889447,-0.002688442211055242,-0.002688442211055242,0.39312977099236646,0.08836786623046167,0.15074398419033597,0.367816091954023,0.40703517587939697,0.09124570219518646,0.15828726269074922,0.36363636363636365,0.39312977099236646,0.08836786623046167,0.15074398419033597,0.367816091954023,24.0,-3.0,-3.0,35.0,-3.0,-3.0,46.0,-5.0,-5.0,4.0600401540879646e-05,0.00022730215584648464,0.0002745251187328825,-0.00012787541372372146,-0.00017828449388890277,8.936283448512938e-05,-0.7636046409606934
316,0,test,2.6342297382112863,1.1696964482898298,1.644576818038876,4.449278277344673,1.9756458303431885,2.7777303572973704,13.932576597608696,9.607052594117768,11.24227603637587,23.532461692302494,16.226546149820862,18.988478427293394,2.5471493017733398,1.0746300235465545,1.5496410017636553,3.9490686849199066,1.6660930597621002,2.402544188780861,12.770646583546633,8.410440695710498,10.059129466577525,19.79945206751416,13.039442939086044,15.595549560585312,2.6342297382112863,1.1696964482898298,1.644576818038876,4.449278277344673,1.9756458303431885,2.7777303572973704,13.932576597608696,9.607052594117768,11.24227603637587,23.532461692302494,16.226546149820862,18.988478427293394,0.6582914572864322,-0.0017085427135676845,-0.0017085427135676845,0.48743718592964824,-0.002562814070351749,-0.002562814070351749,0.33668341708542715,-0.0033165829145728187,-0.0033165829145728187,0.4094202898550725,0.09963768115942029,0.16062801932367154,0.4290909090909091,0.39698492462311563,0.08291457286432169,0.14405360134003353,0.4040404040404041,0.4094202898550725,0.09963768115942029,0.16062801932367154,0.4290909090909091,25.0,-13.0,-13.0,35.0,-17.0,-17.0,44.0,-16.0,-16.0,-0.0005871303786657223,-0.00010265638149560296,3.1354551767950454e-05,-0.00022489431977135155,0.00019273690668875076,4.029903692170933e-05,-0.6845822334289551
330,0,test,2.4949521432488653,1.1486449489654835,1.5505896521418083,4.613062556527851,2.1237966504309727,2.8669756589080317,12.121153425685915,8.277946348888342,9.5499797157991,22.411507636033853,15.305577884663343,17.657514578691043,3.258300497304255,1.473625086189837,2.049215345676471,4.827111847858155,2.1831482758367953,3.0358745861873637,26.00530348218092,20.047657634101476,22.654885356690013,38.526375529156915,29.70023353200218,33.56279312102224,2.616415139026068,1.199104329374787,1.655470637900295,4.459798532430797,2.0439278341615683,2.8218249509664117,13.686571080735513,9.560561198944516,11.072406691762028,23.32938252398099,16.29641113456452,18.87342049732164,0.7185929648241206,-0.0014070351758793676,-0.0014070351758793676,0.5728643216080402,-0.0021356783919597166,-0.0021356783919597166,0.44723618090452266,-0.0027638190954772934,-0.0027638190954772934,0.4011299435028248,0.12891555704302227,0.18900873138161267,0.3087818696883853,0.42211055276381915,0.10130854775128784,0.1800404359023834,0.3737373737373737,0.4046822742474916,0.12087593034098076,0.18888694610511114,0.3120805369127517,28.0,-19.0,-19.0,38.0,-20.0,-20.0,49.0,-22.0,-22.0,0.0016961596363015614,0.0006537024734697863,0.0008308114079107311,-0.03300116946529297,-0.03813173415856497,-0.039912510686643365,-0.6683144569396973
34,0,test,3.5230684994723545,1.656177942173972,2.262747868251437,5.315506858853026,2.4987947899466945,3.413970467888133,33.88825517940897,27.42010243201115,30.361703150614094,51.129648165424065,41.37068086233261,45.80888545531249,3.608923965962089,1.679648504356472,2.309993310027314,5.230324588350854,2.4342731947195246,3.3478163913439336,36.92629747663097,30.041777141830387,33.26092245246002,53.516373154537646,43.5388074519281,48.204235438347865,3.5230684994723545,1.656177942173972,2.262747868251437,5.315506858853026,2.4987947899466945,3.413970467888133,33.88825517940897,27.42010243201115,30.361703150614094,51.129648165424065,41.37068086233261,45.80888545531249,0.7386934673366834,-0.0013065326633165952,-0.0013065326633165952,0.5979899497487438,-0.0020100502512562235,-0.0020100502512562235,0.48743718592964824,-0.002562814070351749,-0.002562814070351749,0.4396887159533074,0.12900910430282198,0.20294874182652856,0.44140625,0.4170854271356784,0.10630848477978871,0.17668475935604566,0.4444444444444444,0.4396887159533074,0.12900910430282198,0.20294874182652856,0.44140625,20.0,0.0,0.0,36.0,0.0,0.0,42.0,0.0,0.0,0.00018003697743006197,0.00013293045184508922,5.610857668123905e-05,-9.322580442105988e-05,-0.00015080139628764755,0.00010688561932692409,-0.9256453514099121
207,0,test,2.979620763834785,1.3933863041630627,1.8928949408849713,5.608697908394889,2.6228448078363535,3.5630963593128873,19.680351728249207,14.795033342019511,16.715800030521702,37.04536795905733,27.849474526154374,31.46503535157026,3.0541181354666476,1.390480291820744,1.9074903564676502,4.966045748726256,2.260943563936169,3.101610335719757,21.202479565314487,15.924001327478447,18.054918842961623,34.47557652896665,25.89268508533081,29.35759161457175,2.979620763834785,1.3933863041630627,1.8928949408849713,5.608697908394889,2.6228448078363535,3.5630963593128873,19.680351728249207,14.795033342019511,16.715800030521702,37.04536795905733,27.849474526154374,31.46503535157026,0.7185929648241206,-0.0014070351758793676,-0.0014070351758793676,0.5326633165829145,-0.0023366834170853723,-0.0023366834170853723,0.40703517587939697,-0.00296482412060306,-0.00296482412060306,0.4,0.09275929549902151,0.15619295958279011,0.3779527559055118,0.40703517587939697,0.09876449918766761,0.1699734062633702,0.38888888888888884,0.4,0.09275929549902151,0.15619295958279011,0.3779527559055118,26.0,-15.0,-15.0,38.0,-15.0,-15.0,45.0,-16.0,-16.0,0.0001603571775567207,0.0001229879017504484,0.00024313830529116784,-0.005754000588783725,-0.005384301325679353,-0.005470372581422467,-0.7953827381134033
344,0,test,2.902174562215805,1.3289163005801867,1.8365032559064165,4.776871173833468,2.1873467059239102,3.022815918106835,18.21370918066198,13.391374127412895,15.31092219130886,29.97908653959891,22.04170275630073,25.20120733352079,3.1236293759178277,1.4538172655533907,2.0064001935269067,4.958141866536234,2.30764645325935,3.1847622119474712,22.728721201927407,17.417551412257133,19.672347396386797,36.077335241154614,27.64690700358275,31.225948248233017,2.902174562215805,1.3289163005801867,1.8365032559064165,4.776871173833468,2.1873467059239102,3.022815918106835,18.21370918066198,13.391374127412895,15.31092219130886,29.97908653959891,22.04170275630073,25.20120733352079,0.6884422110552764,-0.0015577889447235815,-0.0015577889447235815,0.5376884422110553,-0.0023115577889447625,-0.0023115577889447625,0.40201005025125625,-0.002989949748743781,-0.002989949748743781,0.3977272727272727,0.08451972555746134,0.16405893101873004,0.37262357414448666,0.40201005025125625,0.08951005025125625,0.17239274575874375,0.3939393939393939,0.3977272727272727,0.08451972555746134,0.16405893101873004,0.37262357414448666,22.0,-1.0,-1.0,36.0,-5.0,-5.0,44.0,-1.0,-1.0,0.00047215969883158016,0.00025414893707834314,-0.0001035208611650376,-0.01183055786185161,-0.010678264069793997,-0.010315968711875456,-0.8425877094268799
215,0,test,3.2682509771303128,1.5391538269008447,2.0872396545787772,6.269286465564437,2.952464888080237,4.003824494632246,26.265360429829084,20.6297968862245,23.007693340112198,50.38323856036397,39.57288081948725,44.13425452034102,2.885238389273984,1.2852049094495832,1.7675003791827277,4.849140150040309,2.1600082511757703,2.9705888725760135,17.90783612276623,12.954637868939342,14.849906753847478,30.097203567674338,21.772500620066122,24.95782647705459,3.241591294473629,1.5205846590401837,2.064527261818225,6.154920179380309,2.8871860614687037,3.9199884718067572,25.57438576329034,19.984232884390476,22.32955228430719,48.55896031004495,37.94474598301989,42.397884084127575,0.5879396984924623,-0.002060301507537776,-0.002060301507537776,0.4824120603015075,-0.0025879396984924696,-0.0025879396984924696,0.40201005025125625,-0.002989949748743781,-0.002989949748743781,0.4276315789473685,0.13699118485869854,0.20662501439594616,0.4257425742574258,0.40703517587939697,0.13134595282175288,0.1933456934086123,0.36363636363636365,0.4280936454849499,0.14094840341483306,0.21118597029028918,0.41946308724832215,26.0,-13.0,-13.0,39.0,-14.0,-14.0,49.0,-15.0,-15.0,-0.0004344612267364799,0.0004683713252220202,-0.00021141707141482066,-0.03968470470717467,-0.04499516972344875,-0.03727451678420479,-0.5208125114440918
195,0,test,3.45955460161533,1.5744144349465368,2.1491130015803837,5.645653521654464,2.569289814084532,3.50714146270173,31.802808440175937,25.21553074609617,28.09499772010015,51.89906162629938,41.14927103350663,45.84827848801619,3.731950251900371,1.7344851286903342,2.360413899898805,5.408623553478799,2.5137465633193252,3.420889709998269,41.76047223836336,34.39012276672318,37.81907081213905,60.52242353385995,49.84075763293215,54.81024755382472,3.45955460161533,1.5744144349465368,2.1491130015803837,5.645653521654464,2.569289814084532,3.50714146270173,31.802808440175937,25.21553074609617,28.09499772010015,51.89906162629938,41.14927103350663,45.84827848801619,0.7537688442211055,-0.0012311557788945438,-0.0012311557788945438,0.6281407035175879,-0.0018592964824121205,-0.0018592964824121205,0.507537688442211,-0.0024623115577889765,-0.0024623115577889765,0.4188679245283019,0.10436698290871627,0.16918160081437472,0.40909090909090906,0.4321608040201005,0.10634626767924837,0.17506564542243774,0.43939393939393945,0.4188679245283019,0.10436698290871627,0.16918160081437472,0.40909090909090906,22.0,-8.0,-8.0,30.0,-2.0,-2.0,40.0,-5.0,-5.0,0.0005166641276554383,0.0004915609655882694,-0.00013034294294760862,-0.0001486651793047855,0.00023534568223659846,7.884916357880911e-05,-0.7434935569763184
23,0,test,3.2090188978393446,1.4878878865554563,2.0345752206827847,5.047894895477621,2.340497799075999,3.200455403321235,24.75478733135111,19.163939129193015,21.518445339401346,38.94011490324894,30.14552222569688,33.84923985973246,3.262352607957083,1.450374890146378,2.000173680048327,4.660503725652975,2.0719641287805395,2.85739097149761,26.11089363646662,19.98834950553256,22.577782134881495,37.30127662352375,28.55478500790366,32.25397447840214,3.2090188978393446,1.4878878865554563,2.0345752206827847,5.047894895477621,2.340497799075999,3.200455403321235,24.75478733135111,19.163939129193015,21.518445339401346,38.94011490324894,30.14552222569688,33.84923985973246,0.728643216080402,-0.001356783919598037,-0.001356783919598037,0.5326633165829145,-0.0023366834170853723,-0.0023366834170853723,0.42211055276381915,-0.0028894472361808976,-0.0028894472361808976,0.3978494623655914,0.08657933714197774,0.15470285926666405,0.41726618705035967,0.40201005025125625,0.09624563922368734,0.1482537898171995,0.4292929292929293,0.3978494623655914,0.08657933714197774,0.15470285926666405,0.41726618705035967,22.0,-1.0,-1.0,31.0,-3.0,-3.0,43.0,-3.0,-3.0,0.00023825232803006478,0.00021117759882865398,-0.00020124518467652403,-0.0002456840853515274,0.00018111633153772289,2.978536601450088e-05,-0.6412522792816162
154,0,test,2.3201978259072624,1.0614273200872855,1.4562533885269686,4.408375869223799,2.016711908165843,2.7668814382012408,10.177687517201035,6.656597851516039,7.8051870762046125,19.337606282681968,12.647535917880475,14.829855444788766,2.1699634862305532,0.8711677039955199,1.259153201926452,3.5573171905418906,1.4281437770418357,2.0641855769286095,8.757964248615066,5.093083553797804,6.271627891900588,14.357318440352566,8.349317301307876,10.281357199837029,2.457079125885979,1.0936215112149694,1.5181344840661941,4.387641296224962,1.9528955557410166,2.710954435832489,11.670673140199334,7.760984986728529,9.11339199407329,20.84048775035595,13.858901762015229,16.27391427513087,0.5226130653266332,-0.002386934673366814,-0.002386934673366814,0.4120603015075377,-0.0029396984924623393,-0.0029396984924623393,0.3065326633165829,-0.0034673366834171437,-0.0034673366834171437,0.3870967741935484,0.11037642280262594,0.17693059628543495,0.4,0.38190954773869346,0.09118273069608696,0.16321171802249979,0.3737373737373737,0.39799331103678925,0.11084806896667243,0.1799732887898482,0.42281879194630867,20.0,-6.0,-6.0,32.0,-7.0,-7.0,37.0,-4.0,-4.0,0.00018075779402132732,3.2334913567158343e-05,-0.00031893694595730497,-0.06129406122054881,-0.0681795612145768,-0.06135554956795186,-0.41335320472717285
179,0,test,3.362851909095166,1.5442325153060275,2.1312814601016172,5.186084871857605,2.3814670115562833,3.286795504735024,28.871412222724153,22.708068799647098,25.44480559883674,44.5245875242011,35.01967236572082,39.24018212832654,3.233387140173409,1.4557141526394188,2.026046562764464,4.8259509554827,2.1727076905065954,3.0239500936783044,25.365427889719435,19.449354278334432,22.020849721711777,37.85884759659617,29.028886982588702,32.86693988315191,3.362851909095166,1.5442325153060275,2.1312814601016172,5.186084871857605,2.3814670115562833,3.286795504735024,28.871412222724153,22.708068799647098,25.44480559883674,44.5245875242011,35.01967236572082,39.24018212832654,0.6733668341708543,-0.001633165829145744,-0.001633165829145744,0.5376884422110553,-0.0023115577889447625,-0.0023115577889447625,0.4321608040201005,-0.002839195979899567,-0.002839195979899567,0.4274509803921569,0.1143394344038986,0.1927704067285324,0.4133858267716536,0.40201005025125625,0.08622057656704574,0.16494828063522948,0.36868686868686873,0.4274509803921569,0.1143394344038986,0.1927704067285324,0.4133858267716536,23.0,0.0,0.0,35.0,-4.0,-4.0,45.0,-6.0,-6.0,-0.00038357171565716876,-0.00013766757590171486,8.52104702946225e-05,-7.936596070123869e-05,-0.0001398081572467902,0.00011389473326595123,-0.43486642837524414
456,0,test,2.9226803038683205,1.366222139739179,1.872866601337867,5.3122931309304695,2.48325910933725,3.4041411810480726,18.591050404363816,13.849054309465938,15.733931609885985,33.79128029472417,25.172180474438086,28.598152423000315,2.9210773017538254,1.294929509599738,1.7541815489966845,4.909373616392984,2.17635211697435,2.9482042840280416,18.56127278442522,13.47702143121611,15.349266499586598,31.195416444412135,22.650456186917832,25.797086553927056,2.9226803038683205,1.366222139739179,1.872866601337867,5.3122931309304695,2.48325910933725,3.4041411810480726,18.591050404363816,13.849054309465938,15.733931609885985,33.79128029472417,25.172180474438086,28.598152423000315,0.6231155778894473,-0.0018844221105527303,-0.0018844221105527303,0.5175879396984925,-0.002412060301507535,-0.002412060301507535,0.42211055276381915,-0.0028894472361808976,-0.0028894472361808976,0.42708333333333337,0.1220573367995379,0.20537432640492692,0.43205574912891986,0.4321608040201005,0.13642145564917318,0.21346297430390682,0.43434343434343436,0.42708333333333337,0.1220573367995379,0.20537432640492692,0.43205574912891986,23.0,-14.0,-14.0,39.0,-30.0,-30.0,46.0,-30.0,-30.0,-0.00043345805221454465,5.949845380740347e-05,7.706150495824301e-05,-0.029227950666301794,-0.03230588477950924,-0.028862492146458862,-0.6199288368225098
364,0,test,2.840692479119581,1.309453260820847,1.7839130176387143,4.795426412771174,2.2105126828708355,3.011457123835651,17.127621952082094,12.50371865311282,14.250531679291603,28.91346082009898,21.10776267678946,24.05659060712097,2.825881753135566,1.2524995750895143,1.7335811842588063,3.924835768243842,1.7395827431798812,2.4077516448038976,16.87581873372225,12.052886076997787,13.894694261910619,23.438637130169795,16.740119551385817,19.298186474875862,2.884738966374094,1.3368448915328797,1.8195434743414565,4.5548509995380435,2.110807723472968,2.872963380539142,17.898894772262498,13.19733615309567,14.997488641859025,28.26141279830921,20.83789918909843,23.68024522398794,0.6884422110552764,-0.0015577889447235815,-0.0015577889447235815,0.5527638190954773,-0.0022361809045226,-0.0022361809045226,0.44723618090452266,-0.0027638190954772934,-0.0027638190954772934,0.43823529411764706,0.13720739397080417,0.20340163462645333,0.4424778761061947,0.4723618090452262,0.1540660696968552,0.22361389585657843,0.4747474747474747,0.45150501672240806,0.14432638567065514,0.2134627475344214,0.4563758389261745,12.0,-2.0,-2.0,24.0,-6.0,-6.0,32.0,-6.0,-6.0,-3.4485573260637086e-05,-8.793165789017617e-05,3.6758823460971345e-07,0.00034512908460637703,-5.516869649557776e-05,0.0001678595039624753,-0.8414769172668457
347,0,test,3.27289042039351,1.520555143729233,2.0841459192311853,5.5760355310407945,2.590575430057212,3.5507671216531302,26.38750019049324,20.61944322151227,23.104543320153393,44.956481806025515,35.12942178479868,39.363296026928,3.2788230953504094,1.4997888357263585,2.0679986875515914,5.375119828443294,2.458670222502227,3.3901617828714614,26.544513947310683,20.62038146612295,23.18826351595272,43.51559663493555,33.80390404282451,38.01354674746347,3.27289042039351,1.520555143729233,2.0841459192311853,5.5760355310407945,2.590575430057212,3.5507671216531302,26.38750019049324,20.61944322151227,23.104543320153393,44.956481806025515,35.12942178479868,39.363296026928,0.7437185929648241,-0.0012814070351758744,-0.0012814070351758744,0.5678391959798995,-0.0021608040201005485,-0.0021608040201005485,0.44221105527638194,-0.0027889447236180143,-0.0027889447236180143,0.42181818181818187,0.11510311829731068,0.18239859294272842,0.4014598540145985,0.4120603015075377,0.09627082782332719,0.16164293923708695,0.38888888888888884,0.42181818181818187,0.11510311829731068,0.18239859294272842,0.4014598540145985,25.0,-5.0,-5.0,38.0,-6.0,-6.0,45.0,-6.0,-6.0,4.242164212416508e-05,0.00036848433676560523,0.0001663364791969682,-0.0002179643979092205,0.00019661043173790915,4.380359388900246e-05,-3.4158451557159424
414,0,test,2.3238015515463695,1.055267918225686,1.4528401289949668,4.358932102900644,1.9794466540630884,2.7252032233321737,10.214431278104783,6.658796404839011,7.825224491153504,19.159989105513322,12.490413132058272,14.678371405766203,2.3150665754049866,0.9896456687357715,1.3921599195059133,3.7951911072212896,1.6223699487471666,2.2822293762392025,10.125597012025848,6.361827794813493,7.609002368041184,16.5993393639768,10.429225893136874,12.473774373838005,2.333086170879096,1.0404175512615002,1.4421935045195966,4.3745365703983055,1.9507829086153134,2.7041128209742444,10.309710013164116,6.667215984927337,7.872405633044293,19.33070627468272,12.501029971738758,14.760760561958051,0.6381909547738693,-0.0018090452261306789,-0.0018090452261306789,0.4522613065326633,-0.0027386934673366836,-0.0027386934673366836,0.3015075376884422,-0.0034924623115578646,-0.0034924623115578646,0.38870431893687707,0.08853848145760679,0.16770984379875553,0.3733333333333333,0.40703517587939697,0.09124570219518646,0.16329560993615821,0.38383838383838387,0.3913043478260869,0.09414241126515199,0.1721719785268656,0.37583892617449666,23.0,-13.0,-13.0,33.0,-15.0,-15.0,43.0,-18.0,-18.0,5.808056381513084e-05,5.8849991948718876e-05,6.005716024231606e-05,0.0004991372202978184,9.589878044646838e-05,-4.7314887297922326e-05,-0.8358557224273682
217,0,test,2.700003204246362,1.2190248925886633,1.6918714658985972,5.100006052465351,2.3026025748896974,3.1957572133640166,14.87977940327547,10.482533949469403,12.139303100704769,28.106249983964776,19.800341904553314,22.929794745775673,2.6317255784518756,1.1812146502453003,1.6368287848475804,4.498676202481839,2.0191703422996587,2.7979979228163767,13.897730847819535,9.632437630664302,11.193285636986449,23.756804868067583,16.465705351562914,19.13382160168624,2.700003204246362,1.2190248925886633,1.6918714658985972,5.100006052465351,2.3026025748896974,3.1957572133640166,14.87977940327547,10.482533949469403,12.139303100704769,28.106249983964776,19.800341904553314,22.929794745775673,0.5728643216080402,-0.0021356783919597166,-0.0021356783919597166,0.40703517587939697,-0.00296482412060306,-0.00296482412060306,0.31658291457286436,-0.003417085427135591,-0.003417085427135591,0.35763888888888884,0.09940665318698239,0.14978669489350782,0.35888501742160284,0.3517587939698492,0.07857583657636547,0.13306096425365554,0.3434343434343434,0.35763888888888884,0.09940665318698239,0.14978669489350782,0.35888501742160284,21.0,0.0,0.0,33.0,0.0,0.0,37.0,0.0,0.0,-0.0004021992474899771,8.419006513197983e-05,3.459762881111671e-07,-0.004983582423659705,-0.004097198526636703,-0.004189956132470307,-0.5512423515319824
479,0,test,3.1545422217942694,1.4684928783191529,2.0084707943715734,4.90305991044595,2.2824575023017686,3.1217374632518164,23.44230325923704,18.04419082377561,20.296493200216254,36.43603706578557,28.045828023239807,31.546549431193263,3.1823300901968876,1.4438645779786998,1.992254133200526,4.7497464032789365,2.155021758177164,2.973513631642576,24.102849986278397,18.41424236327421,20.815519092597377,35.97440296459462,27.483943825782397,31.067938944175186,3.1545422217942694,1.4684928783191529,2.0084707943715734,4.90305991044595,2.2824575023017686,3.1217374632518164,23.44230325923704,18.04419082377561,20.296493200216254,36.43603706578557,28.045828023239807,31.546549431193263,0.7487437185929648,-0.0012562814070351536,-0.0012562814070351536,0.5879396984924623,-0.002060301507537776,-0.002060301507537776,0.4522613065326633,-0.0027386934673366836,-0.0027386934673366836,0.41697416974169743,0.09040590405904059,0.16605166051660514,0.37777777777777777,0.42713567839195976,0.08542713567839189,0.16247906197654938,0.38383838383838387,0.41697416974169743,0.09040590405904059,0.16605166051660514,0.37777777777777777,23.0,-10.0,-10.0,33.0,-10.0,-10.0,42.0,-13.0,-13.0,-0.00010406460638085645,0.00034548878972046553,0.0002088674713102985,-0.00019024471046957814,0.00021210453193631906,5.782182176528039e-05,-0.8180062770843506
276,0,test,2.788060437440872,1.2759954459437117,1.7664119922638997,5.08609813133153,2.32772502563065,3.2223636949783865,16.2494723493751,11.713384236394027,13.471702355905885,29.642976831284273,21.368052455482438,24.575650964410126,3.0376405811789047,1.3739790827052043,1.9132738668971951,4.9392529775266745,2.2341123296019583,3.1110144177190167,20.85597715325943,15.577374052452846,17.777710344149703,33.91215797277956,25.329063499923322,28.906846088048297,2.7898730350577314,1.2820957123458825,1.771984990171084,5.072496427377693,2.33108311335615,3.2217908912201527,16.278952814269473,11.762272308269914,13.511608732803168,29.598096025944496,21.385949651399844,24.566561332369396,0.7386934673366834,-0.0013065326633165952,-0.0013065326633165952,0.5728643216080402,-0.0021356783919597166,-0.0021356783919597166,0.42211055276381915,-0.0028894472361808976,-0.0028894472361808976,0.42000000000000004,0.09554076539101497,0.1783148558758315,0.33444816053511706,0.4170854271356784,0.08375209380234505,0.15164302312900058,0.3535353535353535,0.42140468227424754,0.09753156040446453,0.18002537192941992,0.3355704697986577,23.0,-1.0,-1.0,35.0,0.0,0.0,45.0,-1.0,-1.0,0.0012818805934103998,0.0002706637758654199,0.0001162814255563374,-0.010596925450164107,-0.008949904603539949,-0.009992577451275686,-0.6638333797454834
49,0,test,2.9402561926279804,1.3930639514641656,1.895873081942963,5.094164798855454,2.413564288001868,3.2847103396453656,18.92069303345286,14.22243296880751,16.0790480310487,32.781200720749716,24.641192004096727,27.857885542165764,2.929939361073863,1.399698597077385,1.8984426300847346,4.883232268456438,2.3328309951289747,3.1640710501412244,18.7264949077013,14.107206060830974,15.921233491919974,31.210824846168837,23.51201010138496,26.535389153199958,2.9402561926279804,1.3930639514641656,1.895873081942963,5.094164798855454,2.413564288001868,3.2847103396453656,18.92069303345286,14.22243296880751,16.0790480310487,32.781200720749716,24.641192004096727,27.857885542165764,0.6532663316582914,-0.0017336683417086274,-0.0017336683417086274,0.5376884422110553,-0.0023115577889447625,-0.0023115577889447625,0.42211055276381915,-0.0028894472361808976,-0.0028894472361808976,0.40740740740740744,0.10992841581076873,0.18120360001658997,0.3547297297297297,0.42713567839195976,0.1188650017002304,0.2000906032667511,0.3535353535353535,0.40740740740740744,0.10992841581076873,0.18120360001658997,0.3547297297297297,24.0,0.0,0.0,36.0,0.0,0.0,45.0,0.0,0.0,0.00017996918856136494,0.00027308378666505913,0.00017130997717431127,-0.004160596115041493,-0.004132060252083569,-0.004847351777157449,-0.795814037322998
435,0,test,3.2880698433393762,1.5514223107333418,2.1064787801666585,5.82584187007782,2.7488287921718264,3.7322845500939446,26.791102693275942,21.112827448080065,23.53154645406142,47.46879940285133,37.407962726799575,41.69347828102157,3.4744042589436823,1.6312888067054896,2.2192752933907425,5.742816956931707,2.696345135050396,3.668223625439244,32.27859312435282,25.962407710115595,28.770302330522025,53.353046486533586,42.9130705952324,47.55421872813558,3.2880698433393762,1.5514223107333418,2.1064787801666585,5.82584187007782,2.7488287921718264,3.7322845500939446,26.791102693275942,21.112827448080065,23.53154645406142,47.46879940285133,37.407962726799575,41.69347828102157,0.728643216080402,-0.001356783919598037,-0.001356783919598037,0.5728643216080402,-0.0021356783919597166,-0.0021356783919597166,0.4824120603015075,-0.0025879396984924696,-0.0025879396984924696,0.4448669201520913,0.14126160705911217,0.21477842457687002,0.40839694656488545,0.4522613065326633,0.1389780985126131,0.22020788416204562,0.4242424242424242,0.4448669201520913,0.14126160705911217,0.21477842457687002,0.40839694656488545,23.0,-2.0,-2.0,39.0,-6.0,-6.0,45.0,-4.0,-4.0,0.0002272467207424041,0.00030477952698263866,2.1600319110942935e-05,-0.004810334377146397,-0.0054282742818401175,-0.0041023422082506755,-0.737971305847168
216,0,test,2.883848149161185,1.3073505227797733,1.7965945096626914,5.370519607120531,2.4346467819431705,3.3457538473359105,17.88295722848043,13.044975544177237,14.916840378287095,33.30299220393661,24.29333769005462,27.779265614654413,2.8783657976131343,1.2476855272508156,1.725309619464454,4.797276329355224,2.0794758787513596,2.875516032440757,17.785184826463524,12.677836912000604,14.61732515246106,29.64197471077254,21.129728186667677,24.3622085874351,2.895902214640359,1.2981895077974746,1.7849343935520283,5.396091083180793,2.418986660492189,3.3259647084820405,18.09982400312694,13.158107669361243,15.062527471081149,33.7263801300502,24.518213048499213,28.06682137468537,0.5979899497487438,-0.0020100502512562235,-0.0020100502512562235,0.5226130653266332,-0.002386934673366814,-0.002386934673366814,0.44723618090452266,-0.0027638190954772934,-0.0027638190954772934,0.45483870967741935,0.16176302529738718,0.23702755087913607,0.4563106796116505,0.46733668341708545,0.16658480371783735,0.2402916082918768,0.4747474747474747,0.46488294314381273,0.1693904556646808,0.25019996205371264,0.4664429530201343,15.0,-4.0,-4.0,31.0,-10.0,-10.0,38.0,-7.0,-7.0,6.812610328964892e-05,-4.416868677573259e-05,2.6371660095157552e-05,-0.03400616207142804,-0.03405592645370081,-0.03159025810646998,-0.7191123962402344
283,0,test,3.2328148472811526,1.5088684211247787,2.0650447045133133,5.2283795678250735,2.4402686810783454,3.339763657916593,25.350915588668567,19.744304650423523,22.136099529379845,40.999628915007186,31.93214702722816,35.80035849813284,3.190822777436606,1.4741767120473026,2.023028766363565,4.871485156391765,2.250651468774508,3.0885935364329242,24.30841963660041,18.74258994087326,21.093526844185075,37.1120910482449,28.614641131104214,32.2038577773818,3.2328148472811526,1.5088684211247787,2.0650447045133133,5.2283795678250735,2.4402686810783454,3.339763657916593,25.350915588668567,19.744304650423523,22.136099529379845,40.999628915007186,31.93214702722816,35.80035849813284,0.7035175879396984,-0.001482412060301641,-0.001482412060301641,0.5628140703517588,-0.0021859296482411583,-0.0021859296482411583,0.46733668341708545,-0.002663316582914521,-0.002663316582914521,0.4329501915708812,0.11363852809095765,0.19218586036069019,0.4461538461538461,0.4371859296482412,0.11387765897154944,0.19511581278680545,0.43434343434343436,0.4329501915708812,0.11363852809095765,0.19218586036069019,0.4461538461538461,20.0,0.0,0.0,34.0,0.0,0.0,41.0,1.0,1.0,-8.960075980611989e-05,-8.35792026749195e-05,-5.668512253156694e-06,-0.00012094549186336678,-0.00017278787436758591,9.286739145242251e-05,-0.693439245223999
325,0,test,3.156796387031217,1.5170751932789606,2.0572134268342355,5.624837198710169,2.7031521625697845,3.6655802878137296,23.495205687324248,18.341473268213175,20.49229225897541,41.8641846792323,32.68117055063439,36.51353893417438,3.370495091730626,1.553239160041299,2.1510741591614564,5.225573785628877,2.4081227287462,3.334998696374351,29.092927160473902,22.937981496248405,25.707700269166462,45.10531342709132,35.56276200968745,39.85689964211855,3.156796387031217,1.5170751932789606,2.0572134268342355,5.624837198710169,2.7031521625697845,3.6655802878137296,23.495205687324248,18.341473268213175,20.49229225897541,41.8641846792323,32.68117055063439,36.51353893417438,0.6934673366834171,-0.0015326633165829717,-0.0015326633165829717,0.5829145728643217,-0.002085427135678275,-0.002085427135678275,0.4522613065326633,-0.0027386934673366836,-0.0027386934673366836,0.40614334470989766,0.09268508235896067,0.1757233674113733,0.37671232876712324,0.42713567839195976,0.1138524703719096,0.1917433578577361,0.398989898989899,0.40614334470989766,0.09268508235896067,0.1757233674113733,0.37671232876712324,22.0,-5.0,-5.0,35.0,-6.0,-6.0,43.0,-7.0,-7.0,0.0007141081779180548,0.00022156483184928446,-5.044858077351672e-05,-0.0003427029913991575,0.00012688698084151184,-1.9278431547142816e-05,-1.1043672561645508
247,0,test,3.372919495467546,1.5719642955037079,2.158705092945517,4.972647027603583,2.317524504228324,3.1825480798853913,29.1635457311733,23.108116882971903,25.795898321629867,42.99539884938692,34.06796660461001,38.030524382745746,3.4986663236090885,1.6255273389671552,2.23740178966027,4.8257466532539155,2.242106674437456,3.0860714340141655,33.07131610025884,26.56262103942919,29.541433777894564,45.615608414150124,36.63809798541957,40.74680521088906,3.372919495467546,1.5719642955037079,2.158705092945517,4.972647027603583,2.317524504228324,3.1825480798853913,29.1635457311733,23.108116882971903,25.795898321629867,42.99539884938692,34.06796660461001,38.030524382745746,0.8140703517587939,-0.0009296482412060048,-0.0009296482412060048,0.6381909547738693,-0.0018090452261306789,-0.0018090452261306789,0.4773869346733668,-0.0026130653266331905,-0.0026130653266331905,0.41245136186770426,0.07070378905217023,0.14983816652488413,0.37890625,0.40703517587939697,0.06618304555358245,0.13491497554550713,0.38888888888888884,0.41245136186770426,0.07070378905217023,0.14983816652488413,0.37890625,25.0,-3.0,-3.0,36.0,-4.0,-4.0,46.0,-4.0,-4.0,0.0005652111618038262,0.00024194132629985833,0.00011060016046016109,-9.322580442105988e-05,-0.00015080139628764755,0.00010688561932692409,-0.42589759826660156
381,0,test,3.097537172251734,1.450944359475579,1.9809444169668562,5.598654143635121,2.6225143391763566,3.580464753648168,22.1433488169028,16.954079955443106,19.08891955165353,40.023071464091394,30.643709733130084,34.50233285423091,3.2529480780788402,1.4889752895525394,2.0502551301577876,5.289346468420878,2.421098031792747,3.333748179118354,25.866484037205886,20.030909128418838,22.537414162999124,42.05932363773315,32.57058394864852,36.64620189105548,3.097537172251734,1.450944359475579,1.9809444169668562,5.598654143635121,2.6225143391763566,3.580464753648168,22.1433488169028,16.954079955443106,19.08891955165353,40.023071464091394,30.643709733130084,34.50233285423091,0.6834170854271358,-0.0015829145728643024,-0.0015829145728643024,0.5628140703517588,-0.0021859296482411583,-0.0021859296482411583,0.46733668341708545,-0.002663316582914521,-0.002663316582914521,0.4241379310344827,0.11949077096563587,0.19707371085099645,0.4117647058823529,0.4371859296482412,0.12891525295651185,0.21014085452303255,0.4242424242424242,0.4241379310344827,0.11949077096563587,0.19707371085099645,0.4117647058823529,21.0,-9.0,-9.0,37.0,-16.0,-16.0,45.0,-12.0,-12.0,0.00035406132920639345,0.00033611662891053445,0.00018024192467055926,-0.00032191322581809345,0.00013850755599076336,-8.764760639934366e-06,-1.0929639339447021
286,0,test,2.798991556767817,1.3094168151175225,1.7922460186731566,5.319937594651414,2.4887591121770125,3.4064543533721583,16.428071637300533,11.992862629059108,13.69139155190759,31.224215628511608,22.79438128834413,26.022711095347535,3.1553380669061863,1.4836702951833831,2.035784013906316,5.21543482133254,2.452347595344435,3.3649322543906055,23.460967127487045,18.139932455160373,20.397479382025306,38.778458061962056,29.983359430017146,33.71484195376083,2.798991556767817,1.3094168151175225,1.7922460186731566,5.319937594651414,2.4887591121770125,3.4064543533721583,16.428071637300533,11.992862629059108,13.69139155190759,31.224215628511608,22.79438128834413,26.022711095347535,0.6783919597989949,-0.0016080402010050232,-0.0016080402010050232,0.5276381909547738,-0.002361809045226204,-0.002361809045226204,0.4170854271356784,-0.0029145728643216184,-0.0029145728643216184,0.39160839160839156,0.09615384615384615,0.16433566433566427,0.3298245614035088,0.4120603015075377,0.11306532663316582,0.17755443886097155,0.35858585858585856,0.39160839160839156,0.09615384615384615,0.16433566433566427,0.3298245614035088,16.0,-1.0,-1.0,28.0,-5.0,-5.0,37.0,-3.0,-3.0,0.0010873545747966517,0.0007519448722378855,0.00027904695644182344,-0.00029419353837489837,0.00015400165618917327,5.253467235455389e-06,-0.6795041561126709
42,0,test,2.752234441793559,1.2999756110807645,1.774168841067414,4.902417599444777,2.3155815572376115,3.1602382481513307,15.677623513452243,11.404868460211748,13.018316411890106,27.92576688333681,20.31492194475218,23.188876108679253,2.539809777509028,1.1227827560985566,1.5398137858467589,4.617835959107323,2.0414231929064663,2.7996614288122883,12.677259241626937,8.552420106791889,9.95898830893767,23.04956225750352,15.549854739621619,18.107251470795767,2.8220485221582114,1.3045422507067486,1.799637333651768,4.95096231957581,2.2886706152749974,3.157258480090821,16.81125364808518,12.25041613664515,14.031364120855281,29.49342745278102,21.491958134465172,24.61642828220225,0.5628140703517588,-0.0021859296482411583,-0.0021859296482411583,0.42211055276381915,-0.0028894472361808976,-0.0028894472361808976,0.35678391959798994,-0.0032160804020100464,-0.0032160804020100464,0.407624633431085,0.1352966685701773,0.19843597262952095,0.39117647058823535,0.3919597989949749,0.12378937292981196,0.18494811285140234,0.3484848484848485,0.40802675585284276,0.13924545368255892,0.19445612181502292,0.3959731543624161,22.0,-13.0,-13.0,31.0,-19.0,-19.0,38.0,-18.0,-18.0,-0.00016312273968680652,6.593374191407395e-05,-2.5034014750306067e-05,-0.07577814031728192,-0.0784349023972517,-0.0796339930032488,-0.6043589115142822
413,0,test,3.6436925778173124,1.7026831588627378,2.3417809491948987,5.556631181171402,2.5965918172656752,3.571215947522221,38.23275381024416,31.266974998055467,34.556436101417404,58.304949560622354,47.68213687203459,52.69856505466154,3.8548401444401574,1.7885628860799514,2.4673284659633286,5.506914492057368,2.5550898372570736,3.5247549513761838,47.22106778767615,39.325691892625635,43.216195553322336,67.45866826810878,56.17955984660804,61.737422219031906,3.6436925778173124,1.7026831588627378,2.3417809491948987,5.556631181171402,2.5965918172656752,3.571215947522221,38.23275381024416,31.266974998055467,34.556436101417404,58.304949560622354,47.68213687203459,52.69856505466154,0.7839195979899498,-0.0010804020100502187,-0.0010804020100502187,0.6482412060301508,-0.0017587939698492372,-0.0017587939698492372,0.5025125628140703,-0.0024874371859296973,-0.0024874371859296973,0.39917695473251025,0.06995884773662553,0.14814814814814814,0.38842975206611574,0.42713567839195976,0.0879396984924623,0.17420435510887766,0.41414141414141414,0.39917695473251025,0.06995884773662553,0.14814814814814814,0.38842975206611574,21.0,0.0,0.0,31.0,0.0,0.0,42.0,0.0,0.0,0.00029001312621647465,0.00023311310287461412,0.0002865424446540169,3.793101625682027e-06,-7.384872300431056e-05,-9.33731963588258e-05,-0.4801816940307617
126,0,test,2.568097623941958,1.2157198189028788,1.609353755489828,5.164889076084385,2.445023099469477,3.2366891171862466,13.040991957189947,9.174383307121197,10.432574058508878,26.227693321722796,18.45127369029961,20.981713190297185,2.9110937064616524,1.3481552690716845,1.8069986232760764,4.733485701563662,2.192122388734446,2.9382091435383355,18.376886499374212,13.604061191002367,15.360392941745909,29.88111625914506,22.120424700816855,24.976248685765704,2.474626095398613,1.1629384500924562,1.5857517743190397,4.949252190797226,2.3258769001849124,3.1715035486380794,11.877265318592926,8.164831618880033,9.444875299157806,23.75453063718585,16.329663237760066,18.88975059831561,0.6432160804020101,-0.001783919597989958,-0.001783919597989958,0.5226130653266332,-0.002386934673366814,-0.002386934673366814,0.42211055276381915,-0.0028894472361808976,-0.0028894472361808976,0.403899721448468,0.13231197771587744,0.19275602643380518,0.36871508379888274,0.4371859296482412,0.14824120603015079,0.22780569514237858,0.38888888888888884,0.39799331103678925,0.13545150501672232,0.2017837235228539,0.34563758389261745,22.0,-13.0,-13.0,32.0,-21.0,-21.0,39.0,-27.0,-27.0,0.0013451443838771646,0.00019586346328990826,0.00033518472874418466,-0.07365805353469135,-0.06771701101042549,-0.07200768429658488,-0.4445211887359619
361,0,test,3.1666336896873655,1.5084927364944491,2.0495591849861476,5.3896745122456675,2.5674851121142894,3.4883911380824832,23.727475718827776,18.477933096809057,20.671574629566006,40.384643016388694,31.44981542234673,35.18343762708962,3.457011062296192,1.6404964964650528,2.2426721606522317,5.237895548933624,2.485600752219777,3.397988122200351,31.722019534883852,25.571635246199847,28.353952830094556,48.063665961945226,38.74490188818158,42.96053459105235,3.2269471429263468,1.5357348818649093,2.0740282866047086,5.408291300993877,2.573857343907669,3.4760250613486736,25.20259947396952,19.776544959624864,22.035174786378057,42.238993531792495,33.1450474183657,36.93046053582915,0.7437185929648241,-0.0012814070351758744,-0.0012814070351758744,0.5829145728643217,-0.002085427135678275,-0.002085427135678275,0.457286432160804,-0.0027135678391959628,-0.0027135678391959628,0.41369047619047616,0.11354188778037211,0.18695780292314945,0.3761194029850746,0.42211055276381915,0.11634614173625024,0.18504878314779238,0.41414141414141414,0.41137123745819393,0.110870402733653,0.18890182700213165,0.3791946308724832,22.0,-11.0,-11.0,35.0,-13.0,-13.0,41.0,-10.0,-10.0,0.0005070972303747745,0.00016298994926899527,0.0002880981899603344,0.00036092479082938667,-3.9674596296279674e-05,0.0001777382952132811,-0.7030191421508789
208,0,test,3.236184689068886,1.4815927476956576,2.0402968983852725,5.1938766614685825,2.37786490370908,3.274550577655375,25.43648826558878,19.65540002793481,22.12999632500396,40.82399351267335,31.545703748537345,35.5172780524755,3.1906590186171795,1.4367533116484408,1.9985946995928459,4.834331846389666,2.176898957043092,3.0281737872618875,24.30443924441965,18.5273168275128,21.0105654441384,36.82490794609038,28.07169216289818,31.83419006687636,3.236184689068886,1.4815927476956576,2.0402968983852725,5.1938766614685825,2.37786490370908,3.274550577655375,25.43648826558878,19.65540002793481,22.12999632500396,40.82399351267335,31.545703748537345,35.5172780524755,0.6934673366834171,-0.0015326633165829717,-0.0015326633165829717,0.542713567839196,-0.0022864321608039306,-0.0022864321608039306,0.4371859296482412,-0.002814070351758735,-0.002814070351758735,0.4092664092664092,0.10617760617760619,0.1647361647361647,0.43410852713178294,0.4120603015075377,0.10552763819095479,0.17085427135678388,0.43939393939393945,0.4092664092664092,0.10617760617760619,0.1647361647361647,0.43410852713178294,21.0,-11.0,-11.0,35.0,-16.0,-16.0,41.0,-20.0,-20.0,-0.00017568708053895148,-6.69722117481067e-05,0.00019283536131146616,-0.00010708564814265742,-0.00016179463533028127,9.987650539144965e-05,-0.8746724128723145
233,0,test,3.0871245444305546,1.4335251704948706,1.9677787376290095,5.407941577832249,2.5112107596612274,3.447101760243726,21.913974633405978,16.688219168753104,18.85112478119912,38.38831017341331,29.23397258639728,33.02289234720697,3.15934270230969,1.4531296252006263,2.007001287573746,5.13714260538161,2.362812398700205,3.2634167277621877,23.55510812141243,18.047044799743905,20.389511908585643,38.30098881530477,29.344788292266514,33.153677900139265,3.0871245444305546,1.4335251704948706,1.9677787376290095,5.407941577832249,2.5112107596612274,3.447101760243726,21.913974633405978,16.688219168753104,18.85112478119912,38.38831017341331,29.23397258639728,33.02289234720697,0.7185929648241206,-0.0014070351758793676,-0.0014070351758793676,0.5628140703517588,-0.0021859296482411583,-0.0021859296482411583,0.44723618090452266,-0.0027638190954772934,-0.0027638190954772934,0.4227642276422764,0.11788617886178854,0.18292682926829262,0.4163265306122449,0.42713567839195976,0.11557788944723613,0.1792294807370184,0.4242424242424242,0.4227642276422764,0.11788617886178854,0.18292682926829262,0.4163265306122449,18.0,-6.0,-6.0,29.0,-11.0,-11.0,40.0,-14.0,-14.0,0.00032349160364742217,0.00014729339217143652,0.00024785196333229094,-1.699666395538202e-05,-9.033858156382024e-05,-0.00010696492421935488,-0.7095506191253662
100,0,test,2.8443536893695804,1.3417215125990072,1.8326881123357999,4.878497539949038,2.30125568524557,3.1433377926729174,17.190444710619502,12.696943503421323,14.44026687514259,29.484217291547388,21.777181887686268,24.76724561009305,2.64400428503602,1.245275964264131,1.7075381259080316,4.196832198469873,1.97662851470497,2.710377977631796,14.069428965297902,10.019382634436461,11.518478148184608,22.33242692904429,15.903781959422954,18.283298647912076,2.8443536893695804,1.3417215125990072,1.8326881123357999,4.878497539949038,2.30125568524557,3.1433377926729174,17.190444710619502,12.696943503421323,14.44026687514259,29.484217291547388,21.777181887686268,24.76724561009305,0.6432160804020101,-0.001783919597989958,-0.001783919597989958,0.4522613065326633,-0.0027386934673366836,-0.0027386934673366836,0.3467336683417085,-0.003266331658291488,-0.003266331658291488,0.4042553191489362,0.11929956693654686,0.17548173424327584,0.4199288256227758,0.39698492462311563,0.12630823289379234,0.16993984949790697,0.3939393939393939,0.4042553191489362,0.11929956693654686,0.17548173424327584,0.4199288256227758,15.0,-2.0,-2.0,26.0,-5.0,-5.0,34.0,-3.0,-3.0,-0.0008118472288013029,-0.00014647737459117115,-3.4463778779879864e-05,-0.00026647385093347964,0.00016949575638847136,1.9271695109068787e-05,-0.7944936752319336
95,0,test,2.8766591573165634,1.3065542105901038,1.7975495653637383,4.48153216087212,2.0354739280772143,2.800393007092982,17.754857799380897,12.947705137141845,14.8127990477204,27.6601995190355,20.17116168733677,23.07678167434336,2.7534582351320354,1.2325984988380319,1.707040391375671,3.797873427768325,1.700135860466251,2.3545384708629946,15.696821429415966,11.120663636072715,12.849388551554467,21.65078817850478,15.338846394583054,17.72329455386823,2.8766591573165634,1.3065542105901038,1.7975495653637383,4.48153216087212,2.0354739280772143,2.800393007092982,17.754857799380897,12.947705137141845,14.8127990477204,27.6601995190355,20.17116168733677,23.07678167434336,0.6633165829145728,-0.0016834170854271857,-0.0016834170854271857,0.5326633165829145,-0.0023366834170853723,-0.0023366834170853723,0.40201005025125625,-0.002989949748743781,-0.002989949748743781,0.42711864406779665,0.11864406779661019,0.1932203389830509,0.44897959183673475,0.42713567839195976,0.11557788944723613,0.19262981574539362,0.43939393939393945,0.42711864406779665,0.11864406779661019,0.1932203389830509,0.44897959183673475,21.0,-10.0,-10.0,34.0,-15.0,-15.0,42.0,-12.0,-12.0,-0.0005613155863273205,-3.4670632172067175e-05,5.31406855316724e-07,-0.00035656283511986686,0.00011913993074319507,-2.6287545484393604e-05,-0.926335334777832
72,0,test,3.191725037612167,1.4841506451273416,2.044445818432404,5.204341462603279,2.420016338551589,3.333618659354748,24.330362052964997,18.814795413974146,21.180750215069192,39.67243748763719,30.67890207628905,34.53676468189626,3.146151861952777,1.4488323113309984,2.001976888119435,4.695749047690711,2.162436285568654,2.98802520614841,23.246436743703583,17.78714234378432,20.10658691402514,34.696174244333704,26.547973647439285,30.009831214962894,3.191725037612167,1.4841506451273416,2.044445818432404,5.204341462603279,2.420016338551589,3.333618659354748,24.330362052964997,18.814795413974146,21.180750215069192,39.67243748763719,30.67890207628905,34.53676468189626,0.7236180904522613,-0.0013819095477386467,-0.0013819095477386467,0.592964824120603,-0.0020351758793969443,-0.0020351758793969443,0.4522613065326633,-0.0027386934673366836,-0.0027386934673366836,0.43529411764705883,0.11044088868424085,0.18887951530025304,0.40944881889763785,0.42713567839195976,0.09129607939446605,0.178387765203312,0.3939393939393939,0.43529411764705883,0.11044088868424085,0.18887951530025304,0.40944881889763785,21.0,-7.0,-7.0,35.0,-14.0,-14.0,41.0,-6.0,-6.0,-0.0002510432790198785,-0.0001106208636625787,-7.428084563552082e-05,-7.936596070123869e-05,-0.0001398081572467902,0.00011389473326595123,-0.37677597999572754
110,0,test,2.8245344452638927,1.2906840374107493,1.775733868140635,4.98240858667668,2.2767345753084025,3.1323504257884487,16.853097120242815,12.217104155944018,13.998871479595753,29.728444609620865,21.55066820054721,24.693661491957727,2.9920727523727035,1.35450140076067,1.8701790988545124,4.905037298971645,2.2204940996076554,3.0658673751713312,19.926943334114174,14.784278724852346,16.856279860239493,32.6671202198593,24.23652249975794,27.633245672523756,2.8245344452638927,1.2906840374107493,1.775733868140635,4.98240858667668,2.2767345753084025,3.1323504257884487,16.853097120242815,12.217104155944018,13.998871479595753,29.728444609620865,21.55066820054721,24.693661491957727,0.6884422110552764,-0.0015577889447235815,-0.0015577889447235815,0.5025125628140703,-0.0024874371859296973,-0.0024874371859296973,0.3869346733668342,-0.0030653266331658324,-0.0030653266331658324,0.3816254416961131,0.0848056537102474,0.14840989399293292,0.37234042553191493,0.3919597989949749,0.09045226130653272,0.1591289782244556,0.38888888888888884,0.3816254416961131,0.0848056537102474,0.14840989399293292,0.37234042553191493,21.0,-9.0,-9.0,30.0,-9.0,-9.0,38.0,-9.0,-9.0,0.0006886760387199878,0.00023270335487038344,3.446193098135349e-05,-0.004948932814357043,-0.004077830901387358,-0.0041724333476285125,-0.8185775279998779
313,0,test,2.6466782716544053,1.205135803411165,1.647517898547839,4.7206834669859274,2.149511228306464,2.9385553161233386,14.107100774589643,9.879889644791223,11.391100330767731,25.16178793128562,17.6220253898323,20.31745965429332,2.7755938223258934,1.232221507052943,1.700994688816864,4.142677346755065,1.8391365776909598,2.538798043010245,16.048153918812247,11.367806624919787,13.119335318866549,23.952468535540664,16.966875559581766,19.581097490845593,2.6000482051268867,1.176778342205199,1.6134504808265488,4.670745278671054,2.113973069829699,2.8984140374129623,13.464387071845364,9.313716673684372,10.782293362627936,24.187521685949758,16.731227557516835,19.369389274181923,0.6080402010050252,-0.001959798994974782,-0.001959798994974782,0.507537688442211,-0.0024623115577889765,-0.0024623115577889765,0.3919597989949749,-0.0030402010050251116,-0.0030402010050251116,0.4078947368421053,0.11068619825425641,0.19017044800184268,0.40594059405940597,0.4170854271356784,0.11883981310059066,0.19170980109227276,0.43434343434343436,0.40802675585284276,0.11420371745551383,0.19111908065818206,0.3993288590604027,19.0,-6.0,-6.0,32.0,-7.0,-7.0,40.0,-9.0,-9.0,0.00047927894236749066,-6.032542931966094e-05,0.00014122493071014677,0.00048729044062767457,8.427820529455232e-05,-5.782855820246624e-05,-0.9612917900085449
141,0,test,3.1149877602364118,1.4622143110900783,1.999035050385594,5.652361896058125,2.6532895446270297,3.627388104673197,22.533154551322163,17.311713385762094,19.480679634075297,40.887975808359414,31.413307733104723,35.34904781282537,3.243083961045922,1.5185555889075568,2.079950749599596,5.543733266745166,2.595821519500097,3.5554713668369167,25.61258829875685,20.002713666248933,22.412644613011267,43.78220222009718,34.192672933758864,38.312213013694475,3.1149877602364118,1.4622143110900783,1.999035050385594,5.652361896058125,2.6532895446270297,3.627388104673197,22.533154551322163,17.311713385762094,19.480679634075297,40.887975808359414,31.413307733104723,35.34904781282537,0.6381909547738693,-0.0018090452261306789,-0.0018090452261306789,0.5226130653266332,-0.002386934673366814,-0.002386934673366814,0.4371859296482412,-0.002814070351758735,-0.002814070351758735,0.4065934065934066,0.13237037185848888,0.1946567439868292,0.3933823529411765,0.4120603015075377,0.1313585471215728,0.19503192087314702,0.41414141414141414,0.4065934065934066,0.13237037185848888,0.1946567439868292,0.3933823529411765,20.0,-2.0,-2.0,32.0,-1.0,-1.0,44.0,-5.0,-5.0,0.00011614015751886852,0.00011040959532983875,6.670736889385784e-05,-0.00020410455418851114,0.00020435748183800229,5.0812707827141423e-05,-0.7648718357086182
256,0,test,2.8837381975876317,1.347252010156129,1.8283203464717512,4.9794781667646895,2.3263595756765714,3.15704152850064,17.88099107728606,13.232762539352704,15.007815614604157,30.87589738345325,22.84959578016135,25.914658357775778,2.990107243384548,1.3461000460857477,1.8621529042393272,4.822753618362174,2.1711291065899156,3.003472426192463,19.887815213817305,14.711946474994273,16.7984849041885,32.077121312608554,23.728945927410116,27.094330490626604,2.8837381975876317,1.347252010156129,1.8283203464717512,4.9794781667646895,2.3263595756765714,3.15704152850064,17.88099107728606,13.232762539352704,15.007815614604157,30.87589738345325,22.84959578016135,25.914658357775778,0.6633165829145728,-0.0016834170854271857,-0.0016834170854271857,0.5226130653266332,-0.002386934673366814,-0.002386934673366814,0.42713567839195976,-0.002864321608040288,-0.002864321608040288,0.4054054054054054,0.11535481518618107,0.17506832675371997,0.39322033898305087,0.42713567839195976,0.13139633002103246,0.2000906032667511,0.41414141414141414,0.4054054054054054,0.11535481518618107,0.17506832675371997,0.39322033898305087,14.0,0.0,0.0,22.0,0.0,0.0,30.0,0.0,0.0,0.0003865229648814052,7.435873582843427e-05,-1.590238139329473e-05,-0.00036349275698022154,0.0001152664056931485,-2.979210245257491e-05,-0.9272177219390869
384,0,test,3.1149506824357167,1.4346821048314637,1.9450261539511298,5.256479276610272,2.421026051903095,3.2822316347925318,22.532319086997365,17.165321854170536,19.310569607960023,38.023288459308056,28.966480628912784,32.58658621343254,3.046206277818536,1.3694135662761722,1.902205296610257,4.759697309091463,2.1397086973065194,2.972195775953527,21.035390429547576,15.68701577671042,17.89608686305904,32.867797546168084,24.51096215111003,27.96263572352975,3.0106561347393686,1.3619270426476984,1.888756218194464,5.131800229669378,2.3214665499676674,3.2194708264678358,20.30071556105125,15.10034912231827,17.230032855468977,34.603492433610086,25.73923145849706,29.369374185458486,0.6683417085427136,-0.0016582914572863539,-0.0016582914572863539,0.5175879396984925,-0.002412060301507535,-0.002412060301507535,0.4170854271356784,-0.0029145728643216184,-0.0029145728643216184,0.4085714285714286,0.09758712044018747,0.16907973746683425,0.3982808022922636,0.40703517587939697,0.09124570219518646,0.1683039571815672,0.3535353535353535,0.4180602006688964,0.11422046778074946,0.1855796667423113,0.3791946308724832,15.0,-5.0,-5.0,25.0,-8.0,-8.0,35.0,-11.0,-11.0,0.0009299889047617271,-0.0003822899319297415,0.00015535444683570336,0.0003056398190430798,-9.39039469933789e-05,0.00014316252583412847,-1.003065586090088
288,0,test,3.3268198996676244,1.549974301150364,2.1167573447833856,5.360932638321544,2.49767287385373,3.4110032641652275,27.849636094624657,21.938455353135343,24.495941658669977,44.877699306766594,35.35225376905238,39.47346027282819,3.2932461032915357,1.4854296298278127,2.0547200750261956,4.843008975428728,2.184455337982077,3.0216471691561697,26.930139941247596,20.83302027707085,23.479616201081303,39.603146972422934,30.63679452510419,34.52884735453133,3.3268198996676244,1.549974301150364,2.1167573447833856,5.360932638321544,2.49767287385373,3.4110032641652275,27.849636094624657,21.938455353135343,24.495941658669977,44.877699306766594,35.35225376905238,39.47346027282819,0.6834170854271358,-0.0015829145728643024,-0.0015829145728643024,0.5025125628140703,-0.0024874371859296973,-0.0024874371859296973,0.4321608040201005,-0.002839195979899567,-0.002839195979899567,0.42348754448398573,0.12330992459055767,0.18798458590410405,0.4464285714285714,0.4170854271356784,0.11883981310059066,0.18336255568325777,0.4444444444444444,0.42348754448398573,0.12330992459055767,0.18798458590410405,0.4464285714285714,21.0,-8.0,-8.0,30.0,-6.0,-6.0,39.0,-9.0,-9.0,-0.0004861819115014449,-0.00032558590588626176,-6.336672596819687e-05,-0.00025954392907312496,0.0001733692814402943,2.277625207813827e-05,-0.373551607131958
123,0,test,2.7176156934938933,1.23688682047318,1.705976542888853,4.654120289456607,2.118261261409158,2.9216125225521665,15.144170819026966,10.748022071347261,12.394065659968353,25.935526073303663,18.40679228985219,21.22576514222125,2.99847723910557,1.3406469039617563,1.84165734108612,4.409525351625837,1.9715395646496412,2.7083196192442935,20.054974728380593,14.807062455828714,16.875169652503207,29.49260989467734,21.77509184680693,24.81642595956354,2.7176156934938933,1.23688682047318,1.705976542888853,4.654120289456607,2.118261261409158,2.9216125225521665,15.144170819026966,10.748022071347261,12.394065659968353,25.935526073303663,18.40679228985219,21.22576514222125,0.6783919597989949,-0.0016080402010050232,-0.0016080402010050232,0.5326633165829145,-0.0023366834170853723,-0.0023366834170853723,0.40201005025125625,-0.002989949748743781,-0.002989949748743781,0.41052631578947374,0.10579776937966634,0.18298839280230916,0.4084507042253521,0.40201005025125625,0.08371431090288528,0.1616093824716235,0.43434343434343436,0.41052631578947374,0.10579776937966634,0.18298839280230916,0.4084507042253521,20.0,-7.0,-7.0,28.0,-7.0,-7.0,35.0,-7.0,-7.0,0.0014041900014312664,0.000163219170738783,5.4189618082936245e-05,-0.004946996951852967,-0.0033296244842997424,-0.004170998508969959,-0.7704310417175293
226,0,test,2.698537732500479,1.2055445719525157,1.6760877090621278,4.533543390600805,2.025314880880227,2.815827351224375,14.857989477135229,10.407593123039304,12.077991990988554,24.961422321587186,17.48475644670603,20.29102654486077,3.0598579687089775,1.3679216087763033,1.9000916922312086,4.935254788240286,2.20632517544565,3.064664019727755,21.324528196657845,15.894543259528465,18.135340395861682,34.39440031719007,25.63636009601365,29.250549025583357,2.698537732500479,1.2055445719525157,1.6760877090621278,4.533543390600805,2.025314880880227,2.815827351224375,14.857989477135229,10.407593123039304,12.077991990988554,24.961422321587186,17.48475644670603,20.29102654486077,0.6984924623115578,-0.0015075376884421399,-0.0015075376884421399,0.542713567839196,-0.0022864321608039306,-0.0022864321608039306,0.42713567839195976,-0.002864321608040288,-0.002864321608040288,0.40239043824701193,0.1155378486055777,0.17662682602921642,0.396,0.42713567839195976,0.12311557788944716,0.18592964824120595,0.4444444444444444,0.40239043824701193,0.1155378486055777,0.17662682602921642,0.396,24.0,-15.0,-15.0,37.0,-21.0,-21.0,45.0,-21.0,-21.0,0.0005829344461191223,0.0007020964622603731,0.00045097289061484295,-0.013110815447814339,-0.014857638801417217,-0.01562498044382643,-0.7029719352722168
113,0,test,3.164334094729917,1.5123874986020744,2.0318408612123324,5.184753986200662,2.478043366254103,3.3291664815169204,23.67297482432022,18.455849238727733,20.569590500018492,38.788113679285246,30.23986565406563,33.703225748856596,3.2271918112309135,1.5154158092218013,2.0795854911363287,4.816704195867035,2.2618146406295545,3.1038589419945213,25.20876650566132,19.669976856501876,22.05812425833726,37.6250246353154,29.358174412689365,32.92257351990635,3.3437744957148827,1.5846513490814098,2.164217552031492,5.393184670507876,2.5558892727119518,3.4906734710185354,28.325840947766324,22.518497974804035,25.072908296555983,45.68684023833278,36.320158023877475,40.44017467186448,0.6633165829145728,-0.0016834170854271857,-0.0016834170854271857,0.5125628140703518,-0.0024371859296482556,-0.0024371859296482556,0.42713567839195976,-0.002864321608040288,-0.002864321608040288,0.3879310344827587,0.10242170880126655,0.1601695486567567,0.3746397694524496,0.40201005025125625,0.11128323320864975,0.1682871787988356,0.3787878787878788,0.39799331103678925,0.11418696713027843,0.1699621653193254,0.3926174496644296,15.0,0.0,0.0,27.0,0.0,0.0,35.0,0.0,0.0,0.000306092351144799,0.0001258946542667046,-6.55649360893423e-06,-0.0034702284085845747,-0.005748651645681946,-0.004375600317780837,-0.33383917808532715
305,0,test,2.8364599450942007,1.348777345525872,1.8373624786253897,4.6428370680226125,2.207735549781822,3.0074722676447165,17.05528190823821,12.628457011137439,14.339452313498533,27.91680354453728,20.670790160335493,23.4714193131476,3.1415952941281113,1.4834737796882298,2.031904998095121,4.654215250560164,2.197738932871451,3.010229626807587,23.14075373674555,17.8913131582976,20.107334949634392,34.28259812851192,26.50564912340385,29.788644369828727,2.857188818845462,1.3596786676510504,1.8511720011266846,4.7096518991958165,2.241228573051182,3.05138241943959,17.412508353466706,12.941964131056725,14.677821816156488,28.70193684637369,21.33290790833526,24.194211784873332,0.6582914572864322,-0.0017085427135676845,-0.0017085427135676845,0.5276381909547738,-0.002361809045226204,-0.002361809045226204,0.3919597989949749,-0.0030402010050251116,-0.0030402010050251116,0.3548387096774194,0.0649836372136513,0.1370275508791361,0.3398058252427184,0.3869346733668342,0.09370159066006722,0.1682368436506405,0.3737373737373737,0.36454849498327757,0.07573380383135775,0.1465284727363365,0.3489932885906041,24.0,0.0,0.0,35.0,0.0,0.0,42.0,0.0,0.0,0.0010210207596430888,4.913331129776009e-06,0.0003880533649434522,0.0004635968812909397,6.103705499693746e-05,-7.885590001688314e-05,-0.38793063163757324
133,0,test,2.8396529416568943,1.3142025016886916,1.801164037628446,4.597533334111162,2.127756431305501,2.916170346636531,17.10982639859098,12.51261252672254,14.284881374166174,27.701623692956822,20.258515519455543,23.127903177221427,3.0352699828507315,1.3562644254176246,1.8922398273695298,4.275028144860185,1.9102315850952456,2.665126517421873,20.80659456495456,15.446371678922404,17.670337236211232,29.30506276754163,21.755453068904792,24.88779892424117,2.802082484382451,1.2901766430645338,1.7704876831151093,4.568612746275735,2.10354887456174,2.8866647007311563,16.47892817402676,11.94356192283819,13.673391631987291,26.867817675043632,19.473198787236182,22.293573313022762,0.6683417085427136,-0.0016582914572863539,-0.0016582914572863539,0.507537688442211,-0.0024623115577889765,-0.0024623115577889765,0.39698492462311563,-0.0030150753768843908,-0.0030150753768843908,0.3868852459016393,0.09555955032062458,0.16005863739564152,0.36184210526315785,0.39698492462311563,0.10375184191634867,0.16660095133430097,0.38383838383838387,0.3846153846153846,0.09580069346346476,0.15880893300248133,0.3523489932885906,22.0,-7.0,-7.0,31.0,-3.0,-3.0,40.0,-7.0,-7.0,0.0006320734489415722,-0.00017605514312583624,0.00018202796233716267,-0.03027652838982675,-0.023674087553039236,-0.02825119526613129,-0.3582146167755127
372,0,test,2.3823015294816137,1.0742914328757738,1.4799270853618722,4.967970262699463,2.240290670997041,3.086189409718051,10.829799305375772,7.1309931879827495,8.364349064980988,22.584093673405576,14.870729696890859,17.442727928192063,2.439074415058347,1.049502949413128,1.462155342361069,4.279077921154995,1.8412332445844353,2.56518481115977,11.46242638205235,7.449296461640873,8.806166503422464,20.109519968512895,13.068941160773463,15.449414918285026,2.3743000038491444,1.092846956397673,1.49079494932647,4.84551021193703,2.2302999110156594,3.042438672094837,10.743490151583085,7.141620539109962,8.324125283486062,21.925490105271603,14.574735794101963,16.988010782624617,0.6180904522613065,-0.0019095477386934512,-0.0019095477386934512,0.4623115577889447,-0.002688442211055242,-0.002688442211055242,0.321608040201005,-0.0033919597989949812,-0.0033919597989949812,0.3870967741935484,0.11330468048930242,0.1779081133919843,0.3647058823529412,0.37688442211055273,0.08114507373962543,0.14650044882173807,0.35858585858585856,0.38795986622073575,0.10749242047783092,0.1721645380783553,0.36241610738255037,14.0,-3.0,-3.0,26.0,-10.0,-10.0,33.0,-8.0,-8.0,0.0001598329672966095,9.091521114196029e-05,3.116811754859926e-05,-0.07282325066107287,-0.07935010938233766,-0.07984037479500028,-0.6647300720214844
71,0,test,2.8095178670570498,1.2923435614767982,1.7713951804660626,4.912642670396899,2.259755027496573,3.0974110012720866,16.6019119602293,12.042588239909811,13.778001290521384,29.02962891331524,21.057325722356588,24.091819399425965,2.8029957602371525,1.2342045359917129,1.7294119624973308,4.484793216379444,1.9747272575867405,2.7670591399957294,16.49398485564481,11.693143311491305,13.568138480826574,26.3903757690317,18.70902929838609,21.70902156932252,2.7951459952421414,1.2856250804447484,1.763408822943519,4.8752546428642,2.2423693263571196,3.0757130632735796,16.36501779349412,11.840455169508978,13.559081795889089,28.54363568632695,20.65195669100403,23.649561271899575,0.6532663316582914,-0.0017336683417086274,-0.0017336683417086274,0.5175879396984925,-0.002412060301507535,-0.002412060301507535,0.4321608040201005,-0.002839195979899567,-0.002839195979899567,0.42950819672131146,0.12181588902900375,0.19722902551084254,0.45065789473684215,0.44723618090452266,0.12643417589199135,0.211843860370299,0.4797979797979798,0.4280936454849499,0.12425391259680296,0.20006249976748602,0.44966442953020136,23.0,-14.0,-14.0,36.0,-20.0,-20.0,43.0,-21.0,-21.0,-0.0003723934658179039,-0.00021323790104252533,1.848229561337636e-05,-0.0041921875274901765,-0.005164088488184504,-0.00564560042986173,-1.102494239807129
26,0,test,2.8464176375469656,1.3186995518881721,1.726575273954499,5.011874117786045,2.3219207420806094,3.0400942622739504,17.22596153748534,12.61831098451648,14.161590428720915,30.33087964495026,22.217887283741934,24.935240563489458,2.748040045925121,1.2014396165885923,1.662535677853159,4.542214951942349,1.985850605931558,2.7479928559556352,15.612003069424922,10.916522668053565,12.65107022724494,25.804963751115576,18.043839120749695,20.910859879743704,2.66315275211398,1.2095254467567746,1.6579505983479974,4.672197810726281,2.1219744679943418,2.9086852602596447,14.341432880538862,10.062826667677573,11.608973286544398,25.160408562348884,17.65408187311855,20.366619800955085,0.6080402010050252,-0.001959798994974782,-0.001959798994974782,0.4773869346733668,-0.0026130653266331905,-0.0026130653266331905,0.37688442211055273,-0.003115577889447274,-0.003115577889447274,0.40871934604904636,0.11756288346401234,0.17411524047719884,0.4398907103825137,0.39698492462311563,0.10625810758050913,0.16660095133430097,0.43939393939393945,0.4013377926421404,0.1175314487356296,0.18331777039519936,0.4161073825503355,25.0,-10.0,-10.0,34.0,-10.0,-10.0,44.0,-15.0,-15.0,-0.0004550664948140379,-0.0003622564644394397,-0.00019209721692994245,-0.02492216642450007,-0.02761639827885265,-0.025905207038374733,-1.5149767398834229
145,0,test,3.0048864579700925,1.4264784120515628,1.9469340255317078,5.947602851292529,2.823443477646887,3.853586657431726,20.183924242149057,15.33669114889349,17.303457246014375,39.95025005170193,30.356071446430562,34.24891192831811,3.025932137091555,1.421332670791604,1.9449109280975765,5.217124374295785,2.4505735703303517,3.353294703616511,20.61321009648639,15.63734389503287,17.66552187620037,35.54001740773516,26.960937750056672,30.457796338276502,3.0048864579700925,1.4264784120515628,1.9469340255317078,5.947602851292529,2.823443477646887,3.853586657431726,20.183924242149057,15.33669114889349,17.303457246014375,39.95025005170193,30.356071446430562,34.24891192831811,0.6733668341708543,-0.001633165829145744,-0.001633165829145744,0.5226130653266332,-0.002386934673366814,-0.002386934673366814,0.39698492462311563,-0.0030150753768843908,-0.0030150753768843908,0.4020979020979021,0.09668777993385325,0.17767929744673927,0.375438596491228,0.39698492462311563,0.08871424793138627,0.16660095133430097,0.35858585858585856,0.4020979020979021,0.09668777993385325,0.17767929744673927,0.375438596491228,24.0,-1.0,-1.0,32.0,0.0,0.0,43.0,-3.0,-3.0,-0.00019824608278561822,0.0002561984687351669,3.278371347209465e-05,-0.006726573946941983,-0.007063370851824402,-0.0076811313484013155,-0.47525858879089355
20,0,test,2.656324048056703,1.2108920360619926,1.6669661677015752,4.7413956126603525,2.1613771826482884,2.975444987510339,14.243833098918675,10.000148029198057,11.554326166390078,25.424476284091398,17.84972658975137,20.623851006674762,2.7042586120528793,1.1768534644764275,1.6474817879435606,4.128639102370808,1.7967228465288962,2.515239370906199,14.943233849224395,10.337024979993043,12.066151164379924,22.8140974797319,15.781717526706935,18.421604831114387,2.722478912028182,1.2383335880611255,1.6997339290918716,4.748509730281713,2.1598841652228935,2.9646522019044275,15.21799960849947,10.806805948802392,12.437182014746634,26.54302257296419,18.849080143259986,21.692759328046453,0.6080402010050252,-0.001959798994974782,-0.001959798994974782,0.48743718592964824,-0.002562814070351749,-0.002562814070351749,0.38190954773869346,-0.0030904522613065533,-0.0030904522613065533,0.3987915407854985,0.11480362537764355,0.18429003021148038,0.3939393939393939,0.40703517587939697,0.11809045226130654,0.1792294807370184,0.398989898989899,0.39799331103678925,0.11705685618729089,0.1794871794871794,0.3959731543624161,13.0,-3.0,-3.0,21.0,-2.0,-2.0,30.0,-5.0,-5.0,2.731537790363599e-07,0.0002975652341783241,0.0001059325992068111,-0.030145921168634793,-0.03423216396673823,-0.03193819408487819,-0.46599459648132324
94,0,test,3.3395089966351867,1.6045020029681627,2.171886601408974,5.019507387580496,2.4116747897374227,3.2644921309521386,28.205274420281768,22.536306969744707,24.990933307075665,42.394430877110636,33.87359023059788,37.56305926523643,3.303904550159397,1.518516574972239,2.1047259764855033,4.823218321400579,2.2168125182076475,3.072592666402194,27.218708521558685,21.256815956240413,23.901317710465005,39.73534090738494,31.031848111299865,34.89243461381752,3.3395089966351867,1.6045020029681627,2.171886601408974,5.019507387580496,2.4116747897374227,3.2644921309521386,28.205274420281768,22.536306969744707,24.990933307075665,42.394430877110636,33.87359023059788,37.56305926523643,0.7236180904522613,-0.0013819095477386467,-0.0013819095477386467,0.6281407035175879,-0.0018592964824121205,-0.0018592964824121205,0.4723618090452262,-0.0026381909547738003,-0.0026381909547738003,0.4385245901639344,0.10860655737704916,0.1994535519125683,0.4032921810699589,0.4321608040201005,0.08040201005025127,0.18090452261306533,0.38383838383838387,0.4385245901639344,0.10860655737704916,0.1994535519125683,0.4032921810699589,20.0,0.0,0.0,33.0,-3.0,-3.0,40.0,-3.0,-3.0,0.00012513578511445,-8.177083700774195e-05,5.7925836806909856e-05,-3.136820234672655e-06,-7.934534252473924e-05,-9.790377231322367e-05,-0.7576761245727539
176,0,test,2.889491381424882,1.3667183677522026,1.8650636010892703,4.623186210279811,2.186749388403524,2.9841017617428323,17.9841601970349,13.399238563349087,15.198659111088354,28.77465631525584,21.438781701358536,24.317854577741365,3.19306041008264,1.5145864839543384,2.066906747555495,4.465818755360336,2.1183027747613123,2.8907786679097836,24.362873851496218,19.00549987040039,21.279101421247994,34.07394944265206,26.58111869986069,29.760981008738455,2.871088099320198,1.3616729313222042,1.856334649044272,4.581523562744997,2.1728823372162833,2.962236142091924,17.656219471901963,13.132135280636177,14.897536310950427,28.174818306226534,20.95553502229177,23.77266432598472,0.6733668341708543,-0.001633165829145744,-0.001633165829145744,0.5678391959798995,-0.0021608040201005485,-0.0021608040201005485,0.42211055276381915,-0.0028894472361808976,-0.0028894472361808976,0.3795379537953796,0.0961771630210797,0.15999898562853,0.36423841059602646,0.40201005025125625,0.09624563922368734,0.1716260769624416,0.4040404040404041,0.3846153846153846,0.10247848979067675,0.16770770942072388,0.36241610738255037,22.0,0.0,0.0,35.0,-1.0,-1.0,45.0,-3.0,-3.0,0.001336897153677596,0.00012732995382157522,0.00017913448511922052,-0.0041842896743773395,-0.0034081770482767837,-0.0042425244870019085,-0.7226192951202393
401,0,test,2.6854401889821173,1.1909599075947614,1.6617164098275117,4.695401557422721,2.0823532126656876,2.905455072397797,14.664655179349365,10.207635624562437,11.881114399347204,25.640654761439073,17.847706460124506,20.773727630760447,3.034718468560645,1.3973847151469214,1.903227978884324,4.741747607126008,2.183413617417065,2.9737937170067568,20.79512259449256,15.653679727928726,17.69484861001143,32.492379053894624,24.458874574888632,27.648200953142855,2.6854401889821173,1.1909599075947614,1.6617164098275117,4.695401557422721,2.0823532126656876,2.905455072397797,14.664655179349365,10.207635624562437,11.881114399347204,25.640654761439073,17.847706460124506,20.773727630760447,0.6432160804020101,-0.001783919597989958,-0.001783919597989958,0.4974874371859297,-0.002512562814070307,-0.002512562814070307,0.3869346733668342,-0.0030653266331658324,-0.0030653266331658324,0.3556338028169014,0.08849847768509123,0.13783520796912618,0.36749116607773846,0.38190954773869346,0.09619526202440776,0.1582033707770908,0.4191919191919192,0.3556338028169014,0.08849847768509123,0.13783520796912618,0.36749116607773846,25.0,-14.0,-14.0,36.0,-13.0,-13.0,40.0,-11.0,-11.0,0.0010433123907045083,-0.00010426075346303932,8.490495600824274e-05,-0.033369486045627283,-0.024595896875941214,-0.02868175445188026,-0.8350412845611572
358,0,test,3.096424259725405,1.4005225767316563,1.8679703911969066,5.7436263470554145,2.5978605309322953,3.4649398966243137,22.11871891463514,16.667159586567568,18.702774961846313,41.02850451522995,30.916285657985437,34.69219397067865,3.126430261075197,1.3774206246647014,1.8720752667105047,5.390397001853788,2.3748631459736234,3.2277159770870774,22.792470976009692,17.04356462778294,19.286894447656188,39.29736375174085,29.385456254798175,33.253266289062395,3.0113896318901343,1.3747366830298002,1.8772783468130807,5.717828414981268,2.610259524740127,3.5644525572400267,20.31561154048516,15.177667800390108,17.20720171567483,38.57394596294651,28.818356583019188,32.67190199178766,0.5728643216080402,-0.0021356783919597166,-0.0021356783919597166,0.49246231155778897,-0.002537688442211028,-0.002537688442211028,0.42713567839195976,-0.002864321608040288,-0.002864321608040288,0.40336134453781514,0.13343127460774518,0.1853750297773068,0.3876404494382022,0.42211055276381915,0.1439150640420146,0.19840437580221648,0.3939393939393939,0.4013377926421404,0.13422593955365958,0.19666593502256313,0.37583892617449666,24.0,-12.0,-12.0,36.0,-16.0,-16.0,46.0,-18.0,-18.0,0.0005378024487243505,-0.00019817505739729328,0.00019626737757946175,-0.016957850073462843,-0.014844628977854768,-0.016618483349329694,-0.6247613430023193
244,0,test,3.3852808807069894,1.582441774927515,2.1668165420063126,5.342396389865717,2.4972909260574845,3.419507355353712,29.52628491531938,23.459437457078906,26.1442947629305,46.5961683819884,37.02192473695265,41.2589651727497,3.2709915314487477,1.4751100509473385,2.0199333458108546,4.740567436882244,2.137840653546868,2.927439631609935,26.33744080175345,20.31265769107328,22.84340245864552,38.17020406051225,29.438634334888814,33.106380374848584,3.3785121688077284,1.600820895269709,2.177411419718724,5.334492898117466,2.5276119398995402,3.4380180311348267,29.327104855950996,23.410923062230985,26.003331305390695,46.3059550357121,36.96461536141735,41.05789153482742,0.6984924623115578,-0.0015075376884421399,-0.0015075376884421399,0.5527638190954773,-0.0022361809045226,-0.0022361809045226,0.4371859296482412,-0.002814070351758735,-0.002814070351758735,0.4039735099337748,0.09653549340484913,0.1649867257928056,0.3986710963455149,0.3919597989949749,0.0912079192957268,0.15155913121534215,0.38383838383838387,0.4013377926421404,0.09248971250858451,0.1599584822973128,0.3959731543624161,24.0,0.0,0.0,37.0,0.0,0.0,41.0,0.0,0.0,-0.00015715586585434064,0.00019010800068480812,-0.00011706097460110512,-0.007072343868738784,-0.008401716868285725,-0.00683637280362781,-1.0527255535125732
348,0,test,2.8015415744849372,1.3134974069442615,1.8040833917235424,5.486352250033002,2.5722657552658457,3.532996642125271,16.470016968973788,12.041591184373653,13.758635742376018,32.253783230907004,23.58144940273174,26.943994995486374,2.8415877160115457,1.29388207077381,1.8000807979797797,4.94189168002008,2.2502296883022788,3.1305753008344004,17.14296209663236,12.442289306831015,14.309478470236169,29.813847124578018,21.638764011880028,24.886049513454207,2.8015415744849372,1.3134974069442615,1.8040833917235424,5.486352250033002,2.5722657552658457,3.532996642125271,16.470016968973788,12.041591184373653,13.758635742376018,32.253783230907004,23.58144940273174,26.943994995486374,0.7135678391959799,-0.0014321608040201994,-0.0014321608040201994,0.5175879396984925,-0.002412060301507535,-0.002412060301507535,0.37688442211055273,-0.003115577889447274,-0.003115577889447274,0.38434163701067614,0.07829181494661919,0.1577698695136417,0.35357142857142854,0.39698492462311563,0.08040201005025127,0.1507537688442212,0.35858585858585856,0.38434163701067614,0.07829181494661919,0.1577698695136417,0.35357142857142854,19.0,-9.0,-9.0,28.0,-15.0,-15.0,37.0,-14.0,-14.0,-0.0004143662773623301,0.00019985168438729626,-2.58737665287119e-05,-0.009602704159086706,-0.009307955184910455,-0.009744062246649143,-0.6761064529418945
463,0,test,3.0981555775502247,1.4836951386871153,2.016985189691085,4.846276881084151,2.3208639040915773,3.1550606319190155,22.157046616096768,17.131870813808774,19.208918630226144,34.65906733244187,26.79845713891875,30.047470483035312,3.414375889241396,1.5809438072946427,2.186296547553574,5.293606029831621,2.451075670224252,3.3896070504706572,30.39797180486878,24.14265317938939,26.983306975228594,47.1286384571609,37.43047004556495,41.834584457718755,3.0981555775502247,1.4836951386871153,2.016985189691085,4.846276881084151,2.3208639040915773,3.1550606319190155,22.157046616096768,17.131870813808774,19.208918630226144,34.65906733244187,26.79845713891875,30.047470483035312,0.7386934673366834,-0.0013065326633165952,-0.0013065326633165952,0.6080402010050252,-0.001959798994974782,-0.001959798994974782,0.4522613065326633,-0.0027386934673366836,-0.0027386934673366836,0.39426523297491034,0.08657292528260263,0.1606537907818233,0.32014388489208634,0.4321608040201005,0.09632120502260677,0.18508233991325573,0.3434343434343434,0.39426523297491034,0.08657292528260263,0.1606537907818233,0.32014388489208634,13.0,-2.0,-2.0,24.0,-6.0,-6.0,30.0,-6.0,-6.0,0.0009066802491960235,0.0006944262089006139,0.000284849484385331,-0.006637233185655234,-0.00700202178713738,-0.007627496381869214,-0.5651721954345703
369,0,test,3.040055215358734,1.416265583751548,1.927141472934862,5.004135832023085,2.3312686294337284,3.1722047841006438,20.906397557465276,15.8341215597529,17.863184931035093,34.41333979964789,26.064031556222467,29.404006656142034,3.133457410874678,1.4415474361956635,1.965918792072052,4.6421591272217455,2.1356258314009833,2.912472284551188,22.95320115998314,17.523359492493583,19.739129321500098,34.00474245923428,25.960532581471973,29.24315455037051,3.040055215358734,1.416265583751548,1.927141472934862,5.004135832023085,2.3312686294337284,3.1722047841006438,20.906397557465276,15.8341215597529,17.863184931035093,34.41333979964789,26.064031556222467,29.404006656142034,0.6482412060301508,-0.0017587939698492372,-0.0017587939698492372,0.5276381909547738,-0.002361809045226204,-0.002361809045226204,0.44221105527638194,-0.0027889447236180143,-0.0027889447236180143,0.43150684931506844,0.13065214846036755,0.20371641651324612,0.415807560137457,0.4120603015075377,0.1163209531366104,0.18668467546413203,0.41414141414141414,0.43150684931506844,0.13065214846036755,0.20371641651324612,0.415807560137457,24.0,-9.0,-9.0,34.0,-7.0,-7.0,46.0,-11.0,-11.0,0.00038128168944936004,7.180053789616877e-05,0.00012142677372617787,-0.01611921156123053,-0.015573518267578024,-0.01733026892568379,-0.7655584812164307
352,0,test,3.313625998549409,1.574309113814678,2.1477493987334455,4.907748776229935,2.331679444244442,3.180991001367373,27.48460414290377,21.79115133347534,24.275869716172316,40.706927217057476,32.2744619749851,35.954531363411974,3.5111291660136312,1.637407216574929,2.2563144212219095,4.980325058175364,2.3225634277658567,3.2004459875488074,33.48605776270598,26.973567255584662,29.978869173502147,47.49795427334182,38.260379085935696,42.52321868581865,3.313625998549409,1.574309113814678,2.1477493987334455,4.907748776229935,2.331679444244442,3.180991001367373,27.48460414290377,21.79115133347534,24.275869716172316,40.706927217057476,32.2744619749851,35.954531363411974,0.7236180904522613,-0.0013819095477386467,-0.0013819095477386467,0.6030150753768844,-0.0019849246231156137,-0.0019849246231156137,0.48743718592964824,-0.002562814070351749,-0.002562814070351749,0.4139194139194139,0.09947700075670818,0.1764041885844565,0.3492647058823529,0.4120603015075377,0.07622070251004398,0.15663459199167795,0.3535353535353535,0.4139194139194139,0.09947700075670818,0.1764041885844565,0.3492647058823529,25.0,0.0,0.0,37.0,0.0,0.0,46.0,0.0,0.0,0.00039464558600290614,0.000759120541156669,0.00036987559780280566,-0.00020410455418851114,0.00020435748183800229,5.0812707827141423e-05,-0.5917353630065918
63,0,test,2.7943194949108623,1.3130719674365572,1.7987905460293223,4.553097059354759,2.139534911646626,2.930970477941896,16.35149768882154,11.953068267625584,13.645342308186926,26.643322704726863,19.476470059601688,22.2338812903987,2.9063136517702035,1.3482197654425796,1.8616936081238895,4.471251771954159,2.0741842545270455,2.8641440124982913,18.28925358876114,13.539494558313589,15.446935227224271,28.137313213478677,20.82999162817475,23.764515734191185,2.7943194949108623,1.3130719674365572,1.7987905460293223,4.553097059354759,2.139534911646626,2.930970477941896,16.35149768882154,11.953068267625584,13.645342308186926,26.643322704726863,19.476470059601688,22.2338812903987,0.6934673366834171,-0.0015326633165829717,-0.0015326633165829717,0.48743718592964824,-0.002562814070351749,-0.002562814070351749,0.37688442211055273,-0.003115577889447274,-0.003115577889447274,0.37681159420289856,0.08748067196058396,0.13705255805832028,0.36,0.37688442211055273,0.08866387073210658,0.14316155065813208,0.3787878787878788,0.37681159420289856,0.08748067196058396,0.13705255805832028,0.36,24.0,-13.0,-13.0,33.0,-12.0,-12.0,42.0,-13.0,-13.0,0.00048273968805008765,0.00014827127880410017,2.6774110851945903e-05,-0.004900423361333672,-0.0050517562617429235,-0.004147901448844138,-0.9646811485290527
16,0,test,3.4325479970258823,1.6140251115020774,2.211105309397852,5.71393660480528,2.686761313658946,3.680681399180571,30.95541665879695,24.79266802060102,27.563338744685236,51.52944358446078,41.27072176600048,45.882874861579694,3.5332118039155125,1.6094481863784371,2.237079478983497,5.195899711640459,2.3668355682035838,3.2898227632110246,34.233743302176,27.387064984494078,30.578610872802795,50.343740150258824,40.275095565432466,44.96854540118058,3.4325479970258823,1.6140251115020774,2.211105309397852,5.71393660480528,2.686761313658946,3.680681399180571,30.95541665879695,24.79266802060102,27.563338744685236,51.52944358446078,41.27072176600048,45.882874861579694,0.7487437185929648,-0.0012562814070351536,-0.0012562814070351536,0.6030150753768844,-0.0019849246231156137,-0.0019849246231156137,0.4824120603015075,-0.0025879396984924696,-0.0025879396984924696,0.4007352941176471,0.0851389638424177,0.15256903494894292,0.3468634686346863,0.39698492462311563,0.07618291961058432,0.14489811327086188,0.3484848484848485,0.4007352941176471,0.0851389638424177,0.15256903494894292,0.3468634686346863,25.0,-15.0,-15.0,39.0,-17.0,-17.0,47.0,-20.0,-20.0,0.00010178593619741297,0.00029485765239880646,0.00019080295799007662,-0.00019717463232815646,0.00020823100688893703,5.431726479621091e-05,-0.5129354000091553
134,0,test,3.8569210873374455,1.8540946549085837,2.5176579303823736,5.999655024747137,2.884147240968908,3.916356780594804,47.31943444549361,39.90946413640851,43.503203939275785,73.60800913743451,62.081388656635454,67.67165057220677,3.846358543664367,1.8238828627538117,2.491159276711623,5.87230312009827,2.784553988937117,3.8032966056665996,46.82225123470806,39.26524069365322,42.94471769075953,71.48435303008864,59.94693235672246,65.5644544897092,3.8569210873374455,1.8540946549085837,2.5176579303823736,5.999655024747137,2.884147240968908,3.916356780594804,47.31943444549361,39.90946413640851,43.503203939275785,73.60800913743451,62.081388656635454,67.67165057220677,0.7889447236180904,-0.001055276381909609,-0.001055276381909609,0.6482412060301508,-0.0017587939698492372,-0.0017587939698492372,0.5376884422110553,-0.0023115577889447625,-0.0023115577889447625,0.43881856540084385,0.11250277592715963,0.18215657381599115,0.3813559322033898,0.4321608040201005,0.10133373635092757,0.17506564542243774,0.36363636363636365,0.43881856540084385,0.11250277592715963,0.18215657381599115,0.3813559322033898,28.0,-12.0,-12.0,38.0,-12.0,-12.0,49.0,-14.0,-14.0,0.0005180154356918164,0.00012396553882552502,-0.00011380225795203822,4.537263278781012e-05,-4.0869005880850295e-05,-6.618974063954397e-05,-0.16939878463745117
299,0,test,3.6148094043397068,1.6885034810615127,2.299130969756326,6.543262592665545,3.0564050353391936,4.161718084495627,37.14426571508918,30.280158902918984,33.41698687255915,67.23582275009815,54.81092054579007,60.488976237670364,3.356633727873989,1.4835252195799002,2.061397629923619,5.99398879977498,2.6491521778212506,3.681067196292177,28.692441562082138,22.18394485948454,25.040583493509203,51.236502789432386,39.614187249079535,44.71532766698071,3.6148094043397068,1.6885034810615127,2.299130969756326,6.543262592665545,3.0564050353391936,4.161718084495627,37.14426571508918,30.280158902918984,33.41698687255915,67.23582275009815,54.81092054579007,60.488976237670364,0.7386934673366834,-0.0013065326633165952,-0.0013065326633165952,0.5527638190954773,-0.0022361809045226,-0.0022361809045226,0.42211055276381915,-0.0028894472361808976,-0.0028894472361808976,0.4140350877192982,0.09354471994346636,0.1678273864357509,0.426056338028169,0.40201005025125625,0.09624563922368734,0.1566010352262145,0.38888888888888884,0.4140350877192982,0.09354471994346636,0.1678273864357509,0.426056338028169,26.0,-17.0,-17.0,35.0,-18.0,-18.0,45.0,-21.0,-21.0,-0.00020808588768076296,-8.398605879510293e-05,-0.00010594355295740796,-0.0002872636165145437,0.00015787518124010802,8.758024202748516e-06,-0.43369340896606445
125,0,test,3.8234081253220764,1.7974295006268508,2.450505174054786,6.363434502284295,2.991526022022311,4.078463156818454,45.759898332857375,38.17636958992805,41.81310690819297,76.15983079174865,63.53829344337676,69.5910450639855,3.7664568993314425,1.735538762158734,2.3840892953655306,6.026331038930308,2.776862019453974,3.8145428725848483,43.226636865008274,35.605556520278164,39.24231309510665,69.16261898401324,56.96889043244505,62.78770095217064,3.8234081253220764,1.7974295006268508,2.450505174054786,6.363434502284295,2.991526022022311,4.078463156818454,45.759898332857375,38.17636958992805,41.81310690819297,76.15983079174865,63.53829344337676,69.5910450639855,0.7989949748743719,-0.0010050251256281673,-0.0010050251256281673,0.6331658291457287,-0.0018341708542712887,-0.0018341708542712887,0.5125628140703518,-0.0024371859296482556,-0.0024371859296482556,0.44303797468354433,0.10198534310459695,0.16954568856853736,0.4661016949152542,0.457286432160804,0.12395309882747063,0.18850512999052016,0.45959595959595956,0.44303797468354433,0.10198534310459695,0.16954568856853736,0.4661016949152542,22.0,-1.0,-1.0,33.0,0.0,0.0,45.0,0.0,0.0,-0.0002684421042354845,-3.2537426675431034e-05,-3.0757378950786e-05,4.537263278781012e-05,-4.0869005880850295e-05,-6.618974063954397e-05,-0.42596912384033203
257,0,test,3.391651451587677,1.5825451708162777,2.161602287562852,5.595144751345276,2.610695536569528,3.5659553661068704,29.714984630486388,23.609995783036897,26.293586888648065,49.02026126940111,38.94897393507361,43.37604461248311,3.4060510157340733,1.5578558032073455,2.1397911158145346,5.32195471208449,2.4341496925114776,3.343423618460211,30.145962961011307,23.79761120945858,26.598403469407597,47.103067126580164,37.18376751477903,41.560005420949366,3.391651451587677,1.5825451708162777,2.161602287562852,5.595144751345276,2.610695536569528,3.5659553661068704,29.714984630486388,23.609995783036897,26.293586888648065,49.02026126940111,38.94897393507361,43.37604461248311,0.728643216080402,-0.001356783919598037,-0.001356783919598037,0.6281407035175879,-0.0018592964824121205,-0.0018592964824121205,0.4723618090452262,-0.0026381909547738003,-0.0026381909547738003,0.43410852713178294,0.0994857031472568,0.19312914568848394,0.4357976653696498,0.44221105527638194,0.09634639362224662,0.1901242439241282,0.4444444444444444,0.43410852713178294,0.0994857031472568,0.19312914568848394,0.4357976653696498,21.0,-11.0,-11.0,35.0,-15.0,-15.0,41.0,-13.0,-13.0,-0.00013307069954869978,0.00020075366469915923,4.463993223320156e-05,-0.00010015572628230274,-0.00015629801580718805,0.00010338106235963096,-0.6963140964508057
102,0,test,3.351502484554867,1.5636975126493247,2.1326822948096344,5.436448797620976,2.5364628257509394,3.4594090712319074,28.5455907488454,22.569270880412788,25.162396897572066,46.30360359841782,36.60945683508818,40.81574845594538,3.403856129502531,1.5533496579905182,2.1245888615923425,5.236701737696202,2.3897687046007974,3.2685982486036043,30.079868563347596,23.716827157508856,26.4858632458452,46.276720866688606,36.48742639616747,40.74748191668492,3.351502484554867,1.5636975126493247,2.1326822948096344,5.436448797620976,2.5364628257509394,3.4594090712319074,28.5455907488454,22.569270880412788,25.162396897572066,46.30360359841782,36.60945683508818,40.81574845594538,0.7537688442211055,-0.0012311557788945438,-0.0012311557788945438,0.6130653266331658,-0.001934673366834172,-0.001934673366834172,0.4773869346733668,-0.0026130653266331905,-0.0026130653266331905,0.44244604316546765,0.12646758715110495,0.20201542115589832,0.4368231046931408,0.44221105527638194,0.11138398760720902,0.1901242439241282,0.43434343434343436,0.44244604316546765,0.12646758715110495,0.20201542115589832,0.4368231046931408,21.0,0.0,0.0,32.0,0.0,0.0,42.0,0.0,0.0,5.1485172115738626e-05,0.00026208167905881433,5.646404313286839e-05,-0.008619552306134537,-0.006655233558453766,-0.007473980920629231,-0.4955596923828125
29,0,test,2.8495453228424124,1.31413435910694,1.801415572720408,5.002894913399462,2.3072018009320705,3.1627125680148067,17.279923267751535,12.636689929327044,14.42761167666205,30.338047100768318,22.186006750920775,25.330295500503254,3.089454983946067,1.37030891152969,1.8679310044756599,4.903896799914392,2.175093510364587,2.964969848374063,21.965103378918272,16.385341662021197,18.572749705335088,34.86524345860043,26.008478828605078,29.480555087833476,2.8056025732321084,1.2902131791486235,1.7685968704007848,4.8652067743909395,2.237363894477382,3.066930989134309,16.537037680656606,11.985844691186863,13.716279512331301,28.67694395489585,20.784701776624622,23.78545580173058,0.6783919597989949,-0.0016080402010050232,-0.0016080402010050232,0.5125628140703518,-0.0024371859296482556,-0.0024371859296482556,0.42713567839195976,-0.002864321608040288,-0.002864321608040288,0.39935064935064934,0.11734092487739167,0.18336792796835988,0.37133550488599354,0.42211055276381915,0.11885240740041059,0.1867182322295955,0.38888888888888884,0.3946488294314381,0.11251193460673026,0.17885350128905764,0.36241610738255037,22.0,-12.0,-12.0,35.0,-17.0,-17.0,43.0,-16.0,-16.0,0.0014399808379593085,0.00014837678623659447,0.00014949521500858746,-0.023234823359033818,-0.02106728379383771,-0.022344717553156812,-0.7032384872436523
31,0,test,2.2922984471096295,1.0460180064990487,1.2860312458267515,5.08839875072687,2.321930080360526,2.8547067215055364,9.897660807092203,6.42027627279769,7.162289463491533,21.970631681677197,14.251602275880586,15.898708479398787,2.6473924023422164,1.15991312432272,1.61174728081717,4.412320670570361,1.9331885405378673,2.686245468028617,14.117178686213505,9.691253766511721,11.300255779037592,23.528631143689175,16.15208961085287,18.833759631729322,2.3826990817302844,1.0822210884210852,1.4859670886151637,4.765398163460569,2.1644421768421704,2.9719341772303274,10.834105572368625,7.163054586249941,8.38252734128928,21.66821114473725,14.326109172499882,16.76505468257856,0.5829145728643217,-0.002085427135678275,-0.002085427135678275,0.42713567839195976,-0.002864321608040288,-0.002864321608040288,0.3467336683417085,-0.003266331658291488,-0.003266331658291488,0.3722084367245657,0.11446370314340093,0.15031205353785992,0.3606965174129353,0.36180904522613067,0.09614488482512817,0.1547973590825581,0.3787878787878788,0.36789297658862874,0.105789470745557,0.16099642486449084,0.35906040268456374,17.0,-5.0,-5.0,30.0,-7.0,-7.0,37.0,-6.0,-6.0,-0.00037019162075797445,0.0006303196007281626,-0.00011989306787585603,-0.02807878845611711,-0.03296037088941883,-0.030539268819232745,-0.6999130249023438
186,0,test,2.836947106964448,1.262851278371758,1.745764882876462,5.40446348309987,2.4057669604735725,3.3257308662618636,17.063592615435688,12.237216841739333,14.08580020509772,32.50662056907022,23.312239905212916,26.83384284881744,2.9715243206551327,1.3120350230273277,1.8145864866366739,4.8317468628538744,2.1333902813452483,2.9505471327425594,19.52165418844874,14.265028600784342,16.341474076968414,31.742527135689006,23.195168456559905,26.571502564176278,2.8596877202541133,1.2353486185455214,1.7206217996768147,5.263228932983031,2.2736477641942114,3.166788588362236,17.456074906709,12.381011079145367,14.332225827877403,32.12774522707178,22.78713695548227,26.378329744559636,0.6482412060301508,-0.0017587939698492372,-0.0017587939698492372,0.5175879396984925,-0.002412060301507535,-0.002412060301507535,0.4120603015075377,-0.0029396984924623393,-0.0029396984924623393,0.4088235294117647,0.11513777317094243,0.18083918498906415,0.40117994100294985,0.4120603015075377,0.1163209531366104,0.18501522638232903,0.4040404040404041,0.4046822742474916,0.11085923585016266,0.1777634755823081,0.3959731543624161,24.0,0.0,0.0,31.0,0.0,0.0,42.0,-1.0,-1.0,8.561794061638963e-05,0.00013225947837073684,6.526611141417332e-05,-0.009315288306413372,-0.010544155032360614,-0.011597321260174098,-0.536323070526123
277,0,test,2.522811181697191,1.1351246270674205,1.3838552283965508,5.185074237759553,2.332994836535552,2.8442049669054734,12.463584863091116,8.45801221084653,9.34007928654806,25.616111603036515,17.38355273485543,19.196444362804808,2.808848803366848,1.2197138266882244,1.69416648360155,4.130660004951246,1.7936968039532708,2.4914212994140437,16.590807938811782,11.691299033546532,13.542208393297969,24.398246968840855,17.19308681403902,19.915012343085248,2.625314452576398,1.1697123247353975,1.61327267218734,4.744544191403129,2.113937936268791,2.9155530220253136,13.808915752558592,9.521851703334875,11.057703096313046,24.95587184197336,17.20816572891845,19.98380077646936,0.6381909547738693,-0.0018090452261306789,-0.0018090452261306789,0.5276381909547738,-0.002361809045226204,-0.002361809045226204,0.37688442211055273,-0.003115577889447274,-0.003115577889447274,0.3970588235294118,0.10697314421484627,0.14485941003967573,0.3857493857493858,0.39698492462311563,0.08871424793138627,0.16159260408889198,0.4040404040404041,0.4013377926421404,0.1175314487356296,0.1799807292383584,0.3825503355704698,27.0,-16.0,-16.0,36.0,-18.0,-18.0,45.0,-16.0,-16.0,4.398065241722672e-05,0.0007728041811615855,6.571399386822398e-05,-0.03338606371303943,-0.04048179898307325,-0.036392975099674096,-0.6581428050994873
473,0,test,3.600431676939422,1.7285799107599693,2.3447672493823433,6.024251694748314,2.892264425846746,3.9232706917769926,36.61403646795023,30.113714129651935,33.103866614662294,61.26270154114548,50.38634521039801,55.38947616570947,3.7581202193121217,1.7772037201168793,2.425145247279775,6.110764584247352,2.889762146531511,3.943325605332968,42.86776819026082,35.61838419420685,39.07545955577222,69.70368811424524,57.91607186049894,63.53733261101174,3.600431676939422,1.7285799107599693,2.3447672493823433,6.024251694748314,2.892264425846746,3.9232706917769926,36.61403646795023,30.113714129651935,33.103866614662294,61.26270154114548,50.38634521039801,55.38947616570947,0.6884422110552764,-0.0015577889447235815,-0.0015577889447235815,0.5778894472361809,-0.002110552763819218,-0.002110552763819218,0.5125628140703518,-0.0024371859296482556,-0.0024371859296482556,0.4392156862745098,0.13980277042323774,0.20844645550527907,0.405511811023622,0.457286432160804,0.15904081812571624,0.23191080611739834,0.4242424242424242,0.4392156862745098,0.13980277042323774,0.20844645550527907,0.405511811023622,25.0,0.0,0.0,36.0,0.0,0.0,45.0,0.0,0.0,-0.00024844009735405055,0.00019648582726299442,0.00016876066829146053,-0.0047548950022635594,-0.005384301325679353,-0.005470372581422467,-0.7862265110015869
475,0,test,3.4644182397343437,1.6457316915697184,2.245182554933089,5.251793255138686,2.494803456010146,3.403525146968631,31.95786254948557,25.794105217032268,28.57326270582225,48.445676985844365,39.10189198505529,43.31488231838022,3.3742826194619413,1.567362764971939,2.1641107078772692,4.925960028411593,2.2881208247765534,3.15928570493032,29.203326366930938,23.111671045847213,25.84926516196452,42.63259323639553,33.73966576036089,37.73615352111609,3.4644182397343437,1.6457316915697184,2.245182554933089,5.251793255138686,2.494803456010146,3.403525146968631,31.95786254948557,25.794105217032268,28.57326270582225,48.445676985844365,39.10189198505529,43.31488231838022,0.7386934673366834,-0.0013065326633165952,-0.0013065326633165952,0.5678391959798995,-0.0021608040201005485,-0.0021608040201005485,0.4723618090452262,-0.0026381909547738003,-0.0026381909547738003,0.43881856540084385,0.12658227848101267,0.19409282700421937,0.4491525423728814,0.4321608040201005,0.1306532663316583,0.19430485762144056,0.43434343434343436,0.43881856540084385,0.12658227848101267,0.19409282700421937,0.4491525423728814,22.0,-1.0,-1.0,37.0,-4.0,-4.0,46.0,-3.0,-3.0,3.074960839629524e-05,-3.768532596108051e-06,-0.00012216236645748677,4.537263278781012e-05,-4.0869005880850295e-05,-6.618974063954397e-05,-0.5614807605743408
150,0,test,2.5084157773697995,1.1290406871878533,1.550605756607236,4.515148399265639,2.032273236938136,2.791090361893025,12.285451744913527,8.313033296509293,9.679468574251059,22.113813140844346,14.963459933716724,17.423043433651905,2.4884775996807234,1.1199939230332407,1.5330512736995958,4.327787129879519,1.9478155183186798,2.666176128173211,12.042927999964098,8.11354004678834,9.44314930006594,20.944222608633215,14.110504429197114,16.422868347940767,2.5084157773697995,1.1290406871878533,1.550605756607236,4.515148399265639,2.032273236938136,2.791090361893025,12.285451744913527,8.313033296509293,9.679468574251059,22.113813140844346,14.963459933716724,17.423043433651905,0.6381909547738693,-0.0018090452261306789,-0.0018090452261306789,0.4623115577889447,-0.002688442211055242,-0.002688442211055242,0.3417085427135679,-0.003291457286432098,-0.003291457286432098,0.41035856573705176,0.1022074722976879,0.1613519432204955,0.41600000000000004,0.39698492462311563,0.09122051359554673,0.14990646051627088,0.4040404040404041,0.41035856573705176,0.1022074722976879,0.1613519432204955,0.41600000000000004,19.0,0.0,0.0,31.0,0.0,0.0,38.0,0.0,0.0,0.00011944770160315616,-5.0512405164310695e-06,-3.789649104247195e-05,-5.164627325804361e-05,-0.00011782167916685182,0.0001279129611404528,-0.9726910591125488
282,0,test,3.6326199208232137,1.7085532687550824,2.332520349277295,5.5686865819213,2.6191558350696043,3.5756767991668426,37.81175075395147,30.962997341919515,34.14208871060039,57.96416736457395,47.46525416700848,52.3386964299863,3.592343852747625,1.6492627781240188,2.262015037201158,5.526682850380961,2.537327350960029,3.4800231341556276,36.319102871287846,29.338878405890412,32.53681601344639,55.875542878904376,45.136736009062176,50.05664002068676,3.6326199208232137,1.7085532687550824,2.332520349277295,5.5686865819213,2.6191558350696043,3.5756767991668426,37.81175075395147,30.962997341919515,34.14208871060039,57.96416736457395,47.46525416700848,52.3386964299863,0.7638190954773869,-0.001180904522613102,-0.001180904522613102,0.6130653266331658,-0.001934673366834172,-0.001934673366834172,0.46733668341708545,-0.002663316582914521,-0.002663316582914521,0.4064748201438849,0.07913669064748208,0.15707434052757796,0.4296028880866426,0.40703517587939697,0.07788944723618085,0.14907872696817415,0.43939393939393945,0.4064748201438849,0.07913669064748208,0.15707434052757796,0.4296028880866426,24.0,-10.0,-10.0,37.0,-15.0,-15.0,46.0,-11.0,-11.0,-9.223066828877465e-05,4.5299482903369644e-05,-8.551946966163011e-05,-0.00023875416349117273,0.00018498985658865763,3.328992298534672e-05,-0.11859893798828125
292,0,test,2.9765005058373886,1.4228461041509954,1.9344195957151586,4.7929290196561025,2.2911470600175003,3.1149115541259476,19.619039657861116,14.89032037231056,16.783929167416034,31.591684372145593,23.9772338302847,27.026429531121202,3.1548436946006277,1.4990070762656018,2.0454337433921976,4.816555258932256,2.288560421779545,3.1227996082323632,23.449371541582032,18.21191169688614,20.416803038536628,35.800567239056534,27.804445338757464,31.17069166188798,3.0089315961435887,1.4272214836307806,1.9478680846579384,4.905866732842808,2.326991549398012,3.1758718771596826,20.265736363701315,15.402470928611205,17.376294052831007,33.04196146255649,25.112724340126963,28.330914216572296,0.7135678391959799,-0.0014321608040201994,-0.0014321608040201994,0.542713567839196,-0.0022864321608039306,-0.0022864321608039306,0.44723618090452266,-0.0027638190954772934,-0.0027638190954772934,0.40894568690095845,0.0963460058802248,0.1730264520444228,0.375,0.4321608040201005,0.12138386166421078,0.19843793256767983,0.4040404040404041,0.4147157190635451,0.10753708801179218,0.1800104910323994,0.3791946308724832,21.0,0.0,0.0,30.0,0.0,0.0,42.0,0.0,0.0,0.0006325970100324482,0.000264568866607642,0.00025905255900172806,0.00045175010162257223,4.941647984857411e-05,-8.936957092231523e-05,-1.0445713996887207
79,0,test,3.1399682760238647,1.5324040044365628,2.064124533183823,4.702141547677528,2.2947940563950513,3.091052161633486,23.10313392382719,18.112493357214788,20.170667819535034,34.597230403343204,27.123684082197265,30.20582593870669,3.060501120198312,1.4480194732303022,1.9794558575956986,4.108055194897063,1.9436502996379894,2.656987728316374,21.338247510052394,16.32300565306673,18.39048838637481,28.64194296651328,21.910074702102996,24.68521931057021,3.1236878605590617,1.5209614090164414,2.0513554635054776,4.685531790838593,2.2814421135246623,3.077033195258217,22.73005052190463,17.76349546859589,19.807863263259907,34.095075782856945,26.645243202893838,29.71179489488986,0.6381909547738693,-0.0018090452261306789,-0.0018090452261306789,0.5125628140703518,-0.0024371859296482556,-0.0024371859296482556,0.4120603015075377,-0.0029396984924623393,-0.0029396984924623393,0.3966666666666666,0.12378813089295615,0.180480413895048,0.4147157190635451,0.40703517587939697,0.11630835883679047,0.1883373461632033,0.4292929292929293,0.3946488294314381,0.11918973093394225,0.1777411542367774,0.412751677852349,16.0,0.0,0.0,30.0,-5.0,-5.0,37.0,-3.0,-3.0,-0.0007590088914460801,-0.00027039862009101124,-6.75539953145964e-05,0.0005030861468533487,9.977230549385041e-05,-4.381033032618831e-05,-0.7145495414733887
328,0,test,3.0597673654556274,1.4471087703268037,1.974860478272152,5.227102582653364,2.4721441493082903,3.3737199837149268,21.32259621255042,16.30646683922225,18.363431942759018,36.426101863106965,27.85688085033801,31.370862902213318,3.3525821929001927,1.548598965846811,2.1216862169068404,4.966788433926211,2.294220690143423,3.1432388398619855,28.576428306187395,22.502635666397026,25.15213205671992,42.33544934249984,33.337238024291885,37.26241786180729,3.0872600848060787,1.4217518828041535,1.9654565378995004,5.088890249680349,2.343547059567286,3.2397635240101654,21.916945063059043,16.62858494089209,18.8465582638001,36.12683252152589,27.409755397074868,31.065755379890273,0.6733668341708543,-0.001633165829145744,-0.001633165829145744,0.542713567839196,-0.0022864321608039306,-0.0022864321608039306,0.4371859296482412,-0.002814070351758735,-0.002814070351758735,0.4036697247706422,0.10748651866377201,0.17884775122028618,0.35889570552147243,0.4170854271356784,0.12134607876475112,0.18336255568325777,0.3787878787878788,0.4046822742474916,0.11419813401376877,0.18332521084370956,0.35906040268456374,22.0,-1.0,-1.0,36.0,0.0,0.0,39.0,0.0,0.0,0.0009691557445087802,3.366913653671524e-05,0.00036764094353649137,-0.03171640676505216,-0.02819336077014789,-0.03390974464185614,-1.1422429084777832
245,0,test,3.46919819623104,1.6278055954139006,2.231155772434488,5.271379077390022,2.4734188917328104,3.390197732140716,32.110985410962144,25.80567247721792,28.662129956068636,48.79201679328014,39.21121662122723,43.55154811506533,3.5825278531366855,1.6612649979176213,2.2859280373333872,5.192069352372008,2.407630431764668,3.3129391845411407,35.96433860316319,29.134760809536626,32.30749703327325,52.122229859656805,42.22429102831396,46.822459468511965,3.46919819623104,1.6278055954139006,2.231155772434488,5.271379077390022,2.4734188917328104,3.390197732140716,32.110985410962144,25.80567247721792,28.662129956068636,48.79201679328014,39.21121662122723,43.55154811506533,0.778894472361809,-0.0011055276381910506,-0.0011055276381910506,0.6080402010050252,-0.001959798994974782,-0.001959798994974782,0.46733668341708545,-0.002663316582914521,-0.002663316582914521,0.40343347639484983,0.0822343329258991,0.14237784158743183,0.375,0.4170854271356784,0.08625835946650551,0.15164302312900058,0.38383838383838387,0.40343347639484983,0.0822343329258991,0.14237784158743183,0.375,22.0,0.0,0.0,31.0,0.0,0.0,42.0,0.0,0.0,0.00015767044006636245,0.00015115526966374466,0.00016219114907431247,7.309232023011702e-05,-1.888252780091193e-05,-4.806743682639336e-05,-0.2793247699737549
470,0,test,3.7104368002088237,1.7677636745863883,2.413318006030683,5.830686400328152,2.7779143457786106,3.792356866619645,40.87165537611922,33.89427790556656,37.21291549198487,64.22688701961592,53.26243670874745,58.47743863026194,3.8088586210605486,1.8133638577053413,2.4761407315231514,5.6848636135232065,2.706513220455733,3.695732435109181,45.09893450487786,37.74309297632465,41.30760068124586,67.31184254459382,56.332974591529315,61.65313534514307,3.7104368002088237,1.7677636745863883,2.413318006030683,5.830686400328152,2.7779143457786106,3.792356866619645,40.87165537611922,33.89427790556656,37.21291549198487,64.22688701961592,53.26243670874745,58.47743863026194,0.7638190954773869,-0.001180904522613102,-0.001180904522613102,0.6231155778894473,-0.0018844221105527303,-0.0018844221105527303,0.5175879396984925,-0.002412060301507535,-0.002412060301507535,0.4315352697095436,0.10441311650043383,0.1777421662612677,0.42500000000000004,0.42211055276381915,0.10130854775128784,0.1733626395751714,0.43434343434343436,0.4315352697095436,0.10441311650043383,0.1777421662612677,0.42500000000000004,19.0,0.0,0.0,28.0,0.0,0.0,39.0,0.0,0.0,0.00040825071465810497,0.0003575552280602318,-3.047438441725549e-05,1.765294534639139e-05,-6.285548396256502e-05,-8.431204445269458e-05,-0.3503737449645996
259,0,test,3.0894152981406044,1.4703468049970008,2.0075998242010247,4.9149788834055075,2.339188098858865,3.1939088112289036,21.96423169339549,16.91584617349212,19.014201297654736,34.943095875856464,26.911573457828375,30.249865700814357,3.131837012180731,1.4515421928364758,2.0065069140954392,4.605642664971663,2.134620871818347,2.9507454619050573,22.916037940549312,17.548899866528558,19.83480415011118,33.700055794925454,25.807205686071402,29.168829632516434,3.0894152981406044,1.4703468049970008,2.0075998242010247,4.9149788834055075,2.339188098858865,3.1939088112289036,21.96423169339549,16.91584617349212,19.014201297654736,34.943095875856464,26.911573457828375,30.249865700814357,0.7386934673366834,-0.0013065326633165952,-0.0013065326633165952,0.5628140703517588,-0.0021859296482411583,-0.0021859296482411583,0.40703517587939697,-0.00296482412060306,-0.00296482412060306,0.38351254480286734,0.07045351081360074,0.13798215147747994,0.37410071942446044,0.3919597989949749,0.0811828566390852,0.14488133488813015,0.38888888888888884,0.38351254480286734,0.07045351081360074,0.13798215147747994,0.37410071942446044,20.0,-5.0,-5.0,30.0,-9.0,-9.0,41.0,-11.0,-11.0,-9.18507910901575e-05,-1.492846987658766e-05,8.793881509450059e-05,-0.0002456840853515274,0.00018111633153772289,2.978536601450088e-05,-1.0470268726348877
198,0,test,2.7752255140664337,1.3012958431315282,1.7727511391906208,5.468826748307384,2.564318279112129,3.4933625389932823,16.042244339515104,11.675884510372011,13.317228134544271,31.612657963162114,23.0083606527919,26.242773088660766,2.8560192165662297,1.2898552801141787,1.7959104952101332,5.100034315296838,2.3033130002038904,3.206983027160952,17.39215454925752,12.60390964274896,14.505469732761858,31.05741883795985,22.506981504908854,25.90262452278903,2.727417598599973,1.2594720143139564,1.723536071835819,5.347877644313673,2.4695529692430522,3.3794824937957237,15.293342432975095,10.953033256969096,12.564489017169604,29.98694594700999,21.47653579797862,24.63625297484236,0.6281407035175879,-0.0018592964824121205,-0.0018592964824121205,0.4824120603015075,-0.0025879396984924696,-0.0025879396984924696,0.3919597989949749,-0.0030402010050251116,-0.0030402010050251116,0.4011976047904192,0.12425149700598803,0.18962075848303395,0.36936936936936937,0.4120603015075377,0.1331658291457286,0.19095477386934678,0.36363636363636365,0.3913043478260869,0.11872909698996648,0.18283166109253057,0.3523489932885906,20.0,-10.0,-10.0,30.0,-10.0,-10.0,40.0,-14.0,-14.0,0.0007204116932687802,0.0003699112328850342,0.0003272562793539337,-0.05080625883475154,-0.0496227912721352,-0.05293886971234674,-0.8618865013122559
268,0,test,2.7477511743175667,1.3054700339955418,1.7794187314540155,4.80401529814462,2.282411185263729,3.11103672254212,15.607493856324288,11.37715905014893,12.97394465438894,27.28727402695107,19.891191981717334,22.68292310436212,2.807189541633683,1.347300917930046,1.8254648419620465,4.364302490508616,2.094631895844368,2.838027371487869,16.563302271937467,12.257822298710785,13.894246678092234,25.75075900090278,19.05708310502692,21.60121163234652,2.7477511743175667,1.3054700339955418,1.7794187314540155,4.80401529814462,2.282411185263729,3.11103672254212,15.607493856324288,11.37715905014893,12.97394465438894,27.28727402695107,19.891191981717334,22.68292310436212,0.6565656565656566,-0.0034343434343433454,-0.0034343434343433454,0.48484848484848486,-0.005151515151515129,-0.005151515151515129,0.4040404040404041,-0.0059595959595959425,-0.0059595959595959425,0.40684410646387836,0.12980425826653486,0.1805482783981388,0.416030534351145,0.4040404040404041,0.1244434267104293,0.17753033692631015,0.42639593908629436,0.40684410646387836,0.12980425826653486,0.1805482783981388,0.416030534351145,18.0,1.0,1.0,29.0,1.0,1.0,38.0,0.0,0.0,0.0002645069103124354,0.00011140826975187337,-0.00015334291073579404,-0.004810334377146397,-0.0054282742818401175,-0.0041023422082506755,-0.7119548320770264
181,0,test,3.0360988172661347,1.398370124492786,1.919420612774261,5.094125532325729,2.346258598142258,3.220504383849431,20.823846935288824,15.680373109545258,17.769156660329635,34.93934049545105,26.309350854941712,29.814021242163818,3.1445238650144645,1.4242128988406566,1.9735988267277045,5.0312381840231435,2.278740638145051,3.1577581227643274,23.208622405023803,17.622357071258858,19.983647920997008,37.13379584803808,28.195771314014173,31.973836673595216,3.0360988172661347,1.398370124492786,1.919420612774261,5.094125532325729,2.346258598142258,3.220504383849431,20.823846935288824,15.680373109545258,17.769156660329635,34.93934049545105,26.309350854941712,29.814021242163818,0.7386934673366834,-0.0013065326633165952,-0.0013065326633165952,0.592964824120603,-0.0020351758793969443,-0.0020351758793969443,0.44723618090452266,-0.0027638190954772934,-0.0027638190954772934,0.42971887550200805,0.1030655688887816,0.18272288084246202,0.4233870967741935,0.42211055276381915,0.08125842243800463,0.1683542923297624,0.43434343434343436,0.42971887550200805,0.1030655688887816,0.18272288084246202,0.4233870967741935,21.0,-5.0,-5.0,32.0,-5.0,-5.0,41.0,-5.0,-5.0,8.713581254355597e-05,0.00019327109617422585,8.247709748292443e-05,-3.7786429536446065e-05,-0.00010682844012599446,0.00013492207507859177,-0.6965904235839844
19,0,test,2.7021540379760287,1.265257351869845,1.7349767635159639,4.978514106331592,2.331140817990502,3.196563249144563,14.911817776962396,10.704199801117653,12.28130901140803,27.473894570888294,19.72167720933192,22.627381451321465,2.789354442951068,1.3076584835085279,1.7938958858189777,4.535535679595233,2.1262739569244355,2.9169038793804516,16.270512866469556,11.870110606602207,13.564547970142126,26.45611848206432,19.30099285626375,22.05617556120671,2.718767554167933,1.2938983402969118,1.7568230934321436,4.926736355734619,2.3447006287804646,3.1835763935527943,15.161624844207138,11.004310756024676,12.544845089018375,27.474701990411724,19.941144945765927,22.732779888584815,0.6080402010050252,-0.001959798994974782,-0.001959798994974782,0.5125628140703518,-0.0024371859296482556,-0.0024371859296482556,0.37688442211055273,-0.003115577889447274,-0.003115577889447274,0.39603960396039606,0.1110313667281061,0.17979372031604923,0.36092715231788075,0.39698492462311563,0.11127063890882993,0.18162599307052796,0.35858585858585856,0.3959731543624161,0.10954099355839597,0.179455297219559,0.36363636363636365,16.0,0.0,0.0,29.0,0.0,0.0,37.0,0.0,0.0,0.00039136252632962975,-1.4155291353946456e-05,0.00010768673324701691,-0.007881660922346434,-0.008550261828374595,-0.007557372868552292,-0.5001747608184814
83,0,test,2.1880907377839396,0.9712961620619527,1.254516721873848,4.879190840575681,2.165878798161136,2.7974280924543278,8.918169725233508,5.5418219827408315,6.374585964798472,19.88649341029081,12.357626030479558,14.214593990470156,2.6043003018776973,1.1807807126280458,1.6181373814496585,4.529217916309039,2.053531674135732,2.814151967738537,13.521760841329934,9.370053782056422,10.840833063349066,23.516105811008583,16.295745707924212,18.853622718867943,2.1613630734159797,0.9475431572751256,1.289824182801189,4.732911839597036,2.074912023230202,2.8244325170828954,8.682965114706343,5.316645934201216,6.292378238698444,19.013792221984694,11.642290366863978,13.778930449704625,0.592964824120603,-0.0020351758793969443,-0.0020351758793969443,0.4773869346733668,-0.0026130653266331905,-0.0026130653266331905,0.3417085427135679,-0.003291457286432098,-0.003291457286432098,0.3746770025839793,0.1049995832291406,0.1527806193972735,0.31088082901554404,0.36180904522613067,0.07609475951184497,0.148119562755346,0.31818181818181823,0.3846153846153846,0.12918967509952484,0.1899546504663301,0.2919463087248322,19.0,-9.0,-9.0,31.0,-12.0,-12.0,39.0,-16.0,-16.0,0.0009095902508616631,0.0003407644573691214,0.00040772832782400985,-0.07454241076638546,-0.08012523985038644,-0.07837124129339745,-0.40134620666503906
7,0,test,2.982979047013631,1.3600750525719894,1.8670977329416554,4.982930908079588,2.2719435537282093,3.118901894800265,19.746555024900307,14.67876923468459,16.69429803369796,32.98572259841301,24.520216789757214,27.88706603356364,3.076389545771345,1.3977535592448365,1.9035764428947421,4.5241022731931535,2.0555199400659356,2.799377121904032,21.67998632425813,16.32174405464589,18.448917128310548,31.882332829791366,24.002564786243955,27.130760482809627,2.982979047013631,1.3600750525719894,1.8670977329416554,4.982930908079588,2.2719435537282093,3.118901894800265,19.746555024900307,14.67876923468459,16.69429803369796,32.98572259841301,24.520216789757214,27.88706603356364,0.6633165829145728,-0.0016834170854271857,-0.0016834170854271857,0.5175879396984925,-0.002412060301507535,-0.002412060301507535,0.42211055276381915,-0.0028894472361808976,-0.0028894472361808976,0.41296928327645055,0.12165752859161238,0.1848194535375175,0.4383561643835616,0.4170854271356784,0.12134607876475112,0.18503200476506076,0.45959595959595956,0.41296928327645055,0.12165752859161238,0.1848194535375175,0.4383561643835616,22.0,-6.0,-6.0,29.0,-2.0,-2.0,38.0,-8.0,-8.0,0.000487467533430805,-0.00021093567230723206,-8.5754522583612e-06,-0.0003427029913991575,0.00012688698084151184,-1.9278431547142816e-05,-0.933924674987793
178,0,test,3.772415782531462,1.824484916414867,2.470620594961363,6.442125413246035,3.115658857262311,4.219059785241712,43.484988323832624,36.47082900323136,39.80909866438678,74.25898006069879,62.2809541439797,67.98169156533743,3.697731976533056,1.782526315913822,2.417529583789351,6.1628866275550935,2.9708771931897036,4.029215972982253,40.355672875062105,33.56733812848609,36.75830514204142,67.25945479177018,55.94556354747682,61.26384190340237,3.772415782531462,1.824484916414867,2.470620594961363,6.442125413246035,3.115658857262311,4.219059785241712,43.484988323832624,36.47082900323136,39.80909866438678,74.25898006069879,62.2809541439797,67.98169156533743,0.8040201005025126,-0.0009798994974873354,-0.0009798994974873354,0.6381909547738693,-0.0018090452261306789,-0.0018090452261306789,0.4974874371859297,-0.002512562814070307,-0.002512562814070307,0.44796380090497734,0.11387802212393894,0.18330214676963896,0.4727272727272728,0.44221105527638194,0.11389025327136937,0.1767686512697041,0.46464646464646464,0.44796380090497734,0.11387802212393894,0.18330214676963896,0.4727272727272728,20.0,-4.0,-4.0,35.0,-5.0,-5.0,44.0,-6.0,-6.0,-0.0006554397296862338,-0.00024273882295206797,-5.021660609429171e-05,0.00015625138255703774,4.707690644245588e-05,6.299474613946643e-06,-0.3294198513031006
319,0,test,3.196193965121766,1.5055373626428143,2.0439487994077448,5.214842785198671,2.4564030653645923,3.334863830612636,24.439335994221288,19.016295676127,21.274044452271415,39.87470609583473,31.026587682101948,34.71028305370599,2.9508486189434877,1.3221586035402373,1.8383047104405874,4.647005699123603,2.082139533134232,2.894968047937933,19.122174284060858,14.024981185424075,16.08008693279337,30.113660289859617,22.08658454397492,25.322971547706096,3.2097670892409256,1.4807750698885143,2.031845934367934,5.177043692324074,2.388346886916959,3.2771708618837643,24.77331558085455,19.13834447784557,21.525699690741334,39.956960614281535,30.868297544912213,34.71887046893764,0.6733668341708543,-0.001633165829145744,-0.001633165829145744,0.507537688442211,-0.0024623115577889765,-0.0024623115577889765,0.39698492462311563,-0.0030150753768843908,-0.0030150753768843908,0.4077669902912622,0.1056668287403737,0.1720296382998736,0.4188311688311688,0.40201005025125625,0.09624563922368734,0.16327883155342648,0.398989898989899,0.40802675585284276,0.10585647204649884,0.17332152782169707,0.42281879194630867,23.0,-8.0,-8.0,38.0,-12.0,-12.0,44.0,-9.0,-9.0,-0.0009362186155322419,0.00018038589344854434,-0.00016306244534026784,-0.0027471538982837274,-0.004173184657309648,-0.0042593298525153145,-0.8681766986846924
431,0,test,2.5899213433637054,1.1616590734774572,1.6052252759341283,4.343513919599547,1.9481990711444852,2.692096556514527,13.328723169432568,9.157279123363022,10.651725035591742,22.3533794820692,15.3575201964734,17.863830528440317,2.386134398642497,0.9608648767762697,1.3800256222856773,3.787514918480154,1.525182344089317,2.1905168607709165,10.871388160557386,6.712409533164893,8.136450133634579,17.256171683424423,10.654618306610942,12.915000212118382,2.565645879327653,1.1437606770822113,1.5798282435124642,4.276076465546089,1.906267795137019,2.6330470725207737,13.009057938419396,8.864130833165248,10.329055683754753,21.681763230698994,14.773551388608748,17.21509280625792,0.5778894472361809,-0.002110552763819218,-0.002110552763819218,0.39698492462311563,-0.0030150753768843908,-0.0030150753768843908,0.3266331658291457,-0.0033668341708542604,-0.0033668341708542604,0.3800623052959502,0.09079325397402171,0.15622810840475854,0.4,0.3668341708542714,0.07861361947582524,0.13478074848365373,0.3787878787878788,0.3913043478260869,0.1041591057559701,0.17105963147458525,0.3993288590604027,21.0,-12.0,-12.0,31.0,-20.0,-20.0,38.0,-23.0,-23.0,-0.0011995735064188353,8.222176396821567e-05,-0.00028619956364464154,-0.008930899393953418,-0.010470558057415147,-0.008493806998205677,-0.5066239833831787
224,0,test,2.6619824010652726,1.2308357850153666,1.5828911357774724,5.467855742728668,2.528203234085618,3.2513439545699434,14.324658187581624,10.141164884119817,11.382653353552286,29.423622223140633,20.830500843056925,23.380585266756047,3.1764990834135505,1.4733947741426965,2.020185783479813,4.924804780486125,2.284332983166971,3.1320709821392447,23.962715065403945,18.4717484452336,20.784520464724668,37.151496225432474,28.63836968253272,32.22406273600724,2.899843909668683,1.3766933048347396,1.8679239228303224,5.370081314201265,2.549432045990258,3.459118375611708,18.171308782458606,13.584655595999886,15.36485977206397,33.650571819367784,25.156769622222008,28.45344402234068,0.6331658291457287,-0.0018341708542712887,-0.0018341708542712887,0.5276381909547738,-0.002361809045226204,-0.002361809045226204,0.457286432160804,-0.0027135678391959628,-0.0027135678391959628,0.4063324538258575,0.12833508887197076,0.1756384166802074,0.3386243386243386,0.4371859296482412,0.1464591126056347,0.21347975268663855,0.38383838383838387,0.43143812709030105,0.14429288502018423,0.21119341073879938,0.3657718120805369,25.0,-4.0,-4.0,37.0,-5.0,-5.0,43.0,-3.0,-3.0,0.0007110515223816,0.0006637888532829442,0.000388549113404298,-0.05005187322434246,-0.05763607022335737,-0.05643032052087449,-0.4031660556793213
200,0,test,2.3201173942340048,1.0573677614600228,1.3556206232055739,4.5801281202236055,2.087342575731962,2.6761215411467543,10.176868941684273,6.641740500691984,7.5534018221085715,20.09008842892077,13.11141518530387,14.911119659188426,2.4707036815096983,1.0342520713412795,1.4426818802155084,4.0174043601783715,1.6817106851077717,2.3458241954723715,11.83076901662866,7.625023333613123,9.035238769687215,19.237022791266114,12.398411924574184,14.69144515396295,2.5016780055087544,1.1253122770190107,1.547463942722546,4.388908781594306,1.974232064945633,2.714849022320257,12.202953413416436,8.242471439323648,9.606324420028733,21.408690198976206,14.460476209339733,16.853200736892514,0.5829145728643217,-0.002085427135678275,-0.002085427135678275,0.4371859296482412,-0.002814070351758735,-0.002814070351758735,0.3517587939698492,-0.0032412060301507672,-0.0032412060301507672,0.3894736842105263,0.12009129262051321,0.16855481813036988,0.3509234828496042,0.3919597989949749,0.1012329819523684,0.17326196927878124,0.35858585858585856,0.3913043478260869,0.10582855483777309,0.17550901968370647,0.37248322147651003,12.0,-1.0,-1.0,25.0,-12.0,-12.0,31.0,-12.0,-12.0,0.0006591561336194196,0.00035843829754104284,0.0001926815000075784,-0.07674516919951557,-0.08074483715774505,-0.07841656259167085,-0.43007850646972656
89,0,test,2.991946905274545,1.424065848046678,1.9443914094056085,4.583721613499426,2.1816969396183095,2.978845952340612,19.92443574391019,15.127961779471752,17.073761634672504,30.524628159389504,23.17633553406756,26.157339253118963,3.004427582175288,1.397213290284826,1.929833141412582,4.144038044379708,1.9271907452204498,2.6618388157414925,20.174664452579304,15.185770203233819,17.24585959680407,27.827123382868006,20.945889935494925,23.78739254731596,2.9709603830324767,1.4197771143309839,1.933256262809148,4.501455125806783,2.151177445956036,2.9291761557714366,19.510648296805254,14.793599879384946,16.687919373791985,29.561588328492807,22.414545271795372,25.284726323927245,0.6080402010050252,-0.001959798994974782,-0.001959798994974782,0.5025125628140703,-0.0024874371859296973,-0.0024874371859296973,0.38190954773869346,-0.0030904522613065533,-0.0030904522613065533,0.39677419354838706,0.10691912108461898,0.17789007337671325,0.36245954692556637,0.38190954773869346,0.0987015276885681,0.17656731067692388,0.3232323232323232,0.3913043478260869,0.092472962183349,0.17105963147458525,0.3557046979865772,22.0,0.0,0.0,34.0,0.0,0.0,41.0,0.0,0.0,0.0005753276522484575,0.00020583642992258493,-3.842152554429959e-05,-0.013135480374619313,-0.015310472655718499,-0.015768603582778873,-1.0353548526763916
144,0,test,3.466369409100274,1.6846764596707602,2.277884164804326,5.741838898509656,2.790568368779786,3.7731823588783313,32.02027862425743,26.080374756113066,28.73817277270724,53.039725328524575,43.20062076165968,47.60310827380954,3.560506178506056,1.7177923047193209,2.331030895241539,5.563290903915712,2.684050476123939,3.642235773814905,35.18100050516464,28.867351025662735,31.761565674371404,54.97031328931975,45.10523597759802,49.62744636620532,3.466369409100274,1.6846764596707602,2.277884164804326,5.741838898509656,2.790568368779786,3.7731823588783313,32.02027862425743,26.080374756113066,28.73817277270724,53.039725328524575,43.20062076165968,47.60310827380954,0.7437185929648241,-0.0012814070351758744,-0.0012814070351758744,0.592964824120603,-0.0020351758793969443,-0.0020351758793969443,0.49246231155778897,-0.002537688442211028,-0.002537688442211028,0.4200743494423792,0.10282017504534768,0.1827443123595609,0.4104477611940298,0.40703517587939697,0.09375196785934681,0.1683039571815672,0.40909090909090906,0.4200743494423792,0.10282017504534768,0.1827443123595609,0.4104477611940298,14.0,0.0,0.0,26.0,0.0,0.0,35.0,0.0,0.0,0.0003758496458978607,3.314868298756094e-05,-0.00012644070251721003,-0.00017638486674709242,0.00021985158203818855,6.483093570341936e-05,-0.49018359184265137
465,0,test,2.3451760456595623,1.0734614740004902,1.4375893372131603,4.153645135596041,1.9012551479809683,2.5461781295914685,10.435109621611499,6.8681464853589835,7.956775254311352,18.4820847029537,12.1644783521781,14.092596967835032,2.503443707173793,1.0226308364048182,1.4559546658947184,3.851451857190451,1.5732782098535667,2.239930255222644,12.2245192223663,7.82800119258155,9.374034547212922,18.806952649794308,12.04307875781777,14.421591611096803,2.3964351579098397,1.0560855804057119,1.4712552618893218,4.016371773033251,1.7699758330821989,2.465790941713947,10.983950456166497,7.163571665724185,8.461628480934513,18.408855513128206,12.005986031939974,14.181500247376277,0.5979899497487438,-0.0020100502512562235,-0.0020100502512562235,0.46733668341708545,-0.002663316582914521,-0.002663316582914521,0.3517587939698492,-0.0032412060301507672,-0.0032412060301507672,0.3887323943661972,0.12009667003427038,0.16879104539259016,0.3615819209039548,0.3919597989949749,0.10875177894484955,0.16157582570616025,0.3787878787878788,0.4013377926421404,0.1258786941446446,0.18665481155204033,0.37583892617449666,21.0,-12.0,-12.0,31.0,-19.0,-19.0,39.0,-21.0,-21.0,0.0009183392498486496,-4.727684030856578e-05,7.463853113381605e-05,-0.025799208674273544,-0.023350207669766476,-0.024200454923125392,-1.0203242301940918
175,0,test,2.522439946242369,1.1574877851677083,1.5353171441512345,4.675431617530047,2.1454445310936814,2.8457646055732475,12.458958797228712,8.543423064738107,9.775456410371435,23.093120598903724,15.835536690701442,18.119154053567254,2.976324998553674,1.3426150423224013,1.8748223692799522,4.50958333114193,2.034265215640002,2.840639953454473,19.615596675644742,14.492751637523266,16.6069131106429,29.720601023704152,21.958714602307975,25.16198956158015,2.651978935685046,1.2093823403300583,1.6639270756522377,4.679962827679494,2.134204129994221,2.9363418982098315,14.182076310756871,9.950406813669373,11.4960796362061,25.02719348957095,17.55954143588713,20.287199358010763,0.6834170854271358,-0.0015829145728643024,-0.0015829145728643024,0.5226130653266332,-0.002386934673366814,-0.002386934673366814,0.39698492462311563,-0.0030150753768843908,-0.0030150753768843908,0.39344262295081966,0.1055845056247624,0.16372610291171896,0.34246575342465757,0.39698492462311563,0.08871424793138627,0.14990646051627088,0.36868686868686873,0.4046822742474916,0.11085923585016266,0.18443755789598992,0.3523489932885906,22.0,-10.0,-10.0,32.0,-10.0,-10.0,40.0,-13.0,-13.0,0.0008921518798180408,0.0003001231870960014,0.00045350154243715604,-0.007649262250202682,-0.01138757648122013,-0.010059275908312237,-0.4903523921966553
190,0,test,3.4651849025752357,1.6438110419914584,2.247405097075019,5.224432622344202,2.4783612633101995,3.3883953771284903,31.98237284954419,25.802029299269833,28.602696989502906,48.21957752700509,38.90152109736067,43.124066230327465,3.360580761828015,1.5079850317844792,2.12085825494386,4.5722187235755305,2.0516803153530327,2.8855214352977687,28.805915398375856,22.429566056975343,25.351260709527665,39.19172163044334,30.516416404048083,34.491511169425394,3.4651849025752357,1.6438110419914584,2.247405097075019,5.224432622344202,2.4783612633101995,3.3883953771284903,31.98237284954419,25.802029299269833,28.602696989502906,48.21957752700509,38.90152109736067,43.124066230327465,0.6884422110552764,-0.0015577889447235815,-0.0015577889447235815,0.5829145728643217,-0.002085427135678275,-0.002085427135678275,0.49246231155778897,-0.002537688442211028,-0.002537688442211028,0.4368600682593856,0.11945392491467577,0.19453924914675758,0.4212328767123288,0.457286432160804,0.14070351758793964,0.2127303182579564,0.4040404040404041,0.4368600682593856,0.11945392491467577,0.19453924914675758,0.4212328767123288,26.0,-15.0,-15.0,36.0,-20.0,-20.0,43.0,-18.0,-18.0,-0.0004235864416561568,0.0003254998353115325,-3.246812427358232e-05,-0.0003427029913991575,0.00012688698084151184,-1.9278431547142816e-05,-0.694101095199585
164,0,test,3.328285519659084,1.5509600699135722,2.112443144326215,5.352505952668118,2.4942340305627626,3.3972038870743217,27.890483003751374,21.976465094268008,24.517348690735698,44.853115941705425,35.342268426454396,39.428484736563256,3.261617026137347,1.4880119456618626,2.03753184901191,4.941843978995981,2.2545635540331252,3.0871694681998636,26.091694000128015,20.19963754344944,22.690640702298012,39.532869697163655,30.605511429468848,34.37975863984546,3.328285519659084,1.5509600699135722,2.112443144326215,5.352505952668118,2.4942340305627626,3.3972038870743217,27.890483003751374,21.976465094268008,24.517348690735698,44.853115941705425,35.342268426454396,39.428484736563256,0.7487437185929648,-0.0012562814070351536,-0.0012562814070351536,0.542713567839196,-0.0022864321608039306,-0.0022864321608039306,0.4371859296482412,-0.002814070351758735,-0.002814070351758735,0.4124087591240876,0.11186231103665589,0.1624087591240876,0.43956043956043955,0.4120603015075377,0.10880215614412914,0.15496514290987495,0.4494949494949495,0.4124087591240876,0.11186231103665589,0.1624087591240876,0.43956043956043955,18.0,-1.0,-1.0,29.0,-2.0,-2.0,36.0,-1.0,-1.0,0.00022029651925999048,-0.0004286585430262581,-0.00010139098006501022,-0.000211034476049754,0.00020048395678795572,4.730815085896012e-05,-0.9324843883514404
478,0,test,3.8075885223263084,1.8348794995732607,2.488518401320458,5.66494877711963,2.729942670096803,3.7024298165987304,45.0416907655433,37.85156241556325,41.3017486992676,67.01324723654004,56.31573920364289,61.44894318671521,4.005911630601739,1.8932204728591886,2.5916397702322813,6.069563076669302,2.8685158679684677,3.926726924594366,54.92187004146912,46.65140154339286,50.80837986144067,83.21495460828655,70.68394173241343,76.98239372945557,3.8075885223263084,1.8348794995732607,2.488518401320458,5.66494877711963,2.729942670096803,3.7024298165987304,45.0416907655433,37.85156241556325,41.3017486992676,67.01324723654004,56.31573920364289,61.44894318671521,0.8090452261306533,-0.0009547738693467256,-0.0009547738693467256,0.6733668341708543,-0.001633165829145744,-0.001633165829145744,0.5678391959798995,-0.0021608040201005485,-0.0021608040201005485,0.47736625514403297,0.14471738450748262,0.22018431259957327,0.4256198347107438,0.4773869346733668,0.12901600735507102,0.21194453066668895,0.4444444444444444,0.47736625514403297,0.14471738450748262,0.22018431259957327,0.4256198347107438,27.0,0.0,0.0,42.0,-2.0,-2.0,50.0,0.0,0.0,0.000449230586402711,0.00020843766892364194,9.305708866255737e-05,3.793101625682027e-06,-7.384872300431056e-05,-9.33731963588258e-05,-0.4967923164367676
155,0,test,2.851734294132753,1.3201648263748955,1.803116889317565,5.308348776427835,2.457415249095438,3.3564043301152267,17.31778995310733,12.692359360394446,14.464087079678919,32.236127081386535,23.62613880940894,26.92411390133003,2.7894732275200846,1.2032116646850797,1.6724941905361426,4.768330303453136,2.0567720763847515,2.85896442826691,16.27244566711925,11.386994871513295,13.216836303833263,27.816146439520086,19.464948498313326,22.59288257065515,2.8524235080317113,1.3065848027443574,1.7884438829928175,5.315074859686419,2.434630067225511,3.3325041298002813,17.329729728699267,12.637824625803773,14.43184917849257,32.29142185471913,23.548741538764798,26.891644431973734,0.6733668341708543,-0.001633165829145744,-0.001633165829145744,0.5577889447236181,-0.00221105527638199,-0.00221105527638199,0.38190954773869346,-0.0030904522613065533,-0.0030904522613065533,0.4253246753246753,0.10279631227767372,0.1866637681972455,0.4267100977198697,0.4170854271356784,0.09377715645898665,0.17167641211063667,0.4040404040404041,0.4247491638795987,0.10588438925522481,0.18781924174389242,0.4261744966442953,19.0,-8.0,-8.0,27.0,-6.0,-6.0,38.0,-11.0,-11.0,-9.38946634747998e-05,-4.493575605208855e-05,-4.501864170929654e-05,-0.009268910135675767,-0.00803899025437893,-0.008799865768609472,-0.8282639980316162
269,0,test,2.4558682480269685,1.1117986528954216,1.4582734153521197,4.885470525486803,2.2117064111074693,2.9009503235881735,11.656549932959237,7.821932799048528,8.94479817103528,23.18843088267827,15.560208562813115,17.793930051471254,2.3025745614689197,1.0002173314975717,1.3887519806123672,3.8376242691148663,1.667028885829286,2.3145866343539456,9.999894685303303,6.321938439306303,7.506057454396392,16.666491142172173,10.536564065510508,12.51009575732732,2.4412860479641916,1.103600591505159,1.5150294919624585,4.548980213597873,2.056398617711477,2.8230363204269415,11.487805115295867,7.677590730773691,8.962765994474928,21.405848040923978,14.306069684671474,16.70080620088496,0.5276381909547738,-0.002361809045226204,-0.002361809045226204,0.4170854271356784,-0.0029145728643216184,-0.0029145728643216184,0.31155778894472363,-0.003442211055276312,-0.003442211055276312,0.40161725067385445,0.14993488189861892,0.19536114119193848,0.39729729729729735,0.38190954773869346,0.12376418433017211,0.18157565792233288,0.36363636363636365,0.39799331103678925,0.1475759487663385,0.2022202298354544,0.3926174496644296,17.0,-6.0,-6.0,23.0,-3.0,-3.0,33.0,-10.0,-10.0,0.00013185618392952254,-0.00019718519842938198,-0.00025596648574239135,-0.0724903191670343,-0.06981677534050679,-0.07140836230256298,-0.8008716106414795
432,0,test,3.1939795555606967,1.5411581850271623,2.0856165350447435,5.600710629116996,2.702453437125094,3.6571726565221203,24.385277171207047,19.163585780947628,21.355881895839957,42.760098701623626,33.603752531379996,37.447990084958796,3.2964817603029797,1.5796208092641506,2.1448164815163695,5.4040684595130815,2.589542310269099,3.5160925926497866,27.017417761767543,21.450391920598438,23.85396119891268,44.290848789782856,35.16457691901383,39.10485442444701,3.1939795555606967,1.5411581850271623,2.0856165350447435,5.600710629116996,2.702453437125094,3.6571726565221203,24.385277171207047,19.163585780947628,21.355881895839957,42.760098701623626,33.603752531379996,37.447990084958796,0.7437185929648241,-0.0012814070351758744,-0.0012814070351758744,0.5628140703517588,-0.0021859296482411583,-0.0021859296482411583,0.46733668341708545,-0.002663316582914521,-0.002663316582914521,0.4395161290322581,0.12764490166807296,0.1888458877453949,0.40485829959514175,0.4371859296482412,0.1264089872923515,0.19010746554139646,0.4242424242424242,0.4395161290322581,0.12764490166807296,0.1888458877453949,0.40485829959514175,18.0,0.0,0.0,29.0,0.0,0.0,38.0,0.0,0.0,0.00019207001294031624,0.00032252020570180896,0.0001501917304224434,-3.085650767697956e-05,-0.00010133182060556578,-0.00011602607612637428,-0.5399150848388672
380,0,test,2.92729761730246,1.318831980372302,1.8280800697519997,4.4976708182511755,2.0263303865095263,2.808768857171041,18.67708959324207,13.681948608228382,15.675273266976664,28.696569947950056,21.0217439553509,24.084404238323522,3.215569762728322,1.441586340948508,1.9880547178154522,4.76380705589381,2.1356834680718633,2.945266248615485,24.91748492164908,19.023198834891524,21.504746432794736,36.91479247651716,28.182516792431887,31.858883604140352,2.92729761730246,1.318831980372302,1.8280800697519997,4.4976708182511755,2.0263303865095263,2.808768857171041,18.67708959324207,13.681948608228382,15.675273266976664,28.696569947950056,21.0217439553509,24.084404238323522,0.6733668341708543,-0.001633165829145744,-0.001633165829145744,0.507537688442211,-0.0024623115577889765,-0.0024623115577889765,0.42713567839195976,-0.002864321608040288,-0.002864321608040288,0.3979591836734694,0.11442777450538788,0.17510850494043773,0.39590443686006827,0.4170854271356784,0.12886487575723227,0.18002365751965166,0.43434343434343436,0.3979591836734694,0.11442777450538788,0.17510850494043773,0.39590443686006827,14.0,0.0,0.0,26.0,0.0,0.0,34.0,-1.0,-1.0,0.001045160533667278,-0.000155682154488576,0.00011790400692683403,-0.004028227459698996,-0.002632851630086641,-0.0033275938589003573,-0.6468358039855957
192,0,test,3.8974830515244427,1.8818698992015057,2.552631832165663,5.834828428013201,2.817302305237342,3.821483912481928,49.27826203835065,41.77293415847109,45.440646503127006,73.77330457203372,62.53725815537193,68.02810236725448,4.071139096015662,1.9350897892345906,2.645970779185681,5.900201588428495,2.80447795541245,3.8347402596893927,58.6237025990917,50.157777398560576,54.465144859983575,84.96188782477059,72.69243101240664,78.93499255070084,3.8974830515244427,1.8818698992015057,2.552631832165663,5.834828428013201,2.817302305237342,3.821483912481928,49.27826203835065,41.77293415847109,45.440646503127006,73.77330457203372,62.53725815537193,68.02810236725448,0.7889447236180904,-0.001055276381909609,-0.001055276381909609,0.6984924623115578,-0.0015075376884421399,-0.0015075376884421399,0.5577889447236181,-0.00221105527638199,-0.00221105527638199,0.4392156862745098,0.09674993284985223,0.18888974103331035,0.42125984251968507,0.46733668341708545,0.11395322477046887,0.2102415248194227,0.4494949494949495,0.4392156862745098,0.09674993284985223,0.18888974103331035,0.42125984251968507,22.0,-4.0,-4.0,37.0,-5.0,-5.0,48.0,-11.0,-11.0,0.0003370390946364554,0.00028929266981460246,0.0002542678061743919,-7.936596070123869e-05,-0.0001398081572467902,0.00011389473326595123,-0.42919039726257324
6,0,test,3.1479855720171206,1.460896661664284,2.001085299246773,5.2062838306437,2.416098325060162,3.3094872256773558,23.289103075606317,17.885376023375603,20.140684545693365,38.51659354811814,29.579660346351957,33.30959367172364,3.219701194882992,1.4691165593635485,2.0237457323157946,4.878335143762109,2.225934180853861,3.0662814125996887,25.020642768158833,19.26267476337891,21.71392706346516,37.910064800240654,29.18587085360441,32.89988949009873,3.1479855720171206,1.460896661664284,2.001085299246773,5.2062838306437,2.416098325060162,3.3094872256773558,23.289103075606317,17.885376023375603,20.140684545693365,38.51659354811814,29.579660346351957,33.30959367172364,0.7236180904522613,-0.0013819095477386467,-0.0013819095477386467,0.5829145728643217,-0.002085427135678275,-0.002085427135678275,0.4773869346733668,-0.0026130653266331905,-0.0026130653266331905,0.44357976653696496,0.11348267915832422,0.2003714871061758,0.43359375,0.4371859296482412,0.1063588619790683,0.19010746554139646,0.4494949494949495,0.44357976653696496,0.11348267915832422,0.2003714871061758,0.43359375,23.0,-8.0,-8.0,34.0,-5.0,-5.0,41.0,-5.0,-5.0,-0.00020226284940168474,-2.0087417167698615e-05,-2.742093050282449e-05,-9.322580442105988e-05,-0.00015080139628764755,0.00010688561932692409,-1.1295652389526367
2,0,test,2.8347284615535155,1.2941620887150929,1.712234036660855,5.20899341666179,2.378104954897785,3.1463386866559873,17.02577651975113,12.358543603240465,13.95326772490821,31.28594467081172,22.709608042502783,25.64001480414605,3.0221117357512814,1.2854126681909277,1.77955697601085,5.036852892918803,2.1423544469848794,2.965928293351417,20.53460959932966,14.85604171693795,17.07015658575483,34.2243493322161,24.76006952822992,28.45026097625805,2.8829013786985724,1.2998717176632735,1.783931981620471,4.999250945720068,2.254112805196428,3.09352366754995,17.86603418517522,12.99634719952375,14.864962668632849,30.98156217082408,22.537018265070085,25.777391910924013,0.6532663316582914,-0.0017336683417086274,-0.0017336683417086274,0.5125628140703518,-0.0024371859296482556,-0.0024371859296482556,0.4170854271356784,-0.0029145728643216184,-0.0029145728643216184,0.40443213296398894,0.1264238342088022,0.1708055444986908,0.38611111111111107,0.4170854271356784,0.13137114142139272,0.18002365751965166,0.41414141414141414,0.40802675585284276,0.12422041194633193,0.17554622192625768,0.38590604026845643,21.0,-12.0,-12.0,31.0,-15.0,-15.0,42.0,-18.0,-18.0,0.0009394834719229306,3.0035980024386543e-05,0.00016613781422960736,-0.055535324538333875,-0.049232402137307396,-0.052020133543822844,-0.6229195594787598
55,0,test,3.133007290382539,1.4222151990915834,1.979570433064428,4.756822044544221,2.1593389303280754,3.005567303860016,22.942871778688335,17.409529123912808,19.773805936929396,34.83399434691095,26.43276068203835,30.022424867654998,3.284852668268597,1.446899214893911,2.044482382339651,4.977049497376662,2.1922715377180473,3.0977005793025016,26.70504952385055,20.421384244881118,23.24815625711429,40.46219624825841,30.941491280122904,35.22447917744589,3.133007290382539,1.4222151990915834,1.979570433064428,4.756822044544221,2.1593389303280754,3.005567303860016,22.942871778688335,17.409529123912808,19.773805936929396,34.83399434691095,26.43276068203835,30.022424867654998,0.7487437185929648,-0.0012562814070351536,-0.0012562814070351536,0.5628140703517588,-0.0021859296482411583,-0.0021859296482411583,0.457286432160804,-0.0027135678391959628,-0.0027135678391959628,0.41129032258064513,0.10143116765106763,0.1606200812937819,0.368421052631579,0.42211055276381915,0.10882734474376898,0.1733626395751714,0.38888888888888884,0.41129032258064513,0.10143116765106763,0.1606200812937819,0.368421052631579,21.0,-2.0,-2.0,31.0,0.0,0.0,40.0,1.0,1.0,0.0003364084461988948,0.0001506169904944285,0.00016406530312723089,-3.085650767697956e-05,-0.00010133182060556578,-0.00011602607612637428,-0.2956218719482422
393,0,test,2.430600514014562,1.0931153129277882,1.4173980322925928,5.333023480749598,2.3984235983650883,3.1099380355596304,11.365705296393742,7.5562538513776065,8.611297449978945,24.937694562087444,16.579309920963805,18.89419969907145,2.391978112896483,0.9766021344696574,1.3814255342394635,4.644617694944627,1.8963148242129266,2.6823796781348803,10.935103432114538,6.817068965046479,8.18798483732355,21.233210547795217,13.237027116595103,15.898999684123396,2.3078770533851953,1.0081991189933266,1.3985202293674575,4.8757965916588635,2.1299981387182956,2.9546202028889947,10.053059875463411,6.3849447718260635,7.570334684922919,21.23885889182411,13.4893199404776,15.993664827301942,0.507537688442211,-0.0024623115577889765,-0.0024623115577889765,0.40703517587939697,-0.00296482412060306,-0.00296482412060306,0.33668341708542715,-0.0033165829145728187,-0.0033165829145728187,0.40591397849462363,0.14416901205167065,0.18695014662756593,0.4043126684636119,0.3919597989949749,0.12629563859397241,0.17993976560599323,0.38383838383838387,0.4046822742474916,0.14257876840441985,0.19556102841879308,0.3926174496644296,20.0,-7.0,-7.0,31.0,-11.0,-11.0,36.0,-7.0,-7.0,-0.0004607248382237431,-0.00023193266269931376,-0.00014836075604036155,-0.06677230599138895,-0.0627547175474037,-0.06381238535193567,-0.6409554481506348
388,0,test,3.4269642644055445,1.5987932285828443,2.1791101595677578,5.5846825049571835,2.6054408169498204,3.5511424822585687,30.78305155717737,24.560556033871933,27.30019047924678,50.16497290799275,40.02460983297648,44.48919929951327,3.414957171708495,1.5517466555413302,2.134007917043662,5.4639314747335925,2.4827946488661286,3.4144126672698594,30.41564674948436,23.97125332578195,26.81559127592699,48.665034799174975,38.35400532125112,42.904946041483186,3.4269642644055445,1.5987932285828443,2.1791101595677578,5.5846825049571835,2.6054408169498204,3.5511424822585687,30.78305155717737,24.560556033871933,27.30019047924678,50.16497290799275,40.02460983297648,44.48919929951327,0.7085427135678393,-0.0014572864321606982,-0.0014572864321606982,0.5728643216080402,-0.0021356783919597166,-0.0021356783919597166,0.4824120603015075,-0.0025879396984924696,-0.0025879396984924696,0.42205323193916355,0.10137011998470435,0.17426562131969447,0.4312977099236641,0.4371859296482412,0.11889019029987025,0.18843801645959346,0.4494949494949495,0.42205323193916355,0.10137011998470435,0.17426562131969447,0.4312977099236641,24.0,-12.0,-12.0,31.0,-3.0,-3.0,40.0,-8.0,-8.0,-4.714978420438278e-05,-5.0349175427946314e-05,-0.00013829208824469054,-0.00013480533558407615,-0.00018378111340844328,8.585827751517172e-05,-0.8422636985778809
15,0,test,3.346528818882794,1.598515330082867,2.173717998413451,5.14222720950283,2.4562552632980643,3.340103265854815,28.403967010561104,22.660784570254595,25.17290518922089,43.64512004061828,34.8202299494156,38.680317729778444,3.325865759921433,1.5539767364760737,2.1342670899539735,4.855278481637129,2.268579177337334,3.1157183794948518,27.823076322791753,21.94112230036172,24.530735954690734,40.61762966830913,32.03083547498061,35.81129336451202,3.346528818882794,1.598515330082867,2.173717998413451,5.14222720950283,2.4562552632980643,3.340103265854815,28.403967010561104,22.660784570254595,25.17290518922089,43.64512004061828,34.8202299494156,38.680317729778444,0.7386934673366834,-0.0013065326633165952,-0.0013065326633165952,0.5728643216080402,-0.0021356783919597166,-0.0021356783919597166,0.4522613065326633,-0.0027386934673366836,-0.0027386934673366836,0.41035856573705176,0.09760956175298796,0.1633466135458167,0.38,0.42211055276381915,0.11306532663316593,0.17252931323283083,0.3787878787878788,0.41035856573705176,0.09760956175298796,0.1633466135458167,0.38,16.0,-4.0,-4.0,27.0,-6.0,-6.0,34.0,-6.0,-6.0,0.0002857975224929993,9.478690759096497e-05,8.200966468178375e-05,-5.164627325804361e-05,-0.00011782167916685182,0.0001279129611404528,-0.5320022106170654
223,0,test,3.158709261974279,1.483585715681406,2.0110243355720576,5.050261901412365,2.372012045420853,3.2153005365250924,23.540192090529917,18.200737312361138,20.389302173118022,37.636935028463526,29.100016051740187,32.59917498608986,3.2714022445918327,1.504103594567304,2.050312199672276,4.741162673321497,2.1798602819816004,2.9714669560467772,26.348260156519466,20.493244623331126,22.957378223061415,38.185884284810825,29.700354526566855,33.271562642118,3.158709261974279,1.483585715681406,2.0110243355720576,5.050261901412365,2.372012045420853,3.2153005365250924,23.540192090529917,18.200737312361138,20.389302173118022,37.636935028463526,29.100016051740187,32.59917498608986,0.7185929648241206,-0.0014070351758793676,-0.0014070351758793676,0.5477386934673367,-0.002261306532663321,-0.002261306532663321,0.4321608040201005,-0.002839195979899567,-0.002839195979899567,0.3868613138686131,0.07174291678300293,0.14535645949968112,0.4139194139194139,0.3869346733668342,0.06613266835430287,0.13651731109638343,0.4292929292929293,0.3868613138686131,0.07174291678300293,0.14535645949968112,0.4139194139194139,22.0,0.0,0.0,35.0,0.0,0.0,43.0,0.0,0.0,-8.86853036139567e-05,-7.5740325228944e-05,-4.3484152215421974e-05,-0.000211034476049754,0.00020048395678795572,4.730815085896012e-05,-0.797992467880249
455,0,test,2.6188462955414216,1.2206445636490464,1.636933483944233,4.912106294880396,2.289533316682266,3.0703563185332374,13.71988575737896,9.671971574444903,11.050328035119872,25.734055988164858,18.14148181801287,20.726831503711328,2.4676870077698676,1.0560355081817785,1.4887558229677564,4.446282896882644,1.9027666814086097,2.6824429242662275,11.79513322421853,7.692407762649864,9.133523272264647,21.25249229588924,13.86019416693669,16.456798688765126,2.6922116997249947,1.2248632286152192,1.6852528406070009,5.016543539860239,2.28235384214016,3.140222684360871,14.764294021450773,10.426575727640799,12.02703008238956,27.511106872268524,19.428401976970434,22.41061506035322,0.5477386934673367,-0.002261306532663321,-0.002261306532663321,0.4723618090452262,-0.0026381909547738003,-0.0026381909547738003,0.3417085427135679,-0.003291457286432098,-0.003291457286432098,0.4046242774566474,0.11025198308435302,0.18761547980268845,0.41159420289855075,0.3919597989949749,0.09872671628820795,0.18160921468779623,0.3939393939393939,0.4180602006688964,0.11922881502615845,0.1978154843173947,0.4295302013422819,21.0,-9.0,-9.0,33.0,-16.0,-16.0,41.0,-13.0,-13.0,-0.00037478174544941983,0.0001412919510561584,-0.0002823706865807772,-0.022373889279459824,-0.02337100608922782,-0.02091427286666736,-0.9024162292480469
12,0,test,3.0270470070167326,1.3804338983449107,1.911814854558077,4.874058740111687,2.2227325481824827,3.07834595225453,20.636203959685947,15.446829776298056,17.58592773356839,33.227786036782454,24.87201404658161,28.31632431676266,2.9406028213213435,1.2899923212103253,1.8212743776078448,4.559074141583478,1.999988094899729,2.823681205593558,18.92725262536228,13.717092965874642,15.86445595322539,29.344577713739966,21.266810799805643,24.59605574143471,3.0270470070167326,1.3804338983449107,1.911814854558077,4.874058740111687,2.2227325481824827,3.07834595225453,20.636203959685947,15.446829776298056,17.58592773356839,33.227786036782454,24.87201404658161,28.31632431676266,0.6532663316582914,-0.0017336683417086274,-0.0017336683417086274,0.46733668341708545,-0.002663316582914521,-0.002663316582914521,0.3668341708542714,-0.0031658291457286047,-0.0031658291457286047,0.3838028169014085,0.09030545310527494,0.14258501830656067,0.3710247349823321,0.37688442211055273,0.08615760506794623,0.14149210157632908,0.33333333333333337,0.3838028169014085,0.09030545310527494,0.14258501830656067,0.3710247349823321,24.0,-11.0,-11.0,32.0,-10.0,-10.0,41.0,-9.0,-9.0,-0.00011204222799616708,0.00020376374009701254,-8.185672584056685e-05,-0.0002803336946550772,0.00016174870629104277,1.2262581172706177e-05,-0.46759963035583496
339,0,test,2.773457055318289,1.2550853718676993,1.6740262581646186,5.185786889892009,2.3467481692734586,3.130080347297386,16.01389936302112,11.44911313968774,13.01144283235599,29.942655579815533,21.40745633931197,24.328687379248958,2.9165929519950446,1.2397355991407295,1.6697712229049861,4.901836894109319,2.0835892422533275,2.80633818975628,18.4782238945981,13.129503504632243,14.998956582599487,31.055838478316133,22.066392444760076,25.208330390923507,2.881773562335649,1.3024726307569636,1.7904179411176306,5.055743091816929,2.2850397030823926,3.141084107223914,17.845895937737726,12.994332886770854,14.86758714197339,31.308589364452153,22.797075239948867,26.083486213988405,0.6080402010050252,-0.001959798994974782,-0.001959798994974782,0.507537688442211,-0.0024623115577889765,-0.0024623115577889765,0.4321608040201005,-0.002839195979899567,-0.002839195979899567,0.4106145251396648,0.12191159626937187,0.1857855906333109,0.3977591036414566,0.4321608040201005,0.13892772131333353,0.20678517797669482,0.4292929292929293,0.4180602006688964,0.13258440768058255,0.19892783136967507,0.412751677852349,24.0,-15.0,-15.0,39.0,-30.0,-30.0,46.0,-34.0,-34.0,5.0327948074019e-05,0.0004371726667415592,0.00010805667010057533,-0.014629473902944667,-0.016919708863146532,-0.016967368451024534,-0.6548752784729004
188,0,test,3.0167191208608997,1.4092896743737284,1.936272811450864,5.305876571396524,2.4786918390455583,3.4055621801400497,20.424172398112745,15.434204649757037,17.47817831553197,35.92251498256301,27.146042295749144,30.741031272612112,3.1554126038623216,1.466334046102126,2.0190158922851626,4.930332193534877,2.291146947034571,3.154712331695566,23.46271590173806,18.048226635032098,20.347193910669976,36.66049359646572,28.20035411723765,31.792490485421837,3.0167191208608997,1.4092896743737284,1.936272811450864,5.305876571396524,2.4786918390455583,3.4055621801400497,20.424172398112745,15.434204649757037,17.47817831553197,35.92251498256301,27.146042295749144,30.741031272612112,0.6884422110552764,-0.0015577889447235815,-0.0015577889447235815,0.5527638190954773,-0.0022361809045226,-0.0022361809045226,0.4321608040201005,-0.002839195979899567,-0.002839195979899567,0.41946308724832215,0.10623025642755168,0.17727558724832215,0.37037037037037035,0.4120603015075377,0.09627082782332719,0.16999018464610194,0.36363636363636365,0.41946308724832215,0.10623025642755168,0.17727558724832215,0.37037037037037035,25.0,0.0,0.0,36.0,0.0,0.0,42.0,0.0,0.0,0.00046638049734406043,0.00021409005687200724,0.00012968159174323537,-0.014416180569519987,-0.012326331480995378,-0.013419524031989205,-0.6079485416412354
58,0,test,3.503910592886118,1.653486289082725,2.2445233891736933,6.241939088966527,2.9455548100599365,3.9984405730635197,33.24520655288051,26.882687962094394,29.72194476891803,59.223701290923756,47.88937855542499,52.94728958834578,3.4984227946056192,1.6081425484685403,2.2138233152742224,5.59747647136899,2.5730280775496643,3.5421173044387553,33.063263256195874,26.442039262690102,29.450042758317387,52.9012212099134,42.30726282030416,47.12006841330782,3.485222663369067,1.6479501628150761,2.2353392043065226,6.078876738434419,2.8743316793286207,3.898847449371841,32.62969173814014,26.350303882239785,29.13975552481697,56.91225303163977,45.9598323527438,50.82515498514587,0.7437185929648241,-0.0012814070351758744,-0.0012814070351758744,0.6180904522613065,-0.0019095477386934512,-0.0019095477386934512,0.46733668341708545,-0.002663316582914521,-0.002663316582914521,0.4092307692307692,0.09586671393123003,0.1615337375009841,0.3827160493827161,0.39698492462311563,0.07868918527474467,0.15324535867987688,0.35858585858585856,0.4013377926421404,0.08915081434497851,0.1599584822973128,0.37248322147651003,22.0,-13.0,-13.0,32.0,-16.0,-16.0,42.0,-21.0,-21.0,0.0002769027474948442,2.7678622457685793e-05,-0.00016977353796573396,0.00040436298294821427,2.9341792515680254e-06,-0.0001314242545484845,-0.3400712013244629
395,0,test,2.8390386044979095,1.3296367482386808,1.815718374300456,4.924505233727855,2.3063452237967237,3.149486809743383,17.099318424500503,12.575294456260785,14.316900712855528,29.659928872127413,21.812702112402967,24.8336364216815,2.9897754527815623,1.375210033706378,1.887136257861575,4.635310779506298,2.132108579389733,2.925792647847403,19.881217718169495,14.85551434416825,16.86911264276992,30.823593361503093,23.031805184756976,26.153663012046387,2.8390386044979095,1.3296367482386808,1.815718374300456,4.924505233727855,2.3063452237967237,3.149486809743383,17.099318424500503,12.575294456260785,14.316900712855528,29.659928872127413,21.812702112402967,24.8336364216815,0.6834170854271358,-0.0015829145728643024,-0.0015829145728643024,0.5226130653266332,-0.002386934673366814,-0.002386934673366814,0.38190954773869346,-0.0030904522613065533,-0.0030904522613065533,0.37142857142857144,0.06126814362108479,0.13389888021717,0.35125448028673834,0.38190954773869346,0.06862633971864329,0.1465172272044698,0.36868686868686873,0.37142857142857144,0.06126814362108479,0.13389888021717,0.35125448028673834,21.0,0.0,0.0,32.0,1.0,1.0,41.0,0.0,0.0,0.0005759636287567033,0.00016217850526178387,0.00011311522511282938,-0.01964994819262511,-0.017781866722338613,-0.01909972233082957,-0.835540771484375
62,0,test,3.241502481601277,1.5572491834770794,2.1145682759085243,4.838535411560931,2.3244792689950553,3.156379963063456,25.57211452949096,20.183688647424493,22.485934142113027,38.171058761093825,30.127847444448268,33.56436998773945,3.850136927024803,1.839743269842411,2.5080544721412084,5.384806890943781,2.5730675102691065,3.5077684925051873,46.99949829247078,39.533242378317325,43.17249351468781,65.73356404541369,55.29124808156269,60.381109810752186,3.2653267323771447,1.5586028550721631,2.1233536429213817,4.922603114136399,2.349652545334919,3.2010356425950475,26.188666278289496,20.67778871810153,23.05572242902359,39.48040142455703,31.172545806183216,34.75737049601546,0.7386934673366834,-0.0013065326633165952,-0.0013065326633165952,0.6381909547738693,-0.0018090452261306789,-0.0018090452261306789,0.5125628140703518,-0.0024371859296482556,-0.0024371859296482556,0.4,0.10212765957446812,0.1808069792802618,0.3782894736842105,0.44221105527638194,0.11389025327136937,0.19680204025134018,0.46464646464646464,0.4013377926421404,0.1008369579175995,0.17886838218607815,0.3791946308724832,23.0,0.0,0.0,37.0,0.0,0.0,45.0,0.0,0.0,0.0016070475259263423,-0.00024145934723276844,0.00045646890343722045,0.0004833415140721442,8.040468024717029e-05,-6.13331151724239e-05,-0.6471202373504639
103,0,test,3.1764397740364076,1.486852214415703,2.0297274920088437,5.036328852255094,2.3574433136459505,3.2181863524613905,23.96129389384358,18.544047940507365,20.813467181838774,37.991262029054624,29.40207601093602,33.00029993962595,3.177312299833825,1.4524973784403947,2.003812049337494,4.7422571639310815,2.167906534985663,2.9907642527425278,23.982209864440474,18.370727496198864,20.748919684001006,35.79434308125444,27.418996262983377,30.968536841792545,3.1764397740364076,1.486852214415703,2.0297274920088437,5.036328852255094,2.3574433136459505,3.2181863524613905,23.96129389384358,18.544047940507365,20.813467181838774,37.991262029054624,29.40207601093602,33.00029993962595,0.7487437185929648,-0.0012562814070351536,-0.0012562814070351536,0.6080402010050252,-0.001959798994974782,-0.001959798994974782,0.4321608040201005,-0.002839195979899567,-0.002839195979899567,0.4375,0.11109667359667363,0.19511772853185594,0.4518828451882845,0.42211055276381915,0.09629601642296703,0.1767015377387774,0.43939393939393945,0.4375,0.11109667359667363,0.19511772853185594,0.4518828451882845,26.0,-16.0,-16.0,38.0,-20.0,-20.0,45.0,-17.0,-17.0,7.070994755891686e-05,-2.378935730263457e-05,-7.946085975146332e-05,2.4582867206746073e-05,-5.7358864443912694e-05,-7.978146849918488e-05,-0.8342170715332031
82,0,test,3.4622776648311904,1.6138322409964745,2.221657229646154,5.698780007330842,2.656307725863763,3.656765005318205,31.88952751517638,25.539587135490255,28.431769400995098,52.48897386038348,42.03720863916098,46.79763286499193,3.578864371956293,1.6539225414885337,2.285412665520569,5.726182995130069,2.6462760663816534,3.65666026483291,35.832824971470615,28.97807505476513,32.187477437049495,57.33251995435298,46.36492008762421,51.49996389927919,3.4622776648311904,1.6138322409964745,2.221657229646154,5.698780007330842,2.656307725863763,3.656765005318205,31.88952751517638,25.539587135490255,28.431769400995098,52.48897386038348,42.03720863916098,46.79763286499193,0.7638190954773869,-0.001180904522613102,-0.001180904522613102,0.592964824120603,-0.0020351758793969443,-0.0020351758793969443,0.4723618090452262,-0.0026381909547738003,-0.0026381909547738003,0.41666666666666663,0.09908632640201631,0.1660369437447523,0.3612167300380228,0.42211055276381915,0.11133361040792944,0.1683542923297624,0.36363636363636365,0.41666666666666663,0.09908632640201631,0.1660369437447523,0.3612167300380228,22.0,0.0,0.0,34.0,0.0,0.0,42.0,0.0,0.0,9.615231028001802e-05,0.0003170291597984445,0.00028053268036230643,-0.000141735257445319,-0.00018927773293242467,8.23537205478786e-05,-0.40833258628845215
294,0,test,2.791878025027087,1.319799525780271,1.801972722062719,5.222901067227544,2.469012718296425,3.371037405219372,16.311624693824054,11.953340269590122,13.620645061335034,30.514944155113028,22.36169098052574,25.480798584130167,2.813228808455731,1.3148101008591027,1.8051723129118196,4.688714680759552,2.191350168098505,3.0086205215197,16.663635137333447,12.189027327629208,13.923365028126264,27.77272522888908,20.315045546048683,23.205608380210442,2.791878025027087,1.319799525780271,1.801972722062719,5.222901067227544,2.469012718296425,3.371037405219372,16.311624693824054,11.953340269590122,13.620645061335034,30.514944155113028,22.36169098052574,25.480798584130167,0.6783919597989949,-0.0016080402010050232,-0.0016080402010050232,0.48743718592964824,-0.002562814070351749,-0.002562814070351749,0.36180904522613067,-0.0031909547738693256,-0.0031909547738693256,0.3905109489051095,0.09360748806722241,0.15992842463326484,0.34798534798534797,0.3869346733668342,0.08117026233926528,0.14319510742359542,0.3282828282828283,0.3905109489051095,0.09360748806722241,0.15992842463326484,0.34798534798534797,25.0,-2.0,-2.0,38.0,-4.0,-4.0,43.0,-1.0,-1.0,8.30813755383387e-06,0.0006610303562291963,0.00022706100124618176,-0.004886563517612963,-0.0050440092116437185,-0.0047667469668759566,-0.5237927436828613
349,0,test,3.1234297003064837,1.5096625564296888,2.045795774338486,4.986839464693874,2.4103135133905824,3.2662989351654232,22.72418328369722,17.702490203182027,19.786462826337992,36.28122444726658,28.2636349266713,31.59088667159645,3.032153292516967,1.4434114650875807,1.9699232820544434,4.55962901130371,2.170543556522678,2.9622906497059303,20.741847803010153,15.844264757392695,17.849032994015094,31.190748575955116,23.82596204119202,26.84065111881969,3.1234297003064837,1.5096625564296888,2.045795774338486,4.986839464693874,2.4103135133905824,3.2662989351654232,22.72418328369722,17.702490203182027,19.786462826337992,36.28122444726658,28.2636349266713,31.59088667159645,0.7336683417085428,-0.001331658291457205,-0.001331658291457205,0.5226130653266332,-0.002386934673366814,-0.002386934673366814,0.371859296482412,-0.003140703517587995,-0.003140703517587995,0.3821428571428571,0.07911255411255413,0.14105022056328465,0.3870967741935484,0.3668341708542714,0.06858855681918363,0.12309460491103263,0.35858585858585856,0.3821428571428571,0.07911255411255413,0.14105022056328465,0.3870967741935484,21.0,-8.0,-8.0,31.0,-7.0,-7.0,37.0,-5.0,-5.0,-0.00015125775879026957,-0.0002735697919073973,2.3004361577817355e-05,-0.0002526140072118821,0.00017724280649034085,2.6280809047207754e-05,-0.7428402900695801
227,0,test,3.457511371055258,1.64887931717674,2.249868336208974,5.586972016804523,2.664414260868375,3.635548834668807,31.737894309925785,25.63579992599803,28.392304396379185,51.285074249151606,41.42473630426172,45.87895544845379,3.4862745311392014,1.646329817145125,2.257023211879647,5.322556536090383,2.513480636862786,3.4458369647017504,32.66403191672621,26.36784175652851,29.245362830499577,49.86875101790261,40.25624695653208,44.64940890152607,3.457511371055258,1.64887931717674,2.249868336208974,5.586972016804523,2.664414260868375,3.635548834668807,31.737894309925785,25.63579992599803,28.392304396379185,51.285074249151606,41.42473630426172,45.87895544845379,0.7688442211055276,-0.0011557788944723812,-0.0011557788944723812,0.542713567839196,-0.0022864321608039306,-0.0022864321608039306,0.44723618090452266,-0.0027638190954772934,-0.0027638190954772934,0.37860082304526754,0.0808595499446515,0.13509877106168344,0.3553719008264463,0.37688442211055273,0.06861374541882337,0.12479761075829898,0.35858585858585856,0.37860082304526754,0.0808595499446515,0.13509877106168344,0.3553719008264463,24.0,0.0,0.0,33.0,0.0,0.0,40.0,0.0,0.0,0.00036320582710746495,4.188554645915156e-05,-2.38835478398467e-05,3.793101625682027e-06,-7.384872300431056e-05,-9.33731963588258e-05,-0.5546936988830566
409,0,test,2.956891026693521,1.3470218784244041,1.8630176588389937,4.823531730695576,2.197376472066626,3.03911260548037,19.238068044216398,14.235911400063618,16.2522511737503,31.38277021738094,23.22282753529931,26.512052194050767,2.907326908566844,1.292846577138775,1.8004759407854714,4.6517230537069505,2.06855452342204,2.8807615052567543,18.307794691128098,13.28251892420975,15.282976559857566,29.292471505804958,21.252030278735603,24.452762495772106,2.956891026693521,1.3470218784244041,1.8630176588389937,4.823531730695576,2.197376472066626,3.03911260548037,19.238068044216398,14.235911400063618,16.2522511737503,31.38277021738094,23.22282753529931,26.512052194050767,0.6633165829145728,-0.0016834170854271857,-0.0016834170854271857,0.4974874371859297,-0.002512562814070307,-0.002512562814070307,0.3668341708542714,-0.0031658291457286047,-0.0031658291457286047,0.4020618556701031,0.10017506321727287,0.16434756995581734,0.35862068965517246,0.38190954773869346,0.0936889963602473,0.1515255744498788,0.31313131313131315,0.4020618556701031,0.10017506321727287,0.16434756995581734,0.35862068965517246,23.0,-14.0,-14.0,37.0,-20.0,-20.0,43.0,-22.0,-22.0,5.767414654818082e-05,0.00042166511422690945,7.461977649236383e-05,-0.00032884314767755995,0.00013463403094249315,-1.2269317609892028e-05,-0.6497097015380859
206,0,test,3.2432997380675426,1.5123432675183262,2.0678065962964487,5.691467927447559,2.653918508161192,3.6286670593073165,25.61811550307635,19.97206389434711,22.378375301887218,44.955660753785594,35.047750833951056,39.2704392394408,3.379479978551817,1.5338895185800183,2.1153571829707953,5.407167965682907,2.4542232297280298,3.384571492753273,29.355501652928393,23.023664269561614,25.815515570639935,46.968802644685425,36.83786283129858,41.30482491302389,3.2432997380675426,1.5123432675183262,2.0678065962964487,5.691467927447559,2.653918508161192,3.6286670593073165,25.61811550307635,19.97206389434711,22.378375301887218,44.955660753785594,35.047750833951056,39.2704392394408,0.7185929648241206,-0.0014070351758793676,-0.0014070351758793676,0.5477386934673367,-0.002261306532663321,-0.002261306532663321,0.4723618090452262,-0.0026381909547738003,-0.0026381909547738003,0.41697416974169743,0.10758190454832728,0.1813913476558079,0.40740740740740744,0.42713567839195976,0.1238775330285512,0.190073908775933,0.43939393939393945,0.41697416974169743,0.10758190454832728,0.1813913476558079,0.40740740740740744,21.0,-4.0,-4.0,34.0,-6.0,-6.0,43.0,-6.0,-6.0,0.00013913454128806007,0.00010145754956595823,-1.2063493339767136e-05,-0.00019024471046957814,0.00021210453193631906,5.782182176528039e-05,-0.6597778797149658
240,0,test,3.1957616573547427,1.444477335218312,1.982033200199844,5.2970843909578615,2.3942706515262433,3.2852879071805634,24.428772962854854,18.666774775152838,21.062761648409605,40.49152778774572,30.940818462924568,34.91224875969263,3.3152730842331546,1.5184842346056908,2.079419132989151,5.434873908578942,2.4893184173863787,3.4088838245723787,27.529910942758967,21.499658648984287,24.08859496039272,45.13100154550651,35.24534204751523,39.489499935070036,3.1957616573547427,1.444477335218312,1.982033200199844,5.2970843909578615,2.3942706515262433,3.2852879071805634,24.428772962854854,18.666774775152838,21.062761648409605,40.49152778774572,30.940818462924568,34.91224875969263,0.7537688442211055,-0.0012311557788945438,-0.0012311557788945438,0.592964824120603,-0.0020351758793969443,-0.0020351758793969443,0.4522613065326633,-0.0027386934673366836,-0.0027386934673366836,0.4232365145228216,0.11474790168638271,0.1763399627986837,0.4291666666666667,0.4321608040201005,0.10885253334340872,0.18174344174964974,0.4494949494949495,0.4232365145228216,0.11474790168638271,0.1763399627986837,0.4291666666666667,21.0,-7.0,-7.0,33.0,-11.0,-11.0,41.0,-10.0,-10.0,-0.00018856236130188988,8.657272648712e-05,0.00012764872215331694,1.765294534639139e-05,-6.285548396256502e-05,-8.431204445269458e-05,-0.7418365478515625
132,0,test,2.6186351385086204,1.2188367825949276,1.6691870568596645,4.768035078787372,2.2192692862277585,3.0392712306982332,13.71698901285681,9.662606670666886,11.132706060403347,24.97602045693581,17.593763591098664,20.270534156225747,2.5068310553105033,1.114869246520263,1.5446405828875676,4.043275895662102,1.7981762040649403,2.4913557788509157,12.265998136877062,8.24326398473852,9.648574544093295,19.78386796270494,13.295587072158904,15.56221700660209,2.6049517855596385,1.2039482003237372,1.651915646338744,4.6795541057957575,2.162781198186354,2.967513137135468,13.530572918019578,9.471301169511323,10.937000754404204,24.306418415604032,17.014313478164052,19.647306744438687,0.5879396984924623,-0.002060301507537776,-0.002060301507537776,0.4824120603015075,-0.0025879396984924696,-0.0025879396984924696,0.3467336683417085,-0.003266331658291488,-0.003266331658291488,0.3821656050955414,0.10076655899061293,0.1660639101802872,0.3865814696485623,0.3869346733668342,0.09620785632422768,0.1699062927324435,0.38383838383838387,0.3846153846153846,0.10247848979067675,0.17104475057756474,0.38590604026845643,24.0,-10.0,-10.0,34.0,-10.0,-10.0,43.0,-12.0,-12.0,-0.0005539429878097703,6.892814624238748e-05,-0.0001891528297132184,-0.047035904678781826,-0.04689904835855163,-0.045675626353621546,-0.9538047313690186
168,0,test,2.5374964750730076,1.0840478551792054,1.5058487410264152,4.33101492604084,1.8502596899917325,2.570192092013672,12.647966801141074,8.370125044712989,9.84228175032469,21.587629199853353,14.286182013489189,16.798868327779317,2.6848510947059747,1.080371122722297,1.5416901676292052,4.037370067227029,1.6246182296575893,2.318331079141662,14.656018858974813,9.68074720972739,11.519351370038429,22.03912610372152,14.557514601093818,17.32233288727583,2.5670995843849056,1.0990859948952665,1.5313296450949003,4.3024015380752605,1.842043566863575,2.566474265522179,13.027983024148186,8.68737867449633,10.210708493006937,21.834608420360087,14.559852527088822,17.112919262022796,0.5879396984924623,-0.002060301507537776,-0.002060301507537776,0.44723618090452266,-0.0027638190954772934,-0.0027638190954772934,0.35678391959798994,-0.0032160804020100464,-0.0032160804020100464,0.39384615384615385,0.11888455630391115,0.16457286827808837,0.3734567901234568,0.40201005025125625,0.1238145615294517,0.1682871787988356,0.3737373737373737,0.39799331103678925,0.12587311070289942,0.1677374712147648,0.37583892617449666,20.0,-3.0,-3.0,31.0,-3.0,-3.0,41.0,-5.0,-5.0,0.0006106380768926465,0.00015018678337113048,0.00026802221087280053,0.00040436298294821427,2.9341792515680254e-06,-0.0001314242545484845,-0.8699207305908203
260,0,test,2.9057988319366306,1.403391483187479,1.901131716980137,4.6732434822898385,2.257000735847904,3.057490184009292,18.27984034154349,13.787349285771553,15.548842328441056,29.398506116296748,22.173468954436725,25.00638560037943,2.9072916531682615,1.3693145922909706,1.8758125695322914,4.123817947756399,1.942290201831164,2.6607270489819737,18.30714925390674,13.651985627090852,15.501937343127501,25.967587594193958,19.364518619987024,21.98856360727305,2.8913335381542957,1.387536658398661,1.8841866484602856,4.589418314530628,2.2024391403153354,2.9907724578734696,18.017320372507385,13.518582522064769,15.279541695739304,28.598921226202197,21.458067495340902,24.253240786887783,0.6783919597989949,-0.0016080402010050232,-0.0016080402010050232,0.5477386934673367,-0.002261306532663321,-0.002261306532663321,0.39698492462311563,-0.0030150753768843908,-0.0030150753768843908,0.3922829581993569,0.09372758099229428,0.16982306515122858,0.3774193548387097,0.40201005025125625,0.09373937355952688,0.1699566278806386,0.38888888888888884,0.39799331103678925,0.09916192539405133,0.17329920647616637,0.3825503355704698,23.0,-9.0,-9.0,33.0,-10.0,-10.0,43.0,-12.0,-12.0,0.0004909063766734992,-0.00010451712137240171,0.00012020865734974209,-0.006884628466435672,-0.005439437292236171,-0.006669946262590543,-0.7706551551818848
421,0,test,2.9436183989230282,1.402061498592856,1.9096777136789462,5.3049826090480945,2.5267921513102016,3.4416169784983204,18.98441537046921,14.312557141072734,16.172289639495027,34.21367165666978,25.794059023471732,29.145664844804223,2.851810226488353,1.3414835192148553,1.8351968067438262,4.599693913690892,2.1636830955078312,2.959994849586817,17.319104983618306,12.790895031815788,14.555285981440534,27.93404029615856,20.6304758577674,23.476267712000862,2.940416493144721,1.3908330043523907,1.9001700936004835,5.314005710502507,2.513553622323597,3.4340423378321985,18.923726273431686,14.214218062356668,16.093812055405436,34.199505313430755,25.6883458958253,29.085202509768855,0.6080402010050252,-0.001959798994974782,-0.001959798994974782,0.4773869346733668,-0.0026130653266331905,-0.0026130653266331905,0.40201005025125625,-0.002989949748743781,-0.002989949748743781,0.4036697247706422,0.12428041179354299,0.18902069119994025,0.38650306748466257,0.4120603015075377,0.12885228145741234,0.19670136995495002,0.38383838383838387,0.4013377926421404,0.12420924506284159,0.18887950565660094,0.38590604026845643,14.0,1.0,1.0,26.0,1.0,1.0,34.0,0.0,0.0,4.8203466918729415e-05,7.669148917958916e-06,2.303875118101274e-05,-0.021625501356232313,-0.01948224629246731,-0.022344184296732017,-0.9739840030670166
430,0,test,3.2762860498067847,1.5427924990383464,2.109609785725102,5.3745816097954,2.5308730883100967,3.460708187818707,26.477254662504127,20.816860381359817,23.26595329930654,43.43459753624273,34.14900691773633,38.166620019087134,3.1764201926226594,1.5093347646357114,2.0548989360197942,4.81275786761009,2.2868708555086537,3.113483236393628,23.960824702427633,18.664117060025397,20.891304521266076,36.30427985216308,28.278965242462718,31.65349169888799,3.2762860498067847,1.5427924990383464,2.109609785725102,5.3745816097954,2.5308730883100967,3.460708187818707,26.477254662504127,20.816860381359817,23.26595329930654,43.43459753624273,34.14900691773633,38.166620019087134,0.6683417085427136,-0.0016582914572863539,-0.0016582914572863539,0.5728643216080402,-0.0021356783919597166,-0.0021356783919597166,0.42211055276381915,-0.0028894472361808976,-0.0028894472361808976,0.41237113402061853,0.095046948771905,0.18265684830633278,0.4,0.40703517587939697,0.09876449918766761,0.1849984479995973,0.38383838383838387,0.41237113402061853,0.095046948771905,0.18265684830633278,0.4,27.0,-1.0,-1.0,35.0,-1.0,-1.0,47.0,-1.0,-1.0,-0.0002063949798499807,-0.00026101336176298083,0.0002015526209213648,-0.00773148349672681,-0.005402501417075989,-0.006646188057006341,-0.7999300956726074
140,0,test,2.8040784776695378,1.281991531145357,1.7611245458675098,4.743886191673806,2.168848686252761,2.979436731707362,16.511852851827474,11.930075703465594,13.674266167731512,27.934435989050588,20.183073279150694,23.133861256367695,2.8727161986144942,1.297631014882899,1.7916048299830134,4.596345917783191,2.0762096238126384,2.866567727972822,17.684988963803878,12.853835827569121,14.737034969035562,28.295982342086205,20.566137324110592,23.579255950456897,2.8040784776695378,1.281991531145357,1.7611245458675098,4.743886191673806,2.168848686252761,2.979436731707362,16.511852851827474,11.930075703465594,13.674266167731512,27.934435989050588,20.183073279150694,23.133861256367695,0.6934673366834171,-0.0015326633165829717,-0.0015326633165829717,0.5326633165829145,-0.0023366834170853723,-0.0023366834170853723,0.40201005025125625,-0.002989949748743781,-0.002989949748743781,0.41056910569105687,0.09413908540708116,0.16327180839375954,0.42448979591836733,0.42713567839195976,0.10132114205110765,0.17170996887610002,0.4444444444444444,0.41056910569105687,0.09413908540708116,0.16327180839375954,0.42448979591836733,23.0,-6.0,-6.0,36.0,-9.0,-9.0,41.0,-5.0,-5.0,-1.2239783841619429e-05,6.213477887991873e-05,0.0001429015483266201,-1.699666395538202e-05,-9.033858156382024e-05,-0.00010696492421935488,-0.8989410400390625
254,0,test,2.7535381294503996,1.3283847779423539,1.798147671343405,4.522650710029931,2.1818547907136074,2.953434258113261,15.698075566363094,11.539580060944644,13.098390113327826,25.783885774803633,18.95361077367592,21.513936092875237,2.9246752046460482,1.4219636396713708,1.919220255021896,4.238659716878331,2.0608168690889435,2.781478630466516,18.6281747226282,14.134316770278549,15.895024286848464,26.99735467047565,20.48451705837471,23.036267082389077,2.823140540649261,1.3611025912384387,1.8430921781644978,4.481175461348033,2.160480303553077,2.925543139943647,16.82962187532316,12.514878071379762,14.1650367705533,26.71368551638597,19.864885827586928,22.484185350084605,0.6934673366834171,-0.0015326633165829717,-0.0015326633165829717,0.5025125628140703,-0.0024874371859296973,-0.0024874371859296973,0.37688442211055273,-0.003115577889447274,-0.003115577889447274,0.38607594936708856,0.10013598096266518,0.1671285809460359,0.346031746031746,0.3919597989949749,0.09371418495988715,0.15489802937894814,0.3484848484848485,0.38795986622073575,0.10248407323242192,0.1643781087123931,0.3523489932885906,22.0,0.0,0.0,32.0,0.0,0.0,40.0,0.0,0.0,0.0006249883270071876,0.00031695376354937935,0.00016712604566083956,-0.012935163100025626,-0.01653496990507719,-0.015597988746232083,-1.007988452911377
114,0,test,2.6148841138543752,1.2047829693230727,1.662865825967108,4.583923356214598,2.1119990606808083,2.9150238274483646,13.665632628635402,9.569262920122684,11.074698992863283,23.956018644174108,16.775033191299404,19.41408076459768,2.84780291456673,1.29852338133347,1.8012073216380808,5.131176422642756,2.339681768168414,3.245418597546091,17.249840802026096,12.541763854621028,14.401901750342764,31.080794237884856,22.597772711028878,25.949372523140113,2.6148841138543752,1.2047829693230727,1.662865825967108,4.583923356214598,2.1119990606808083,2.9150238274483646,13.665632628635402,9.569262920122684,11.074698992863283,23.956018644174108,16.775033191299404,19.41408076459768,0.6281407035175879,-0.0018592964824121205,-0.0018592964824121205,0.507537688442211,-0.0024623115577889765,-0.0024623115577889765,0.3467336683417085,-0.003266331658291488,-0.003266331658291488,0.35862068965517246,0.07290640394088677,0.14073078139829176,0.31141868512110726,0.3517587939698492,0.04098185161395951,0.12638316792644355,0.33333333333333337,0.35862068965517246,0.07290640394088677,0.14073078139829176,0.31141868512110726,19.0,0.0,0.0,26.0,0.0,0.0,35.0,0.0,0.0,0.000891581790470461,0.0004152919821937836,0.0001594808161764205,-0.00498164656115474,-0.004094229785995829,-0.004188521293814418,-0.9701857566833496
399,0,test,3.3919980370480083,1.5442813354764855,2.122083574296788,5.253460374452404,2.3917528000672403,3.2866416333620982,29.725285197023467,23.37997047464754,26.164737207173108,46.03794170758513,36.21044207658826,40.52343445501201,3.5505483036664263,1.5693944384593181,2.1727677664910106,5.145722179226705,2.2744846934193013,3.148938792015957,34.83241099126162,27.5813060335992,30.866321727186484,50.48175505979945,39.97290729507131,44.73379960461809,3.3919980370480083,1.5442813354764855,2.122083574296788,5.253460374452404,2.3917528000672403,3.2866416333620982,29.725285197023467,23.37997047464754,26.164737207173108,46.03794170758513,36.21044207658826,40.52343445501201,0.7437185929648241,-0.0012814070351758744,-0.0012814070351758744,0.5829145728643217,-0.002085427135678275,-0.002085427135678275,0.48743718592964824,-0.002562814070351749,-0.002562814070351749,0.42292490118577075,0.09748111420352223,0.16536905361678256,0.42460317460317465,0.4371859296482412,0.1213964559640307,0.17675187288697247,0.4545454545454546,0.42292490118577075,0.09748111420352223,0.16536905361678256,0.42460317460317465,27.0,-15.0,-15.0,36.0,-14.0,-14.0,48.0,-19.0,-19.0,0.00018467862217180176,0.0002408007797488657,6.815046722120697e-05,-6.550611697964115e-05,-0.000128814918206821,0.00012090384720320202,-0.748821496963501
360,0,test,3.32062164712899,1.573409847378533,2.136142415248784,5.27504467372491,2.4994739289784693,3.393414808223782,27.67755088174017,21.938970842811273,24.408566886273437,43.96776654356439,34.851622253151625,38.774751967908664,3.6627447539238474,1.7286220143447015,2.3543042837855905,5.466783214811712,2.5800328572308975,3.5138869907247616,38.96815421303234,32.05018168391188,35.26775588478672,58.16142419855573,47.836092065540115,52.63844161908466,3.32062164712899,1.573409847378533,2.136142415248784,5.27504467372491,2.4994739289784693,3.393414808223782,27.67755088174017,21.938970842811273,24.408566886273437,43.96776654356439,34.851622253151625,38.774751967908664,0.8040201005025126,-0.0009798994974873354,-0.0009798994974873354,0.6381909547738693,-0.0018090452261306789,-0.0018090452261306789,0.4824120603015075,-0.0025879396984924696,-0.0025879396984924696,0.40794223826714804,0.07821250853741835,0.16304427908347452,0.39855072463768115,0.4321608040201005,0.09381493935844631,0.17339619634063475,0.4444444444444444,0.40794223826714804,0.07821250853741835,0.16304427908347452,0.39855072463768115,15.0,0.0,0.0,27.0,0.0,0.0,35.0,0.0,0.0,0.0006783120457410328,0.00020935913821202543,0.00014284386919012355,-0.00023182424163081805,0.0001888633816387042,3.6794479953528025e-05,-0.7147133350372314
487,0,test,2.6882316775910264,1.2217946722512292,1.6824566268139454,5.290850881373422,2.404678686150509,3.311331832391778,14.705648586931474,10.371882173590638,11.97162312650539,28.942964416317363,20.413449628277114,23.561984370001056,2.586107590689731,1.0518048325947713,1.49071490319787,4.497578418590837,1.8292257958169942,2.5925476577354267,13.277987523900974,8.639896992682033,10.287630795355618,23.092152215479956,15.025907813360059,17.89153181800977,2.689533395113355,1.2292679823608181,1.688503575100786,5.308289595618463,2.426186807291088,3.3325728455936563,14.724803651911346,10.417701115317637,12.00372104052192,29.062112470877654,20.56125220128481,23.691554685240632,0.6080402010050252,-0.001959798994974782,-0.001959798994974782,0.4773869346733668,-0.0026130653266331905,-0.0026130653266331905,0.35678391959798994,0.001783919597989958,-0.0032160804020100464,0.4253246753246753,0.1287282409648698,0.20286247230091725,0.42345276872964166,0.40703517587939697,0.12382715582927162,0.1833289989177943,0.40909090909090906,0.41137123745819393,0.112539851815456,0.18334009174073007,0.412751677852349,19.0,-10.0,-10.0,28.0,-19.0,-19.0,39.0,-29.0,-27.0,4.300802108891471e-05,-1.4864304073773356e-05,9.535442277298856e-05,-0.007424173437497572,-0.008418122160358976,-0.00907410238957862,-0.7075169086456299
173,0,test,3.054225781046111,1.4149342752407197,1.9357370864964105,4.778385496152787,2.2136874951346748,3.028491893389546,21.204762041360382,16.053243643248035,18.1445362705606,33.17519222599931,25.11555860314612,28.38741964910288,3.2360061844389643,1.480714049365238,2.0231708876743673,4.6561240063869995,2.130523812036314,2.9110372484523275,25.4319481398932,19.6468106031918,22.06894187123362,36.59273113653698,28.26879223480835,31.753873196019597,3.054225781046111,1.4149342752407197,1.9357370864964105,4.778385496152787,2.2136874951346748,3.028491893389546,21.204762041360382,16.053243643248035,18.1445362705606,33.17519222599931,25.11555860314612,28.38741964910288,0.6984924623115578,-0.0015075376884421399,-0.0015075376884421399,0.5376884422110553,-0.0023115577889447625,-0.0023115577889447625,0.4321608040201005,-0.002839195979899567,-0.002839195979899567,0.42068965517241375,0.13497536945812805,0.1901850680164504,0.4117647058823529,0.4120603015075377,0.12383975012909154,0.17165963372790494,0.41414141414141414,0.42068965517241375,0.13497536945812805,0.1901850680164504,0.4117647058823529,28.0,-10.0,-10.0,38.0,-10.0,-10.0,44.0,-8.0,-8.0,0.00108348575889975,-3.8101550090865735e-05,5.130852259434251e-05,-0.004997442267380414,-0.0033578212226306192,-0.004196965246407558,-0.8102948665618896
271,0,test,4.0368924510434985,1.9473390068955085,2.641030166715127,6.238833787976316,3.0095239197476045,4.08159207583247,56.650026261217306,48.568720657096776,52.611570892743565,87.55004058551765,75.06075010642229,81.3087913796946,4.355332216425757,2.0676476931452155,2.8256917816510354,6.221903166322511,2.9537824187788795,4.036702545215766,77.8926982726957,68.04059932834363,73.27618168768572,111.27528324670814,97.20085618334807,104.68025955383675,4.0368924510434985,1.9473390068955085,2.641030166715127,6.238833787976316,3.0095239197476045,4.08159207583247,56.650026261217306,48.568720657096776,52.611570892743565,87.55004058551765,75.06075010642229,81.3087913796946,0.8090452261306533,-0.0009547738693467256,-0.0009547738693467256,0.7135678391959799,-0.0014321608040201994,-0.0014321608040201994,0.5829145728643217,-0.002085427135678275,-0.002085427135678275,0.4464944649446494,0.1162361623616236,0.18450184501845013,0.38888888888888884,0.4623115577889447,0.12311557788944727,0.19765494137353434,0.4191919191919192,0.4464944649446494,0.1162361623616236,0.18450184501845013,0.38888888888888884,18.0,0.0,0.0,32.0,0.0,0.0,40.0,0.0,0.0,0.0006947431265273853,0.0006217574849500904,0.00013242592075599882,-0.00019024471046957814,0.00021210453193631906,5.782182176528039e-05,-0.5141072273254395
321,0,test,3.623433325971876,1.6897032449235339,2.306202840926375,5.522461635366775,2.5752706082268317,3.5148754141829692,37.46598017798136,30.550723516551116,33.732911919030265,57.101764970055925,46.56224728727369,51.41220912960637,3.719610936078594,1.7107389203454249,2.342004357098847,5.313729908683706,2.4439127433506074,3.3457205101412106,41.2483427443303,33.793439155371615,37.282943353981075,58.92620392047186,48.27634165053089,53.261347648544394,3.623433325971876,1.6897032449235339,2.306202840926375,5.522461635366775,2.5752706082268317,3.5148754141829692,37.46598017798136,30.550723516551116,33.732911919030265,57.101764970055925,46.56224728727369,51.41220912960637,0.7738693467336684,-0.0011306532663316604,-0.0011306532663316604,0.6432160804020101,-0.001783919597989958,-0.001783919597989958,0.542713567839196,-0.0022864321608039306,-0.0022864321608039306,0.4484126984126984,0.11771962910576772,0.19511454537839756,0.45019920318725104,0.44221105527638194,0.10386519061472776,0.1867853457605222,0.46464646464646464,0.4484126984126984,0.11771962910576772,0.19511454537839756,0.45019920318725104,22.0,-7.0,-7.0,37.0,-11.0,-11.0,42.0,-7.0,-7.0,0.00027667080667050076,5.219892096310599e-05,3.887889730785239e-05,-5.857619511928647e-05,-0.00012331829868550415,0.00012440840417138332,-0.7075302600860596
359,0,test,3.137934181213379,1.4859306702299746,2.0330590200791967,5.74906189404787,2.7223985272096614,3.724801562334879,23.05618772170665,17.838765195714927,20.03734014593248,42.241628599623134,32.68270119798866,36.71074727466461,3.2244180554720625,1.5151706282941553,2.08092762436631,5.3296166206149795,2.504414261643232,3.4395497923410088,25.138940429401806,19.614138332605464,22.001239225592983,41.551967651903816,32.42006335967846,36.36568467040163,3.137934181213379,1.4859306702299746,2.0330590200791967,5.74906189404787,2.7223985272096614,3.724801562334879,23.05618772170665,17.838765195714927,20.03734014593248,42.241628599623134,32.68270119798866,36.71074727466461,0.728643216080402,-0.001356783919598037,-0.001356783919598037,0.5527638190954773,-0.0022361809045226,-0.0022361809045226,0.4371859296482412,-0.002814070351758735,-0.002814070351758735,0.404,0.0906267465069861,0.1672978723404256,0.40963855421686746,0.42211055276381915,0.10632107907960864,0.18337933406598939,0.43434343434343436,0.404,0.0906267465069861,0.1672978723404256,0.40963855421686746,23.0,0.0,0.0,36.0,0.0,0.0,48.0,0.0,0.0,0.0002852069323358119,1.5316793264183105e-05,-3.138845195119606e-05,-4.4716351397688925e-05,-0.00011232505964553496,0.0001314175181095223,-0.4874255657196045
122,0,test,2.6343452965511993,1.2357297180034008,1.6853249007777018,4.829633043677199,2.265504483006235,3.089762318092453,13.934186716060543,9.884596970691398,11.351008788605395,25.54600897944433,18.12176111293423,20.810182779109894,2.9790384416005122,1.376876827679636,1.8942881743790583,4.72863244698494,2.18551877409466,3.006806625998505,19.668894758007546,14.70514420972384,16.710193916119717,31.22046786985325,23.341498745593398,26.524117327174153,2.7655059800897552,1.3075428107721436,1.7807623348428696,4.823556942017015,2.2805979257653664,3.1059808165864005,15.88707650167933,11.589878557857404,13.209950999080418,27.71001715409185,20.21490446137919,23.040612207698402,0.6783919597989949,-0.0016080402010050232,-0.0016080402010050232,0.5226130653266332,-0.002386934673366814,-0.002386934673366814,0.42713567839195976,-0.002864321608040288,-0.002864321608040288,0.3852941176470588,0.10188736287466527,0.16024519396799808,0.36283185840707965,0.42713567839195976,0.12137126736439086,0.1917433578577361,0.4292929292929293,0.39799331103678925,0.11084806896667243,0.17107451237160576,0.38590604026845643,23.0,-9.0,-9.0,30.0,-5.0,-5.0,44.0,-13.0,-13.0,0.00014330966875242976,0.0004614460293180034,0.0002777405297501599,0.00034512908460637703,-5.516869649557776e-05,0.0001678595039624753,-0.739220142364502
336,0,test,3.258658824585102,1.5363645332104583,2.094793601571981,5.288003242290794,2.493142446107989,3.399335724706627,26.014623561584926,20.417267852730173,22.812336622508646,42.215347216703684,33.132213102334596,37.01882170478948,3.24851083695589,1.4897357335948032,2.044037167932424,4.997708979932138,2.2919011286073894,3.144672566049883,25.751962478317363,19.94664036031437,22.416959177813375,39.61840381279594,30.687139015868254,34.48762950432826,3.258658824585102,1.5363645332104583,2.094793601571981,5.288003242290794,2.493142446107989,3.399335724706627,26.014623561584926,20.417267852730173,22.812336622508646,42.215347216703684,33.132213102334596,37.01882170478948,0.6683417085427136,-0.0016582914572863539,-0.0016582914572863539,0.5577889447236181,-0.00221105527638199,-0.00221105527638199,0.44221105527638194,-0.0027889447236180143,-0.0027889447236180143,0.43333333333333335,0.11910043130006165,0.19934318555008212,0.45353159851301117,0.42211055276381915,0.10882734474376898,0.1867182322295955,0.4494949494949495,0.43333333333333335,0.11910043130006165,0.19934318555008212,0.45353159851301117,19.0,0.0,0.0,28.0,0.0,0.0,38.0,0.0,0.0,-1.8095403851816936e-05,-0.00012747308795419817,-8.732947449120624e-05,-0.0001833147886074471,0.00021597805698636563,6.13263787334617e-05,-0.41831016540527344
293,0,test,2.8821038080258967,1.3281869834154418,1.8144657652721201,5.247416588405771,2.4182163008391493,3.303579048495446,17.851790441223386,13.121830068493107,14.943288817159877,32.5025701826412,23.89078026263573,27.207091363656602,2.8676438457402753,1.2628331086108344,1.7486194941776734,4.625232009258508,2.0368275945336034,2.820354022867215,17.59551158147663,12.618594013585676,14.53364614017036,28.379857389478435,20.352570989654318,23.44136474221026,2.8821038080258967,1.3281869834154418,1.8144657652721201,5.247416588405771,2.4182163008391493,3.303579048495446,17.851790441223386,13.121830068493107,14.943288817159877,32.5025701826412,23.89078026263573,27.207091363656602,0.6482412060301508,-0.0017587939698492372,-0.0017587939698492372,0.5175879396984925,-0.002412060301507535,-0.002412060301507535,0.40703517587939697,-0.00296482412060306,-0.00296482412060306,0.42205323193916355,0.11655038563935327,0.1894362913576212,0.4122137404580153,0.4321608040201005,0.12389012732837112,0.19843793256767983,0.41414141414141414,0.42205323193916355,0.11655038563935327,0.1894362913576212,0.4122137404580153,23.0,-10.0,-10.0,38.0,-16.0,-16.0,46.0,-15.0,-15.0,-0.0002863485429272647,0.0002516361207071273,9.320594816734326e-05,-0.00013480533558407615,-0.00018378111340844328,8.585827751517172e-05,-0.7801985740661621
242,0,test,3.288336921278327,1.5674104993687175,2.1264386782488423,5.281784692208712,2.517602356498976,3.415523265581042,26.79825896136361,21.20855447034132,23.60226466581756,43.04383563742342,34.06555381246533,37.91037329742717,3.2654694157030115,1.4979531220817093,2.0611975932815128,4.837732467708165,2.2191898104914207,3.053626064120759,26.19240323088817,20.336113252377622,22.85807302153507,38.80356034205655,30.12757518870759,33.86381188375566,3.325305678373994,1.5839785852527886,2.150504073475055,5.363396255441926,2.5548041697625625,3.4685549572178314,27.80749749426481,22.102588147094675,24.569996918400005,44.85080241010453,35.649335721120444,39.62902728774194,0.728643216080402,-0.001356783919598037,-0.001356783919598037,0.5477386934673367,-0.002261306532663321,-0.002261306532663321,0.4120603015075377,-0.0029396984924623393,-0.0029396984924623393,0.40129449838187703,0.07496170355150544,0.15371645747767892,0.4058441558441559,0.40201005025125625,0.08371431090288528,0.1482537898171995,0.4040404040404041,0.4046822742474916,0.07413135605049659,0.15106714632758056,0.412751677852349,21.0,-5.0,-5.0,31.0,-4.0,-4.0,39.0,-4.0,-4.0,-0.00023492862632345967,0.0001017950884623628,7.226786114272572e-05,0.0004675458078473582,6.49105800478722e-05,-7.53513430460373e-05,-0.7497613430023193
454,0,test,3.484170143559294,1.6764521802077013,2.27519943993532,5.828863259036303,2.804630691416657,3.8063084969987115,32.59536640841251,26.49884734259456,29.24533170964636,54.53061298514294,44.33140498823995,48.926152419911524,3.3678004873457867,1.5778995435968537,2.167088366554079,5.431936269912559,2.544999263865893,3.4953038170227084,29.014638756887585,23.02577955382803,25.692156667817347,46.79780444659288,37.13835411907746,41.43896236744733,3.484170143559294,1.6764521802077013,2.27519943993532,5.828863259036303,2.804630691416657,3.8063084969987115,32.59536640841251,26.49884734259456,29.24533170964636,54.53061298514294,44.33140498823995,48.926152419911524,0.6984924623115578,-0.0015075376884421399,-0.0015075376884421399,0.5728643216080402,-0.0021356783919597166,-0.0021356783919597166,0.4623115577889447,-0.002688442211055242,-0.002688442211055242,0.4339622641509434,0.125111040045482,0.19682299187992713,0.446969696969697,0.4170854271356784,0.11132101610810952,0.17835420843784866,0.41414141414141414,0.4339622641509434,0.125111040045482,0.19682299187992713,0.446969696969697,23.0,-7.0,-7.0,35.0,-8.0,-8.0,44.0,-9.0,-9.0,-0.0003263783312704433,-0.0004005588962829788,-4.270788158651316e-05,-0.0001486651793047855,0.00023534568223659846,7.884916357880911e-05,-0.5029153823852539
371,0,test,2.9712747953076293,1.4143331004564663,1.9304000876088072,4.473060425544637,2.1291862436219624,2.9060914362371713,19.51678364859037,14.772494098463557,16.685090813682926,29.38124494923659,22.239026441708724,25.118316061903098,3.1674024315934686,1.4869966690333818,2.0424803749654785,4.28027355620739,2.0094549581532184,2.760108614818214,23.74572303657917,18.377989481969017,20.66574626079269,32.08881491429618,24.835120921579755,27.92668413620634,2.9712747953076293,1.4143331004564663,1.9304000876088072,4.473060425544637,2.1291862436219624,2.9060914362371713,19.51678364859037,14.772494098463557,16.685090813682926,29.38124494923659,22.239026441708724,25.118316061903098,0.6884422110552764,-0.0015577889447235815,-0.0015577889447235815,0.5678391959798995,-0.0021608040201005485,-0.0021608040201005485,0.4321608040201005,-0.002839195979899567,-0.002839195979899567,0.42028985507246375,0.10202584060591768,0.1865549153134276,0.40727272727272723,0.4170854271356784,0.10881475044394906,0.18336255568325777,0.4242424242424242,0.42028985507246375,0.10202584060591768,0.1865549153134276,0.40727272727272723,18.0,0.0,0.0,28.0,1.0,1.0,39.0,0.0,0.0,0.0005981892984163544,7.094891356958543e-05,-0.000127130598563046,-0.009568054549784044,-0.008288811463396328,-0.008957103688436163,-0.6624500751495361
108,0,test,2.914993818342333,1.3501188794591925,1.8425206478572493,4.596199555432795,2.1287920936589133,2.90518371917957,18.448698358856777,13.666621512230932,15.526099704928086,29.088877877453246,21.54876601230831,24.48068744172382,3.1929266944003465,1.4333323964535025,1.9670668863939962,4.8013935254140545,2.155387062336094,2.9579953178857084,24.359616370989507,18.549536616089735,20.952522100286444,36.631002061638355,27.894040024195093,31.507552030505934,2.7983087030142846,1.2644467192166986,1.7386771873511715,4.489265298953398,2.028524148475987,2.789321690937708,16.41685749616464,11.780810865558232,13.53154989346399,26.33720453930156,18.89969657576187,21.708368813043837,0.6783919597989949,-0.0016080402010050232,-0.0016080402010050232,0.542713567839196,-0.0022864321608039306,-0.0022864321608039306,0.39698492462311563,-0.0030150753768843908,-0.0030150753768843908,0.3727810650887574,0.07588298532509419,0.14148185249033218,0.3827893175074184,0.37688442211055273,0.07362627674714417,0.14149210157632908,0.41414141414141414,0.3745819397993311,0.08242835048380515,0.14877548818642783,0.36241610738255037,22.0,-8.0,-8.0,32.0,-11.0,-11.0,38.0,-10.0,-10.0,0.0004671034260086005,-0.00015207216672437156,0.00017735332530278245,-0.008532358469941492,-0.010527578870179966,-0.012383358606119721,-1.0009219646453857
236,0,test,3.4325420452461084,1.646059850974742,2.23807011365595,5.3149038119939735,2.548737833767342,3.465398885660825,30.955232419522464,24.986812667146154,27.65341869299169,47.93068245603478,38.689258323323074,42.818196685922615,3.465692326651147,1.6555541366493747,2.249562141245269,5.251048979774464,2.5084153585596582,3.4084274867352553,31.998605593627097,25.887313700308304,28.624500318858942,48.48273574791984,39.2232025762247,43.37045502857415,3.4325420452461084,1.646059850974742,2.23807011365595,5.3149038119939735,2.548737833767342,3.465398885660825,30.955232419522464,24.986812667146154,27.65341869299169,47.93068245603478,38.689258323323074,42.818196685922615,0.778894472361809,-0.0011055276381910506,-0.0011055276381910506,0.6281407035175879,-0.0018592964824121205,-0.0018592964824121205,0.5025125628140703,-0.0024874371859296973,-0.0024874371859296973,0.42677824267782427,0.10318742848158213,0.17921217870007744,0.365546218487395,0.42713567839195976,0.09630861072278685,0.17004051979429702,0.3535353535353535,0.42677824267782427,0.10318742848158213,0.17921217870007744,0.365546218487395,25.0,-2.0,-2.0,38.0,-4.0,-4.0,47.0,-4.0,-4.0,0.00049455803253037,0.00015793422856663034,1.972983525489012e-05,3.151278906887711e-05,-5.1862244922595835e-05,-7.525089254567519e-05,-0.48690366744995117
40,0,test,2.69234061942381,1.2868211255880249,1.7497950927223391,5.19841868027113,2.484616890286312,3.3785351790299254,14.76619755248793,10.688553050166458,12.199691332097329,28.510834268011283,20.637646455352844,23.555378861345154,2.806604797516636,1.3185034008723113,1.809609103464438,5.10291781366661,2.3972789106769294,3.290198369935341,16.553619809532435,12.124940582842008,13.843492276206458,30.097490562786245,22.0453465142582,25.169985956739016,2.6507524399454376,1.273084356932836,1.7271158097513646,5.033074253060958,2.417248778986398,3.2793338159836036,14.164692717213804,10.199049431309987,11.646260353165497,26.894986171924945,19.36528373033542,22.113152569301576,0.6683417085427136,-0.0016582914572863539,-0.0016582914572863539,0.5276381909547738,-0.002361809045226204,-0.002361809045226204,0.42211055276381915,-0.0028894472361808976,-0.0028894472361808976,0.4183006535947712,0.1295567710499098,0.19330065359477122,0.38032786885245906,0.4321608040201005,0.13642145564917318,0.19843793256767983,0.4040404040404041,0.41137123745819393,0.1242259953880771,0.19112652110669226,0.37248322147651003,23.0,0.0,0.0,33.0,0.0,0.0,45.0,0.0,0.0,0.0013098253529771945,0.0002835070267132135,1.0833185351293675e-05,-0.010014328494833968,-0.007788498862894677,-0.00949903456762069,-0.5418858528137207
189,0,test,3.226427377997965,1.501529342984742,2.0556519821507364,5.4164871739723415,2.5207492606471127,3.4510036306409333,25.189503450380613,19.577554672144732,21.965011523296635,42.28783306518442,32.86656147990358,36.874595102746476,3.176298624307067,1.4718224960611133,2.0290534976130736,4.740744215383682,2.1967499941210646,3.028438056138916,23.95791200237796,18.459407600952854,20.808407540748544,35.75807761548949,27.55135462828784,31.057324687684392,3.226427377997965,1.501529342984742,2.0556519821507364,5.4164871739723415,2.5207492606471127,3.4510036306409333,25.189503450380613,19.577554672144732,21.965011523296635,42.28783306518442,32.86656147990358,36.874595102746476,0.7437185929648241,-0.0012814070351758744,-0.0012814070351758744,0.592964824120603,-0.0020351758793969443,-0.0020351758793969443,0.42211055276381915,-0.0028894472361808976,-0.0028894472361808976,0.41666666666666663,0.09659433393610606,0.16847389558232928,0.3927272727272727,0.40703517587939697,0.08122063953854486,0.15661781360894622,0.3737373737373737,0.41666666666666663,0.09659433393610606,0.16847389558232928,0.3927272727272727,24.0,-7.0,-7.0,37.0,-11.0,-11.0,45.0,-8.0,-8.0,0.0001363665970053695,0.0003508582926034331,0.00010023267616184101,-0.00022489431977135155,0.00019273690668875076,4.029903692170933e-05,-1.219853162765503
67,0,test,3.12694786832095,1.5231724226870995,2.0552532994144386,4.962330312770204,2.4172084099164843,3.2615976273316094,22.80427157791055,17.832503904171098,19.88394757826772,36.18938750407544,28.299408369662828,31.554960287250946,3.196530423571716,1.5269533899742909,2.0815173328553365,4.700780034664288,2.2455196911386635,3.061054901257848,24.447560198801686,19.13763879501561,21.39795209832559,35.95229441000247,28.143586463258245,31.467576615184687,3.12694786832095,1.5231724226870995,2.0552532994144386,4.962330312770204,2.4172084099164843,3.2615976273316094,22.80427157791055,17.832503904171098,19.88394757826772,36.18938750407544,28.299408369662828,31.554960287250946,0.6934673366834171,-0.0015326633165829717,-0.0015326633165829717,0.5175879396984925,-0.002412060301507535,-0.002412060301507535,0.4371859296482412,-0.002814070351758735,-0.002814070351758735,0.415807560137457,0.12078183114946384,0.1883789887088856,0.38620689655172413,0.42211055276381915,0.1288774700570522,0.1900571303932015,0.38888888888888884,0.415807560137457,0.12078183114946384,0.1883789887088856,0.38620689655172413,14.0,0.0,0.0,23.0,0.0,0.0,33.0,0.0,0.0,0.0006970215829216196,0.0002199528008583608,0.00016587887649212725,-0.00032884314767755995,0.00013463403094249315,-1.2269317609892028e-05,-0.6035373210906982
1,0,test,2.7243251754091933,1.2383442803210074,1.5735811187541449,5.311058170242164,2.414145920221762,3.067688443631818,15.246121996588172,10.826823841286156,12.085578338009299,29.722237831732496,21.10683839765887,23.56077393167469,2.727352106990527,1.2073935296312963,1.6682251931444902,4.22845287905508,1.8719279529167383,2.586395648286031,15.292340880162357,10.720305074739436,12.408488841649804,23.70905562815869,16.620628022851836,19.237967196356283,2.6378515520223407,1.1925235552127267,1.6405541940929114,4.79609373094971,2.168224645841321,2.9828258074416567,13.983129286907088,9.739885601918733,11.27218408267693,25.42387143074016,17.708882912579515,20.49488015032169,0.6331658291457287,-0.0018341708542712887,-0.0018341708542712887,0.48743718592964824,-0.002562814070351749,-0.002562814070351749,0.3668341708542714,-0.0031658291457286047,-0.0031658291457286047,0.3974025974025974,0.11465292165681273,0.15888842340455245,0.3984375,0.39698492462311563,0.09623304492386753,0.16660095133430097,0.4040404040404041,0.4013377926421404,0.1192008978174326,0.18331777039519936,0.3926174496644296,16.0,-1.0,-1.0,31.0,0.0,0.0,40.0,-3.0,-3.0,0.00010745833970966876,-7.925211888318108e-05,6.232023149013435e-05,-0.009476671728819497,-0.010705219989979753,-0.01009936794942945,-0.6928346157073975
304,0,test,3.5686852408863823,1.7331938727432001,2.342985790060473,5.210718327183797,2.5306757160299487,3.4210467364073165,35.46992807049015,29.201714681263407,32.06338010801444,51.79044712132917,42.6380864671208,46.81646911476955,3.3578344613463433,1.606495156630276,2.1876584486591697,4.937991854921092,2.362492877397464,3.217144777439955,28.72691422917015,22.964599223234252,25.504354429146943,42.245462101720804,33.77146944593272,37.50640357227491,3.5686852408863823,1.7331938727432001,2.342985790060473,5.210718327183797,2.5306757160299487,3.4210467364073165,35.46992807049015,29.201714681263407,32.06338010801444,51.79044712132917,42.6380864671208,46.81646911476955,0.7688442211055276,-0.0011557788944723812,-0.0011557788944723812,0.6080402010050252,-0.001959798994974782,-0.001959798994974782,0.4623115577889447,-0.002688442211055242,-0.002688442211055242,0.4092827004219409,0.07875638463246726,0.15823080701380632,0.4067796610169492,0.4120603015075377,0.08624576516668558,0.15830404107348095,0.3737373737373737,0.4092827004219409,0.07875638463246726,0.15823080701380632,0.4067796610169492,25.0,0.0,0.0,35.0,0.0,0.0,45.0,0.0,0.0,3.6906942181411884e-05,-0.00011115884147825602,-0.00027175506136687766,4.537263278781012e-05,-4.0869005880850295e-05,-6.618974063954397e-05,-0.1599564552307129
448,0,test,2.601291282797308,1.1690338049444613,1.6088225079192369,4.729620514176923,2.125516008989929,2.92513183258043,13.481134757940989,9.292991589364902,10.783248025447739,24.511154105347252,16.896348344299824,19.60590550081407,2.6489621898037705,1.1557683706932156,1.600028164166674,4.45203729378785,1.9424678499045642,2.689122964986007,14.139357059419341,9.68806760558698,11.284750501186497,23.763625309948473,16.282466564011735,18.96596722888487,2.5874209132880273,1.1469147744227681,1.5810678371923188,4.762124380284713,2.1108860878946656,2.90994080464844,13.295437261034932,9.072604645134092,10.559831007845844,24.47012992828515,16.698045359142498,19.435271793581308,0.6331658291457287,-0.0018341708542712887,-0.0018341708542712887,0.49246231155778897,-0.002537688442211028,-0.002537688442211028,0.37688442211055273,-0.003115577889447274,-0.003115577889447274,0.4106583072100314,0.11644860454962447,0.18750919354996887,0.4056603773584906,0.40703517587939697,0.09876449918766761,0.1699734062633702,0.4040404040404041,0.4046822742474916,0.11252868493196566,0.1822128637914293,0.3993288590604027,25.0,-11.0,-11.0,34.0,-11.0,-11.0,41.0,-11.0,-11.0,0.00048598405821779003,0.00012033055191083448,0.00017520904524421672,-0.015343535168739209,-0.016757925595464407,-0.01843134302891869,-0.7311654090881348
128,0,test,3.1530723833832246,1.4968159558234233,2.0425152342161774,5.031957981700626,2.388754230868888,3.2596304765230784,23.407872171729544,18.16821313148747,20.371822715998935,37.356398739814956,28.994477120798496,32.511196526217475,3.2439527463673348,1.544566927685116,2.1054680036821027,4.915079918738385,2.340252920735024,3.1901030358819735,25.63484980835036,20.164263380619374,22.512815714075998,38.840681527803575,30.55191421305966,34.110326839509085,3.1530723833832246,1.4968159558234233,2.0425152342161774,5.031957981700626,2.388754230868888,3.2596304765230784,23.407872171729544,18.16821313148747,20.371822715998935,37.356398739814956,28.994477120798496,32.511196526217475,0.7738693467336684,-0.0011306532663316604,-0.0011306532663316604,0.592964824120603,-0.0020351758793969443,-0.0020351758793969443,0.4371859296482412,-0.002814070351758735,-0.002814070351758735,0.4224137931034483,0.09768261030774938,0.1645341369429898,0.37229437229437234,0.4170854271356784,0.08876462513066585,0.15498192129260668,0.3737373737373737,0.4224137931034483,0.09768261030774938,0.1645341369429898,0.37229437229437234,23.0,0.0,0.0,34.0,0.0,0.0,41.0,0.0,0.0,0.00045471156319547263,0.0001132370593592156,7.686135322949446e-05,8.002224209047171e-05,-1.3385908281371428e-05,-4.3536860872883665e-05,-0.32414841651916504
130,0,test,3.342076968302769,1.6059416639338848,2.182613292894967,5.973633636257706,2.8704626591574165,3.901206436906752,28.277797845064967,22.602430427988573,25.089574949911547,50.54378040023423,40.399619741365406,44.845145776613556,3.4339185387197166,1.667919714602551,2.252958174930024,5.840596488933535,2.83688908722998,3.8319545026587583,30.997871434352312,25.150461458021272,27.740370347087136,52.72287534560778,42.77728059954046,47.182339308293514,3.342076968302769,1.6059416639338848,2.182613292894967,5.973633636257706,2.8704626591574165,3.901206436906752,28.277797845064967,22.602430427988573,25.089574949911547,50.54378040023423,40.399619741365406,44.845145776613556,0.7676767676767677,-0.0023232323232322827,-0.0023232323232322827,0.6111111111111112,0.0011111111111111738,0.0011111111111111738,0.4696969696969697,-0.00030303030303024947,-0.00030303030303024947,0.415929203539823,0.09584090331907247,0.16445861530452888,0.35111111111111115,0.40909090909090906,0.08163498969544303,0.15909090909090906,0.35532994923857864,0.415929203539823,0.09584090331907247,0.16445861530452888,0.35111111111111115,18.0,0.0,0.0,27.0,1.0,1.0,39.0,0.0,0.0,0.0002948060800938612,0.0003996728304137852,0.00023365241698676748,0.0001216017732525998,1.9593808842977012e-05,-1.635340515360184e-05,-0.23990654945373535
22,0,test,2.6037762230866917,1.1681574500080822,1.601864297641069,4.623947430653953,2.074486506048836,2.8446900458108644,13.514676229865403,9.312431789660174,10.791192277758546,24.00020089096787,16.537594385086173,19.163669044985003,2.680215152663801,1.137799224241442,1.586598207545144,4.254309766133018,1.8060305146689557,2.51840985324626,14.58823165515626,9.912358444053876,11.603180317866642,23.155923262152793,15.73390229214901,18.417746536296256,2.591177347511751,1.1543076340914882,1.5906478785902975,4.627102406270984,2.061263632306229,2.840442640339817,13.345474618764268,9.137970132147101,10.625753163472101,23.831204676364763,16.31780380740554,18.974559220485894,0.6432160804020101,-0.001783919597989958,-0.001783919597989958,0.48743718592964824,-0.002562814070351749,-0.002562814070351749,0.3869346733668342,-0.0030653266331658324,-0.0030653266331658324,0.39935064935064934,0.10113346944789403,0.16176965583013103,0.39413680781758953,0.40201005025125625,0.10877696754448929,0.1599399333898205,0.41414141414141414,0.39799331103678925,0.09916192539405133,0.1621757359533632,0.3926174496644296,21.0,-8.0,-8.0,32.0,-10.0,-10.0,40.0,-10.0,-10.0,0.00043408964376577373,-5.6139850225801905e-05,9.898815766487629e-06,-0.004196136454046595,-0.003423130116984474,-0.004255825295548021,-1.0663971900939941
415,0,test,3.2039863450543864,1.4835150207495427,2.0201313043710836,5.165977983318028,2.391959612107409,3.257178001991579,24.6305205093673,19.043359300705472,21.363576348243807,39.713254978586605,30.704742243272307,34.44576635924704,3.3368732012696003,1.492649254413821,2.068603979817279,4.907166472455295,2.195072432961502,3.042064676201881,28.13102897955848,21.807838225812652,24.576334134070034,41.36916026405658,32.070350332077425,36.141667844220635,3.2039863450543864,1.4835150207495427,2.0201313043710836,5.165977983318028,2.391959612107409,3.257178001991579,24.6305205093673,19.043359300705472,21.363576348243807,39.713254978586605,30.704742243272307,34.44576635924704,0.7135678391959799,-0.0014321608040201994,-0.0014321608040201994,0.592964824120603,-0.0020351758793969443,-0.0020351758793969443,0.4522613065326633,-0.0027386934673366836,-0.0027386934673366836,0.4020979020979021,0.0844713750472913,0.16023743698162296,0.4,0.4321608040201005,0.10634626767924837,0.18508233991325573,0.43434343434343436,0.4020979020979021,0.0844713750472913,0.16023743698162296,0.4,21.0,-5.0,-5.0,35.0,-9.0,-9.0,43.0,-7.0,-7.0,0.0007185155845700307,0.00010355173184301457,-6.554731689318978e-05,-0.00029419353837489837,0.00015400165618917327,5.253467235455389e-06,-0.6378874778747559
374,0,test,2.693253664556378,1.2421883710361787,1.7069061737460747,4.69916655013743,2.167359918214166,2.9781956677340364,14.779685914094166,10.512027510798903,12.098263270581139,25.787472818862216,18.34129800061267,21.10894893564938,2.70748488088349,1.1737058593909122,1.6440352304278942,4.297595049021413,1.8630251736363688,2.609579730837927,14.991522593169716,10.35586056372399,12.095177439103658,23.7960676082059,16.437873910672998,19.198694347783587,2.6278625335980417,1.226246862991075,1.6697785528595217,4.637404471055368,2.1639650523371916,2.94666803445798,13.84414685550743,9.782389725589528,11.237449651954435,24.430847392071936,17.263040692216812,19.830793503449,0.6482412060301508,-0.0017587939698492372,-0.0017587939698492372,0.48743718592964824,-0.002562814070351749,-0.002562814070351749,0.3668341708542714,-0.0031658291457286047,-0.0031658291457286047,0.41017964071856283,0.11571028346893653,0.17213183195362258,0.3513513513513513,0.3869346733668342,0.09119532499590688,0.15655070007801952,0.29292929292929293,0.41137123745819393,0.115878749979062,0.16887958006108605,0.3355704697986577,19.0,-10.0,-10.0,28.0,-18.0,-18.0,38.0,-24.0,-24.0,0.0011101237690094874,0.00017699415571747177,0.0002922581894971593,0.00036882264394222375,-3.19275461979629e-05,0.00018267769083823993,-0.42769575119018555
318,0,test,2.9125353145453095,1.346599177605868,1.8384172568612869,5.569585075183136,2.5750756203340286,3.5155698420680754,18.403397872417596,13.616243601537146,15.475987917436473,35.1924625981319,26.038079869606122,29.594433035097822,3.1035841355970755,1.3792833779116747,1.9091502912488494,5.005780863866251,2.2246506095349594,3.079274663304596,22.277654497055277,16.669056607784917,18.975966525107882,35.93170080170206,26.885575173846636,30.606397621141745,2.888015144246079,1.3189957764676383,1.8083300046695732,5.51850027562945,2.5203740951610927,3.4554076522348534,17.95763089770937,13.15569394765447,15.013878363746194,34.31394439052746,25.13826868978561,28.688939548559606,0.6582914572864322,-0.0017085427135676845,-0.0017085427135676845,0.5276381909547738,-0.002361809045226204,-0.002361809045226204,0.4321608040201005,-0.002839195979899567,-0.002839195979899567,0.42024539877300615,0.11090389800730938,0.19371478652810814,0.41230769230769226,0.42211055276381915,0.11133361040792944,0.1800404359023834,0.43434343434343436,0.42140468227424754,0.10921770397708563,0.18892414834766247,0.412751677852349,24.0,-7.0,-7.0,35.0,-6.0,-6.0,45.0,-10.0,-10.0,0.00044106497785488817,-0.00019560282238440603,0.0001771465598164855,0.0004004140563926839,-9.393457993667198e-07,-0.00013492881151577762,-0.6484885215759277
255,0,test,3.1759189310707625,1.4946389245294909,2.0294023156046945,5.8532924485432085,2.7546542969526087,3.7402356630621414,23.948817071985722,18.576388756738748,20.80160622415586,44.13822681290392,34.236716487710375,38.33784402940354,3.064284227002206,1.3971202633975157,1.9094801544868107,5.329189960003837,2.429774371126114,3.32083505128141,21.419125267528656,16.122001628584663,18.245723667507768,37.250652639180274,28.038263701886372,31.731693334796123,3.1955049592117004,1.499645617741552,2.038210716068515,5.845435900997013,2.743254178795522,3.7284342367106977,24.42250294698363,18.971174441357284,21.241189188284192,44.6753102688725,34.70336788053163,38.85583388100767,0.5979899497487438,-0.0020100502512562235,-0.0020100502512562235,0.48743718592964824,-0.002562814070351749,-0.002562814070351749,0.40201005025125625,-0.002989949748743781,-0.002989949748743781,0.41455696202531644,0.12387765712800203,0.1977148567621585,0.4222222222222223,0.40201005025125625,0.11378949887281009,0.18498166961686557,0.40909090909090906,0.4180602006688964,0.12757606043517355,0.20448956663107654,0.4261744966442953,21.0,0.0,0.0,32.0,0.0,0.0,40.0,0.0,0.0,-0.00023389226590611294,-0.00015829321883754097,-3.2265945947929894e-05,-0.01261642386225148,-0.013606312900214412,-0.01179535457120906,-0.7688648700714111
438,0,test,2.859768167531715,1.3412433537449766,1.8429275603420914,5.0377373017446105,2.362720080107045,3.2464816625893795,17.45747925690017,12.891993972795625,14.693032278413119,30.752910479042683,22.710399978567125,25.883089973893306,3.0924370630302622,1.4316434114159895,1.9758331725061766,4.908630258778194,2.2724498593904596,3.1362431309621854,22.03070281702936,16.76721625522758,18.976239539790214,34.969369550840256,26.614628976551714,30.121015142524147,2.859768167531715,1.3412433537449766,1.8429275603420914,5.0377373017446105,2.362720080107045,3.2464816625893795,17.45747925690017,12.891993972795625,14.693032278413119,30.752910479042683,22.710399978567125,25.883089973893306,0.6834170854271358,-0.0015829145728643024,-0.0015829145728643024,0.5326633165829145,-0.0023366834170853723,-0.0023366834170853723,0.42211055276381915,-0.0028894472361808976,-0.0028894472361808976,0.39245283018867927,0.11373343282521409,0.1778982505149026,0.321969696969697,0.4120603015075377,0.10378962481580833,0.17332908280970794,0.3535353535353535,0.39245283018867927,0.11373343282521409,0.1778982505149026,0.321969696969697,24.0,0.0,0.0,36.0,0.0,0.0,44.0,0.0,0.0,0.000699518352155965,0.0008200961672589685,0.00024719805969209926,-0.0001486651793047855,0.00023534568223659846,7.884916357880911e-05,-0.7277758121490479
13,0,test,3.0446408743405864,1.4054284426417665,1.9331190842781623,5.013630182297373,2.314328273811292,3.183279929200567,21.002487316252186,15.851376253749596,17.9635077500312,34.58493420340929,26.102565687312207,29.58062653448252,3.2255518484355217,1.443791580859141,2.0073896358959638,4.887199770356851,2.187563001301729,3.041499448327218,25.16745894716185,19.22715520223719,21.7864904281358,38.13251355630583,29.132053336723008,33.009833982023935,3.0446408743405864,1.4054284426417665,1.9331190842781623,5.013630182297373,2.314328273811292,3.183279929200567,21.002487316252186,15.851376253749596,17.9635077500312,34.58493420340929,26.102565687312207,29.58062653448252,0.7185929648241206,-0.0014070351758793676,-0.0014070351758793676,0.5628140703517588,-0.0021859296482411583,-0.0021859296482411583,0.4120603015075377,-0.0029396984924623393,-0.0029396984924623393,0.3795620437956204,0.0912408759124087,0.15328467153284675,0.3589743589743589,0.40703517587939697,0.10050251256281406,0.16917922948073705,0.38383838383838387,0.3795620437956204,0.0912408759124087,0.15328467153284675,0.3589743589743589,20.0,-9.0,-9.0,36.0,-18.0,-18.0,41.0,-16.0,-16.0,0.0006455217092727869,0.0005768488398722919,0.00013727459783062816,-0.004886563517612963,-0.0050440092116437185,-0.0041408923349086635,-0.8381850719451904
440,0,test,2.788508796378186,1.296145045737204,1.7873738608155179,4.887903349973256,2.2719783847692363,3.1330403882111084,16.256759579054773,11.809163467171569,13.535390924536259,28.496044089722446,20.699970445329473,23.725828919445743,2.8736058563443283,1.2930103982825556,1.8098805691345612,4.321211814051622,1.9443765387707606,2.7216249159918213,17.70072955176722,12.842881957069995,14.803585948488019,26.617638423710105,19.312604446721792,22.26103150148574,2.785613737776128,1.2960501653892604,1.77887583645767,4.830544053947043,2.247485835935134,3.084755785764746,16.209763368609856,11.774603898109548,13.473104182550461,28.10941624614426,20.418388262617714,23.363764478411206,0.6683417085427136,-0.0016582914572863539,-0.0016582914572863539,0.4974874371859297,-0.002512562814070307,-0.002512562814070307,0.3869346733668342,-0.0030653266331658324,-0.0030653266331658324,0.3980263157894737,0.08275537982888259,0.17045519981573187,0.34983498349834985,0.39698492462311563,0.09122051359554673,0.15992315500708887,0.33333333333333337,0.39799331103678925,0.08580633273962734,0.1699621653193254,0.3489932885906041,26.0,-17.0,-17.0,36.0,-20.0,-20.0,44.0,-20.0,-20.0,0.001098961313895275,0.0005212363766008316,0.00013116355562635087,-0.007877711995790904,-0.007732315596968853,-0.008858747261219158,-0.7233200073242188
476,0,test,2.536496225619476,1.2235798647739742,1.6553095639152016,4.989555075396206,2.4069103918909094,3.2561681553331923,12.635322004289776,8.918323976044805,10.221559677372973,24.855008416333177,17.54328203182498,20.106883839042887,2.998993389570533,1.3645730755436958,1.903341667136954,4.685927171203958,2.1321454305370247,2.973971354901491,20.06532878480712,14.93884340095644,17.074197349047083,31.352076226261126,23.341942813994436,26.678433357886068,2.536496225619476,1.2235798647739742,1.6553095639152016,4.989555075396206,2.4069103918909094,3.2561681553331923,12.635322004289776,8.918323976044805,10.221559677372973,24.855008416333177,17.54328203182498,20.106883839042887,0.6834170854271358,-0.0015829145728643024,-0.0015829145728643024,0.5577889447236181,-0.00221105527638199,-0.00221105527638199,0.42211055276381915,-0.0028894472361808976,-0.0028894472361808976,0.3993288590604027,0.11912751677852351,0.19910514541387025,0.3434343434343434,0.42211055276381915,0.10301507537688448,0.187604690117253,0.4040404040404041,0.3993288590604027,0.11912751677852351,0.19910514541387025,0.3434343434343434,15.0,-3.0,-3.0,28.0,-6.0,-6.0,35.0,-4.0,-4.0,0.0015849355017485323,8.024852739524813e-05,0.00035812721146068465,-0.022514763876447574,-0.01713182388433676,-0.020702457235029392,-0.38237619400024414
220,0,test,2.1977467700616637,1.0160351130250516,1.3961039340335808,4.673689333802019,2.1606822656735276,2.968929885033438,9.00470096182621,5.744751616427598,6.775500829601567,19.149237488440548,12.216686981770081,14.408659992064093,2.2259977420969825,0.9955442398315495,1.3923106987477691,3.8379271415465217,1.7164555859164645,2.4005356874961534,9.262720000647784,5.839938577147251,6.960930087580641,15.970206897668595,10.068859615771125,12.001603599276969,2.0988644449208493,0.9428263349552144,1.2739857060157627,4.312735160796265,1.9373143868942755,2.6177788479775943,8.156902039932048,4.9795819261930205,5.875297961186812,16.760757616298726,10.232017656561,12.072530057233172,0.507537688442211,-0.0024623115577889765,-0.0024623115577889765,0.3919597989949749,-0.0030402010050251116,-0.0030402010050251116,0.31658291457286436,-0.003417085427135591,-0.003417085427135591,0.3940298507462686,0.11981226505327314,0.18449658361617927,0.37125748502994016,0.38190954773869346,0.11875165300185131,0.17322841251331778,0.3484848484848485,0.3745819397993311,0.11581733211986533,0.17324712333659475,0.3489932885906041,19.0,-6.0,-6.0,30.0,-13.0,-13.0,38.0,-14.0,-14.0,0.0001236003185923303,4.716122320797563e-05,0.00011701820773123187,-0.08331054582249298,-0.08093994878699551,-0.08622859704854324,-0.5239343643188477
47,0,test,3.4889750504685986,1.6657775973938267,2.2656192285829704,4.908219138794808,2.3433820437913155,3.187227050379433,32.7523609797839,26.560736718836015,29.353787353606858,46.075355276645155,37.365104197684566,41.29431102287067,3.3597126324572155,1.5179412966283437,2.1196339183205284,4.666267545079466,2.1082518008727,2.943935997667401,28.780918988794298,22.47321756000734,25.325033507695395,39.97349859554764,31.21280216667686,35.17365764957694,3.4889750504685986,1.6657775973938267,2.2656192285829704,4.908219138794808,2.3433820437913155,3.187227050379433,32.7523609797839,26.560736718836015,29.353787353606858,46.075355276645155,37.365104197684566,41.29431102287067,0.7035175879396984,-0.001482412060301641,-0.001482412060301641,0.5527638190954773,-0.0022361809045226,-0.0022361809045226,0.44221105527638194,-0.0027889447236180143,-0.0027889447236180143,0.41129032258064513,0.10344324008567529,0.1700034593098676,0.417004048582996,0.4120603015075377,0.10880215614412914,0.17165963372790494,0.38888888888888884,0.41129032258064513,0.10344324008567529,0.1700034593098676,0.417004048582996,27.0,-5.0,-5.0,39.0,-7.0,-7.0,44.0,-2.0,-2.0,-0.00032788254704017015,-0.0002040785639486412,-0.0002702531236304658,-3.085650767697956e-05,-0.00010133182060556578,-0.00011602607612637428,-0.6260666847229004
172,0,test,3.3274852702583093,1.5702252490520416,2.1475854794829643,5.5524904810936855,2.6201951445025036,3.5836215531131397,27.868172589578723,22.0716393519006,24.614124488665176,46.50291450188739,36.83038614744859,41.07296676723044,3.2955133106241274,1.5127743145940322,2.0931081265645384,4.9932019857941325,2.292082294839443,3.1713759493402103,26.991265417871276,21.045144882582957,23.66315339184294,40.895856693744356,31.886583155428724,35.85326271491355,3.3274852702583093,1.5702252490520416,2.1475854794829643,5.5524904810936855,2.6201951445025036,3.5836215531131397,27.868172589578723,22.0716393519006,24.614124488665176,46.50291450188739,36.83038614744859,41.07296676723044,0.7185929648241206,-0.0014070351758793676,-0.0014070351758793676,0.592964824120603,-0.0020351758793969443,-0.0020351758793969443,0.4773869346733668,-0.0026130653266331905,-0.0026130653266331905,0.44565217391304346,0.11472993159839606,0.19504976427448928,0.43272727272727274,0.4522613065326633,0.12394050452765071,0.20518284242581852,0.4242424242424242,0.44565217391304346,0.11472993159839606,0.19504976427448928,0.43272727272727274,21.0,0.0,0.0,30.0,0.0,0.0,40.0,1.0,1.0,-0.0002922907510706229,0.00012655602400822103,0.00013022886003266057,-0.00022489431977135155,0.00019273690668875076,4.029903692170933e-05,-0.6233291625976562
98,0,test,3.208453510397224,1.4888155624105053,2.028816857208639,4.804101512894239,2.229242553341933,3.037800641809727,24.74079524131033,19.15828830083753,21.487603290113732,37.045041003031514,28.686207081467963,32.17395145043768,3.1103188212792476,1.3992184491225452,1.9209162159422735,4.475278879538486,2.0132639555720075,2.7639082243773716,22.42819384644141,16.893145105038375,19.143075737397897,32.27078251286534,24.306683604371763,27.543993866759564,3.208453510397224,1.4888155624105053,2.028816857208639,4.804101512894239,2.229242553341933,3.037800641809727,24.74079524131033,19.15828830083753,21.487603290113732,37.045041003031514,28.686207081467963,32.17395145043768,0.7135678391959799,-0.0014321608040201994,-0.0014321608040201994,0.542713567839196,-0.0022864321608039306,-0.0022864321608039306,0.42211055276381915,-0.0028894472361808976,-0.0028894472361808976,0.4229390681003584,0.10809112534543897,0.17383298943528092,0.42805755395683454,0.40201005025125625,0.08120804523872494,0.1582704843080175,0.4040404040404041,0.4229390681003584,0.10809112534543897,0.17383298943528092,0.42805755395683454,25.0,-11.0,-11.0,38.0,-14.0,-14.0,46.0,-12.0,-12.0,-0.00016810771685498905,0.00025010490258307877,1.397668589388583e-05,-0.0002456840853515274,0.00018111633153772289,2.978536601450088e-05,-0.8446705341339111
218,0,test,3.476849165095751,1.635734359199227,2.2278166425847425,5.035436721862812,2.3689945891850877,3.2264930685710063,32.35760780764569,26.054046214539326,28.870640045448067,46.86274234210755,37.733446241746606,41.812651100304095,3.5790109628408997,1.6501247321140122,2.2536760053152927,5.112872804058428,2.35732104587716,3.219537150450418,35.83807812200372,28.956236933665593,32.074632383630764,51.19725446000532,41.36605276237942,45.820903405186804,3.476849165095751,1.635734359199227,2.2278166425847425,5.035436721862812,2.3689945891850877,3.2264930685710063,32.35760780764569,26.054046214539326,28.870640045448067,46.86274234210755,37.733446241746606,41.812651100304095,0.7487437185929648,-0.0012562814070351536,-0.0012562814070351536,0.6080402010050252,-0.001959798994974782,-0.001959798994974782,0.4773869346733668,-0.0026130653266331905,-0.0026130653266331905,0.43027888446215135,0.11417550474048133,0.1878947785018864,0.42400000000000004,0.42211055276381915,0.09880228208712738,0.1683542923297624,0.4292929292929293,0.43027888446215135,0.11417550474048133,0.1878947785018864,0.42400000000000004,25.0,-8.0,-8.0,38.0,-6.0,-6.0,48.0,-9.0,-9.0,-0.0001779336162757068,0.00036771190622840797,0.0001669598023872773,-5.164627325804361e-05,-0.00011782167916685182,0.0001279129611404528,-0.9025764465332031
44,0,test,2.847435306031983,1.3496162678062555,1.8426020557596317,4.705120371999373,2.2301145815622085,3.0447274611215303,17.243500778718975,12.771575449883818,14.512049012707879,28.493271340236166,21.103833230021923,23.979802914046708,3.02789793541683,1.3765530932350627,1.9134329622473345,4.3255684791669005,1.9665044189072325,2.733475660353335,20.653771364947456,15.439784260871743,17.60583435016482,29.505387664210655,22.05683465838821,25.151191928806888,2.853152589654444,1.3461694131587694,1.8417541568718965,4.626733929169369,2.1829774267439506,2.9866283624949674,17.342369123186625,12.829274098034112,14.592925883782401,28.122760740302635,20.804228267082344,23.664204135863354,0.7135678391959799,-0.0014321608040201994,-0.0014321608040201994,0.5577889447236181,-0.00221105527638199,-0.00221105527638199,0.40703517587939697,-0.00296482412060306,-0.00296482412060306,0.41233766233766234,0.11736197352080657,0.18555580488625845,0.35179153094462545,0.40201005025125625,0.08622057656704574,0.1616093824716235,0.33333333333333337,0.41137123745819393,0.115878749979062,0.18445243879301043,0.3489932885906041,16.0,-4.0,-4.0,25.0,-7.0,-7.0,36.0,-14.0,-14.0,0.0008963023754985058,0.00020940617202060109,4.494016524975652e-05,0.00047149473440466494,6.878410509703059e-05,-7.1846786077856e-05,-0.6079244613647461
152,0,test,2.4856488160381747,1.135156072265916,1.5622377286093525,4.482788616207575,2.0472178875547153,2.8174460770295835,12.008909300684287,8.149582579218622,9.491044886784534,21.657686137650273,14.697513090845142,17.11679771489465,2.416868451851696,1.0064736542038901,1.442974491800072,3.9948238873581756,1.6635928168659344,2.3850818046282183,11.210697449240701,7.113124652360049,8.562460914082234,18.530078428497028,11.757230830347188,14.152827957160717,2.4969607212870417,1.1332068782979687,1.5634111398537445,4.567611075525076,2.0729394115206743,2.8598984265617275,12.14552417533696,8.234677689963414,9.602002565280984,22.217422271957854,15.063434798713565,17.56463883892863,0.5778894472361809,-0.002110552763819218,-0.002110552763819218,0.4371859296482412,-0.002814070351758735,-0.002814070351758735,0.29648241206030146,-0.0035175879396985854,-0.0035175879396985854,0.3697749196141479,0.08887604320965348,0.15480165758206232,0.3516129032258064,0.3919597989949749,0.086195387967406,0.16825362203337224,0.33333333333333337,0.3712374581939799,0.08576166520566608,0.15544213005159946,0.3523489932885906,20.0,-5.0,-5.0,29.0,-3.0,-3.0,36.0,-4.0,-4.0,-0.00019070612498088855,5.520154185203753e-05,-0.00017025437142267007,-0.05741291736493537,-0.051240900107891285,-0.05441604140720546,-0.5424847602844238
377,0,test,3.03623892567051,1.4422198139182218,1.9616215902409517,5.072970627362529,2.4096716145590165,3.277491973756621,20.82676473565529,15.90326743350327,17.897892825101014,34.79751375087747,26.57129776156758,29.90393273262219,2.9778312396763558,1.3969111307999242,1.9101547042435116,4.764529983482169,2.2350578092798785,3.0562475267896185,19.645164756743128,14.78573980183501,16.736551174505266,31.432263610789004,23.657183682936015,26.77848187920842,3.03623892567051,1.4422198139182218,1.9616215902409517,5.072970627362529,2.4096716145590165,3.277491973756621,20.82676473565529,15.90326743350327,17.897892825101014,34.79751375087747,26.57129776156758,29.90393273262219,0.6683417085427136,-0.0016582914572863539,-0.0016582914572863539,0.5175879396984925,-0.002412060301507535,-0.002412060301507535,0.3919597989949749,-0.0030402010050251116,-0.0030402010050251116,0.40671641791044777,0.09759165068512188,0.16726232361764382,0.36704119850187267,0.3919597989949749,0.09872671628820795,0.15656747846075125,0.33333333333333337,0.40671641791044777,0.09759165068512188,0.16726232361764382,0.36704119850187267,19.0,0.0,0.0,30.0,0.0,0.0,39.0,0.0,0.0,-0.00032154281675042236,0.00022104163542979044,0.00020921225964184214,-0.006601835353453822,-0.006993647400928893,-0.00761804932296517,-0.6219034194946289
53,0,test,3.4373248763910427,1.568576547382082,2.156508911329006,6.492724766516414,2.9628668117217107,4.073405721399234,31.103640692182537,24.623460424856997,27.504065036611202,58.7513213074559,46.51098080250766,51.95212284693227,3.5857092932840087,1.6151467952104785,2.234869552838112,6.077473378447473,2.7375369410347097,3.787914496335784,36.078939194667186,28.90422807998158,32.218273067295435,61.15074439774099,48.990217084714544,54.60724248694141,3.4373248763910427,1.568576547382082,2.156508911329006,6.492724766516414,2.9628668117217107,4.073405721399234,31.103640692182537,24.623460424856997,27.504065036611202,58.7513213074559,46.51098080250766,51.95212284693227,0.7487437185929648,-0.0012562814070351536,-0.0012562814070351536,0.5728643216080402,-0.0021356783919597166,-0.0021356783919597166,0.4824120603015075,-0.0025879396984924696,-0.0025879396984924696,0.4448818897637795,0.13054004300542976,0.19357298924021926,0.4426877470355731,0.44723618090452266,0.13645923854863296,0.19514936955226891,0.45959595959595956,0.4448818897637795,0.13054004300542976,0.19357298924021926,0.4426877470355731,28.0,-17.0,-17.0,38.0,-16.0,-16.0,47.0,-18.0,-18.0,-7.577928065348994e-05,0.0001455767131542751,9.20012341883525e-06,-0.005747070666923371,-0.006162504138118585,-0.0054668680244542855,-0.6354916095733643
281,0,test,3.13005087916384,1.4402810774465695,1.9777526086658368,5.573017418999032,2.5644028939902332,3.52136440079527,22.875143381000942,17.456910087439834,19.70968374246417,40.728913824709,31.081815521539216,35.0928515414606,3.371749000932703,1.553728790104902,2.1350830821812714,5.666805043584375,2.6113088909326083,3.5883749280357504,29.129429930352575,22.96977837147798,25.685318576504027,48.95702509302954,38.604669531895766,43.1686026495866,3.13005087916384,1.4402810774465695,1.9777526086658368,5.573017418999032,2.5644028939902332,3.52136440079527,22.875143381000942,17.456910087439834,19.70968374246417,40.728913824709,31.081815521539216,35.0928515414606,0.7236180904522613,-0.0013819095477386467,-0.0013819095477386467,0.5979899497487438,-0.0020100502512562235,-0.0020100502512562235,0.4824120603015075,-0.0025879396984924696,-0.0025879396984924696,0.429553264604811,0.1122290793560975,0.1861246931762396,0.3896551724137931,0.42713567839195976,0.1088399390435888,0.183396112448721,0.40909090909090906,0.429553264604811,0.1122290793560975,0.1861246931762396,0.3896551724137931,22.0,-10.0,-10.0,36.0,-15.0,-15.0,44.0,-14.0,-14.0,0.0007068498872672912,0.0002401477318168962,0.00016332805930293376,-0.004988576483015983,-0.003352865634600022,-0.004192025850782599,-0.3779139518737793
124,0,test,3.1913732505355044,1.5212580797654853,2.069250343454801,5.207813065550475,2.4824509958362153,3.3766871276277346,24.32180445133932,19.00902481247002,21.25043693622508,39.68931273651392,31.019702181543117,34.67732992578023,3.202681862529199,1.495474728036186,2.054565749380731,4.816062951171728,2.2488341774980243,3.0895725554597457,24.598411373233326,19.084869998250056,21.44616254089816,36.99009229057643,28.699052628947452,32.24986848255362,3.197527123135468,1.528272060521129,2.0723307509590314,5.022293910683981,2.400427320190255,3.254969765904238,24.47193921864766,19.163727180278272,21.391117441449513,38.437600866985846,30.100095047557488,33.59861378238143,0.7185929648241206,-0.0014070351758793676,-0.0014070351758793676,0.5577889447236181,-0.00221105527638199,-0.00221105527638199,0.44723618090452266,-0.0027638190954772934,-0.0027638190954772934,0.4036697247706422,0.11053995377827586,0.17070939923656292,0.3834355828220859,0.39698492462311563,0.09372677925970707,0.15825370592528587,0.3737373737373737,0.4013377926421404,0.1058453051630085,0.16329552345415377,0.3825503355704698,25.0,-13.0,-13.0,37.0,-16.0,-16.0,46.0,-17.0,-17.0,-2.1323210422215716e-05,1.7341519525499934e-05,-1.5558122234223827e-05,0.00039646512983626536,-4.812870849413287e-06,-0.00013843336848395893,-0.5283074378967285
59,0,test,2.643529793545869,1.270074864724258,1.724448235972923,4.936923190595596,2.371927893061197,3.2204927320818824,14.062754724543028,10.113784158237314,11.555767915347573,26.26289292927903,18.88799425578094,21.580970543894143,2.7746103373005164,1.322544151222605,1.8011095917771622,4.663210650925238,2.2227632793657226,3.0270749441632976,16.032378558435052,11.760446549251679,13.385183143651261,26.945174047790005,19.76545638529694,22.496106123783633,2.643529793545869,1.270074864724258,1.724448235972923,4.936923190595596,2.371927893061197,3.2204927320818824,14.062754724543028,10.113784158237314,11.555767915347573,26.26289292927903,18.88799425578094,21.580970543894143,0.6834170854271358,-0.0015829145728643024,-0.0015829145728643024,0.48743718592964824,-0.002562814070351749,-0.002562814070351749,0.3668341708542714,-0.0031658291457286047,-0.0031658291457286047,0.37722419928825623,0.0841513751319507,0.1464549685190255,0.3321428571428572,0.3869346733668342,0.09119532499590688,0.15154235283261053,0.3434343434343434,0.37722419928825623,0.0841513751319507,0.1464549685190255,0.3321428571428572,17.0,0.0,0.0,29.0,1.0,1.0,35.0,1.0,1.0,0.0007518199328855355,0.00034039564868913253,2.6832261212983237e-05,-0.00025954392907312496,0.0001733692814402943,2.277625207813827e-05,-0.611138105392456
149,0,test,3.2278910696058345,1.5632453136662434,2.114409507319219,5.5603026811919865,2.6928161209605617,3.642240893253107,25.226400111266518,19.94259894825236,22.18145899757224,43.45450857876233,34.35273496247343,38.2093519506567,3.523139234763294,1.6718799258144428,2.28629951105685,5.592284499624276,2.653777660022925,3.6290468429473806,33.89065235978015,27.5228188145343,30.445942350289535,53.794686285365316,43.68701399132429,48.3268926195072,3.2278910696058345,1.5632453136662434,2.114409507319219,5.5603026811919865,2.6928161209605617,3.642240893253107,25.226400111266518,19.94259894825236,22.18145899757224,43.45450857876233,34.35273496247343,38.2093519506567,0.778894472361809,-0.0011055276381910506,-0.0011055276381910506,0.6532663316582914,-0.0017336683417086274,-0.0017336683417086274,0.46733668341708545,-0.002663316582914521,-0.002663316582914521,0.37969924812030076,0.05512138695707369,0.13594924812030074,0.339622641509434,0.40703517587939697,0.058664248561101195,0.14660111911812823,0.3787878787878788,0.37969924812030076,0.05512138695707369,0.13594924812030074,0.339622641509434,23.0,0.0,0.0,36.0,0.0,0.0,44.0,0.0,0.0,0.0004982114845318412,0.0007973337041055576,0.0002202660051013438,-0.00015559510116602837,0.0002314721571865519,7.534460660885145e-05,-0.5328140258789062
400,0,test,3.2545967993697498,1.6011001630312933,2.151494511961282,5.39520409023039,2.6541727534814052,3.56657143929152,25.909165835685513,20.683947225014762,22.89566555402117,42.95009370076726,34.2881541246889,37.954559676800194,3.3373937990198184,1.5985417614967925,2.176167456383939,5.382893224225514,2.5782931637045046,3.5099475102966764,28.145677742682278,22.454870903883606,24.951830115706876,45.39625442368109,36.2175337159413,40.24488728339819,3.2545967993697498,1.6011001630312933,2.151494511961282,5.39520409023039,2.6541727534814052,3.56657143929152,25.909165835685513,20.683947225014762,22.89566555402117,42.95009370076726,34.2881541246889,37.954559676800194,0.7487437185929648,-0.0012562814070351536,-0.0012562814070351536,0.5678391959798995,-0.0021608040201005485,-0.0021608040201005485,0.4371859296482412,-0.002814070351758735,-0.002814070351758735,0.41056910569105687,0.09616748297300415,0.16462315974511088,0.39591836734693875,0.4120603015075377,0.09376456215916673,0.16665128648249594,0.4040404040404041,0.41056910569105687,0.09616748297300415,0.16462315974511088,0.39591836734693875,26.0,-3.0,-3.0,38.0,-4.0,-4.0,46.0,-1.0,-1.0,0.00033326406227932357,8.09241739401917e-05,3.885270425034832e-05,-1.699666395538202e-05,-9.033858156382024e-05,-0.00010696492421935488,-0.5860710144042969
306,0,test,3.2233320025365746,1.5777763433791927,2.121051422899809,5.487824738495814,2.6862141542341953,3.611157169367397,25.11165302981576,19.92776344728301,22.100627947668276,42.75338395582556,33.927647894424865,37.627018467865604,3.432878201930367,1.6424468551207123,2.2307678978700825,5.201330608985405,2.4885558410919884,3.379951360409216,30.965639977000073,24.97360342212491,27.6385091999612,46.917636328787985,37.83879306382562,41.8765290908503,3.2233320025365746,1.5777763433791927,2.121051422899809,5.487824738495814,2.6862141542341953,3.611157169367397,25.11165302981576,19.92776344728301,22.100627947668276,42.75338395582556,33.927647894424865,37.627018467865604,0.7386934673366834,-0.0013065326633165952,-0.0013065326633165952,0.5879396984924623,-0.002060301507537776,-0.002060301507537776,0.4623115577889447,-0.002688442211055242,-0.002688442211055242,0.4253731343283582,0.10879957753133773,0.18591904003555426,0.4157303370786517,0.44723618090452266,0.1339529728844725,0.2085049622066929,0.43939393939393945,0.4253731343283582,0.10879957753133773,0.18591904003555426,0.4157303370786517,20.0,-5.0,-5.0,32.0,-10.0,-10.0,41.0,-11.0,-11.0,0.0006725091555766538,0.000529856592675066,6.97273952514869e-05,-0.00016945494488584956,0.00022372510708557058,6.833549267337702e-05,-0.4177882671356201
117,0,test,2.697357763252367,1.22065019809533,1.6417654077619368,5.651606742052578,2.5575527960092623,3.439889425786915,14.840467845989389,10.461961868558275,11.966790957871208,31.094313582073003,21.92030105793162,25.073276292682525,2.846790451500284,1.263855352484128,1.7259564089877695,5.129352164865376,2.277216851322753,3.1098313675455302,17.23238481357492,12.363158293585784,14.164973325287756,31.049342006441297,22.27596088934375,25.522474459977936,2.79107719201308,1.2418082282741276,1.7072740464272933,5.437163361064442,2.419106938196353,3.325858532001221,16.29856703545696,11.590539849781408,13.3426671165332,31.750455263877193,22.578973733340405,25.99220866857117,0.6381909547738693,-0.0018090452261306789,-0.0018090452261306789,0.5175879396984925,-0.002412060301507535,-0.002412060301507535,0.4321608040201005,-0.002839195979899567,-0.002839195979899567,0.41025641025641024,0.12007148849254112,0.1785848560042108,0.39428571428571424,0.44723618090452266,0.1489905668694349,0.2085049622066929,0.43434343434343436,0.4180602006688964,0.12590661135337045,0.1878043608468719,0.4093959731543624,29.0,-2.0,-2.0,41.0,-2.0,-2.0,47.0,2.0,2.0,0.00046560450553022504,0.0003174096544930091,0.00030761091394846134,-0.01697754340400426,-0.01945896477926734,-0.020107311574498965,-0.664233922958374
201,0,test,2.447921172901988,1.1238307568164723,1.5358757923483042,4.911141853134613,2.2546854558630476,3.0813508083987857,11.564281572348532,7.805516684793929,9.074872453736944,23.200839904524244,15.65981784886782,18.206462860309745,2.4938331848412902,1.0286755980121836,1.4752056739983157,4.262962709130411,1.7584198256618526,2.521719100851822,12.107597944574879,7.779372686719964,9.338206749578784,20.696748623204922,13.298072968752075,15.962746580476555,2.3513428658546016,1.0813531303595327,1.4744450819439967,4.734247380915305,2.1772210678379853,2.968681373041604,10.499659896765026,6.9388438846106055,8.096227733252299,21.140254825701394,13.970826613309942,16.301129664266373,0.5376884422110553,-0.0023115577889447625,-0.0023115577889447625,0.42211055276381915,-0.0028894472361808976,-0.0028894472361808976,0.31155778894472363,-0.003442211055276312,-0.003442211055276312,0.38125,0.12227964118564738,0.18374480249480252,0.3918495297805643,0.371859296482412,0.11622019873805112,0.16985595758424843,0.3737373737373737,0.37792642140468224,0.1325174063796405,0.18549038136018836,0.3657718120805369,21.0,-12.0,-12.0,32.0,-23.0,-23.0,38.0,-27.0,-27.0,-4.810846615932528e-05,1.917488657415032e-05,-0.0001040424493831781,-0.036833619789333305,-0.03575716648933014,-0.0337946448644697,-0.6193222999572754
85,0,test,2.9759354948514867,1.3714940160933393,1.881395141433288,4.823738579889992,2.223075267916001,3.0495816671598392,19.607957815897617,14.632877677217909,16.620148784385673,31.782833583938622,23.718651398366283,26.939849009984624,2.9657213783743392,1.3385825536843834,1.8502000013378512,4.527818898281434,2.0436374865410434,2.824732826470002,19.40869920855352,14.319406699270601,16.357540639990784,29.631601845119878,21.86168961720702,24.973344488535545,2.9759354948514867,1.3714940160933393,1.881395141433288,4.823738579889992,2.223075267916001,3.0495816671598392,19.607957815897617,14.632877677217909,16.620148784385673,31.782833583938622,23.718651398366283,26.939849009984624,0.7236180904522613,-0.0013819095477386467,-0.0013819095477386467,0.542713567839196,-0.0022864321608039306,-0.0022864321608039306,0.4170854271356784,-0.0029145728643216184,-0.0029145728643216184,0.41295546558704455,0.09780395043552936,0.16531078187237425,0.4065040650406504,0.42211055276381915,0.10632107907960864,0.1700237414115654,0.41414141414141414,0.41295546558704455,0.09780395043552936,0.16531078187237425,0.4065040650406504,14.0,0.0,0.0,24.0,0.0,0.0,30.0,0.0,0.0,5.9068433457590924e-05,4.21284265604534e-05,-4.162897381176248e-06,-2.39265858157367e-05,-9.583520108336074e-05,-0.00011149550017286458,-0.8662862777709961
118,0,test,2.612338235928462,1.2219380501822967,1.6740327457138593,4.705095386257892,2.2008386981183903,3.0151087022249614,13.630885845484217,9.614428785196557,11.075238667475324,24.55065627418704,17.316595491569487,19.947667434237324,2.974220908466895,1.3888819448650727,1.9138040786619506,4.6111952069254185,2.1533053408760816,2.9671381064526363,19.574367083732024,14.693421522701298,16.686792718223494,30.34785594377058,22.780498484808213,25.870996462362005,2.689379261090205,1.2330854429395877,1.6903986115038236,4.636860794983113,2.1260093843785994,2.914480364661765,14.722534233586169,10.43250383792462,12.007021875063325,25.3836797130796,17.987075582628655,20.701761853557457,0.6884422110552764,-0.0015577889447235815,-0.0015577889447235815,0.5125628140703518,-0.0024371859296482556,-0.0024371859296482556,0.371859296482412,-0.003140703517587995,-0.003140703517587995,0.3784615384615385,0.08660285950608537,0.15225887725375964,0.32098765432098764,0.37688442211055273,0.07362627674714417,0.13982265249452597,0.33838383838383834,0.38795986622073575,0.09747572598701293,0.1621534146078325,0.32885906040268453,21.0,0.0,0.0,31.0,0.0,0.0,39.0,1.0,1.0,0.0006473122261857057,0.0006616135120552779,0.00038811675474611693,-0.007859877693344508,-0.011799062683219397,-0.0133843681509207,-1.125236988067627
280,0,test,2.540609965149645,1.2135585301964167,1.5334532016580191,5.1484318341392274,2.4592217834139025,3.107473948333446,12.687407487497953,8.917496332181296,9.949601778323846,25.710460675723365,18.070905265743047,20.162420534910225,2.1224906192952067,0.9425938045138837,1.2766427015776407,4.331613508765728,1.9236608255385383,2.605393268525798,8.351913040722627,5.097874623822365,6.021960455414085,17.044720491270667,10.403825762902784,12.289715215130785,2.521866190393633,1.1674011400226891,1.6026693834212695,5.0103301795899995,2.3193400132901107,3.1841113577906013,12.451812447075788,8.577124807668715,9.944536692506155,24.738700225978388,17.0406453132491,19.757357667230774,0.46733668341708545,-0.002663316582914521,-0.002663316582914521,0.36180904522613067,-0.0031909547738693256,-0.0031909547738693256,0.27638190954773867,-0.0036180904522613577,-0.0036180904522613577,0.38219895287958117,0.11945385484036553,0.17105525786491838,0.3727034120734908,0.35678391959798994,0.12119494716691226,0.17648341876326545,0.2828282828282829,0.37792642140468224,0.1258396100524285,0.18549038136018836,0.3657718120805369,24.0,-15.0,-15.0,31.0,-17.0,-17.0,37.0,-14.0,-14.0,0.0012713838990367605,-0.000319968426685725,0.00034028662486208734,-0.0993513264346646,-0.0875253949795134,-0.0947254231421697,-0.6807167530059814
323,0,test,3.1315767855298255,1.4763347049539877,2.0127116825937623,4.610376934252243,2.1734927600711482,2.963158866040817,22.910075352589814,17.6757284500613,19.848697470327135,33.72872204686834,26.022600218145808,29.22169349798162,3.2223113361914555,1.4653401588895467,2.024406620040468,4.384097056042797,1.9936600801218325,2.754294721143494,25.086035486404064,19.291176300236632,21.772867868107472,34.13066052571982,26.24649836766889,29.62294948041833,3.1688145737982913,1.475916987326046,2.019596027925967,4.5485376657391745,2.1185411301330808,2.8989416668793786,23.779279061626458,18.344072169527255,20.623553170765394,34.13293645209539,26.331204071091754,29.603186369519705,0.6633165829145728,-0.0016834170854271857,-0.0016834170854271857,0.5577889447236181,-0.00221105527638199,-0.00221105527638199,0.44723618090452266,-0.0027638190954772934,-0.0027638190954772934,0.41324921135646686,0.11403661293126999,0.1907938073690587,0.3987341772151899,0.42211055276381915,0.11383987607208979,0.1883876813113985,0.41414141414141414,0.4180602006688964,0.11422046778074946,0.18891670789915227,0.4093959731543624,25.0,-14.0,-14.0,35.0,-14.0,-14.0,43.0,-13.0,-13.0,-5.6544374501901305e-05,0.00012871942188530638,0.00016072945718340992,0.00043595439539778624,3.3922379648387846e-05,-0.00010338779879681681,-1.1140224933624268
116,0,test,2.6186540842794415,1.2015423742661004,1.6418600576178348,4.489121287336185,2.059786927313315,2.8146172416305735,13.717248894248822,9.592060417757963,11.06132114962002,23.515283818712266,16.44353214472794,18.962264827920034,2.892358373756984,1.3070467010156746,1.7857711116511217,4.415814311079364,1.9954911465888157,2.726368109391025,18.035794628811026,13.154982271167151,15.01177405408438,27.53556431879546,20.083942398728475,22.91873901386928,2.6143109806405262,1.1842728698008227,1.6255776196636504,4.431035560407672,2.0072421522047845,2.7552163045146623,13.65780264471393,9.478944196020926,10.969974837005072,23.14881804188802,16.06600711189988,18.59317768983911,0.6532663316582914,-0.0017336683417086274,-0.0017336683417086274,0.5276381909547738,-0.002361809045226204,-0.002361809045226204,0.4120603015075377,-0.0029396984924623393,-0.0029396984924623393,0.40866873065015474,0.11655126542604344,0.18827738152554097,0.4006211180124224,0.42211055276381915,0.11885240740041059,0.1800404359023834,0.4444444444444444,0.40802675585284276,0.11420371745551383,0.18889438655362145,0.3993288590604027,26.0,-13.0,-13.0,35.0,-10.0,-10.0,45.0,-13.0,-13.0,0.00031069314171969025,-3.4026196726118628e-06,0.00025437742534476583,-0.01903210462658045,-0.01860973234672514,-0.02244580742043567,-0.6502625942230225
3,0,test,3.592880904471101,1.7139118443758552,2.318343410697155,5.559510452181598,2.6520530644552704,3.5873313828682285,36.33861334667826,29.791861272708026,32.76156672555544,56.22922275749161,46.09898533776926,50.69421377533314,3.4717960950717255,1.6169555248465715,2.2072921366434812,4.995390064851404,2.326554712009455,3.175959908839541,32.194514956410245,25.803835651575017,28.653179305761213,46.32304310274856,37.12782108140291,41.22759612339743,3.592880904471101,1.7139118443758552,2.318343410697155,5.559510452181598,2.6520530644552704,3.5873313828682285,36.33861334667826,29.791861272708026,32.76156672555544,56.22922275749161,46.09898533776926,50.69421377533314,0.7085427135678393,-0.0014572864321606982,-0.0014572864321606982,0.5728643216080402,-0.0021356783919597166,-0.0021356783919597166,0.4723618090452262,-0.0026381909547738003,-0.0026381909547738003,0.41296928327645055,0.11313964102772822,0.17800901085874343,0.40753424657534243,0.42211055276381915,0.11885240740041059,0.1900571303932015,0.398989898989899,0.41296928327645055,0.11313964102772822,0.17800901085874343,0.40753424657534243,22.0,-6.0,-6.0,34.0,-5.0,-5.0,43.0,-7.0,-7.0,-6.78882832786098e-05,0.00032457896293014015,8.444875898975547e-05,-0.0003427029913991575,0.00012688698084151184,-1.9278431547142816e-05,-0.9484188556671143
174,0,test,3.191332119991345,1.4759803192408532,2.0150454236351267,5.22217983271311,2.4152405223941233,3.29734705685748,24.320804102859878,18.762173403985095,21.078491970630616,39.797679441043435,30.701738297430154,34.492077770122826,3.0693578246849866,1.38044187168221,1.907343625864328,4.950577136588688,2.226519147874532,3.076360686877948,21.52807343773876,16.11446452117006,18.331708526658492,34.722699093127034,25.991071808338805,29.567271817191113,3.191332119991345,1.4759803192408532,2.0150454236351267,5.22217983271311,2.4152405223941233,3.29734705685748,24.320804102859878,18.762173403985095,21.078491970630616,39.797679441043435,30.701738297430154,34.492077770122826,0.6633165829145728,-0.0016834170854271857,-0.0016834170854271857,0.5226130653266332,-0.002386934673366814,-0.002386934673366814,0.38190954773869346,-0.0030904522613065533,-0.0030904522613065533,0.3940520446096655,0.08607430806050032,0.16784685301510427,0.3955223880597015,0.371859296482412,0.06358861979068264,0.13980587411179435,0.3535353535353535,0.3940520446096655,0.08607430806050032,0.16784685301510427,0.3955223880597015,18.0,-2.0,-2.0,30.0,-2.0,-2.0,40.0,-5.0,-5.0,-0.0003969586350190578,-4.32361790358754e-05,0.00012676004053214677,-0.00017638486674709242,0.00021985158203818855,6.483093570341936e-05,-0.9141509532928467
27,0,test,2.7774747014045715,1.2922989694418106,1.76997542831133,4.517387014353412,2.101842576735818,2.878753139150037,16.07836696040139,11.66262562891044,13.339623365876331,26.150447412606855,18.96852329299801,21.69605409507472,2.79820426624624,1.2630726629909321,1.7641965099859587,4.406620891726362,1.989090807859736,2.778262220450329,16.41514306215282,11.773206678455884,13.602828712722834,25.85061899551625,18.540482958198243,21.42177750035092,2.7774747014045715,1.2922989694418106,1.76997542831133,4.517387014353412,2.101842576735818,2.878753139150037,16.07836696040139,11.66262562891044,13.339623365876331,26.150447412606855,18.96852329299801,21.69605409507472,0.6733668341708543,-0.001633165829145744,-0.001633165829145744,0.48743718592964824,-0.002562814070351749,-0.002562814070351749,0.3919597989949749,-0.0030402010050251116,-0.0030402010050251116,0.4184397163120568,0.12109458356869396,0.17905292385922655,0.3807829181494662,0.42211055276381915,0.11885240740041059,0.1817098849841864,0.3787878787878788,0.4184397163120568,0.12109458356869396,0.17905292385922655,0.3807829181494662,22.0,-3.0,-3.0,32.0,-4.0,-4.0,43.0,-3.0,-3.0,5.6632260324501995e-05,1.20701430685257e-05,0.00022717880627631576,-0.00026647385093347964,0.00016949575638847136,1.9271695109068787e-05,-0.7180497646331787
370,0,test,3.4718307023657893,1.6491218223367157,2.2316352742327785,5.485081642199206,2.6054173169461725,3.5257196344387687,32.195629140735925,26.007029201649797,28.73934028589246,50.865283908736636,41.08802838367157,45.40475654635081,3.4586882387573397,1.5733013591757832,2.1668648120075895,5.201034945499758,2.3658667055274933,3.258443326327202,31.775267600066712,25.186364539028595,28.13585088116063,47.7823572933334,37.87423238951668,42.309550197234024,3.4718307023657893,1.6491218223367157,2.2316352742327785,5.485081642199206,2.6054173169461725,3.5257196344387687,32.195629140735925,26.007029201649797,28.73934028589246,50.865283908736636,41.08802838367157,45.40475654635081,0.7336683417085428,-0.001331658291457205,-0.001331658291457205,0.5678391959798995,-0.0021608040201005485,-0.0021608040201005485,0.46733668341708545,-0.002663316582914521,-0.002663316582914521,0.443609022556391,0.12653585182468374,0.199859022556391,0.4528301886792453,0.44221105527638194,0.13644664424881303,0.21349653106937028,0.4545454545454546,0.443609022556391,0.12653585182468374,0.199859022556391,0.4528301886792453,24.0,-6.0,-6.0,35.0,-10.0,-10.0,49.0,-13.0,-13.0,-0.00020616889501281664,-0.00018391641387952509,-0.00013731199524313233,-0.00015559510116602837,0.0002314721571865519,7.534460660885145e-05,-0.8704254627227783
35,0,test,2.9895069746707086,1.4400034420129302,1.9408701613364678,5.0871168408761225,2.4503925974584666,3.3026961861416133,19.875880762854948,15.166749090798625,17.02212250274246,33.82194074563162,25.80861171251921,28.965821717373906,3.0235161697445205,1.396934016883119,1.9269684578738144,4.687621968596155,2.1657891734621995,2.987547996703588,20.56346936416257,15.47700913224919,17.56965670523659,31.881347851414837,23.995362995735178,27.239777837576106,2.979298954424651,1.4059436377068948,1.921141244026784,5.021290372625816,2.3695679287194857,3.2378785011687374,19.674019424820372,14.851216316733417,16.792961071604157,33.15845970475343,25.03013985966306,28.30274337910813,0.6482412060301508,-0.0017587939698492372,-0.0017587939698492372,0.5326633165829145,-0.0023366834170853723,-0.0023366834170853723,0.44221105527638194,-0.0027889447236180143,-0.0027889447236180143,0.4267100977198697,0.1421572521914144,0.20894195037425756,0.41503267973856206,0.44221105527638194,0.15148423823377544,0.21683542923297627,0.4242424242424242,0.4280936454849499,0.14428730157843905,0.21007362323800882,0.4161073825503355,24.0,0.0,0.0,34.0,1.0,1.0,45.0,0.0,0.0,-1.4554472271522648e-05,-0.00016988869412469835,0.00011142914923470654,-0.015307994830732419,-0.014884496789217216,-0.016131128016280805,-1.202566385269165
239,0,test,3.3761890482258154,1.570204418879428,2.140298549635882,5.1687017903250885,2.403869651583454,3.2766426249580256,29.259053531374043,23.17309261632193,25.817611775743806,44.79349947844376,35.476332510554705,39.52490050204077,3.6213669932667334,1.6488259000379797,2.2648313374394577,5.02967637953713,2.290035972274972,3.1455990797770252,37.38864292757172,30.199721911048794,33.50592402687963,51.9286707327385,41.94405820978999,46.53600559288838,3.3761890482258154,1.570204418879428,2.140298549635882,5.1687017903250885,2.403869651583454,3.2766426249580256,29.259053531374043,23.17309261632193,25.817611775743806,44.79349947844376,35.476332510554705,39.52490050204077,0.728643216080402,-0.001356783919598037,-0.001356783919598037,0.5728643216080402,-0.0021356783919597166,-0.0021356783919597166,0.46733668341708545,-0.002663316582914521,-0.002663316582914521,0.42229729729729726,0.12044232259240684,0.1942074096568478,0.4067796610169492,0.4170854271356784,0.11382728177226986,0.17835420843784866,0.4191919191919192,0.42229729729729726,0.12044232259240684,0.1942074096568478,0.4067796610169492,13.0,0.0,0.0,25.0,0.0,0.0,30.0,0.0,0.0,0.0012265820256027226,6.247259019139597e-05,1.4144729437183203e-06,-0.00036349275698022154,0.0001152664056931485,-2.979210245257491e-05,-0.9085743427276611
0,0,test,3.289639618056161,1.5606017315387726,2.100108048682472,5.042198715885208,2.3920140077297347,3.2189429043124353,26.833191715417083,21.197962146331374,23.54764991696138,41.12860389568296,32.49119962166949,36.09268611726395,3.2951306763605857,1.5018577123407144,2.09462842070677,4.641029121634628,2.115292552592556,2.9501808742348876,26.980939610535874,20.971851766317297,23.659154721465853,38.00132339512095,29.53781938917929,33.32275312882515,3.228227583460983,1.5330394026029068,2.0917292845289044,4.794397401179678,2.276791191984515,3.1065286403894623,25.23489057291835,19.787219556749722,22.119052068135375,37.477560256809426,29.386959737747105,32.85007732891392,0.6633165829145728,-0.0016834170854271857,-0.0016834170854271857,0.5326633165829145,-0.0023366834170853723,-0.0023366834170853723,0.4522613065326633,-0.0027386934673366836,-0.0027386934673366836,0.42000000000000004,0.12571428571428578,0.19223851417399807,0.4126074498567335,0.4371859296482412,0.14824120603015079,0.2160804020100503,0.4191919191919192,0.4147157190635451,0.11872909698996648,0.1906354515050167,0.40268456375838924,24.0,-15.0,-15.0,36.0,-26.0,-26.0,45.0,-32.0,-32.0,0.00015878247354558024,9.352135066947905e-05,2.3176837691951477e-05,0.0003056398190430798,-9.39039469933789e-05,0.00014316252583412847,-0.8019330501556396
467,0,test,2.750152975320816,1.2599519645432102,1.682986439468807,5.087070529479437,2.3305847219788913,3.1130889061676896,15.645025003858521,11.207037491187103,12.737894435128133,28.93924314185229,20.73011598110775,23.56180473233546,3.0039057965254665,1.2762679364137424,1.7991527084898193,4.806249274440747,2.042028698261988,2.8786443335837113,20.164140348080107,14.536794729036217,16.828205054045977,32.26262455692817,23.258871566457948,26.925128086473567,2.784587030426714,1.242472755499024,1.7144420502422206,5.002252150467151,2.2319869859263903,3.079836018399199,16.193129226086448,11.518666295760067,13.277327023210644,29.089453699556493,20.69221490256299,23.851485670438283,0.6180904522613065,-0.0019095477386934512,-0.0019095477386934512,0.5175879396984925,-0.002412060301507535,-0.002412060301507535,0.4170854271356784,-0.0029145728643216184,-0.0029145728643216184,0.398876404494382,0.12117654474683637,0.1720924357749294,0.3690140845070422,0.4170854271356784,0.12385234442891147,0.19337925017407576,0.398989898989899,0.4013377926421404,0.1175314487356296,0.18331777039519936,0.3691275167785235,25.0,-4.0,-4.0,35.0,0.0,0.0,41.0,-3.0,-3.0,0.0006800902003050164,0.00010575827808580132,0.0003746086057189401,-0.019771844607912925,-0.020926436604146836,-0.023365543792145615,-0.5409653186798096
309,0,test,3.116598870380815,1.4964901441125131,2.0268529663788994,5.02677237158196,2.4136937808266343,3.269117687707902,22.569487205299925,17.515847455214157,19.595968787867363,36.40239871822568,28.25136686324864,31.606401270753814,3.3236810765673765,1.5649420529882834,2.1417743006088266,5.074322254301338,2.3892245083790584,3.269884428410422,27.762358060329234,21.957245393304163,24.50177257506933,42.38527948141868,33.52251205084605,37.40728637415165,3.116598870380815,1.4964901441125131,2.0268529663788994,5.02677237158196,2.4136937808266343,3.269117687707902,22.569487205299925,17.515847455214157,19.595968787867363,36.40239871822568,28.25136686324864,31.606401270753814,0.6783919597989949,-0.0016080402010050232,-0.0016080402010050232,0.5376884422110553,-0.0023115577889447625,-0.0023115577889447625,0.42713567839195976,-0.002864321608040288,-0.002864321608040288,0.38955823293172687,0.10298508663914174,0.16792939448045852,0.35080645161290325,0.40201005025125625,0.10376443621616849,0.1716260769624416,0.3737373737373737,0.38955823293172687,0.10298508663914174,0.16792939448045852,0.35080645161290325,21.0,1.0,1.0,33.0,0.0,0.0,40.0,0.0,0.0,0.0005469473506500064,0.00035289005651443285,0.0004522234730517201,-0.006470166838104419,-0.007324200948141346,-0.0075514627405599555,-0.8927652835845947
474,0,test,3.9836044075116828,1.8589748063342664,2.5405180933437665,7.349595728587446,3.4297364643996544,4.687157412525709,53.71027948577781,45.34048273473163,49.476537153015606,99.09338385748156,83.65143326252813,91.28229335207531,4.006407091365987,1.8686547514125191,2.5648523955503926,7.218751515974751,3.366945498040575,4.621355667658365,54.94908841543518,46.4687331795257,50.7218255967908,99.00736651429762,83.72744717031658,91.39067675097441,3.9836044075116828,1.8589748063342664,2.5405180933437665,7.349595728587446,3.4297364643996544,4.687157412525709,53.71027948577781,45.34048273473163,49.476537153015606,99.09338385748156,83.65143326252813,91.28229335207531,0.8391959798994975,-0.0008040201005025116,-0.0008040201005025116,0.7035175879396984,-0.001482412060301641,-0.001482412060301641,0.5577889447236181,-0.00221105527638199,-0.00221105527638199,0.40506329113924056,0.06190539640239845,0.1413886768334902,0.4110169491525424,0.40201005025125625,0.04612032594047932,0.1298898499173664,0.41414141414141414,0.40506329113924056,0.06190539640239845,0.1413886768334902,0.4110169491525424,23.0,-4.0,-4.0,33.0,-3.0,-3.0,43.0,-4.0,-4.0,-0.00040451128478732364,3.666589545008236e-05,4.466231848772547e-05,4.537263278781012e-05,-4.0869005880850295e-05,-6.618974063954397e-05,-0.523068904876709
446,0,test,3.1822257647748855,1.5119392697572702,2.0619980285239796,5.340036386094842,2.5371583636337753,3.460202171153253,24.100335577442788,18.78664565262441,21.03478331626043,40.44234394844851,31.525535512965618,35.29809529098496,3.217085246464715,1.4933346043957132,2.059801366585991,5.188847171717282,2.4086042006382473,3.3222602686870824,24.955275593140875,19.34976223265399,21.773994803066422,40.25044450506593,31.20929392363547,35.119346456558745,3.1822257647748855,1.5119392697572702,2.0619980285239796,5.340036386094842,2.5371583636337753,3.460202171153253,24.100335577442788,18.78664565262441,21.03478331626043,40.44234394844851,31.525535512965618,35.29809529098496,0.7738693467336684,-0.0011306532663316604,-0.0011306532663316604,0.6080402010050252,-0.001959798994974782,-0.001959798994974782,0.49246231155778897,-0.002537688442211028,-0.002537688442211028,0.45491803278688525,0.11544973012839854,0.20287443605664002,0.4032921810699589,0.4723618090452262,0.134015944383572,0.21860554861116943,0.41414141414141414,0.45491803278688525,0.11544973012839854,0.20287443605664002,0.4032921810699589,26.0,-12.0,-12.0,36.0,-10.0,-10.0,47.0,-12.0,-12.0,0.00011366199137962194,0.00016884341143838915,0.00013760395344848933,-3.136820234672655e-06,-7.934534252473924e-05,-9.790377231322367e-05,-0.60079026222229
428,0,test,3.340359872846461,1.6008338996045948,2.178199312098931,5.380579675423341,2.578588736488838,3.508596496734206,28.229283830387857,22.53464046094919,25.03245105894258,45.471121858528946,36.29831307781636,40.32173254404523,3.350039228123037,1.582760465434723,2.166812116542263,5.153906504804672,2.435016100668804,3.3335571023727124,28.50385177444049,22.64895268075676,25.238958378697088,43.85207965298537,34.84454258577963,38.829166736457054,3.340359872846461,1.6008338996045948,2.178199312098931,5.380579675423341,2.578588736488838,3.508596496734206,28.229283830387857,22.53464046094919,25.03245105894258,45.471121858528946,36.29831307781636,40.32173254404523,0.7437185929648241,-0.0012814070351758744,-0.0012814070351758744,0.6281407035175879,-0.0018592964824121205,-0.0018592964824121205,0.4824120603015075,-0.0025879396984924696,-0.0025879396984924696,0.43656716417910446,0.10695822563161839,0.1971130698863005,0.3707865168539326,0.4522613065326633,0.11642170753516956,0.20351339334401553,0.36868686868686873,0.43656716417910446,0.10695822563161839,0.1971130698863005,0.3707865168539326,24.0,-6.0,-6.0,34.0,-3.0,-3.0,45.0,-6.0,-6.0,0.0001717247133954713,0.00032673782177185744,0.00024845847261008395,-0.00016945494488584956,0.00022372510708557058,6.833549267337702e-05,-0.4423966407775879
232,0,test,2.9086031060877855,1.3442593163178256,1.8512740604892142,4.989062272247799,2.305778132850715,3.175449256533583,18.331173968441586,13.551636443253123,15.452502057950296,31.443055348646336,23.244820843635573,26.505333391067527,2.9446198113599613,1.3429522291181477,1.861576219952975,4.749386792516066,2.166051982448625,3.002542290246734,19.003436122348305,14.04213721843756,16.04978051711326,30.650703423142428,22.648608416834776,25.88674276953752,2.9086031060877855,1.3442593163178256,1.8512740604892142,4.989062272247799,2.305778132850715,3.175449256533583,18.331173968441586,13.551636443253123,15.452502057950296,31.443055348646336,23.244820843635573,26.505333391067527,0.7085427135678393,-0.0014572864321606982,-0.0014572864321606982,0.5678391959798995,-0.0021608040201005485,-0.0021608040201005485,0.40703517587939697,-0.00296482412060306,-0.00296482412060306,0.4227642276422764,0.10836260492422367,0.18492638980443854,0.3877551020408163,0.42211055276381915,0.10632107907960864,0.1800404359023834,0.38888888888888884,0.4227642276422764,0.10836260492422367,0.18492638980443854,0.3877551020408163,24.0,-7.0,-7.0,36.0,-10.0,-10.0,45.0,-8.0,-8.0,0.00016348780796101802,2.328875631098595e-05,0.0002595274848215981,-1.699666395538202e-05,-9.033858156382024e-05,-0.00010696492421935488,-0.7555875778198242
184,0,test,2.7809942153304124,1.3065738515900034,1.7811595067595611,5.886153400545965,2.7654477226904977,3.769938833325451,16.135054694943076,11.766551798694778,13.417222138040893,34.150882636535954,24.90466484999815,28.39841495474913,2.8185235363754195,1.3306041720174688,1.8178593533605991,5.368616259762704,2.5344841371761313,3.4625892444963795,16.752098539695556,12.324225402241021,14.032010674913622,31.90875912322963,23.474715051887657,26.72763938078785,2.892643666985043,1.357066496546165,1.8606162536146962,5.824114765741697,2.7323486507640906,3.746207222043013,18.04094085293783,13.396935713869574,15.234190339264375,36.324041985780866,26.973696068193775,30.672866454894717,0.5577889447236181,-0.00221105527638199,-0.00221105527638199,0.46733668341708545,-0.002663316582914521,-0.002663316582914521,0.3668341708542714,-0.0031658291457286047,-0.0031658291457286047,0.36627906976744184,0.10067674756134604,0.16686558003137142,0.326530612244898,0.38190954773869346,0.11123285600937016,0.18658400516774187,0.31818181818181823,0.3745819397993311,0.10747008671085023,0.17769651154571597,0.3355704697986577,21.0,0.0,0.0,31.0,0.0,0.0,40.0,0.0,0.0,3.1642977443181017e-06,0.000396000335037071,0.00020050278423014399,-0.02208364132143359,-0.025311232334795264,-0.02269495349923023,-0.6312885284423828
459,0,test,2.9655849924558924,1.3578711877042011,1.868178421565584,5.552584666725926,2.5423971174036106,3.4978659808036467,19.406052315789655,14.414665427102435,16.409667289366165,36.33473625084021,26.98916079968116,30.72448343540899,2.9419606366948265,1.343537758625439,1.8565989221406751,5.253501136955047,2.399174568973998,3.3153552181083485,18.952969795588192,14.007742750617222,15.992459310768048,33.8445889206932,25.013826340387897,28.55796305494294,2.9655849924558924,1.3578711877042011,1.868178421565584,5.552584666725926,2.5423971174036106,3.4978659808036467,19.406052315789655,14.414665427102435,16.409667289366165,36.33473625084021,26.98916079968116,30.72448343540899,0.6683417085427136,-0.0016582914572863539,-0.0016582914572863539,0.5175879396984925,-0.002412060301507535,-0.002412060301507535,0.40201005025125625,-0.002989949748743781,-0.002989949748743781,0.41825095057034223,0.11654317068419418,0.18184134247931816,0.43511450381679384,0.4170854271356784,0.12385234442891147,0.18336255568325777,0.43434343434343436,0.41825095057034223,0.11654317068419418,0.18184134247931816,0.43511450381679384,23.0,-7.0,-7.0,35.0,-8.0,-8.0,43.0,-9.0,-9.0,0.0003565419304405616,-2.5037126439929074e-05,2.5604384040014742e-05,-0.00013480533558407615,-0.00018378111340844328,8.585827751517172e-05,-0.8243110179901123
441,0,test,2.602866925053544,1.2004871009162161,1.5809666765027115,4.358011135984145,2.0099898708000867,2.6470313620343564,13.502392946779876,9.437530824617376,10.723923413384938,22.60721754850759,15.801370417363955,17.955192871034413,2.816408379593087,1.2238811555853828,1.71297519110054,4.111545079697938,1.7866878183728216,2.500693709635825,16.71670267195231,11.800545198624153,13.70220505477729,24.403945506499717,17.227073282662996,20.003219058069032,2.678717272337464,1.2161282553976225,1.6767692330258757,4.3674738135936915,1.982817807713515,2.733862879933493,14.566396587205817,10.24927441279485,11.842814277788534,23.749559653052966,16.71077349912204,19.30893632248131,0.6030150753768844,-0.0019849246231156137,-0.0019849246231156137,0.4824120603015075,-0.0025879396984924696,-0.0025879396984924696,0.3517587939698492,-0.0032412060301507672,-0.0032412060301507672,0.37637362637362637,0.09928171965208998,0.15740979450656867,0.35812672176308535,0.371859296482412,0.0861450107681263,0.14815311952080934,0.36363636363636365,0.3745819397993311,0.09077559589282025,0.15656191755239002,0.35906040268456374,22.0,-11.0,-11.0,28.0,-4.0,-4.0,41.0,-12.0,-12.0,0.00032565513233120177,-4.8395227390544836e-05,0.0002612725335234243,-0.032631725858862204,-0.029580164194633163,-0.03516891669741007,-0.8817284107208252
464,0,test,4.024836773673694,1.9208798719395164,2.60556372030506,6.6247313355498685,3.161696683627154,4.288660781868577,55.97117206719266,47.77262540918002,51.83705799984015,92.12646334041028,78.63196107722179,85.3218656519108,3.828373552566797,1.8025726522150647,2.458166483252614,5.935462872196584,2.7946862825039758,3.811110826748238,45.98768082945541,38.405499744433925,42.05151515924013,71.29872996814791,59.5434104564867,65.19614753370563,4.024836773673694,1.9208798719395164,2.60556372030506,6.6247313355498685,3.161696683627154,4.288660781868577,55.97117206719266,47.77262540918002,51.83705799984015,92.12646334041028,78.63196107722179,85.3218656519108,0.7236180904522613,-0.0013819095477386467,-0.0013819095477386467,0.6180904522613065,-0.0019095477386934512,-0.0019095477386934512,0.5175879396984925,-0.002412060301507535,-0.002412060301507535,0.43181818181818177,0.11045712321704759,0.1950423631783833,0.4638783269961977,0.42713567839195976,0.103827407715268,0.18840445969413,0.4545454545454546,0.43181818181818177,0.11045712321704759,0.1950423631783833,0.4638783269961977,24.0,0.0,0.0,36.0,0.0,0.0,44.0,0.0,0.0,-0.00023576560781573704,-0.0005546362125041463,-0.00025649694820169825,-0.000141735257445319,-0.00018927773293242467,8.23537205478786e-05,-0.6598625183105469
197,0,test,3.18715670363234,1.468575990228574,2.018323332258137,5.256738978718275,2.4221967631042713,3.3289228986595245,24.219466330468663,18.6428582905826,21.001230369034783,39.946392519084675,30.748610427324543,34.63839294633009,3.3650361029946025,1.518339501220143,2.1072471944931035,5.217110237200934,2.3540147305738657,3.267049913942796,28.93454190380355,22.595696735331884,25.41690683450385,44.8597548896179,35.03208796175486,39.4060571077579,3.18715670363234,1.468575990228574,2.018323332258137,5.256738978718275,2.4221967631042713,3.3289228986595245,24.219466330468663,18.6428582905826,21.001230369034783,39.946392519084675,30.748610427324543,34.63839294633009,0.7035175879396984,-0.001482412060301641,-0.001482412060301641,0.5678391959798995,-0.0021608040201005485,-0.0021608040201005485,0.4824120603015075,-0.0025879396984924696,-0.0025879396984924696,0.41501976284584985,0.11521700150462699,0.17586076153178942,0.4007936507936508,0.4321608040201005,0.11887759600005032,0.18508233991325573,0.43434343434343436,0.41501976284584985,0.11521700150462699,0.17586076153178942,0.4007936507936508,23.0,-9.0,-9.0,35.0,-11.0,-11.0,47.0,-15.0,-15.0,0.00018593918863633123,0.00021485469703969178,0.00023171205122346492,-6.550611697964115e-05,-0.000128814918206821,0.00012090384720320202,-1.2042207717895508
92,0,test,3.4643109372553935,1.6474861143754207,2.250202725666655,5.694461103113554,2.7080553005045984,3.698770730314565,31.954433575584048,25.802140790774562,28.587143760675037,52.52510018986628,42.412268924835686,46.99011755660959,3.500293396226126,1.6417486686114768,2.2541663653408466,5.512273064923033,2.585430974191302,3.549868291875349,33.12516933277418,26.71077404922596,29.6483182221686,52.165620996494766,42.06421110114324,46.69026491680094,3.4643109372553935,1.6474861143754207,2.250202725666655,5.694461103113554,2.7080553005045984,3.698770730314565,31.954433575584048,25.802140790774562,28.587143760675037,52.52510018986628,42.412268924835686,46.99011755660959,0.7185929648241206,-0.0014070351758793676,-0.0014070351758793676,0.5477386934673367,-0.002261306532663321,-0.002261306532663321,0.4623115577889447,-0.002688442211055242,-0.002688442211055242,0.41984732824427484,0.12270447110141769,0.19142093230518853,0.3869731800766284,0.4371859296482412,0.14395284694147426,0.20680195635942655,0.3939393939393939,0.41984732824427484,0.12270447110141769,0.19142093230518853,0.3869731800766284,26.0,-3.0,-3.0,36.0,-2.0,-2.0,47.0,-3.0,-3.0,0.0002635748986093544,5.70954340530959e-05,0.00015709751783054998,-0.00012787541372372146,-0.00017828449388890277,8.936283448512938e-05,-0.692436933517456
480,0,test,3.538628624926368,1.6999916397673622,2.2995275804848436,5.336634520834901,2.563771175649157,3.4679361889474127,34.419684512647045,28.131722680489357,30.967176094957694,51.90860529204608,42.42567906949476,46.70184935401728,3.828554527843418,1.7921832555340358,2.447100504268869,5.508711550853839,2.57868094321444,3.521007919811322,45.99600421585554,38.333251571042545,42.01531878381282,66.18130103000797,55.15575765617632,60.45369609181701,3.531063819531914,1.692426834372908,2.29196277509039,5.325225976483265,2.552362631297521,3.4565276445957767,34.160288674110106,27.872326841952418,30.707780256420754,51.51740832473902,42.0344821021877,46.31065238671022,0.8090452261306533,0.00404522613065339,-0.0009547738693467256,0.5829145728643217,-0.012085427135678284,-0.002085427135678275,0.507537688442211,-0.0024623115577889765,-0.0024623115577889765,0.4316546762589928,0.1282435451997468,0.19600874324463868,0.40794223826714804,0.44723618090452266,0.1389655042127933,0.211843860370299,0.4494949494949495,0.42086330935251803,0.11745217829327204,0.18521737633816393,0.40794223826714804,22.0,-2.0,-3.0,35.0,-3.0,-2.0,45.0,-5.0,-6.0,0.0007571876829268715,0.0004152071478036235,0.00011338545711447634,-0.00023875416349117273,0.00018498985658865763,3.328992298534672e-05,-1.0120153427124023
64,0,test,3.1281929942343734,1.4950559063267534,1.7929937683182986,5.08787809957186,2.431647349589817,2.9162311095605014,22.832683451898554,17.712772288984077,19.031930372388015,37.13642678168714,28.80910045445659,30.95465718154938,2.903838662046883,1.3674549139923786,1.8740007476261964,3.82084034479853,1.7992827815689192,2.46579045740289,18.244043843986578,13.596291443300778,15.44343198487357,24.00532084735076,17.889857162237867,20.320305243254694,3.0441761176323014,1.455412175725772,1.9812025336014627,4.612388057018638,2.2051699632208663,3.0018220206082766,20.992728537285938,16.095037182982573,18.097761907741585,31.807164450433238,24.386419974216018,27.420851375366034,0.5778894472361809,-0.002110552763819218,-0.002110552763819218,0.4623115577889447,-0.002688442211055242,-0.002688442211055242,0.38190954773869346,-0.0030904522613065533,-0.0030904522613065533,0.3908872901678657,0.10945016441936273,0.14455297931742583,0.39182692307692313,0.39698492462311563,0.13132076422211314,0.19331213664314906,0.3737373737373737,0.3913043478260869,0.11584524932859108,0.18885718431107024,0.38926174496644295,22.0,0.0,0.0,33.0,0.0,0.0,40.0,0.0,0.0,0.0001287058810734693,-0.00018699086129349366,0.00011613907417502006,-0.003519448599687891,-0.004989312113733213,-0.004282052728545871,-1.0304346084594727
249,0,test,3.1227948753069725,1.4265797981346178,1.9607850443485486,5.1387763770874235,2.3475363766772195,3.226608300826726,22.70976198204098,17.256493899272765,19.513411032211803,37.370494400826935,28.396762112727338,32.110676382120694,3.1181857442136987,1.3869576053450274,1.933657429803153,4.910528731045194,2.1841852052677595,3.045129810713626,22.60533056589148,16.957744895441593,19.336186116480903,35.59894577305745,26.705110071561563,30.45068679760772,3.1227948753069725,1.4265797981346178,1.9607850443485486,5.1387763770874235,2.3475363766772195,3.226608300826726,22.70976198204098,17.256493899272765,19.513411032211803,37.370494400826935,28.396762112727338,32.110676382120694,0.7135678391959799,-0.0014321608040201994,-0.0014321608040201994,0.5376884422110553,-0.0023115577889447625,-0.0023115577889447625,0.4170854271356784,-0.0029145728643216184,-0.0029145728643216184,0.3938223938223938,0.07590331867788513,0.1396503784180293,0.40697674418604646,0.40201005025125625,0.09624563922368734,0.1549315861444115,0.4191919191919192,0.3938223938223938,0.07590331867788513,0.1396503784180293,0.40697674418604646,21.0,-8.0,-8.0,31.0,-10.0,-10.0,42.0,-12.0,-12.0,-0.00011333296118371524,0.00017749635936503862,-6.060946368539713e-05,-0.00010708564814265742,-0.00016179463533028127,9.987650539144965e-05,-0.7005813121795654
187,0,test,2.5084583649467325,1.1717922852291325,1.522949072126051,4.7841731702592325,2.2348615749215415,2.9045935911682417,12.2859749636761,8.479642644097858,9.606798941543893,23.43201410598019,16.172514321217562,18.322245403975465,2.8422536700215173,1.28852765644016,1.7867486944150686,4.372697953879257,1.9823502406771687,2.748844145253951,17.154382323234184,12.42532439300949,14.280956525698793,26.391357420360283,19.115883681553058,21.97070234722891,2.5149918746788766,1.133331068184065,1.5633932037098353,4.464482617773154,2.011830298551595,2.7752542077689384,12.36650829685288,8.384999641940595,9.776661632596563,21.95238159204653,14.884614749006975,17.355020649579696,0.5979899497487438,-0.0020100502512562235,-0.0020100502512562235,0.507537688442211,-0.0024623115577889765,-0.0024623115577889765,0.40201005025125625,-0.002989949748743781,-0.002989949748743781,0.38482384823848237,0.11111111111111105,0.1648824992648753,0.3695652173913043,0.40703517587939697,0.12060301507537685,0.19095477386934667,0.4191919191919192,0.3846153846153846,0.11036789297658856,0.17279821627647707,0.3657718120805369,25.0,-15.0,-15.0,36.0,-15.0,-15.0,41.0,-14.0,-14.0,7.706778426350238e-05,0.00039601002621564535,0.0002092045752219168,-0.05401412683667761,-0.06898500821715281,-0.06552446651169586,-0.7666552066802979
373,0,test,2.7909381976550507,1.2668005904154658,1.739843631443719,5.142852409162115,2.3343291778442286,3.206003995019886,16.296301784027296,11.705119325005931,13.435521065141327,30.029140366072767,21.568983924730027,24.757589378462665,3.145101100955177,1.3536190479489738,1.8941584354873018,4.801681070160575,2.066593966334311,2.89184493967527,23.222023123326434,17.22368738979961,19.728388388809034,35.453470417292266,26.295705938625364,30.11967692947944,2.8124944757059667,1.264845494965055,1.7441849403993608,4.992593743856745,2.2452878608847127,3.096186284732593,16.651402976109953,11.950996540020505,13.740947658994235,29.55870350788749,21.214786757432847,24.39221477927971,0.7185929648241206,-0.0014070351758793676,-0.0014070351758793676,0.5577889447236181,-0.00221105527638199,-0.00221105527638199,0.42211055276381915,-0.0028894472361808976,-0.0028894472361808976,0.39449541284403666,0.08915190139365503,0.16458696930385353,0.40797546012269936,0.40201005025125625,0.07870177957456448,0.1382370953263815,0.4797979797979798,0.39799331103678925,0.08580633273962734,0.16328808300564357,0.4161073825503355,23.0,-9.0,-9.0,34.0,-10.0,-10.0,43.0,-12.0,-12.0,-2.735652194855558e-05,0.00010457474178290277,0.0002972114658792591,-0.027912954238291654,-0.027455801023942072,-0.03195190048946284,-0.9586248397827148
437,0,test,2.7133951929514994,1.228285993450382,1.692533918377592,4.835039306589108,2.1887011053504146,3.0159513971090073,15.08038952703587,10.664941975912612,12.30480525206805,26.871970699771364,19.004018946440027,21.926115741717005,3.0765527912120723,1.371851934931566,1.8793105939221835,4.524342340017753,2.0174293160758325,2.763692049885564,21.683525772072098,16.183785563704852,18.372552462846773,31.887537900106025,23.799684652507132,27.018459504186428,2.6770955643127596,1.167752606695116,1.5814725699672867,4.615682007435793,2.0133665632674416,2.726676844771184,14.54279328897133,10.019035771750964,11.551747781464432,25.07378153270919,17.274199606467178,19.916806519766265,0.7236180904522613,-0.0013819095477386467,-0.0013819095477386467,0.5879396984924623,-0.002060301507537776,-0.002060301507537776,0.44221105527638194,-0.0027889447236180143,-0.0027889447236180143,0.41916167664670656,0.12768185601890392,0.19207004318057108,0.41141141141141147,0.4371859296482412,0.10385259631490784,0.17842132196877547,0.4696969696969697,0.4147157190635451,0.11922323158441317,0.1877969203983616,0.40604026845637586,20.0,-11.0,-11.0,35.0,-20.0,-20.0,42.0,-21.0,-21.0,0.000568775724469487,1.907764794256725e-05,0.0002751715407598244,-0.01517511397310578,-0.014727886521626488,-0.01742499489368754,-0.8528316020965576
237,0,test,3.4963205161214876,1.6922346913969744,2.2902074468708906,5.391100666793778,2.609316717702432,3.5313521277557607,32.993828080847614,26.919412252109144,29.65335289109259,50.874354266597294,41.507996956477974,45.72355703852342,3.508137075146239,1.6807105110204514,2.284377542773419,5.355934465872121,2.5659702458327507,3.4875993019441514,33.38601417947266,27.168149404024252,29.98606823649053,50.97101401446208,41.4780906931668,45.780256849603866,3.4963205161214876,1.6922346913969744,2.2902074468708906,5.391100666793778,2.609316717702432,3.5313521277557607,32.993828080847614,26.919412252109144,29.65335289109259,50.874354266597294,41.507996956477974,45.72355703852342,0.7738693467336684,-0.0011306532663316604,-0.0011306532663316604,0.5829145728643217,-0.002085427135678275,-0.002085427135678275,0.457286432160804,-0.0027135678391959628,-0.0027135678391959628,0.4201680672268907,0.11199196659795985,0.1757546594056617,0.44303797468354433,0.40703517587939697,0.10127076485182807,0.1683039571815672,0.43939393939393945,0.4201680672268907,0.11199196659795985,0.1757546594056617,0.44303797468354433,24.0,-10.0,-10.0,32.0,-12.0,-12.0,42.0,-14.0,-14.0,7.13453765738001e-05,-9.761899405856988e-06,-0.0001325436505490217,3.8442710928343615e-05,-4.636562540305533e-05,-7.072031659394185e-05,-0.43374180793762207
351,0,test,2.340854312865262,1.0723859535901015,1.3367134893975263,4.971169105278379,2.277378772409086,2.8387195070538866,10.390109176138965,6.83470638597119,7.66054808589334,22.06501679878974,14.5145646368743,16.268368246924027,2.3228406115392946,1.0044859293220287,1.3981857836492009,4.147929663463025,1.7937248737893365,2.496760327945001,10.204620536961906,6.4673532133860485,7.683622604976911,18.22253667314626,11.548845023903656,13.720754651744482,2.2969472842870347,1.025424807291506,1.4071910371675767,4.593894568574069,2.050849614583012,2.8143820743351533,9.943780539123594,6.3775025316477105,7.5092443853644095,19.887561078247188,12.755005063295421,15.018488770728819,0.5125628140703518,-0.0024371859296482556,-0.0024371859296482556,0.37688442211055273,-0.003115577889447274,-0.003115577889447274,0.2814070351758794,-0.003592964824120637,-0.003592964824120637,0.36294416243654826,0.09171475812729601,0.13029509107779946,0.3765903307888041,0.3316582914572864,0.07601919371292554,0.13299385072272885,0.35858585858585856,0.3511705685618729,0.08739761363699816,0.14316166978545464,0.35906040268456374,15.0,0.0,0.0,26.0,0.0,0.0,31.0,0.0,0.0,-0.0005216705435778349,-0.00012404101771190256,-0.0001943766281506226,-0.04930205088992956,-0.05542653997496849,-0.05198526383889934,-0.7218148708343506
151,0,test,3.079947198299985,1.497780235277067,2.02205793750814,4.744363108492401,2.307186726058108,3.1147862168685987,21.757253545891842,16.891765817917744,18.87696850785275,33.51496127018693,26.020144315479353,29.07815856007621,3.0059375092012797,1.4292700895501813,1.9485340971927554,4.486473894330268,2.133238939627136,2.908259846556351,20.205149733159185,15.366346522384273,17.326263738212234,30.15693990023759,22.934845555797423,25.860095131660046,3.095551228842209,1.480776748554272,2.0154411337406604,4.786934889962179,2.289860951372585,3.11666154702164,22.099417016728385,17.072662853249003,19.154413253021875,34.17435621143565,26.40102503079743,29.620226679930738,0.6783919597989949,-0.0016080402010050232,-0.0016080402010050232,0.5577889447236181,-0.00221105527638199,-0.00221105527638199,0.44723618090452266,-0.0027638190954772934,-0.0027638190954772934,0.4375,0.1287972085385879,0.2099288840262582,0.38613861386138615,0.44723618090452266,0.1389655042127933,0.216852207615708,0.36868686868686873,0.44147157190635455,0.13763183901820764,0.2156651202934513,0.38926174496644295,24.0,0.0,0.0,34.0,1.0,1.0,43.0,-1.0,-1.0,0.0005266119311389186,0.0004478647798126704,-0.00023647158869236236,0.00048729044062767457,8.427820529455232e-05,-5.782855820246624e-05,-0.5870587825775146
246,0,test,3.580251439925163,1.6743152951521258,2.283856971289522,5.788848107411464,2.7071721330706446,3.692729778253837,35.88256202158287,29.156861110366744,32.2264712966573,58.01790872320866,47.14323647065791,52.10643735628355,3.480763641434099,1.5810378819853816,2.1819894363732395,5.525021653069999,2.509583939659336,3.463475295830539,32.48451913140477,25.80045798111017,28.819717513503452,51.56272878000757,40.95310790652408,45.74558335476738,3.580251439925163,1.6743152951521258,2.283856971289522,5.788848107411464,2.7071721330706446,3.692729778253837,35.88256202158287,29.156861110366744,32.2264712966573,58.01790872320866,47.14323647065791,52.10643735628355,0.7236180904522613,-0.0013819095477386467,-0.0013819095477386467,0.5778894472361809,-0.002110552763819218,-0.002110552763819218,0.4522613065326633,-0.0027386934673366836,-0.0027386934673366836,0.4354838709677419,0.12298387096774188,0.189516129032258,0.4574898785425101,0.42211055276381915,0.11306532663316593,0.17252931323283083,0.4444444444444444,0.4354838709677419,0.12298387096774188,0.189516129032258,0.4574898785425101,21.0,-11.0,-11.0,31.0,-9.0,-9.0,40.0,-11.0,-11.0,-0.0001557857111312492,-0.0003204613905390694,-0.00013744334944634204,-3.085650767697956e-05,-0.00010133182060556578,-0.00011602607612637428,-0.5596826076507568
213,0,test,3.471054490468677,1.599822346752361,2.1964468660547984,5.43659137061359,2.5057458443109266,3.440217982977395,32.17064820686517,25.674352366722133,28.593350716377028,50.38776225171653,40.21284105631178,44.784766182277274,3.4659002066856655,1.5615954952434208,2.158752689258485,5.134666972867652,2.313474807768031,3.1981521322347928,32.00525815630597,25.290520832116993,28.309641176416168,47.41519726860143,37.46743826980295,41.94020915024617,3.471054490468677,1.599822346752361,2.1964468660547984,5.43659137061359,2.5057458443109266,3.440217982977395,32.17064820686517,25.674352366722133,28.593350716377028,50.38776225171653,40.21284105631178,44.784766182277274,0.7336683417085428,-0.001331658291457205,-0.001331658291457205,0.6080402010050252,-0.001959798994974782,-0.001959798994974782,0.457286432160804,-0.0027135678391959628,-0.0027135678391959628,0.4092664092664092,0.08171342275388516,0.1550943938620447,0.3914728682170543,0.4120603015075377,0.09125829649500639,0.16331238831888995,0.38888888888888884,0.4092664092664092,0.08171342275388516,0.1550943938620447,0.3914728682170543,21.0,-5.0,-5.0,32.0,-2.0,-2.0,40.0,-6.0,-6.0,2.9089561088523935e-05,0.00017996595784674843,0.00018284335021128523,-0.00010708564814265742,-0.00016179463533028127,9.987650539144965e-05,-0.978126049041748
170,0,test,2.0934418115642046,0.9412023948753196,1.23532239045641,4.961728968967108,2.230771909931764,2.9278744968609716,8.112789861022813,4.947516516361272,5.754069101304907,19.228365579696927,11.726256678388728,13.637891051794096,2.512527081834611,1.0950740951580196,1.5315824318325757,4.610141434558919,2.00931026634499,2.8102429941882123,12.33606494937921,8.209468402072627,9.669090539649083,22.634981558493962,15.063244774445188,17.741450531466207,2.1997460015242716,0.9705990073092505,1.3292780845147631,4.852380885715305,2.1410272220056994,2.9322310687825652,9.02272145086258,5.604408998837348,6.634693459806314,19.903062023961574,12.362666909200033,14.63535322016099,0.6231155778894473,-0.0018844221105527303,-0.0018844221105527303,0.4723618090452262,-0.0026381909547738003,-0.0026381909547738003,0.3417085427135679,-0.003291457286432098,-0.003291457286432098,0.36813186813186816,0.10750086676012605,0.16089824154340282,0.3085399449035813,0.39698492462311563,0.09623304492386753,0.16493150225249797,0.3535353535353535,0.3812709030100334,0.12083684624876467,0.17771139244273637,0.3221476510067114,19.0,-8.0,-8.0,33.0,-16.0,-16.0,40.0,-17.0,-17.0,0.0005993897199383706,0.0005965551718533947,0.00028511920287790617,-0.10968670457880858,-0.1250706579494265,-0.11842399690582539,-0.4345731735229492
342,0,test,3.205192687019469,1.526610751202997,2.0797123824121684,5.751161346212239,2.7392377308819733,3.7316825017750257,24.660251269005585,19.302298608365707,21.578554622395156,44.248535964953284,34.63462090720939,38.71896680472322,3.132077624450377,1.4620159402578055,2.0126123306616264,5.643383107117796,2.634262955419469,3.6263285237146414,22.921552483856264,17.609056999787278,19.858336639083063,41.300094565506775,31.72803063024734,35.78078673708659,3.205192687019469,1.526610751202997,2.0797123824121684,5.751161346212239,2.7392377308819733,3.7316825017750257,24.660251269005585,19.302298608365707,21.578554622395156,44.248535964953284,34.63462090720939,38.71896680472322,0.7185929648241206,-0.0014070351758793676,-0.0014070351758793676,0.5326633165829145,-0.0023366834170853723,-0.0023366834170853723,0.4371859296482412,-0.002814070351758735,-0.002814070351758735,0.41666666666666663,0.10973597359735965,0.17656112576956895,0.3784860557768924,0.4120603015075377,0.10629589047996879,0.17499853189151093,0.35858585858585856,0.41666666666666663,0.10973597359735965,0.17656112576956895,0.3784860557768924,23.0,-13.0,-13.0,34.0,-12.0,-12.0,41.0,-14.0,-14.0,0.00032373862789619094,-0.00012107460139829115,-3.6550348638361325e-05,-5.857619511928647e-05,-0.00012331829868550415,0.00012440840417138332,-0.3729071617126465
221,0,test,2.2896023133595786,1.0199962702449354,1.3123835824181493,4.891423123995463,2.1790829409778167,2.8037285624387733,9.871011331162608,6.311561314902282,7.213955363090058,21.088069662029206,13.483790081836691,15.41163191205603,2.571216540120954,1.0796028840626066,1.503986463776889,4.433131965725783,1.8613842828665637,2.593080109960154,13.081729213015423,8.637467967992345,10.174413917909487,22.554705539681766,14.892186151710941,17.54209296191291,2.475424042114845,1.099277926590502,1.5093046996758108,4.822254627496451,2.141450506345134,2.9402039604074237,11.88674652569768,7.927134229295894,9.259019188057751,23.15599972538509,15.442469277849144,18.037050366346268,0.5477386934673367,-0.002261306532663321,-0.002261306532663321,0.44221105527638194,-0.0027889447236180143,-0.0027889447236180143,0.3517587939698492,-0.0032412060301507672,-0.0032412060301507672,0.3626666666666667,0.10034975588104755,0.14272531769305963,0.3315508021390374,0.38190954773869346,0.10622032468104936,0.17489786159512088,0.36363636363636365,0.37792642140468224,0.1091451192343984,0.16991752262826398,0.35906040268456374,24.0,-15.0,-15.0,32.0,-19.0,-19.0,40.0,-16.0,-16.0,0.0003809568678994409,0.00034650857835302735,0.00022458378933827542,-0.03862316753965178,-0.043629896759490805,-0.042241107810816025,-0.584575891494751
80,0,test,3.1670382791803084,1.4779930232014062,2.0134514783980997,5.017657032677236,2.341639548807047,3.189986378425905,23.737077548466388,18.32276859089548,20.56753649037028,37.60753852558229,29.029446622924763,32.58591624679147,2.962618948826239,1.3591973904126498,1.853873061224326,4.523082364620212,2.075110519713969,2.83034055148752,19.348578395154924,14.37856985517148,16.318023041982897,29.539814343747974,21.952015046063327,24.913012277836486,3.1670382791803084,1.4779930232014062,2.0134514783980997,5.017657032677236,2.341639548807047,3.189986378425905,23.737077548466388,18.32276859089548,20.56753649037028,37.60753852558229,29.029446622924763,32.58591624679147,0.6633165829145728,-0.0016834170854271857,-0.0016834170854271857,0.5879396984924623,-0.002060301507537776,-0.002060301507537776,0.4321608040201005,-0.002839195979899567,-0.002839195979899567,0.4274809160305344,0.09986186841148681,0.1850951292285039,0.46743295019157083,0.4321608040201005,0.10885253334340872,0.19676848348587683,0.46464646464646464,0.4274809160305344,0.09986186841148681,0.1850951292285039,0.46743295019157083,22.0,-5.0,-5.0,34.0,-9.0,-9.0,45.0,-11.0,-11.0,-0.0003867634196436129,-0.0005052041134232222,-0.00018120697774080076,-0.00012787541372372146,-0.00017828449388890277,8.936283448512938e-05,-0.9056737422943115
203,0,test,3.1311202776033196,1.491525493572653,2.029717907949686,5.283765468455602,2.516949270403852,3.425148969665096,22.899619108455262,17.746538130049352,19.89123717780349,38.64310724551826,29.947283094458285,33.56646273754339,3.1711917522564605,1.517653259269729,2.062645717137848,5.1564093532625375,2.4677288768613477,3.353895475020891,23.835873892918105,18.610436567532503,20.805924143241494,38.75751852507009,30.26087246753253,33.830770964620314,3.1311202776033196,1.491525493572653,2.029717907949686,5.283765468455602,2.516949270403852,3.425148969665096,22.899619108455262,17.746538130049352,19.89123717780349,38.64310724551826,29.947283094458285,33.56646273754339,0.6934673366834171,-0.0015326633165829717,-0.0015326633165829717,0.5477386934673367,-0.002261306532663321,-0.002261306532663321,0.4120603015075377,-0.0029396984924623393,-0.0029396984924623393,0.3977695167286245,0.08979178017945932,0.16538385541836487,0.3955223880597015,0.3869346733668342,0.08117026233926528,0.15488125099621652,0.38383838383838387,0.3977695167286245,0.08979178017945932,0.16538385541836487,0.3955223880597015,26.0,-8.0,-8.0,38.0,-11.0,-11.0,44.0,-7.0,-7.0,7.420695572861772e-05,0.00027715849007925507,6.839751763248003e-05,-0.00017638486674709242,0.00021985158203818855,6.483093570341936e-05,-0.47749948501586914
61,0,test,3.4272379762986125,1.6147070905947363,2.20871148703334,5.2853790477858125,2.490150693929232,3.4062056667502114,30.79147839770412,24.665546535026472,27.409278046185882,47.48565343260395,38.038433210643234,42.269729998937265,3.4471112232112406,1.6246382801108252,2.221068820803679,5.10683144179443,2.4068715260901112,3.290472327116561,31.40952601601843,25.22238602396014,28.0018095721762,46.53263113484211,37.36649781327428,41.484162329149925,3.4272379762986125,1.6147070905947363,2.20871148703334,5.2853790477858125,2.490150693929232,3.4062056667502114,30.79147839770412,24.665546535026472,27.409278046185882,47.48565343260395,38.038433210643234,42.269729998937265,0.7135678391959799,-0.0014321608040201994,-0.0014321608040201994,0.5628140703517588,-0.0021859296482411583,-0.0021859296482411583,0.44221105527638194,-0.0027889447236180143,-0.0027889447236180143,0.39607843137254906,0.08100993822186409,0.15357517192013703,0.37401574803149606,0.39698492462311563,0.08620798226722592,0.15992315500708887,0.36868686868686873,0.39607843137254906,0.08100993822186409,0.15357517192013703,0.37401574803149606,25.0,-7.0,-7.0,37.0,-7.0,-7.0,44.0,-5.0,-5.0,-7.105482564074426e-05,-4.3516252773029126e-05,9.910360452810404e-05,-7.936596070123869e-05,-0.0001398081572467902,0.00011389473326595123,-0.447495698928833
159,0,test,2.9056510369249637,1.3306703382867378,1.8197514839293587,5.021905549367423,2.2998290817788125,3.1451196167334,18.277138871963725,13.446490492845232,15.315035682528029,31.588812270041355,23.23988819283656,26.46933912760625,2.917387319569612,1.2216738562858913,1.7444061982643786,4.782602163228872,2.0027440266981826,2.8596822922366862,18.492908228102582,13.042374894391731,15.261296107376491,30.31624299688948,21.380942449822513,25.018518208813923,2.9056510369249637,1.3306703382867378,1.8197514839293587,5.021905549367423,2.2998290817788125,3.1451196167334,18.277138871963725,13.446490492845232,15.315035682528029,31.588812270041355,23.23988819283656,26.46933912760625,0.6984924623115578,-0.0015075376884421399,-0.0015075376884421399,0.5326633165829145,-0.0023366834170853723,-0.0023366834170853723,0.39698492462311563,-0.0030150753768843908,-0.0030150753768843908,0.4093959731543624,0.08108776544916974,0.16051204458293378,0.4107744107744108,0.40201005025125625,0.08120804523872494,0.1515926879808055,0.4040404040404041,0.4093959731543624,0.08108776544916974,0.16051204458293378,0.4107744107744108,17.0,-8.0,-8.0,31.0,-21.0,-21.0,39.0,-27.0,-27.0,0.00033588259795223636,0.00010554651778347103,-0.00012379614876048138,-0.004164545041596135,-0.0051369738128368425,-0.004225001702157449,-0.7355246543884277
355,0,test,2.532220052439591,1.1683016626415597,1.5896064975091229,4.0937557514440055,1.8887543546038548,2.5698638376397485,12.581406537309382,8.66991648167908,10.014725716107074,20.339940568650167,14.01636497871451,16.19047324103977,2.5138120237906376,1.0900388966984818,1.5137087021738804,3.8674031135240576,1.6769829179976639,2.3287826187290466,12.35192626505758,8.199166457483422,9.633363564815404,19.00296348470397,12.614102242282188,14.820559330485235,2.532220052439591,1.1683016626415597,1.5896064975091229,4.0937557514440055,1.8887543546038548,2.5698638376397485,12.581406537309382,8.66991648167908,10.014725716107074,20.339940568650167,14.01636497871451,16.19047324103977,0.5979899497487438,-0.0020100502512562235,-0.0020100502512562235,0.4723618090452262,-0.0026381909547738003,-0.0026381909547738003,0.3316582914572864,-0.0033417085427135396,-0.0033417085427135396,0.4137931034482759,0.12635764733812105,0.19934356216387228,0.4256055363321799,0.40703517587939697,0.12132089016511127,0.1866678970814003,0.4292929292929293,0.4137931034482759,0.12635764733812105,0.19934356216387228,0.4256055363321799,20.0,-10.0,-10.0,32.0,-16.0,-16.0,40.0,-17.0,-17.0,0.00011367782765253862,-7.505536210444007e-06,-0.00010899777483124805,-0.00032191322581809345,0.00013850755599076336,-8.764760639934366e-06,-1.173520565032959
295,0,test,3.3919305142028864,1.5818529101670957,2.1600813187422867,5.3413158671930505,2.490963778079219,3.4015073639964744,29.72327812895714,23.61235648294509,26.295716217444006,46.80562188123136,37.182676300729625,41.40819680218195,3.628936614223461,1.683780763894265,2.2924902603158834,5.376202391442164,2.4944900205840965,3.3962818671346424,37.6727346594667,30.678012759667137,33.86723859746354,55.811458754765475,45.44890779209946,50.173686811057095,3.3919305142028864,1.5818529101670957,2.1600813187422867,5.3413158671930505,2.490963778079219,3.4015073639964744,29.72327812895714,23.61235648294509,26.295716217444006,46.80562188123136,37.182676300729625,41.40819680218195,0.7537688442211055,-0.0012311557788945438,-0.0012311557788945438,0.6030150753768844,-0.0019849246231156137,-0.0019849246231156137,0.4723618090452262,-0.0026381909547738003,-0.0026381909547738003,0.42490842490842495,0.11777862600531708,0.18861122637005712,0.3933823529411765,0.42211055276381915,0.11383987607208979,0.1750320886569744,0.3939393939393939,0.42490842490842495,0.11777862600531708,0.18861122637005712,0.3933823529411765,25.0,0.0,0.0,39.0,0.0,0.0,45.0,0.0,0.0,0.0002463576740946886,0.0003227251921850498,-0.0001843844919048814,-0.02468851597226074,-0.027271756650342205,-0.025222379645141402,-0.4939761161804199
81,0,test,3.1486690725124644,1.5240201251349346,2.002462222681524,5.475946213065156,2.650469782843365,3.4825429959678678,23.305026630353467,18.228390072604046,20.158790529311442,40.530481096266904,31.701547952354865,35.05876613793295,3.039941168909696,1.4261098812723054,1.9567419675869397,5.024696146958175,2.3572064153261247,3.234284243945355,20.90401339301699,15.881998191892153,17.94989813391958,34.55208825292064,26.251236680813474,29.669253113916657,3.0829211445556437,1.481448758419963,2.0091534155432424,5.22529007551804,2.510930099016886,3.40534477210719,21.822054758509463,16.861724186315758,18.895670179549363,36.98653348899909,28.579193536128408,32.02655962635486,0.6381909547738693,-0.0018090452261306789,-0.0018090452261306789,0.5125628140703518,-0.0024371859296482556,-0.0024371859296482556,0.40201005025125625,-0.002989949748743781,-0.002989949748743781,0.38997214484679665,0.10624474568128905,0.16514321034044277,0.3743016759776536,0.3919597989949749,0.10875177894484955,0.18160921468779623,0.3484848484848485,0.4013377926421404,0.12420924506284159,0.19332889386572216,0.37248322147651003,24.0,-8.0,-8.0,35.0,-11.0,-11.0,43.0,-9.0,-9.0,0.0006163190111645683,-0.0004343770000801194,0.00013580341696997047,-0.0044054295615252315,-0.0036250944510634042,-0.004067265240248474,-0.5170471668243408
433,0,test,3.0293204093435007,1.3933719247665581,1.9202758209989186,4.723940242293082,2.1728324569379494,2.994489522844848,20.683171721864618,15.548846205020375,17.65171100434813,32.25346085340274,24.246963141492166,27.526183001830002,3.0915807251954197,1.333353432737801,1.8915201621796014,4.513256533131999,1.946501361661023,2.7613433024519725,22.01184516809048,16.20970239792166,18.691527162971205,32.134080537358365,23.663799121053515,27.286900967841177,3.016125135995871,1.3688617722707153,1.8985843973893917,4.737369323553724,2.1500446684880345,2.9820697341194635,20.412044351122294,15.219294653594389,17.354718164973153,32.06080264574182,23.90465128836815,27.258719630847885,0.6934673366834171,-0.0015326633165829717,-0.0015326633165829717,0.5577889447236181,-0.00221105527638199,-0.00221105527638199,0.42211055276381915,-0.0028894472361808976,-0.0028894472361808976,0.4140127388535032,0.09604771500612641,0.17672460326028283,0.3865814696485623,0.4170854271356784,0.10630848477978871,0.18169310660145477,0.3787878787878788,0.4046822742474916,0.09082584686852668,0.17108939326862616,0.37583892617449666,23.0,-14.0,-14.0,34.0,-24.0,-24.0,41.0,-28.0,-28.0,0.0006946008177512144,0.00015991742838539547,4.028789546052957e-05,0.0004478011750661537,4.5542954798527546e-05,-9.287412789138472e-05,-0.5444130897521973
324,0,test,3.8559804880394126,1.8847128924609153,2.5412712990922977,5.894774769071746,2.8812277551413996,3.884931985968685,47.27494674450099,40.09517497499167,43.55127880051771,72.2708955979153,61.2949226629183,66.57839172952707,3.943575135427504,1.8973982172590893,2.578769071842334,5.477187688093756,2.6352753017487354,3.581623710892131,51.60275876144841,43.86449828135877,47.68779503711284,71.67049827978947,60.922914279664965,66.23304866265673,3.8559804880394126,1.8847128924609153,2.5412712990922977,5.894774769071746,2.8812277551413996,3.884931985968685,47.27494674450099,40.09517497499167,43.55127880051771,72.2708955979153,61.2949226629183,66.57839172952707,0.7738693467336684,-0.0011306532663316604,-0.0011306532663316604,0.6331658291457287,-0.0018341708542712887,-0.0018341708542712887,0.5276381909547738,-0.002361809045226204,-0.002361809045226204,0.44150943396226416,0.11947553565717939,0.19809663596979243,0.41666666666666663,0.42211055276381915,0.09629601642296703,0.1817098849841864,0.40909090909090906,0.44150943396226416,0.11947553565717939,0.19809663596979243,0.41666666666666663,25.0,-6.0,-6.0,35.0,-4.0,-4.0,43.0,-3.0,-3.0,7.695513241371816e-05,0.00047399984252618094,0.00020609845832242688,-0.0001486651793047855,0.00023534568223659846,7.884916357880911e-05,-0.8383746147155762
376,0,test,2.983344066809941,1.442128221590397,1.953525452809443,4.704504105354138,2.274125272507934,3.0805593678918144,19.753764224063477,15.083499084111175,16.953206417414517,31.150166661023174,23.785517786483005,26.733902427461352,3.08572116209634,1.473720893592802,2.009566642496196,4.472059655212087,2.1358273820185536,2.9124154239075306,21.88324251803079,16.8704143094834,18.949864929796956,31.714844229030135,24.44987581084551,27.463572362024575,2.983344066809941,1.442128221590397,1.953525452809443,4.704504105354138,2.274125272507934,3.0805593678918144,19.753764224063477,15.083499084111175,16.953206417414517,31.150166661023174,23.785517786483005,26.733902427461352,0.6783919597989949,-0.0016080402010050232,-0.0016080402010050232,0.542713567839196,-0.0022864321608039306,-0.0022864321608039306,0.4120603015075377,-0.0029396984924623393,-0.0029396984924623393,0.40909090909090906,0.1246231953038236,0.18816067653276958,0.3543859649122807,0.40703517587939697,0.11630835883679047,0.1816595498359913,0.3434343434343434,0.40909090909090906,0.1246231953038236,0.18816067653276958,0.3543859649122807,20.0,0.0,0.0,31.0,0.0,0.0,41.0,0.0,0.0,3.968871301844917e-05,0.0005501017819667626,-1.9289772289793183e-05,-0.01781868769184669,-0.019511992859650995,-0.01738414915551001,-0.729363203048706
205,0,test,3.102798933370246,1.39786869255568,1.9509430136622405,5.009546881251402,2.2568941460815166,3.149846541611103,22.260168898899337,16.759166990485237,19.09610919428061,35.93960230045759,27.05809642597896,30.83114836395026,3.258719065081534,1.457979036100256,2.0332875368468137,4.827731948268939,2.1599689423707495,3.0122778323656494,26.016190742626176,19.96206470683113,22.61055534905321,38.54250480389063,29.573429195305373,33.497119035634384,3.102798933370246,1.39786869255568,1.9509430136622405,5.009546881251402,2.2568941460815166,3.149846541611103,22.260168898899337,16.759166990485237,19.09610919428061,35.93960230045759,27.05809642597896,30.83114836395026,0.6984924623115578,-0.0015075376884421399,-0.0015075376884421399,0.5628140703517588,-0.0021859296482411583,-0.0021859296482411583,0.4522613065326633,-0.0027386934673366836,-0.0027386934673366836,0.39583333333333337,0.07520941652224156,0.15333910700538878,0.3344947735191638,0.40703517587939697,0.08122063953854486,0.16329560993615821,0.33838383838383834,0.39583333333333337,0.07520941652224156,0.15333910700538878,0.3344947735191638,21.0,0.0,0.0,31.0,1.0,1.0,39.0,0.0,0.0,0.0009211953734976979,0.0005862614733558493,9.485314345071766e-05,-0.0003080533820964959,0.0001462546060908565,-1.7556467044599344e-06,-0.5013234615325928
402,0,test,3.4439772204919294,1.6596908528465937,2.2472415396379395,5.4003193102388245,2.602473822510931,3.523781112450023,31.311242566815253,25.35591405114336,28.001945895331737,49.09751053376356,39.75927351214787,43.90837669978053,3.6919885951669973,1.7719498741493271,2.402932572072387,5.429394992892643,2.605808638454893,3.533724370694687,40.1245591778088,33.303336588951176,36.49520027060177,59.00670467324823,48.97549498375173,53.66941216264966,3.4439772204919294,1.6596908528465937,2.2472415396379395,5.4003193102388245,2.602473822510931,3.523781112450023,31.311242566815253,25.35591405114336,28.001945895331737,49.09751053376356,39.75927351214787,43.90837669978053,0.7638190954773869,-0.001180904522613102,-0.001180904522613102,0.5879396984924623,-0.002060301507537776,-0.002060301507537776,0.4773869346733668,-0.0026130653266331905,-0.0026130653266331905,0.41287878787878785,0.11042132096007329,0.16224906495687352,0.35361216730038025,0.40201005025125625,0.08622057656704574,0.1482537898171995,0.35858585858585856,0.41287878787878785,0.11042132096007329,0.16224906495687352,0.35361216730038025,27.0,0.0,0.0,34.0,0.0,0.0,45.0,1.0,1.0,0.0005972798478426235,0.0005381634816997662,0.00029277605425543176,-0.000141735257445319,-0.00018927773293242467,8.23537205478786e-05,-0.8532412052154541
261,0,test,2.9428704297742363,1.355526024897921,1.804261977495622,5.178874922985053,2.3854600144036944,3.175147303533962,18.970220922630546,14.079477090268188,15.847800578896965,33.38386917266846,24.777118997089605,27.889021606980446,3.0767515945674186,1.3841382871714454,1.9132517027099467,4.697330678728883,2.113188224689229,2.920994965969384,21.687836958276268,16.254174962170495,18.486719700714602,33.1112014630172,24.815534293390066,28.223999543075728,3.137542313556607,1.4296660384574276,1.9739441208770037,5.033490342604183,2.293581879878226,3.1667552741342306,23.047154517475935,17.52992257345779,19.845722571989324,36.97404468044268,28.12287043870234,31.838057602121914,0.6130653266331658,-0.001934673366834172,-0.001934673366834172,0.507537688442211,-0.0024623115577889765,-0.0024623115577889765,0.42211055276381915,-0.0028894472361808976,-0.0028894472361808976,0.4050279329608939,0.12887730534583108,0.19095168662658302,0.4005602240896359,0.4170854271356784,0.13638367274971352,0.20172649558309075,0.4242424242424242,0.4180602006688964,0.13592330584418855,0.19892783136967507,0.4295302013422819,24.0,-5.0,-5.0,34.0,-4.0,-4.0,44.0,-7.0,-7.0,7.269877224879219e-05,0.00011359258043461094,-0.00015963960409594289,-0.008503994374367885,-0.011933545932851786,-0.00990351556429836,-0.7724623680114746
46,0,test,2.7622015201972308,1.2484647089945666,1.732587284766883,5.074381444407273,2.2935278642765358,3.182899113026802,15.83466493821688,11.290986961068182,13.034679447081558,29.089524914589436,20.742431102636488,23.945731343795895,3.0730809494478617,1.331309326142352,1.8928980775337925,4.996879592598149,2.1647306116135807,3.0778830529004755,21.60837453379256,15.900928618470108,18.35340514284338,35.135568347630176,25.855168485317243,29.842935191615247,2.8497321601695442,1.266417001841394,1.7731465944582565,4.999530105560605,2.221784213756832,3.1107834990495737,17.283152104052103,12.41207463746937,14.348509822265305,30.321319480793168,21.77556953941995,25.17282424958826,0.6783919597989949,-0.0016080402010050232,-0.0016080402010050232,0.5678391959798995,-0.0021608040201005485,-0.0021608040201005485,0.4321608040201005,-0.002839195979899567,-0.002839195979899567,0.40797546012269936,0.1216048628792078,0.183485664204332,0.37230769230769234,0.4170854271356784,0.09628342212314711,0.17501531027424266,0.40909090909090906,0.4013377926421404,0.1058453051630085,0.17330664692467657,0.3791946308724832,25.0,-11.0,-11.0,37.0,-13.0,-13.0,42.0,-10.0,-10.0,0.0010751699585382526,0.00030751122458579365,0.0004289418739880605,0.0004004140563926839,-9.393457993667198e-07,-0.00013492881151577762,-0.40134572982788086
115,0,test,3.1338719877981602,1.4751290701629565,2.00984559122557,5.197166588460303,2.44633206045658,3.333097968057312,22.96271900030627,17.710015388984694,19.8854996016688,38.081030888706664,29.370025520862807,32.977816109599814,3.2652428958883237,1.4887347417601942,2.0528958799756993,4.947337721042914,2.2556586996366574,3.1104483029934835,26.186470804493513,20.277284421267126,22.82510622656429,39.67647091589926,30.7231582140411,34.583494282673165,3.1338719877981602,1.4751290701629565,2.00984559122557,5.197166588460303,2.44633206045658,3.333097968057312,22.96271900030627,17.710015388984694,19.8854996016688,38.081030888706664,29.370025520862807,32.977816109599814,0.6884422110552764,-0.0015577889447235815,-0.0015577889447235815,0.5728643216080402,-0.0021356783919597166,-0.0021356783919597166,0.46733668341708545,-0.002663316582914521,-0.002663316582914521,0.42105263157894735,0.11336032388663964,0.19105263157894736,0.39622641509433965,0.42713567839195976,0.11134620470774925,0.18840445969413,0.41414141414141414,0.42105263157894735,0.11336032388663964,0.19105263157894736,0.39622641509433965,20.0,-7.0,-7.0,35.0,-11.0,-11.0,40.0,-5.0,-5.0,0.0005059116657590357,0.000344341219548324,7.324058894474394e-05,-0.0065879755097322246,-0.0069859003508288,-0.0076110402090279194,-0.8973813056945801
341,0,test,2.3176805657167163,1.0219341407113216,1.4354898321003167,4.785859869466986,2.110227641209093,2.9641932896616927,10.152099848503621,6.49837766234282,7.735912713494684,20.963426959897088,13.418727900162448,15.97415742137214,2.3769034854131728,1.0798190792081843,1.4963322830490615,4.1700061147599525,1.894419437207341,2.625144356226424,10.7714970720571,7.1128830024083936,8.359219860648349,18.897363284310703,12.478742109488412,14.665298001137455,2.306359553815529,1.0330366475761261,1.433515478878852,4.739094973593552,2.122678042964642,2.9455797511209285,10.0378159306937,6.465111308404762,7.644106861099292,20.625649172658285,13.284475291242657,15.707068892669776,0.5778894472361809,-0.002110552763819218,-0.002110552763819218,0.42211055276381915,-0.0028894472361808976,-0.0028894472361808976,0.3316582914572864,-0.0033417085427135396,-0.0033417085427135396,0.4006309148264984,0.10771752899972675,0.17187960317906925,0.38291139240506333,0.38190954773869346,0.1037140590168889,0.1598728198588938,0.3535353535353535,0.3946488294314381,0.11251193460673026,0.16884237781853484,0.37583892617449666,15.0,-1.0,-1.0,24.0,-1.0,-1.0,34.0,-6.0,-6.0,0.000245816922903659,-3.28055442851691e-05,-4.792352757307143e-05,-0.00889930798150207,-0.008698070454324913,-0.00847134481773626,-0.21344614028930664
222,0,test,2.845744532697341,1.2893188943235026,1.7782339499903022,4.245291024187837,1.923410153826865,2.652775236870779,17.214370560644003,12.472528700242446,14.306239630708586,25.680454442927942,18.606559208558405,21.34209518679478,3.0556862659789807,1.365877470353576,1.8905177310457537,4.273687085285288,1.910318140354652,2.644080742721334,21.23575390289143,15.817309327119691,18.029290664156452,29.700355108939068,22.122110947020552,25.215791138680355,2.845744532697341,1.2893188943235026,1.7782339499903022,4.245291024187837,1.923410153826865,2.652775236870779,17.214370560644003,12.472528700242446,14.306239630708586,25.680454442927942,18.606559208558405,21.34209518679478,0.7236180904522613,-0.0013819095477386467,-0.0013819095477386467,0.542713567839196,-0.0022864321608039306,-0.0022864321608039306,0.40703517587939697,-0.00296482412060306,-0.00296482412060306,0.40441176470588236,0.10899892066918515,0.16480296274989215,0.36900369003690037,0.40201005025125625,0.08872684223120608,0.1515926879808055,0.38383838383838387,0.40441176470588236,0.10899892066918515,0.16480296274989215,0.36900369003690037,21.0,-7.0,-7.0,29.0,-5.0,-5.0,36.0,-4.0,-4.0,0.000516189795574827,0.0004994953115126799,0.00022162039009577947,-0.00019717463232815646,0.00020823100688893703,5.431726479621091e-05,-0.9857451915740967
109,0,test,3.446214061449556,1.6334630773364052,2.2246633228420887,5.534214345739581,2.6231495300755214,3.57254757138759,31.3813592272964,25.254078908369358,27.98891477604175,50.39477099442304,40.55507965873432,44.94690431681998,3.5823060843213717,1.7135415487950865,2.323123244481965,5.307120124920551,2.538580072289017,3.4416640658992073,35.956363718720645,29.476078429390316,32.4338218886132,53.26868699069725,43.6682643398375,48.05010650164918,3.446214061449556,1.6334630773364052,2.2246633228420887,5.534214345739581,2.6231495300755214,3.57254757138759,31.3813592272964,25.254078908369358,27.98891477604175,50.39477099442304,40.55507965873432,44.94690431681998,0.7236180904522613,-0.0013819095477386467,-0.0013819095477386467,0.5829145728643217,-0.002085427135678275,-0.002085427135678275,0.46733668341708545,-0.002663316582914521,-0.002663316582914521,0.4154411764705882,0.11452374527792764,0.18316733783978134,0.40590405904059046,0.42211055276381915,0.12135867306457104,0.1783709868205804,0.4242424242424242,0.4154411764705882,0.11452374527792764,0.18316733783978134,0.40590405904059046,20.0,0.0,0.0,35.0,0.0,0.0,43.0,0.0,0.0,0.0002686018887082575,-0.00013659542123329698,-0.0001321901299861887,-0.021634299959178982,-0.02308068928782081,-0.02238098677154543,0.021824359893798828
28,0,test,2.4468654142485726,1.0912580562362586,1.5204917635203845,4.736432337581165,2.112363808857329,2.9432376279573154,11.552078924666887,7.672962671023018,9.026744117769505,22.361524204176618,14.8526634560517,17.47319754225383,2.3907277739826758,1.0775546663478661,1.4955030465287849,4.55376718853843,2.05248507875784,2.8485772314833997,10.921439390888226,7.203486912812918,8.473553556082303,20.802741696929953,13.720927452976987,16.140102011585338,2.4468654142485726,1.0912580562362586,1.5204917635203845,4.736432337581165,2.112363808857329,2.9432376279573154,11.552078924666887,7.672962671023018,9.026744117769505,22.361524204176618,14.8526634560517,17.47319754225383,0.6080402010050252,-0.001959798994974782,-0.001959798994974782,0.457286432160804,-0.0027135678391959628,-0.0027135678391959628,0.3417085427135679,-0.003291457286432098,-0.003291457286432098,0.41481481481481486,0.11721777230095165,0.18205619412515972,0.3643122676579925,0.4120603015075377,0.11381468747244994,0.18334577730052604,0.33333333333333337,0.41481481481481486,0.11721777230095165,0.18205619412515972,0.3643122676579925,14.0,0.0,0.0,25.0,-1.0,-1.0,31.0,-2.0,-2.0,-0.00021200469007897322,0.0002893255558230305,0.0002117137138497059,-0.0242767676553326,-0.026831688886877814,-0.025530927484036958,-0.34717512130737305
337,0,test,3.05974634818311,1.4687296642447416,1.9955789611024675,4.8159321219923505,2.3117283472727883,3.140970435818085,21.322148074444375,16.413411048114632,18.423723361183843,33.560304069835524,25.83412626507983,28.998286473815988,3.244698929427257,1.5143328021519147,2.086739019333218,5.030540975856212,2.347802794033976,3.2352542935398723,25.653985237399635,20.01126575361601,22.47055307827438,39.773620523100206,31.025218222660474,34.838066788022296,3.05974634818311,1.4687296642447416,1.9955789611024675,4.8159321219923505,2.3117283472727883,3.140970435818085,21.322148074444375,16.413411048114632,18.423723361183843,33.560304069835524,25.83412626507983,28.998286473815988,0.7437185929648241,-0.0012814070351758744,-0.0012814070351758744,0.5577889447236181,-0.00221105527638199,-0.00221105527638199,0.42713567839195976,-0.002864321608040288,-0.002864321608040288,0.3886792452830189,0.09056603773584904,0.14842767295597492,0.31060606060606055,0.3869346733668342,0.0653266331658292,0.13400335008375208,0.31818181818181823,0.3886792452830189,0.09056603773584904,0.14842767295597492,0.31060606060606055,18.0,1.0,1.0,28.0,0.0,0.0,37.0,0.0,0.0,0.0002579300271815357,0.0005515878343906478,0.0003214306603092918,-0.0001486651793047855,0.00023534568223659846,7.884916357880911e-05,-0.868678092956543
235,0,test,3.2406771090637716,1.535666395709552,2.0897546645095773,5.650411369649653,2.6775721771346035,3.6436747996577243,25.55101671640785,20.049572110587288,22.38990920479478,44.55049068501882,34.958228295382966,39.03881604938577,3.492325497632051,1.6150209564935716,2.2169500916183456,5.45675859005008,2.523470244521206,3.4639845181536653,32.862280070953915,26.326416125653864,29.282234942617556,51.347312610865494,41.13502519633416,45.75349209783993,3.2406771090637716,1.535666395709552,2.0897546645095773,5.650411369649653,2.6775721771346035,3.6436747996577243,25.55101671640785,20.049572110587288,22.38990920479478,44.55049068501882,34.958228295382966,39.03881604938577,0.7839195979899498,-0.0010804020100502187,-0.0010804020100502187,0.6432160804020101,-0.001783919597989958,-0.001783919597989958,0.46733668341708545,-0.002663316582914521,-0.002663316582914521,0.4022140221402214,0.0836136538160962,0.15926923686414773,0.3851851851851852,0.3919597989949749,0.04860140300499993,0.13152574223370617,0.41414141414141414,0.4022140221402214,0.0836136538160962,0.15926923686414773,0.3851851851851852,24.0,-5.0,-5.0,35.0,-7.0,-7.0,45.0,-9.0,-9.0,0.00048215027126326254,0.0002441139573480553,-4.456773423758173e-05,-0.006622625119035774,-0.0070052679760781444,-0.005706966789713164,-0.7876513004302979
199,0,test,2.954125738913013,1.335725198522768,1.842980641240553,4.626272383580757,2.0917960656111276,2.8861772306219984,19.184942736967912,14.13992817412722,16.14710771563857,30.044344286195034,22.14366110287848,25.286980007509463,2.965134911201707,1.3239406483027527,1.8301930421330834,4.360492516473098,1.9469715416216946,2.691460356078063,19.397319980702154,14.235990163001244,16.286327287956205,28.525470559856107,20.935279651472417,23.950481305817945,2.954125738913013,1.335725198522768,1.842980641240553,4.626272383580757,2.0917960656111276,2.8861772306219984,19.184942736967912,14.13992817412722,16.14710771563857,30.044344286195034,22.14366110287848,25.286980007509463,0.6582914572864322,-0.0017085427135676845,-0.0017085427135676845,0.5025125628140703,-0.0024874371859296973,-0.0024874371859296973,0.40703517587939697,-0.00296482412060306,-0.00296482412060306,0.41129032258064513,0.11350360225871359,0.1793868373259534,0.39676113360323884,0.40703517587939697,0.10628329618014887,0.1783206516723853,0.3939393939393939,0.41129032258064513,0.11350360225871359,0.1793868373259534,0.39676113360323884,23.0,0.0,0.0,33.0,0.0,0.0,40.0,0.0,0.0,-0.00017888858660930688,-2.5344047143361877e-05,-3.563843506203436e-05,-3.085650767697956e-05,-0.00010133182060556578,-0.00011602607612637428,-0.449446439743042
120,0,test,2.2713588112093546,1.0028000591564563,1.2319504449743506,4.814807480011496,2.1257272087326964,2.6114782870029205,9.69256223231509,6.136838044887359,6.865018583219218,20.54621264870959,13.008818147235182,14.552409184219904,2.3672029103466015,1.0036926189674042,1.4009577536508742,4.508957924469716,1.911795464699817,2.668490959334998,10.667512526496134,6.7576184180988985,8.03945456249611,20.319071479040254,12.871654129712187,15.313246785706873,2.3744505265085993,1.0292205527314906,1.4346361492266975,4.655785346095293,2.0180795151597852,2.81301205730725,10.745107412006645,6.906038087646043,8.185601140286158,21.068838062758125,13.541251152247142,16.050198314286583,0.5175879396984925,-0.002412060301507535,-0.002412060301507535,0.4170854271356784,-0.0029145728643216184,-0.0029145728643216184,0.3417085427135679,-0.003291457286432098,-0.003291457286432098,0.3645320197044335,0.1136095104793412,0.14752322205047452,0.345679012345679,0.37688442211055273,0.11122026170955024,0.16319493963976806,0.36868686868686873,0.36454849498327757,0.09743664189479673,0.15876429031141992,0.36241610738255037,23.0,-12.0,-12.0,33.0,-12.0,-12.0,39.0,-11.0,-11.0,0.0002843694230429387,0.0004213896865384459,8.659743421911345e-05,-0.07141924598222094,-0.07636002760715321,-0.07397559485266303,-0.7311086654663086
52,0,test,3.1104704201650275,1.4472657382274998,1.9823658392333412,4.665705630247541,2.1708986073412495,2.973548758850012,22.431594193376476,17.155401895065083,19.34179970237412,33.64739129006472,25.73310284259763,29.012699553561184,3.1796315471131598,1.4333260551231444,1.986433387850746,4.6417978789973136,2.092446795800211,2.8999027559864907,24.037895088362582,18.304513612951812,20.740284443335284,35.09181764724464,26.721917683141328,30.277787508518657,3.1104704201650275,1.4472657382274998,1.9823658392333412,4.665705630247541,2.1708986073412495,2.973548758850012,22.431594193376476,17.155401895065083,19.34179970237412,33.64739129006472,25.73310284259763,29.012699553561184,0.7236180904522613,-0.0013819095477386467,-0.0013819095477386467,0.5477386934673367,-0.002261306532663321,-0.002261306532663321,0.44723618090452266,-0.0027638190954772934,-0.0027638190954772934,0.41007194244604317,0.1084561435232424,0.17322983718288532,0.3465703971119134,0.4321608040201005,0.13140892432085238,0.18508233991325573,0.3535353535353535,0.41007194244604317,0.1084561435232424,0.17322983718288532,0.3465703971119134,22.0,-4.0,-4.0,34.0,-7.0,-7.0,42.0,-3.0,-3.0,0.000317333328298362,0.0005595746819270131,0.000309256022094195,-0.00023875416349117273,0.00018498985658865763,3.328992298534672e-05,-1.5583231449127197
331,0,test,3.0806939969671534,1.4230217151533209,1.9484812858555989,4.588612637587918,2.119553396780999,2.902211599458602,21.77350790245163,16.526425014364662,18.670994024891776,32.43106703365164,24.615675152974728,27.809954258128272,2.9670408425019614,1.3170856110576814,1.8146758841941826,4.238629775002802,1.8815508729395445,2.5923941202774037,19.434325193489073,14.227578470057853,16.2686544503431,27.763321704984392,20.32511210008265,23.24093492906157,3.0806939969671534,1.4230217151533209,1.9484812858555989,4.588612637587918,2.119553396780999,2.902211599458602,21.77350790245163,16.526425014364662,18.670994024891776,32.43106703365164,24.615675152974728,27.809954258128272,0.6984924623115578,-0.0015075376884421399,-0.0015075376884421399,0.5527638190954773,-0.0022361809045226,-0.0022361809045226,0.44221105527638194,-0.0027889447236180143,-0.0027889447236180143,0.44326241134751776,0.1229084290466328,0.20033788304563094,0.4733096085409253,0.44221105527638194,0.12892784725633177,0.20014093841494618,0.4747474747474747,0.44326241134751776,0.1229084290466328,0.20033788304563094,0.4733096085409253,25.0,-9.0,-9.0,41.0,-16.0,-16.0,48.0,-13.0,-13.0,-0.00028671400582836826,-0.0002828712727546173,-0.0001971008579213421,-0.00026647385093347964,0.00016949575638847136,1.9271695109068787e-05,-0.8952112197875977
406,0,test,3.172118676479325,1.5108615336668025,2.0524170423146186,5.368200837118858,2.556842595436127,3.473321148532431,23.857978184721702,18.592051477777204,20.794038292806697,40.37504000491365,31.46347173162296,35.189910957057485,3.1524699992270926,1.4432078405894362,2.0041908497624394,5.003920633693798,2.2908060961737085,3.181255317083237,23.393775886520224,17.868892400724683,20.24101308125075,37.13297759765115,28.363321270991563,32.128592192461504,3.172118676479325,1.5108615336668025,2.0524170423146186,5.368200837118858,2.556842595436127,3.473321148532431,23.857978184721702,18.592051477777204,20.794038292806697,40.37504000491365,31.46347173162296,35.189910957057485,0.7487437185929648,-0.0012562814070351536,-0.0012562814070351536,0.6130653266331658,-0.001934673366834172,-0.001934673366834172,0.44723618090452266,-0.0027638190954772934,-0.0027638190954772934,0.4486692015209125,0.10521569108447981,0.19582470088880122,0.4312977099236641,0.44221105527638194,0.10135892495056742,0.19346314208773419,0.41414141414141414,0.4486692015209125,0.10521569108447981,0.19582470088880122,0.4312977099236641,26.0,-16.0,-16.0,39.0,-19.0,-19.0,45.0,-18.0,-18.0,-7.693219934372874e-05,0.00011540893291687555,0.00017672512040492998,-0.00013480533558407615,-0.00018378111340844328,8.585827751517172e-05,-0.635474681854248
326,0,test,3.4459426806819056,1.599440310404025,2.195412810091266,5.7586558891932516,2.672890183158404,3.668844226259901,31.372844085414513,25.035230000765008,27.88065120780241,52.42844414273969,41.837397786513336,46.59249765599195,3.369910137138175,1.5301110789697208,2.1116764209647325,5.349063709743135,2.428747744396382,3.351867334864654,29.075914095543897,22.78064094533671,25.556714007137828,46.152244596101426,36.15974753228049,40.56621270974259,3.4459426806819056,1.599440310404025,2.195412810091266,5.7586558891932516,2.672890183158404,3.668844226259901,31.372844085414513,25.035230000765008,27.88065120780241,52.42844414273969,41.837397786513336,46.59249765599195,0.7437185929648241,-0.0012814070351758744,-0.0012814070351758744,0.6231155778894473,-0.0018844221105527303,-0.0018844221105527303,0.44723618090452266,-0.0027638190954772934,-0.0027638190954772934,0.41129032258064513,0.08533458817420647,0.16732249416241451,0.40485829959514175,0.40703517587939697,0.0787143738743844,0.16329560993615821,0.3939393939393939,0.41129032258064513,0.08533458817420647,0.16732249416241451,0.40485829959514175,17.0,0.0,0.0,29.0,0.0,0.0,37.0,0.0,0.0,-7.357636279638257e-06,-0.0001022326198032819,-2.1595670466138557e-05,-3.085650767697956e-05,-0.00010133182060556578,-0.00011602607612637428,-0.5999171733856201
209,0,test,2.7045153302531086,1.263721584406966,1.7356300444754948,4.454495838063944,2.081423786082062,2.8586847791361096,14.947070541777107,10.723023235068425,12.312064998299677,24.618704421750532,17.66145003423035,20.278695291317117,2.641676650574459,1.1943220637748184,1.66431556037926,4.226682640919135,1.9109153020397098,2.6629048966068165,14.036718561284037,9.784866841586101,11.379284309781214,22.458749698054458,15.65578694653776,18.20685489564994,2.7045153302531086,1.263721584406966,1.7356300444754948,4.454495838063944,2.081423786082062,2.8586847791361096,14.947070541777107,10.723023235068425,12.312064998299677,24.618704421750532,17.66145003423035,20.278695291317117,0.6281407035175879,-0.0018592964824121205,-0.0018592964824121205,0.4974874371859297,-0.002512562814070307,-0.002512562814070307,0.371859296482412,-0.003140703517587995,-0.003140703517587995,0.4229390681003584,0.13850257436153912,0.20839794771895193,0.36690647482014394,0.4170854271356784,0.12635861009307192,0.19838759741948475,0.33838383838383834,0.4229390681003584,0.13850257436153912,0.20839794771895193,0.36690647482014394,20.0,-6.0,-6.0,33.0,-10.0,-10.0,40.0,-7.0,-7.0,-0.0003158565113400279,0.0003441114129662981,1.5175153038312316e-05,-0.0002456840853515274,0.00018111633153772289,2.978536601450088e-05,-0.7044651508331299
251,0,test,3.438835625785859,1.5798992963887712,2.1596665375996396,5.520236136129932,2.5361541336767117,3.4668331261467897,31.150666011326987,24.733758347258227,27.5570135349534,50.005016491867,39.70419103112505,44.2362585692673,3.405049598396723,1.5489907979670943,2.13161871879109,5.1985490051858365,2.3648714472780066,3.254379723345177,30.115789381745326,23.717320014272467,26.542698981685287,45.97830439961118,36.20964887675186,40.523204552191274,3.438835625785859,1.5798992963887712,2.1596665375996396,5.520236136129932,2.5361541336767117,3.4668331261467897,31.150666011326987,24.733758347258227,27.5570135349534,50.005016491867,39.70419103112505,44.2362585692673,0.7085427135678393,-0.0014572864321606982,-0.0014572864321606982,0.6080402010050252,-0.001959798994974782,-0.001959798994974782,0.4773869346733668,-0.0026130653266331905,-0.0026130653266331905,0.4403292181069959,0.117947287922191,0.19819515517949926,0.4421487603305785,0.4321608040201005,0.10634626767924837,0.18842123807686173,0.4292929292929293,0.4403292181069959,0.117947287922191,0.19819515517949926,0.4421487603305785,23.0,-13.0,-13.0,38.0,-17.0,-17.0,48.0,-22.0,-22.0,1.3154065881935093e-05,-6.915702426455396e-06,4.304213911719707e-05,3.793101625682027e-06,-7.384872300431056e-05,-9.33731963588258e-05,-0.5281968116760254
264,0,test,3.0220373522451593,1.4264995944128018,1.9512241142417106,5.036728920408599,2.3774993240213367,3.2520401904028513,20.53308221987744,15.602102187475904,17.615330858183263,34.221803699795736,26.003503645793174,29.358884763638773,3.031809879307771,1.3891632454162375,1.9251788488843566,4.628717372988963,2.1208599166660114,2.939204349441766,20.734726001421823,15.565894571767396,17.71057306750583,31.656070231178354,23.76472453704946,27.039042851153937,3.0220373522451593,1.4264995944128018,1.9512241142417106,5.036728920408599,2.3774993240213367,3.2520401904028513,20.53308221987744,15.602102187475904,17.615330858183263,34.221803699795736,26.003503645793174,29.358884763638773,0.7035175879396984,-0.001482412060301641,-0.001482412060301641,0.5527638190954773,-0.0022361809045226,-0.0022361809045226,0.40201005025125625,-0.002989949748743781,-0.002989949748743781,0.39100346020761245,0.09912090407635166,0.16085386296940762,0.3715277777777778,0.39698492462311563,0.08871424793138627,0.15157590959807388,0.36868686868686873,0.39100346020761245,0.09912090407635166,0.16085386296940762,0.3715277777777778,20.0,-9.0,-9.0,31.0,-12.0,-12.0,40.0,-12.0,-12.0,0.00025126714340235423,0.00021454784365561945,9.498917726504468e-05,-0.0003149833039568506,0.00014238108104080993,-5.260203672641239e-06,-0.7526612281799316
386,0,test,3.074806477001735,1.4775583751210861,1.971735325993614,5.865527572976136,2.8186032047146803,3.7612994533899915,21.645692566832803,16.70627164572639,18.63228611325893,41.29151136390388,31.86902906331501,35.543111009531984,3.069777217342626,1.4124189724968843,1.9533508772140027,5.2474824228079076,2.4143914059775797,3.3390613285709447,21.537104047224958,16.291668678434963,18.48318304300679,36.81556247388882,27.84900628792301,31.595184688900495,3.019279597196292,1.439262375008339,1.957674301236378,5.696753956974136,2.715589386808187,3.693725096672411,20.47653501622274,15.62149559130382,17.585526826222928,38.63497172872215,29.47451998359211,33.180239294760234,0.6683417085427136,-0.0016582914572863539,-0.0016582914572863539,0.5376884422110553,-0.0023115577889447625,-0.0023115577889447625,0.40201005025125625,-0.002989949748743781,-0.002989949748743781,0.4228571428571428,0.12043203586712858,0.18923055439184466,0.4068767908309455,0.40201005025125625,0.10376443621616849,0.16327883155342648,0.36868686868686873,0.41137123745819393,0.112539851815456,0.18667713289757104,0.3926174496644296,23.0,0.0,0.0,33.0,0.0,0.0,40.0,0.0,0.0,0.0006929178107863965,-7.790251916250121e-05,0.00020302867913723027,-0.01062725507030482,-0.009667864466107012,-0.01065115514373538,-0.3858377933502197
17,0,test,2.583564446466725,1.1875103845233688,1.6225632413125535,4.594555150743527,2.111842791936153,2.8855313859017846,13.2442625885003,9.20503266041855,10.629949961672262,23.553310224954586,16.370031055555152,18.904073175082022,2.880961896786139,1.2864588116688465,1.7837356090207632,4.432249071978675,1.9791674025674562,2.7442086292627126,17.831416915661524,12.905536195243638,14.835572038202764,27.43294910101773,19.854671069605594,22.823956981850408,2.641289659168409,1.211294383072339,1.663452185185578,4.502198282673425,2.0647063347823966,2.835429861111781,14.03128752278207,9.852608070585735,11.372587011096169,23.91696736837853,16.794218302134773,19.385091496186654,0.6884422110552764,-0.0015577889447235815,-0.0015577889447235815,0.5678391959798995,-0.0021608040201005485,-0.0021608040201005485,0.40201005025125625,-0.002989949748743781,-0.002989949748743781,0.3932926829268293,0.08887867988268927,0.16306955919457777,0.4067278287461774,0.4371859296482412,0.1163839246357099,0.19177691462319946,0.4747474747474747,0.3946488294314381,0.08580074929788217,0.162168295504853,0.412751677852349,22.0,-11.0,-11.0,34.0,-16.0,-16.0,42.0,-18.0,-18.0,0.000721509785176236,-2.497290513485896e-05,0.00034512218356188667,-0.007988281939364406,-0.006275790176800022,-0.007649208769067606,-0.8266422748565674
365,0,test,2.95325000502145,1.3741517902033245,1.8694375450870635,4.768268237274216,2.218682577932451,3.0183627030051547,19.16814918681923,14.317569529319167,16.21222173548498,30.948574207885216,23.1169091358799,26.175983010418456,2.8608576975875164,1.292750751992767,1.7697705970856679,4.3346328751326,1.9587132605951014,2.6814706016449508,17.476510070688313,12.678952516198668,14.499000905171343,26.47956071316411,19.210534115452525,21.968183189653544,2.973107073219325,1.3528632309240303,1.810936284086268,4.719217576538611,2.147401953847667,2.8745020382321713,19.552576601481714,14.4982539775385,16.355711131431157,31.035835875367802,23.013101551648415,25.961446240366918,0.6231155778894473,-0.0018844221105527303,-0.0018844221105527303,0.4974874371859297,-0.002512562814070307,-0.002512562814070307,0.39698492462311563,-0.0030150753768843908,-0.0030150753768843908,0.4142394822006472,0.11537033842035638,0.18818996659246634,0.4253246753246753,0.40703517587939697,0.11630835883679047,0.1816595498359913,0.4292929292929293,0.4013377926421404,0.1025064069994025,0.17664368808151754,0.4261744966442953,18.0,0.0,0.0,30.0,-1.0,-1.0,38.0,0.0,0.0,-0.0007113419617543189,-0.00010234382469248511,-5.3885103737951785e-05,0.0004675458078473582,6.49105800478722e-05,-7.53513430460373e-05,-0.8666219711303711
291,0,test,2.983914673783397,1.3955628248632106,1.8966257927695558,4.727527465090563,2.2110423068615925,3.004895081315621,19.765039076130424,14.869365610276045,16.798817693642665,31.31448962061628,23.558091298208435,26.614994297759164,3.3397659213099646,1.5397480436810358,2.1029067639021433,5.060251395924189,2.3329515813349024,3.186222369548702,28.2125219822381,22.162766363505867,24.76774502863135,42.74624542763348,33.579949035614945,37.52688640701719,2.983914673783397,1.3955628248632106,1.8966257927695558,4.727527465090563,2.2110423068615925,3.004895081315621,19.765039076130424,14.869365610276045,16.798817693642665,31.31448962061628,23.558091298208435,26.614994297759164,0.7587939698492463,-0.001206030150753712,-0.001206030150753712,0.5979899497487438,-0.0020100502512562235,-0.0020100502512562235,0.4723618090452262,-0.0026381909547738003,-0.0026381909547738003,0.42366412213740456,0.12080697928026174,0.18127833533537407,0.3793103448275862,0.4371859296482412,0.1113713933073891,0.17842132196877547,0.4242424242424242,0.42366412213740456,0.12080697928026174,0.18127833533537407,0.3793103448275862,27.0,-13.0,-13.0,40.0,-16.0,-16.0,49.0,-13.0,-13.0,0.0005646507772783529,0.0007449219629901159,0.00018066314362577096,-0.004795506602173205,-0.005416155827512981,-0.004094615674985036,-1.0487549304962158
165,0,test,2.7197074282203304,1.2288578583353154,1.6571410810841545,5.119449276650034,2.3131442039252996,3.1193243879231147,15.175881560699855,10.735014817233772,12.282093628355085,28.566365290729138,20.207086714792982,23.119235065138984,2.644472682895373,1.1679283794913131,1.6074372459148596,4.371029227926237,1.9304601313906007,2.6569210676278674,14.076020599340692,9.698229406120824,11.255178556924225,23.26614975097635,16.030131249786486,18.603600920535907,2.6135575209174267,1.157494377717436,1.5916028299979896,4.9940589571670575,2.2117726962753554,3.041279292989789,13.64751591631951,9.358475009078184,10.868895112344351,26.078055891056387,17.882436323079332,20.768589386645253,0.5979899497487438,-0.0020100502512562235,-0.0020100502512562235,0.4824120603015075,-0.0025879396984924696,-0.0025879396984924696,0.3919597989949749,-0.0030402010050251116,-0.0030402010050251116,0.4017094017094017,0.12005933058564644,0.17883550141614657,0.4028571428571428,0.4321608040201005,0.1464465183058148,0.20845462705849782,0.4292929292929293,0.39799331103678925,0.11752586529388442,0.1777485946852876,0.3926174496644296,23.0,-9.0,-9.0,32.0,-8.0,-8.0,42.0,-10.0,-10.0,-0.000128453008079506,-0.00025553235994759917,4.566506533626704e-05,-0.036237507914582245,-0.03631628096724526,-0.0367171781046336,-0.6446044445037842
248,0,test,2.7947627697848945,1.274073553688316,1.744442112105274,4.712100018823369,2.1481472707535567,2.9412105378519158,16.358747503611443,11.783369971071558,13.500179910842123,27.581609163065806,19.867309834946234,22.76193124502451,3.101305218797233,1.4025149963161534,1.9186916418063,4.628813759398855,2.0933059646509746,2.8637188683676116,22.226943381115067,16.759614243767263,18.964052496034498,33.17454235987323,25.014349617563077,28.304555964230588,2.7947627697848945,1.274073553688316,1.744442112105274,4.712100018823369,2.1481472707535567,2.9412105378519158,16.358747503611443,11.783369971071558,13.500179910842123,27.581609163065806,19.867309834946234,22.76193124502451,0.6783919597989949,-0.0016080402010050232,-0.0016080402010050232,0.5326633165829145,-0.0023366834170853723,-0.0023366834170853723,0.4321608040201005,-0.002839195979899567,-0.002839195979899567,0.39100346020761245,0.10430225122661074,0.16430610692798064,0.3819444444444444,0.42211055276381915,0.11634614173625024,0.1800404359023834,0.4292929292929293,0.39100346020761245,0.10430225122661074,0.16430610692798064,0.3819444444444444,24.0,-6.0,-6.0,34.0,-7.0,-7.0,44.0,-8.0,-8.0,0.0008724163420427858,0.00014422656899879693,5.5381322839523314e-05,-0.0003149833039568506,0.00014238108104080993,-5.260203672641239e-06,-0.9278311729431152
310,0,test,2.267611757555701,0.9962687316511278,1.2449623598408381,5.3990756132278594,2.3720684086931616,2.9641960948591386,9.65631164045998,6.090673548044745,6.875759839069536,22.991218191571384,14.501603685820823,16.370856759689374,2.675745571078967,1.110881474891557,1.570786857725789,4.821163191133273,2.00158824304785,2.830246590496917,14.523173862456964,9.74114886615423,11.504074044731485,26.16788083325579,17.55161957865627,20.72806134185853,2.3860155260283813,1.0461073952504842,1.4480883646673743,5.1128904129179595,2.2416587041081804,3.1030464957158017,10.870095927034784,7.051403258108682,8.315415441217638,23.293062700788823,15.110149838804318,17.818747374037795,0.5778894472361809,-0.002110552763819218,-0.002110552763819218,0.4623115577889447,-0.002688442211055242,-0.002688442211055242,0.371859296482412,-0.003140703517587995,-0.003140703517587995,0.37593984962406013,0.11936913623232048,0.15599850065045306,0.3517587939698492,0.42211055276381915,0.133890001385373,0.19506547763861048,0.398989898989899,0.3913043478260869,0.12419249473760607,0.18663249020650963,0.36241610738255037,23.0,-11.0,-11.0,36.0,-15.0,-15.0,43.0,-17.0,-17.0,0.0001583455373706558,0.0008599438441846169,2.770460590256199e-05,-0.07620065422266897,-0.08910642950362213,-0.08191407258023276,-0.4187920093536377
104,0,test,2.8761339561263126,1.3341387166909071,1.8214609240815398,5.227567798634987,2.424887262093608,3.310628301202258,17.74553537522035,13.071628838774078,14.874499111660645,32.25370956712347,23.758568632636667,27.035407169166984,2.727709600673848,1.2427959587274904,1.7034589563975904,4.743842783780606,2.16138427604781,2.9625373154740706,15.297808772740503,10.883224611319571,12.512801055781637,26.6048848221574,18.927347150120994,21.761393140489808,2.8761339561263126,1.3341387166909071,1.8214609240815398,5.227567798634987,2.424887262093608,3.310628301202258,17.74553537522035,13.071628838774078,14.874499111660645,32.25370956712347,23.758568632636667,27.035407169166984,0.6130653266331658,-0.001934673366834172,-0.001934673366834172,0.46733668341708545,-0.002663316582914521,-0.002663316582914521,0.371859296482412,-0.003140703517587995,-0.003140703517587995,0.41417910447761197,0.12181411378859897,0.1958168215992001,0.42322097378277157,0.39698492462311563,0.10625810758050913,0.17995654398872496,0.398989898989899,0.41417910447761197,0.12181411378859897,0.1958168215992001,0.42322097378277157,22.0,-7.0,-7.0,33.0,-7.0,-7.0,39.0,-4.0,-4.0,-0.00020814254510277477,-0.00021520875772683076,8.83906268692398e-05,-0.00016945494488584956,0.00022372510708557058,6.833549267337702e-05,-0.9161357879638672
297,0,test,3.00082976199593,1.3837148350684072,1.8954861696466507,4.6464460830904715,2.1425261962349524,2.9349463271948135,20.10221005480323,15.063677263185227,17.081948025329677,31.126002665501773,23.3244035042868,26.449467910187884,3.1094135669008574,1.4300745276050202,1.9652403240898868,4.783713179847473,2.200114657853877,3.0234466524459798,22.407899812779835,17.045889091546258,19.268055418246988,34.473692019661286,26.224444756225015,29.64316218191844,3.00082976199593,1.3837148350684072,1.8954861696466507,4.6464460830904715,2.1425261962349524,2.9349463271948135,20.10221005480323,15.063677263185227,17.081948025329677,31.126002665501773,23.3244035042868,26.449467910187884,0.7185929648241206,-0.0014070351758793676,-0.0014070351758793676,0.5778894472361809,-0.002110552763819218,-0.002110552763819218,0.4371859296482412,-0.002814070351758735,-0.002814070351758735,0.4225941422594143,0.11361710676880887,0.18337300178653526,0.4453781512605042,0.4321608040201005,0.10885253334340872,0.18508233991325573,0.4696969696969697,0.4225941422594143,0.11361710676880887,0.18337300178653526,0.4453781512605042,24.0,-8.0,-8.0,34.0,-5.0,-5.0,46.0,-9.0,-9.0,-0.00016802403477753628,0.00012912500093113926,0.00014301227202890977,3.151278906887711e-05,-5.1862244922595835e-05,-7.525089254567519e-05,-0.8912904262542725
157,0,test,3.2549256702949263,1.5621356939800946,2.114919459074221,5.659684187900879,2.716250870875836,3.6774345818230847,25.91768800829503,20.48306596819649,22.790900222000147,45.065830641289125,35.616077392461065,39.628953371089814,3.3198790526270265,1.6097590292844255,2.17609264714487,5.579628659877356,2.705477360141892,3.6572985666300335,27.657005314084515,22.12738019219725,24.518375293672374,46.48236187241095,37.188874272600415,41.20735343474348,3.2549256702949263,1.5621356939800946,2.114919459074221,5.659684187900879,2.716250870875836,3.6774345818230847,25.91768800829503,20.48306596819649,22.790900222000147,45.065830641289125,35.616077392461065,39.628953371089814,0.7587939698492463,-0.001206030150753712,-0.001206030150753712,0.592964824120603,-0.0020351758793969443,-0.0020351758793969443,0.4522613065326633,-0.0027386934673366836,-0.0027386934673366836,0.4051724137931034,0.0847423062662217,0.15732141092777396,0.3982683982683982,0.4170854271356784,0.09878968778730746,0.17167641211063667,0.40909090909090906,0.4051724137931034,0.0847423062662217,0.15732141092777396,0.3982683982683982,23.0,1.0,1.0,34.0,0.0,0.0,43.0,0.0,0.0,3.1431288608164827e-06,0.00018832001127726456,0.0001109053564345313,8.002224209047171e-05,-1.3385908281371428e-05,-4.3536860872883665e-05,-0.41490983963012695
302,0,test,3.3073547537510213,1.531059746217397,2.113305442639981,5.71668603131799,2.6464012831969574,3.6527994737022182,27.312780798393916,21.404853803899435,24.012362191138454,47.20950853232326,36.99779366104472,41.50481146945124,3.26881414741727,1.5208956055496383,2.0926154662880307,5.147738814830346,2.3951111898419497,3.295457427225245,26.280156466352388,20.537519297713857,23.03812969440317,41.38607317535809,32.34255007513993,36.28051920378452,3.3073547537510213,1.531059746217397,2.113305442639981,5.71668603131799,2.6464012831969574,3.6527994737022182,27.312780798393916,21.404853803899435,24.012362191138454,47.20950853232326,36.99779366104472,41.50481146945124,0.7236180904522613,-0.0013819095477386467,-0.0013819095477386467,0.6130653266331658,-0.001934673366834172,-0.001934673366834172,0.44221105527638194,-0.0027889447236180143,-0.0027889447236180143,0.4,0.06794625719769676,0.15063938618925832,0.359073359073359,0.39698492462311563,0.061145325625621916,0.15157590959807388,0.33838383838383834,0.4,0.06794625719769676,0.15063938618925832,0.359073359073359,23.0,-6.0,-6.0,36.0,-8.0,-8.0,43.0,-7.0,-7.0,5.793818679807478e-05,0.0002708858649433282,0.00030444553063609765,-0.00011401557000390028,-0.0001672912548489336,9.637194842149199e-05,-0.5651736259460449
214,0,test,3.407590964116341,1.6033977203325671,2.1785720517420226,5.240788634685258,2.4659851015241383,3.350588661856402,30.192421950946983,24.11735357912748,26.774547294635266,46.435180595443775,37.09187923878467,41.17857590250867,3.3957749030098845,1.587854266321327,2.163183145816652,4.993786622073359,2.335079803413716,3.1811516850244876,29.83776589343926,23.74001110053814,26.407657860405198,43.87906749035185,34.911781030203144,38.83479097118411,3.407590964116341,1.6033977203325671,2.1785720517420226,5.240788634685258,2.4659851015241383,3.350588661856402,30.192421950946983,24.11735357912748,26.774547294635266,46.435180595443775,37.09187923878467,41.17857590250867,0.7437185929648241,-0.0012814070351758744,-0.0012814070351758744,0.6030150753768844,-0.0019849246231156137,-0.0019849246231156137,0.4824120603015075,-0.0025879396984924696,-0.0025879396984924696,0.43388429752066116,0.10192553463406318,0.17976341839978205,0.46058091286307057,0.42211055276381915,0.09128348509464623,0.1683542923297624,0.4545454545454546,0.43388429752066116,0.10192553463406318,0.17976341839978205,0.46058091286307057,20.0,-3.0,-3.0,33.0,-4.0,-4.0,41.0,-5.0,-5.0,-0.00023208044442927608,-9.33437672284007e-05,-6.058323683847115e-07,1.0723023486036709e-05,-6.835210348388188e-05,-8.884262040620428e-05,-0.5775837898254395
289,0,test,2.788177338795864,1.2505224601485172,1.7253752408873975,4.667166414940903,2.0932658572051266,2.8881281206158613,16.25137204574702,11.59770798834889,13.356901820239944,27.203383641793923,19.413554676149232,22.358292177358166,2.986023001335374,1.3234615369061735,1.8306065562719438,4.359157666183028,1.9320606378192315,2.672418330324006,19.806754211713237,14.533954561443142,16.631408712534114,28.91496965213611,21.217451914515536,24.279428777422066,2.8126390562408345,1.263047514154496,1.747775761645759,4.636218224572804,2.0819464519030153,2.880949057657845,16.65381061890349,11.944264480621493,13.753368168107054,27.45133618500575,19.688348044980483,22.670387090286354,0.7135678391959799,-0.0014321608040201994,-0.0014321608040201994,0.5477386934673367,-0.002261306532663321,-0.002261306532663321,0.40703517587939697,-0.00296482412060306,-0.00296482412060306,0.3908794788273615,0.05592012923386558,0.13952519930406793,0.38888888888888884,0.40703517587939697,0.063676779889422,0.14493167003632523,0.4292929292929293,0.3913043478260869,0.05908398054728892,0.1421386081152971,0.3926174496644296,22.0,-8.0,-8.0,33.0,-9.0,-9.0,42.0,-13.0,-13.0,3.382165742471018e-05,-0.0002031002003430324,0.0001162037232539038,-0.004192187527491065,-0.0051652137034761125,-0.0056469802420684445,-0.7213516235351562
387,0,test,2.27076318696305,0.9977123471176779,1.3236002948507655,4.456067544309211,1.9578763800965184,2.5973876753791902,9.68679082620604,6.1150580845665985,7.108406707571641,19.00902500841508,11.999979574552732,13.949292732600263,2.4985405548134043,1.063871188058122,1.4841757406919478,4.307828542781732,1.8342606690657282,2.5589236908481863,12.164727246458149,7.966470550402324,9.407116001215595,20.973667666307154,13.7352940524178,16.21916551933723,2.3915272034131565,1.043219016515904,1.436452879982814,4.658819227428227,2.032244837368644,2.7982848311353514,10.9301738017679,7.0792687968159145,8.331310069558656,21.292546367080327,13.790783370420614,16.229824810828553,0.6180904522613065,-0.0019095477386934512,-0.0019095477386934512,0.4623115577889447,-0.002688442211055242,-0.002688442211055242,0.3467336683417085,-0.003266331658291488,-0.003266331658291488,0.39010989010989006,0.10753101493842232,0.16039337007078935,0.371900826446281,0.40201005025125625,0.09624563922368734,0.1666177297170326,0.4242424242424242,0.39799331103678925,0.09916192539405133,0.1699621653193254,0.3959731543624161,23.0,-9.0,-9.0,31.0,-8.0,-8.0,40.0,-11.0,-11.0,0.0005873583864699668,0.0003014136701251612,3.571553014035007e-05,-0.02053419236212317,-0.02240380004370568,-0.021856598559377716,-0.9488613605499268
363,0,test,3.0595748342316726,1.434084017028356,1.9679676951620964,5.241771590999851,2.4569233527029923,3.371591713035062,21.31849134217426,16.237579117765538,18.339433354366697,36.52359178475443,27.81879363558361,31.41976449681942,3.03589731724418,1.4375068488642726,1.9649531807535732,5.059828862073633,2.3958447481071206,3.274921967922622,20.819651352393404,15.874584578098196,17.901518036462008,34.699418920655674,26.457640963496992,29.835863394103345,3.0595748342316726,1.434084017028356,1.9679676951620964,5.241771590999851,2.4569233527029923,3.371591713035062,21.31849134217426,16.237579117765538,18.339433354366697,36.52359178475443,27.81879363558361,31.41976449681942,0.7336683417085428,-0.001331658291457205,-0.001331658291457205,0.5678391959798995,-0.0021608040201005485,-0.0021608040201005485,0.40703517587939697,-0.00296482412060306,-0.00296482412060306,0.4181034482758621,0.08907119021134602,0.16452178638474457,0.37229437229437234,0.40703517587939697,0.08122063953854486,0.15327891544534022,0.3535353535353535,0.4181034482758621,0.08907119021134602,0.16452178638474457,0.37229437229437234,15.0,0.0,0.0,25.0,0.0,0.0,31.0,0.0,0.0,3.969024355739178e-05,0.00024916201011136773,3.171409283317243e-05,8.002224209047171e-05,-1.3385908281371428e-05,-4.3536860872883665e-05,-0.49030303955078125
367,0,test,3.0125906177112536,1.3819151084410897,1.8915813593064223,4.7919570059500645,2.198133973660681,3.0088311680195727,20.340024959042992,15.232701361076273,17.272075964426353,32.3537239114602,24.229793977852317,27.473711475578764,3.1279072989171475,1.3995198295800475,1.9358201075439878,4.633936739136514,2.0733627104889587,2.8678816408059076,22.82616119289044,17.19459568221889,19.532212053117046,33.81653510057843,25.473475084768726,28.936610449062293,3.0125906177112536,1.3819151084410897,1.8915813593064223,4.7919570059500645,2.198133973660681,3.0088311680195727,20.340024959042992,15.232701361076273,17.272075964426353,32.3537239114602,24.229793977852317,27.473711475578764,0.7035175879396984,-0.001482412060301641,-0.001482412060301641,0.5577889447236181,-0.00221105527638199,-0.00221105527638199,0.457286432160804,-0.0027135678391959628,-0.0027135678391959628,0.43173431734317347,0.10576746651444424,0.1851085504720078,0.4185185185185185,0.44221105527638194,0.12140905026385063,0.1901242439241282,0.4444444444444444,0.43173431734317347,0.10576746651444424,0.1851085504720078,0.4185185185185185,19.0,-6.0,-6.0,33.0,-9.0,-9.0,39.0,-9.0,-9.0,0.00042207865453838567,0.00024011361646074885,1.484125465076771e-05,-0.00019024471046957814,0.00021210453193631906,5.782182176528039e-05,-1.0467751026153564
426,0,test,3.1739170692734797,1.5186034185064712,2.0665171509023277,5.1171316014817325,2.4483606135104328,3.331731733087426,23.90092280484554,18.666201265702313,20.874443742034906,38.534140848628525,30.09448775490781,33.654715420831785,3.169163749445623,1.4641624270572744,2.0276753748637653,4.951818358508786,2.287753792276991,3.168242773224633,23.787583656582665,18.28619071439805,20.656158023818822,37.168099463410414,28.57217299124695,32.27524691221691,3.1739170692734797,1.5186034185064712,2.0665171509023277,5.1171316014817325,2.4483606135104328,3.331731733087426,23.90092280484554,18.666201265702313,20.874443742034906,38.534140848628525,30.09448775490781,33.654715420831785,0.7437185929648241,-0.0012814070351758744,-0.0012814070351758744,0.5477386934673367,-0.002261306532663321,-0.002261306532663321,0.42713567839195976,-0.002864321608040288,-0.002864321608040288,0.4110169491525424,0.10316132282557844,0.1659744562346953,0.37872340425531914,0.4120603015075377,0.10223662392567368,0.1616401334403108,0.3737373737373737,0.4110169491525424,0.10316132282557844,0.1659744562346953,0.37872340425531914,25.0,-8.0,-8.0,36.0,-9.0,-9.0,47.0,-10.0,-10.0,-1.0294817142746812e-05,0.00014780866049954889,-4.188749234601888e-05,5.230255464905298e-05,-3.5372386360421615e-05,-6.165916468603427e-05,-0.7182295322418213
5,0,test,3.277873006932465,1.5455414832028302,2.1159275907340316,5.103052294883496,2.406127081804406,3.294114544665481,26.519306288697802,20.865485718603768,23.3231612244168,41.28573819944999,32.483767539189955,36.30992145164888,3.0910214718861795,1.3916588037077455,1.9493853205819505,4.512440104943328,2.0316186915441543,2.8458179862510224,21.99953841245541,16.52907863009027,18.867649993681553,32.11611447073783,24.13004179575222,27.544014589316134,3.277873006932465,1.5455414832028302,2.1159275907340316,5.103052294883496,2.406127081804406,3.294114544665481,26.519306288697802,20.865485718603768,23.3231612244168,41.28573819944999,32.483767539189955,36.30992145164888,0.7185929648241206,-0.0014070351758793676,-0.0014070351758793676,0.5577889447236181,-0.00221105527638199,-0.00221105527638199,0.42211055276381915,-0.0028894472361808976,-0.0028894472361808976,0.4212454212454212,0.09766224025821824,0.18251216911387425,0.46691176470588236,0.4120603015075377,0.08875203083084593,0.16331238831888995,0.4545454545454546,0.4212454212454212,0.09766224025821824,0.18251216911387425,0.46691176470588236,18.0,1.0,1.0,28.0,1.0,1.0,38.0,0.0,0.0,-0.0005169839109431939,-0.0006447429040224259,-0.00017270689440303285,-0.00020410455418851114,0.00020435748183800229,5.0812707827141423e-05,-0.662233829498291
416,0,test,2.4345000893056037,1.0670013124357443,1.491000820181803,4.714205375244955,2.0661586107859784,2.887198120005225,11.410113249736803,7.484593444700517,8.841158075836853,22.09472796914352,14.493287884246666,17.120161591938412,2.3498004003984843,0.9805984694754057,1.3714140645623005,4.0866093919973645,1.7053886425659233,2.385067938369219,10.48347701804751,6.551265751366787,7.8233168465321,18.232133944430455,11.393505654550935,13.605768428751478,2.41490593841642,1.0029663333924717,1.3939958172897031,4.644049881570039,1.9287814103701382,2.680761187095583,11.18871787953263,7.08481023016746,8.41299802352964,21.516765152947364,13.624635058014345,16.178842352941615,0.5326633165829145,-0.0023366834170853723,-0.0023366834170853723,0.42713567839195976,-0.002864321608040288,-0.002864321608040288,0.35678391959798994,-0.0032160804020100464,-0.0032160804020100464,0.4041916167664671,0.11976047904191622,0.18063872255489022,0.4144144144144144,0.39698492462311563,0.11809045226130654,0.17755443886097155,0.4040404040404041,0.4013377926421404,0.1254180602006688,0.1806020066889632,0.412751677852349,14.0,0.0,0.0,23.0,-4.0,-4.0,30.0,-5.0,-5.0,-0.0003696455508012322,-5.439293715609754e-05,-0.000125153976802069,-0.04158649872998321,-0.04136607692768379,-0.0410435055784486,-0.5869109630584717
317,0,test,3.360812784179928,1.5769464693293997,2.16574315812821,5.458644967935551,2.561282482031827,3.517608314157283,28.812599790049738,22.85977230144637,25.508811997856228,46.79753469084511,37.12892953419633,41.4315099328238,3.407169888367006,1.57283126130227,2.1486222817953182,5.123563741905271,2.365159791431984,3.2310109500681468,30.179711330504563,23.918719405301275,26.659406425594664,45.38302455714972,35.9679991057162,40.089332970819044,3.360812784179928,1.5769464693293997,2.16574315812821,5.458644967935551,2.561282482031827,3.517608314157283,28.812599790049738,22.85977230144637,25.508811997856228,46.79753469084511,37.12892953419633,41.4315099328238,0.7587939698492463,-0.001206030150753712,-0.001206030150753712,0.6030150753768844,-0.0019849246231156137,-0.0019849246231156137,0.46733668341708545,-0.002663316582914521,-0.002663316582914521,0.42913385826771655,0.10300419225592872,0.1804427587912768,0.4268774703557312,0.4321608040201005,0.10885253334340872,0.18174344174964974,0.4292929292929293,0.42913385826771655,0.10300419225592872,0.1804427587912768,0.4268774703557312,21.0,-9.0,-9.0,35.0,-18.0,-18.0,43.0,-12.0,-12.0,1.5730919559968044e-05,-1.9117349644741325e-05,-3.9733492972933824e-05,-7.243603883999583e-05,-0.00013431153772813786,0.00011739929023413254,-0.6415503025054932
73,0,test,3.3520951370860255,1.6225268547382257,1.8884383399985882,5.23461233363796,2.5337285304064325,2.948974364273158,28.562513379580768,22.924294115437398,24.240779005848,44.603055313765616,35.79844479620839,37.85425996927713,3.662211739238183,1.711942487699187,2.3457779005467265,4.78720488789305,2.2378333172538394,3.066376340583956,38.947389149097205,31.916808828759606,35.21729364109119,50.91161980274144,41.72131873040471,46.0356779622107,3.551137330938741,1.6898597727680467,2.302452752142889,4.955075345495918,2.35794386897867,3.2127247704319384,34.85293427508951,28.420985561761842,31.367179570359596,48.63200131407839,39.65718915594675,43.76815754003665,0.7336683417085428,-0.001331658291457205,-0.001331658291457205,0.6180904522613065,-0.0019095477386934512,-0.0019095477386934512,0.507537688442211,-0.0024623115577889765,-0.0024623115577889765,0.4046511627906977,0.08757799205899042,0.1231262361044807,0.3776223776223776,0.40703517587939697,0.08122063953854486,0.15828726269074922,0.3939393939393939,0.4046822742474916,0.08080915237770858,0.16107826979810336,0.38926174496644295,26.0,-4.0,-4.0,37.0,-7.0,-7.0,43.0,-5.0,-5.0,0.0003308049105514151,0.0003658130550314337,0.00020297604560643188,-0.0023480388257359763,-0.0031836286142850057,-0.002846546956033258,-1.5307321548461914
196,0,test,2.8381940150947726,1.3449703900526622,1.8412898495228527,4.410951208172768,2.090272453330252,2.861622441296663,17.08488261838087,12.633460487742447,14.37500312755773,26.552301648948614,19.63416789177807,22.340769191873157,2.8212160321336297,1.3426191589817023,1.8334848653402012,4.0017248682746525,1.9044243389811384,2.600687752255605,16.79726427093883,12.41047812773017,14.112128839257817,23.82590676728912,17.60351507479457,20.017204027316055,2.8381940150947726,1.3449703900526622,1.8412898495228527,4.410951208172768,2.090272453330252,2.861622441296663,17.08488261838087,12.633460487742447,14.37500312755773,26.552301648948614,19.63416789177807,22.340769191873157,0.7085427135678393,-0.0014572864321606982,-0.0014572864321606982,0.5326633165829145,-0.0023366834170853723,-0.0023366834170853723,0.40703517587939697,-0.00296482412060306,-0.00296482412060306,0.4156378600823045,0.10146948225889585,0.17076781904263283,0.39669421487603307,0.42713567839195976,0.1188650017002304,0.181726663366918,0.398989898989899,0.4156378600823045,0.10146948225889585,0.17076781904263283,0.39669421487603307,25.0,-5.0,-5.0,37.0,-8.0,-8.0,47.0,-8.0,-8.0,-2.8219860290602135e-05,8.199575199004662e-05,8.38691455604297e-05,3.793101625682027e-06,-7.384872300431056e-05,-9.33731963588258e-05,-0.36921024322509766
403,0,test,3.088147090886956,1.3867200842542557,1.9211066574943247,5.768830329504106,2.590470157391631,3.5887339643470377,21.93639415105871,16.45462982401369,18.72392311749034,40.978402962741626,30.738162657358913,34.97732860142293,3.427627382565982,1.5127993468002603,2.1138343723399062,5.859192106950397,2.585981789402154,3.613392089469925,30.803471127244247,24.017699340633353,27.083213166279997,52.65550620041752,41.05589630877496,46.29609088252991,3.088147090886956,1.3867200842542557,1.9211066574943247,5.768830329504106,2.590470157391631,3.5887339643470377,21.93639415105871,16.45462982401369,18.72392311749034,40.978402962741626,30.738162657358913,34.97732860142293,0.728643216080402,-0.001356783919598037,-0.001356783919598037,0.6030150753768844,-0.0019849246231156137,-0.0019849246231156137,0.46733668341708545,-0.002663316582914521,-0.002663316582914521,0.42164179104477617,0.11251702381945028,0.17474352801748083,0.37453183520599254,0.42713567839195976,0.10132114205110765,0.16503217254888802,0.4040404040404041,0.42164179104477617,0.11251702381945028,0.17474352801748083,0.37453183520599254,22.0,-12.0,-12.0,34.0,-14.0,-14.0,40.0,-11.0,-11.0,0.0005098586647988934,0.0007481467508584854,9.360030466726596e-05,-0.00016945494488584956,0.00022372510708557058,6.833549267337702e-05,-0.4777183532714844
210,0,test,2.8250426434030467,1.2706973717078474,1.757910224693905,4.666783151256967,2.099107812931748,2.9039511446600974,16.861664009492515,12.129676664835484,13.954632622059172,27.85435104330531,20.037421672849774,23.05212792262813,3.0105609061130925,1.323341566907286,1.840339366025044,4.631632163250911,2.0359101029342863,2.8312913323462214,20.298782443841457,14.894350543724308,17.07607592570657,31.228896067448396,22.914385451883554,26.27088603954857,2.8250426434030467,1.2706973717078474,1.757910224693905,4.666783151256967,2.099107812931748,2.9039511446600974,16.861664009492515,12.129676664835484,13.954632622059172,27.85435104330531,20.037421672849774,23.05212792262813,0.6783919597989949,-0.0016080402010050232,-0.0016080402010050232,0.5125628140703518,-0.0024371859296482556,-0.0024371859296482556,0.3668341708542714,-0.0031658291457286047,-0.0031658291457286047,0.3791946308724832,0.08438726068822855,0.14928391658676887,0.3400673400673401,0.3668341708542714,0.06357602549086283,0.12977240123824463,0.33333333333333337,0.3791946308724832,0.08438726068822855,0.14928391658676887,0.3400673400673401,19.0,-2.0,-2.0,32.0,-6.0,-6.0,39.0,-2.0,-2.0,0.001121608482997912,0.0002955943513340577,0.00011499847207225585,0.0005109839999661858,0.00010751935559483172,-3.6801216390713876e-05,-0.7792131900787354
392,0,test,3.1316339459335594,1.4720402445709495,2.0015743491173708,5.395465714078301,2.5361657225740455,3.4484955653467955,22.911384939174432,17.65421051151624,19.815543942280645,39.47383188315595,30.416290399359305,34.14003353911003,3.2153055254538456,1.4744144411174478,2.0232317117909426,5.0634732684312524,2.3219125056967678,3.18619167211172,24.910901663156018,19.20847916439451,21.61699658858507,39.2297663986709,30.249573487235452,34.0425143127324,3.1316339459335594,1.4720402445709495,2.0015743491173708,5.395465714078301,2.5361657225740455,3.4484955653467955,22.911384939174432,17.65421051151624,19.815543942280645,39.47383188315595,30.416290399359305,34.14003353911003,0.6633165829145728,-0.0016834170854271857,-0.0016834170854271857,0.542713567839196,-0.0022864321608039306,-0.0022864321608039306,0.42211055276381915,-0.0028894472361808976,-0.0028894472361808976,0.4035087719298246,0.10578547946047256,0.18297201580380362,0.3943661971830986,0.4120603015075377,0.10629589047996879,0.18000687913692004,0.398989898989899,0.4035087719298246,0.10578547946047256,0.18297201580380362,0.3943661971830986,22.0,-5.0,-5.0,36.0,-12.0,-12.0,43.0,-7.0,-7.0,0.0002572901285178232,-1.3279361097673751e-05,9.779986484321698e-05,-0.020960916402164465,-0.017870683027534362,-0.020646785402451684,-3.751897096633911
87,0,test,2.7140543473167322,1.2432548882900265,1.5631970167828497,5.786005971202704,2.6504554761347823,3.3325299039106913,15.090333108439541,10.73761954183993,11.929431422544045,32.17060025315683,22.891188913373043,25.43197468102797,2.6133485157885143,1.1333057543587062,1.5674417529425881,5.226697031577029,2.2666115087174123,3.1348835058851763,13.644663813558521,9.251530279984983,10.798685832468,27.289327627117043,18.503060559969967,21.597371664936,2.667237019857834,1.2097097370188057,1.6544657210493978,5.59560213956189,2.5378525951443476,3.4709071070966386,14.400126911731913,10.104801650221397,11.64690646290622,30.210056458178837,21.198884580884048,24.434069502600458,0.5879396984924623,-0.002060301507537776,-0.002060301507537776,0.44221105527638194,-0.0027889447236180143,-0.0027889447236180143,0.31658291457286436,-0.003417085427135591,-0.003417085427135591,0.3798449612403101,0.10113528382095527,0.1442633385619132,0.38601036269430056,0.3668341708542714,0.09365121346078764,0.14813634113807772,0.36363636363636365,0.3745819397993311,0.09077559589282025,0.15322487639554905,0.3791946308724832,20.0,-8.0,-8.0,29.0,-10.0,-10.0,38.0,-13.0,-13.0,3.1794510126671015e-05,1.4302524150026582e-05,4.130586793383759e-05,-0.010457810518717636,-0.011277957550519524,-0.009967498716575207,-0.5132632255554199
252,0,test,3.2765178212579693,1.547637033958118,2.1189006505998336,5.008929542842643,2.3659278794991923,3.239238925629631,26.48339204544824,20.84904769698292,23.301050787107407,40.4861050809726,31.87268211147964,35.62114660557799,3.476640174137288,1.6363763760139736,2.2462913056955864,4.966628820196126,2.3376805371628198,3.2089875795651244,32.35084606677236,26.052646571663487,28.928422763243912,46.215494381103376,37.21806653094784,41.32631823320559,3.2765178212579693,1.547637033958118,2.1189006505998336,5.008929542842643,2.3659278794991923,3.239238925629631,26.48339204544824,20.84904769698292,23.301050787107407,40.4861050809726,31.87268211147964,35.62114660557799,0.7537688442211055,-0.0012311557788945438,-0.0012311557788945438,0.5577889447236181,-0.00221105527638199,-0.00221105527638199,0.4824120603015075,-0.0025879396984924696,-0.0025879396984924696,0.4226415094339623,0.11755676367125045,0.17922871144149055,0.4204545454545454,0.4321608040201005,0.12890265865669193,0.18842123807686173,0.4444444444444444,0.4226415094339623,0.11755676367125045,0.17922871144149055,0.4204545454545454,24.0,0.0,0.0,36.0,1.0,1.0,44.0,0.0,0.0,7.205228591573948e-05,0.0002797776666591266,-3.428991408689596e-05,-0.0001486651793047855,0.00023534568223659846,7.884916357880911e-05,-0.7684345245361328
57,0,test,2.7825710371442556,1.2943316275104348,1.7664618785779849,4.930773547685675,2.293582469474449,3.130207059449071,16.16051687053487,11.731226386405087,13.39809120365165,28.636770827579923,20.787976290935436,23.741695293517427,2.2900966567609777,0.997164874487855,1.3825043058298578,3.982776794366918,1.7341997817180084,2.4043553144867094,9.875892206794237,6.232439484015479,7.397543855490845,17.17546470746824,10.839025189592139,12.86529366172321,2.543103794987784,1.1553897538924387,1.5868190834173412,4.595970713833345,2.088053772094769,2.8677453314771233,12.719087208356965,8.713404455564437,10.11707593782126,22.98630218377765,15.747116485959825,18.28387217678541,0.5527638190954773,-0.0022361809045226,-0.0022361809045226,0.42713567839195976,-0.002864321608040288,-0.002864321608040288,0.3316582914572864,-0.0033417085427135396,-0.0033417085427135396,0.3812316715542522,0.10743957785000624,0.16324535679374386,0.4294117647058824,0.3919597989949749,0.11125804460901001,0.17326196927878124,0.3939393939393939,0.3745819397993311,0.10246173946544124,0.15878661165695063,0.40604026845637586,18.0,-3.0,-3.0,28.0,-8.0,-8.0,39.0,-12.0,-12.0,-0.0012073537388997716,-8.277325502548142e-05,-0.0004613503088661303,-0.0498248614964254,-0.060802254525187394,-0.055120632663554936,-0.9348227977752686
36,0,test,3.1074078879283586,1.4661442680967285,2.0003652554986258,5.205403022453238,2.456025111525093,3.3509303324594812,22.36300179985881,17.20131399573894,19.337603862322386,37.46158900231126,28.8149400056009,32.39356570567381,3.169930756990634,1.4506679467113806,2.0071908323146017,5.196607798345302,2.37814417493669,3.290476774286233,23.805835911638695,18.22542278726221,20.60715047396802,39.02596051088311,29.87774227420035,33.78221389175086,3.1074078879283586,1.4661442680967285,2.0003652554986258,5.205403022453238,2.456025111525093,3.3509303324594812,22.36300179985881,17.20131399573894,19.337603862322386,37.46158900231126,28.8149400056009,32.39356570567381,0.7487437185929648,-0.0012562814070351536,-0.0012562814070351536,0.5628140703517588,-0.0021859296482411583,-0.0021859296482411583,0.4522613065326633,-0.0027386934673366836,-0.0027386934673366836,0.4274809160305344,0.11319520174482012,0.17874995156352935,0.3908045977011494,0.4321608040201005,0.11135879900756918,0.18007399266784674,0.3939393939393939,0.4274809160305344,0.11319520174482012,0.17874995156352935,0.3908045977011494,26.0,-8.0,-8.0,37.0,-3.0,-3.0,44.0,-4.0,-4.0,-8.040102295831337e-05,0.00022634298809479916,0.00012542558197522645,-0.00012787541372372146,-0.00017828449388890277,8.936283448512938e-05,-0.7282328605651855
228,0,test,2.3134319200515745,1.0610432397052545,1.3618537081273767,5.208685041553245,2.3889356774202137,3.066209546442477,10.109058671589683,6.610368434981602,7.519264992580392,22.76051533244144,14.883224739838816,16.929602618025314,2.545288463333743,1.1458641306098627,1.5764766639643515,4.62779720606135,2.083389328381568,2.8663212072079114,12.746904570361844,8.69403837763306,10.112092656862776,23.176190127930624,15.80734250478738,18.385623012477772,2.559487332069754,1.151628005068708,1.5518303456931541,5.153330198798163,2.318714104165184,3.1244906289123913,12.92918723651354,8.841990555455126,10.19001167168108,26.031920610429946,17.802665547896225,20.516802023518952,0.5477386934673367,-0.002261306532663321,-0.002261306532663321,0.44723618090452266,-0.0027638190954772934,-0.0027638190954772934,0.371859296482412,-0.003140703517587995,-0.003140703517587995,0.384,0.13233555259653795,0.17187878787878785,0.3529411764705882,0.40201005025125625,0.12632082719361215,0.19499836410768367,0.36868686868686873,0.40802675585284276,0.12922875919174093,0.1977931629718639,0.38590604026845643,20.0,-8.0,-8.0,30.0,-11.0,-11.0,37.0,-12.0,-12.0,0.0009788219265088253,0.00027080710417630904,0.00020245054145505808,-0.12367865240508547,-0.11638899221185817,-0.12097210841520578,-0.49465394020080566
112,0,test,2.6390519408856408,1.1673130422727163,1.621656360250914,4.944046674064238,2.1868649399539493,3.038039763508041,13.999924557988619,9.643119958618882,11.233942959040697,26.227706766864756,18.065591821210063,21.045867822000293,2.658470337714382,1.1023508786983995,1.5739438504100896,4.253552540343011,1.763761405917439,2.518310160656143,14.274437321599553,9.534047093052672,11.316398503464454,22.839099714559286,15.254475348884277,18.106237605543125,2.6390519408856408,1.1673130422727163,1.621656360250914,4.944046674064238,2.1868649399539493,3.038039763508041,13.999924557988619,9.643119958618882,11.233942959040697,26.227706766864756,18.065591821210063,21.045867822000293,0.6432160804020101,-0.001783919597989958,-0.001783919597989958,0.507537688442211,-0.0024623115577889765,-0.0024623115577889765,0.3869346733668342,-0.0030653266331658324,-0.0030653266331658324,0.4203389830508475,0.11577045513206574,0.1892228612921102,0.435374149659864,0.42211055276381915,0.10381481341544818,0.1767015377387774,0.4494949494949495,0.4203389830508475,0.11577045513206574,0.1892228612921102,0.435374149659864,15.0,-4.0,-4.0,24.0,-4.0,-4.0,34.0,-6.0,-6.0,1.1225297581692728e-05,-0.0002616629393231731,0.00013635099075830115,-0.016116307767474858,-0.016566313374000607,-0.016893007977784258,-0.7870509624481201
410,0,test,2.8565905455387,1.315436315289299,1.8152542538555896,4.9476895069787945,2.2783700885729687,3.144067825305433,17.402094030131526,12.732116639561454,14.569093829456726,30.140881816894474,22.05235888551494,25.234051403960997,2.846613155537514,1.288091975312916,1.7857968080379913,4.628639277296771,2.094458496443766,2.9037346472162464,17.22932985214274,12.477540844981934,14.340601619100878,28.01517049128901,20.288684300783636,23.31805141317216,2.8565905455387,1.315436315289299,1.8152542538555896,4.9476895069787945,2.2783700885729687,3.144067825305433,17.402094030131526,12.732116639561454,14.569093829456726,30.140881816894474,22.05235888551494,25.234051403960997,0.7135678391959799,-0.0014321608040201994,-0.0014321608040201994,0.5376884422110553,-0.0023115577889447625,-0.0023115577889447625,0.40703517587939697,-0.00296482412060306,-0.00296482412060306,0.4015151515151515,0.08771552958698514,0.15970154950003812,0.35361216730038025,0.42211055276381915,0.09880228208712738,0.1716931904933684,0.35858585858585856,0.4015151515151515,0.08771552958698514,0.15970154950003812,0.35361216730038025,21.0,1.0,1.0,33.0,0.0,0.0,40.0,1.0,1.0,0.00017347252554132385,0.00018048158579119948,0.00015548131066891747,-0.000141735257445319,-0.00018927773293242467,8.23537205478786e-05,-0.5125250816345215
229,0,test,3.286964633115908,1.5691193334512423,2.1372016543688233,5.2379371895459945,2.500467582983592,3.4057342492199956,26.761509249182165,21.18900081582796,23.604064809627634,42.64575990030964,33.76569807425488,37.614219406309836,3.206296718899329,1.5165019015341272,2.0746770799882555,4.750069213184191,2.2466694837542627,3.0735956740566746,24.687492007126632,19.26912317125371,21.58681759877622,36.57406223278019,28.546849142598084,31.98047051670551,3.286964633115908,1.5691193334512423,2.1372016543688233,5.2379371895459945,2.500467582983592,3.4057342492199956,26.761509249182165,21.18900081582796,23.604064809627634,42.64575990030964,33.76569807425488,37.614219406309836,0.7487437185929648,-0.0012562814070351536,-0.0012562814070351536,0.5979899497487438,-0.0020100502512562235,-0.0020100502512562235,0.46733668341708545,-0.002663316582914521,-0.002663316582914521,0.4227642276422764,0.0921354243968403,0.17816963304768174,0.42040816326530617,0.4321608040201005,0.09882747068676712,0.18508233991325573,0.4040404040404041,0.4227642276422764,0.0921354243968403,0.17816963304768174,0.42040816326530617,15.0,0.0,0.0,29.0,0.0,0.0,37.0,0.0,0.0,-0.00011699694480548534,0.00012663259458610721,-2.8147569497934193e-05,-1.699666395538202e-05,-9.033858156382024e-05,-0.00010696492421935488,-0.3905179500579834
383,0,test,3.4489788843643625,1.6194338861750903,2.1873797173644554,5.2011339325708565,2.4421409406490664,3.298615402656558,31.46824318241397,25.237192308414286,27.937179447099293,47.4547838365815,38.058225834079295,42.12986419295188,3.727713367447781,1.7268821829171643,2.362020572428265,5.481931422717325,2.539532621937006,3.4735596653356837,41.58391223908353,34.188711917890075,37.665475453740655,61.15281211629931,50.27751752630894,55.39040507903037,3.4489788843643625,1.6194338861750903,2.1873797173644554,5.2011339325708565,2.4421409406490664,3.298615402656558,31.46824318241397,25.237192308414286,27.937179447099293,47.4547838365815,38.058225834079295,42.12986419295188,0.7738693467336684,-0.0011306532663316604,-0.0011306532663316604,0.6130653266331658,-0.001934673366834172,-0.001934673366834172,0.49246231155778897,-0.002537688442211028,-0.002537688442211028,0.42348754448398573,0.11620512885343515,0.18206742614079052,0.4107142857142857,0.42713567839195976,0.103827407715268,0.176718316121509,0.43434343434343436,0.42348754448398573,0.11620512885343515,0.18206742614079052,0.4107142857142857,25.0,0.0,0.0,36.0,1.0,1.0,49.0,0.0,0.0,0.0011164470366526126,0.0005037817199476745,-0.00011680144822186968,-0.00025954392907312496,0.0001733692814402943,2.277625207813827e-05,-0.6403303146362305
147,0,test,3.709855823595989,1.7983141286626525,2.4348635370125162,5.792161995549867,2.8076904460410446,3.801528877142122,40.84791679666531,34.08440876577381,37.269242990471874,63.77545719221294,53.21565755688557,58.18810841093028,3.8534590610906707,1.8652520871423952,2.5265786930426284,5.751431434463687,2.7839583390185,3.7710129746904903,47.15589657100963,39.85346799883345,43.38663026756916,70.38193518061138,59.48278805796038,64.75616457846142,3.709855823595989,1.7983141286626525,2.4348635370125162,5.792161995549867,2.8076904460410446,3.801528877142122,40.84791679666531,34.08440876577381,37.269242990471874,63.77545719221294,53.21565755688557,58.18810841093028,0.7889447236180904,-0.001055276381909609,-0.001055276381909609,0.6582914572864322,-0.0017085427135676845,-0.0017085427135676845,0.5025125628140703,-0.0024874371859296973,-0.0024874371859296973,0.41908713692946054,0.08989459034560965,0.17356989555015023,0.3916666666666667,0.4170854271356784,0.07873956247402425,0.16833751394703067,0.38888888888888884,0.41908713692946054,0.08989459034560965,0.17356989555015023,0.3916666666666667,22.0,0.0,0.0,37.0,0.0,0.0,45.0,0.0,0.0,0.0004317605736090747,0.00012397028044203046,0.00015524835726137288,1.765294534639139e-05,-6.285548396256502e-05,-8.431204445269458e-05,-0.42194151878356934
368,0,test,2.325001091753702,1.0741899168361986,1.2810878837253803,4.892912745332417,2.260608630953791,2.696020770228039,10.226691250812936,6.733515866048838,7.386381231264231,21.52184278156155,14.170533389744566,15.54447393445159,2.4410702115926313,1.083499033381027,1.507295566570591,4.245339498421968,1.8843461450104821,2.6213835940358106,11.485325896684989,7.598584271207863,8.941231768103288,19.974479820321722,13.214929167318026,15.549968292353546,2.3677808197844388,1.081971467860173,1.489782434715734,4.642707489773409,2.1215126820787704,2.9211420288543803,10.673679164370931,7.056084484472173,8.267600324435225,20.92878267523712,13.835459773474849,16.21098102830436,0.5326633165829145,-0.0023366834170853723,-0.0023366834170853723,0.4371859296482412,-0.002814070351758735,-0.002814070351758735,0.33668341708542715,-0.0033165829145728187,-0.0033165829145728187,0.3744075829383886,0.11168568944726431,0.14371354579273854,0.33729216152019004,0.371859296482412,0.09867633908892826,0.17820320299326342,0.31818181818181823,0.37792642140468224,0.1124840173980044,0.18660272841246872,0.32885906040268453,20.0,-7.0,-7.0,28.0,-6.0,-6.0,37.0,-8.0,-8.0,5.9738186819762605e-05,0.00073396348911561,-5.277411794941275e-05,-0.08980549268363092,-0.10137012061691042,-0.08990299300136151,-0.7204983234405518
340,0,test,3.3284307517411507,1.5863047111165391,2.1551387595315266,5.735786326899844,2.7336320178989415,3.7138869189411206,27.894533890820117,22.185064799314276,24.661916999742573,48.069825698645985,38.23086638372397,42.499152565594116,3.2346750719463406,1.4558500605611946,2.041406920607166,5.302746019584165,2.386639443542942,3.34656872230683,25.398117876950458,19.475224880366945,22.10027641722826,41.636258814672885,31.92659816453598,36.229961339718464,3.3284307517411507,1.5863047111165391,2.1551387595315266,5.735786326899844,2.7336320178989415,3.7138869189411206,27.894533890820117,22.185064799314276,24.661916999742573,48.069825698645985,38.23086638372397,42.499152565594116,0.6834170854271358,-0.0015829145728643024,-0.0015829145728643024,0.5226130653266332,-0.002386934673366814,-0.002386934673366814,0.4170854271356784,-0.0029145728643216184,-0.0029145728643216184,0.41025641025641024,0.10073260073260071,0.17582417582417575,0.4191176470588235,0.39698492462311563,0.09547738693467345,0.16582914572864327,0.3939393939393939,0.41025641025641024,0.10073260073260071,0.17582417582417575,0.4191176470588235,20.0,-8.0,-8.0,32.0,-11.0,-11.0,41.0,-9.0,-9.0,-0.0009290974341777199,-0.0002537019534127296,0.00010097151698499626,-0.00020410455418851114,0.00020435748183800229,5.0812707827141423e-05,-0.4437284469604492
86,0,test,2.9940405701523396,1.3905761321117323,1.8970991786239473,5.2986639037564425,2.460953812750368,3.3573663095384325,19.966194534439722,14.995972877774657,16.97120304034451,35.33491006423872,26.538925685009097,30.034563275346535,3.1735603803366272,1.4301015676397353,1.9683463344569894,5.202558000551848,2.3444287994094024,3.2267972696016223,23.892399130341055,18.175315544817146,20.554925756298307,39.16786742678862,29.7955992537986,33.69659960048903,2.9940405701523396,1.3905761321117323,1.8970991786239473,5.2986639037564425,2.460953812750368,3.3573663095384325,19.966194534439722,14.995972877774657,16.97120304034451,35.33491006423872,26.538925685009097,30.034563275346535,0.728643216080402,-0.001356783919598037,-0.001356783919598037,0.5728643216080402,-0.0021356783919597166,-0.0021356783919597166,0.3869346733668342,-0.0030653266331658324,-0.0030653266331658324,0.3768656716417911,0.0565677200589233,0.13617088255990517,0.37827715355805247,0.3668341708542714,0.04101963451341928,0.11641680858382064,0.4040404040404041,0.3768656716417911,0.0565677200589233,0.13617088255990517,0.37827715355805247,23.0,-4.0,-4.0,35.0,-6.0,-6.0,43.0,-9.0,-9.0,0.0004045701995329102,0.00028888960050169635,-9.403118457135522e-05,-0.007736987107366922,-0.008270017016597464,-0.006717217866689218,-0.8274252414703369
253,0,test,2.9438354495693657,1.3700158633291724,1.8860685357860492,4.755426495458206,2.213102548454817,3.0467260962697713,18.9885363973153,14.163493688883683,16.10860373197801,30.673789564893944,22.879489805119793,26.02159064396448,3.1166921979817914,1.4583410195369817,2.000983242413507,4.651779399972822,2.1766283873686287,2.9865421528559795,22.571593659689697,17.320947335241943,19.51986270560045,33.68894576073089,25.852160201853643,29.134123441194696,2.9438354495693657,1.3700158633291724,1.8860685357860492,4.755426495458206,2.213102548454817,3.0467260962697713,18.9885363973153,14.163493688883683,16.10860373197801,30.673789564893944,22.879489805119793,26.02159064396448,0.7437185929648241,-0.0012814070351758744,-0.0012814070351758744,0.6231155778894473,-0.0018844221105527303,-0.0018844221105527303,0.4824120603015075,-0.0025879396984924696,-0.0025879396984924696,0.4558823529411765,0.1378676470588236,0.21691176470588236,0.3726937269372693,0.457286432160804,0.11809045226130654,0.19932998324958118,0.3787878787878788,0.4558823529411765,0.1378676470588236,0.21691176470588236,0.3726937269372693,22.0,-4.0,-4.0,36.0,-4.0,-4.0,44.0,-5.0,-5.0,0.0005681708708613158,0.0004948993645565155,0.0001314149440887512,-0.011275428532512066,-0.012228770424789204,-0.010891367784843453,-0.7095370292663574
382,0,test,3.2034427089045248,1.4593389608124043,2.018723320845881,5.310970806868029,2.419430382399513,3.3468307687708037,24.617134107024302,18.89636218269633,21.34736495057699,40.812617072171875,31.328179408154448,35.391683997009224,3.3184088139078725,1.540065686124195,2.1162855050892655,5.18501377173105,2.4063526345690542,3.306696101701977,27.616372791089457,21.696333251941862,24.28919874523757,43.150582486077276,33.900520706159156,37.9518730394337,3.2034427089045248,1.4593389608124043,2.018723320845881,5.310970806868029,2.419430382399513,3.3468307687708037,24.617134107024302,18.89636218269633,21.34736495057699,40.812617072171875,31.328179408154448,35.391683997009224,0.7738693467336684,-0.0011306532663316604,-0.0011306532663316604,0.6080402010050252,-0.001959798994974782,-0.001959798994974782,0.4321608040201005,-0.002839195979899567,-0.002839195979899567,0.398406374501992,0.052481921221673944,0.1295322023165616,0.392,0.37688442211055273,0.03853855744889856,0.10977256902207189,0.40909090909090906,0.398406374501992,0.052481921221673944,0.1295322023165616,0.392,18.0,-2.0,-2.0,33.0,-4.0,-4.0,36.0,0.0,0.0,0.0001129280048836486,0.00013468315383916384,0.0001525538899024464,-5.164627325804361e-05,-0.00011782167916685182,0.0001279129611404528,-0.5176622867584229
143,0,test,2.9833497179277018,1.372110359822259,1.8850523403497659,4.734057935633778,2.1773008703766386,2.991250719716694,19.75387585522675,14.744860508979855,16.754820439759392,31.345970668473583,23.397533142991985,26.58699051818107,2.972317857358923,1.335688446035337,1.853708271604886,4.27671634152363,1.9218538791875353,2.667206146194081,19.537151485589796,14.399328678611095,16.476555738048027,28.11100933178388,20.718458530375678,23.70727444323457,2.9833497179277018,1.372110359822259,1.8850523403497659,4.734057935633778,2.1773008703766386,2.991250719716694,19.75387585522675,14.744860508979855,16.754820439759392,31.345970668473583,23.397533142991985,26.58699051818107,0.6884422110552764,-0.0015577889447235815,-0.0015577889447235815,0.5527638190954773,-0.0022361809045226,-0.0022361809045226,0.38190954773869346,-0.0030904522613065533,-0.0030904522613065533,0.4015151515151515,0.07007575757575757,0.15656565656565657,0.4144486692015209,0.38190954773869346,0.05025125628140703,0.14070351758793964,0.40909090909090906,0.4015151515151515,0.07007575757575757,0.15656565656565657,0.4144486692015209,25.0,-14.0,-14.0,33.0,-13.0,-13.0,44.0,-18.0,-18.0,-0.0001262457302828442,-0.00011858042587241321,-0.00017776286221396546,-0.000141735257445319,-0.00018927773293242467,8.23537205478786e-05,-0.9068889617919922
262,0,test,3.472941871311354,1.6846578348653223,2.2781345627091585,5.942589424243872,2.88263673965844,3.8981413628578934,32.231423807298015,26.25224021003312,28.928502542634302,55.151547403598826,44.92049991494556,49.49988212850758,3.552171314181994,1.7122250564425565,2.3240231246516454,5.823231662593433,2.8069263220369782,3.809873974838763,34.88899026253922,28.59279038261966,31.47409033249957,57.195066004162655,46.87342685675355,51.59686939754029,3.472941871311354,1.6846578348653223,2.2781345627091585,5.942589424243872,2.88263673965844,3.8981413628578934,32.231423807298015,26.25224021003312,28.928502542634302,55.151547403598826,44.92049991494556,49.49988212850758,0.7738693467336684,-0.0011306532663316604,-0.0011306532663316604,0.6231155778894473,-0.0018844221105527303,-0.0018844221105527303,0.507537688442211,-0.0024623115577889765,-0.0024623115577889765,0.4347826086956522,0.11374139394510996,0.19345312892686606,0.4192139737991266,0.4321608040201005,0.10384000201508792,0.18842123807686173,0.4242424242424242,0.4347826086956522,0.11374139394510996,0.19345312892686606,0.4192139737991266,20.0,-1.0,-1.0,36.0,-7.0,-7.0,43.0,-3.0,-3.0,0.00016511422622154782,0.00023617407562057303,6.910938392109055e-05,9.388208581206925e-05,-2.3926692396258886e-06,-3.447570896586427e-05,-0.17426490783691406
243,0,test,2.630869745765034,1.1866447348312197,1.6499989038628562,4.331309947296092,1.9536224292953008,2.7164616100181167,13.885841803728994,9.647275776423353,11.219064231048243,22.860837115895293,15.88271011972137,18.470410624286743,2.5565289456640654,1.142032916732847,1.6019810500510463,3.963610768471419,1.770593669353251,2.4836915504667383,12.890994227451424,8.776581828883163,10.293498249360752,19.98603756194019,13.607103610671569,15.958912014512794,2.630869745765034,1.1866447348312197,1.6499989038628562,4.331309947296092,1.9536224292953008,2.7164616100181167,13.885841803728994,9.647275776423353,11.219064231048243,22.860837115895293,15.88271011972137,18.470410624286743,0.6281407035175879,-0.0018592964824121205,-0.0018592964824121205,0.4824120603015075,-0.0025879396984924696,-0.0025879396984924696,0.3417085427135679,-0.003291457286432098,-0.003291457286432098,0.40892193308550184,0.11393120952334967,0.16664752023012486,0.3843283582089553,0.3919597989949749,0.10373924761652875,0.15656747846075125,0.3535353535353535,0.40892193308550184,0.11393120952334967,0.16664752023012486,0.3843283582089553,20.0,-7.0,-7.0,32.0,-9.0,-9.0,38.0,-6.0,-6.0,-0.000337095408731448,0.00010066601055910851,6.827860111026998e-05,-0.00017638486674709242,0.00021985158203818855,6.483093570341936e-05,-0.36850619316101074
320,0,test,2.716089401696179,1.2206935664018899,1.6838470083364698,4.888960923053122,2.1972484195234014,3.0309246150056453,15.12107402602935,10.659971960981824,12.313720052296727,27.217933246852827,19.18794952976728,22.164696094134108,2.9467734979025684,1.2840436570742058,1.7951306607124975,4.533497689080875,1.9754517801141631,2.7617394780192273,19.044407671088123,13.770720131051668,15.881022100452519,29.29908872475096,21.18572327854103,24.432341693003877,2.716089401696179,1.2206935664018899,1.6838470083364698,4.888960923053122,2.1972484195234014,3.0309246150056453,15.12107402602935,10.659971960981824,12.313720052296727,27.217933246852827,19.18794952976728,22.164696094134108,0.6633165829145728,-0.0016834170854271857,-0.0016834170854271857,0.5326633165829145,-0.0023366834170853723,-0.0023366834170853723,0.42713567839195976,-0.002864321608040288,-0.002864321608040288,0.41554054054054057,0.1187445877580785,0.18407986638323715,0.37966101694915255,0.42713567839195976,0.1238775330285512,0.1967517051031451,0.398989898989899,0.41554054054054057,0.1187445877580785,0.18407986638323715,0.37966101694915255,21.0,-10.0,-10.0,33.0,-15.0,-15.0,41.0,-17.0,-17.0,0.001046137903495228,0.00026403584458738525,0.00013170290799165577,-0.014366386322330449,-0.011107600614656654,-0.01258172763086396,-0.5243337154388428
185,0,test,2.8220055429010444,1.295367188582678,1.6967356041272712,4.839607636657399,2.221494197242256,2.909822274367797,16.81053112841813,12.207852915278401,13.729482697307859,28.82927534639932,20.93589728928586,23.545421261270956,3.025707338922587,1.3630580041011011,1.8709551988694604,4.841131742276139,2.1808928065617614,2.9935283181911365,20.608576805397334,15.335313811796745,17.435340003656076,32.973722888635734,24.53650209887479,27.896544005849723,2.9681463887460255,1.3640733182214946,1.8638206255029666,4.839369112085912,2.224032584056785,3.0388379763635327,19.4558226197225,14.482575003949794,16.438633136921982,31.7214499234606,23.612894028179014,26.802119244981494,0.6381909547738693,-0.0018090452261306789,-0.0018090452261306789,0.5125628140703518,-0.0024371859296482556,-0.0024371859296482556,0.44221105527638194,-0.0027889447236180143,-0.0027889447236180143,0.412568306010929,0.12743870164530824,0.18285178597182827,0.38630136986301367,0.44221105527638194,0.14396544124129418,0.21182708198756728,0.41414141414141414,0.4347826086956522,0.1409595702983233,0.2134255452918702,0.40604026845637586,22.0,0.0,0.0,36.0,0.0,0.0,41.0,0.0,0.0,0.0002192056699131714,0.00032692138366640245,1.0445540710633517e-05,-0.018761120626889394,-0.018948362577410727,-0.018820981517273516,-0.6801953315734863
160,0,test,2.939677630506811,1.3719156010346978,1.872265567588025,4.904313670697006,2.2887898888549163,3.1235321597879424,18.90974940324765,14.1138463183648,16.001904967642748,31.547453212348795,23.546367372717512,26.6962473965129,3.072310409953247,1.3898484341433226,1.9140711490154334,4.389014871361781,1.9854977630618897,2.7343873557363336,21.591730840934673,16.212948726262923,18.407409263125526,30.845329772763822,23.16135532323275,26.29629894732218,2.979292236841642,1.3844719026029622,1.890087372917834,4.857541690502678,2.2572911455483085,3.0816641949747297,19.673887263405668,14.746443563743382,16.701977203477764,32.07699010337881,24.043114506103343,27.231484570887662,0.6482412060301508,-0.0017587939698492372,-0.0017587939698492372,0.5376884422110553,-0.0023115577889447625,-0.0023115577889447625,0.42713567839195976,-0.002864321608040288,-0.002864321608040288,0.40476190476190477,0.10164154814972048,0.18198962753418202,0.4059701492537313,0.42713567839195976,0.1238775330285512,0.2000906032667511,0.4292929292929293,0.41137123745819393,0.10586205548824401,0.18334009174073007,0.412751677852349,15.0,0.0,0.0,23.0,0.0,0.0,34.0,0.0,0.0,-4.244055063100065e-05,0.00021819739242594544,0.00011701985053868942,0.00036092479082938667,-3.9674596296279674e-05,0.0001777382952132811,-0.7046828269958496
345,0,test,2.940347448324624,1.3617906121979102,1.8566173925987075,5.36784359752286,2.486059605989208,3.389406170209268,18.92241973326101,14.07446536552642,15.96673585275291,34.544417420023,25.694082120786604,29.14857591723496,3.0948756999106863,1.3934576813306057,1.913210287737041,5.0323182112368885,2.265784847692042,3.1109110369707986,22.084493262445214,16.60277820556499,18.82469466947157,35.90974514218734,26.99638732612194,30.609259625157023,2.943265936446429,1.3551993718689794,1.8516411007393725,5.255832029368623,2.4199988783374633,3.3065019656060217,18.977725255487453,14.083448249416506,15.99861454790417,33.88879509908473,25.1490147311009,28.568954549828867,0.6683417085427136,-0.0016582914572863539,-0.0016582914572863539,0.507537688442211,-0.0024623115577889765,-0.0024623115577889765,0.4120603015075377,-0.0029396984924623393,-0.0029396984924623393,0.3993610223642172,0.10908988998782165,0.1698179830443447,0.3846153846153846,0.40201005025125625,0.10627070188032894,0.1599399333898205,0.398989898989899,0.39799331103678925,0.11251751804847543,0.172186859423886,0.3825503355704698,24.0,-10.0,-10.0,37.0,-13.0,-13.0,46.0,-12.0,-12.0,0.0011131340913393575,0.00035492087978164304,9.225097470703899e-05,-0.0182345703584037,-0.019169355412720357,-0.016833727561396117,-0.71634840965271
43,0,test,2.69298596613042,1.2419890955971342,1.4280968736244513,4.89134185684913,2.2558577450641826,2.593890239848493,14.77572994496579,10.508363537615875,11.233030142603239,26.837550308203166,19.086619486690054,20.40285066717731,2.8172057801155588,1.2746003570248081,1.7663275439053518,4.082906927703709,1.8472468942388525,2.5598949911671767,16.73003789544742,12.053278547344991,13.869875982322046,24.246431732532496,17.468519633833324,20.10126953959717,2.646694841193515,1.1880937660513406,1.6412316588640463,4.435801409821534,1.991218602320683,2.750667584688346,14.107334524684212,9.807394498762537,11.37416158758973,23.643577415671864,16.43697402027241,19.062840649591728,0.6281407035175879,-0.0018592964824121205,-0.0018592964824121205,0.49246231155778897,-0.002537688442211028,-0.002537688442211028,0.371859296482412,-0.003140703517587995,-0.003140703517587995,0.39639639639639634,0.10055837614892726,0.1275791920953211,0.363431151241535,0.371859296482412,0.0761199481114847,0.14648367043900634,0.3434343434343434,0.3913043478260869,0.092472962183349,0.16327320210862306,0.3355704697986577,18.0,0.0,0.0,27.0,0.0,0.0,37.0,0.0,0.0,0.0004162242384658842,0.0003282344942303382,-5.9677281661668034e-05,-0.003280258983372697,-0.0032101159535224966,-0.003474352752505183,-0.8457455635070801
273,0,test,2.0877278226964613,0.9160579731987302,1.079488256290614,5.775143197848653,2.534030497289994,2.9861168648039067,8.066565658127976,4.839188282211056,5.325793839387165,22.31400630105531,13.386326027415002,14.73239075051255,2.332718417273095,0.9652995870157843,1.3625753994087084,4.529550324802126,1.8743681301277366,2.6457774745800164,10.305919277201083,6.3807132916311335,7.667597517684294,20.011493742138025,12.389734546856571,14.888538869289894,2.2850373636520027,1.0131184512882339,1.383540042173088,5.2329099930961895,2.3201185907364135,3.1684123103200488,9.826053354396752,6.258361267908781,7.362764668115043,22.502412261977295,14.332125041012477,16.861293133087884,0.507537688442211,-0.0024623115577889765,-0.0024623115577889765,0.3919597989949749,-0.0030402010050251116,-0.0030402010050251116,0.3015075376884422,-0.0034924623115578646,-0.0034924623115578646,0.36,0.09913043478260863,0.12832844574780056,0.32547169811320753,0.3668341708542714,0.0961574791249481,0.1681697301197138,0.3282828282828283,0.37792642140468224,0.1091451192343984,0.17547925788966556,0.3523489932885906,22.0,-2.0,-2.0,33.0,-6.0,-6.0,37.0,-3.0,-3.0,0.0005161656891775226,0.0005871935026503381,0.00014663308695882395,-0.10361850428488051,-0.10394173400115392,-0.09889286223891158,-0.6511805057525635
483,0,test,2.93135065685919,1.3727854923820935,1.876486388687965,4.381915930356521,2.0521020246948822,2.805056972780979,18.752942189117174,14.000944173472352,15.881356827201476,28.032748633216393,20.92924644488135,23.740172576744474,3.439403190085636,1.5793534610252264,2.1802329752861467,4.878586085227853,2.240217675213087,3.0925290429590735,31.16835103548873,24.744294809722618,27.645853677331772,44.21042700069324,35.09829051024485,39.21397684727911,2.9223952961628,1.3638301316857036,1.867531027991575,4.3685290509650105,2.038715145303372,2.7916700933894685,18.585752566742986,13.833754551098163,15.714167204827287,27.782826001832298,20.679323813497255,23.49024994536038,0.728643216080402,-0.006356783919598041,-0.001356783919598037,0.5879396984924623,-0.002060301507537776,-0.002060301507537776,0.48743718592964824,-0.017562814070351762,-0.002562814070351749,0.4256055363321799,0.12681451733390703,0.20236042701112122,0.32291666666666663,0.42713567839195976,0.09881487638694719,0.175048867039706,0.36868686868686873,0.4221453287197232,0.12335430972145034,0.19890021939866454,0.3159722222222222,21.0,0.0,0.0,34.0,0.0,0.0,43.0,0.0,0.0,0.0012874059630049472,0.0006861752064521101,0.00013976902890462813,-0.01653854237056329,-0.017435527493659286,-0.014564087005944693,-0.9389314651489258
76,0,test,3.1209240818845814,1.4546527057672098,1.9801550345466468,4.990048944112161,2.325845809770649,3.166072060731177,22.66731642451531,17.374918822335804,19.538142501566234,36.24279714029646,27.78077679835011,31.23955751624052,3.1068419098255022,1.4240358640375284,1.9385529409861912,4.637077477351496,2.1254266627425795,2.8933625984868527,22.350348411634055,16.969715301100386,19.133863989201064,33.35872897258814,25.327933285224454,28.558005954031437,3.1209240818845814,1.4546527057672098,1.9801550345466468,4.990048944112161,2.325845809770649,3.166072060731177,22.66731642451531,17.374918822335804,19.538142501566234,36.24279714029646,27.78077679835011,31.23955751624052,0.6381909547738693,-0.0018090452261306789,-0.0018090452261306789,0.5276381909547738,-0.002361809045226204,-0.002361809045226204,0.4371859296482412,-0.002814070351758735,-0.002814070351758735,0.43448275862068964,0.1453261321146655,0.20627174944637772,0.44982698961937717,0.4321608040201005,0.1464465183058148,0.20511572889489182,0.4545454545454546,0.43448275862068964,0.1453261321146655,0.20627174944637772,0.44982698961937717,26.0,-14.0,-14.0,36.0,-9.0,-9.0,42.0,-11.0,-11.0,-0.00011050614216020001,-0.0001806664107818527,0.00013372529381097198,-0.004997442267380414,-0.004104945576737684,-0.004822819878373963,-0.642125129699707
158,0,test,2.765534942908003,1.2449781369689286,1.7282825124184817,5.017707111982784,2.2588525479136847,3.1357461153461075,15.887536642851996,11.312764896664817,13.066082429606242,28.825889837030868,20.52555547119425,23.706724408207734,2.9008100296384725,1.3054735879203183,1.8195677580346215,4.6044603645055115,2.072180298286219,2.888202790531145,18.188872929921175,13.258885483343864,15.240533013953968,28.87122687289075,21.045849973561687,24.191322244371374,2.7685290487314944,1.256131806501178,1.7392550066296206,5.003365750719568,2.2701177225924902,3.143231939692085,15.935176893220904,11.397581411240273,13.1361437764646,28.79851245762814,20.59803869501254,23.740018873128797,0.6683417085427136,-0.0016582914572863539,-0.0016582914572863539,0.5226130653266332,-0.002386934673366814,-0.002386934673366814,0.40703517587939697,-0.00296482412060306,-0.00296482412060306,0.39072847682119205,0.09105960264900659,0.16225165562913912,0.3621262458471761,0.4120603015075377,0.1080402010050251,0.17085427135678388,0.3737373737373737,0.38795986622073575,0.09364548494983271,0.1605351170568562,0.36241610738255037,18.0,0.0,0.0,30.0,0.0,0.0,37.0,0.0,0.0,0.0008913363004031513,0.00027447998647485124,-4.039296883282449e-05,-0.024579403362382735,-0.024043806166794468,-0.022536386467919556,-0.39415931701660156
180,0,test,3.0579945710923173,1.4079998104474114,1.9343931459999433,5.078455269849741,2.338285399493022,3.212474331749905,21.28482912070864,16.077876574673606,18.20891717471924,35.34801978974828,26.700759311511526,30.239808879444453,3.289499026447085,1.5024088313277042,2.081455287123477,5.139842228823571,2.347513798949538,3.252273886130433,26.829419458997183,20.857369798968477,23.482488683966274,41.920967904683096,32.58964031088824,36.691388568697306,3.0579945710923173,1.4079998104474114,1.9343931459999433,5.078455269849741,2.338285399493022,3.212474331749905,21.28482912070864,16.077876574673606,18.20891717471924,35.34801978974828,26.700759311511526,30.239808879444453,0.6783919597989949,-0.0016080402010050232,-0.0016080402010050232,0.5276381909547738,-0.002361809045226204,-0.002361809045226204,0.44221105527638194,-0.0027889447236180143,-0.0027889447236180143,0.41007194244604317,0.11437301771486041,0.18095499733864462,0.40072202166064985,0.4170854271356784,0.11208542713567837,0.19079590966479654,0.4292929292929293,0.41007194244604317,0.11437301771486041,0.18095499733864462,0.40072202166064985,22.0,-3.0,-3.0,33.0,-9.0,-9.0,40.0,-5.0,-5.0,0.0005849741314446525,4.2536431000371535e-05,-6.466639252794009e-05,-0.005913388791573659,-0.005059503311843017,-0.004780765194750458,-0.940117597579956
356,0,test,3.972344243628347,1.8927394467541294,2.5817526028706475,6.061694138004296,2.8882712336832497,3.939687413471443,53.10888518999584,45.10757904182595,49.09165908525902,81.04277934837027,68.83299399239674,74.91259665607707,3.960970471252748,1.8920735659910806,2.5761715409344363,5.782438644164595,2.7621511912278547,3.7608343663276442,52.508258986455516,44.592172879528206,48.51423623926394,76.65439268095695,65.0980625978514,70.82370253907143,3.972344243628347,1.8927394467541294,2.5817526028706475,6.061694138004296,2.8882712336832497,3.939687413471443,53.10888518999584,45.10757904182595,49.09165908525902,81.04277934837027,68.83299399239674,74.91259665607707,0.8241206030150754,-0.0008793969849245631,-0.0008793969849245631,0.6482412060301508,-0.0017587939698492372,-0.0017587939698492372,0.5678391959798995,-0.0021608040201005485,-0.0021608040201005485,0.46153846153846156,0.1431623931623932,0.2136752136752137,0.4291845493562232,0.46733668341708545,0.13567839195979903,0.20938023450586263,0.4292929292929293,0.46153846153846156,0.1431623931623932,0.2136752136752137,0.4291845493562232,26.0,-4.0,-4.0,39.0,-6.0,-6.0,48.0,-4.0,-4.0,0.0002181373015868376,6.82334011463922e-05,8.193417910214787e-05,6.616239837065052e-05,-2.437914732134061e-05,-5.259801277901488e-05,-0.41068577766418457
404,0,test,3.062816116020834,1.4467778539258194,1.9670385094559883,5.307613020930513,2.5071492002813884,3.4087189076908118,21.38770268607435,16.354591786216666,18.39619469063107,37.0631617976071,28.341187008412735,31.879119991838934,3.31887629463445,1.5400164994488925,2.0997886923343314,4.990791420502932,2.315814284885552,3.1575769809538814,27.629285931194165,21.706186910299667,24.245187250433396,41.54779839277318,32.6408825718792,36.45892819614045,3.062816116020834,1.4467778539258194,1.9670385094559883,5.307613020930513,2.5071492002813884,3.4087189076908118,21.38770268607435,16.354591786216666,18.39619469063107,37.0631617976071,28.341187008412735,31.879119991838934,0.6984924623115578,-0.0015075376884421399,-0.0015075376884421399,0.5628140703517588,-0.0021859296482411583,-0.0021859296482411583,0.4321608040201005,-0.002839195979899567,-0.002839195979899567,0.3848920863309353,0.07968562313524408,0.15044232556538506,0.371841155234657,0.3869346733668342,0.07866399667510482,0.14820345466900442,0.398989898989899,0.3848920863309353,0.07968562313524408,0.15044232556538506,0.371841155234657,15.0,0.0,0.0,25.0,0.0,0.0,35.0,1.0,1.0,0.0005947701085154514,9.871730307736602e-05,5.0100327126026786e-05,-0.00023875416349117273,0.00018498985658865763,3.328992298534672e-05,-0.9296817779541016
66,0,test,2.756114177883796,1.2781104196131585,1.7465086029468873,4.887509142113931,2.2665158107806676,3.097141922559146,15.738566700502815,11.3543816539859,12.99404840579942,27.909724948891657,20.135103466401663,23.042779172950972,2.913955494387066,1.3039389198501186,1.8065675403008514,4.517760456414056,2.0216107284497964,2.8008799074431803,18.429552574890465,13.426658427090162,15.403109721521085,28.57294972851235,20.816524693163043,23.880790265924162,2.756114177883796,1.2781104196131585,1.7465086029468873,4.887509142113931,2.2665158107806676,3.097141922559146,15.738566700502815,11.3543816539859,12.99404840579942,27.909724948891657,20.135103466401663,23.042779172950972,0.6683417085427136,-0.0016582914572863539,-0.0016582914572863539,0.5376884422110553,-0.0023115577889447625,-0.0023115577889447625,0.4170854271356784,-0.0029145728643216184,-0.0029145728643216184,0.3849056603773585,0.09488682798564474,0.1665869652707086,0.3787878787878788,0.42211055276381915,0.11383987607208979,0.18337933406598939,0.4191919191919192,0.3849056603773585,0.09488682798564474,0.1665869652707086,0.3787878787878788,22.0,-10.0,-10.0,37.0,-18.0,-18.0,44.0,-17.0,-17.0,0.0001297553495687789,0.00034282279061218814,0.00010328102675295439,-0.0001486651793047855,0.00023534568223659846,7.884916357880911e-05,-0.8307678699493408
30,0,test,3.570580649776619,1.6448002974700529,2.2493261411547527,5.766005238490622,2.656130210103667,3.6323577549728787,35.53722184195085,28.67672165721492,31.78910136338167,57.38781094747469,46.30903024374572,51.33510287735284,3.5407523138439236,1.591909191717758,2.200862440595615,5.6652037021502775,2.5470547067484124,3.5213799049529833,34.492858887495075,27.47229793838342,30.67423593782691,55.18857421999212,43.955676701413466,49.07877750052306,3.570580649776619,1.6448002974700529,2.2493261411547527,5.766005238490622,2.656130210103667,3.6323577549728787,35.53722184195085,28.67672165721492,31.78910136338167,57.38781094747469,46.30903024374572,51.33510287735284,0.7487437185929648,-0.0012562814070351536,-0.0012562814070351536,0.5979899497487438,-0.0020100502512562235,-0.0020100502512562235,0.4824120603015075,-0.0025879396984924696,-0.0025879396984924696,0.4159663865546218,0.09311523351478956,0.16037979437585081,0.4641350210970464,0.42211055276381915,0.10381481341544818,0.1650153941661564,0.46464646464646464,0.4159663865546218,0.09311523351478956,0.16037979437585081,0.4641350210970464,25.0,-13.0,-13.0,34.0,-14.0,-14.0,47.0,-18.0,-18.0,-0.0004275959310845033,-0.00013059779661683774,3.4616077752674384e-05,3.8442710928343615e-05,-4.636562540305533e-05,-7.072031659394185e-05,-0.6436316967010498
