idx,membership,set_split,cut_T,cut_T_rep1_diff,cut_T_rep2_diff,cal_T,cal_T_rep1_diff,cal_T_rep2_diff,ppl_T,ppl_T_rep1_diff,ppl_T_rep2_diff,calppl_T,calppl_T_rep1_diff,calppl_T_rep2_diff,cut_200,cut_200_rep1_diff,cut_200_rep2_diff,cal_200,cal_200_rep1_diff,cal_200_rep2_diff,ppl_200,ppl_200_rep1_diff,ppl_200_rep2_diff,calppl_200,calppl_200_rep1_diff,calppl_200_rep2_diff,cut_300,cut_300_rep1_diff,cut_300_rep2_diff,cal_300,cal_300_rep1_diff,cal_300_rep2_diff,ppl_300,ppl_300_rep1_diff,ppl_300_rep2_diff,calppl_300,calppl_300_rep1_diff,calppl_300_rep2_diff,cb_const1,cb_const1_rep1_diff,cb_const1_rep2_diff,cb_const2,cb_const2_rep1_diff,cb_const2_rep2_diff,cb_const3,cb_const3_rep1_diff,cb_const3_rep2_diff,cbm_T,cbm_T_rep1_diff,cbm_T_rep2_diff,cbpm_T,cbm_200,cbm_200_rep1_diff,cbm_200_rep2_diff,cbpm_200,cbm_300,cbm_300_rep1_diff,cbm_300_rep2_diff,cbpm_300,lz_bins3,lz_bins3_rep1_diff,lz_bins3_rep2_diff,lz_bins4,lz_bins4_rep1_diff,lz_bins4_rep2_diff,lz_bins5,lz_bins5_rep1_diff,lz_bins5_rep2_diff,slope_600,slope_800,slope_1000,apen_600,apen_800,apen_1000,elbow_frac,elbow_delta_slope,flat_frac
52,1,test,0.9787691184143769,0.3552843259163173,0.5067199578444769,2.2205824374026175,0.8060513144226449,1.149620904359657,2.6611786293958013,0.7957613087267501,1.0579024296348762,6.037549015441724,1.8053834691738135,2.400116137234125,0.5135011354096026,0.06420041040044605,0.18315268167443122,0.9336384280174592,0.11672801890990192,0.333004875771693,1.6711318233651213,0.10391593601249283,0.27967892240598524,3.038421497027493,0.18893806547725944,0.5085071316472458,0.814970137444232,0.26090622128507446,0.4133653733320702,1.6408794713642254,0.5253145395001497,0.8322792751652419,2.2591082085975214,0.5187970636786059,0.7648875622677889,4.5485400173104455,1.0445578463327632,1.5400420716801113,0.12060301507537685,-0.0043969849246231485,-0.0043969849246231485,0.08040201005025127,-0.004597989949748693,-0.004597989949748693,0.06030150753768848,-0.0046984924623114654,-0.0046984924623114654,0.2154696132596685,0.04995237188035817,0.07470714991656002,0.1911357340720221,0.1507537688442211,0.032959282628682196,0.033892333118010765,0.05555555555555558,0.18729096989966554,0.03704055253739513,0.0660451412011116,0.1476510067114094,10.0,0.0,0.0,15.0,0.0,0.0,17.0,-1.0,-1.0,-0.00010777032222829436,-0.0005848766010865798,-8.843023343646035e-05,-0.08897150108163032,-0.1085556206076741,-0.09850758795382886,0.9585635359116023,0.4444850862692272,0.5524861878453039
38,1,test,1.8378179936315766,0.7935221983678842,1.1162018530750575,3.7540794382108422,1.6209142466661048,2.2800464681716113,6.282814152932919,3.4414172591273884,4.225058005013068,12.833797202637365,7.029724279315093,8.630453851703525,1.3575579196479306,0.5364128395146758,0.7681491619389929,2.3009456265219166,0.9091743042621625,1.3019477320999882,3.886690093207424,1.6135888623008134,2.0837679568076566,6.587610327470211,2.7348963767810397,3.531810096284164,1.6945345877154394,0.7248810413897105,1.0167980904669913,3.389069175430879,1.449762082779421,2.0335961809339826,5.4441116190745955,2.8070809269727586,3.4746967118085657,10.888223238149191,5.614161853945517,6.949393423617131,0.2613065326633166,-0.003693467336683409,-0.003693467336683409,0.20603015075376885,-0.003969849246231116,-0.003969849246231116,0.18090452261306533,-0.0040954773869347205,-0.0040954773869347205,0.3053892215568862,0.09761642634014478,0.14005057613855953,0.3063063063063063,0.24120603015075381,0.0682736993236861,0.1009723072793014,0.19191919191919193,0.2976588628762542,0.09398607489628763,0.12746976387736653,0.2785234899328859,16.0,-3.0,-3.0,20.0,-2.0,-2.0,23.0,0.0,0.0,-0.0005712715578943877,0.00012703960198821014,-0.0008572927371038022,-0.07642948374456404,-0.07419704517959724,-0.06971353358006915,0.03293413173652695,-0.39108513491794894,0.7275449101796407
189,1,test,1.3136323947594892,0.48454865960038573,0.5732984308323169,2.9891839186874094,1.1025954192947556,1.3045464293429254,3.7196604779798164,1.4284420626724081,1.623024879735079,8.464125373362235,3.2504344895504786,3.6932096753155363,0.6854098244882482,0.11683436973595884,0.2247943709273595,1.2692774527560151,0.2163599439554793,0.41628587208770285,1.9845850004305219,0.21883513207531125,0.39953579138949125,3.67515740820467,0.4052502445839097,0.7398810951657246,0.9946893918142988,0.32708003241873795,0.48833597665788364,2.0299783506414264,0.6675102702423226,0.9966040339956812,2.703884362217925,0.754313340726916,1.044654734177667,5.518131351465153,1.539414981075339,2.13194843709728,0.14070351758793975,-0.004296482412060265,-0.004296482412060265,0.09547738693467334,-0.004522613065326642,-0.004522613065326642,0.07537688442211055,-0.004623115577889414,-0.004623115577889414,0.24943820224719104,0.06425301706200581,0.07348512306830546,0.2657657657657657,0.14572864321608037,0.007884031687258264,0.022189411162658046,0.14646464646464652,0.21070234113712372,0.03207128938420223,0.06276018318384224,0.21812080536912748,13.0,-1.0,-1.0,16.0,-2.0,-2.0,19.0,-3.0,-3.0,-0.0003632778375377105,-0.0013256746027178413,-0.00015650819515604093,-0.12884441848146544,-0.12779689420940166,-0.13929242605815162,0.9752808988764045,-0.5306355474522777,0.298876404494382
214,1,test,1.5970994885755907,0.6521815971107505,0.7715088943180587,3.7153577576337424,1.517180346962904,1.794773322571484,4.9386869119813674,2.3660847746583227,2.6554580829355263,11.488945342609286,5.5042603705209405,6.177434066618435,1.103532248289999,0.43509967004861116,0.6350580142547053,1.839220413816665,0.7251661167476853,1.0584300237578423,3.0147962474892807,1.0636196416091124,1.4172414095398105,5.024660412482135,1.7726994026818539,2.362069015899684,1.263796989317426,0.49492490603066264,0.7184415024352026,2.5968431287344367,1.0169689849945123,1.4762496625380874,3.5388329205136717,1.3815013298763437,1.8136113534972385,7.271574494206174,2.8387013627596094,3.7265986715696675,0.24623115577889443,-0.0037688442211055717,-0.0037688442211055717,0.18592964824120606,-0.004070351758793889,-0.004070351758793889,0.15577889447236182,-0.004221105527638214,-0.004221105527638214,0.3015873015873016,0.0920742778047422,0.10608388027742865,0.3318181818181818,0.23115577889447236,0.05822344806740465,0.08925260694121695,0.21717171717171713,0.2775919732441472,0.07725808342778662,0.1151893036112217,0.2785234899328859,14.0,0.0,0.0,21.0,0.0,0.0,24.0,0.0,0.0,-0.0005568316751887637,-0.0007829934902675952,-8.856592874204295e-05,-0.0934179764479337,-0.10639940684698335,-0.09910750090180631,0.027210884353741496,-0.4722805666284355,0.29931972789115646
123,1,test,1.7037056560799664,0.6422538895550822,0.6422538895550822,5.786366161198423,2.181313515135249,2.181313515135249,5.494269588441505,2.60370521922512,2.60370521922512,18.66041561440194,8.843071994563365,8.843071994563365,2.5098590712294566,1.1464449951242741,1.5713318279073347,4.605246002255884,2.1035687983931637,2.883177665885018,12.303196064033227,8.393678129071894,9.746982100479983,22.574671677125185,15.401244273526409,17.884370826568773,1.9898874580248593,0.934628304496419,1.267180344613084,4.592047980057368,2.15683454883789,2.9242623337225018,7.3147105040171745,4.4419909711710535,5.25470817495867,16.880101163116557,10.250748395010122,12.126249634520008,0.44723618090452266,-0.0027638190954772934,-0.0027638190954772934,0.38190954773869346,-0.0030904522613065533,-0.0030904522613065533,0.321608040201005,-0.0033919597989949812,-0.0033919597989949812,0.29316546762589923,0.06931405022609471,0.06931405022609471,0.2792792792792793,0.3467336683417085,0.13370108688807436,0.171441514752393,0.38383838383838387,0.3177257525083612,0.12406965901921263,0.15421073582315548,0.3087248322147651,24.0,0.0,0.0,32.0,0.0,0.0,39.0,0.0,0.0,0.0018113200744475613,-0.00020304877558554864,0.0004737641243616743,-0.14587705445652155,-0.1252103223019887,-0.1344830201691547,0.9748201438848921,0.4481868430609674,0.289568345323741
154,1,test,1.8050821220863424,0.819024697362378,0.884917704965418,4.359967587193165,1.9782596536291281,2.1374166104549324,6.080470768962932,3.3998258024276167,3.570767774806488,14.686675549648927,8.21188693817132,8.624777548378749,1.023255713267928,0.2922486577470139,0.4799355744748667,2.379664449460298,0.6796480412721253,1.1161292429648062,2.7822382043882516,0.7050668227457932,1.0605244927272965,6.470321405554074,1.639690285455334,2.4663360295983647,1.227122471513419,0.5258195376552128,0.7296524669362472,2.706887804809013,1.1598960389453226,1.609527500594663,3.411399001445102,1.3950207973372044,1.766843715829604,7.525144856128902,3.0772517588320687,3.8974493731535382,0.24120603015075381,-0.0037939698492461815,-0.0037939698492461815,0.20100502512562812,-0.003994974874371837,-0.003994974874371837,0.11557788944723613,-0.004422110552763869,-0.004422110552763869,0.3191489361702128,0.11404797974088232,0.12071296354069172,0.3454157782515992,0.24120603015075381,0.03819851135376129,0.06758332564324132,0.2222222222222222,0.27090301003344486,0.07223856929888728,0.11406207566192095,0.27181208053691275,18.0,-9.0,-9.0,23.0,-14.0,-14.0,30.0,-17.0,-17.0,-0.0008190146287566508,-0.00072132721330863,-0.0009709088413986228,-0.181655905011592,-0.16854071319187813,-0.16063399852795346,0.027659574468085105,-0.29054116725622664,0.5042553191489362
66,1,test,3.579422088231697,1.624625638220624,2.0441782871991876,10.317157783726657,4.682744486635916,5.89204329839766,35.852815095041386,28.7903337856509,31.210357867182058,103.3404670386487,82.98390326452318,89.9592667936424,4.522519741210871,2.0096710052474505,2.811713885924341,8.955484636061131,3.979546545044456,5.567750269157111,92.0672917005305,79.7272581667055,86.53387288432702,182.31146871392178,157.87575874595146,171.35420373134065,4.018265007727976,1.8255222596834457,2.5120312848211355,9.491964585184196,4.312257306338848,5.933932168868824,55.604548625863,46.64479483380331,51.09483468883127,131.3493274626685,110.1845547255196,120.696459894877,0.778894472361809,-0.0011055276381910506,-0.0011055276381910506,0.6582914572864322,-0.0017085427135676845,-0.0017085427135676845,0.5728643216080402,-0.0021356783919597166,-0.0021356783919597166,0.4117647058823529,0.1256855232514461,0.17031798056465985,0.3256410256410256,0.4371859296482412,0.1013463306507475,0.17675187288697247,0.38888888888888884,0.43143812709030105,0.11090390338412404,0.1856094285363522,0.35906040268456374,30.0,-3.0,-3.0,41.0,-4.0,-4.0,48.0,-1.0,-1.0,0.0008692984866707461,0.002019135507278829,0.0003118443579876653,-0.009207324250887439,-0.01423803358852016,-0.011126629711870173,0.02557544757033248,-0.5933060713338554,0.8337595907928389
206,1,test,1.936301834260593,0.7962783794200554,1.0815823062145378,4.32401145810341,1.778192209257056,2.4153126347367593,6.933063883037881,3.806222179138251,4.582348904553735,15.482424867642875,8.499784498198302,10.23297546783779,1.9578880589626932,0.7663776815197372,1.0954226719908515,3.3756690671770575,1.3213408302064433,1.8886597792945718,7.084349526396858,3.792299834506006,4.715355539396414,12.214395735166997,6.5384479905275965,8.12992334378692,1.9343987049239701,0.789445955856497,1.1166646307087058,3.743997493401232,1.5279599145609617,2.1612863820168497,6.919881913244753,3.7775890361821762,4.654521035389033,13.393319832086616,7.311462650675178,9.008750391075546,0.4623115577889447,-0.002688442211055242,-0.002688442211055242,0.3316582914572864,-0.0033417085427135396,-0.0033417085427135396,0.25125628140703515,-0.003743718592964851,-0.003743718592964851,0.3415977961432507,0.0926294330070746,0.14022927219408154,0.3784530386740331,0.3467336683417085,0.08858830493318715,0.13972198219813592,0.4191919191919192,0.3411371237458194,0.09071976147536864,0.14536404254448454,0.38590604026845643,21.0,-4.0,-4.0,28.0,-4.0,-4.0,35.0,-7.0,-7.0,-0.0018367199060147239,0.00046621630402391605,-0.0005415395945882735,-0.0859471004020218,-0.1015555677855513,-0.09249136377361822,0.9338842975206612,0.24555797468156346,0.1046831955922865
87,1,test,2.2880951944638634,1.0183774980034257,1.2696779998237477,6.666752185308379,2.967215012168255,3.6994215102778263,9.856145748379763,6.29629828542822,7.087336939979216,28.717546964703626,18.345329536679348,20.65015439346462,2.829660424850612,1.2782141967747773,1.7736723124048075,5.548353774216887,2.5063023466172107,3.477788847852564,16.939707544040903,12.221418571419349,14.064893153234296,33.21511283145275,23.963565826312447,27.578221869086853,2.5086833855869592,1.1474764145459344,1.5741866323191334,6.020840125408702,2.7539433949102423,3.7780479175659196,12.28873987269737,8.387841139328062,9.742807969311052,29.492975694473685,20.130818734387347,23.38273912634652,0.6231155778894473,-0.0018844221105527303,-0.0018844221105527303,0.457286432160804,-0.0027135678391959628,-0.0027135678391959628,0.39698492462311563,-0.0030150753768843908,-0.0030150753768843908,0.3712871287128713,0.1005825551652817,0.13766054024757313,0.32506203473945405,0.4120603015075377,0.11882721880077074,0.17833743005511704,0.3737373737373737,0.3913043478260869,0.11751469841039408,0.17884606084054744,0.3355704697986577,20.0,0.0,0.0,32.0,0.0,0.0,42.0,0.0,0.0,0.00018296288552076677,0.0011765300141659764,9.925289870356079e-05,-0.03488273316711954,-0.0462115785064352,-0.03977543450011467,0.9727722772277227,-0.5259435048341389,0.4777227722772277
28,1,test,0.8869323594993135,0.3358831367358607,0.35377747119787417,2.7535481749161694,1.0427744441146003,1.0983287504509167,2.4276709950342488,0.6925984542701842,0.7233702808431186,7.53688707608672,2.1502239593355394,2.245757407846283,1.2999788361077695,0.36340738815529694,0.6226858497288411,2.6530180328729993,0.7416477309291776,1.2707874484262065,3.6692190118417614,1.1179995939755352,1.7006773678285114,7.488202064983186,2.2816318244398675,3.470770138425533,1.2906373201850956,0.49922963423042055,0.7162715081734177,3.0487495752403833,1.1792826005443005,1.6919799405671283,3.6351025418868983,1.4286022413015385,1.8590986925062682,8.586856398158027,3.374650963704421,4.391571714581735,0.35678391959798994,-0.0032160804020100464,-0.0032160804020100464,0.20603015075376885,-0.003969849246231116,-0.003969849246231116,0.1507537688442211,-0.0042462311557789345,-0.0042462311557789345,0.2257383966244726,0.03817253782573704,0.03805511216699453,0.18816067653276958,0.2814070351758794,0.008224077782395645,0.039336918314443636,0.30808080808080807,0.26086956521739135,0.04384118458300068,0.07288291338201869,0.2785234899328859,14.0,-2.0,-2.0,16.0,-2.0,-2.0,23.0,-7.0,-7.0,0.001205618849209158,0.00015938247588165048,0.0005449639770396603,-0.10608918623447883,-0.1156969689115459,-0.10717093407825562,0.9725738396624473,-0.31768541284555385,0.48523206751054854
70,1,test,1.9834078912822588,0.7098902802983873,0.7369026305192055,4.777343045828903,1.7098799539879428,1.7749433552409712,7.267467571261795,3.694067258707412,3.789301162958852,17.504813717318076,8.897729310636604,9.127114820396082,2.127477960052725,0.716868206143177,1.0448355735441226,4.624952087071142,1.5584091437895156,2.271381681617658,8.393670920867084,4.295217230382392,5.441200099042653,18.24711069753714,9.337428761700853,11.828695867484026,1.8101086763650578,0.5652066496402477,0.8361994822340743,4.601971211097605,1.4369660584074095,2.1259308870357825,6.111111529531608,2.6385169683242005,3.4628346506203016,15.536724227622733,6.708093987264917,8.803816908356698,0.4120603015075377,-0.0029396984924623393,-0.0029396984924623393,0.33668341708542715,-0.0033165829145728187,-0.0033165829145728187,0.2814070351758794,-0.003592964824120637,-0.003592964824120637,0.31599999999999995,0.062253746253746245,0.06477810361681324,0.31462925851703405,0.3316582914572864,0.07852545937708588,0.11296046174109275,0.33333333333333337,0.2876254180602007,0.040546953953355946,0.07294243697010061,0.2785234899328859,15.0,0.0,0.0,20.0,0.0,0.0,27.0,0.0,0.0,-1.4502672070738162e-05,0.00046845894583819086,-7.613013647383281e-05,-0.10658048342033322,-0.11920056569502702,-0.11046181391316878,0.02,-0.39746617248340715,0.002
254,1,test,1.924658768541866,0.8927823290304375,1.2283337101160354,5.043933324454545,2.339705414010802,3.2190814472006446,6.852809872581808,4.046483072878752,4.846444007236105,17.95908794193853,10.604576328923628,12.701025674135998,1.747297326909497,0.768836802463312,1.0862445218215555,4.314314387430857,1.8983624752180548,2.682085239065569,5.7390708643657025,3.078713331943911,3.8022404981129974,14.170545344112845,7.601761313441756,9.388248143488884,1.9384013727097267,0.8778796935918141,1.2193627295340057,5.101056243972965,2.310209719978458,3.208849288247384,6.947635408617044,4.059758267047492,4.895176292303667,18.283251075308012,10.683574386967086,12.882042874483336,0.42211055276381915,-0.0028894472361808976,-0.0028894472361808976,0.3517587939698492,-0.0032412060301507672,-0.0032412060301507672,0.24120603015075381,-0.0037939698492461815,-0.0037939698492461815,0.34983498349834985,0.12413481875370402,0.1796922831690414,0.3509933774834437,0.35678391959798994,0.12620747849523306,0.18149176600867445,0.3535353535353535,0.3511705685618729,0.11911714619125524,0.176532081353864,0.3523489932885906,15.0,0.0,0.0,26.0,-1.0,-1.0,32.0,0.0,0.0,-0.0011166505915354962,-0.00016362575556535484,-0.00011042138905296587,-0.06786270130664107,-0.07236919467814928,-0.0659546767808239,0.9273927392739274,0.24362661538898306,0.44884488448844884
130,1,test,2.3838809381099013,1.0097246306720067,1.0097246306720067,9.266665000021195,3.925019804943064,3.925019804943064,10.846917498593852,6.895176237237049,6.895176237237049,42.164333434383614,26.80305349362071,26.80305349362071,2.8262076085408796,1.1979792398163047,1.6761167119193132,7.743034543947616,3.2821349036063143,4.592100580600858,16.88131870652499,11.78647816708541,13.722838714722277,46.250188237054765,32.29172100571345,37.59681839649939,2.780254643776627,1.2386632661505703,1.7110641474739203,8.340763931329882,3.7159897984517114,5.133192442421762,16.12312607904813,11.451106773836436,13.210105634594472,48.369378237144396,34.35332032150931,39.63031690378342,0.6281407035175879,-0.0018592964824121205,-0.0018592964824121205,0.46733668341708545,-0.002663316582914521,-0.002663316582914521,0.3467336683417085,-0.003266331658291488,-0.003266331658291488,0.33720930232558144,0.08989747436859219,0.08989747436859219,0.2932038834951456,0.371859296482412,0.09115754209644711,0.12978917962097625,0.33838383838383834,0.3612040133779264,0.08908381304403656,0.13984694997414437,0.32885906040268453,24.0,0.0,0.0,36.0,1.0,1.0,42.0,0.0,0.0,0.0012949554313580185,-9.186226601014965e-05,0.0009075039056711658,-0.04966742528286172,-0.04248147154256099,-0.057984451851841534,0.9689922480620154,0.4653825196405174,0.4321705426356589
142,1,test,3.668304155639074,1.6598826570331773,2.250487105073229,7.464572409730674,3.377668197451233,4.579479574276919,39.185397147248004,31.733851363607116,35.05729798164509,79.73772675312094,64.57469754222377,71.33752496264991,4.100292989946714,1.7900379585493194,2.505974421000068,6.833821649911191,2.983396597582199,4.176624035000113,60.35796928516175,50.2809750078972,55.432997385542805,100.59661547526959,83.801625013162,92.38832897590468,3.837962065066482,1.7427258806023178,2.391830174933124,7.151482108819533,3.247315305470158,4.456826412918865,46.430755098838965,38.303394799055695,42.18409892712736,86.51693496678068,71.37278533985534,78.6039110443367,0.7839195979899498,-0.0010804020100502187,-0.0010804020100502187,0.6532663316582914,-0.0017336683417086274,-0.0017336683417086274,0.5477386934673367,-0.002261306532663321,-0.002261306532663321,0.41547277936962745,0.09358436735246012,0.16229584877334202,0.3591954022988506,0.4170854271356784,0.07873956247402425,0.14663467588359158,0.38888888888888884,0.4046822742474916,0.07246190696869359,0.14105602285705776,0.3657718120805369,23.0,-2.0,-2.0,36.0,-5.0,-5.0,46.0,-6.0,-6.0,0.0009058576098516182,0.000722523450132428,0.0004002756724434473,-0.0020281757746820617,-0.003586359200565603,-0.002646501433198445,0.9684813753581661,-0.483261468341604,0.9541547277936963
195,1,test,1.0254432037334469,0.37043089450109046,0.50308089171676,2.238884328151359,0.8087741196607141,1.0983932802482592,2.7883309854538436,0.8631647709050687,1.1023251646349745,6.087855984907558,1.884576416476066,2.4067432761196943,0.6103976195303467,0.1891661695953974,0.2763935474750172,1.1199956321657736,0.3470938891658667,0.507144123807371,1.841163335756631,0.3173264062017751,0.4446145053695967,3.3782813500121667,0.5822502866087613,0.8158064318708194,0.8449563866309269,0.30949082347225687,0.4407236649391995,1.6249161281363977,0.5951746605235708,0.8475455094984605,2.3278762858286353,0.6196329335048782,0.8297237268388669,4.476685165055068,1.1916017952016893,1.5956225516132059,0.1507537688442211,-0.0042462311557789345,-0.0042462311557789345,0.09547738693467334,-0.004522613065326642,-0.004522613065326642,0.07035175879396982,-0.004648241206030135,-0.004648241206030135,0.2321428571428571,0.04488171064604185,0.0698750174556626,0.21739130434782605,0.18090452261306533,0.05308497374088483,0.070720883214067,0.09595959595959591,0.1806020066889632,0.02534324208128369,0.0460080133630455,0.15771812080536918,15.0,0.0,0.0,18.0,0.0,0.0,19.0,0.0,0.0,0.0008799423866399107,-0.000749157523158284,0.00031109997666433264,-0.07771287889345446,-0.07444867788662046,-0.07785509734544194,0.9668367346938775,0.35982344929522253,0.5714285714285714
204,1,test,1.380823384884117,0.5519085755146879,0.6327301202241132,5.331178981639547,2.130847021987143,2.44288846416962,3.9781758491980246,1.6873444470815637,1.8652085454519378,15.359218061251502,6.514616821775775,7.201326905918785,1.810456301045103,0.6663759185697489,0.9765247960898086,4.210363490802565,1.5497114385342998,2.270987897883276,6.113236272006846,2.9736834309411706,3.810883590895906,14.216828539550805,6.9155428626538855,8.862519978827688,1.6351734522643628,0.6500406493049758,0.9377573456800729,4.627849393201027,1.8397376867121955,2.6540302236228475,5.130347790297797,2.452180260918986,3.1217916885600903,14.519852236691879,6.940132813921658,8.835259495924783,0.4321608040201005,-0.002839195979899567,-0.002839195979899567,0.29648241206030146,-0.0035175879396985854,-0.0035175879396985854,0.2361809045226131,-0.0038190954773869024,-0.0038190954773869024,0.2889390519187359,0.07022428303485773,0.08463797664991868,0.2375565610859729,0.321608040201005,0.07098147378496489,0.1162658031392354,0.29292929292929293,0.3076923076923077,0.07396943623988705,0.11303157354325322,0.2684563758389261,21.0,-11.0,-11.0,29.0,-13.0,-13.0,35.0,-12.0,-12.0,0.0006531426273140763,0.0006049559626322275,0.0001487041231307983,-0.15878862237131308,-0.16324176000041746,-0.16834714578297838,0.022573363431151242,-0.46702287556083066,0.7900677200902935
240,1,test,0.4895235918559482,0.18113266758058905,0.2698839454539743,0.9082726885038075,0.336077479607358,0.5007485253001451,1.631538756424208,0.2703057324530478,0.3859109731753585,3.027192391437687,0.5015311180454138,0.7160275887831951,0.6864280171234631,0.03841790926459654,0.12515943560383147,1.2711629946730798,0.07114427641591958,0.231776732599688,1.9866067193369064,0.07487382002348042,0.23371193898632403,3.678901332105382,0.13865522226570448,0.43279988701171135,0.48925655263393303,0.16615939816064657,0.26430138885654186,0.8895573684253327,0.3021079966557211,0.480547979739167,1.6311031297512977,0.24970357621894435,0.3788365617207694,2.9656420540932684,0.4540065022162625,0.6887937485832172,0.13567839195979903,-0.004321608040200986,-0.004321608040200986,0.11055276381909551,-0.004447236180904479,-0.004447236180904479,0.09045226130653261,-0.0045477386934673625,-0.0045477386934673625,0.12377850162866455,0.018087444718095425,0.030604070426064278,0.08496732026143794,0.14572864321608037,0.05299681364214548,0.07060343453494511,0.09090909090909094,0.12040133779264217,0.031920536457082926,0.041424697080740036,0.08053691275167785,15.0,-6.0,-6.0,18.0,-9.0,-9.0,20.0,-11.0,-11.0,0.0017581151694921414,0.0006576099435633277,0.0001071397621462413,-0.11882349907242462,-0.11250175969966825,-0.12083423261265747,0.03257328990228013,-0.4279180356520758,0.10097719869706841
251,1,test,0.8211302583551898,0.30550851845137705,0.44666882630808163,2.024618881287987,0.7532767287007234,1.1013284801336667,2.273067539754329,0.5983881465673491,0.8188595259075631,5.60458637664617,1.475415048406517,2.0190200524285715,0.6476138531311859,0.20267545686653538,0.3088708000014026,1.4887674784624965,0.46592059049778256,0.7100478160951785,1.9109755161822437,0.35058144941363145,0.5077927607110968,4.393047163637342,0.8059343664681187,1.1673396797956248,0.8679381109392265,0.25819134435654667,0.43155483434314124,2.0029341021674454,0.5958261792843382,0.995895771561095,2.3819943785012065,0.5420289794461841,0.8348927295188431,5.496910104233553,1.2508361064142708,1.9266755296588682,0.16080402010050254,-0.004195979899497493,-0.004195979899497493,0.10552763819095479,-0.0044723618090452,-0.0044723618090452,0.07035175879396982,-0.004648241206030135,-0.004648241206030135,0.21118012422360244,0.051490201742982245,0.06965119860376778,0.20560747663551404,0.20100502512562812,0.04561655394768327,0.052424056845160716,0.16666666666666663,0.21404682274247488,0.04877136364397738,0.07055405299831474,0.21476510067114096,14.0,-3.0,-3.0,19.0,-5.0,-5.0,21.0,-4.0,-4.0,-0.0005001962930127465,8.534409882398616e-05,1.4955030392770362e-05,-0.24989006926213575,-0.25458062612241683,-0.2580284869891605,0.031055900621118012,-0.35032924182905684,0.003105590062111801
209,1,test,0.2823015729538552,0.011514780212825593,0.04952214928637494,0.538575341309128,0.021967914023050206,0.09447842665272949,1.3261785992848967,0.015183072462404246,0.0640755407269411,2.530085412820122,0.02896628718004779,0.12224340748614981,0.33033609886363113,0.001489955885184524,0.02527242744849051,0.635261728583906,0.002865299779200914,0.04860082201632787,1.3914357098434877,0.002071634119766186,0.034724325853536575,2.6758379035451685,0.003983911768780768,0.06677754971833938,0.2823015729538552,0.011514780212825593,0.04952214928637494,0.538575341309128,0.021967914023050206,0.09447842665272949,1.3261785992848967,0.015183072462404246,0.0640755407269411,2.530085412820122,0.02896628718004779,0.12224340748614981,0.085427135678392,-0.004572864321607972,-0.004572864321607972,0.05025125628140703,-0.004748743718593018,-0.004748743718593018,0.03015075376884424,-0.0048492462311557905,-0.0048492462311557905,0.12313432835820892,0.016989076961560823,0.027600829598903753,0.07490636704119846,0.11557788944723613,0.015327262880820092,-0.0029529953607771997,0.0757575757575758,0.12313432835820892,0.016989076961560823,0.027600829598903753,0.07490636704119846,12.0,-3.0,-3.0,14.0,-3.0,-3.0,14.0,-2.0,-2.0,0.0001660798811909891,0.00025152621523389447,0.00011188535654872237,-0.19588170866626253,-0.20795167539400516,-0.20295284872470454,0.03731343283582089,0.261455805022426,0.033582089552238806
194,1,test,3.525655738934651,1.59044278872062,1.8723027844288511,7.035138745121896,3.173589968318669,3.7360170239750015,33.97604572913375,27.05052704008572,28.751577833515665,67.79623803749166,53.97696909374903,57.371267695317954,3.9692588543243184,1.7999656284622731,2.496212434847206,6.5607584368997,2.975149799111196,4.125970966689597,52.945276132291504,44.193180033207376,48.58277119416309,87.51285311122562,73.04657856728491,80.302101147377,3.9683404230159174,1.8516255589031436,2.5421185817930256,6.764216630140768,3.1561799299485402,4.333156673510839,52.8966718563206,44.592858381254246,48.73373066656434,90.16478157327376,76.0105540589561,83.06885909073468,0.7437185929648241,-0.0012814070351758744,-0.0012814070351758744,0.5979899497487438,-0.0020100502512562235,-0.0020100502512562235,0.5577889447236181,-0.00221105527638199,-0.00221105527638199,0.43317972350230416,0.14088973500978397,0.16925010473397573,0.39030023094688227,0.46733668341708545,0.1490409440687145,0.2235971174738467,0.4292929292929293,0.4581939799331104,0.14767645071775148,0.21792701664056313,0.43624161073825507,27.0,0.0,0.0,37.0,0.0,0.0,47.0,0.0,0.0,0.0010587947535777439,0.0002949781908904616,0.0006594106320352159,-0.025972610100478022,-0.020849370475668927,-0.026858325452162823,0.02534562211981567,-0.6840012632540259,0.7903225806451613
56,1,test,2.3438800680353467,0.967213517013511,1.0510199456656977,10.030117408259366,4.138976761994755,4.497607875596454,10.421594712437184,6.459921156910357,6.778403069774251,44.596914309978935,27.643806752544318,29.00667980308801,3.4896843753937614,1.5298175264741702,2.1310218827734415,8.211022059750027,3.5995706505274594,5.01416913593751,32.775601287275045,25.677219442257375,28.88461568932613,77.11906185241187,60.416986922958536,67.96380162194384,2.9414159453140702,1.2846360751607948,1.7789149643090034,8.91338165246688,3.8928365913963487,5.39065140699698,18.94264908735638,13.70024666845938,15.744727864020719,57.401966931382965,41.515898995331455,47.71129655763854,0.6130653266331658,-0.001934673366834172,-0.001934673366834172,0.5276381909547738,-0.002361809045226204,-0.002361809045226204,0.46733668341708545,-0.002663316582914521,-0.002663316582914521,0.35232067510548526,0.0952079248420501,0.10598636425504537,0.2389006342494715,0.4321608040201005,0.14394025264165433,0.19676848348587683,0.3282828282828283,0.3846153846153846,0.11583408244510074,0.17660648583896632,0.2818791946308725,25.0,-5.0,-5.0,37.0,-6.0,-6.0,44.0,-1.0,-1.0,0.0020130445557145138,0.0014453255045616675,0.0008452633708646947,-0.056414364338902345,-0.051722032094938086,-0.060706287920155866,0.023206751054852322,-0.4999724440987922,0.7278481012658228
93,1,test,1.0785808520807725,0.41581688768670433,0.5853254170804552,2.205559562908759,0.8502922254619147,1.1969154362093926,2.940503579069682,1.0003561503095673,1.3028648008396673,6.012952831559158,2.045600076594564,2.664191483768294,1.1257788915642444,0.40724844358924595,0.6095697497896413,1.705725593279158,0.6170430963473421,0.9235905299843048,3.0826169384210917,1.0312006069887256,1.4069535464525105,4.670631724880442,1.5624251621041298,2.131747797655319,1.1452136999834304,0.43741441809056136,0.6207673787621917,2.2023340384296737,0.8411815732510795,1.1937834206965223,3.1431129682641736,1.1135930291485359,1.4535898320099214,6.044448015892641,2.1415250560548764,2.7953650615575407,0.2160804020100503,-0.003919597989949675,-0.003919597989949675,0.16080402010050254,-0.004195979899497493,-0.004195979899497493,0.15577889447236182,-0.004221105527638214,-0.004221105527638214,0.22327044025157228,0.042736688289248925,0.05904449882897811,0.2208201892744479,0.20603015075376885,0.050641679575823995,0.07581312237313442,0.20707070707070707,0.23076923076923073,0.04879928085270313,0.06836656113630524,0.2348993288590604,18.0,-9.0,-9.0,24.0,-9.0,-9.0,26.0,-8.0,-8.0,-0.0011882243063624342,-0.00035402471231099717,-0.00010735322510568018,-0.05557875060633588,-0.060229186816664004,-0.06883962394100118,0.031446540880503145,-0.6715916723717428,0.20125786163522014
170,1,test,0.2202025624292819,-0.04065714841423293,0.017768542987677688,0.43714286467442637,-0.08071196870381053,0.035273848301463906,1.2463291644829486,-0.05171638646127463,0.02194986725593906,2.4741941931957796,-0.10266660423423435,0.04357455129327148,0.2929101168434812,-0.09675997263753872,-0.08346128678373815,0.5800200333534282,-0.19160390621294787,-0.16526987481928346,1.340322312617089,-0.13617129013447848,-0.1166658513664054,2.65410358934077,-0.26964611907817515,-0.23102148785426824,0.2202025624292819,-0.04065714841423293,0.017768542987677688,0.43714286467442637,-0.08071196870381053,0.035273848301463906,1.2463291644829486,-0.05171638646127463,0.02194986725593906,2.4741941931957796,-0.10266660423423435,0.04357455129327148,0.07035175879396982,-0.004648241206030135,-0.004648241206030135,0.04020100502512558,-0.00479899497487446,-0.00479899497487446,0.025125628140703515,-0.004874371859296511,-0.004874371859296511,0.11610486891385763,0.02451608386712867,0.03764907812929974,0.03007518796992481,0.1507537688442211,0.06554073626276746,0.07729800924488883,0.04040404040404044,0.11610486891385763,0.02451608386712867,0.03764907812929974,0.03007518796992481,11.0,-2.0,-2.0,14.0,-5.0,-5.0,15.0,-6.0,-6.0,0.00021540956071047494,0.00044497539883298586,0.00021239117094628301,-0.06903507515421836,-0.05919572354077962,-0.06379873075363429,0.03745318352059925,-0.5484193144501934,0.0599250936329588
106,1,test,1.3982792835797215,0.5852619799426428,0.8030785053051293,2.884500660466344,1.2073328894414268,1.656665092704921,4.048228117682104,1.793527267148792,2.234833118951215,8.351061777356794,3.6998549913509677,4.610221779974834,0.7685174459352745,0.17055936044540154,0.26407867207339175,1.2702767701409496,0.28191629825686204,0.4364936728485814,2.1565666559209693,0.3381646703476877,0.5005108181391709,3.5645729849933376,0.5589498683432854,0.8272906084944971,1.3089831843701942,0.5269754351071735,0.7266469688849562,2.6006288431195914,1.046971063126835,1.4436694746058734,3.70240713213612,1.5165506175408807,1.9121912529370289,7.355775759210834,3.0130144719355245,3.7990554694113152,0.17085427135678388,-0.004145728643216162,-0.004145728643216162,0.11557788944723613,-0.004422110552763869,-0.004422110552763869,0.10050251256281406,-0.004497487437185921,-0.004497487437185921,0.2660550458715596,0.06910848098606337,0.0951496542133704,0.2975460122699386,0.1959798994974874,0.015528771677938535,0.03738223672620189,0.16666666666666663,0.2575250836120402,0.0638689901228916,0.09178537282227373,0.2818791946308725,18.0,-9.0,-9.0,21.0,-12.0,-12.0,23.0,-13.0,-13.0,-0.0009029247057367269,-0.00016714571112684854,-0.000458365238153514,-0.18282742753317027,-0.19274202207164137,-0.1812676869767671,0.07951070336391437,0.18119015226072085,0.617737003058104
218,1,test,1.7931721850722253,0.6614505104842923,0.9377122046381209,8.709693470350809,3.2127596223522765,4.55460213681373,6.0084822851836375,2.9074914812797066,3.656026069608025,29.1840568137491,14.122101480501433,17.757840909524695,1.9390632093019857,0.7045578190076967,0.9939924075160279,8.81392367864539,3.2025355409440754,4.518147306891036,6.952235129924179,3.515556844096305,4.3792395851049415,31.601068772382632,15.979803836801388,19.905634477749736,1.7931721850722253,0.6614505104842923,0.9377122046381209,8.709693470350809,3.2127596223522765,4.55460213681373,6.0084822851836375,2.9074914812797066,3.656026069608025,29.1840568137491,14.122101480501433,17.757840909524695,0.321608040201005,-0.0033919597989949812,-0.0033919597989949812,0.2613065326633166,-0.003693467336683409,-0.003693467336683409,0.25125628140703515,-0.003743718592964851,-0.003743718592964851,0.25316455696202533,0.05778640570152116,0.09372399752146587,0.19491525423728817,0.26633165829145733,0.06883165829145732,0.09994230720992658,0.202020202020202,0.25316455696202533,0.05778640570152116,0.09372399752146587,0.19491525423728817,19.0,-4.0,-4.0,27.0,-8.0,-8.0,31.0,-6.0,-6.0,0.0010437142283597639,0.0003166551308111767,0.00015287915823701908,-0.1661327304261757,-0.16774299816757843,-0.17007049008009467,0.04219409282700422,-0.4354559038659572,0.14767932489451477
111,1,test,1.6490333279341678,0.7245495528269981,0.8817327543928001,3.3141547858969616,1.4561678817791375,1.772067779560164,5.201948817293693,2.6813820721418034,3.0480048317507102,10.454648354756104,5.3889239693776725,6.125746296006305,0.8674288474114585,0.31625039391381204,0.4481990765723343,1.4628672935159344,0.5333375287190559,0.7558611545584283,2.380781624472796,0.6454848445214239,0.8599918766878178,4.015046976865139,1.0885718988115536,1.4503252835667437,1.43894547066075,0.6051811432898375,0.8572996567070611,2.5695454833227678,1.080680613017567,1.5308922441197519,4.216247315375457,1.9142795038524598,2.4272669774023146,7.529013063170459,3.4183562568793926,4.334405316789847,0.15656565656565657,-0.008434343434343461,-0.008434343434343461,0.12121212121212122,-0.008787878787878789,-0.008787878787878789,0.11111111111111116,-0.008888888888888835,-0.008888888888888835,0.2944038929440389,0.09877813352727094,0.12138336508480141,0.324390243902439,0.1717171717171717,0.028140345520698107,0.040844688495695225,0.1624365482233503,0.2675585284280937,0.0872580275933692,0.12184106457937294,0.2953020134228188,13.0,0.0,0.0,16.0,1.0,1.0,19.0,1.0,1.0,-0.0003440253211575618,-0.0016110526407090663,0.00014438753363140954,-0.06223589836164045,-0.0486251125504813,-0.058247382567654604,0.024330900243309004,-0.6589990259891763,0.29927007299270075
258,1,test,1.9942168464436036,0.8611922719522365,1.0695161785499763,5.812929956654759,2.5102838565416254,3.1175258821563143,7.346447378015165,4.241413660308196,4.8253338808273245,21.414112569959098,12.36326960557921,14.065334929220073,1.9226680932037519,0.789048156893968,1.1504794232297695,4.689434373667687,1.924507699741385,2.806047373731145,6.839181722083682,3.7322988354486264,4.674683276033768,16.680931029472394,9.103167891338112,11.40166652691163,2.281377433348486,1.0416455444340373,1.4385390852494822,5.951419391343876,2.7173362028714014,3.7527106571725617,9.790156414180892,6.33546931350571,7.467205442179676,25.53953847177624,16.52731125262359,19.4796663709035,0.3919597989949749,-0.0030402010050251116,-0.0030402010050251116,0.31658291457286436,-0.003417085427135591,-0.003417085427135591,0.25125628140703515,-0.003743718592964851,-0.003743718592964851,0.31951219512195117,0.092018277847012,0.11423360274658456,0.3056234718826406,0.321608040201005,0.096608040201005,0.15688258263028954,0.28787878787878785,0.34448160535117056,0.11614827201783717,0.16690113920244687,0.3523489932885906,24.0,0.0,0.0,31.0,0.0,0.0,35.0,0.0,0.0,0.0007589458925867597,0.00013094828911214222,0.00028897532311243277,-0.09782146522356783,-0.09801686768655493,-0.10131749833412496,0.041463414634146344,-0.33710404029522706,0.01707317073170732
0,1,test,1.9866774860160707,0.8668337628724516,1.1970359426775796,3.6151016548817023,1.5773532406367563,2.178212944872317,7.2912681328535385,4.226892857917009,5.08866138718295,13.26771742207775,7.691559134898164,9.2596953111034,2.0599455446522166,0.8034787329992581,1.1707978501924856,3.5516302494003735,1.3853081603435484,2.0186169830904923,7.845542566936679,4.332555078923157,5.412487505921893,13.526797529201172,7.469922549867513,9.331875010210162,1.9866774860160707,0.8668337628724516,1.1970359426775796,3.6151016548817023,1.5773532406367563,2.178212944872317,7.2912681328535385,4.226892857917009,5.08866138718295,13.26771742207775,7.691559134898164,9.2596953111034,0.37688442211055273,-0.003115577889447274,-0.003115577889447274,0.3015075376884422,-0.0034924623115578646,-0.0034924623115578646,0.2211055276381909,-0.003894472361809065,-0.003894472361809065,0.29864253393665163,0.08645291768383001,0.1287177219065765,0.2681818181818182,0.29648241206030146,0.07091850228586538,0.11451246214377386,0.2727272727272727,0.29864253393665163,0.08645291768383001,0.1287177219065765,0.2681818181818182,18.0,0.0,0.0,28.0,0.0,0.0,29.0,0.0,0.0,0.00014143971438575366,0.0002377945110222683,0.00016416465518815125,-0.0646419451172413,-0.06634915004921993,-0.06733322517062756,0.05429864253393665,0.5293044302455295,0.01809954751131222
122,1,test,1.8653546758078416,0.7677373474542006,1.0885153256053366,5.695549610133277,2.3441580342268264,3.3236001275149616,6.4582260563769704,3.4612094528936916,4.2836377760889786,19.719116892137684,10.56822619616874,13.079374009658348,1.6738018854217744,0.6531182257543695,0.9423859509997209,5.399360920715401,2.106832986304418,3.0399546806442608,5.332402491107973,2.5573111575034795,3.2543816242570562,17.201298358412817,8.249390830656386,10.498005239538891,1.8653546758078416,0.7677373474542006,1.0885153256053366,5.695549610133277,2.3441580342268264,3.3236001275149616,6.4582260563769704,3.4612094528936916,4.2836377760889786,19.719116892137684,10.56822619616874,13.079374009658348,0.3869346733668342,-0.0030653266331658324,-0.0030653266331658324,0.2864321608040201,-0.003567839195979916,-0.003567839195979916,0.18090452261306533,-0.0040954773869347205,-0.0040954773869347205,0.3464912280701754,0.11016737686667433,0.1467827732596798,0.3215859030837004,0.31658291457286436,0.09352527046258863,0.12793516832912477,0.2777777777777778,0.3464912280701754,0.11016737686667433,0.1467827732596798,0.3215859030837004,15.0,0.0,0.0,24.0,1.0,1.0,29.0,0.0,0.0,0.0003063981263953813,-0.00011772649158053746,-3.07333491092368e-05,-0.06728895511911226,-0.06573973045579784,-0.06712833459767698,0.04824561403508772,-0.2161139599730513,0.8289473684210527
44,1,test,0.6374133505526008,0.16959140159893876,0.3008475735406794,1.1837676510262587,0.3149554601123148,0.5587169222898332,1.8915816870645525,0.2950685705163647,0.49145072439250637,3.512937418834169,0.5479844881018203,0.9126942024432263,0.886184432960289,0.2476083435537213,0.40878936573304825,1.5684680229385648,0.43824485584729445,0.7235210012974306,2.425855954312216,0.5320735725559871,0.8139858389730963,4.293550361614542,0.9417231372672337,1.4406829008373387,0.6374133505526008,0.16959140159893876,0.3008475735406794,1.1837676510262587,0.3149554601123148,0.5587169222898332,1.8915816870645525,0.2950685705163647,0.49145072439250637,3.512937418834169,0.5479844881018203,0.9126942024432263,0.18090452261306533,-0.0040954773869347205,-0.0040954773869347205,0.14572864321608037,-0.004271356783919655,-0.004271356783919655,0.12060301507537685,-0.0043969849246231485,-0.0043969849246231485,0.14385964912280702,0.042283466986204554,0.05051075764089341,0.06690140845070425,0.18592964824120606,0.048085036712383955,0.07073766159679873,0.09090909090909094,0.14385964912280702,0.042283466986204554,0.05051075764089341,0.06690140845070425,16.0,-5.0,-5.0,18.0,-3.0,-3.0,21.0,-4.0,-4.0,0.00034099336156110613,0.0009857161086280135,0.00040252637455354595,-0.15408114019492025,-0.17224070066487984,-0.16233691565119956,0.0456140350877193,-0.5433137150299431,0.11228070175438597
161,1,test,2.197030254707599,1.0058587674004487,1.240165194965726,6.3204421095573675,2.893666164188247,3.5677216116042985,8.998251266257187,5.70731702851462,6.394729484969904,25.886273570319588,16.418875799422494,18.39643192415255,2.254219871149419,0.9610579743202845,1.3457216258937126,6.630058444557114,2.8266411009420134,3.958004782040331,9.527857453577003,5.883566222819848,7.047262963339167,28.023110157579417,17.304606537705432,20.727244009821078,2.439109466371544,1.0741923642331186,1.5018632719334097,6.592187746950119,2.903222606035456,4.0590899241443505,11.462828162190881,7.547429701811527,8.90988673709447,30.98061665456995,20.398458653544672,24.080774965120185,0.4321608040201005,-0.002839195979899567,-0.002839195979899567,0.321608040201005,-0.0033919597989949812,-0.0033919597989949812,0.26633165829145733,-0.0036683417085426884,-0.0036683417085426884,0.33838383838383834,0.10130943737501108,0.13506028022157046,0.28860759493670884,0.31658291457286436,0.09603153612674908,0.12960461741092777,0.24242424242424243,0.34448160535117056,0.09740314124432581,0.15538260646351765,0.30536912751677847,18.0,0.0,0.0,23.0,0.0,0.0,31.0,0.0,0.0,0.0008402590927580388,0.0007018844672639328,0.0002818471909058537,-0.09442661935969898,-0.08759481221772258,-0.09179677039671752,0.025252525252525252,-0.21904708907299142,0.06060606060606061
96,1,test,0.6928949122178207,0.2567712451532964,0.33263465001066217,1.7388572956294357,0.6443813413401198,0.8347646630840823,1.9994955269497163,0.45279546817114436,0.5657930223638465,5.017842277822855,1.1363147417798145,1.4198882217283795,0.6822430933344582,0.2122585061294765,0.3416700012262254,1.0743985721802491,0.33426536398342754,0.5380629940570478,1.978310293680647,0.3783407606557754,0.5725573079796651,3.1154492813868453,0.5958122215051578,0.9016650519364804,0.722821377748372,0.2524108738196734,0.38451160148926017,1.4751456688742286,0.5151242322850479,0.7847175540597148,2.0602377273065784,0.45958659535826785,0.6576628067787822,4.204566790421588,0.9379318272617709,1.3421689934260859,0.14070351758793975,-0.004296482412060265,-0.004296482412060265,0.10552763819095479,-0.0044723618090452,-0.0044723618090452,0.0653266331658291,-0.004673366834170856,-0.004673366834170856,0.2137404580152672,0.04601491798985424,0.059292755180467616,0.2091836734693877,0.1758793969849246,0.0330222541277817,0.05234016493150229,0.19191919191919193,0.20401337792642138,0.06044075689136297,0.07164407870506428,0.21812080536912748,14.0,-2.0,-2.0,15.0,-1.0,-1.0,17.0,-2.0,-2.0,-0.0009072743186768578,-0.00021118706212429838,-0.0002820040216118498,-0.22032498710588522,-0.2544958300466744,-0.23383811381621955,0.03816793893129771,0.1027772764922298,0.035623409669211195
180,1,test,3.3082225666711262,1.5353847149879807,2.0318313773036087,7.326799672198016,3.400453264482583,4.49994556568468,27.336493470048005,21.448955835022378,23.75280994386525,60.542786151456006,47.50351568369987,52.605916501443886,3.633261371960854,1.6569263416838946,2.2937836561735185,6.15807012196755,2.8083497316676187,3.887768908768676,37.83601292515552,30.619765790843626,34.01896352512932,64.12883546636529,51.897908120073936,57.65926021208359,3.496763461921987,1.6332867800447577,2.217080619491162,7.040463346151652,3.288496872573338,4.46392071038489,33.008445795627104,26.562336867078987,29.412946590698446,66.45995797777269,53.48121516861541,59.22069783362103,0.7185929648241206,-0.0014070351758793676,-0.0014070351758793676,0.5477386934673367,-0.002261306532663321,-0.002261306532663321,0.457286432160804,-0.0027135678391959628,-0.0027135678391959628,0.4111111111111111,0.11886734379809172,0.17357445421961548,0.35376044568245124,0.39698492462311563,0.1069849246231156,0.1590481525765266,0.35858585858585856,0.41137123745819393,0.10803790412486058,0.1738573639842761,0.37248322147651003,24.0,0.0,0.0,33.0,0.0,0.0,43.0,0.0,0.0,0.001273830538185735,0.0006363077713422837,0.0005226210513402225,-0.0027482878803057886,-0.004643665579505019,-0.0034852696437415176,0.9666666666666667,0.27799138400664036,0.29444444444444445
174,1,test,2.125593382554681,0.9489947791819273,1.3135229124979335,3.970217524886617,1.7725477197363584,2.453419233113957,8.377867293781017,5.134543703915748,6.125300259382794,15.648315347579487,9.590383355015046,11.440934392525334,0.7185607561863893,0.22678846787264445,0.32976706332771666,1.3184601030942922,0.4161256291241183,0.6050771804178288,2.0514785071344024,0.416266787145523,0.5762783315288258,3.7641807470356006,0.7637922699917854,1.0573914339978456,2.0847144651951703,0.9317831620485411,1.2871091660241691,3.7675562624009102,1.6839454735817005,2.3261009024533177,8.042294798746093,4.874830686528514,5.8220769987660965,14.534267708577277,8.809934975653942,10.52182590138451,0.15577889447236182,-0.004221105527638214,-0.004221105527638214,0.12060301507537685,-0.0043969849246231485,-0.0043969849246231485,0.085427135678392,-0.004572864321607972,-0.004572864321607972,0.31172839506172845,0.10063440430672077,0.14335057165310416,0.31269349845201233,0.1758793969849246,0.03552851979194216,0.05067071584969918,0.08585858585858586,0.30434782608695654,0.09900558902518697,0.14416985055859166,0.30536912751677847,14.0,0.0,0.0,19.0,0.0,0.0,21.0,0.0,0.0,-0.0028262614220501718,5.992612523388727e-05,-0.001329700289403118,-0.1011425186007946,-0.10601705575923459,-0.10054228297556644,0.030864197530864196,-0.5404523533025293,0.5679012345679012
94,1,test,1.457401211817425,0.6538906167739618,0.9010391506416427,3.4936284368389336,1.5674824714155962,2.159937822105498,4.294783779599986,2.0614161480005646,2.5504685480724443,10.29529728726805,4.941550766129012,6.113889143606284,1.684109380740016,0.7216042487799211,0.9981157415402565,3.062017055890938,1.312007725054402,1.8147558937095571,5.3876504497091,2.769403130039114,3.4019064810806583,9.79572809038018,5.0352784182529335,6.185284511055741,1.4326723359673514,0.6118488654114268,0.8626252168465814,3.2809290136656903,1.4011806078124278,1.9754775958318658,4.189881014209034,1.9175107168846033,2.421530641623554,9.595147360784047,4.391245916529626,5.545490018985239,0.4321608040201005,-0.00783919597989946,-0.00783919597989946,0.3015075376884422,-0.008492462311557869,-0.008492462311557869,0.2160804020100503,-0.008919597989949679,-0.008919597989949679,0.3204747774480712,0.10269699967029344,0.1467334151578441,0.32440476190476186,0.3467336683417085,0.10613216458231,0.1497386766889539,0.3939393939393939,0.32441471571906355,0.10905578416647588,0.15533796377245623,0.325503355704698,20.0,0.0,0.0,27.0,0.0,0.0,36.0,0.0,0.0,-0.00021213595063363107,0.00010368776257370512,-7.780593282625563e-05,-0.14926512021956118,-0.1482481117071437,-0.15130990579932924,0.9495548961424333,0.3646878951127265,0.002967359050445104
179,1,test,2.2180422824279313,0.9832273099183206,1.1930148339696296,6.904281991918523,3.060572227866051,3.713595047093434,9.189323145221302,5.751580760211761,6.402151182131985,28.604359264072322,17.903416802463678,19.928500672200315,2.1292338789078613,0.8687109928503232,1.2405677724707522,4.951706695134561,2.020258122907728,2.8850413313273306,8.408422473375209,4.881157110240684,5.976538860435866,19.55447086831444,11.351528163350427,13.89892758240899,2.141648695509746,0.890073877997918,1.2708509679433528,5.949024154193738,2.4724274388831056,3.530141577620425,8.51346217146363,5.017618230404334,6.124646453672623,23.648506031843418,13.93782841778982,17.012906815757287,0.4773869346733668,-0.0026130653266331905,-0.0026130653266331905,0.38190954773869346,-0.0030904522613065533,-0.0030904522613065533,0.29648241206030146,-0.0035175879396985854,-0.0035175879396985854,0.3389830508474576,0.08505318385834038,0.112199082128005,0.3228155339805825,0.37688442211055273,0.10871399604538978,0.16319493963976806,0.33333333333333337,0.35451505016722407,0.10242823881497032,0.14984319254764678,0.3221476510067114,17.0,0.0,0.0,28.0,0.0,0.0,35.0,0.0,0.0,0.00026518944314435637,-0.00013715622367130529,2.1360735817452344e-05,-0.06900947632980614,-0.06985599520209185,-0.06993368943192291,0.024213075060532687,-0.43688430651794985,0.002421307506053269
229,1,test,1.3666854437731206,0.518529019722071,0.7554652258660979,2.7836783271943317,1.0561449972253227,1.5387389876536472,3.9223283478917392,1.586990839109769,2.0796498510648393,7.989036880368451,3.232398518922965,4.235851230389734,0.5412266226586828,0.09693679241671332,0.19138379270599848,0.9930763718507941,0.17786567415910703,0.3511629223963275,1.718113046567132,0.15873067026272558,0.29926851536134547,3.1525010028754714,0.2912489362618822,0.5491165419474231,1.2294961763714138,0.42511791099597196,0.6305095669393938,2.3644157237911805,0.817534444223023,1.2125183979603726,3.419506274157017,1.1841999747826266,1.599233056466567,6.575973604148109,2.277307643812743,3.0754481855126286,0.11557788944723613,-0.004422110552763869,-0.004422110552763869,0.07537688442211055,-0.004623115577889414,-0.004623115577889414,0.06030150753768848,-0.0046984924623114654,-0.0046984924623114654,0.23867069486404835,0.054658628499040796,0.0838968255173147,0.28181818181818186,0.15577889447236182,0.027959345600181318,0.04058690782795449,0.12121212121212122,0.24080267558528423,0.062171623832362743,0.09063582352744215,0.2651006711409396,14.0,-3.0,-3.0,17.0,-3.0,-3.0,19.0,-4.0,-4.0,-0.001300208980148808,-0.00023224687542870137,-0.001132063241665751,-0.14321867222269136,-0.15878547203975613,-0.14569412009580862,0.04229607250755287,-0.34419161354598765,0.6827794561933535
119,1,test,3.519676417162192,1.658106141482286,2.265990829070767,6.522338219374005,3.072648668961524,4.199124248221534,33.77349817113644,27.339666438219073,30.2702675124449,62.585917514874296,50.663336676473754,56.09405505131032,3.933989517409448,1.795743746112458,2.497344895435492,6.345144382918464,2.8963608808265446,4.02797563779918,51.110477606233,42.62593686470101,46.903920086305014,82.4362542036016,68.7515110720984,75.65148401016938,3.520195749963643,1.6568259536275933,2.2651672546202546,6.478887883368668,3.0493729207869817,4.169019487031143,33.791042411811965,27.345622442284643,30.283104078986185,62.19210259842693,50.329366458192595,55.73577437850218,0.8040201005025126,-0.0009798994974873354,-0.0009798994974873354,0.6482412060301508,-0.0017587939698492372,-0.0017587939698492372,0.5276381909547738,-0.002361809045226204,-0.002361809045226204,0.4311926605504587,0.11363540864206179,0.17686916105910566,0.3742331288343558,0.42713567839195976,0.10132114205110765,0.16503217254888802,0.3787878787878788,0.4280936454849499,0.11423721810598497,0.1755908646173192,0.3657718120805369,26.0,-3.0,-3.0,38.0,-3.0,-3.0,48.0,-5.0,-5.0,0.0017853524379583751,0.0001946484753362295,0.0006266401640951444,0.00039646512983626536,-4.812870849413287e-06,-0.00013843336848395893,0.9663608562691132,-0.26100587558751404,0.345565749235474
99,1,test,1.4951647642574772,0.5992318225947892,0.690465743786198,4.349570223294479,1.7432198475484775,2.0086276182871208,4.460071352656507,2.010451276286089,2.224047952395101,12.974753025909838,5.848585531014076,6.469957679694839,2.4856702141051623,1.0511010212618708,1.4854693942718038,4.213000362890106,1.7815271546811369,2.5177447360539045,12.009166270879275,7.81133010955658,9.29033850270049,20.35451910318521,13.239542558570474,15.746336445255068,1.7856689714678204,0.7508050072756922,1.0590984981156892,4.152718538297257,1.7460581564550979,2.463019763059742,5.9635680703491545,3.1488447639294663,3.895591817664904,13.86876295430036,7.322894799835969,9.059515855034661,0.5125628140703518,-0.00743718592964826,-0.00743718592964826,0.4321608040201005,-0.00783919597989946,-0.00783919597989946,0.3668341708542714,-0.00816582914572861,-0.00816582914572861,0.29977628635346754,0.09977628635346758,0.11404803610908831,0.20403587443946192,0.40703517587939697,0.13385221848591322,0.2000234897358244,0.297979797979798,0.3277591973244147,0.11740861301723604,0.15200836306412546,0.22483221476510062,15.0,0.0,0.0,24.0,0.0,0.0,32.0,0.0,0.0,0.0005106946778924115,0.001268053846746553,0.00046391089680669395,-0.17689092524161154,-0.19237968279658713,-0.1913105790837566,0.970917225950783,0.3270121055991047,0.42953020134228187
243,1,test,1.6151402920000255,0.7003609058984751,0.9669046427020711,5.249205949000083,2.2761729441700442,3.142440088781731,5.028593345402807,2.5323688560646214,3.1164292224725485,16.342928372559122,8.23019878221002,10.128394973035784,1.5348773442724832,0.6010376331948153,0.8692247592000646,4.651143467492373,1.8213261611964096,2.634014421818377,4.640756279706058,2.0964966115688197,2.6949963987440197,14.062897817291084,6.353020035057029,8.166655753769756,1.717584421347995,0.720682937735482,1.0213330444444102,5.2048012768121055,2.183887690107521,3.094948619528515,5.571054876343476,2.861182653297381,3.5648368376427997,16.88198447376811,8.670250464537519,10.80253587164485,0.321608040201005,-0.0033919597989949812,-0.0033919597989949812,0.23115577889447236,-0.003844221105527623,-0.003844221105527623,0.1959798994974874,-0.004020100502512558,-0.004020100502512558,0.28395061728395066,0.08364245087408928,0.11762618196567554,0.2662538699690402,0.26633165829145733,0.07836173347942721,0.10773399552017182,0.2222222222222222,0.3010033444816054,0.0889833110926237,0.12747720432587684,0.28523489932885904,16.0,-5.0,-5.0,24.0,-8.0,-8.0,30.0,-8.0,-8.0,-0.0004219867129936197,0.000571107225318699,-0.00020223906743100728,-0.11649333033953457,-0.13135684965856864,-0.11832895111332586,0.043209876543209874,-0.3503236841716403,0.0030864197530864196
175,1,test,2.301360294450803,0.98868941090601,1.2015289618865181,6.374162394498606,2.7384094867857254,3.32791903259358,9.987759512163604,6.271673810579022,6.98410015046698,27.66346549092683,17.370886014827427,19.344119495701307,2.2506720717962954,0.9804178060378961,1.3737644941927316,5.089587980539349,2.2170811750175146,3.1065810720949267,9.494114419217572,5.932356338868505,7.090658717112923,21.46964510709428,13.415214902668549,16.034557780743995,2.2615835200094714,0.97233996703326,1.3662488853439896,6.11238789191749,2.6279458568466483,3.6925645549837554,9.59827620152571,5.968236617250872,7.150121311628114,25.94128703115057,16.13036923581317,19.3246521935895,0.45959595959595956,-0.00040404040404040664,-0.00040404040404040664,0.3484848484848485,-0.0015151515151514694,-0.0015151515151514694,0.2777777777777778,-0.0022222222222222365,-0.0022222222222222365,0.3642857142857143,0.08875127248048864,0.12283898896802126,0.350835322195704,0.31313131313131315,0.07443784579462975,0.1275125840343232,0.2791878172588832,0.34782608695652173,0.08782608695652172,0.1458283067123486,0.3221476510067114,16.0,0.0,0.0,21.0,1.0,1.0,30.0,0.0,0.0,0.00046641779114384684,0.0002646479326546917,0.00017820668420351983,-0.07359795551544135,-0.06537276091722255,-0.07000196688032911,0.02857142857142857,0.5645299083429477,0.002380952380952381
147,1,test,2.8378816773939795,1.190610015646829,1.5905202008718602,5.946796998134575,2.4949299766082427,3.3329440164337294,17.079547198695256,11.88675441143737,13.598401454205586,35.79028710737826,24.908760648686172,28.495526642801597,2.638392885241759,1.0821272832124178,1.530516650486367,5.43998533039538,2.2311902746647787,3.155704433992509,13.990700868490931,9.249617814406982,10.962779900741909,28.846805914414293,19.071376936921617,22.603669898436927,2.9258597382176106,1.2983045528856112,1.791840231194327,5.812966367319756,2.5794130189780353,3.559947479194027,18.65025349490597,13.558841563334944,15.542128940808686,37.05348376471385,26.938095821195255,30.87840186915633,0.5376884422110553,-0.0023115577889447625,-0.0023115577889447625,0.4321608040201005,-0.002839195979899567,-0.002839195979899567,0.3668341708542714,-0.0031658291457286047,-0.0031658291457286047,0.40591397849462363,0.11598109258858336,0.1664222873900293,0.36657681940700804,0.3869346733668342,0.11625798163751089,0.16155904732342852,0.30808080808080807,0.4180602006688964,0.13091495859877955,0.19225374905599313,0.37583892617449666,16.0,-1.0,-1.0,24.0,-4.0,-4.0,33.0,-1.0,-1.0,0.00020469363844244468,-0.0003504856643934261,-0.0002486291992216971,-0.02433973684154278,-0.024644593835358997,-0.024627992407507016,0.026881720430107527,-0.7784765880697866,0.002688172043010753
57,1,test,0.5008214762652743,0.15066966879430688,0.24141478796531518,0.8647905723882934,0.2601679746041229,0.41686158154475933,1.6500762125421478,0.2307932225408127,0.3539153814441993,2.8492595065408013,0.39852085520128666,0.6111213272612046,0.12612304352970705,-0.08064591462920928,-0.0832111617310109,0.2193444235299253,-0.14025376457253788,-0.14471506388001895,1.134421742951398,-0.09527668421738067,-0.0984352140164153,1.97290737904591,-0.16569858124761838,-0.17119167655028722,0.5008214762652743,0.15066966879430688,0.24141478796531518,0.8647905723882934,0.2601679746041229,0.41686158154475933,1.6500762125421478,0.2307932225408127,0.3539153814441993,2.8492595065408013,0.39852085520128666,0.6111213272612046,0.045226130653266305,-0.004773869346733739,-0.004773869346733739,0.02010050251256279,-0.004899497487437232,-0.004899497487437232,0.01005025125628145,-0.004949748743718563,-0.004949748743718563,0.1317567567567568,0.008653889977667473,0.02613877922866692,0.15254237288135597,0.10050251256281406,0.04536466795128524,0.045410692863314894,0.04040404040404044,0.1317567567567568,0.008653889977667473,0.02613877922866692,0.15254237288135597,11.0,-2.0,-2.0,13.0,-4.0,-4.0,15.0,-6.0,-6.0,-0.0015465194796568957,4.505253948854961e-06,-0.0002712082996122231,-0.05348914608855471,-0.06099337286950113,-0.06537907164944246,0.9425675675675675,-0.15471672373271608,0.0033783783783783786
187,1,test,1.0415945395531498,0.3451802770211252,0.3602075933422024,2.362525796531917,0.7829316283342793,0.8170163139898137,2.8337319114197492,0.8271870620173911,0.8571146175745668,6.427419199083886,1.8762106543030823,1.9440917916804947,0.2513183659633318,0.02556577981292854,0.055756169189136034,0.44878279636309243,0.04565317823737236,0.09956458783774291,1.2857193484588008,0.032453796796937384,0.06972492595806123,2.295927407962144,0.057953208565959535,0.12450879635368084,0.6051581695212717,0.12571202234882817,0.20491870066282536,1.3060967687509462,0.27132091154423366,0.4422705769701267,1.8315418800789534,0.21636229744121183,0.3393598941023295,3.9529680865013384,0.46696898728319125,0.7324314261201357,0.055276381909547756,-0.004723618090452297,-0.004723618090452297,0.04020100502512558,-0.00479899497487446,-0.00479899497487446,0.035175879396984966,-0.00482412060301507,-0.00482412060301507,0.23694779116465858,0.051391121154628516,0.05317457513337809,0.2676056338028169,0.08040201005025127,-0.0023047568670420127,0.003607352287313015,0.0757575757575758,0.13377926421404684,0.00022333766980642267,0.008084047306371689,0.1476510067114094,12.0,-1.0,-1.0,14.0,-2.0,-2.0,16.0,-3.0,-3.0,-0.0016193433339154822,-0.0007315269056897164,-0.001286801887829697,-0.16467820358341978,-0.17200055711483264,-0.1672908472159973,0.9779116465863453,0.34048189989826677,0.7710843373493976
136,1,test,0.15148869516340865,-0.06944366082906875,-0.043772282812428426,0.2962445594306658,-0.13580093673240112,-0.08559913083319337,1.1635651478214644,-0.08367391164071214,-0.05206304946024787,2.275416289073086,-0.16362898276405957,-0.10181218561115157,0.1983536224425887,-0.08990581613912879,-0.09204395309297425,0.3967072448851774,-0.17981163227825758,-0.1840879061859485,1.219393522504666,-0.11470985461245786,-0.11756540203117627,2.438787045009332,-0.22941970922491572,-0.23513080406235254,0.15148869516340865,-0.06944366082906875,-0.043772282812428426,0.2962445594306658,-0.13580093673240112,-0.08559913083319337,1.1635651478214644,-0.08367391164071214,-0.05206304946024787,2.275416289073086,-0.16362898276405957,-0.10181218561115157,0.05025125628140703,-0.004748743718593018,-0.004748743718593018,0.035175879396984966,-0.00482412060301507,-0.00482412060301507,0.02010050251256279,-0.004899497487437232,-0.004899497487437232,0.09505703422053235,0.02484830556778095,0.028053241553022912,0.026717557251908386,0.10552763819095479,0.0127958086170199,0.01871628593719854,0.03535353535353536,0.09505703422053235,0.02484830556778095,0.028053241553022912,0.026717557251908386,11.0,-2.0,-2.0,13.0,-2.0,-2.0,14.0,-3.0,-3.0,0.00018410173935166511,4.597564865846204e-05,0.00014738947370017522,-0.08752968430626251,-0.08026299997332786,-0.08573462197190251,0.03802281368821293,-0.5413746239904227,0.015209125475285171
172,1,test,1.723276772073511,0.7490740124191634,1.0351854807868413,6.7404116781103145,2.929922403006601,4.049016627381442,5.6028577051634105,2.9538032693377665,3.6129439647187964,21.914975074626504,11.553483673738858,14.131641583520356,1.789847855430141,0.7591851602836146,1.0703298856654024,6.171889156655658,2.6178798630469466,3.6907927091910433,5.988541273032242,3.185618570398679,3.9350981226735438,20.650142320800835,10.98489162206441,13.569303871288083,1.749005137581221,0.7534583006482014,1.0411594286582633,6.6417916617008395,2.8612340530944356,3.9537699822465693,5.748880484936754,3.042676696022416,3.7192663190505195,21.8311917149497,11.55446846590791,14.123796148293113,0.39698492462311563,-0.0030150753768843908,-0.0030150753768843908,0.27135678391959794,-0.0036432160804020786,-0.0036432160804020786,0.20100502512562812,-0.003994974874371837,-0.003994974874371837,0.27922077922077926,0.07824833189500935,0.1010350340803905,0.22149837133550487,0.29648241206030146,0.07843729927834653,0.10616521673475887,0.21212121212121215,0.28093645484949836,0.07893311595133479,0.10407327353692886,0.22483221476510062,18.0,0.0,0.0,24.0,0.0,0.0,31.0,0.0,0.0,0.0006410161734344348,0.00041336326631250024,-9.436188334251216e-05,-0.10247336358186665,-0.10004898466744638,-0.09730912458267227,0.03896103896103896,-0.5344369583279434,0.08766233766233766
20,1,test,3.6785939651178587,1.692000803561498,2.0882489935779036,8.541103229354109,3.9285535898784207,4.848578123019959,39.59068903034878,32.30003570381917,34.685248156383025,91.92320901299371,74.99548519737324,80.5335646849353,3.94326358812688,1.822553028394804,2.492453997563129,7.30233997801274,3.375098200731118,4.61565555104283,51.58668456531776,43.24962520313531,47.32011727538693,95.53089734318104,80.09189852432465,87.62984680627208,3.7939733923054657,1.740702916872587,2.3886951513271786,7.959384739102376,3.6518243011313016,5.011248569217857,44.43259813610305,36.63925071196558,40.35593725851372,93.21524084497143,76.86556093419352,84.66280543744136,0.7989949748743719,-0.0010050251256281673,-0.0010050251256281673,0.6532663316582914,-0.0017336683417086274,-0.0017336683417086274,0.5376884422110553,-0.0023115577889447625,-0.0023115577889447625,0.43176178660049624,0.11329834174299935,0.1463267914880818,0.4054726368159204,0.4522613065326633,0.1089029105426883,0.18848835160778854,0.43939393939393945,0.4247491638795987,0.09252879660080071,0.16223525954144524,0.412751677852349,16.0,0.0,0.0,29.0,0.0,0.0,38.0,0.0,0.0,0.0005875435016812631,0.000693481681159996,0.00021602858427724806,9.634671156355523e-05,0.0003722966776251724,1.2268541755844353e-05,0.03225806451612903,0.31323265815604806,0.27543424317617865
36,1,test,3.0467299705798765,1.4015779063239195,1.4966443829065124,7.23975438553634,3.330482153640997,3.5563826920550787,21.046409396272225,15.864611583002437,16.33453595265359,50.01126985252806,37.69808692990678,38.81473889739467,3.209377426736878,1.3671276980677092,1.926906595802252,6.355202825221541,2.7071835605301175,3.8156566253509943,24.763664229178808,18.45294451928511,21.158126827114415,49.03695886966101,36.54048419660418,41.89728084577112,3.0530367656959374,1.3219464688477667,1.8527620355218428,6.9387199220362215,3.0044237928358335,4.210822808004188,21.17956423705311,15.532756987572196,17.858535052709207,48.135373266029795,35.30172042630044,40.5875796652482,0.6281407035175879,-0.0018592964824121205,-0.0018592964824121205,0.5226130653266332,-0.002386934673366814,-0.002386934673366814,0.4371859296482412,-0.002814070351758735,-0.002814070351758735,0.40083507306889354,0.12659106889788208,0.1369054543005651,0.35564853556485354,0.4321608040201005,0.141433986977494,0.19009068715866473,0.33333333333333337,0.38795986622073575,0.11583966588684591,0.15659167934643092,0.31879194630872487,21.0,0.0,0.0,30.0,-1.0,-1.0,38.0,-1.0,-1.0,0.00023814934890602335,0.0005849469364960868,-8.649984908464248e-05,-0.011117007761652253,-0.01479896764205435,-0.012157795212032418,0.9770354906054279,-0.27490194749152125,0.018789144050104383
264,1,test,0.36159318536198637,0.061285495198083406,0.1382528133870176,0.6125813963779534,0.10382483892381189,0.23421653091447686,1.4356147940356823,0.0853405842776247,0.18536874399666226,2.4321003569545674,0.14457698983503464,0.3140364604178747,0.5036382622661119,0.00042606284903279334,0.09164696059880417,0.8189240036847347,0.000692785120378514,0.14901944812813683,1.65473067635472,0.0007048690964190918,0.14490937301109508,2.6906189859426344,0.001146128612063535,0.23562499676600845,0.36159318536198637,0.061285495198083406,0.1382528133870176,0.6125813963779534,0.10382483892381189,0.23421653091447686,1.4356147940356823,0.0853405842776247,0.18536874399666226,2.4321003569545674,0.14457698983503464,0.3140364604178747,0.10552763819095479,-0.0044723618090452,-0.0044723618090452,0.07035175879396982,-0.004648241206030135,-0.004648241206030135,0.055276381909547756,-0.004723618090452297,-0.004723618090452297,0.11149825783972123,0.007150431752764752,0.015322128059883422,0.0699300699300699,0.14572864321608037,0.03545295399302273,0.04890059647150613,0.09090909090909094,0.11149825783972123,0.007150431752764752,0.015322128059883422,0.0699300699300699,11.0,-2.0,-2.0,15.0,-6.0,-6.0,15.0,-5.0,-5.0,0.00021767849661726303,0.0004244640962242919,0.00017995530884889517,-0.10826627260725474,-0.11222402293103317,-0.11455158534678223,0.041811846689895474,0.3698279358825026,0.05226480836236934
31,1,test,2.797284811164311,1.2229083393434887,1.57553351013479,5.948072647915321,2.6003600402523634,3.3501729034184824,16.400057011979296,11.57232655852367,13.006932095613234,34.87264870129663,24.6070899898278,27.65759736814462,2.3344269836078406,0.9609526039876459,1.379847352218825,4.863389549183001,2.0019845916409285,2.874681983789219,10.323542675011632,6.374495297327801,7.725964262062389,21.5073805729409,13.280198536099583,16.095758879296643,2.7560369044626607,1.22465041374421,1.6945394628427168,5.863908307367364,2.6056391781791706,3.605403112431313,15.737350574597812,11.1127662520544,12.846654175563872,33.483724626803856,23.64418351500936,27.333306756518876,0.542713567839196,-0.0022864321608039306,-0.0022864321608039306,0.4321608040201005,-0.002839195979899567,-0.002839195979899567,0.3417085427135679,-0.003291457286432098,-0.003291457286432098,0.4196891191709845,0.1195597530649043,0.16357963725505098,0.4233766233766234,0.3919597989949749,0.10624551328068921,0.16157582570616025,0.3434343434343434,0.4247491638795987,0.13092612548226978,0.19449332405757425,0.4261744966442953,18.0,0.0,0.0,29.0,0.0,0.0,38.0,0.0,0.0,0.00021504456095181734,-0.0006589081853060637,5.623590532302963e-05,-0.015580470763111975,-0.01201551729500494,-0.0140658262969513,0.03367875647668394,0.24031044389615008,0.3238341968911917
12,1,test,2.3073609600454796,0.9894057699361896,1.25126741035715,5.41961527824636,2.3239530875245387,2.9390234522342364,10.047872896815619,6.312098283858017,7.172755377526638,23.600817734380872,14.826091317899063,16.847634723957917,2.051559023944477,0.7923255827002142,1.177466895405908,3.6965027458459043,1.4276136625229081,2.1215619737043383,7.780020895195556,4.257300815013032,5.383322483333293,14.01805566701902,7.67081227930276,9.699680150150076,2.26400115074391,0.9770609234822556,1.3829114410224617,4.783101022698402,2.0642132186244835,2.9216438894840735,9.621509362353624,5.999821319745475,7.207981043136549,20.327132455676672,12.675678844532694,15.228128964372992,0.4623115577889447,-0.002688442211055242,-0.002688442211055242,0.3668341708542714,-0.0031658291457286047,-0.0031658291457286047,0.26633165829145733,-0.0036683417085426884,-0.0036683417085426884,0.36476426799007444,0.09091048856008688,0.13211519663132565,0.36318407960199006,0.3517587939698492,0.08358836790468627,0.14307765874447353,0.297979797979798,0.35451505016722407,0.08406429891513723,0.1442814572862452,0.3489932885906041,19.0,-7.0,-7.0,26.0,-9.0,-9.0,34.0,-12.0,-12.0,0.0003965755690338405,-0.00036716025922843153,0.0001132392261780575,-0.061252986135994725,-0.050697636993035644,-0.05732879441804961,0.9727047146401985,0.20814996450854117,0.2704714640198511
245,1,test,2.3845800532926535,1.0529364656883404,1.20655633830597,6.861436798506603,3.029739765787096,3.4717685605449207,10.854503394701776,7.067240421272828,7.606554411652912,31.23295815507737,20.33541437346891,21.88724688772386,1.9616481024754306,0.7675363138267177,1.0974321291457816,5.162231848619554,2.019832404807152,2.887979287225741,7.111037130710008,3.8104123149850437,4.737892383081746,18.7132556071316,10.02740082890801,12.468137850215124,2.5208473719703335,1.115248576467448,1.553507493354439,5.862435748768218,2.5936013406219725,3.612808124080091,12.439132771391613,8.361164892241273,9.808196239402665,28.928215747422357,19.444569516840172,22.80975869628527,0.35678391959798994,-0.0032160804020100464,-0.0032160804020100464,0.2814070351758794,-0.003592964824120637,-0.003592964824120637,0.25125628140703515,-0.003743718592964851,-0.003743718592964851,0.3415730337078652,0.11822847702997519,0.1382494755455973,0.3490990990990991,0.2864321608040201,0.08593090767118805,0.1295039471145376,0.2777777777777778,0.35451505016722407,0.1141143823875913,0.1765395218023742,0.3791946308724832,19.0,-5.0,-5.0,27.0,-6.0,-6.0,33.0,-6.0,-6.0,0.00023303131866982742,-0.0007242838773333759,0.00030676284214860685,-0.1273136653312017,-0.11480414214930956,-0.12388125710480402,0.9752808988764045,-0.46559323997893787,0.0022471910112359553
257,1,test,3.461467709717587,1.580431212816991,2.164607070107915,6.943296994198219,3.170159079827023,4.34194712298117,31.863708886671642,25.303407815486455,28.20591340104758,63.91485135502959,50.75565920635813,56.57774393974839,3.8531787620211517,1.7410662876628886,2.407472060894851,6.475930692472525,2.9261618280048554,4.046171530915716,47.14268066936744,38.87699676947403,42.89782974536386,79.23139608297049,65.33949036886392,72.09719284935103,3.5253906572941553,1.634002794869316,2.2304510603535563,6.736415268714946,3.1222983341451895,4.262008395580043,33.96704049680793,27.338478664757478,30.31626504733311,64.90517292383682,52.23913120654295,57.92916888025435,0.8190954773869347,-0.0009045226130653949,-0.0009045226130653949,0.6633165829145728,-0.0016834170854271857,-0.0016834170854271857,0.5226130653266332,-0.002386934673366814,-0.002386934673366814,0.42647058823529416,0.09313725490196079,0.17304593070104757,0.37168141592920356,0.4321608040201005,0.08880240803012551,0.16838784909522575,0.3939393939393939,0.43143812709030105,0.10422610705691204,0.17893534622267038,0.37248322147651003,23.0,0.0,0.0,37.0,0.0,0.0,45.0,1.0,1.0,0.0013366104704120587,0.00027257481382365455,0.0005621145030574007,0.00034512908460637703,-5.516869649557776e-05,0.0001678595039624753,0.029411764705882353,-0.3922191318101944,0.42058823529411765
223,1,test,0.34102082996702526,0.03638324211171379,0.10956582650917868,0.6192220333611774,0.066064308044954,0.19894847445087704,1.406382535458904,0.050249100749016895,0.14594992526637962,2.5536946038595887,0.09124178820216233,0.26501433798368934,0.4043339186270976,4.751773291711281e-05,0.06993594597441027,0.6971274459087891,8.192712571919447e-05,0.12057921719725917,1.498304175108869,7.119432611135679e-05,0.10120513494644023,2.583283060532533,0.00012274883812279924,0.1744916119766211,0.34102082996702526,0.03638324211171379,0.10956582650917868,0.6192220333611774,0.066064308044954,0.19894847445087704,1.406382535458904,0.050249100749016895,0.14594992526637962,2.5536946038595887,0.09124178820216233,0.26501433798368934,0.09045226130653261,-0.0045477386934673625,-0.0045477386934673625,0.055276381909547756,-0.004723618090452297,-0.004723618090452297,0.035175879396984966,-0.00482412060301507,-0.00482412060301507,0.10909090909090913,-0.005246658967167139,0.0063097724524568966,0.058394160583941646,0.12562814070351758,0.017858717144620284,0.023791746713534234,0.06060606060606055,0.10909090909090913,-0.005246658967167139,0.0063097724524568966,0.058394160583941646,11.0,1.0,1.0,14.0,-3.0,-3.0,14.0,-2.0,-2.0,0.0001058244488685519,0.0005146118506853012,0.00021022557040672717,-0.13033817439199735,-0.13590077703117465,-0.13972399028379745,0.05454545454545454,-0.30099956288071406,0.03272727272727273
132,1,test,1.9971442140759537,0.7445314322591556,0.7445314322591556,5.213202737212349,1.9434717198877491,1.9434717198877491,7.367984638641894,3.8685102525457977,3.8685102525457977,19.232861310257714,10.098083100542084,10.098083100542084,1.0998153887996807,0.32483664715540705,0.47014615636188195,2.5283112386199558,0.746750913000936,1.080795761751453,3.0036114724405785,0.8330654879862518,1.126621843149586,6.904853959633514,1.9150930758304643,2.589935271608244,1.768716279419728,0.6714610613646572,0.9481754803939578,4.178069951385184,1.5861284914125755,2.239784599355805,5.863321661432265,2.8673901120596033,3.591593607720588,13.850366129367556,6.773362469432134,8.48407938831635,0.27135678391959794,-0.0036432160804020786,-0.0036432160804020786,0.1959798994974874,-0.004020100502512558,-0.004020100502512558,0.13567839195979903,-0.004321608040200986,-0.004321608040200986,0.32432432432432434,0.063327256875644,0.063327256875644,0.3592057761732852,0.2562814070351759,0.0357300285890606,0.03925302640078521,0.26262626262626265,0.30434782608695654,0.06895550555273289,0.09188953910141706,0.34563758389261745,11.0,0.0,0.0,18.0,0.0,0.0,23.0,1.0,1.0,-0.0010610014100696772,-0.0005085128372444596,-0.0008617841411343834,-0.06812673010826487,-0.07582552460013048,-0.06158462627441974,0.023423423423423424,-0.23367156787996002,0.16216216216216217
169,1,test,0.09174860746806389,-0.09463174856984925,-0.06635677903641062,0.1670918347928316,-0.17234258845502345,-0.12084843864246966,1.09608923879351,-0.10879121799641345,-0.07520038752947755,1.9961890110477831,-0.1981297016490975,-0.13695434814971086,0.12294706762820722,-0.09748675447195158,-0.04762494958817902,0.21569660987404776,-0.1710293938104414,-0.08355254313715621,1.1308245621371134,-0.11579286134827416,-0.05515849791991778,1.9839027405914271,-0.2031453707864459,-0.09676929459634676,0.09174860746806389,-0.09463174856984925,-0.06635677903641062,0.1670918347928316,-0.17234258845502345,-0.12084843864246966,1.09608923879351,-0.10879121799641345,-0.07520038752947755,1.9961890110477831,-0.1981297016490975,-0.13695434814971086,0.035175879396984966,-0.00482412060301507,-0.00482412060301507,0.02010050251256279,-0.004899497487437232,-0.004899497487437232,0.01005025125628145,-0.004949748743718563,-0.004949748743718563,0.08029197080291972,0.016539693935888722,0.018398766919424547,0.04395604395604391,0.10552763819095479,0.032845933930303106,0.03040242950981953,0.05555555555555558,0.08029197080291972,0.016539693935888722,0.018398766919424547,0.04395604395604391,11.0,-2.0,-2.0,15.0,-6.0,-6.0,16.0,-7.0,-7.0,7.224584855822839e-05,0.00016562586275553618,7.4321320038045e-05,-0.07141084479408255,-0.06158320895295166,-0.06657791288192749,0.058394160583941604,-0.12287399915326659,0.025547445255474453
255,1,test,2.2625651193498233,0.936188209187441,1.1704196510258655,7.4982529988370175,3.102574147803007,3.878828760837786,9.607702488775434,5.8403333745610695,6.62704035516197,31.84040246280123,19.355154406603212,21.962340350578096,2.621888359381337,1.073715609585145,1.5041423350399308,5.638469590067391,2.309065827064828,3.234714699010604,13.761686073108203,9.058817064727009,10.703732197080345,29.59502381313592,19.481327020918297,23.018778918452355,2.556070033152204,1.0868162553368352,1.5081395320708257,6.846616160229118,2.911114969652237,4.039659460903998,12.885079746128655,8.53908889018504,10.033336418772379,34.51360646284461,22.87255952728136,26.875008264568873,0.4773869346733668,-0.0026130653266331905,-0.0026130653266331905,0.39698492462311563,-0.0030150753768843908,-0.0030150753768843908,0.33668341708542715,-0.0033165829145728187,-0.0033165829145728187,0.32499999999999996,0.07780898876404485,0.10408113391984353,0.3208020050125313,0.35678391959798994,0.1036510875177894,0.13808608988179627,0.38383838383838387,0.3511705685618729,0.08739761363699816,0.13871228157633342,0.3657718120805369,22.0,0.0,0.0,30.0,0.0,0.0,38.0,0.0,0.0,0.00022799304130887514,0.0009482402068237002,0.00012081787027716441,-0.04378659395195417,-0.044188208145191865,-0.04435992059448868,0.03,0.44613050552702127,0.815
16,1,test,3.0689185611379597,1.3786188249134712,1.8811883330901797,5.138654334928677,2.30838500915744,3.1498967437789056,21.51861901648317,16.097513653194433,18.238990272933044,36.03117602759973,26.953976349534862,30.539704643050676,2.9368285453148264,1.1012098666676702,1.5889193229359584,4.775330967991588,1.7905851490531224,2.58360865518042,18.855950591329602,12.586939141897616,15.006581654399568,30.660082262324558,20.46656771040263,24.400945779511492,3.0689185611379597,1.3786188249134712,1.8811883330901797,5.138654334928677,2.30838500915744,3.1498967437789056,21.51861901648317,16.097513653194433,18.238990272933044,36.03117602759973,26.953976349534862,30.539704643050676,0.5376884422110553,-0.0023115577889447625,-0.0023115577889447625,0.457286432160804,-0.0027135678391959628,-0.0027135678391959628,0.371859296482412,-0.003140703517587995,-0.003140703517587995,0.4006968641114983,0.11547947280715043,0.1712646509017648,0.4125874125874126,0.371859296482412,0.07862621377564505,0.11309468880294626,0.36868686868686873,0.4006968641114983,0.11547947280715043,0.1712646509017648,0.4125874125874126,19.0,0.0,0.0,26.0,0.0,0.0,31.0,0.0,0.0,-0.0007470698298242867,9.127971586930132e-05,3.6273607206639424e-05,-0.017054821892409144,-0.018644561378417635,-0.019241798508466523,0.03484320557491289,0.6313290299937274,0.003484320557491289
140,1,test,2.866571894906716,1.3655624333660545,1.5531557463164034,6.489802361057844,3.091577894828733,3.5162815373457663,17.576660163871516,13.090444716562377,13.857803961256835,39.79284483800353,29.636235246633603,31.373505414825114,2.144285021881152,0.9472843441115311,1.3285828174893664,5.105440528288457,2.2554389145512643,3.163292422593729,8.53593604751776,5.225762306418156,6.275173414969117,20.323657255994668,12.442291205757515,14.940889083259805,2.6224087778556777,1.2590088412248202,1.7066079741719915,5.871064428035099,2.818676510204821,3.820764121280578,13.768849772677845,9.859387115854172,11.27007429316597,30.825783073159354,22.073254736986954,25.231509611565606,0.44723618090452266,-0.0027638190954772934,-0.0027638190954772934,0.35678391959798994,-0.0032160804020100464,-0.0032160804020100464,0.27638190954773867,-0.0036180904522613577,-0.0036180904522613577,0.4089887640449438,0.12952748458366437,0.15385679923555962,0.43243243243243246,0.3417085427135679,0.1061195702824902,0.16641638912425238,0.31313131313131315,0.3712374581939799,0.10913395235090817,0.17991376520176638,0.38590604026845643,19.0,0.0,0.0,26.0,0.0,0.0,34.0,1.0,1.0,-0.00020126851043120658,-0.0009675728431308194,-0.00042895277151047,-0.012496095110763328,-0.012966926678737778,-0.012888545280385522,0.9752808988764045,0.3450049443560769,0.41123595505617977
100,1,test,0.5134767162908895,0.0692145051945206,0.1625391800110309,0.9099587377306904,0.12265861680041634,0.28804411647524464,1.6710910162969796,0.11175170820671498,0.250692416536463,2.961427117488318,0.1980410018853176,0.44426504196335204,0.6723341865651214,0.11486702334892296,0.20831787994515455,1.200596761723431,0.20511968455164808,0.37199621418777584,1.9588042030390749,0.21256025967463654,0.36835529796461763,3.497864648284062,0.3795718922761364,0.6577773177939599,0.5134767162908895,0.0692145051945206,0.1625391800110309,0.9099587377306904,0.12265861680041634,0.28804411647524464,1.6710910162969796,0.11175170820671498,0.250692416536463,2.961427117488318,0.1980410018853176,0.44426504196335204,0.15577889447236182,-0.004221105527638214,-0.004221105527638214,0.11055276381909551,-0.004447236180904479,-0.004447236180904479,0.09045226130653261,-0.0045477386934673625,-0.0045477386934673625,0.17562724014336917,0.04324799148505076,0.049286358140985365,0.1079136690647482,0.20100502512562812,0.05062908527600407,0.0741268949085997,0.12121212121212122,0.17562724014336917,0.04324799148505076,0.049286358140985365,0.1079136690647482,13.0,-3.0,-3.0,15.0,-3.0,-3.0,19.0,-5.0,-5.0,0.0002113924875211602,0.0007288969965465387,0.00029940609783842215,-0.19404799594358701,-0.20039215845490466,-0.19514538888669097,0.035842293906810034,0.4417792205897659,0.1111111111111111
46,1,test,1.9840030642199313,0.8340501429219522,0.9695509817950938,4.796490924487746,2.0163849609102145,2.34396940653759,7.271794258721545,4.113750029154836,4.51394235092328,17.58016194416198,9.945329740813891,10.912827661572766,1.6834667828562515,0.6236279598972527,0.9148932340000572,3.1466668838434604,1.1656597381257057,1.7100808112150598,5.38418946906017,2.4982836590383797,3.2275018200566445,10.063905549645177,4.6696890823147275,6.032713682348867,1.7397959468647815,0.7023452838109829,0.9947854412647169,3.599577821099548,1.4531281734020336,2.058176775030449,5.696180980488197,2.874167407698954,3.589717415959953,11.78520202859627,5.946553257308181,7.427001550261972,0.3869346733668342,-0.0030653266331658324,-0.0030653266331658324,0.3015075376884422,-0.0034924623115578646,-0.0034924623115578646,0.23115577889447236,-0.003844221105527623,-0.003844221105527623,0.3325740318906606,0.09821680777234432,0.11263268291705353,0.3470319634703196,0.31155778894472363,0.07596881651364595,0.11289334821016606,0.3232323232323232,0.31438127090301005,0.08399729761419539,0.11749584264939494,0.3221476510067114,17.0,0.0,0.0,26.0,0.0,0.0,31.0,0.0,0.0,-0.0008648083235592665,-0.0006489424082343306,-0.00013728057950956153,-0.08421004709512037,-0.07999933558665617,-0.08546464989043212,0.022779043280182234,-0.48899703660409183,0.255125284738041
102,1,test,1.105063513552711,0.4860689329690968,0.6690354344905172,2.0394922198656653,0.8970831042297303,1.234763926890587,3.0194162365688757,1.1623562578186524,1.4728640166932017,5.572599083667558,2.145231034650601,2.718300501397012,0.6809174770502997,0.26313654652870216,0.38681341877430464,1.1348624617504997,0.43856091088117044,0.6446890312905078,1.9756895507737393,0.45710158908644427,0.6337660161222407,3.2928159179562324,0.7618359818107407,1.0562766935370678,1.105063513552711,0.4860689329690968,0.6690354344905172,2.0394922198656653,0.8970831042297303,1.234763926890587,3.0194162365688757,1.1623562578186524,1.4728640166932017,5.572599083667558,2.145231034650601,2.718300501397012,0.12060301507537685,-0.0043969849246231485,-0.0043969849246231485,0.09547738693467334,-0.004522613065326642,-0.004522613065326642,0.07537688442211055,-0.004623115577889414,-0.004623115577889414,0.18799999999999994,0.052271457085828255,0.08294680851063829,0.24096385542168675,0.1507537688442211,0.040478079621163454,0.04891737485423775,0.1767676767676768,0.18799999999999994,0.052271457085828255,0.08294680851063829,0.24096385542168675,13.0,1.0,1.0,16.0,-1.0,-1.0,17.0,1.0,1.0,-0.0006558121338094208,-0.0008941334104710203,-0.0008081317712055662,-0.16784670950478553,-0.17002677989222015,-0.16656063130451892,0.948,0.28406156814622213,0.632
112,1,test,0.55968437260837,0.18915986096002446,0.2606172264322318,1.5443922161449006,0.5219674358821729,0.7191467827114967,1.750120027293627,0.30162585978145384,0.4015198535159952,4.829278571554594,0.8323059439082221,1.1079532800027834,0.608494442807601,0.182118658826053,0.29939743163797317,1.0865972192992874,0.3252118907608089,0.5346382707820949,1.8376626088608765,0.3059663549454368,0.47546809668428036,3.2815403729658508,0.5463684909739945,0.8490501726505006,0.6306118202136378,0.19362292599904035,0.29864641281158605,1.4332086823037222,0.4400521045432735,0.6787418472990591,1.878759690859083,0.33072080608585863,0.485055055044588,4.2699083883160975,0.7516381956496789,1.1023978523740636,0.13567839195979903,-0.004321608040200986,-0.004321608040200986,0.10050251256281406,-0.004497487437185921,-0.004497487437185921,0.085427135678392,-0.004572864321607972,-0.004572864321607972,0.18579234972677594,0.043909675784074675,0.03916478374437127,0.1753424657534246,0.18592964824120606,0.04056623971990281,0.06072096710598063,0.18686868686868685,0.2006688963210702,0.0554268262042088,0.06829959709971312,0.19798657718120805,13.0,0.0,0.0,16.0,-1.0,-1.0,19.0,-1.0,-1.0,-0.0006760302170769081,0.0001505768620142842,-0.0002142074144930588,-0.09491726594722083,-0.11721495538035986,-0.10807262127593376,0.030054644808743168,-0.2672969036600262,0.00273224043715847
197,1,test,1.2985433422081085,0.4956341560398978,0.6569609742796697,5.9067886176051765,2.2545309780839253,2.988371261052644,3.663955649000193,1.4319307807007622,1.7644714636339989,16.666529964354538,6.5135387951388335,8.026193365066849,1.904574694275634,0.7596389253612277,1.071208390029625,5.860229828540413,2.3373505395730083,3.29602581547577,6.716550432740307,3.5743109118387646,4.415498675321627,20.66630902381633,10.99787972873466,13.586149770220391,1.3917338248373374,0.5392032797383642,0.7612403227373891,5.96457353501716,2.3108711988787034,3.2624585260173813,4.021817137841303,1.6762422065682232,2.143279725134893,17.236359162177013,7.18389517100667,9.1854845362924,0.44221105527638194,-0.0027889447236180143,-0.0027889447236180143,0.321608040201005,-0.0033919597989949812,-0.0033919597989949812,0.24120603015075381,-0.0037939698492461815,-0.0037939698492461815,0.26881720430107525,0.060763513025907434,0.07917888563049846,0.19946091644204855,0.3266331658291457,0.09856299039054917,0.13130762325819412,0.2727272727272727,0.274247491638796,0.07224415274063245,0.09404726916938555,0.19798657718120805,22.0,-5.0,-5.0,28.0,-3.0,-3.0,39.0,-8.0,-8.0,0.001406881562911624,0.0006673725880967702,0.0005867680828302497,-0.16263303836579102,-0.17108794822389584,-0.17810607671356582,0.9704301075268817,0.7067034888554716,0.2956989247311828
244,1,test,0.4539552456990031,0.13937041416495116,0.22601058907866722,0.8224254126624796,0.25249575033780114,0.40946074255161136,1.5745275290191856,0.20483698844233733,0.3185117176703074,2.8525531207555375,0.37110077776241646,0.5770439560390632,0.5075803371452452,0.058858873892449204,0.13758863111221492,0.8459672285754087,0.09809812315408206,0.22931438518702496,1.6612666227166681,0.09495830070721922,0.21354401546662394,2.76877770452778,0.15826383451203174,0.355906692444373,0.4539552456990031,0.13937041416495116,0.22601058907866722,0.8224254126624796,0.25249575033780114,0.40946074255161136,1.5745275290191856,0.20483698844233733,0.3185117176703074,2.8525531207555375,0.37110077776241646,0.5770439560390632,0.09547738693467334,-0.004522613065326642,-0.004522613065326642,0.07035175879396982,-0.004648241206030135,-0.004648241206030135,0.055276381909547756,-0.004723618090452297,-0.004723618090452297,0.1151079136690647,0.0037973212094596365,0.01582561701834695,0.06859205776173283,0.11557788944723613,0.02785859120162204,0.04045268076610087,0.0505050505050505,0.1151079136690647,0.0037973212094596365,0.01582561701834695,0.06859205776173283,13.0,-4.0,-4.0,15.0,-3.0,-3.0,16.0,-3.0,-3.0,-0.00011851298809797145,0.0007646753599586122,0.0002988014847263896,-0.02366551475520695,-0.018313094465933544,-0.0209447250064958,0.05755395683453238,-0.3812299316160936,0.05755395683453238
62,1,test,0.9235272612279796,0.3812115337922446,0.5286609609647674,4.4531725472910795,1.8381706834913714,2.5491597021862757,2.5181569407661284,0.7981716697332213,1.0339711983542803,12.14234579657092,3.848718188302657,4.985724134530228,1.324625861724915,0.5063480514410778,0.7381175453928335,4.075771882230507,1.557994004434085,2.271130908901026,3.7607780407421214,1.4941850695323349,1.9630775980371424,11.571624740744989,4.597492521637953,6.040238763191208,0.984861596724011,0.38494349144109297,0.5326462906607117,4.282006942278309,1.6736673540917089,2.3158534376552686,2.6774412921299486,0.8554717075330114,1.1056509639933092,11.641049096217168,3.719442206665267,4.807178104318736,0.31155778894472363,-0.003442211055276312,-0.003442211055276312,0.2361809045226131,-0.0038190954773869024,-0.0038190954773869024,0.18592964824120606,-0.004070351758793889,-0.004070351758793889,0.20797720797720798,0.05719484666853092,0.07992246701924122,0.13714285714285712,0.29145728643216084,0.09847483029180992,0.13953741998808744,0.202020202020202,0.2240802675585284,0.06882150295084888,0.10505913296453506,0.1476510067114094,14.0,-5.0,-5.0,21.0,-10.0,-10.0,22.0,-8.0,-8.0,0.0010872725612951053,0.00041031328774020535,0.0005473418130244082,-0.12358245266563861,-0.11632603212859127,-0.12523704919239975,0.03418803418803419,-0.46295097797787177,0.3903133903133903
230,1,test,2.2679896653000124,0.9754996497002797,0.9754996497002797,8.920759350180049,3.8369652888210997,3.8369652888210997,9.65996152502678,6.0181180027652665,6.0181180027652665,37.995848665105335,23.67126414421005,23.67126414421005,3.010938280116095,1.3672358548188255,1.876835097556859,6.4751360862711715,2.9402921609006993,4.036204510874965,20.306444122196556,15.132152602890333,17.198059483230182,43.66977230579904,32.54226366212974,36.985074157484256,3.11355299666858,1.4459126142745888,1.9823924957468726,7.7195528843022645,3.584907308118815,4.915022716727783,22.500847983788702,17.201200094361432,19.401596886078824,55.78722640608769,42.64760353973909,48.10313277540204,0.6884422110552764,-0.0015577889447235815,-0.0015577889447235815,0.507537688442211,-0.0024623115577889765,-0.0024623115577889765,0.4170854271356784,-0.0029145728643216184,-0.0029145728643216184,0.33396226415094343,0.08176285066120736,0.08176285066120736,0.277882797731569,0.4170854271356784,0.11633354743643032,0.17334586119243967,0.38383838383838387,0.3846153846153846,0.10414793887247975,0.15880893300248133,0.37583892617449666,25.0,0.0,0.0,35.0,0.0,0.0,44.0,0.0,0.0,0.002659522228563465,-0.00026615179065091,0.001217917433779499,-0.09386937903656722,-0.07051067300534886,-0.09421544003956672,0.969811320754717,-0.3740739310914884,0.5094339622641509
34,1,test,0.6419288223592287,0.23885270321558316,0.35283219369346536,1.142946439810334,0.42527432523750175,0.6282134180395846,1.9001423840897782,0.40372159049196754,0.5649216411957279,3.3831803424037514,0.718821368436918,1.0058360928606862,0.3805043919477082,-0.012183951603864318,0.04965960601559527,0.6449226982164545,-0.02065076543027855,0.08416882375524615,1.4630223400484865,-0.017934427624343607,0.0708786447965335,2.4796988814381127,-0.030397334956514754,0.120133296265311,0.6419288223592287,0.23885270321558316,0.35283219369346536,1.142946439810334,0.42527432523750175,0.6282134180395846,1.9001423840897782,0.40372159049196754,0.5649216411957279,3.3831803424037514,0.718821368436918,1.0058360928606862,0.10050251256281406,-0.004497487437185921,-0.004497487437185921,0.06030150753768848,-0.0046984924623114654,-0.0046984924623114654,0.04020100502512558,-0.00479899497487446,-0.00479899497487446,0.16151202749140892,0.041649013792778744,0.04178568769665403,0.1448275862068965,0.15577889447236182,0.040778894472361826,0.0492897097801821,0.09090909090909094,0.16151202749140892,0.041649013792778744,0.04178568769665403,0.1448275862068965,13.0,-4.0,-4.0,15.0,-6.0,-6.0,19.0,-10.0,-10.0,-0.001207450945047555,0.00020656744740536913,-0.00016436052976547745,-0.15850696247849427,-0.1710578929332094,-0.16681181542344303,0.9587628865979382,0.4613909861611923,0.003436426116838488
143,1,test,1.3407807593538175,0.53900280093601,0.6357751596352683,5.302178457444641,2.1315110764287666,2.5142017676485606,3.8220264236249237,1.5925250561998894,1.7981684056990233,15.114377220698561,6.297712722245016,7.110938695264318,1.8321803246918036,0.7565538808817327,1.0718887413322302,5.019672122443297,2.0727503585800893,2.9366814831020007,6.247493383681299,3.3156644322001743,4.10859358651254,17.11642022926383,9.084012143014174,11.256420784965862,1.3775218743784745,0.5373853933467037,0.7726856966727653,5.298161055301825,2.0668668974873214,2.9718680641260202,3.9650635170001918,1.6483803784896,2.1341112834807063,15.250244296154584,6.339924532652308,8.20812032107964,0.321608040201005,-0.0033919597989949812,-0.0033919597989949812,0.24623115577889443,-0.0037688442211055717,-0.0037688442211055717,0.1959798994974874,-0.004020100502512558,-0.004020100502512558,0.24423963133640558,0.06472294549060587,0.06339896662477318,0.21939953810623558,0.2562814070351759,0.07081774788730621,0.10936988783651147,0.23737373737373735,0.21739130434782605,0.06547143790375265,0.07389853460366591,0.18120805369127513,18.0,-3.0,-3.0,26.0,-4.0,-4.0,27.0,-2.0,-2.0,-7.884350599125195e-05,0.0007554445205537805,-0.00017791382171033026,-0.17679043899349,-0.18110878116569928,-0.18230403954709118,0.02304147465437788,-0.3501911421904332,0.22811059907834103
97,1,test,0.818597736404289,0.2777711112546257,0.40717054232107536,2.1478059420508573,0.7288053909156023,1.0683187496543067,2.2673182295140606,0.5498922864567619,0.7583483876377637,5.948904265556693,1.442786692188533,1.989725967564429,0.9114204523984653,0.29024872845401584,0.4596246640907616,2.196193861201121,0.6993945263952188,1.107529311062076,2.4878539027632103,0.6267464338251254,0.9167228302829022,5.994828681357133,1.510232370662953,2.2089706753804874,0.818597736404289,0.2777711112546257,0.40717054232107536,2.1478059420508573,0.7288053909156023,1.0683187496543067,2.2673182295140606,0.5498922864567619,0.7583483876377637,5.948904265556693,1.442786692188533,1.989725967564429,0.21105527638190957,-0.0039447236180903955,-0.0039447236180903955,0.1507537688442211,-0.0042462311557789345,-0.0042462311557789345,0.11557788944723613,-0.004422110552763869,-0.004422110552763869,0.21212121212121215,0.040098527811193274,0.0572093733302802,0.19771863117870725,0.22613065326633164,0.04818579111094312,0.06920243957684913,0.21212121212121215,0.21212121212121215,0.040098527811193274,0.0572093733302802,0.19771863117870725,15.0,-6.0,-6.0,21.0,-10.0,-10.0,23.0,-8.0,-8.0,-0.00032203711114604973,4.350527489891555e-05,-2.4027703500701486e-05,-0.23914049660574577,-0.2467067740027904,-0.24421995169367428,0.03787878787878788,-0.3491231509636778,0.003787878787878788
89,1,test,1.5276967009179152,0.6318249567577742,0.6839075914944517,4.459735710754162,1.8444579482990924,1.9965004223751075,4.607552020609275,2.158081850282736,2.2823914264200535,13.450617699915275,6.299990494614198,6.662881803834939,1.5941044222819718,0.566940751178928,0.8444029844206612,3.125694945650925,1.1116485317233877,1.6556921263150217,4.923917346231598,2.130784999193016,2.8075492913268754,9.654739894571762,4.178009802339248,5.504998610444854,1.666237399865207,0.6649129273530536,0.9594017147295288,3.9359938579493075,1.5706604583142996,2.2663032631406193,5.292217789398717,2.570333286082342,3.2646525471940158,12.501301864721379,6.071653431690572,7.711777670537045,0.35678391959798994,-0.0032160804020100464,-0.0032160804020100464,0.27135678391959794,-0.0036432160804020786,-0.0036432160804020786,0.1959798994974874,-0.004020100502512558,-0.004020100502512558,0.29850746268656714,0.06954047653108253,0.07074597686056516,0.29059829059829057,0.2814070351758794,0.04581806274480171,0.06938700178689772,0.2828282828282829,0.2976588628762542,0.06727488958743955,0.10188578167491935,0.30201342281879195,19.0,-9.0,-9.0,28.0,-12.0,-12.0,34.0,-14.0,-14.0,0.00044207984625271396,-0.0001166719654499724,0.00029801207528105033,-0.17417760158312667,-0.15675024469744425,-0.17047965801263576,0.021321961620469083,-0.28552168657418886,0.0021321961620469083
236,1,test,0.7032659990018284,0.1564684256098715,0.25142499426721254,1.6719153938534033,0.37198154012912843,0.5977273448616751,2.020340373602763,0.2926290930785729,0.4491382585830137,4.803073341017889,0.6956842590169838,1.067762652480372,0.5187899272333554,0.05396734557995664,0.17757258834987416,0.988171289968296,0.1027949439618222,0.33823350161880794,1.6799935048271113,0.08826174341051995,0.273334575504002,3.1999876282421167,0.16811760649622842,0.5206372866742894,0.6367564250639728,0.15145056868990048,0.24516818962002868,1.3265758855499434,0.3155220181039595,0.5107670617083931,1.8903394669082128,0.2656676178079129,0.41101101595611245,3.938207222725443,0.553474203766485,0.8562729499085675,0.12562814070351758,-0.004371859296482428,-0.004371859296482428,0.09547738693467334,-0.004522613065326642,-0.004522613065326642,0.07035175879396982,-0.004648241206030135,-0.004648241206030135,0.18567639257294433,0.017464472043143053,0.031228689738144744,0.16489361702127658,0.16080402010050254,0.0354907368924825,0.04227313529248922,0.101010101010101,0.18729096989966554,0.03203220529198603,0.053809323626028194,0.15100671140939592,12.0,-3.0,-3.0,17.0,-7.0,-7.0,18.0,-7.0,-7.0,0.000713923376534831,-0.00047413463500206257,0.0001566471007982226,-0.21361089852770343,-0.24364179910785833,-0.23187257156657015,0.9602122015915119,0.37851352902798857,0.002652519893899204
201,1,test,1.629721627446808,0.7154085048755106,0.9980999321393956,3.045709270966166,1.3369929435378396,1.865301512522805,5.102454137634695,2.607393275439681,3.2217961758096694,9.53573396213697,4.872833334428256,6.021061705611513,0.6991369498340344,0.2679096317696298,0.3953311897817962,1.2265560523404113,0.4700168978414557,0.6935634908452566,2.0120154876238505,0.47287010188056433,0.6570096533599123,3.5298517326734222,0.8295966699659023,1.152648514666513,1.5418526445586833,0.6683824867773308,0.9339485234247563,2.8033684446521514,1.2152408850496925,1.698088224408648,4.673240108835606,2.2780319098169426,2.8366619919105998,8.49680019788292,4.141876199667168,5.157567258019272,0.1306532663316583,-0.004346733668341707,-0.004346733668341707,0.10552763819095479,-0.0044723618090452,-0.0044723618090452,0.07035175879396982,-0.004648241206030135,-0.004648241206030135,0.2697947214076246,0.08385035830367149,0.12121212121212122,0.26764705882352946,0.16080402010050254,0.04802206521328445,0.05062038070150421,0.09090909090909094,0.2575250836120402,0.08223293002272469,0.1173693550247209,0.2516778523489933,14.0,0.0,0.0,16.0,0.0,0.0,19.0,0.0,0.0,-0.0013227817437858813,-0.00016230690452711215,-0.0005391523331792701,-0.06428774704511353,-0.06903919638173495,-0.06721577673561319,0.04105571847507331,0.7055723258626366,0.5102639296187683
253,1,test,2.9907940375019457,1.3571263702263718,1.6450875322929448,5.840512884555686,2.6502373456307446,3.2125765960815054,19.9014787397916,14.778850336856323,16.060579542267316,38.864208482423216,28.86058509178546,31.363584577823907,2.6499934624774264,1.150344205701683,1.6142389387146032,4.774762995454822,2.0726922625255546,2.9085386283145995,14.153946113331116,9.673828689429417,11.336715011627236,25.502605609605613,17.430321962935885,20.426513534463485,2.8837305361888705,1.3280286502787753,1.816940472349507,5.441001011677114,2.5057144344882554,3.428189570470768,17.88085408440795,13.142442902104921,14.974817762984127,33.73746053661877,24.797062079443243,28.254373137705898,0.5728643216080402,-0.0021356783919597166,-0.0021356783919597166,0.48743718592964824,-0.002562814070351749,-0.002562814070351749,0.39698492462311563,-0.0030150753768843908,-0.0030150753768843908,0.44309927360774815,0.13838343322080737,0.1791696548394197,0.4441747572815534,0.4371859296482412,0.15899044092643666,0.22850479442286553,0.38888888888888884,0.4347826086956522,0.1392901212165203,0.2134255452918702,0.4295302013422819,20.0,-6.0,-6.0,33.0,-16.0,-16.0,40.0,-14.0,-14.0,0.000259218584520677,-0.00042808296356760763,0.0001225332574696986,-0.02710452686014264,-0.01997542281127629,-0.0243706199613003,0.026634382566585957,0.3780449634064208,0.34382566585956414
198,1,test,3.150586559674868,1.441393714921495,1.9858397784798434,7.574814494537448,3.46547850608785,4.774465850387708,23.34975659059381,17.825256042661273,20.14464540457949,56.1387764837681,42.85646665576009,48.43287086632942,3.4810231170902526,1.6071489613523338,2.209754227817238,6.893115083347035,3.1824731907967005,4.375750946172749,32.49294916696842,25.979467342327858,28.92757540915216,64.34247359795727,51.444489786787834,57.28232754287555,3.199405285817132,1.4763228827323838,2.0312204308574295,7.440477408877051,3.4333090296101947,4.723768443854487,24.51794469099305,18.9161759017868,21.30179513179972,57.018476025565235,43.991106748341394,49.53905844604587,0.6633165829145728,-0.0016834170854271857,-0.0016834170854271857,0.5276381909547738,-0.002361809045226204,-0.002361809045226204,0.46733668341708545,-0.002663316582914521,-0.002663316582914521,0.42307692307692313,0.14981252130439726,0.2055572380375531,0.35014836795252224,0.4522613065326633,0.17406581781085873,0.2268856804892576,0.3535353535353535,0.4280936454849499,0.14762619974204505,0.21007362323800882,0.3523489932885906,26.0,0.0,0.0,41.0,0.0,0.0,48.0,0.0,0.0,0.001614268726915987,0.00046594688196526657,0.0006664792338471948,0.0003530269377165496,-4.742164639548463e-05,0.0001727988995874341,0.05621301775147929,-0.4324081902608907,0.1804733727810651
167,1,test,1.9071334903309984,0.8138214786127895,1.1162843252867372,3.7396863413753096,1.5958175362742408,2.188915073606954,6.733758722355871,3.7496174881535778,4.5284904542372475,13.204186098027435,7.352601890178246,8.879889103001531,0.9153167689643706,0.2276913248677115,0.37794641456031886,1.5513843541768995,0.38591749977578216,0.6405871433225744,2.497566278095359,0.5085793174894424,0.7860659778709365,4.233163183212473,0.8619988432024446,1.3323152167304007,1.767102689783853,0.7341755429627972,1.037539886458684,3.3133175433447244,1.3765791430552445,1.9453872871100324,5.85386829534547,3.04459131794554,3.7796947077255054,10.976003053772757,5.708608721147889,7.086927576985323,0.2160804020100503,-0.003919597989949675,-0.003919597989949675,0.1758793969849246,-0.004120603015075441,-0.004120603015075441,0.1306532663316583,-0.004346733668341707,-0.004346733668341707,0.34857142857142853,0.10748726309353984,0.15111297304845683,0.36676217765042984,0.2211055276381909,0.02311054016951919,0.05082172129428442,0.16161616161616166,0.33444816053511706,0.1023947381644994,0.1464615086997444,0.3422818791946308,15.0,0.0,0.0,22.0,-2.0,-2.0,24.0,1.0,1.0,-0.0012031266394809386,-0.0006394065373098728,-0.0007688472817215524,-0.10376250522104336,-0.10165141285788781,-0.09389414303141219,0.02857142857142857,-0.60087637023701,0.4714285714285714
39,1,test,3.4875915651363334,1.63177994084715,2.225908775757717,8.550224482269721,4.000492758205917,5.457066676051177,32.707079898849415,26.310191884895083,29.175720875239634,80.18509910685663,64.50240591135568,71.527573758652,3.5806286819840794,1.6239793067927073,2.2525041609234426,7.382739550482638,3.3484109418406334,4.64433847613081,35.896100986732066,28.820521296475746,32.12214222079952,74.01257935408674,59.42375525046546,66.23122107381344,3.4785482455247445,1.6297188148548964,2.2221472102549003,8.553807161126421,4.007505282430074,5.4642964186595915,32.41263271843773,26.060253449998115,28.89987629443573,79.7031952092731,64.08259045081505,71.06526957648131,0.7638190954773869,-0.001180904522613102,-0.001180904522613102,0.5829145728643217,-0.002085427135678275,-0.002085427135678275,0.49246231155778897,-0.002537688442211028,-0.002537688442211028,0.3993399339933993,0.09126744634924777,0.1534562896465277,0.39072847682119205,0.4120603015075377,0.09376456215916673,0.15997349015528395,0.4040404040404041,0.39799331103678925,0.09081467998503634,0.15327695953512077,0.38926174496644295,25.0,0.0,0.0,38.0,0.0,0.0,47.0,0.0,0.0,0.0006844471375132958,0.00023681396475512661,9.439223689070126e-05,0.0004912393671849813,8.815173034548707e-05,-5.432400123339676e-05,0.033003300330033,-0.26128707588304484,0.1188118811881188
9,1,test,2.835313137888355,1.3139778343266986,1.7668869068853739,6.1256765324748415,2.8388410000885465,3.8173482556165483,17.035733999032082,12.457399417267066,14.12493902448847,36.805598146056965,26.914134543478227,30.516843571425703,3.0480257637234844,1.3430737135324944,1.8813106791738519,5.697244418174737,2.5104181561355037,3.5164685592034615,21.07369886620106,15.572576983057347,17.86227283636203,39.390091338693566,29.10762052907915,33.38742586235893,2.8197058064288405,1.2683927857516955,1.7570945796642736,6.174538262252935,2.7775024505511574,3.847652364228336,16.77191575647365,12.054255252993105,13.877997949087485,36.72682282439485,26.396179386116287,30.389776530848504,0.6532663316582914,-0.0017336683417086274,-0.0017336683417086274,0.5125628140703518,-0.0024371859296482556,-0.0024371859296482556,0.4120603015075377,-0.0029396984924623393,-0.0029396984924623393,0.3696275071633238,0.07921262876561286,0.14675360687006866,0.3362068965517241,0.39698492462311563,0.09122051359554673,0.15658425684348287,0.3787878787878788,0.3846153846153846,0.08578399897264666,0.15324719774107975,0.34563758389261745,23.0,0.0,0.0,34.0,-1.0,-1.0,41.0,0.0,0.0,0.0004574099738970581,7.098176424406882e-05,0.00028874356648034445,0.00030958874559949834,-9.003042194333233e-05,0.00014563222364660788,0.9570200573065902,0.3639858527083804,0.2177650429799427
162,1,test,1.4918297545901658,0.6050340040714534,0.6050340040714534,6.2869968229156985,2.549786160015411,2.549786160015411,4.445221747130955,2.01788237110499,2.01788237110499,18.73343450576617,8.503932849656744,8.503932849656744,2.3483273599549053,0.9912140801059619,1.405010974120239,4.744095676676577,2.002452687082752,2.838406008323715,10.468045800604573,6.583083500347697,7.899560402718064,21.14756727394863,13.299158586561003,15.958707884278915,2.127239331155579,0.9238783798301051,1.2885716566684333,5.274147102038626,2.290607553297782,3.194805760334959,8.391668187396771,5.060373740252055,6.078385310467307,20.80578889437216,12.54638117417865,15.070376802811506,0.457286432160804,-0.0027135678391959628,-0.0027135678391959628,0.37688442211055273,-0.003115577889447274,-0.003115577889447274,0.321608040201005,-0.0033919597989949812,-0.0033919597989949812,0.2735849056603774,0.07221638171120826,0.07221638171120826,0.20793950850661624,0.33668341708542715,0.10861324164683062,0.14970511992349056,0.297979797979798,0.3377926421404682,0.09572252527903247,0.14313190799141373,0.28859060402684567,18.0,0.0,0.0,27.0,0.0,0.0,34.0,0.0,0.0,0.003102836935769669,0.00038024607893693,0.0012153709250221783,-0.1274640422632478,-0.10787744726724391,-0.12075452981188128,0.03018867924528302,-0.30395603478119865,0.6566037735849056
241,1,test,2.5112846757700344,1.0921774774828055,1.5005170722186465,5.792696652109546,2.5192893813936714,3.461192713251011,12.32074806433875,8.18731960395414,9.573038707150065,28.41985886840805,18.88541721978755,22.081809284492817,2.3042792682781648,0.948988763799893,1.3404002958823285,4.702610751588091,1.9367117628569246,2.735510807923119,10.016956112098546,6.1390687754449775,7.395109266368958,20.44276757571132,12.528711786622402,15.092059727283587,2.4019940679298752,1.0480139637078756,1.459229604448709,5.4180317321726505,2.3639412715215236,3.2914953483805465,11.045179273488237,7.172370193393389,8.478111088975615,24.913938210875724,16.178278631714413,19.12355884731342,0.4723618090452262,-0.0026381909547738003,-0.0026381909547738003,0.3919597989949749,-0.0030402010050251116,-0.0030402010050251116,0.29648241206030146,-0.0035175879396985854,-0.0035175879396985854,0.3913043478260869,0.12357641729063107,0.16940796463938113,0.40116279069767447,0.35678391959798994,0.0986385561894686,0.13975553896359927,0.35858585858585856,0.38795986622073575,0.127525809459467,0.17550157923519627,0.3926174496644296,22.0,0.0,0.0,29.0,1.0,1.0,37.0,0.0,0.0,-0.0007737897910087884,-0.00031358284679131027,-0.00031769618053149174,-0.0337427121682472,-0.03446324362036268,-0.030512933468016534,0.028985507246376812,-0.5891560459036989,0.3739130434782609
265,1,test,2.4307263943261797,1.0265618385379556,1.2248445986281236,7.078669432125564,2.9895145433098573,3.5669460946535225,11.367136104971632,7.295012817034385,8.027433389451044,33.10294365704576,21.244260298255536,23.377187776036486,3.1530058816645408,1.3891213684451162,1.9348491112315722,5.89346893769073,2.5964885391497496,3.616540394825368,23.406315559758653,17.5712557654012,20.025365440273593,43.75012254160496,32.84346872037608,37.430589607988026,2.8987815057771025,1.2745760264905808,1.7725478328182165,6.847515367977407,3.0108095113950726,4.187120864924921,18.152013764658864,13.07762803411054,15.067994590576195,42.878772672422514,30.89203472624537,35.59368800923511,0.6281407035175879,-0.0018592964824121205,-0.0018592964824121205,0.5226130653266332,-0.002386934673366814,-0.002386934673366814,0.4522613065326633,-0.0027386934673366836,-0.0027386934673366836,0.37441860465116283,0.09799584042352061,0.1212416740548774,0.32167832167832167,0.44221105527638194,0.14647170690545464,0.20514928566035517,0.4242424242424242,0.41137123745819393,0.119217648142668,0.17555366237476788,0.38590604026845643,15.0,0.0,0.0,27.0,0.0,0.0,36.0,0.0,0.0,0.0006591638690358687,0.001236754038053879,0.00033667442260465626,-0.05348524297859836,-0.06246913203208582,-0.06065032361445066,0.044186046511627906,0.2171497228691336,0.641860465116279
64,1,test,0.07892339024184593,-0.1046309359079307,-0.08223181368428596,0.14373465110269953,-0.190553028971397,-0.14975992558396453,1.0821214178346048,-0.11935881759936073,-0.0927458808471846,1.9707509265199756,-0.21737533006506116,-0.16890806114553492,0.10683711843355496,-0.10221395167097232,-0.0582154934475967,0.18743354111149996,-0.17932272222977602,-0.1021324446449065,1.1127529927671023,-0.11975494846528312,-0.06670217766719566,1.952198232924741,-0.21009640081628644,-0.11702136432841348,0.07892339024184593,-0.1046309359079307,-0.08223181368428596,0.14373465110269953,-0.190553028971397,-0.14975992558396453,1.0821214178346048,-0.11935881759936073,-0.0927458808471846,1.9707509265199756,-0.21737533006506116,-0.16890806114553492,0.035175879396984966,-0.00482412060301507,-0.00482412060301507,0.02010050251256279,-0.004899497487437232,-0.004899497487437232,0.01005025125628145,-0.004949748743718563,-0.004949748743718563,0.07664233576642332,0.016533046148937025,0.017176316348947562,0.02930402930402931,0.10050251256281406,0.030327073966322837,0.0270467529634818,0.04040404040404044,0.07664233576642332,0.016533046148937025,0.017176316348947562,0.02930402930402931,13.0,-4.0,-4.0,15.0,-6.0,-6.0,15.0,-6.0,-6.0,6.674242543708929e-05,0.00015569564526166012,7.092339801524928e-05,-0.05439000735869093,-0.042546717794533784,-0.046630436565201716,0.05474452554744526,-0.1204097547941333,0.010948905109489052
116,1,test,2.3673224800212846,1.0135187788554498,1.3667770807346176,4.4432821932707185,1.9022967849286903,2.565335443840359,10.668788113757863,6.796662148767119,7.949023331964531,20.024494613514758,12.756812033070592,14.919705330764195,1.3894812559550023,0.48799097145296366,0.7435822801388559,2.375181634111115,0.8341726007742969,1.2710808207501811,4.012767913533066,1.549496561295892,2.105066677616226,6.859432330825754,2.6487120705912677,3.5984045771217543,2.207597370413347,0.9392735628456128,1.3233896886902206,3.8729778428304336,1.6478483558694963,2.3217362959477557,9.093840992895865,5.538952105128368,6.672775615892753,15.954107005080466,9.71745983355854,11.706623887531148,0.29648241206030146,-0.0035175879396985854,-0.0035175879396985854,0.23115577889447236,-0.003844221105527623,-0.003844221105527623,0.18592964824120606,-0.004070351758793889,-0.004070351758793889,0.34246575342465757,0.07981185465584772,0.1254569557706986,0.35989010989010994,0.27135678391959794,0.06333673379428462,0.10274242665749445,0.202020202020202,0.3377926421404682,0.08737527987001747,0.14535660209597434,0.3489932885906041,18.0,0.0,0.0,24.0,0.0,0.0,29.0,0.0,0.0,-0.0007558607735014765,-0.0011918383810101915,-0.0006961813471211608,-0.07190664521694234,-0.06623494645856987,-0.06537122567397535,0.038356164383561646,-0.3970805006322118,0.42191780821917807
150,1,test,3.281173795242107,1.4590174307402957,2.007740452779772,6.067076074221254,2.6978058153311126,3.712425742875804,26.60698553057674,20.42180394461542,23.033886330496223,49.197822301821134,37.76107144476058,42.59095962997414,3.281173795242107,1.4590174307402957,2.007740452779772,6.067076074221254,2.6978058153311126,3.712425742875804,26.60698553057674,20.42180394461542,23.033886330496223,49.197822301821134,37.76107144476058,42.59095962997414,3.281173795242107,1.4590174307402957,2.007740452779772,6.067076074221254,2.6978058153311126,3.712425742875804,26.60698553057674,20.42180394461542,23.033886330496223,49.197822301821134,37.76107144476058,42.59095962997414,0.6717948717948719,0.0017948717948719217,0.0017948717948719217,0.5846153846153845,-0.00038461538461542766,-0.00038461538461542766,0.4871794871794872,-0.002820512820512766,-0.002820512820512766,0.4666666666666667,0.13674339300937766,0.20261215218625783,0.3917525773195877,0.4666666666666667,0.13674339300937766,0.20261215218625783,0.3917525773195877,0.4666666666666667,0.13674339300937766,0.20261215218625783,0.3917525773195877,20.0,1.0,1.0,31.0,0.0,0.0,38.0,1.0,1.0,0.000630008587654655,0.00019851809485004382,8.122666500038006e-05,-0.01424455077749176,-0.014100296715236382,-0.014028836800857647,0.9435897435897436,-0.5917063579109759,0.17435897435897435
13,1,test,2.5704947422988798,1.1642357393743976,1.4967667920633896,6.279816269160555,2.8442721227754273,3.6566581122561295,13.072290256279514,8.991629183534952,10.146022083003484,31.93610151217653,21.96689154964868,24.787117240755347,3.1450260533406,1.4486342684908462,1.990304784140282,5.46961052754887,2.5193639452014716,3.4613996245917944,23.220280431278635,17.766048629027473,20.047141588551565,40.383096402223714,30.897475876569516,34.8645940670462,2.891682700485102,1.339055492110172,1.8411329058053478,5.982791794107107,2.7704596388486316,3.809240494769685,18.02361244049617,13.299747969923914,15.16438976907545,37.29023263550931,27.51671993777361,31.37459952222507,0.6582914572864322,-0.0017085427135676845,-0.0017085427135676845,0.5226130653266332,-0.002386934673366814,-0.002386934673366814,0.44723618090452266,-0.0027638190954772934,-0.0027638190954772934,0.37142857142857144,0.08867889568278675,0.14171205138947074,0.34114583333333337,0.4321608040201005,0.1464465183058148,0.20177683073128583,0.4191919191919192,0.4147157190635451,0.11087598617539818,0.1877969203983616,0.38926174496644295,21.0,0.0,0.0,34.0,0.0,0.0,42.0,0.0,0.0,0.00019517800733130576,0.0008651044968581783,0.00015639307813268335,-0.030300425919783436,-0.04432228281126527,-0.03657369546791678,0.025974025974025976,-0.668917821471912,0.7974025974025974
129,1,test,1.072671724186653,0.34156935147713396,0.513132826219477,2.2589204544636576,0.7193048695812587,1.080597363450428,2.923179004323084,0.8458096231080456,1.1733135565945894,6.155871079692141,1.7811755592510607,2.4708603132991938,0.7490239679500365,0.2726492729658192,0.4017260182796012,1.31407713675445,0.4783320578347705,0.7047824882098266,2.1149347647866272,0.5047085181509332,0.6996964324334363,3.7104118680467146,0.8854535406156723,1.2275376007604146,0.9065380795056286,0.3129976016159095,0.4643835894982211,1.837577188187085,0.6344545978700868,0.9413180868207186,2.4757368762978236,0.6653501599639917,0.9196807593110421,5.018385560063156,1.3486827566837674,1.8642177553602206,0.1507537688442211,-0.0042462311557789345,-0.0042462311557789345,0.10552763819095479,-0.0044723618090452,-0.0044723618090452,0.09547738693467334,-0.004522613065326642,-0.004522613065326642,0.24369747899159666,0.05348768878180643,0.06090178006686553,0.2275280898876404,0.16582914572864327,0.03550333119230242,0.04062046459341784,0.10606060606060608,0.20735785953177255,0.012032316960820966,0.03716876053288487,0.17449664429530198,15.0,0.0,0.0,20.0,0.0,0.0,21.0,0.0,0.0,0.0011059127069040465,-0.0004985105644960528,0.0004204599993481819,-0.1331613508431797,-0.1391102075395585,-0.14141199927763637,0.03361344537815126,0.38828037616698763,0.0028011204481792717
79,1,test,0.6940235172557515,0.22396126800260674,0.3505452819859595,1.250161567507049,0.4034269198457552,0.6314458059614635,2.0017534415819984,0.4016596468210458,0.5919106042820435,3.605807523909295,0.7235193638100959,1.0662230752630188,0.33757914647439957,0.007224781320932072,0.07361810758064286,0.562631910790666,0.012041302201553417,0.12269684596773811,1.4015505317856012,0.010089405342015967,0.0994730668514241,2.335917552976002,0.016815675570026833,0.16578844475237364,0.6940235172557515,0.22396126800260674,0.3505452819859595,1.250161567507049,0.4034269198457552,0.6314458059614635,2.0017534415819984,0.4016596468210458,0.5919106042820435,3.605807523909295,0.7235193638100959,1.0662230752630188,0.07035175879396982,-0.004648241206030135,-0.004648241206030135,0.055276381909547756,-0.004723618090452297,-0.004723618090452297,0.035175879396984966,-0.00482412060301507,-0.00482412060301507,0.15867158671586712,0.03159976351144722,0.054377108188259804,0.1444444444444445,0.09547738693467334,0.010264354353219707,0.013674381926326085,0.06060606060606055,0.15867158671586712,0.03159976351144722,0.054377108188259804,0.1444444444444445,11.0,-2.0,-2.0,13.0,-1.0,-1.0,14.0,-1.0,-1.0,-0.0009428466388602914,-0.0002834675421143693,7.467482543307215e-05,-0.1445266347004135,-0.142730925215643,-0.1477968822004878,0.03690036900369004,-0.6151234241132508,0.8819188191881919
213,1,test,2.281287727681441,1.0275934604424624,1.0961501357407617,5.901592165088945,2.6583396041881087,2.835692742459796,9.789278221059323,6.286017157180037,6.518141348485258,25.32443713708825,16.261653080530966,16.86214827108143,1.9295754815385093,0.7383923469265128,1.0634619231026656,3.7107220798817484,1.4199852825509858,2.0451190828897414,6.886586138005002,3.5956135695249145,4.508933870900453,13.24343488077885,6.914641479855604,8.671026674808562,2.2872853911641418,0.9907860778337148,1.3763636834028743,5.120788189173452,2.218177786194884,3.0814112314989726,9.848167439896457,6.191693373159396,7.3615540315546975,22.04813605946968,13.862000089162825,16.481091115420966,0.40703517587939697,-0.00296482412060306,-0.00296482412060306,0.29648241206030146,-0.0035175879396985854,-0.0035175879396985854,0.25125628140703515,-0.003743718592964851,-0.003743718592964851,0.3621052631578947,0.10973933255852564,0.11772598652055355,0.3945147679324894,0.3065326633165829,0.06843742522134477,0.11788491707284332,0.35858585858585856,0.3411371237458194,0.08404196514815665,0.14758873664904515,0.3926174496644296,23.0,-6.0,-6.0,29.0,-5.0,-5.0,35.0,-6.0,-6.0,-0.00010468953919618184,-0.0012601585926977773,5.4402200640277543e-05,-0.07978470828859496,-0.06764688707423439,-0.08214194152864529,0.9726315789473684,0.3991415175314419,0.05894736842105263
160,1,test,1.7309207393634145,0.7799853170713242,0.8590354350977903,7.609519476824068,3.4289920542946897,3.776514271278965,5.645849872214325,3.057720350822268,3.254434720824407,24.82043434388562,13.442430976256388,14.307231885888433,2.120039979701797,0.8910991433509292,1.2716689245954427,6.145043419425498,2.5828960676838526,3.685996882885341,8.331470570738315,4.913862758071234,5.9956317722080925,24.14919006011106,14.243080458177493,17.378642817994475,1.8526661301090208,0.8148350300198455,1.136162188212145,6.61666475038936,2.9101251072137337,4.057722100757661,6.376798252613207,3.5537108771023274,4.329534919385926,22.774279473618595,12.691824561079741,15.462624712092595,0.3919597989949749,-0.0030402010050251116,-0.0030402010050251116,0.33668341708542715,-0.0033165829145728187,-0.0033165829145728187,0.2613065326633166,-0.003693467336683409,-0.003693467336683409,0.3032258064516129,0.10021828765462037,0.10674486803519057,0.2801724137931034,0.33668341708542715,0.11613203863931187,0.15805236533250566,0.31313131313131315,0.31438127090301005,0.11070848292304347,0.14752921306096334,0.28523489932885904,18.0,0.0,0.0,29.0,-1.0,-1.0,33.0,0.0,0.0,-0.0005043446753558631,0.0007665231579618343,0.00016855067465987298,-0.10942922526486765,-0.1180477125638415,-0.1256436458107446,0.9720430107526882,-0.4800515143406314,0.18924731182795698
101,1,test,2.1632668726424527,0.8750834021872842,1.139294426580202,5.338831704918873,2.15966096052631,2.8117202194447293,8.699511482458652,5.073318000744569,5.915278441910847,21.46994820991398,12.520688655683713,14.598603847023565,2.462165262225147,1.022588294264711,1.4359634271154602,4.517734426101187,1.8763087968159837,2.634795279110936,11.730182984263253,7.511272279220147,8.939735880861257,21.52327153075826,13.782150971046141,16.403185102497716,2.1396529950043046,0.8954257282465092,1.2540671152135179,4.754784433342899,1.9898349516589096,2.786815811585595,8.49648879322824,5.026236609452274,6.072084408222191,18.881086207173865,11.169414687671722,13.493520907160423,0.4723618090452262,-0.0026381909547738003,-0.0026381909547738003,0.4170854271356784,-0.0029145728643216184,-0.0029145728643216184,0.3417085427135679,-0.003291457286432098,-0.003291457286432098,0.33854166666666663,0.08366520372778496,0.12251038611925702,0.3368146214099217,0.37688442211055273,0.11623279303787104,0.17655053229419215,0.3939393939393939,0.34448160535117056,0.0990725903261288,0.14759617709755546,0.3355704697986577,21.0,0.0,0.0,29.0,0.0,0.0,37.0,0.0,0.0,-0.0007179894913428043,0.0005067414740571321,-0.00015732582315635364,-0.06977249033710287,-0.07562269227759089,-0.06963642535034165,0.026041666666666668,-0.584990634411181,0.0026041666666666665
252,1,test,2.200500737443445,0.9805257156195057,1.0960013662212036,6.340192749758925,2.8251397181287006,3.1578539364248424,9.029533793266621,5.642430664360208,6.011820456825914,26.016344241849453,16.25725335168785,17.321557691229668,3.5047909340531045,1.6121357957991458,2.2217489150341976,5.7930428662034785,2.664687265783712,3.672312256254872,33.274486563122174,26.637519189935517,29.666889132780497,54.99915134400359,44.02895733873639,49.03618038476115,2.774719067891658,1.2884598904413207,1.758789126288864,5.903657591258846,2.7414040222155758,3.7421045240188593,16.034121863206675,11.613593724041483,13.272191225503164,34.11515290043974,24.709773880939327,28.23870473511312,0.7537688442211055,-0.0012311557788945438,-0.0012311557788945438,0.6180904522613065,-0.0019095477386934512,-0.0019095477386934512,0.48743718592964824,-0.002562814070351749,-0.002562814070351749,0.33913043478260874,0.07854411556436769,0.10159377789111312,0.23093681917211328,0.40703517587939697,0.06618304555358245,0.15160946636353723,0.3737373737373737,0.3846153846153846,0.09747014254526776,0.16659536236844352,0.2818791946308725,23.0,0.0,0.0,35.0,0.0,0.0,43.0,0.0,0.0,0.0020509427570501947,0.0020180935911457212,0.0006842285275031628,-0.09861632905658979,-0.1159426638703902,-0.11764362495482406,0.043478260869565216,0.3187517401862548,0.44130434782608696
248,1,test,1.34944478770808,0.552905768128661,0.5645924104973186,3.3770025340634366,1.3836536307943377,1.4128996001390186,3.8552844350634734,1.6374327463202212,1.6632011196701693,9.64789773196789,4.097696018429499,4.162181696461027,0.26414035126990487,-0.042730667688883006,-0.01914333519778383,0.4675050464954069,-0.07562950033430615,-0.03388200919961737,1.3023109644723965,-0.0568546856927461,-0.02517073252681068,2.304975158358224,-0.10062776228804626,-0.044549969074000995,1.0136930376335183,0.3475251555705079,0.5366535663972449,1.9619865244519705,0.6726293333622733,1.0386843220591837,2.75575936893825,0.8089965853909877,1.1444623262528977,5.333727810848226,1.5657998426922344,2.2150883733927054,0.0653266331658291,-0.004673366834170856,-0.004673366834170856,0.045226130653266305,-0.004773869346733739,-0.004773869346733739,0.035175879396984966,-0.00482412060301507,-0.00482412060301507,0.2655935613682092,0.08468903875514389,0.08670793086967554,0.2963709677419355,0.1306532663316583,0.025390108436921466,0.033825219587084066,0.101010101010101,0.21404682274247488,0.06045750721659837,0.08167752352111779,0.24496644295302017,14.0,-5.0,-5.0,15.0,-6.0,-6.0,17.0,-7.0,-7.0,-0.0009437540563719418,-0.0010332080323708986,-0.0012014437348892841,-0.10156711727205314,-0.09587058852435604,-0.10843850255055276,0.02012072434607646,-0.4981828554792319,0.3380281690140845
202,1,test,1.038703820154637,0.4172640493145633,0.45103518881519455,2.83714529162238,1.1397269461277786,1.2319704014495028,2.8255522159114337,0.9639458160284187,1.025764663786015,7.717794052603802,2.6329491432090517,2.801802910226944,0.5266395008625392,0.09961164886638435,0.1918540598008754,1.003122858785789,0.1897364740312084,0.36543630438261987,1.6932326303067087,0.16053728055217809,0.2955921535139845,3.2252050101080165,0.30578529628986306,0.5630326733599706,1.00811473318443,0.34168057874879754,0.5240674261762123,2.057377006498837,0.6973073035689745,1.0695253595432903,2.740429700719799,0.7931484790074121,1.117801295187877,5.5927136749383655,1.6186703653212495,2.2812271330364844,0.12060301507537685,-0.0043969849246231485,-0.0043969849246231485,0.09045226130653261,-0.0045477386934673625,-0.0045477386934673625,0.06030150753768848,-0.0046984924623114654,-0.0046984924623114654,0.24528301886792447,0.05365998221870982,0.060532285730094615,0.2542016806722689,0.17085427135678388,0.025490862835480632,0.01893440491271048,0.13131313131313127,0.22073578595317722,0.030418590627634634,0.06500719863393367,0.23825503355704702,13.0,-3.0,-3.0,18.0,-6.0,-6.0,18.0,-4.0,-4.0,0.00013901435076423466,-0.0006301347493611745,-0.0004032556060570863,-0.17532841105717978,-0.17172300468386403,-0.1790889541505134,0.020964360587002098,0.21523132544912144,0.23060796645702306
246,1,test,0.8367545881932384,0.2558724049605302,0.2558724049605302,2.149879362734113,0.6574147434381941,0.6574147434381941,2.3088615976565228,0.5212468585557006,0.5212468585557006,5.9321741048699765,1.339243166289151,1.339243166289151,0.14089226162206683,-0.025840992010018438,-0.006807442887910242,0.25385993085057085,-0.04656034596399716,-0.012265662861099536,1.1513006020432324,-0.030138476646402124,-0.007864150102025791,2.074415499176995,-0.054303561525049115,-0.014169639823470082,0.3186793664528712,-0.013594670388515862,0.024303784388025107,0.718825638615499,-0.03066467004928386,0.054820566288778516,1.375310283588867,-0.018824556889475375,0.03302233530364518,3.1022036471929333,-0.042461406517613653,0.07448647060972613,0.04020100502512558,-0.00479899497487446,-0.00479899497487446,0.025125628140703515,-0.004874371859296511,-0.004874371859296511,0.02010050251256279,-0.004899497487437232,-0.004899497487437232,0.2142857142857143,0.02171484429548942,0.02171484429548942,0.2707930367504836,0.07537688442211055,-0.002317351166861936,-0.003087222422630709,0.06060606060606055,0.117056856187291,-0.0031434777025253213,-0.011975401877225123,0.12751677852348997,11.0,0.0,0.0,13.0,-2.0,-2.0,14.0,-3.0,-3.0,-0.0017721282165591796,-0.00026634198765461555,-0.000998878847075264,-0.18501697355220514,-0.20084811464846775,-0.1897026540100195,0.019305019305019305,-0.3551664945542026,0.6138996138996139
190,1,test,1.2975972880538484,0.5248898508775903,0.7435784395386477,2.627433018046923,1.0628204433918909,1.50563087757515,3.660490987674464,1.4948693795167198,1.9202582727112614,7.411925850819101,3.026878370946898,3.8882248254898832,0.69706592307718,0.1974107771261533,0.3021418491547345,1.315218722787132,0.3724731643889685,0.5700789606693104,2.007852861656499,0.3597000611369445,0.5235813699263274,3.7884016257669786,0.6786793606357442,0.9878893772194854,1.2559057990938505,0.46866763054035254,0.6824027389865839,2.446569738494514,0.9129888906630246,1.3293559850388,3.511017210639609,1.3136977982160558,1.736544951176213,6.839643916830408,2.559151554966342,3.382879775018597,0.12562814070351758,-0.004371859296482428,-0.004371859296482428,0.10050251256281406,-0.004497487437185921,-0.004497487437185921,0.10050251256281406,-0.004497487437185921,-0.004497487437185921,0.2676923076923077,0.09104100200874388,0.10904338241083378,0.27469135802469136,0.1507537688442211,0.020427954307880247,0.033892333118010765,0.13131313131313127,0.25083612040133785,0.09056900854824934,0.10400630950033674,0.25838926174496646,14.0,-4.0,-4.0,18.0,-4.0,-4.0,21.0,-4.0,-4.0,-0.0019808249488790005,3.6850846365347694e-05,-0.0007626854040907625,-0.11141778450810058,-0.10854896180812634,-0.11492402810530988,0.03076923076923077,-0.5463704217391353,0.4153846153846154
155,1,test,0.8678726475800014,0.3338019968779098,0.4838065616136997,1.545236665203417,0.5943303846850589,0.8614116828731727,2.381838450251384,0.6759762866976062,0.9135959815531829,4.24083431386222,1.2035675348518358,1.6266465037410334,0.8780933086239581,0.30613035150830537,0.4529831545325463,1.4513938985519967,0.5060005810054633,0.748732486830655,2.406307244333721,0.6345657515349425,0.8765483247471244,3.97736734600615,1.0488690108015577,1.4488402061935939,0.8678726475800014,0.3338019968779098,0.4838065616136997,1.545236665203417,0.5943303846850589,0.8614116828731727,2.381838450251384,0.6759762866976062,0.9135959815531829,4.24083431386222,1.2035675348518358,1.6266465037410334,0.1959798994974874,-0.009020100502512562,-0.009020100502512562,0.15577889447236182,-0.009221105527638218,-0.009221105527638218,0.12060301507537685,-0.009396984924623153,-0.009396984924623153,0.20642201834862384,0.04852728150651853,0.07380006712911169,0.18894009216589858,0.20603015075376885,0.050641679575823995,0.07748257145493742,0.18686868686868685,0.20642201834862384,0.04852728150651853,0.07380006712911169,0.18894009216589858,17.0,0.0,0.0,22.0,-2.0,-2.0,25.0,-2.0,-2.0,-0.0002148960982955358,0.00035164858841342126,0.00014433247240881722,-0.0739860428429111,-0.07643758300290804,-0.07762821427092348,0.05045871559633028,-0.49586508747050345,0.5642201834862385
65,1,test,2.181544902504113,0.845559564254432,1.070957308738023,7.88107662976711,3.054679146540786,3.8689538811166413,8.859983501695273,5.056241428623515,5.823841613249279,32.007688145764,18.266241557459722,21.039283665882525,2.8429574968449147,1.2072254165717602,1.690972508437229,6.6115290624300345,2.8075009687715355,3.9324942056679744,17.16646028755113,12.033245740632108,14.001992175504876,39.922000668723555,27.984292420074674,32.56277250117413,2.4247565306733003,0.9921167694006994,1.39489652899984,7.274269592019901,2.9763503082020977,4.18468958699952,11.299478008048375,7.10973347571148,8.498804290430174,33.898434024145125,21.329200427134438,25.49641287129052,0.5276381909547738,-0.002361809045226204,-0.002361809045226204,0.42713567839195976,-0.002864321608040288,-0.002864321608040288,0.3417085427135679,-0.003291457286432098,-0.003291457286432098,0.3325,0.07407303370786522,0.09985092864125122,0.25313283208020054,0.35678391959798994,0.0986385561894686,0.13307774263638728,0.28787878787878785,0.3511705685618729,0.09073651180060416,0.12981350515809087,0.2785234899328859,21.0,0.0,0.0,35.0,0.0,0.0,40.0,0.0,0.0,0.0010587390711879249,0.001653186450125232,0.0003411712318120937,-0.05765312162024383,-0.06458182568589876,-0.06069797261346288,0.03,-0.498464456572758,0.3975
72,1,test,1.6016559795857204,0.5871545939347049,0.8086940592368924,3.255257558509356,1.1933520395645894,1.6436160339084949,4.961241339999734,2.203253457853134,2.751308954315035,10.083387804540001,4.477963784609614,5.591849550391639,1.2675840348272494,0.44756413002210393,0.6746857967759029,2.243511566065928,0.7921489026939892,1.1941341535856689,3.552260050363889,1.281715018524844,1.7430356632151411,6.287185929847592,2.26852215668114,3.0850188729471526,1.2583626176187916,0.4702875595784315,0.6680796202485805,2.5167252352375833,0.940575119156863,1.336159240497161,3.5196537476219736,1.3204946519844878,1.7151547360013812,7.039307495243947,2.6409893039689756,3.4303094720027625,0.24120603015075381,-0.0037939698492461815,-0.0037939698492461815,0.2160804020100503,-0.003919597989949675,-0.003919597989949675,0.17085427135678388,-0.004145728643216162,-0.004145728643216162,0.2746666666666666,0.06960674656014199,0.09187096774193548,0.22994652406417115,0.2211055276381909,0.0632107907960856,0.0725245593577235,0.1262626262626263,0.21739130434782605,0.04209915075851056,0.052763940610339954,0.15436241610738255,14.0,-1.0,-1.0,18.0,-1.0,-1.0,26.0,-6.0,-6.0,0.0011663888551064088,-0.0009083425494895002,0.000440434015855081,-0.11345680192738294,-0.1078104885648612,-0.11793346951743722,0.034666666666666665,0.2327840033218886,0.0026666666666666666
215,1,test,1.0598790225862278,0.36812937936029866,0.481705368538885,1.9570789393801509,0.6797551795629699,0.8894745642322668,2.886021824691429,0.8888149471583917,1.1032423411122962,5.329072857686034,1.6412071349854958,2.0371498112631707,0.543172227950519,-0.05623541132982168,-0.029466698031312855,0.8621781396039984,-0.08926255766638369,-0.046772536557639466,1.7214590703678148,-0.09958069803842351,-0.051480469394618034,2.7324747148695474,-0.15806460006098932,-0.08171503078510778,0.551348671962501,0.14345748893752086,0.2371838585146422,0.9787254531878716,0.2546582643861317,0.42103643523309264,1.735592184646276,0.23194865431938783,0.36647681806876053,3.0809328721531526,0.4117431733480257,0.6505505646191012,0.12060301507537685,-0.0043969849246231485,-0.0043969849246231485,0.09547738693467334,-0.004522613065326642,-0.004522613065326642,0.07035175879396982,-0.004648241206030135,-0.004648241206030135,0.22979797979797978,0.022988395939215645,0.041137178233952354,0.23037974683544304,0.16582914572864327,0.03049079986398162,0.055645506329644934,0.06565656565656564,0.16387959866220736,0.020306977627148948,0.011488052499804668,0.09731543624161076,15.0,-6.0,-6.0,17.0,-8.0,-8.0,22.0,-10.0,-10.0,0.0001715750929791379,-0.0013894486087356237,1.2988014108721783e-05,-0.11211070269815737,-0.1004914853201404,-0.10867499823804039,0.025252525252525252,-0.698330970679446,0.76010101010101
63,1,test,0.31445510277025707,-0.024441859081421602,0.024336085897225024,0.5706006500599367,-0.04435145290271203,0.04415952010489843,1.3695128638413785,-0.033885870314323885,0.03292630892961368,2.485076322467137,-0.061488267987581224,0.05974707713055727,0.37815747983724585,0.01575805913650391,0.04949210637647555,0.6693052740482228,0.02789037015310425,0.08759664845393911,1.4595927812115002,0.02282007708473044,0.07047983746243713,2.5833500552415933,0.04038951696412463,0.1247430751547558,0.31445510277025707,-0.024441859081421602,0.024336085897225024,0.5706006500599367,-0.04435145290271203,0.04415952010489843,1.3695128638413785,-0.033885870314323885,0.03292630892961368,2.485076322467137,-0.061488267987581224,0.05974707713055727,0.10050251256281406,-0.004497487437185921,-0.004497487437185921,0.0653266331658291,-0.004673366834170856,-0.004673366834170856,0.03015075376884424,-0.0048492462311557905,-0.0048492462311557905,0.17216117216117222,0.0441904226182106,0.0552305996885778,0.125,0.18090452261306533,0.033034848427601626,0.04901804515062791,0.1262626262626263,0.17216117216117222,0.0441904226182106,0.0552305996885778,0.125,12.0,-1.0,-1.0,13.0,-2.0,-2.0,15.0,-2.0,-2.0,0.00010941419827445974,0.0003410620107185247,0.00015631033426780278,-0.21143137585695237,-0.21619438717514772,-0.21163395293024534,0.03663003663003663,0.45569594046073075,0.06593406593406594
127,1,test,0.8378632720993022,0.3297980362300419,0.44051672035926737,1.8925852734478357,0.7449555641902124,0.9950495330468158,2.3114228148789806,0.6493504507610071,0.8235513497174283,5.221096240667816,1.4667680770130986,1.8602571664205443,0.25949366028126614,-0.04338326056075653,0.013021670492827625,0.5088110985907179,-0.08506521678579704,0.025532687240838514,1.2962735656758253,-0.05747427036865793,0.016770222119504963,2.5417128738741672,-0.11269464778168237,0.03288278846961745,0.46452930209598975,0.14949528310749655,0.24114671292356604,1.0478104558556158,0.3372074055056312,0.5439399539629308,1.5912650074781292,0.2209590808924966,0.3409661744405801,3.5893195657401407,0.49840394186277415,0.7690966340764964,0.0653266331658291,-0.004673366834170856,-0.004673366834170856,0.045226130653266305,-0.004773869346733739,-0.004773869346733739,0.025125628140703515,-0.004874371859296511,-0.004874371859296511,0.21148825065274146,0.052426972947395956,0.07170330441618233,0.25916230366492143,0.12562814070351758,0.030390045465422344,0.04883348294057932,0.08080808080808077,0.16722408026755853,0.04368484821413621,0.06711284556233055,0.16778523489932884,12.0,-3.0,-3.0,15.0,-6.0,-6.0,18.0,-7.0,-7.0,-6.900135670632241e-05,-0.001148134066969061,-5.620392031649646e-05,-0.17203912276654787,-0.16927828846317983,-0.17059128680499214,0.02610966057441253,-0.36640897654837845,0.6919060052219321
159,1,test,0.5649006429939666,0.20881117370868757,0.30703159418204357,1.0232162590079394,0.37822401275535866,0.5561326988957771,1.7592729779420353,0.33153769693719504,0.46510364342655564,3.1866076581591583,0.6005211114334101,0.8424518824330067,0.3158301440431666,-0.05392784534100331,-0.011369429537366138,0.5220332959391184,-0.08913693444793935,-0.018792445516307654,1.3713972958419154,-0.07598699406862042,-0.01568097789439693,2.2667723898213477,-0.12559833730350478,-0.02591897172627622,0.5649006429939666,0.20881117370868757,0.30703159418204357,1.0232162590079394,0.37822401275535866,0.5561326988957771,1.7592729779420353,0.33153769693719504,0.46510364342655564,3.1866076581591583,0.6005211114334101,0.8424518824330067,0.0653266331658291,-0.004673366834170856,-0.004673366834170856,0.06030150753768848,-0.0046984924623114654,-0.0046984924623114654,0.05025125628140703,-0.004748743718593018,-0.004748743718593018,0.14634146341463417,0.028080593849416746,0.03046660825820313,0.1398601398601399,0.10050251256281406,0.017795745645520777,0.022038405718072807,0.06060606060606055,0.14634146341463417,0.028080593849416746,0.03046660825820313,0.1398601398601399,13.0,-4.0,-4.0,16.0,-7.0,-7.0,16.0,-6.0,-6.0,-0.0011519477430317069,0.00034263129947419125,-4.493210957157973e-05,-0.07701475180330752,-0.07471456304224589,-0.08052723930269678,0.9616724738675958,0.7852420648634826,0.9303135888501742
124,1,test,1.2307745531079413,0.48486084178964783,0.6226091479829792,2.679912333380195,1.0557453813161688,1.3556812093177775,3.4238804867784247,1.3155134928486962,1.5868224386967467,7.455223640565925,2.8644245408802256,3.455177890710658,0.8756357399526984,0.28407833434028495,0.4088389456533248,1.5777220539688257,0.5118528546671799,0.7366467489249093,2.400400839706821,0.5936006936918965,0.8055235573759003,4.325046558030308,1.0695507994448588,1.4513937970736945,0.9713531279835509,0.3301829267039528,0.4969096759865403,1.8679867845837517,0.6349671667383707,0.9555955307433467,2.641516351890032,0.742814909233745,1.0343968425031074,5.079839138250061,1.428490210064894,1.9892246971213599,0.17085427135678388,-0.004145728643216162,-0.004145728643216162,0.14070351758793975,-0.004296482412060265,-0.004296482412060265,0.11055276381909551,-0.004447236180904479,-0.004447236180904479,0.23019801980198018,0.05714486776242522,0.06597514590168696,0.22580645161290325,0.1758793969849246,0.038034785456102504,0.05901796125871428,0.10606060606060608,0.2006688963210702,0.03205453905896671,0.05717612657691007,0.16442953020134232,12.0,-1.0,-1.0,20.0,-9.0,-9.0,20.0,-8.0,-8.0,0.0008188838276187621,-4.34558616741394e-05,0.00017896668833783489,-0.10168725469545858,-0.12846257350485368,-0.11379855936189642,0.9678217821782178,-0.4984748717553923,0.0024752475247524753
58,1,test,2.691261751106622,1.1665937657190906,1.5001222652948547,7.78834840092977,3.37605165533858,4.341262919262382,14.75027536030195,10.156657192564843,11.459446435691099,42.6864029366314,29.392750360301292,33.16294347298485,2.7481500420062135,1.1830014718756965,1.628156005398081,7.4274325459627395,3.1973012753397203,4.40042163621103,15.613720423029914,10.830334871708393,12.548884496609046,42.19924438656734,29.271175328941602,33.91590404488932,2.672547393443302,1.1372900053721127,1.580749707919554,7.7841186216795215,3.3124951612779983,4.604125362872487,14.476800367475438,9.834280061941664,11.497174676646347,42.165437963520695,28.643534160995138,33.4869165339214,0.507537688442211,-0.0024623115577889765,-0.0024623115577889765,0.4120603015075377,-0.0029396984924623393,-0.0029396984924623393,0.371859296482412,-0.003140703517587995,-0.003140703517587995,0.36745406824146987,0.11712641424409109,0.15435533901370835,0.31842105263157894,0.37688442211055273,0.13127038702283345,0.17154218504878316,0.28787878787878785,0.36789297658862874,0.112467267072769,0.16655816012589242,0.30536912751677847,22.0,-1.0,-1.0,33.0,-4.0,-4.0,38.0,-1.0,-1.0,0.001632114291697973,-8.563889840184448e-05,0.000525317463077776,-0.09121582737138745,-0.08445214571391535,-0.08852674754136114,0.968503937007874,-0.4993197001618094,0.08661417322834646
228,1,test,3.8051285805258748,1.6382227392186501,1.8483947108017513,6.502794365227055,2.799649308067693,3.1588237968179183,44.93102699668743,36.199800594743834,37.85484943337309,76.7851133003091,61.86383832982341,64.6922426883764,3.4965413995856425,1.625839115376106,2.2303099813437295,6.08094156449677,2.8275462876106197,3.878799967554313,33.00111667682537,26.50826204903204,29.45365822422857,57.39324639447891,46.10132530266442,51.223753433441,3.7018152272317444,1.6819534992577245,2.3057086175048274,6.101893231700678,2.7724508229522935,3.8006186002826827,40.520792086674895,32.98350942041417,36.481349900436335,66.792514428585,54.36842212156183,60.134093242477476,0.6432160804020101,-0.001783919597989958,-0.001783919597989958,0.5678391959798995,-0.0021608040201005485,-0.0021608040201005485,0.4974874371859297,-0.002512562814070307,-0.002512562814070307,0.4551422319474836,0.11525152156496998,0.1335391038927426,0.41885964912280704,0.4773869346733668,0.17914132063827903,0.2536807577117641,0.33333333333333337,0.4682274247491639,0.1476932010429869,0.22907280850889689,0.40604026845637586,23.0,0.0,0.0,38.0,0.0,0.0,45.0,0.0,0.0,-0.000389619408116422,-3.292891516343489e-05,-0.00041994608011046105,-0.005772342596872093,-0.008222955872208892,-0.006898499351356335,0.9715536105032823,0.4985458576712875,0.002188183807439825
133,1,test,1.3145784938790808,0.5656376783516811,0.5890461119182364,3.2730321684336294,1.4083223828347977,1.4666046051841803,3.723181310748978,1.6084224006002907,1.6573506925350046,9.269961630844394,4.0046435280252135,4.12646498957695,0.7386847621305731,0.22346077319953084,0.34684612042154256,1.380719181552473,0.41768368822342217,0.6483105054608272,2.093180672767029,0.4191672524833028,0.6134817423194323,3.9124872388168765,0.7834901915575752,1.1466948454568828,1.2784053907598452,0.5028907820760585,0.7341403059917277,2.573970585422507,1.012531775992064,1.4781348442786464,3.590909060929092,1.4191996407283547,1.8675676539051302,7.2300182434813935,2.8574489410638018,3.7602033300103295,0.16582914572864327,-0.004170854271356772,-0.004170854271356772,0.12562814070351758,-0.004371859296482428,-0.004371859296482428,0.09547738693467334,-0.004522613065326642,-0.004522613065326642,0.2607802874743327,0.07821618491023008,0.08189465697579901,0.25308641975308643,0.18090452261306533,0.02551605143512048,0.04734859606882491,0.13636363636363635,0.24080267558528423,0.07051886924137774,0.09174817057972251,0.23154362416107388,14.0,-2.0,-2.0,16.0,-1.0,-1.0,20.0,-3.0,-3.0,0.0003108051488552018,-0.0005518486534763603,-0.0006163532962219549,-0.14338757627252186,-0.13733824051932952,-0.146750141110763,0.9753593429158111,0.242405090225968,0.21765913757700206
234,1,test,2.750188691733229,1.1681655043026358,1.410220241788559,7.490645515641821,3.1817139393506,3.840994605924101,15.645583798002772,10.780795558122849,11.826660781769608,42.6136295550865,29.363482638571444,32.2120892345567,3.282565188437382,1.3736814783924014,1.9011275979619136,7.1360112792117,2.9862640834617418,4.132886082525898,26.644032076369857,19.898477477071896,22.66341205878777,57.9218088616736,43.25755973276499,49.26828708432123,3.094575807456874,1.2950239121084093,1.8027068597132414,7.3100215924178125,3.0591116034056913,4.25836266073994,22.077871282560068,16.0309340860289,18.438288890017002,52.15245184856709,37.868348234713935,43.55501312602442,0.6281407035175879,-0.0018592964824121205,-0.0018592964824121205,0.5326633165829145,-0.0023366834170853723,-0.0023366834170853723,0.42211055276381915,-0.0028894472361808976,-0.0028894472361808976,0.38014527845036317,0.09719485523391813,0.125013313640979,0.3398058252427184,0.40201005025125625,0.07619551391040413,0.1399065444081845,0.3939393939393939,0.3913043478260869,0.084125716774334,0.14547564927213807,0.37248322147651003,20.0,0.0,0.0,30.0,0.0,0.0,36.0,0.0,0.0,0.0007414281126997257,0.001223140114030762,0.000355111262858337,-0.040013846503942574,-0.04578390320242409,-0.04652676684282575,0.04600484261501211,0.356201943725716,0.7772397094430993
47,1,test,0.627369392088631,0.17745853362762481,0.2256239850330256,1.7614602162488486,0.498248959800639,0.6334827272081105,1.8726778129517054,0.30450542299248706,0.3782470002532572,5.257903090210558,0.8549575337865987,1.0620011930187605,0.37996488173646253,0.06935828291068813,0.1392353982666888,0.6846214085341666,0.124969879118357,0.2508745914715113,1.4622332374403477,0.0979808203397694,0.19005639355039716,2.6346544818745,0.17654201863021513,0.342443952343058,0.6654589032921061,0.1948034531216718,0.3235929977716855,1.3134057301817883,0.38448049958224695,0.6386703903388529,1.945383059217164,0.344339805767369,0.5378115219313939,3.8395718274022967,0.6796180376987544,1.0614701090751195,0.09045226130653261,-0.0045477386934673625,-0.0045477386934673625,0.06030150753768848,-0.0046984924623114654,-0.0046984924623114654,0.035175879396984966,-0.00482412060301507,-0.00482412060301507,0.20823798627002288,0.045952271984308624,0.05965538607451948,0.18577981651376152,0.13567839195979903,0.007858843087618528,0.022155854397194696,0.07070707070707072,0.20401337792642138,0.052093511482347976,0.07164407870506428,0.18120805369127513,12.0,-1.0,-1.0,12.0,0.0,0.0,15.0,-1.0,-1.0,0.0005785834565044758,-0.00024485912207253583,6.515960000219278e-05,-0.21303112117078848,-0.20211811331319307,-0.2226619689235929,0.02288329519450801,0.2866417525547761,0.002288329519450801
19,1,test,1.3276881104396858,0.5307265044839153,0.7345668901968453,2.6776279769202604,1.0703478665848798,1.4814449573243642,3.7723121295749937,1.5535230088642717,1.9626842726258764,7.607847367466887,3.1330827162011285,3.958262695072298,1.0786474698614201,0.35332822553239196,0.5248402061172691,1.8923639822130178,0.6198740798813893,0.9207722914338055,2.940699475417124,0.8753091165292681,1.200834928243768,5.159121886696709,1.5356300289987161,2.1067279442873126,1.1447729926812036,0.4718956229981979,0.669234353591561,2.2156896632539422,0.9133463670932862,1.295292297273989,3.1417280806148002,1.1818595991785326,1.5328475105154205,6.080764026996387,2.2874701919584495,2.966801633255652,0.26633165829145733,-0.0036683417085426884,-0.0036683417085426884,0.20100502512562812,-0.003994974874371837,-0.003994974874371837,0.12562814070351758,-0.004371859296482428,-0.004371859296482428,0.2694444444444445,0.08081753737093544,0.10522157054415127,0.21169916434540392,0.2562814070351759,0.08084281054394782,0.10936988783651147,0.1262626262626263,0.24749163879598657,0.07386893428847408,0.11067295136550825,0.16442953020134232,15.0,-6.0,-6.0,22.0,-12.0,-12.0,28.0,-16.0,-16.0,0.001952313800289809,-0.0008636118362155459,0.00035222461588453493,-0.05931679357827191,-0.058196759382994845,-0.058296428629083685,0.041666666666666664,-0.2563925544089007,0.002777777777777778
92,1,test,1.3556849181161181,0.46627240990629437,0.6255337516650764,5.614303845676533,1.9309759584162842,2.5905256454825447,3.879417129971019,1.4457176772032114,1.8040228160154737,16.06584702737998,5.987156902330691,7.471007531542343,1.8359164141233186,0.7093031312443201,1.0133269419547115,4.533126948452638,1.751365756158815,2.5020418319869417,6.270878234431221,3.1856881138388586,3.9944913819195245,15.48364996155857,7.865896577379898,9.862941683751913,1.4592397341240033,0.5384968277318646,0.7848163547623438,5.090371165548849,1.878477306041388,2.7377314701011994,4.302687098368427,1.7915318479390923,2.339786297897656,15.009373598959629,6.249529702113113,8.162045225224382,0.4321608040201005,-0.002839195979899567,-0.002839195979899567,0.321608040201005,-0.0033919597989949812,-0.0033919597989949812,0.24623115577889443,-0.0037688442211055717,-0.0037688442211055717,0.2868421052631579,0.04768310394909747,0.06690075628955083,0.2058047493403694,0.3417085427135679,0.09108197629752779,0.1246801620791772,0.23232323232323238,0.29096989966555187,0.0706026208675552,0.1007585537256186,0.20134228187919467,19.0,-1.0,-1.0,24.0,-1.0,-1.0,36.0,-2.0,-2.0,0.0012050499524698592,0.0004121420300872986,0.00047775805376427016,-0.14753051723448696,-0.15783897745276843,-0.15650890384549143,0.02631578947368421,-0.6510788134367674,0.3394736842105263
85,1,test,2.4602483300320643,1.0335585947490185,1.2580963592008947,6.026880524457247,2.5319127705686015,3.0819638621844403,11.707718557140778,7.5428290961723405,8.380449146417922,28.68044664293658,18.477699679380763,20.529620985899523,2.985865561835773,1.3231344239612153,1.8237872255717138,5.428846476065042,2.405698952656755,3.3159767737667525,19.803636091705492,14.529941711448243,16.607066167377205,36.00661107582816,26.4180758389968,30.194665758867643,2.6657914362078743,1.1716969850813366,1.609779220300812,5.712410220445445,2.5107792537457216,3.4495269006445977,14.379325362523119,9.924025129049062,11.504441677904111,30.81284006254954,21.26576813367656,24.652375024080243,0.5829145728643217,-0.002085427135678275,-0.002085427135678275,0.5025125628140703,-0.0024874371859296973,-0.0024874371859296973,0.4170854271356784,-0.0029145728643216184,-0.0029145728643216184,0.35835351089588374,0.08628579626468669,0.10908664872579577,0.33252427184466016,0.4170854271356784,0.13638367274971352,0.19337925017407576,0.40909090909090906,0.3846153846153846,0.11416463336329774,0.1721570976298451,0.3557046979865772,18.0,0.0,0.0,32.0,0.0,0.0,40.0,1.0,1.0,-0.00033294454012810056,0.0007523763310920223,0.00013183203605303474,-0.03959999655941626,-0.0415375061861214,-0.041548613274343005,0.9685230024213075,0.33054871797999086,0.5472154963680388
3,1,test,1.845669378229857,0.812708290261615,1.1225346709079989,5.825393975037986,2.5651105411382225,3.543000055053372,6.332337100661531,3.522964771560061,4.271453738803658,19.986438973962958,11.119357560236443,13.481775863099045,2.093372806594309,0.8923621747190271,1.2578019555255266,5.105787333156852,2.176493109070798,3.067809647623236,8.11223005751752,4.788756022672679,5.8060999280602665,19.78592696955493,11.679892738226046,14.161219336732358,1.8529494519597907,0.8239161545069023,1.1296259805101188,5.790467037374346,2.5747379828340695,3.5300811890941213,6.378605194857147,3.5802458492393834,4.317332775430046,19.933141233928584,11.188268278873073,13.491664923218895,0.46733668341708545,-0.0076633165829145256,-0.0076633165829145256,0.3417085427135679,-0.008291457286432102,-0.008291457286432102,0.2814070351758794,-0.003592964824120637,-0.003592964824120637,0.3178807947019867,0.08647583602430076,0.11633894448172244,0.2724252491694352,0.33668341708542715,0.07603178801274546,0.13134118002365758,0.29292929292929293,0.3177257525083612,0.08734177921954656,0.1163909360456249,0.27181208053691275,16.0,0.0,0.0,25.0,0.0,0.0,32.0,0.0,0.0,0.0013432186437448864,0.0003089194441539783,0.0001903879588681664,-0.074951258072117,-0.07003024425809645,-0.07248939255009201,0.033112582781456956,-0.7998312805966612,0.4337748344370861
7,1,test,3.3985694110391997,1.5967838352596573,1.775340191570597,7.799716798334963,3.664618901920913,4.0744057396545195,29.921264384068003,23.86080516593762,24.851830155039785,68.66930176143606,54.76054785582683,57.034950205816294,3.9162320611055415,1.8076435899750387,2.4946057125479095,6.931384178947861,3.1993691857965287,4.415231349642318,50.210896309668755,41.97428944264804,46.067041995227584,88.8688430259624,74.29077777459831,81.53458760217272,3.693606686276496,1.759268080256369,2.392005758832352,7.013177252423727,3.3403824308665233,4.5417830863905415,40.18953692606819,33.270070877644514,36.51436127605656,76.30924732797759,63.17102065375541,69.33106571403145,0.728643216080402,-0.001356783919598037,-0.001356783919598037,0.6130653266331658,-0.001934673366834172,-0.001934673366834172,0.5175879396984925,-0.002412060301507535,-0.002412060301507535,0.4192139737991266,0.1302281504621582,0.15137428660460073,0.3632385120350109,0.4371859296482412,0.11387765897154944,0.20179360911401756,0.3939393939393939,0.4280936454849499,0.12091501443319697,0.19783780566292541,0.37583892617449666,27.0,0.0,0.0,37.0,0.0,0.0,48.0,0.0,0.0,0.0014213759068049843,0.00047993005783460933,0.00039114516630586044,-0.00012084424902880642,0.0002508963727789748,-0.0001235648379465104,0.9694323144104804,-0.21290619763928192,0.8078602620087336
220,1,test,3.5122259380040326,1.6522184981263182,2.254176582468381,7.003165658201979,3.2944235508094457,4.494691488679377,33.52280448063098,27.099019917208015,30.004253134394627,66.84244044925813,54.03380335006931,59.82666231039898,3.597825709084545,1.6330631261627286,2.251368086716728,6.098009676414484,2.767903603665642,3.8158781130792,36.51874568216696,29.385526841038338,32.67496043560534,61.89617912231688,49.80597769667515,55.38128887390736,3.5297169202539984,1.651487981062132,2.2580104044967007,6.966546553132891,3.2595157520963123,4.456599482559277,34.11430917778785,27.572400699232603,30.54737477652425,67.33087337721287,54.419211906380134,60.290871269455764,0.7638190954773869,-0.001180904522613102,-0.001180904522613102,0.5879396984924623,-0.002060301507537776,-0.002060301507537776,0.48743718592964824,-0.002562814070351749,-0.002562814070351749,0.44512195121951215,0.12548724802316513,0.1956290506109929,0.4067278287461774,0.42713567839195976,0.10633367337942845,0.16169327438528192,0.38383838383838387,0.44147157190635455,0.12594569544558665,0.19453052630012546,0.40268456375838924,26.0,-5.0,-5.0,38.0,-6.0,-6.0,46.0,-6.0,-6.0,0.0005579931916623672,0.00020712283536086188,0.00010498459559379814,0.00039251620327895864,-8.686395899459853e-06,-0.0001419379254530284,0.03048780487804878,-0.5546587796494115,0.01524390243902439
165,1,test,2.5543242514054496,1.185144716041017,1.2393000981919882,6.671134082128063,3.0952449764688263,3.236682703256735,12.86260483295714,8.930481629358333,9.13776388191381,33.593292409478494,23.323757872419904,23.865117372445113,3.0298094247114276,1.3518133090623017,1.8808613098076181,5.223809352950737,2.3307126018315545,3.242864327254514,20.693288584143033,15.33847380102174,17.538415983907697,35.67808376576385,26.445644484520244,30.23864824811672,2.6492569917891067,1.2196402560564652,1.6778638103078691,5.801292682749868,2.670745086255033,3.674154329141319,14.143525984425326,9.966428031717896,11.501903828447306,30.97122478341312,21.824294959966196,25.18665071922768,0.6231155778894473,-0.0018844221105527303,-0.0018844221105527303,0.4773869346733668,-0.0026130653266331905,-0.0026130653266331905,0.40703517587939697,-0.00296482412060306,-0.00296482412060306,0.3693877551020408,0.11046828517339657,0.11621082450575537,0.35582822085889576,0.40703517587939697,0.13886474981423402,0.1900067952450063,0.43939393939393945,0.4046822742474916,0.13256207391360175,0.19556102841879308,0.38926174496644295,23.0,-11.0,-11.0,34.0,-13.0,-13.0,40.0,-12.0,-12.0,0.0011630949719071582,3.557257885887896e-05,0.0002866993950868953,-0.060063398337202756,-0.04750981790673503,-0.049809945161247704,0.9775510204081632,-0.40093102113654117,0.0020408163265306124
113,1,test,2.2923779310162065,1.0195368645128153,1.0195368645128153,7.710725767963603,3.429351271543106,3.429351271543106,9.898447543105137,6.327463977198276,6.327463977198276,33.294778099535456,21.283287923303288,21.283287923303288,2.7770198077986006,1.1988575434731101,1.697541679342771,5.3922714714535935,2.3278787251905055,3.296197435617031,16.07105467735814,11.225012798378799,13.127911469835162,31.205931412345905,21.79614135607534,25.491090232689633,2.5261239043559978,1.1495086279977842,1.5911136130188996,6.263117118238011,2.850021391730043,3.944909784344379,12.5049417271661,8.543471299910502,9.957702055059848,31.003987753304383,21.18216024771199,24.68851749188392,0.6180904522613065,-0.0019095477386934512,-0.0019095477386934512,0.46733668341708545,-0.002663316582914521,-0.002663316582914521,0.33668341708542715,-0.0033165829145728187,-0.0033165829145728187,0.3288201160541586,0.06391298017928082,0.06391298017928082,0.28682170542635654,0.3517587939698492,0.05351317993476146,0.11636647343562556,0.3232323232323232,0.3411371237458194,0.07235582157553555,0.12756648970799955,0.30536912751677847,24.0,1.0,1.0,35.0,0.0,0.0,43.0,1.0,1.0,0.0006261573197265599,0.0006583836350332277,0.0005412633818673756,-0.02813661191043515,-0.027889171125043077,-0.024679452001539204,0.03288201160541586,-0.2847226456803401,0.40038684719535783
247,1,test,2.552756455180131,1.1466715775497995,1.3882318636910813,9.086082298098772,4.081373411617931,4.941164260595374,12.842454689439135,8.762504101145742,9.638055567027322,45.71043194546133,31.188573919332306,34.30494354365657,3.137011570738975,1.4345409590361158,1.98015816635634,6.535440772372865,2.988626997991908,4.1253295132423755,23.03492565122745,17.547437540972208,19.85501402986137,47.98942844005719,36.5571615436921,41.364612562211185,2.9773889744691675,1.391161921799325,1.9019332077074675,8.270524929081022,3.8643386716647923,5.283147799187411,19.63647830488104,14.751196104079803,16.705149706611067,54.545773069114006,40.975544733555004,46.40319362947518,0.6884422110552764,-0.0015577889447235815,-0.0015577889447235815,0.5276381909547738,-0.002361809045226204,-0.002361809045226204,0.38190954773869346,-0.0030904522613065533,-0.0030904522613065533,0.36038186157517904,0.09578114643811109,0.11600258493783788,0.29186602870813394,0.371859296482412,0.0711074167831639,0.13145862870277925,0.33838383838383834,0.36454849498327757,0.08908939648578174,0.14541612568405626,0.3355704697986577,19.0,0.0,0.0,31.0,0.0,0.0,40.0,0.0,0.0,0.0011460108935521169,0.0016494396601587423,0.00024428671171117326,-0.02874428893049963,-0.034980951403201566,-0.03161940228347504,0.02386634844868735,-0.31889124212565084,0.6181384248210023
21,1,test,1.7911475938549855,0.7191456974048953,0.8359684561767904,3.747377915254209,1.5045721042480298,1.7489846963330082,5.996329870706953,3.0751082371361083,3.397193726274254,12.54531687235464,6.433636588293979,7.107492865108348,0.8393167847169747,0.2924124448279659,0.45060780279930623,1.3012663328945344,0.4533526276402573,0.6986167485260563,2.3147849399588663,0.5868891879058233,0.8397097246555076,3.588813860401343,0.9099057176834471,1.3018755421015622,1.1834500786187083,0.4359328773247041,0.6568202129444166,2.057276590156941,0.7578135483725963,1.1417979283161663,3.2656214405150017,1.1538709893004242,1.5724051247448358,5.676865178569684,2.0058571267489933,2.7334251877831743,0.1507537688442211,-0.0042462311557789345,-0.0042462311557789345,0.12060301507537685,-0.0043969849246231485,-0.0043969849246231485,0.11055276381909551,-0.004447236180904479,-0.004447236180904479,0.28918322295805743,0.08080395063170687,0.09954490428748064,0.28539823008849563,0.16582914572864327,0.03049079986398162,0.053976057247841935,0.08585858585858586,0.21812080536912748,0.04894157588839043,0.07972794822627038,0.18181818181818177,16.0,0.0,0.0,19.0,0.0,0.0,20.0,0.0,0.0,-0.0007356909708122619,-0.0005052949510461275,-0.000975244217683172,-0.09550574020299285,-0.10499853920287272,-0.09841028339861335,0.04415011037527594,-0.42269340649258835,0.8830022075055187
91,1,test,1.8729076856759919,0.8075556889437194,0.9781546744508708,3.9955363961087826,1.7227854697466016,2.0867299721618577,6.507189780484059,3.60532953085066,4.060458380848281,13.882004865032659,7.691369665814741,8.662311212476332,1.0533178932195577,0.33639243167177524,0.5239879682835937,1.7267506446222258,0.5514630027406151,0.8589966693173668,2.867148245847228,0.8190217689911918,1.1693539680785392,4.700243025979063,1.3426586376904788,1.91697371816154,1.4663179047737869,0.5967903210620027,0.8476025644202815,2.801881346701504,1.1403636708191136,1.6196227345610477,4.33325029004395,1.9474667857753554,2.476708804754033,8.280096095625384,3.7212741129465394,4.732564595071402,0.1959798994974874,-0.004020100502512558,-0.004020100502512558,0.16080402010050254,-0.004195979899497493,-0.004195979899497493,0.12562814070351758,-0.004371859296482428,-0.004371859296482428,0.31084337349397595,0.09423687529903013,0.1172949863972017,0.3623188405797102,0.1959798994974874,0.02555383433458014,0.04572948213521699,0.202020202020202,0.29096989966555187,0.0856276626037823,0.12189314771894455,0.3120805369127517,16.0,1.0,1.0,21.0,1.0,1.0,24.0,0.0,0.0,-0.0005720479617724742,-0.0020182225047648277,-7.439240062783775e-05,-0.06718881404267041,-0.05576409445591324,-0.06362573527268722,0.04096385542168675,-0.25300464207938733,0.3301204819277108
2,1,test,1.113692623852681,0.43399069555839287,0.5035300129701769,2.482260176547269,0.9673026448266666,1.1222957503016877,3.0455838515605564,1.0722943887550305,1.204853154271037,6.7881669925329815,2.389989483394297,2.6854438463354455,0.4138307642497532,0.09521817813574929,0.167594045689442,0.7161071485713121,0.16476884738273134,0.2900105660191214,1.512601119036961,0.1373826760682717,0.23339877039456236,2.6174575885943936,0.23773176119640071,0.40388135050885143,0.9927301809747353,0.3629215962120803,0.5544292429900191,1.909096501874491,0.697926146561693,1.0662100826731136,2.6985920687188116,0.821340858333703,1.148520756145364,5.18960013215156,1.579501650641736,2.2086937618180076,0.12121212121212122,-0.008787878787878789,-0.008787878787878789,0.07070707070707072,-0.009292929292929242,-0.009292929292929242,0.0505050505050505,-0.004494949494949552,-0.004494949494949552,0.2527964205816555,0.06285228650344321,0.07684334140276994,0.2533632286995515,0.1515151515151515,0.005419433631020487,0.008897701850721917,0.09644670050761417,0.2341137123745819,0.057152109703463405,0.09507033083954297,0.22483221476510062,14.0,-1.0,-1.0,16.0,-2.0,-2.0,18.0,-3.0,-3.0,0.0005470985521660416,-0.0008596216302722666,-0.00010117911144988226,-0.17079897915310704,-0.1737145058330638,-0.18591757294171884,0.024608501118568233,0.44583683633066207,0.28635346756152125
173,1,test,1.9584929943054994,0.8611829703609171,0.9934132535339631,5.849190486348639,2.571989408124886,2.966905354514185,7.088636396314999,4.092540647749358,4.463639428902381,21.170759707115263,12.222688511734656,13.331003663500397,2.2817635939027467,0.9787270742983418,1.3926331847659186,4.346216369338565,1.864242046282556,2.652634637649369,9.793937716455993,6.1134822241502995,7.360924711220102,18.655119459916175,11.64472804600057,14.020808973752576,2.383349935105716,1.097120158226827,1.507630969426685,5.035246341772639,2.3178594892116067,3.1851358509014474,10.841159281766465,7.222043355025907,8.440558658642827,22.903857637534788,15.257838073998396,17.832166180231326,0.40201005025125625,-0.002989949748743781,-0.002989949748743781,0.36180904522613067,-0.0031909547738693256,-0.0031909547738693256,0.29648241206030146,-0.0035175879396985854,-0.0035175879396985854,0.32657657657657657,0.11622787016487801,0.13791577501254915,0.3002257336343115,0.33668341708542715,0.11613203863931187,0.17474685615053565,0.3484848484848485,0.35451505016722407,0.1174532805511973,0.1787642159069348,0.3657718120805369,22.0,0.0,0.0,30.0,0.0,0.0,31.0,0.0,0.0,0.0006314284695637896,-0.0002431518631760196,0.0007558277163763537,-0.10221827618086277,-0.1016285607495444,-0.11292682021576361,0.02252252252252252,-0.5952264517123013,0.8806306306306306
266,1,test,3.5305862880595167,1.615825360998247,1.87875528695082,9.196437337161017,4.208886419366691,4.893763771398842,34.14397995543518,27.358663537897804,28.927457408719825,88.93791185996588,71.2635846645841,75.34996390894086,3.6807412232258288,1.641730423522631,2.2668950535361083,8.461474076381215,3.7740929276382316,5.211252996634731,39.67579179447072,31.992786387037427,35.564052316217946,91.2087167688982,73.54663537249984,81.75644210624816,3.5423831408033553,1.6477441778916289,2.244957512020636,9.161335708974194,4.261407356616281,5.805924600053368,34.54915666516601,27.899009643718465,30.88929398077788,89.3512672374983,72.15261114754776,79.88610512270142,0.6834170854271358,-0.0015829145728643024,-0.0015829145728643024,0.5678391959798995,-0.0021608040201005485,-0.0021608040201005485,0.4974874371859297,-0.002512562814070307,-0.002512562814070307,0.4124423963133641,0.10289118802797859,0.13482753805334458,0.37644341801385683,0.4371859296482412,0.12891525295651185,0.20012416003221445,0.3939393939393939,0.4280936454849499,0.11924556535139397,0.19450076450608444,0.3791946308724832,22.0,0.0,0.0,32.0,1.0,1.0,42.0,0.0,0.0,0.0005225450048818324,0.00044953179234408404,0.00013996065894760862,-0.004693701200128686,-0.0031880431708248835,-0.0042482705999100645,0.9700460829493087,-0.34541095321026793,0.027649769585253458
121,1,test,3.248597304281451,1.4774533192020658,2.0308508541278254,6.0552085807695075,2.753892581369837,3.7853954695988046,25.754189277912126,19.876615904817154,22.374626146250463,48.004407225496074,37.048930325985715,41.705085469881816,3.4438453039341463,1.5151008195567872,2.120192102313198,5.8370259388714345,2.5679674907742154,3.5935459361240643,31.30711236790273,24.426246586299275,27.549990507522075,53.0629023184792,41.400417942880125,46.69489916529166,3.248597304281451,1.4774533192020658,2.0308508541278254,6.0552085807695075,2.753892581369837,3.7853954695988046,25.754189277912126,19.876615904817154,22.374626146250463,48.004407225496074,37.048930325985715,41.705085469881816,0.7336683417085428,-0.001331658291457205,-0.001331658291457205,0.5979899497487438,-0.0020100502512562235,-0.0020100502512562235,0.48743718592964824,-0.002562814070351749,-0.002562814070351749,0.43223443223443225,0.10133863698763157,0.17157669776427387,0.375,0.4371859296482412,0.10385259631490784,0.17675187288697247,0.38383838383838387,0.43223443223443225,0.10133863698763157,0.17157669776427387,0.375,22.0,-9.0,-9.0,35.0,-13.0,-13.0,45.0,-14.0,-14.0,0.00044993643325021767,0.0003606538106911916,0.00019123378576138263,-0.00020410455418851114,0.00020435748183800229,5.0812707827141423e-05,0.03663003663003663,-0.8055533565008623,0.05860805860805861
29,1,test,1.8754826553356234,0.804340368842968,0.8565302589619996,5.626447966006871,2.4130211065289044,2.5695907768859994,6.523967188125921,3.6052555867802587,3.7536761118305737,19.571901564377765,10.815766760340777,11.261028335491723,1.9254464308611918,0.7828082768558222,1.1333290199916881,3.929482511961616,1.5975679119506574,2.3129163673299757,6.858209699040685,3.723181546863561,4.650142834368399,13.996346324572828,7.598329687476656,9.490087417078367,2.015463952836347,0.901390582166419,1.2554693185672514,4.87612246653955,2.180783666531659,3.0374257707272214,7.5042081723451615,4.457464503642132,5.365943425232359,18.15534235244797,10.784188315263222,12.982121190078288,0.40201005025125625,-0.002989949748743781,-0.002989949748743781,0.321608040201005,-0.0033919597989949812,-0.0033919597989949812,0.2814070351758794,-0.003592964824120637,-0.003592964824120637,0.3132780082987552,0.08944381140756352,0.0992017619644443,0.2931392931392931,0.321608040201005,0.09855039609072924,0.13963809028447738,0.2828282828282829,0.3210702341137124,0.10070295531571571,0.14531939985342313,0.2953020134228188,19.0,-5.0,-5.0,31.0,-6.0,-6.0,37.0,-4.0,-4.0,0.0005385830654377946,-1.7237884772408046e-05,-5.626846773038246e-06,-0.09558089796381886,-0.10351140068202103,-0.10645405351818571,0.026970954356846474,0.2608593923333594,0.026970954356846474
90,1,test,0.7933610654286077,0.25158237755725643,0.3208503361132306,1.9423667463941776,0.6159430622953521,0.7855301332427371,2.2108146453861877,0.4917528265066169,0.6067982526292506,5.412684131807563,1.2039465752403382,1.4856095150578201,0.09756104949983936,-0.03137236920001464,-0.015954333896374503,0.1806686101848877,-0.05809698000002711,-0.02954506277106389,1.102478745284859,-0.03513563251491614,-0.017730376095730582,2.0416273060830723,-0.06506598613873349,-0.032834029806908305,0.704123878667565,0.20431875984520148,0.33520298600769904,1.4669247472240938,0.42566408301083647,0.6983395541827064,2.02207432618213,0.37367432891874075,0.5759011299474923,4.2126548462127715,0.7784881852473768,1.1997940207239428,0.025125628140703515,-0.004874371859296511,-0.004874371859296511,0.02010050251256279,-0.004899497487437232,-0.004899497487437232,0.015075376884422065,-0.004924623115577953,-0.004924623115577953,0.19058823529411761,0.030776249395175204,0.04298315220516358,0.2193396226415094,0.045226130653266305,0.0001133486983790899,-0.009865689046232862,0.030303030303030276,0.14715719063545152,0.02027906041842309,0.03814717951198099,0.17449664429530198,11.0,0.0,0.0,12.0,-1.0,-1.0,13.0,-2.0,-2.0,0.00017833852072596422,-0.0010460845684071105,-3.932519560953335e-05,-0.1138769622010658,-0.12027734516376976,-0.12457597339914894,0.9741176470588235,-0.3781898797823773,0.37411764705882355
207,1,test,1.1862967533947124,0.42904256106829386,0.6256430775625362,2.0955022943176673,0.7578708013031177,1.1051505457673998,3.2749308468371643,1.1425178682437114,1.523113600131795,5.784914342588276,2.0181702490144393,2.6904634396488643,1.0465044366699165,0.2818665063077467,0.47023818840803744,1.7888964729400283,0.4818230877055498,0.8038259630906622,2.8476794560463454,0.6994630261624661,1.0682972153780197,4.867828129993753,1.195663292585412,1.8261490861162728,1.1862967533947124,0.42904256106829386,0.6256430775625362,2.0955022943176673,0.7578708013031177,1.1051505457673998,3.2749308468371643,1.1425178682437114,1.523113600131795,5.784914342588276,2.0181702490144393,2.6904634396488643,0.20100502512562812,-0.003994974874371837,-0.003994974874371837,0.1507537688442211,-0.0042462311557789345,-0.0042462311557789345,0.11557788944723613,-0.004422110552763869,-0.004422110552763869,0.2365145228215768,0.05431990584435109,0.07927314351123194,0.21666666666666667,0.20100502512562812,0.035591491291041666,0.04908515868155472,0.16161616161616166,0.2365145228215768,0.05431990584435109,0.07927314351123194,0.21666666666666667,16.0,-4.0,-4.0,21.0,-4.0,-4.0,23.0,-3.0,-3.0,0.0003804023700513923,-0.0002490479523142585,-0.0004796223603791256,-0.053612737203662775,-0.048449546635996654,-0.04522660567121006,0.950207468879668,0.6207984993629713,0.6639004149377593
42,1,test,2.4390634449841078,1.1562038200618963,1.5699484533251364,5.651069530984306,2.678810259157492,3.6374157827040134,11.462300639073682,7.8553611532021375,9.077501287078016,26.55702049475522,18.20009731974298,21.031675517244135,2.9947757876405596,1.4038042621563347,1.9186513159520422,5.0332366178832935,2.3593348943803942,3.2246240604236003,19.980879427468242,15.07236406710932,17.047589979780717,33.5813099621315,25.331704314469444,28.651411730723893,2.5045824631313516,1.1737945183784064,1.60533198716465,5.484487145543105,2.5703529599527144,3.5153255193386497,12.238447895633705,8.454424080715187,9.780687625407886,26.79952093934388,18.513337403025957,21.417564143228947,0.6331658291457287,-0.0018341708542712887,-0.0018341708542712887,0.5025125628140703,-0.0024874371859296973,-0.0024874371859296973,0.3869346733668342,-0.0030653266331658324,-0.0030653266331658324,0.3719512195121951,0.11472138693989675,0.1782392519665562,0.345565749235474,0.3869346733668342,0.09119532499590688,0.1732451908960495,0.4191919191919192,0.37792642140468224,0.1124840173980044,0.17770395199422617,0.3523489932885906,12.0,0.0,0.0,23.0,0.0,0.0,32.0,0.0,0.0,0.0014244066279170086,-9.267076164324989e-05,0.0007670267384762774,-0.02461326373260153,-0.020572448940763266,-0.025017991699612274,0.9664634146341463,0.2854834720544684,0.46646341463414637
73,1,test,0.682263398408315,0.26715239459409656,0.26715239459409656,3.4176932854846434,1.3382587243218298,1.3382587243218298,1.9783504638250993,0.46381161287442607,0.46381161287442607,9.910241575796759,2.3233927523429188,2.3233927523429188,0.5198338253311322,0.02414831860629213,0.13471013010919114,1.823978334495201,0.08473094247821811,0.4726671231901445,1.6817481625336579,0.040124965362529075,0.21195204557946878,5.900870745732133,0.14078935214922428,0.7436913879981359,0.5040990612307052,0.09361638949235496,0.19270702660088757,1.822044799629055,0.3383724921410418,0.696531421448991,1.655493350243239,0.14794809121924257,0.29016897952825094,5.983710904493635,0.5347521369370218,1.0488035404635578,0.1507537688442211,-0.0042462311557789345,-0.0042462311557789345,0.11055276381909551,-0.004447236180904479,-0.004447236180904479,0.055276381909547756,-0.004723618090452297,-0.004723618090452297,0.20186915887850465,0.05230904157645189,0.05230904157645189,0.18913857677902624,0.18090452261306533,0.04305991108424323,0.05736529055964301,0.13636363636363635,0.18729096989966554,0.04872669611001612,0.05937105888742977,0.1476510067114094,12.0,0.0,0.0,18.0,0.0,0.0,22.0,0.0,0.0,-0.0006401006289980225,9.865911099312313e-05,-3.717233797868775e-05,-0.2920226763402063,-0.2731573715881379,-0.2869264840024064,0.018691588785046728,-0.47947504294954285,0.001869158878504673
232,1,test,2.1313250137672073,0.8758731597345002,0.9817786522959542,6.1941633212609455,2.5455063704783907,2.8532942082351163,8.426024015906908,4.916600252493546,5.269263459292356,24.48813229622945,14.288869483809366,15.313796928568408,3.0434009852233523,1.315771824517066,1.8546303521939105,6.026536604402678,2.605488761419933,3.672535350879031,20.97646269794845,15.3491660332527,17.693420036694985,41.53754989692762,30.394388184658816,35.03647532018809,2.6001447217019926,1.1258626995703231,1.575900431149489,6.190820765957126,2.6806254751674365,3.75214388368926,13.465686671086862,9.097788078755864,10.680696649241469,32.061158740683005,21.661400187513962,25.430230117241592,0.5778894472361809,-0.002110552763819218,-0.002110552763819218,0.4773869346733668,-0.0026130653266331905,-0.0026130653266331905,0.39698492462311563,-0.0030150753768843908,-0.0030150753768843908,0.3362068965517241,0.09078170817712772,0.1035578251929753,0.25269978401727866,0.39698492462311563,0.12129570156547154,0.18663434031593695,0.303030303030303,0.36789297658862874,0.104120021663754,0.16544581307361206,0.2919463087248322,26.0,0.0,0.0,38.0,-2.0,-2.0,43.0,-2.0,-2.0,0.00030032955792526963,0.0014443414305195742,0.0008033799172122007,-0.08613118160591693,-0.0963404259491476,-0.1029611940293984,0.02586206896551724,-0.5854252278473228,0.25862068965517243
181,1,test,3.1522291073218445,1.3603272715692973,1.6232766430486758,8.518998916622959,3.676327499747404,4.386956497353067,23.38814119397913,17.38728693402461,18.774799543943537,63.20719170777904,46.98969316980069,50.73948990673348,3.526315953753346,1.5857780247272402,2.189045435075221,7.750144953304057,3.4852264279719565,4.811088868297189,33.99848462443532,27.035989332666283,30.18985091385129,74.72194422952818,59.41975677509073,66.35132068978307,3.079213175600446,1.362334006690393,1.885346862967048,8.103192567369595,3.5850894912905087,4.9614391130711795,21.741289087763644,16.174161826310836,18.44147439682932,57.21391865200959,42.56358375344957,48.5301957811298,0.6381909547738693,-0.0018090452261306789,-0.0018090452261306789,0.5376884422110553,-0.0023115577889447625,-0.0023115577889447625,0.44723618090452266,-0.0027638190954772934,-0.0027638190954772934,0.392018779342723,0.1153482048995812,0.1437294342791844,0.35529411764705887,0.40201005025125625,0.10627070188032894,0.1682871787988356,0.36363636363636365,0.3913043478260869,0.11417580024678808,0.1799584078928277,0.33221476510067116,27.0,0.0,0.0,37.0,1.0,1.0,47.0,0.0,0.0,0.00015532716512028875,0.0009307809263789301,-7.149921924682167e-05,-0.05962016552838012,-0.07286215184082767,-0.06735815493203656,0.9741784037558685,1.0467287073890927,0.06807511737089202
192,1,test,1.2593167857787508,0.4732165328478156,0.6758948674088062,2.40912776409848,0.9052838019697342,1.293016268086412,3.523013691883034,1.328193221484406,1.730853114648542,6.739678367080588,2.540891380231038,3.3111972628059068,1.0647224050327515,0.33862183413305447,0.5339075435398971,1.8844644336862861,0.5993306798815126,0.9449691036104375,2.9000338375143455,0.8330291036653885,1.1997165701804064,5.13280325223778,1.4743877940980328,2.1233921596113388,1.148214649261599,0.4392112174548404,0.6185595881213729,2.194040731073119,0.8392571034168925,1.1819609964102666,3.1525594579863943,1.1205942006414369,1.4542130760809557,6.023998964305212,2.1412628037734467,2.7787511007916352,0.25125628140703515,-0.003743718592964851,-0.003743718592964851,0.19095477386934678,-0.004045226130653168,-0.004045226130653168,0.16582914572864327,-0.004170854271356772,-0.004170854271356772,0.24104234527687296,0.05567649161833632,0.06661114267665624,0.16013071895424835,0.24120603015075381,0.04321104268208209,0.05923608023422622,0.11111111111111116,0.22742474916387956,0.03543810475653397,0.06057269132183285,0.14429530201342278,20.0,-11.0,-11.0,26.0,-13.0,-13.0,30.0,-14.0,-14.0,0.0009568780635830246,0.0005773778283575976,-0.00039833872916170517,-0.1335090093662057,-0.1311665681546912,-0.12139139170510349,0.9641693811074918,-0.9271326300704233,0.003257328990228013
10,1,test,2.346498346493149,1.0215208351172254,1.1872391470227435,6.128501563782106,2.6679720634826354,3.100789301635871,10.448917102572674,6.686816352993585,7.261346055638463,27.290112903189808,17.4643909454656,18.964927345314575,2.9261029308219264,1.3055886330592075,1.8135348226041332,5.001885351832353,2.2317754411268504,3.1000595258190313,18.6547896501819,13.599099872182105,15.612628680377064,31.888529316550258,23.24632456783266,26.688254154490707,2.889978349195886,1.3083583488512083,1.8096529259751633,5.897914998358951,2.67011907928818,3.6931692366840063,17.99292003614599,13.13009282070367,15.047282062038862,36.72024497172651,26.796107797354427,30.70873890212013,0.5778894472361809,-0.002110552763819218,-0.002110552763819218,0.4623115577889447,-0.002688442211055242,-0.002688442211055242,0.42211055276381915,-0.0028894472361808976,-0.0028894472361808976,0.34537246049661396,0.09847279871532877,0.12152104309680944,0.30995475113122173,0.42211055276381915,0.15143386103449585,0.20341272304762548,0.3737373737373737,0.42140468227424754,0.1593011764311758,0.21117108939326867,0.3825503355704698,18.0,0.0,0.0,30.0,0.0,0.0,37.0,0.0,0.0,0.0005759524932951989,0.000985202572142748,0.0006948811929876888,-0.09417041327326015,-0.10003337747287233,-0.11065233585076406,0.9616252821670429,-0.4046011580524679,0.5711060948081265
104,1,test,1.2462154825320906,0.4881200721570552,0.5133459254347927,3.4781381263889988,1.3623238172066965,1.4327281760722466,3.4771586574133377,1.3429510998248948,1.3961149357979,9.704612298091462,3.7481234085508355,3.8965015722269065,0.7645660546618368,0.24962759123806255,0.3771705502117281,1.223305687458939,0.3994041459809001,0.603472880338765,2.1480620308723495,0.4745265158892997,0.674923021767275,3.436899249395759,0.7592424254228796,1.07987683482764,1.0230959552701238,0.38081172878621194,0.558673296028998,2.1463551509163437,0.7989057247263189,1.1720418797811147,2.7817937550864147,0.8809759325361479,1.1906984356033612,5.835930954726744,1.8482012570688422,2.4979687460210376,0.1507537688442211,-0.0042462311557789345,-0.0042462311557789345,0.12562814070351758,-0.004371859296482428,-0.004371859296482428,0.09045226130653261,-0.0045477386934673625,-0.0045477386934673625,0.26166328600405675,0.06308172572036885,0.0681148989072825,0.2987804878048781,0.18090452261306533,0.045566176748403686,0.069051434132264,0.20707070707070707,0.22742474916387956,0.042115901083745966,0.08281963236743906,0.2651006711409396,15.0,-3.0,-3.0,19.0,-4.0,-4.0,21.0,-3.0,-3.0,0.00010198545545832686,-0.000603715957130423,-0.0006624203575881493,-0.13952726815719974,-0.14974863620632384,-0.15432684312711942,0.02028397565922921,-0.5356360198603448,0.18255578093306288
48,1,test,2.2765323506000597,1.0402021764833378,1.1020698068166501,6.270220531367022,2.8650139946569646,3.0354151250607164,9.742837021987382,6.299881815951158,6.506433970604906,26.83455682627382,17.351674487362615,17.920578136180367,2.772770262674297,1.193966694812535,1.6900120495651676,4.951375469061244,2.132083383593812,3.0178786599377987,16.00290491062364,11.153754251120965,13.050092094335117,28.57661591182793,19.91741830557315,23.30373588274128,2.729100919431402,1.2140149134705736,1.6990643670751089,5.56959371312531,2.4775814560623948,3.4674783001532834,15.319107714408204,10.769295293400758,12.517939492281496,31.263485131445314,21.978153660001546,25.546815290370397,0.5728643216080402,-0.0021356783919597166,-0.0021356783919597166,0.42713567839195976,-0.002864321608040288,-0.002864321608040288,0.35678391959798994,-0.0032160804020100464,-0.0032160804020100464,0.3513513513513513,0.09278437315820487,0.10208448918126334,0.3125,0.38190954773869346,0.11624538733769096,0.16488116710430278,0.36868686868686873,0.38795986622073575,0.11250076772323991,0.1721645380783553,0.3791946308724832,23.0,-1.0,-1.0,32.0,-1.0,-1.0,39.0,-1.0,-1.0,0.0007711043921501728,0.00043264603025620674,0.0007365192228909398,-0.03226122554899913,-0.02539571982777744,-0.03850119668160268,0.02702702702702703,-0.3855254466524975,0.6008316008316008
45,1,test,1.3322593506039981,0.5281129912829401,0.6559248980414226,3.1792552684868136,1.2602696382888343,1.5652753248715767,3.789595747982483,1.5548077695691127,1.822940113657483,9.043353489503652,3.7103367228353816,4.3501979985008115,0.8158939091841082,0.26300592580283366,0.39451420028398687,1.4313928231300146,0.4614139049172522,0.6921301759368192,2.2611960731245953,0.52293021432952,0.7371332043351277,3.9670106546045534,0.9174214286482809,1.2932161479563646,1.0816130329016913,0.4020471599520522,0.5975942566440795,2.053695632091819,0.7633806834532637,1.1346726391976194,2.9494332489711828,0.9764122444806027,1.3268511375852188,5.600189713236423,1.853947299646714,2.519337603009909,0.16582914572864327,-0.004170854271356772,-0.004170854271356772,0.1306532663316583,-0.004346733668341707,-0.004346733668341707,0.10552763819095479,-0.0044723618090452,-0.0044723618090452,0.2553699284009546,0.052747759151848594,0.0667091268369272,0.2416267942583732,0.18592964824120606,0.04056623971990281,0.06239041618778374,0.08585858585858586,0.23745819397993306,0.05047989681799647,0.08729134192209098,0.1912751677852349,14.0,0.0,0.0,17.0,0.0,0.0,22.0,0.0,0.0,0.000692716291822064,-0.0004969376049930196,3.778742326520389e-05,-0.15689729864323443,-0.1645951378777637,-0.1614930240593928,0.02386634844868735,-0.7491933434734375,0.5202863961813843
78,1,test,3.8367244528444826,1.8181950074243414,2.448129764509967,6.954063070780625,3.2954784509566184,4.437235198174315,46.373327372809875,38.846079810467785,42.364115472821325,84.0516558632179,70.40851965647286,76.78495929448866,4.4029570833945675,2.0832351637926756,2.837152771413564,6.688461523629916,3.1646091419445987,4.309873293979384,81.69208214458688,71.5192371006762,76.9055588985259,124.09713241811289,108.64372658805009,116.82600168554698,4.153407510731721,1.919028186866111,2.645717810807962,6.922345851219536,3.1983803114435183,4.409529684679937,63.650521023739145,54.30983850982706,59.13423626453996,106.08420170623191,90.51639751637843,98.55706044089993,0.8232323232323232,-0.0017676767676767513,-0.0017676767676767513,0.7222222222222222,-0.002777777777777768,-0.002777777777777768,0.601010101010101,-0.003989898989898988,-0.003989898989898988,0.42651296829971186,0.10564965894719391,0.17724610612962388,0.3670520231213873,0.45959595959595956,0.11702669007454902,0.19785099315300658,0.41116751269035534,0.4481605351170569,0.1042540242656379,0.19009601898802464,0.3993288590604027,24.0,0.0,0.0,37.0,0.0,0.0,47.0,0.0,0.0,0.0007332247073411245,0.000654794012380835,0.0005392628432517279,0.00031748659871144724,-8.228337184501555e-05,0.00015057161927245488,0.968299711815562,-0.3884723445040808,0.8184438040345822
75,1,test,1.8136792953736316,0.739452689779984,0.7993418300870216,5.487246275811943,2.237197628315238,2.418390887205957,6.1329709831884145,3.2052432467291188,3.375435154369096,18.555166987353484,9.697391988511665,10.212303810989305,2.022506522247714,0.8035058077182928,1.1603538704570362,3.677284585904934,1.460919650396896,2.109734309921884,7.5572436129589615,4.173438956214653,5.1889903778865865,13.740442932652655,7.588070829481186,9.434527959793794,1.936857866155805,0.8162951574042758,1.1431646936576674,4.272480587108394,1.8006510825094324,2.5216868242448554,6.936919959639832,3.8703406507439864,4.725370965145976,15.302029322734924,8.53751614134703,10.423612423116126,0.4623115577889447,-0.002688442211055242,-0.002688442211055242,0.3517587939698492,-0.0032412060301507672,-0.0032412060301507672,0.3015075376884422,-0.0034924623115578646,-0.0034924623115578646,0.30168776371308015,0.06354234748547216,0.07294876078052881,0.2938689217758985,0.3517587939698492,0.09862596188964867,0.14140820966267054,0.35858585858585856,0.3177257525083612,0.06897783931971346,0.12084032425474611,0.31879194630872487,21.0,-6.0,-6.0,33.0,-15.0,-15.0,38.0,-11.0,-11.0,0.0004750129690254016,-0.00014595531528325856,0.0005563514793090595,-0.09025044207688016,-0.09403691927724012,-0.10044158264074099,0.02109704641350211,-0.5813331816819273,0.8860759493670886
157,1,test,1.2285728818531778,0.457645395867861,0.5390210639721438,5.839172236223531,2.17510115114725,2.5618641579799646,3.416350519828533,1.254580183876275,1.4235283340316256,16.23726145940977,5.962779975052406,6.765758261745816,1.6832118871826063,0.651741150806173,0.9269940266305385,5.906006621693356,2.2868110554602565,3.252610619756276,5.382817237353812,2.5776287423087196,3.2526130013933487,18.88707802580285,9.044311376521822,11.4126771978714,1.2874022940566672,0.48282117277437575,0.6867826618123574,5.8518286093484875,2.194641694428981,3.121739371874352,3.6233618910796506,1.3876021006236972,1.800113697259299,16.469826777634776,6.30728227556226,8.18233498754227,0.37688442211055273,-0.003115577889447274,-0.003115577889447274,0.3015075376884422,-0.0034924623115578646,-0.0034924623115578646,0.22613065326633164,-0.003869346733668344,-0.003869346733668344,0.2654028436018957,0.057118819933256626,0.045461494628288635,0.23040380047505937,0.31155778894472363,0.08098134784196676,0.10955445004656006,0.28787878787878785,0.274247491638796,0.07224415274063245,0.07958675748974153,0.22818791946308725,13.0,0.0,0.0,17.0,0.0,0.0,24.0,0.0,0.0,-1.656815312442493e-05,0.0005202429698121804,-0.00015536793969717503,-0.17314369969490429,-0.17914243496093363,-0.17647004311131909,0.023696682464454975,-0.38894691101649026,0.3104265402843602
14,1,test,1.7077881106298405,0.7041815707535848,0.8182325572660828,3.525756099364832,1.453794210588046,1.6892543117751384,5.5167455416336,2.7886424215709797,3.0826979350526784,11.389410150469368,5.757197257436861,6.3642796078506905,1.3018463711466408,0.46503350781744746,0.7044827512336511,1.9005056513089646,0.6788810333101423,1.0284419726038703,3.6760778094406437,1.3670816586401031,1.8587564800144574,5.36653694808853,1.9957396476497853,2.7135131095101563,1.5021336901951639,0.6211483283439003,0.8800491523010504,2.698443754841612,1.1158353203782643,1.5809266209000907,4.491261815369559,2.0779853295528574,2.6284547259713857,8.068134997669867,3.7329077776398636,4.721774956834825,0.3015075376884422,-0.0034924623115578646,-0.0034924623115578646,0.20100502512562812,-0.003994974874371837,-0.003994974874371837,0.15577889447236182,-0.004221105527638214,-0.004221105527638214,0.3064876957494407,0.0830240085986027,0.09925406916097534,0.2847533632286996,0.2864321608040201,0.0884371733353484,0.11614835446011362,0.16666666666666663,0.28428093645484953,0.07893869939307996,0.1129794904036816,0.22818791946308725,17.0,0.0,0.0,20.0,1.0,1.0,27.0,0.0,0.0,0.00045102740950337875,-4.057474487926986e-05,-0.0003399877632143204,-0.13742458116751877,-0.14223019304382234,-0.13023356887194737,0.02237136465324385,-0.3400965176961406,0.4004474272930649
260,1,test,1.2183318944940555,0.41733642833541473,0.5635935266252552,2.2790686185560443,0.7806890400702284,1.0542844080154028,3.381542257047572,1.1537847748070393,1.4569033529273163,6.325671087810385,2.1583237578479944,2.725351545774483,1.3812709393450104,0.44591638922118015,0.681542093522292,2.581814839897216,0.8334885779835144,1.2739104551818543,3.979956698029245,1.431839965324711,1.9667499539939333,7.439171398185504,2.6763363837845056,3.6761681383064166,1.2168285389112468,0.44071726033241687,0.6365779655746888,2.1347869103706087,0.7731881760217842,1.1168034483766474,3.3764624159773886,1.203456815487412,1.589976395543823,5.923618273644542,2.111327746469144,2.7894322728839005,0.35678391959798994,-0.0032160804020100464,-0.0032160804020100464,0.24120603015075381,-0.0037939698492461815,-0.0037939698492461815,0.14070351758793975,-0.004296482412060265,-0.004296482412060265,0.2853333333333333,0.04565290723479809,0.06539198435972626,0.23796791443850263,0.29648241206030146,0.055880908300902976,0.0711067860168958,0.24747474747474751,0.30434782608695654,0.07563330187994488,0.10523770372878083,0.24496644295302017,14.0,-4.0,-4.0,17.0,-4.0,-4.0,21.0,-6.0,-6.0,0.0002298331679637836,0.0001564574223568695,0.0001418405310444434,-0.140587588347719,-0.1469626491402627,-0.14875466472154564,0.032,0.504710059620416,0.034666666666666665
225,1,test,1.4290387829813715,0.5976333990364604,0.7029084206186802,3.0682303281658863,1.2831540626371063,1.5091857266224606,4.174684484955684,1.8781404855204928,2.1076181710944146,8.96329315887544,4.032478101264588,4.525180190879185,0.5611701295642699,0.13833314446340678,0.2379884202483702,1.0203093264804908,0.25151480811528515,0.4327062186334004,1.752722212926853,0.2264367445128319,0.3712058504343527,3.186767659867005,0.4117031718415127,0.6749197280624597,0.9670971898384847,0.3855938366007453,0.556672626067702,1.859802288150932,0.7415266088475869,1.0705242808994266,2.6302981106905317,0.8415726139842905,1.1228404495124622,5.058265597481792,1.6184088730467128,2.159308556754735,0.12060301507537685,-0.0043969849246231485,-0.0043969849246231485,0.10050251256281406,-0.004497487437185921,-0.004497487437185921,0.07537688442211055,-0.004623115577889414,-0.004623115577889414,0.2860411899313501,0.08604118993135013,0.09542535415422393,0.3142201834862385,0.15577889447236182,0.010415485951058567,0.022222967928121395,0.13131313131313127,0.22073578595317722,0.04878253052746773,0.07501832210445647,0.23154362416107388,14.0,1.0,1.0,17.0,0.0,0.0,19.0,1.0,1.0,-0.00017455858335853547,-0.0009257138936193129,-0.00021039555419954289,-0.10639171061303809,-0.10843735175373581,-0.10566783080315023,0.02288329519450801,-0.5928445314378854,0.4073226544622426
203,1,test,0.720216069726247,0.25697630655017756,0.37268770520046124,1.252067936601014,0.4467434252333855,0.6479032413484941,2.054877159425523,0.46566282760923094,0.6393126975655976,3.5723249079243704,0.8095369156898937,1.111420535767885,0.5244517459313702,0.10450151511713379,0.19047615862609857,0.8458899127925327,0.16855083083408684,0.3072196106872558,1.6895323014523862,0.16764649073624227,0.2930232508431676,2.725052099116752,0.2703975657036164,0.472618146521238,0.720216069726247,0.25697630655017756,0.37268770520046124,1.252067936601014,0.4467434252333855,0.6479032413484941,2.054877159425523,0.46566282760923094,0.6393126975655976,3.5723249079243704,0.8095369156898937,1.111420535767885,0.14070351758793975,-0.004296482412060265,-0.004296482412060265,0.085427135678392,-0.004572864321607972,-0.004572864321607972,0.07035175879396982,-0.004648241206030135,-0.004648241206030135,0.19999999999999996,0.0381374722838137,0.06115214180206785,0.2276785714285714,0.20603015075376885,0.043122882583342736,0.06746587696411943,0.19191919191919193,0.19999999999999996,0.0381374722838137,0.06115214180206785,0.2276785714285714,13.0,-4.0,-4.0,16.0,-5.0,-5.0,19.0,-6.0,-6.0,0.00018960268408900965,-4.855694013068017e-05,-0.00013925607930928587,-0.13736184979718624,-0.13992360158925177,-0.14132717803378458,0.9244444444444444,0.32215000761491486,0.7066666666666667
60,1,test,0.08702686239826728,-0.08607773454643981,-0.062000887767098126,0.15849263019551987,-0.15676408609450962,-0.1129155240791522,1.0909259842129495,-0.09806447913697425,-0.06977921431042655,1.986785732838153,-0.1785942500838935,-0.12708135056534653,0.11787774482285727,-0.10107332054335834,-0.05408006784997317,0.20680306109273208,-0.17732161498834795,-0.0948773120174968,1.1251065528579696,-0.11966380995732484,-0.06252117645949662,1.973871145364859,-0.20993650869706104,-0.10968627449034485,0.08702686239826728,-0.08607773454643981,-0.062000887767098126,0.15849263019551987,-0.15676408609450962,-0.1129155240791522,1.0909259842129495,-0.09806447913697425,-0.06977921431042655,1.986785732838153,-0.1785942500838935,-0.12708135056534653,0.04020100502512558,-0.00479899497487446,-0.00479899497487446,0.025125628140703515,-0.004874371859296511,-0.004874371859296511,0.01005025125628145,-0.004949748743718563,-0.004949748743718563,0.07664233576642332,0.018354539773709266,0.022030685280986395,0.04029304029304026,0.10050251256281406,0.025314542638002036,0.0270467529634818,0.05555555555555558,0.07664233576642332,0.018354539773709266,0.022030685280986395,0.04029304029304026,14.0,-5.0,-5.0,15.0,-6.0,-6.0,16.0,-7.0,-7.0,6.967176126151047e-05,0.0001636672567776998,7.457236983936252e-05,-0.0543780227849171,-0.04254274917102341,-0.046608196783405775,0.058394160583941604,-0.11703249907322684,0.025547445255474453
50,1,test,1.9461533191880724,0.8282869365028593,0.9484956021447074,5.2013264304490745,2.2136954433915705,2.534967412874843,7.001702397907088,3.9433804494654234,4.289780103824162,18.71288319440644,10.53915370124985,11.464948015577669,2.3886352784226146,1.0020203520903603,1.428778129489135,4.464738838173111,1.8729352375520754,2.6706133261479157,10.898610220751754,6.897327754356226,8.287286804308865,20.371234057479914,12.892201410011637,15.490255708988531,2.165383779783702,0.9187479083533907,1.3080225705320003,4.776581867169931,2.026649797838362,2.8853439055852945,8.717947046745493,5.239326323138561,6.361014019247291,19.23076554429153,11.557337477511533,14.031648571869022,0.5628140703517588,-0.0021859296482411583,-0.0021859296482411583,0.4120603015075377,-0.0029396984924623393,-0.0029396984924623393,0.31155778894472363,-0.003442211055276312,-0.003442211055276312,0.328125,0.06837026198439244,0.08374572336265884,0.2684563758389261,0.3517587939698492,0.06353824259140306,0.12304426976283755,0.297979797979798,0.3411371237458194,0.08237251606635365,0.11755536623747675,0.2785234899328859,13.0,0.0,0.0,26.0,-4.0,-4.0,32.0,-3.0,-3.0,0.0006175531579177796,0.0005942659936366607,0.0003478556359657238,-0.04551732733954683,-0.043508588234230317,-0.050117523735152325,0.96875,-0.2287376736187328,0.48214285714285715
186,1,test,0.9577966978995197,0.38214650915670256,0.5356651356875504,1.7653507765206835,0.7043484678574519,0.987304367737838,2.6059484517368685,0.8276620788414102,1.0807392803603377,4.803120675750307,1.525494811982207,1.9919508304680735,0.8179751799413026,0.2735658660598038,0.4116821635512766,1.3747482015820214,0.4597745648063931,0.6919027958844987,2.2659071351851527,0.5423171542326348,0.7646647585463697,3.808247286025467,0.9114574020716555,1.285150854699781,0.9577966978995197,0.38214650915670256,0.5356651356875504,1.7653507765206835,0.7043484678574519,0.987304367737838,2.6059484517368685,0.8276620788414102,1.0807392803603377,4.803120675750307,1.525494811982207,1.9919508304680735,0.18090452261306533,-0.0040954773869347205,-0.0040954773869347205,0.1306532663316583,-0.004346733668341707,-0.004346733668341707,0.11055276381909551,-0.004447236180904479,-0.004447236180904479,0.22775800711743777,0.05724290942649635,0.0940301964665502,0.23928571428571432,0.18592964824120606,0.04056623971990281,0.06572931435138973,0.19696969696969702,0.22775800711743777,0.05724290942649635,0.0940301964665502,0.23928571428571432,15.0,-1.0,-1.0,21.0,-1.0,-1.0,24.0,-2.0,-2.0,-0.0009300970693127111,-0.0005977383123923634,-0.0001980221392663419,-0.07835454711992362,-0.0707939712008625,-0.07140848781794595,0.03558718861209965,-0.2944757767621947,0.36298932384341637
126,1,test,0.15428033388400939,-0.039697770604791904,-0.01159678783177262,0.30856066776801877,-0.07939554120958381,-0.02319357566354524,1.166817939539235,-0.04725176044926305,-0.013610104299321746,2.33363587907847,-0.0945035208985261,-0.02722020859864349,0.2195828751195331,-0.175425491715717,-0.14256368743144773,0.39924159112642377,-0.31895543948312177,-0.25920670442081406,1.2455570693694284,-0.23883954120141548,-0.1908523809975209,2.2646492170353243,-0.4342537112753009,-0.3470043290864018,0.162167994160012,-0.09646964552527146,-0.028194349062200752,0.3265127399194873,-0.19423418562135192,-0.05676714576282027,1.1760577955680471,-0.11910660803804984,-0.033630044877235976,2.36790160181486,-0.23981196249271797,-0.06771149975282409,0.07035175879396982,-0.004648241206030135,-0.004648241206030135,0.035175879396984966,-0.00482412060301507,-0.00482412060301507,0.01005025125628145,-0.004949748743718563,-0.004949748743718563,0.12380952380952381,0.03823107689985661,0.04672399054658827,0.08280254777070062,0.14572864321608037,0.04046548532134353,0.04890059647150613,0.10606060606060608,0.13043478260869568,0.036945634027727436,0.05145814189679354,0.08724832214765099,11.0,-2.0,-2.0,12.0,-3.0,-3.0,16.0,-7.0,-7.0,0.00034339990880370263,0.00011385834379679807,2.8777898634409916e-05,-0.16016121326168697,-0.16777317775634626,-0.16589531705577953,0.031746031746031744,-0.2789481334009077,0.009523809523809525
226,1,test,1.349028234083988,0.5997911643881033,0.8179385199145869,2.6732277276633627,1.1885432275911494,1.6208229566405616,3.8536788367922488,1.7382933276893957,2.1528941684761413,7.636431069226357,3.444593526648311,4.266164517900574,0.8932608811682933,0.2914861945576315,0.4435808368011108,1.5140014935055819,0.4940443975553075,0.7518319267815438,2.443083280584305,0.6177279192645004,0.8752728051451415,4.140819119634415,1.0469964733296617,1.4835132290595618,1.3066682327823174,0.5347278748601015,0.7648350942859121,2.5128235245813793,1.0283228362694259,1.4708367197806,3.6938461518172976,1.5298851100928221,1.9746907263987383,7.103550291956341,2.942086750178504,3.7974821661514198,0.17085427135678388,-0.004145728643216162,-0.004145728643216162,0.11055276381909551,-0.004447236180904479,-0.004447236180904479,0.09547738693467334,-0.004522613065326642,-0.004522613065326642,0.24534161490683226,0.06549665366652213,0.09658128432831992,0.2710280373831776,0.18090452261306533,0.028022317099280825,0.05068749423243091,0.18181818181818177,0.24749163879598657,0.07386893428847408,0.10177417494726582,0.2651006711409396,16.0,-2.0,-2.0,18.0,0.0,0.0,22.0,-2.0,-2.0,-0.0017545182701974248,0.0002192012415633925,-0.0006739937638119912,-0.056046662183646845,-0.06215960813645793,-0.060333560480645865,0.031055900621118012,0.6323539900844176,0.40993788819875776
216,1,test,2.3576043091798367,1.063892019003172,1.4398125056658313,5.404118968444691,2.438661576026752,3.300349444805445,10.56560917551313,6.919311599017078,8.061853678483624,24.218571681533344,15.860499963980706,18.479443821459217,2.780121370249169,1.213841521726057,1.7063388001270554,4.595241934296147,2.006349622687697,2.8203947109538103,16.120977436343704,11.332177482283551,13.194549426266727,26.646243696435874,18.73087187154306,21.809172605399546,2.5537030810232086,1.153867143964792,1.5949240448672053,5.35741905109764,2.4207003020240387,3.3459944997214093,12.854617444817741,8.800082731435124,10.246107812455412,26.96772890521204,18.46171202398977,21.495331075081282,0.5829145728643217,-0.002085427135678275,-0.002085427135678275,0.44723618090452266,-0.0027638190954772934,-0.0027638190954772934,0.3417085427135679,-0.003291457286432098,-0.003291457286432098,0.34943181818181823,0.09411266924564798,0.13828812316715544,0.32193732193732194,0.35678391959798994,0.08610722786866665,0.13641664079999327,0.3535353535353535,0.35451505016722407,0.09408099340595533,0.1465061513908058,0.3422818791946308,20.0,0.0,0.0,31.0,0.0,0.0,39.0,0.0,0.0,0.0006146409963988218,0.00031543413795022765,0.0002322822850286798,-0.02994836670815726,-0.03359763983988984,-0.027926986273439702,0.028409090909090908,0.29619771487327956,0.8380681818181818
135,1,test,1.826909357918681,0.7479069825328293,1.0265880913666892,6.841192489227402,2.8006729558676167,3.8442447676710074,6.2146496886946805,3.272906357563915,3.9883936534780142,23.271879685324762,12.255989764494661,14.93526134068363,1.7156970047955893,0.6624022797152371,0.9496706907913138,5.279067707063351,2.038160860662268,2.9220636639732733,5.56054989191478,2.693468071787752,3.409348842060607,17.10938428281471,8.287594067039237,10.490304129417254,1.8004417198010874,0.7309701887704023,1.03528786221408,6.507620673979834,2.6420609232665146,3.742004321255711,6.05232030376715,3.1384810843585784,3.9029952645859822,21.8758565196403,11.343907533826187,14.10721179970837,0.42713567839195976,-0.002864321608040288,-0.002864321608040288,0.2864321608040201,-0.003567839195979916,-0.003567839195979916,0.22613065326633164,-0.003869346733668344,-0.003869346733668344,0.3076923076923077,0.05733668891563626,0.10045868110384237,0.2857142857142857,0.31658291457286436,0.06094381682850347,0.0945461866930647,0.25757575757575757,0.3110367892976589,0.07063612151802612,0.1108143198872028,0.2785234899328859,19.0,0.0,0.0,29.0,0.0,0.0,36.0,0.0,0.0,0.0001024095682965493,-0.00017946797912925776,0.0001517222170579663,-0.09969948880150437,-0.09562651504857378,-0.1043483650642445,0.02849002849002849,-0.650059981549591,0.002849002849002849
146,1,test,0.9563595937163587,0.37920339552916427,0.4936993742024512,1.8467633533833132,0.7322548327459724,0.953350515701285,2.602206122018698,0.8212396154040649,1.0139125424623876,5.024949752863693,1.585842015952677,1.9579000819963346,0.3619503863089418,0.029200101763533326,0.11241129085079779,0.6134752310321048,0.04949169790429386,0.1905276116115217,1.436127688597333,0.04132873647384572,0.15269394869226893,2.434114726436158,0.07004870588787426,0.2588033028682526,0.7685391080788027,0.24105305723490889,0.38939951924767924,1.423220570516301,0.4463945504350163,0.7211102208290354,2.1566133722833842,0.46194672902888345,0.6955864077271536,3.993728467191452,0.8554569056090435,1.288122977272507,0.09547738693467334,-0.004522613065326642,-0.004522613065326642,0.055276381909547756,-0.004723618090452297,-0.004723618090452297,0.04020100502512558,-0.00479899497487446,-0.00479899497487446,0.22250639386189264,0.053924018382965455,0.07587882787948796,0.2205128205128205,0.13567839195979903,0.01788390574426013,0.022155854397194696,0.0505050505050505,0.18394648829431437,0.03870441817745296,0.06047596549119982,0.16778523489932884,13.0,-4.0,-4.0,13.0,-4.0,-4.0,16.0,-5.0,-5.0,0.0005396876284324603,-0.001276390386121346,0.00016805915617023925,-0.1461435223185954,-0.15540302055325084,-0.15754493826153082,0.03836317135549872,-0.3887875232529538,0.5601023017902813
156,1,test,0.6890578424208842,0.16921470012354767,0.1749341437009717,1.925533859653915,0.4728610786785803,0.4888437460088264,1.991838023636672,0.3100741922392265,0.3196654909915386,5.5660806993847,0.8664851038685049,0.8932874553819108,0.167922324805551,0.004787037247373671,0.03123407926915142,0.30256274739738914,0.008625292337610224,0.056277620304777315,1.1828447293850517,0.005648790504977352,0.03637405393412951,2.1312517646577507,0.010178000909869311,0.06553883591735055,0.46176188546117,0.09729681576444887,0.15027561671468737,1.0494588305935681,0.22112912673738383,0.34153549253338045,1.5868674020358775,0.14712376241681135,0.22141436512257662,3.6065168228088127,0.3343721873109349,0.5032144661876745,0.04020100502512558,-0.00479899497487446,-0.00479899497487446,0.03015075376884424,-0.0048492462311557905,-0.0048492462311557905,0.02010050251256279,-0.004899497487437232,-0.004899497487437232,0.20517928286852594,0.029059879883451267,0.030203720796189715,0.22355289421157687,0.09045226130653261,0.0052392287250789815,0.011988154461791356,0.0757575757575758,0.1270903010033445,0.00021217078631607933,-0.008616039374853446,0.14429530201342278,12.0,-2.0,-2.0,12.0,0.0,0.0,14.0,-2.0,-2.0,-0.0010474662006160847,-0.0006291329936707766,-0.0007294696646735555,-0.1999907460241661,-0.20853018995721273,-0.2209528540316863,0.9760956175298805,-0.2765652679801107,0.9681274900398407
17,1,test,1.3411807093188501,0.4406038710681862,0.4548103554723055,3.5435406109371725,1.1641218067169974,1.2016568339320917,3.8235553486857885,1.3625330350870968,1.3972483351552532,10.102235710738242,3.59995570323012,3.6916771802523014,0.5453231649239569,0.05700902541373254,0.13656297275340729,0.9737913659356373,0.10180183109595098,0.2438624513453701,1.7251658053781114,0.09559912452389585,0.22021502714876817,3.080653223889484,0.17071272236409962,0.3932411199085144,0.6673843185914337,0.13023058318628045,0.21221641535383068,1.5890102823605563,0.3100728171101914,0.5052771794138826,1.9491323378233436,0.23800274092842844,0.3726942879567301,4.64079128053177,0.5666731926867339,0.8873673522779284,0.1507537688442211,-0.0042462311557789345,-0.0042462311557789345,0.09547738693467334,-0.004522613065326642,-0.004522613065326642,0.0653266331658291,-0.004673366834170856,-0.004673366834170856,0.2435129740518962,0.0560752871127137,0.056807206700967616,0.256,0.18090452261306533,0.03554111409176208,0.054026392396036904,0.11111111111111116,0.19397993311036787,0.04039061758449136,0.05938593978445017,0.1476510067114094,13.0,-4.0,-4.0,17.0,-6.0,-6.0,21.0,-9.0,-9.0,-0.0020888468406136938,-9.779770479511916e-05,-0.0012556494407478494,-0.20676828601497999,-0.2301447910655483,-0.20455188538544888,0.023952095808383235,-0.3483922225470656,0.6207584830339321
32,1,test,3.1529940130752756,1.4486166644142018,1.8584601536696306,7.800589084296623,3.5839152541676027,4.597878691870969,23.406037761461604,17.908076473194043,19.756743268158253,57.90714537088877,44.305046339525525,48.87869600758632,3.6220355899208903,1.6400238134196592,2.267848209961091,7.706458701959342,3.489412368977999,4.825208957364024,37.413649207762674,30.156320776049583,33.54003730510845,79.60350895268654,64.16238462989273,71.36178150023073,3.4055525359345666,1.5871638571231212,2.1750511117656357,7.457414312265475,3.475541292970339,4.762885646202122,30.130939552182564,23.969017940722956,26.707994098550675,65.98015960331948,52.48690060012325,58.484658609964974,0.7437185929648241,-0.0012814070351758744,-0.0012814070351758744,0.6180904522613065,-0.0019095477386934512,-0.0019095477386934512,0.5025125628140703,-0.0024874371859296973,-0.0024874371859296973,0.41052631578947374,0.11486271526384961,0.16419200493903385,0.29815303430079154,0.42713567839195976,0.09630861072278685,0.17337941795790301,0.303030303030303,0.4046822742474916,0.09750364319573868,0.16664000505950494,0.3120805369127517,23.0,0.0,0.0,34.0,0.0,0.0,43.0,0.0,0.0,0.0013543875279118317,0.0006826031456152004,0.000571318150151585,-0.007708496149546384,-0.007202767255728659,-0.0075079086869180856,0.9710526315789474,-0.38003419845817604,0.25526315789473686
27,1,test,2.339229517860679,1.0331836336788869,1.4278514516593077,5.065748690996305,2.2374241603509675,3.0921021502820776,10.373241085957755,6.681693078925825,7.885492631625614,22.463906192769443,14.469626733832747,17.07653040093759,2.157325260810412,0.8891071278983071,1.2602686339361961,4.109190972972213,1.6935373864729657,2.4005116836879923,8.647975616769246,5.093462370812505,6.195601391436718,16.472334508131897,9.701833087261914,11.80114550749851,2.465574795996282,1.126721188400323,1.5389787654123088,4.997786748641112,2.2838943008114656,3.119551551511437,11.770245698067047,7.955577806601488,9.24434924513243,23.8586061447305,16.12617122959761,18.738545767160332,0.5125628140703518,-0.0024371859296482556,-0.0024371859296482556,0.38190954773869346,-0.0030904522613065533,-0.0030904522613065533,0.3065326633165829,-0.0034673366834171437,-0.0034673366834171437,0.352760736196319,0.10314358458835571,0.1456178790534618,0.3846153846153846,0.3417085427135679,0.08606944496920699,0.1246801620791772,0.38888888888888884,0.3712374581939799,0.10913395235090817,0.15655447710387982,0.412751677852349,14.0,1.0,1.0,24.0,0.0,0.0,30.0,0.0,0.0,-0.0017750009421200197,0.00014710094741710484,-0.00028058640968384966,-0.03130570516901798,-0.039503441944134465,-0.04115953016333318,0.03067484662576687,-0.5892012719417657,0.13496932515337423
95,1,test,2.748175524614203,1.2515577480393354,1.526328597871777,9.93200277316712,4.523173615721108,5.516205108098002,15.614118306416243,11.14756170471551,12.220668904546748,56.42997142318853,40.28767914335781,44.16592621643211,3.5350198296539896,1.6247874285713573,2.23495059686287,8.72844402383701,4.011820811287301,5.518396535463875,34.29569477924691,27.54103637318555,30.626144067183915,84.68072784999237,68.00255894613716,75.62010880786153,3.338982196270813,1.5609808775775706,2.130963494936275,9.508149301761648,4.445078879958986,6.068172237961392,28.190419784497212,22.272403422889894,24.84357280883338,80.27557633871112,63.423320223276946,70.74503114134458,0.6984924623115578,0.0034924623115577536,0.0034924623115577536,0.5829145728643217,0.0029145728643216184,0.0029145728643216184,0.4522613065326633,0.002261306532663321,0.002261306532663321,0.389294403892944,0.11590436744093913,0.15762284964074458,0.31219512195121957,0.40703517587939697,0.08623317086686566,0.1683039571815672,0.36868686868686873,0.41946308724832215,0.11460546580778619,0.19401665867689355,0.37710437710437705,23.0,0.0,0.0,35.0,0.0,0.0,44.0,0.0,0.0,0.000723641501865767,0.0017143174125829636,0.00024902021849868125,-0.050241793228215315,-0.06342092583163517,-0.0602996415965551,0.029197080291970802,-0.6139936645428353,0.9562043795620438
11,1,test,0.9428673480195847,0.31150417167872646,0.46648537409403634,1.772912962088108,0.5857343399087165,0.8771519854759657,2.567332309724842,0.6871604708138459,0.9570943423041118,4.827462462730472,1.292096611786719,1.799664575272689,0.9643428675831479,0.2538643028540122,0.4268165095585982,1.7068015355453947,0.44931735018409236,0.7554274505461915,2.6230633900158935,0.5880985019396143,0.9112960687205671,4.642590070824591,1.0408823043179019,1.612913395965606,0.9428673480195847,0.31150417167872646,0.46648537409403634,1.772912962088108,0.5857343399087165,0.8771519854759657,2.567332309724842,0.6871604708138459,0.9570943423041118,4.827462462730472,1.292096611786719,1.799664575272689,0.1959798994974874,-0.004020100502512558,-0.004020100502512558,0.15577889447236182,-0.004221105527638214,-0.004221105527638214,0.11055276381909551,-0.004447236180904479,-0.004447236180904479,0.19634703196347036,0.03917163333021301,0.061293921189570555,0.11926605504587151,0.1959798994974874,0.045603959647863346,0.06075452387144398,0.11111111111111116,0.19634703196347036,0.03917163333021301,0.061293921189570555,0.11926605504587151,14.0,-2.0,-2.0,17.0,-2.0,-2.0,21.0,-2.0,-2.0,0.0011026147437255703,0.0006610718987542797,0.0003166359387915965,-0.14236471940977546,-0.14812266630177495,-0.1510190804220457,0.0502283105022831,-0.7130038917298301,0.593607305936073
199,1,test,2.259431569339149,1.002854285209534,1.3289680974487845,5.267209900497634,2.337864129851525,3.0981039723965296,9.57764339297535,6.06426779509623,7.041959269341605,22.32749988426101,14.137082885383569,16.41628721387916,2.501355335276384,1.0539135432129092,1.4865821393836058,4.810298721685354,2.026756813870979,2.858811806506934,12.199016518796435,7.946793999079877,9.440278885406393,23.459647151531605,15.282296152076686,18.15438247193537,2.3202669630347774,1.0194982248031872,1.4146042352066868,4.901972457115727,2.1538694890208183,2.9886004969155358,10.17839119760566,6.506272716876124,7.7048205135073395,21.503643375223223,13.745646584949558,16.277789817269024,0.542713567839196,-0.0022864321608039306,-0.0022864321608039306,0.3919597989949749,-0.0030402010050251116,-0.0030402010050251116,0.31658291457286436,-0.003417085427135591,-0.003417085427135591,0.3397260273972603,0.08117609579671314,0.11489709289090644,0.33241758241758246,0.3467336683417085,0.08357577360486634,0.12469694046190882,0.3484848484848485,0.3311036789297659,0.07734741849570914,0.11975773899650666,0.32885906040268453,21.0,0.0,0.0,27.0,0.0,0.0,33.0,0.0,0.0,-0.0001063883406471102,0.0004179944477677031,0.00012804340533762175,-0.04656580018808221,-0.04998178439112699,-0.0450169465686594,0.0273972602739726,-0.589796380048986,0.39452054794520547
196,1,test,2.0292049560803442,0.8740535350499563,1.0318785755622129,4.856411861181049,2.0918359883779853,2.46955209657024,7.608035231491412,4.433531163678092,4.897011347471858,18.207994430423266,10.610585818690264,11.71981367428658,0.6821462301483815,0.14493591796502303,0.25267636281867895,1.663771293044833,0.3535022389390805,0.6162838117528755,1.9781186775229782,0.26689226768972296,0.44167588843283223,4.8246797012755565,0.6509567504627389,1.0772582644703221,1.6494641948831494,0.6803291867498272,0.95305175124059,3.611965390255072,1.489771941787943,2.086974637753117,5.204190648040064,2.568527002603046,3.1976494483176747,11.396037915416198,5.624511684532217,7.002152076608046,0.16582914572864327,-0.004170854271356772,-0.004170854271356772,0.12060301507537685,-0.0043969849246231485,-0.0043969849246231485,0.07035175879396982,-0.004648241206030135,-0.004648241206030135,0.3294117647058824,0.09204396212068855,0.11631303547812089,0.375,0.21105527638190957,0.03060414856236071,0.052457613610624065,0.16666666666666663,0.2876254180602007,0.09063042640744612,0.1129869308521918,0.31879194630872487,12.0,-3.0,-3.0,16.0,-5.0,-5.0,17.0,-5.0,-5.0,0.00012099552491844424,-0.002073920976454303,-0.0002067986108231648,-0.15416726224441657,-0.12999997649243955,-0.14100100055619524,0.9411764705882353,0.27423299621491815,0.4211764705882353
237,1,test,1.8979196226115294,0.8010036030895786,0.8811543523030161,4.78561453228391,2.019734891661357,2.221835436721046,6.671999716807525,3.677084210691805,3.907760995289012,16.823483156896394,9.271787606529337,9.85344035908896,1.7187086334393693,0.6486349888749938,0.9441529020000246,3.04196218307853,1.14802652898229,1.6710670831858843,5.57732144541353,2.6617272356772617,3.4076934298920927,9.871365390112443,4.711021656065951,6.031315805118749,1.844277147198049,0.7780422334031045,1.0939908480864977,3.789610576434347,1.5987169179515845,2.2479264001777346,6.323527158606511,3.4191036756505153,4.205920959999384,12.993548956040776,7.025555497912017,8.642303342464487,0.371859296482412,-0.003140703517587995,-0.003140703517587995,0.3015075376884422,-0.0034924623115578646,-0.0034924623115578646,0.2211055276381909,-0.003894472361809065,-0.003894472361809065,0.34615384615384615,0.10389130613250142,0.1174148432212948,0.3725910064239829,0.31155778894472363,0.07095628518532515,0.11289334821016606,0.3535353535353535,0.3511705685618729,0.11410879894584613,0.15762218146509865,0.3825503355704698,17.0,-1.0,-1.0,27.0,-4.0,-4.0,31.0,-2.0,-2.0,-0.00015435942789851132,-0.0006197750747379453,9.566989171560318e-05,-0.06267245464837945,-0.05077855453144853,-0.06117735196446894,0.9764957264957265,-0.5211146037355923,0.0876068376068376
144,1,test,0.6855684075033592,0.24332486610466902,0.3638838293155498,1.2084008798922847,0.4288907993461085,0.6413911940966004,1.9848997468596936,0.42870505474071785,0.6054501480233077,3.4986364224951165,0.7556467884066187,1.06718233161684,0.5582078004497378,0.12160574209299807,0.1992404727546101,0.8790674022830517,0.19150510565826462,0.31376452402300803,1.7475377557113927,0.20009759207728783,0.3156877367443287,2.752027961750225,0.3151143182319496,0.49714604211705327,0.5212354285921743,0.16064536257502426,0.25626543576462113,0.8407023041809263,0.2591054235081036,0.4133313480074534,1.6841069589047066,0.2499315357895504,0.3807150948175819,2.7163015466204947,0.4031153803057266,0.6140566045444871,0.11557788944723613,-0.004422110552763869,-0.004422110552763869,0.09045226130653261,-0.0045477386934673625,-0.0045477386934673625,0.07035175879396982,-0.004648241206030135,-0.004648241206030135,0.1724137931034483,0.03898481175481128,0.052179188997876436,0.13832853025936598,0.1507537688442211,0.027946751300361394,0.04557847669063175,0.0757575757575758,0.14381270903010035,0.023612375140284025,0.03702739201119043,0.09395973154362414,16.0,-7.0,-7.0,19.0,-10.0,-10.0,21.0,-10.0,-10.0,0.0010642221604985817,-0.0003018566204239495,0.00025183508547467953,-0.07271765902547189,-0.07933374841697383,-0.07180291717391651,0.031609195402298854,-0.4043192918955989,0.0028735632183908046
177,1,test,2.8627002542168927,1.2954792996140045,1.4758513398182131,9.092097286280412,4.114515240323352,4.687387001817,17.508741214912888,12.715432370761985,13.506522386625345,55.6087485065191,40.384929571927145,42.89747603076077,2.984192945054339,1.2768007911764663,1.8129856212408741,6.860213666791584,2.9351742325895773,4.167783037335343,19.77053988399726,14.255978302604321,16.544654907846304,45.44951697470634,32.77236391403292,38.03368944332483,2.9069251868150423,1.3056542670341695,1.8145901512112748,7.786406750397434,3.497288215270097,4.8605093336016285,18.30044152883466,13.341110195700072,15.319214305648941,49.019039809378555,35.73511659562519,41.03360974727395,0.5226130653266332,-0.002386934673366814,-0.002386934673366814,0.4170854271356784,-0.0029145728643216184,-0.0029145728643216184,0.3417085427135679,-0.003291457286432098,-0.003291457286432098,0.33333333333333337,0.10025897151313357,0.1133919843597263,0.30734966592427615,0.3417085427135679,0.10361330461832974,0.1363663056517983,0.28787878787878785,0.33444816053511706,0.0990558400008934,0.1408997734383428,0.2986577181208053,27.0,-2.0,-2.0,35.0,-3.0,-3.0,42.0,-1.0,-1.0,0.0007601606920075894,0.0004959315719957601,-0.00015017761965646284,-0.055340400551634694,-0.049203826208028545,-0.05104702254422033,0.02666666666666667,-0.6752773124767224,0.02
1,1,test,1.920884314737519,0.8553927742250305,1.1810102295447367,5.469636692811918,2.435694679149239,3.3628765858223013,6.8269930112130695,3.924727796776275,4.731321389420605,19.439573320064333,11.175496099295156,13.472237176655284,2.265592464311376,0.9841834995197751,1.3878579257996622,5.149073782525854,2.2367806807267616,3.1542225586355963,9.63683238937832,6.03512155339855,7.231388301318148,21.901891794041635,13.716185348633068,16.4349734120867,1.9408661735362458,0.8514715577229393,1.1833058514172943,5.107542561937489,2.2407146255866826,3.1139627668876164,6.964781067751623,3.992307028768073,4.831715194085222,18.328371230925324,10.506071128337034,12.715039984434792,0.507537688442211,-0.0024623115577889765,-0.0024623115577889765,0.40201005025125625,-0.002989949748743781,-0.002989949748743781,0.2864321608040201,-0.003567839195979916,-0.003567839195979916,0.35522388059701493,0.10932224125275258,0.15860024603892153,0.28443113772455086,0.3668341708542714,0.1212201357665521,0.16483083195610782,0.28787878787878785,0.35451505016722407,0.10409768789677332,0.15762962191360896,0.2751677852348994,21.0,-8.0,-8.0,31.0,-10.0,-10.0,35.0,-7.0,-7.0,0.0015113279266189836,-0.0001082068231464715,0.0005425124053689733,-0.0492725172196975,-0.04012807507394722,-0.04698649722401971,0.029850746268656716,-0.7752853936146701,0.3492537313432836
149,1,test,3.069262806545793,1.3533513669754313,1.5635060646630599,8.906880301348576,3.927372594360075,4.537233285688879,21.526027977439735,15.964285582408774,17.01846457545714,62.46768903257021,46.32773070973526,49.38691680720896,3.7102295962783196,1.6783919298326961,2.3176855836161767,7.168307666595976,3.2427183887058884,4.477858554753583,40.86318748579946,33.23509611167175,36.83811060035388,78.94926514246691,64.21149637109397,71.1726602861206,3.5574080484053336,1.606155171137634,2.2293458897024676,8.403326098595276,3.7940673333959856,5.266171392997954,35.072173855133066,28.034674672877212,31.29845043482886,82.84765477590489,66.22364095955247,73.93334748384771,0.6919191919191919,-0.0030808080808081284,-0.0030808080808081284,0.5858585858585859,0.0008585858585858919,0.0008585858585858919,0.48484848484848486,-0.00015151515151512474,-0.00015151515151512474,0.38600451467268626,0.10753777284630517,0.1308725498633021,0.3506787330316742,0.43939393939393945,0.13208915349973294,0.18603823469595282,0.41624365482233505,0.4280936454849499,0.13093170892401496,0.19116372334924359,0.40268456375838924,19.0,0.0,0.0,33.0,1.0,1.0,42.0,0.0,0.0,0.0013465267347715713,0.00025325861487351123,0.0003491252948630541,-0.09120205025180628,-0.0862870589827116,-0.09164523685150971,0.9729119638826185,-0.5377311220815738,0.7065462753950339
183,1,test,2.184798462072599,0.9170471379880816,1.2540131771307328,6.22753577378174,2.613945385446343,3.5744312607978377,8.888856931034665,5.336002576016321,6.352356659839025,25.336741803421646,15.209708130062271,18.106717408360055,2.2241506767365613,0.917453047183103,1.2989100886587575,5.359399221051955,2.210730234176152,3.1299038280933913,9.24562694224897,5.551672201685646,6.723151877461559,22.278619137949327,13.377523377555775,16.20036596978689,2.2687603294503655,0.9829654212125032,1.372506398514309,5.671900823625913,2.4574135530312575,3.431265996285772,9.667408980442758,6.049866551569742,7.217002476093277,24.168522451106895,15.124666378924355,18.04250619023319,0.4623115577889447,-0.002688442211055242,-0.002688442211055242,0.371859296482412,-0.003140703517587995,-0.003140703517587995,0.29648241206030146,-0.0035175879396985854,-0.0035175879396985854,0.34072022160664817,0.09037444014053475,0.14032921476402838,0.3027777777777778,0.3417085427135679,0.09108197629752779,0.1430441019790103,0.29292929292929293,0.3411371237458194,0.08905031239356564,0.15203812485816648,0.3087248322147651,18.0,0.0,0.0,29.0,0.0,0.0,37.0,1.0,1.0,0.001178398090471242,-7.236815015419726e-05,0.00026038708679170967,-0.06599317691727347,-0.055437025924469197,-0.06442111438780351,0.0332409972299169,-0.44406600833812643,0.10803324099722991
53,1,test,2.1814691712683043,0.890639097060788,0.890639097060788,6.287043173374383,2.566841892090923,2.566841892090923,8.859312549601782,5.223509259544178,5.223509259544178,25.53273785362761,15.054271068236874,15.054271068236874,2.9597544943953014,1.2504889570480868,1.775558891326428,5.332890980892435,2.253133255942499,3.1992052095971677,19.293234576803222,13.768332423999507,16.025177627906615,34.76258482306886,24.807806169368476,28.87419392415606,2.5935452809941024,1.0910100164927563,1.5442805873385572,5.763433957764672,2.4244667033172362,3.431734638530127,13.377113259266562,8.884047506366375,10.521562617859203,29.72691835392569,19.742327791925277,23.381250261909337,0.6231155778894473,-0.0018844221105527303,-0.0018844221105527303,0.4623115577889447,-0.002688442211055242,-0.002688442211055242,0.40703517587939697,-0.00296482412060306,-0.00296482412060306,0.33984375,0.0749366141251222,0.0749366141251222,0.31115459882583174,0.40703517587939697,0.11881462450095082,0.16329560993615821,0.40909090909090906,0.37792642140468224,0.09745897566177741,0.14322119337353656,0.36241610738255037,21.0,-1.0,-1.0,33.0,-2.0,-2.0,40.0,0.0,0.0,0.001105161560237615,0.0002184283906885078,0.000703447323324887,-0.05239212317925723,-0.04606172056316371,-0.06220962495530813,0.01953125,-0.23165940388234868,0.29296875
107,1,test,1.66257527417163,0.6978122575816752,0.9818391304286187,3.272785972778799,1.3736461763418804,1.9327541937571233,5.272872466777936,2.6487067677331293,3.2975411418444938,10.379670210192787,5.213989700262065,6.491222720166325,2.0508334066373264,0.8556519277181458,1.2229695925518653,4.061056250766983,1.6943602529072193,2.421721965449238,7.774377625058856,4.470220274059578,5.485952611169539,15.394807178334368,8.851921334771443,10.863272497365426,1.66257527417163,0.6978122575816752,0.9818391304286187,3.272785972778799,1.3736461763418804,1.9327541937571233,5.272872466777936,2.6487067677331293,3.2975411418444938,10.379670210192787,5.213989700262065,6.491222720166325,0.46733668341708545,-0.002663316582914521,-0.002663316582914521,0.3517587939698492,-0.0032412060301507672,-0.0032412060301507672,0.2814070351758794,-0.003592964824120637,-0.003592964824120637,0.2931726907630522,0.07673982503158927,0.11159725685116972,0.2943548387096774,0.3517587939698492,0.10614475888212993,0.16144159864430663,0.36868686868686873,0.2931726907630522,0.07673982503158927,0.11159725685116972,0.2943548387096774,20.0,-11.0,-11.0,29.0,-13.0,-13.0,37.0,-17.0,-17.0,0.0007794390068032122,0.0005406817588519222,0.00012003560774690601,-0.08910317570415183,-0.09367656583957995,-0.08661319352014685,0.040160642570281124,-0.3979817810743651,0.0642570281124498
25,1,test,2.813161769398264,1.2992987710754416,1.3717404817328025,6.782226642064131,3.132467829275941,3.3071169039795785,16.662518060384176,12.118266693420171,12.43581915543638,40.171516313896504,29.215821186611993,29.981405587611473,2.9177588587867787,1.2888367426812415,1.8022701196246647,4.987621980832101,2.2031397310790455,3.0808036232900253,18.499780345300255,13.401404047260193,15.448721358442498,31.623556145812405,22.908382986769563,26.408070698192304,2.7387300096145397,1.2481508470917633,1.7279149930407094,5.30076776054427,2.415775833080832,3.3443515994336304,15.46732925817243,11.027663195424733,12.719489620689862,29.936766306140186,21.343864249209158,24.618367007786826,0.5879396984924623,-0.002060301507537776,-0.002060301507537776,0.46733668341708545,-0.002663316582914521,-0.002663316582914521,0.39698492462311563,-0.0030150753768843908,-0.0030150753768843908,0.3765432098765432,0.1144671564335833,0.12141124506715906,0.3711340206185567,0.39698492462311563,0.11377690457299028,0.17160929857970997,0.398989898989899,0.3812709030100334,0.11248960083974957,0.17548669833817576,0.35906040268456374,17.0,0.0,0.0,26.0,0.0,0.0,33.0,0.0,0.0,0.0009106927814119165,0.00024028869813348715,-0.00011407784439040575,-0.06139045288112133,-0.049293528663155506,-0.04727971544723797,0.0205761316872428,-1.1571375675334394,0.00205761316872428
49,1,test,1.1164880691652583,0.46258257053769636,0.6475524847241978,2.1825134007411267,0.9042574542714292,1.2658370605343077,3.0541095256382818,1.1310729267137793,1.4558174850748018,5.970180202660144,2.211023913237105,2.8458353098072395,0.2295643609946934,0.015095452942359588,0.05865179954729066,0.40274449297314635,0.026483250776069445,0.10289789394261517,1.2580518340851325,0.01884824296282761,0.07166482556165965,2.20710848085111,0.033067092917241414,0.12572776414326237,0.9440110137634699,0.3778407655336503,0.5456013074056785,1.7268494154209815,0.6911721320737505,0.9980511720835583,2.570270159379431,0.8087621807692464,1.0808160156321154,4.701713706181886,1.4794430136022805,1.9771024676197237,0.07035175879396982,-0.004648241206030135,-0.004648241206030135,0.045226130653266305,-0.004773869346733739,-0.004773869346733739,0.035175879396984966,-0.00482412060301507,-0.00482412060301507,0.21449275362318843,0.05675035130770367,0.08839304687832039,0.24709302325581395,0.085427135678392,0.01023916575357997,0.011971376079059737,0.08080808080808077,0.2006688963210702,0.0587657243678148,0.0860971499361981,0.22818791946308725,13.0,-4.0,-4.0,15.0,-4.0,-4.0,15.0,-3.0,-3.0,-0.0016016121327206343,-0.0005393957660716663,-0.0009267490285049982,-0.09489293544362454,-0.1185515506860928,-0.10356328580242913,0.028985507246376812,-0.27814165027548454,0.5043478260869565
68,1,test,1.251350190013802,0.4827695592026746,0.6258237540863564,2.6188050368330082,1.0103321702901336,1.3097136296858798,3.495058766570518,1.338355843948174,1.6258290384215932,7.314401336224898,2.8008890342420543,3.4025081938101382,0.35013705958245966,0.04655102236356057,0.10515230393719505,0.6142755431271223,0.08166846028694841,0.18447772620560537,1.419262058728384,0.06455391747936723,0.14166022188756067,2.489933436365586,0.11325248680590727,0.24852670506589591,0.6267361029497277,0.17520471625529332,0.2837071396640953,1.3334810701058037,0.3727759920325391,0.6036322120512666,1.871492241876364,0.300776524073634,0.4622826652014955,3.9818983869709874,0.6399500512204979,0.9835801387265861,0.08040201005025127,-0.004597989949748693,-0.004597989949748693,0.055276381909547756,-0.004723618090452297,-0.004723618090452297,0.04020100502512558,-0.00479899497487446,-0.00479899497487446,0.23950617283950615,0.07181196815393276,0.08505847000470657,0.24752475247524752,0.09547738693467334,0.00775808868905925,0.010335483762720088,0.0505050505050505,0.15719063545150502,0.028643056152673596,0.041506542014352665,0.13758389261744963,13.0,0.0,0.0,15.0,0.0,0.0,17.0,0.0,0.0,0.00012997438632499555,-0.001543087179337721,-4.783525611881352e-05,-0.07619340640574457,-0.07298757147259227,-0.07630579552603045,0.024691358024691357,-0.37581262993892117,0.7407407407407407
250,1,test,2.416137328490398,1.038967205890517,1.1475443361855249,7.839774268668144,3.3711942904419576,3.7235005034271573,11.202504041999813,7.238834997875427,7.64665810359557,36.34938374467072,23.488247825274108,24.811533986491916,2.634158737430976,1.090441733490484,1.5334756681991124,5.986724403252218,2.4782766670238265,3.4851719731798005,13.931587408915535,9.24962657428208,10.925368630583868,31.662698656626215,21.021878577913817,24.83038325132697,2.2800291834649165,0.9833568058443605,1.3403046766017161,6.90917934383308,2.9798691086192743,4.061529323035503,9.776965731101951,6.1198588045150135,7.21768947294591,29.627168882127123,18.545026680348524,21.871786281654273,0.5125628140703518,-0.00743718592964826,-0.00743718592964826,0.4120603015075377,-0.007939698492462344,-0.007939698492462344,0.3467336683417085,-0.008266331658291493,-0.008266331658291493,0.3542116630669546,0.10394197590406362,0.10787735221651473,0.34199134199134196,0.36180904522613067,0.07860102517600531,0.141441766428134,0.33838383838383834,0.33444816053511706,0.07902245101925731,0.1264392617586988,0.30536912751677847,22.0,0.0,0.0,32.0,0.0,0.0,40.0,0.0,0.0,3.817792508688218e-05,-5.454945654760627e-06,1.6158394758639663e-05,-0.04932608434168717,-0.053274499983335666,-0.05544827679718356,0.02159827213822894,-0.6136780724153027,0.0021598272138228943
35,1,test,1.1910798964266909,0.49971371399818154,0.6147025621419046,2.9668717420083026,1.2447414330500157,1.5311682002443803,3.290632831981419,1.2941916581721902,1.5110529158374575,8.196667236026443,3.2237137667198184,3.763895444904212,0.3539214878320541,-0.008027519272663763,0.05773395931219416,0.6806182458308733,-0.015437537062814921,0.11102684483114256,1.4246433302525006,-0.011482377632824337,0.07992102328000894,2.7396987120240395,-0.022081495447739297,0.15369427553847892,1.0198900917428022,0.4068058001284389,0.5759878224180133,2.233335967320005,0.8908156207192093,1.2612872023752115,2.7728899837101606,0.9267733949133701,1.2141118459725602,6.072021862139038,2.0294307917811025,2.6586390787720298,0.09547738693467334,-0.004522613065326642,-0.004522613065326642,0.045226130653266305,-0.004773869346733739,-0.004773869346733739,0.035175879396984966,-0.00482412060301507,-0.00482412060301507,0.23902439024390243,0.06728261192477936,0.08457668740910285,0.26894865525672373,0.16582914572864327,0.020465737207340018,0.020587075611781858,0.11111111111111116,0.23076923076923073,0.07050211891614222,0.10062462565243424,0.25838926174496646,13.0,-4.0,-4.0,16.0,-7.0,-7.0,17.0,-6.0,-6.0,0.0003721298219253616,-0.001347760641393322,0.00016097091459213718,-0.197910026474601,-0.1965944623667255,-0.2008473579171408,0.03414634146341464,-0.26841590659218434,0.3902439024390244
33,1,test,0.4562525071559585,0.13711637360756534,0.22190890028327082,0.8257330650982072,0.24815540008731152,0.40161426738383377,1.578148788321655,0.2022101647575234,0.314070024576651,2.8561588500299893,0.36596318161637686,0.5684089401847365,0.14793087896656504,-0.09151303867967187,-0.06238252042647349,0.24655146494427507,-0.15252173113278647,-0.10397086737745584,1.1594327524031447,-0.11110967521475357,-0.0746320021005471,1.932387920671908,-0.1851827920245892,-0.12438667016757865,0.4562525071559585,0.13711637360756534,0.22190890028327082,0.8257330650982072,0.24815540008731152,0.40161426738383377,1.578148788321655,0.2022101647575234,0.314070024576651,2.8561588500299893,0.36596318161637686,0.5684089401847365,0.04020100502512558,-0.00479899497487446,-0.00479899497487446,0.03015075376884424,-0.0048492462311557905,-0.0048492462311557905,0.01005025125628145,-0.004949748743718563,-0.004949748743718563,0.13605442176870752,0.007022163704191398,0.016144919506264066,0.13651877133105805,0.085427135678392,0.012745431417740316,0.011971376079059737,0.045454545454545414,0.13605442176870752,0.007022163704191398,0.016144919506264066,0.13651877133105805,12.0,-3.0,-3.0,12.0,-3.0,-3.0,14.0,-5.0,-5.0,-0.0013410386906915004,4.816949876880506e-05,-0.00018796312616009024,-0.0535147997770582,-0.06102058653171327,-0.0609065628623362,0.9421768707482994,0.388898682813195,0.8605442176870748
80,1,test,0.625353803897403,0.13534294520743473,0.24092928557237514,1.2589359473197719,0.27246671864128313,0.4850286933233342,1.8689070670779577,0.23657312221058158,0.4001382384419374,3.7624050166174676,0.47625904866077606,0.8055414537054792,0.8182931202751148,0.23431697499401472,0.35651552184042135,1.722722358473926,0.4932988947242416,0.7505589933482555,2.266627672994047,0.4734735568409685,0.6797353363567982,4.7718477326190465,0.9967864354546707,1.4310217607511544,0.6036305477478692,0.1337428608616636,0.22404757561907274,1.1992659889030515,0.26571429310264294,0.4451276336802771,1.8287461128052167,0.22893160982677574,0.3670712096634934,3.6332704227918216,0.454831012900879,0.7292805490003182,0.16582914572864327,-0.004170854271356772,-0.004170854271356772,0.14572864321608037,-0.004271356783919655,-0.004271356783919655,0.09547738693467334,-0.004522613065326642,-0.004522613065326642,0.14098360655737707,0.00514072603364546,0.011212614190964865,0.09868421052631582,0.16582914572864327,0.010440674550698414,0.022256524693584856,0.12121212121212122,0.14381270903010035,0.005248435240450933,0.018117492122425194,0.09731543624161076,13.0,0.0,0.0,17.0,0.0,0.0,22.0,0.0,0.0,0.001451850269893369,0.0004466916353765806,0.0001096103895541755,-0.23974167015594983,-0.23303595879299666,-0.23158134865899704,0.036065573770491806,-0.4037474957926717,0.14426229508196722
40,1,test,2.5958557929584014,1.1904973310216558,1.4519508741848741,7.806654553823428,3.580245649910715,4.366528731923628,13.40805697364503,9.331069049294957,10.269054961816247,40.32275957515307,28.061817949717927,30.882672642520923,2.9512606547588494,1.3261276140821963,1.8388736250102797,7.026811082759165,3.157446700195705,4.3782705357387615,19.130054928175795,14.050960209745131,16.08844477835018,45.54774982898999,33.45466716605984,38.30582090083376,2.833624653529102,1.3065638225905998,1.794739726688403,7.45690698297132,3.4383258489226307,4.722999280758955,17.006993699227834,12.402370551337246,14.18092971057695,44.755246576915354,32.63781724036117,37.31823608046566,0.592964824120603,-0.0020351758793969443,-0.0020351758793969443,0.49246231155778897,-0.002537688442211028,-0.002537688442211028,0.3919597989949749,-0.0030402010050251116,-0.0030402010050251116,0.37254901960784315,0.11551107591139276,0.15554022195388417,0.3194103194103194,0.3919597989949749,0.10875177894484955,0.17159252019697824,0.3282828282828283,0.3946488294314381,0.13254532358836635,0.19442636002098201,0.3422818791946308,23.0,-2.0,-2.0,31.0,-2.0,-2.0,40.0,-2.0,-2.0,0.0005458755428123009,0.0009615500871009917,0.00022809919432852717,-0.05275979807238862,-0.0525047931116287,-0.05303267606877249,0.041666666666666664,-0.23742105770517669,0.13725490196078433
267,1,test,1.4870831645396223,0.6629053835181563,0.7065753959106724,5.083504151121262,2.2661020911755414,2.415385395949958,4.424172098361179,2.1441667675892817,2.241591868410644,15.123765612837506,7.329704836723644,7.662746670737095,2.420437565416095,1.0326422817260124,1.4495503642989496,4.7929456740912775,2.0448362014376484,2.8703967609880197,11.250781190735106,7.244772992662214,8.610495305605449,22.27877463511902,14.34608513398458,17.050485753674153,2.215543310483003,0.9976686102138084,1.3797123081259894,4.887227890771331,2.2007395813539894,3.043483032630859,9.166387953624278,5.786391364805533,6.8596578033983135,20.21997342711238,12.764098598835734,15.131598095731572,0.5226130653266332,-0.002386934673366814,-0.002386934673366814,0.42713567839195976,-0.002864321608040288,-0.002864321608040288,0.321608040201005,-0.0033919597989949812,-0.0033919597989949812,0.2806652806652806,0.07713464722810515,0.08613937646195702,0.21250000000000002,0.38190954773869346,0.12376418433017211,0.16988951434971178,0.36363636363636365,0.35451505016722407,0.08907264616054622,0.14984319254764678,0.3221476510067114,20.0,0.0,0.0,30.0,0.0,0.0,37.0,0.0,0.0,0.002680623605421762,0.0006482570924006307,0.001035645955025631,-0.0945873600278091,-0.08396017532636524,-0.10084954547265923,0.037422037422037424,-0.27757665680015847,0.5654885654885655
88,1,test,0.7997420102039273,0.3338262199428069,0.46300559112031286,1.3666477389560785,0.5704625277503663,0.791212086091674,2.2249668357003998,0.6314940279310086,0.8245969313940738,3.8021585167032153,1.079135364185901,1.4091213384582275,0.2190597239458343,-0.07527029569151603,-0.04790503305922686,0.38771632556784835,-0.13322176228586907,-0.08478766913137498,1.2449056251434425,-0.0973211666376872,-0.061088793221458326,2.2033727878645,-0.17224985245608337,-0.1081217579140854,0.7997420102039273,0.3338262199428069,0.46300559112031286,1.3666477389560785,0.5704625277503663,0.791212086091674,2.2249668357003998,0.6314940279310086,0.8245969313940738,3.8021585167032153,1.079135364185901,1.4091213384582275,0.055276381909547756,-0.004723618090452297,-0.004723618090452297,0.035175879396984966,-0.00482412060301507,-0.00482412060301507,0.02010050251256279,-0.004899497487437232,-0.004899497487437232,0.16728624535315983,0.03741611548302992,0.06098216624314745,0.2276119402985075,0.14572864321608037,0.037959219657183074,0.04556169830790002,0.11111111111111116,0.16728624535315983,0.03741611548302992,0.06098216624314745,0.2276119402985075,14.0,-5.0,-5.0,15.0,-6.0,-6.0,16.0,-7.0,-7.0,-0.001449016361208824,-0.0011359090901035583,-2.0684200683070924e-05,-0.10218273615566575,-0.09399519035762349,-0.10006148617308375,0.9553903345724907,0.628777879736029,0.828996282527881
37,1,test,2.2745051049086897,0.9742019603345162,1.0477653291953077,5.234626581153491,2.242062884789006,2.411364226521258,9.72310590428197,6.052696740671863,6.313012181128782,22.37710019119439,13.929890584991224,14.528989756569109,1.828553125376719,0.6831698367554258,1.0105881985455967,2.9256850006027504,1.093071738808681,1.6169411176729545,6.224873528121292,3.0812274784091804,3.958989625412552,9.959797644994067,4.9299639654546885,6.334383400660083,2.0577920343327225,0.8215377605511238,1.1891430506432634,3.907200065188714,1.559881823831248,2.257866551854298,7.82866528927507,4.385971394775855,5.44497701387774,14.864554346724818,8.327793787549094,10.338563950400772,0.4321608040201005,-0.002839195979899567,-0.002839195979899567,0.31658291457286436,-0.003417085427135591,-0.003417085427135591,0.24623115577889443,-0.0037688442211055717,-0.0037688442211055717,0.35,0.08881373569198747,0.09584555229716518,0.36534446764091855,0.321608040201005,0.06847520812080443,0.1079185577302203,0.3282828282828283,0.3377926421404682,0.06901133997018438,0.12533435515492874,0.3489932885906041,13.0,0.0,0.0,21.0,0.0,0.0,27.0,0.0,0.0,0.00023342035722788966,-0.0011627880623139295,-0.00064683987757604,-0.10018938273683897,-0.09404686084477465,-0.08267104847162976,0.041666666666666664,-0.20758041051576795,0.20208333333333334
41,1,test,3.2009232808471673,1.451435426629953,1.987145806728884,6.6304839388977035,3.006544812304903,4.116230599652688,24.55519107193898,18.803534836857324,21.18901476179662,50.864324363302174,38.95017930491875,43.89153057800728,3.1889247050235077,1.4301139779001044,1.9931911026632299,6.377849410047015,2.860227955800209,3.9863822053264597,24.262324255906297,18.456795326804325,20.95634209846761,48.52464851181259,36.91359065360865,41.91268419693522,3.1281234946629324,1.414491600987235,1.9615924530740194,6.608711608442815,2.9883625372969753,4.144209407902858,22.831096645325626,17.28201805798924,19.62026160145619,48.23471122251893,36.5113057563153,41.45125690448491,0.6884422110552764,-0.0015577889447235815,-0.0015577889447235815,0.5226130653266332,-0.002386934673366814,-0.002386934673366814,0.4321608040201005,-0.002839195979899567,-0.002839195979899567,0.41786743515850144,0.12002570853979644,0.1705556072015122,0.3872832369942196,0.40703517587939697,0.11630835883679047,0.1683039571815672,0.3434343434343434,0.4046822742474916,0.10752033768655667,0.16330296390266397,0.35906040268456374,23.0,0.0,0.0,34.0,1.0,1.0,43.0,1.0,1.0,0.0004993135948653041,-0.0002927921312948576,0.00020321307073475472,-0.004358042442851762,-0.004325736504572575,-0.004037628866495169,0.02881844380403458,-0.37900681307231404,0.002881844380403458
222,1,test,3.4354883579836266,1.5843991397088164,1.878501060913964,6.887181849731327,3.176271860265316,3.7658629758888433,31.046570704595513,24.6798201763414,26.302064799406914,62.239587497420246,49.47605459879762,52.72819594220725,3.7717467532825357,1.7332965829791975,2.3869487775184925,5.956965110343053,2.7375080953401616,3.7698635454458733,43.45590532452815,35.7772060286264,39.461886389846214,68.63273936175479,56.50526983886233,62.32472532999522,3.717128359720057,1.7294647635865812,2.3659599405165492,6.483363418116379,3.0165083085812463,4.126674314854447,41.14606758927379,33.847605916917615,37.284132334399544,71.76639695803568,59.036521948112124,65.0304633739527,0.702020202020202,-0.0029797979797980823,-0.0029797979797980823,0.5707070707070707,-0.004292929292929237,-0.004292929292929237,0.4797979797979798,-0.005202020202020208,-0.005202020202020208,0.41981132075471694,0.12181367646732,0.15197163356019106,0.3877068557919622,0.43939393939393945,0.13712693687504773,0.20785031523286557,0.41116751269035534,0.42140468227424754,0.10754825489528264,0.18225006603398053,0.40604026845637586,24.0,0.0,0.0,35.0,0.0,0.0,42.0,1.0,1.0,-2.327091048898049e-05,7.181012347255005e-05,0.0002922389913662308,-0.007655440140286629,-0.005428651067336254,-0.00909952312031681,0.9740566037735849,-0.4566512911178194,0.0023584905660377358
114,1,test,2.2941305887175254,1.0202820451924524,1.3765115393812235,6.077734022348668,2.702986015248661,3.6467283319427937,9.915811345378694,6.341228282683686,7.412488345212353,26.269500206040572,16.79952268919932,19.637562407092428,3.3377827421467847,1.5113636099792385,2.0950679876826896,5.804839551559626,2.628458452137806,3.643596500317721,28.156626939763548,21.945023085746254,24.691619587641725,48.96804685176269,38.16525754042827,42.94194710894213,2.6721530176678563,1.1976208713857908,1.6578818044138661,5.982432129107141,2.68124075683386,3.711675681523581,14.47109219376124,10.102100947861992,11.713739051243866,32.39796759797293,22.616643913123866,26.22478892069523,0.6783919597989949,-0.0016080402010050232,-0.0016080402010050232,0.5678391959798995,-0.0021608040201005485,-0.0021608040201005485,0.48743718592964824,-0.002562814070351749,-0.002562814070351749,0.364406779661017,0.1161698262054458,0.16499328992494655,0.22662889518413598,0.44723618090452266,0.13645923854863296,0.2085049622066929,0.31313131313131315,0.4013377926421404,0.12754814322644759,0.19666593502256313,0.2651006711409396,26.0,-4.0,-4.0,39.0,-7.0,-7.0,45.0,-2.0,-2.0,0.002265944909869612,0.0010380184492489414,0.0010656651370533222,-0.08796409318102238,-0.10872103730645222,-0.10639338758160743,0.03672316384180791,-0.12268586444977844,0.9322033898305084
5,1,test,0.5196445677657714,0.17229410641363435,0.2636472371521504,0.9353602219783884,0.3101293915445418,0.47456502687387064,1.681429909087753,0.2661172582384439,0.38968062933058367,3.0265738363579553,0.4790110648291992,0.7014251327950509,0.3282124015102316,-0.07206148974815674,-0.01590694406622062,0.5610468401884302,-0.1231820337575329,-0.027191357378154812,1.388483857039488,-0.1037494943062982,-0.02226313483467024,2.3734766786999795,-0.1773495629167492,-0.03805664074302628,0.5196445677657714,0.17229410641363435,0.2636472371521504,0.9353602219783884,0.3101293915445418,0.47456502687387064,1.681429909087753,0.2661172582384439,0.38968062933058367,3.0265738363579553,0.4790110648291992,0.7014251327950509,0.07035175879396982,-0.004648241206030135,-0.004648241206030135,0.0653266331658291,-0.004673366834170856,-0.004673366834170856,0.04020100502512558,-0.00479899497487446,-0.00479899497487446,0.13011152416356875,0.03363657054575797,0.029987914769254775,0.10447761194029848,0.10552763819095479,0.02532713693782196,0.027063531346213532,0.0505050505050505,0.13011152416356875,0.03363657054575797,0.029987914769254775,0.10447761194029848,11.0,-2.0,-2.0,15.0,-6.0,-6.0,15.0,-4.0,-4.0,-0.0005126562153475235,3.3507955104735985e-05,0.00013040889136790295,-0.14999432115889455,-0.14363701577050225,-0.14773467065791923,0.040892193308550186,-0.48579751784346403,0.0037174721189591076
67,1,test,1.801032371209275,0.8315483347140581,0.9180429896389154,4.169389939349472,1.9250343948630446,2.125269521014089,6.055896171218986,3.419312443859293,3.637778582524456,14.019399636371954,7.915708307534264,8.421457418544117,1.5564297863566643,0.6494368974901802,0.9200818930784227,2.8298723388302984,1.1807943590730547,1.6728761692334957,4.741861529520951,2.2649984088229376,2.852294168645125,8.621566417310818,4.118178925132613,5.1859893975365905,1.857034603978665,0.8544803380799029,1.1757366125935698,3.815824528723284,1.7557815166025401,2.4158971491648695,6.4047160638686265,3.6794821458690823,4.4282745918503785,13.160375473702656,7.5605797517857845,9.099194366815846,0.31155778894472363,-0.003442211055276312,-0.003442211055276312,0.25125628140703515,-0.003743718592964851,-0.003743718592964851,0.18090452261306533,-0.0040954773869347205,-0.0040954773869347205,0.29653679653679654,0.08788814788814792,0.09712330680072612,0.32537960954446854,0.27135678391959794,0.08338685910756782,0.10775077390290344,0.3282828282828283,0.28093645484949836,0.08728036136034978,0.11074735585061068,0.3389261744966443,18.0,-9.0,-9.0,23.0,-8.0,-8.0,30.0,-13.0,-13.0,-0.00014014225231220157,-0.0010344123846912133,0.00011224944419232085,-0.1834906030573169,-0.16839488429520166,-0.17096703462754803,0.9718614718614719,0.5204542773612826,0.0670995670995671
224,1,test,0.7461610687619907,0.24713432944350605,0.36576883182188696,1.4447959548002878,0.4785276187950691,0.7082402858207238,2.1088885787060017,0.4617711629823278,0.6460303147380397,4.083453044118627,0.8941301499785204,1.2509122017857588,0.6411037993105079,0.13698318392967168,0.25628395801120635,1.0596757013396825,0.22641848583416813,0.4236098479524072,1.898575369327585,0.24304633594757563,0.42922578784480003,3.138141106326587,0.40172948090508376,0.7094641121401657,0.7457725510725841,0.19209772175418593,0.3066485731258521,1.4250430912214984,0.36706571035831725,0.5859526875016283,2.1080693973317186,0.3684352528635937,0.5567217889748786,4.028158084073348,0.7040164067457204,1.063799596767284,0.15577889447236182,-0.004221105527638214,-0.004221105527638214,0.10552763819095479,-0.0044723618090452,-0.0044723618090452,0.10050251256281406,-0.004497487437185921,-0.004497487437185921,0.20132013201320131,0.041517825588160084,0.05093593881890934,0.1920529801324503,0.18090452261306533,0.02551605143512048,0.02898465616899193,0.16666666666666663,0.19732441471571904,0.04039620102623653,0.05716868612839976,0.18791946308724827,14.0,-4.0,-4.0,17.0,-2.0,-2.0,20.0,-4.0,-4.0,-0.00045070930962178127,-6.539001535932545e-05,5.4284879619575255e-06,-0.14345162931501054,-0.14387499398257741,-0.15760872488580846,0.0462046204620462,-0.3186759129268811,0.33993399339933994
153,1,test,1.4779199124644946,0.623947251337411,0.8670524980282258,2.8805318039116905,1.216101012160814,1.6899239770486443,4.383817466397651,2.034857503703668,2.541788958274038,8.544255698838734,3.966028000849187,4.9540600078462145,1.0374572719449051,0.35937028316912933,0.5467328777021256,1.820100477096325,0.6304741809984726,0.9591804871967119,2.8220322232312767,0.8519269317466152,1.1885331344237988,4.950933724967152,1.4946086521870439,2.0851458498663136,1.43434695787772,0.5969318825293058,0.8421957937754634,2.7583595343802307,1.147945927940973,1.619607295722045,4.196903359002394,1.886516284193965,2.3890300915053553,8.070967998081526,3.6279159311422404,4.594288637510299,0.23115577889447236,-0.003844221105527623,-0.003844221105527623,0.1758793969849246,-0.004120603015075441,-0.004120603015075441,0.1507537688442211,-0.0042462311557789345,-0.0042462311557789345,0.3114754098360656,0.11016608086716217,0.14571750362014413,0.32565789473684215,0.22613065326633164,0.058210853767584725,0.08756637947668222,0.202020202020202,0.3076923076923077,0.11069731603955313,0.14973902626850344,0.31543624161073824,17.0,-3.0,-3.0,21.0,-4.0,-4.0,25.0,-6.0,-6.0,-0.0013285100177977314,3.3903094900393797e-06,-0.00031544162492285735,-0.0400066030114381,-0.045295046266769834,-0.04329323299390664,0.03278688524590164,0.42309111994662546,0.49836065573770494
261,1,test,1.5645086495095153,0.670000867997942,0.7307468842470667,5.023456344003342,2.1512953040478138,2.346343737174255,4.780325543454518,2.334194081494722,2.478363629815179,15.34907249326893,7.494827254867407,7.957739001855541,2.1482435276020486,0.911873215754448,1.2780750938460697,4.212242210984409,1.7879866975577414,2.5060295957766074,8.569792565595012,5.126699164375898,6.182479641850341,16.803514834500024,10.05235130269784,12.122509101667337,2.0335947077910776,0.8726589773592137,1.2262683946886306,4.587055731859573,1.968403708329053,2.7660189353878883,7.6415060276582585,4.448586436925163,5.399600215569297,17.23647976163517,10.034405496823677,12.179549358426986,0.5125628140703518,-0.0024371859296482556,-0.0024371859296482556,0.3517587939698492,-0.0032412060301507672,-0.0032412060301507672,0.2814070351758794,-0.003592964824120637,-0.003592964824120637,0.30573248407643316,0.0660718266002932,0.07601596403733246,0.2297872340425532,0.3467336683417085,0.0710444452840644,0.12302749138010582,0.26262626262626265,0.34448160535117056,0.08070865042629582,0.13536035952247205,0.2818791946308725,18.0,0.0,0.0,26.0,0.0,0.0,32.0,0.0,0.0,0.0009313207256737854,0.000704058538420558,0.0007258171881415709,-0.10835984469817461,-0.10133934538854827,-0.12077653094333396,0.021231422505307854,0.27057788089849105,0.9554140127388535
84,1,test,0.9623129431094697,0.3238935268707067,0.46766387890907546,2.1960474855575076,0.7391416382434075,1.067232954433531,2.6177441700783852,0.7242584699654058,0.9778215395758849,5.973826439409648,1.6527949699210538,2.2314388980065063,0.9753170803923109,0.3071524604832705,0.4541037760821326,1.711082597179493,0.5388639657601237,0.7966732913721625,2.652007977410177,0.7013541355168245,0.9679382777505721,4.652645574403819,1.230445851783902,1.6981373293869684,1.0207946704629742,0.34481881195379216,0.5149859074045099,2.0975232954718646,0.7085318053845042,1.0581902206941982,2.775399415801123,0.8094488860609534,1.1170732446015936,5.702875511920116,1.6632511357416853,2.2953559820580693,0.22613065326633164,-0.003869346733668344,-0.003869346733668344,0.1306532663316583,-0.004346733668341707,-0.004346733668341707,0.09547738693467334,-0.004522613065326642,-0.004522613065326642,0.2535211267605634,0.036924783581941734,0.06974791072928288,0.21751412429378536,0.23115577889447236,0.025641994433319493,0.04918582897794477,0.1717171717171717,0.2642140468227425,0.04885511527015485,0.08178913024877144,0.22483221476510062,14.0,0.0,0.0,19.0,0.0,0.0,20.0,0.0,0.0,-2.7697003091866094e-05,0.0001451086577638127,3.2988628641881474e-05,-0.21004022683832702,-0.2183218363957229,-0.2132903953495262,0.03943661971830986,0.5991583598165878,0.008450704225352112
24,1,test,0.25175651211300043,0.023487943101161285,0.07031591506457385,0.467547808209858,0.043620465759299565,0.13058669940563716,1.286282804869997,0.029860088538673724,0.08733949104729755,2.3888109233299946,0.05545445014325123,0.16220191194498135,0.2954898072309511,-0.15801346280954742,-0.13521412996357757,0.518403170580616,-0.2772166014202586,-0.23721777186592552,1.3437843928306274,-0.2300316488713825,-0.19455564443218099,2.357516478650224,-0.40356429626558343,-0.3413256919862824,0.25175651211300043,0.023487943101161285,0.07031591506457385,0.467547808209858,0.043620465759299565,0.13058669940563716,1.286282804869997,0.029860088538673724,0.08733949104729755,2.3888109233299946,0.05545445014325123,0.16220191194498135,0.07035175879396982,-0.004648241206030135,-0.004648241206030135,0.055276381909547756,-0.004723618090452297,-0.004723618090452297,0.035175879396984966,-0.00482412060301507,-0.00482412060301507,0.1029411764705882,-0.0016459794927145,0.01003164101826548,0.07011070110701112,0.11055276381909551,0.017820934245160625,0.023741411565339265,0.06565656565656564,0.1029411764705882,-0.0016459794927145,0.01003164101826548,0.07011070110701112,13.0,-4.0,-4.0,15.0,-6.0,-6.0,18.0,-9.0,-9.0,4.4296910513902485e-05,0.0004082306203003777,0.00017816587153060315,-0.08522865224220078,-0.07457478995863753,-0.07920140216089955,0.03676470588235294,-0.3532565054548114,0.08088235294117647
211,1,test,3.999006279266338,1.8230862165188575,1.8565504083485922,8.83990861732559,4.029980057568,4.103953534244257,54.54392166782466,45.73363425627396,46.02358486491582,120.5707742130861,101.09540204018454,101.73634549086655,4.924236440253338,2.3108629115433517,3.1513880926537072,8.715462726112104,4.090022852289119,5.577678040095058,137.58424773188182,123.93924262115041,131.69664830142858,243.51194288828643,219.36149136486802,233.09141292288245,4.479115042967658,2.058884614606253,2.8207080947526357,9.267134571657223,4.259761271599144,5.835947782246832,88.15662332182673,76.90817234342543,82.90568416187438,182.3930137692967,159.12035657260435,171.52900171422286,0.7839195979899498,-0.0010804020100502187,-0.0010804020100502187,0.7336683417085428,-0.001331658291457205,-0.001331658291457205,0.6331658291457287,-0.0018341708542712887,-0.0018341708542712887,0.4433399602385686,0.12258524325743647,0.12564690061002504,0.3784860557768924,0.457286432160804,0.10891550484250823,0.19852182448133826,0.4242424242424242,0.4548494983277592,0.11261243655814324,0.20012202335556795,0.3926174496644296,28.0,1.0,1.0,39.0,0.0,0.0,45.0,1.0,1.0,0.001501618540089082,0.0005641100916372944,0.0010077431737752736,-0.007307890578346132,-0.007497882028751235,-0.00807391425185866,0.9781312127236581,0.4969949028955549,0.32803180914512925
96,0,test,3.716908898961111,1.6406872700849955,2.1490843033472715,7.243207085154985,3.197236731447684,4.187959155240836,41.13703863284005,33.16275650839154,36.34083547741806,80.16448554091907,64.62485883686556,70.81803836625058,3.5689582015433343,1.5312736645230252,2.173376262368231,6.489014911896971,2.7841339354964094,3.9515932043058744,35.479611286866735,27.806788808685596,31.442287921099087,64.50838415793952,50.55779783397381,57.16779622018016,3.7009762640801855,1.6696388827437967,2.3107329048233884,6.770078531853998,3.0542174684337744,4.22695043565254,40.48681089172057,32.862534783679244,36.47098366890449,74.06123943607422,60.11439289697422,66.71521402848381,0.6783919597989949,-0.0016080402010050232,-0.0016080402010050232,0.5728643216080402,-0.0021356783919597166,-0.0021356783919597166,0.457286432160804,-0.0027135678391959628,-0.0027135678391959628,0.4036939313984169,0.07737814192473269,0.12998914156459485,0.373015873015873,0.3919597989949749,0.08445979899497491,0.14570355939430935,0.31818181818181823,0.4013377926421404,0.08467112597547377,0.1549448958607864,0.36241610738255037,24.0,0.0,0.0,36.0,0.0,0.0,43.0,0.0,0.0,0.0006343283285266864,-0.00016289171795805097,0.00019152436505075595,0.00019112094891227116,-0.00020623617343673573,7.15412892633438e-05,0.0316622691292876,0.44605044540518896,0.002638522427440633
25,0,test,3.3598896014594324,1.5708244750656724,2.1467385155155845,5.885599715659971,2.751651149425385,3.760493675454886,28.786012770018026,22.802157068120238,25.421944332667184,50.425153404031576,39.94308893312097,44.53223352067217,3.3739837287730965,1.5508304335096132,2.1330219344313672,5.919269699601924,2.7207551465080932,3.7421437446164334,29.194599068915593,23.003248210506918,25.735660415857993,51.21859485774666,40.35657580790688,45.150281431329816,3.3598896014594324,1.5708244750656724,2.1467385155155845,5.885599715659971,2.751651149425385,3.760493675454886,28.786012770018026,22.802157068120238,25.421944332667184,50.425153404031576,39.94308893312097,44.53223352067217,0.7437185929648241,-0.0012814070351758744,-0.0012814070351758744,0.5778894472361809,-0.002110552763819218,-0.002110552763819218,0.4321608040201005,-0.002839195979899567,-0.002839195979899567,0.41501976284584985,0.11127222832908457,0.16534827795754503,0.4087301587301587,0.4170854271356784,0.10129595345146791,0.15498192129260668,0.40909090909090906,0.41501976284584985,0.11127222832908457,0.16534827795754503,0.4087301587301587,20.0,0.0,0.0,31.0,0.0,0.0,41.0,0.0,0.0,0.0002622440603376358,-6.555334581140638e-05,7.758281214189181e-05,-6.550611697964115e-05,-0.000128814918206821,0.00012090384720320202,0.9525691699604744,0.34358864565744285,0.003952569169960474
97,0,test,2.7864800175861455,0.3077281581265887,0.3077281581265887,10.116133976888833,1.1171870088508769,1.1171870088508769,16.223811643331093,4.297442304196563,4.297442304196563,58.89949009644114,15.601584017409266,15.601584017409266,3.201973202529207,1.1721658319526287,1.6655280030058952,6.602006603153004,2.4168367669126365,3.434078356713186,24.580985638219722,16.96836583524949,19.932947617546454,50.68244461488603,34.986321309792764,41.09886106710609,3.1173250057162476,1.257846404418066,1.7068095377562764,7.138912226831102,2.8805642849268684,3.9087241322662822,22.585881659038,16.16549334260641,18.487814376934587,51.72339311230077,37.02021376169407,42.33850620672043,0.6080402010050252,-0.001959798994974782,-0.001959798994974782,0.5125628140703518,-0.0024371859296482556,-0.0024371859296482556,0.44723618090452266,-0.0027638190954772934,-0.0027638190954772934,0.41247002398081534,0.018530630041421414,0.018530630041421414,0.3769507803121248,0.44221105527638194,0.10386519061472776,0.15339636412446211,0.35858585858585856,0.44147157190635455,0.12761514452738965,0.16560950294083732,0.3825503355704698,26.0,-6.0,-6.0,39.0,-8.0,-8.0,44.0,-4.0,-4.0,0.0012289127471765708,0.0010354594128605347,0.00015952761641564524,-0.01738395420362071,-0.029677895662062248,-0.02890714840541264,0.011990407673860911,-0.5503793948199351,0.002398081534772182
91,0,test,3.4134931059519724,1.6342109361647665,2.2158303116757105,6.890591673505535,3.2988730077860193,4.472949386923018,30.371148824508442,24.44554750860874,27.05878263698762,61.30821967680276,49.34660211365119,54.62176619267687,3.7281582076383297,1.774215178829989,2.4180948719677082,6.21359701273055,2.957025298049982,4.030158119946181,41.60241454950826,34.54595794024203,37.89600609686692,69.33735758251377,57.57659656707006,63.160010161444866,3.5343995831811794,1.689404166143216,2.2949348964383773,6.753629776779324,3.228160827025253,4.385225916761231,34.27442959103823,27.946358802010806,30.82066546694254,65.49254061981827,53.40068560893785,58.89299133810677,0.7738693467336684,-0.0011306532663316604,-0.0011306532663316604,0.6432160804020101,-0.001783919597989958,-0.001783919597989958,0.5276381909547738,-0.002361809045226204,-0.002361809045226204,0.441358024691358,0.1347324468793395,0.2072717823915633,0.40866873065015474,0.48743718592964824,0.15410385259631487,0.2320114764137885,0.45959595959595956,0.45150501672240806,0.13764858934344315,0.215687441638982,0.42281879194630867,25.0,1.0,1.0,38.0,0.0,0.0,47.0,0.0,0.0,0.0005181973042934066,0.00038901319674100436,0.0005177352416671819,-0.0019255036842205087,-0.0034851065177816665,-0.004311898207048692,0.9660493827160493,-0.49743603306965556,0.7901234567901234
92,0,test,3.1076172610574453,1.3819344434519196,1.9191073878143639,7.4142364574835105,3.2970561918577292,4.578657783525608,22.367684501720284,16.75132983516825,19.085497814363144,53.36542050410429,39.96577118154314,45.53469163584277,3.2688746218594145,1.4528900437406835,2.017026928517387,7.60203400432422,3.378814055210892,4.690760298877644,26.281745792210476,20.134620267997217,22.784947789669275,61.12033905165227,46.82469829766795,52.98825067364948,3.1076901693198438,1.3800823334221093,1.9172155273241174,7.39926230790439,3.2859103176716893,4.564798874581232,22.369315350181623,16.742138685230422,19.080673585690445,53.26027464328958,39.86223496483434,45.43017520402487,0.7386934673366834,-0.0013065326633165952,-0.0013065326633165952,0.5628140703517588,-0.0021859296482411583,-0.0021859296482411583,0.44723618090452266,-0.0027638190954772934,-0.0027638190954772934,0.4139072847682119,0.09489902030540198,0.15840067683869652,0.32558139534883723,0.4170854271356784,0.09628342212314711,0.15832081945621268,0.30808080808080807,0.4147157190635451,0.09251204627556509,0.1577635499867931,0.325503355704698,26.0,0.0,0.0,38.0,0.0,0.0,46.0,0.0,0.0,0.0012920836121564291,0.00047806037336962454,0.00014575460360697162,0.0004951882937413998,9.202525539642181e-05,-5.081944426521545e-05,0.06622516556291391,-0.28165164622275296,0.7781456953642384
230,0,test,2.4631217684845934,1.0626564058626786,1.3087496561886145,5.885715388646325,2.5392545512183777,3.1273029575204685,11.741408345420414,7.6843208009168,8.569377232631677,28.05650482539413,18.361952611493052,20.47682582913732,2.968613433862702,1.2838680769380664,1.8021430224445303,5.182053274900682,2.2411381343041685,3.1458461532145745,19.464911488958748,14.073833532081636,16.254271112664817,33.97822268686659,24.567481341089877,28.37368378438859,2.6789054325707538,1.187288025474334,1.647504789089515,5.304587578401692,2.3509875471312975,3.262277694952086,14.569137661658376,10.124859746010898,11.764145783505663,28.848822257191088,20.04856333812754,23.29456681634565,0.6363636363636364,-0.0036363636363636598,-0.0036363636363636598,0.5,-0.0050000000000000044,-0.0050000000000000044,0.40909090909090906,-0.005909090909090975,-0.005909090909090975,0.37317073170731707,0.10764089005080058,0.13367904060272273,0.34474327628361856,0.41414141414141414,0.12446887006080964,0.18091993763134706,0.41116751269035534,0.3791946308724832,0.11453801445707279,0.16714105944391178,0.3602693602693603,20.0,0.0,0.0,28.0,1.0,1.0,36.0,1.0,1.0,0.0006037935840229447,0.0011342039891503687,0.0001516438957238943,-0.03896682295004528,-0.04879481416752984,-0.044441807211699214,0.973170731707317,0.45348196008094466,0.3463414634146341
103,0,test,1.9241178598027708,0.79369143529993,0.8828910238595575,7.020023754124171,2.895733595977088,3.2211727198626043,6.849104130158955,3.75212728475643,4.016414000647405,24.988528349876812,13.689401890478537,14.653635455487017,3.190806407903803,1.3727265301207279,1.919792899608271,6.3184285305025805,2.718270356674709,3.8015700982342002,24.30802172238462,18.148002624891113,20.743558376947764,48.13469647996954,35.93663886117052,41.076353221678744,2.582415378475359,1.0808648893975703,1.5251030528108107,6.6215778935265615,2.771448434352744,3.9105206482328474,13.229052770521642,8.74040950041775,10.350428990832397,33.92064812954267,22.41130641132756,26.53956151495486,0.542713567839196,-0.0022864321608039306,-0.0022864321608039306,0.4773869346733668,-0.0026130653266331905,-0.0026130653266331905,0.4120603015075377,-0.0029396984924623393,-0.0029396984924623393,0.29828326180257514,0.08713642364609064,0.09593722074685662,0.2494623655913979,0.4120603015075377,0.13887734411405395,0.19503192087314702,0.38383838383838387,0.34448160535117056,0.1024114884897348,0.15093321825439632,0.31879194630872487,25.0,1.0,1.0,36.0,-1.0,-1.0,43.0,0.0,0.0,0.00022488716710864247,0.001693564043267347,0.0010198057663544891,-0.1257132499775473,-0.1353985504950348,-0.1455145556209798,0.03648068669527897,-0.40735768199797984,0.44420600858369097
42,0,test,3.965779517285503,1.8413608319168633,2.512081741616967,7.168909127400716,3.3286138115420214,4.541070840615286,52.76138177275773,44.393350158008474,48.4824740345604,95.37634397383128,80.24951759332302,87.64139537016686,4.181751517307519,1.920738554013679,2.6455907621391117,6.855330356241835,3.1487517278912773,4.337034036293627,65.48044296090248,55.887641558331865,60.8337268603903,107.34498846049587,91.61908452185551,99.72742108260704,3.965779517285503,1.8413608319168633,2.512081741616967,7.168909127400716,3.3286138115420214,4.541070840615286,52.76138177275773,44.393350158008474,48.4824740345604,95.37634397383128,80.24951759332302,87.64139537016686,0.7587939698492463,-0.001206030150753712,-0.001206030150753712,0.6482412060301508,-0.0017587939698492372,-0.0017587939698492372,0.5527638190954773,-0.0022361809045226,-0.0022361809045226,0.4341637010676157,0.1002383014228555,0.17972583124513053,0.4,0.4623115577889447,0.13900328711225296,0.21356364460029698,0.4292929292929293,0.4341637010676157,0.1002383014228555,0.17972583124513053,0.4,27.0,0.0,0.0,41.0,0.0,0.0,47.0,0.0,0.0,0.0007049660068201445,0.0005045066088242049,8.561603777841546e-05,-0.00025954392907312496,0.0001733692814402943,2.277625207813827e-05,0.03558718861209965,-0.4180242594420767,0.505338078291815
262,0,test,1.176903582052358,0.2820609743115161,0.2820609743115161,11.237010913568403,2.693102727330503,2.693102727330503,3.2443128852605687,0.7973622571955734,0.7973622571955734,30.976521657898854,7.6131711406207465,7.6131711406207465,2.302141263123939,0.9985200106801715,1.3968343702472514,8.85438947355361,3.84046157953912,5.372439885566351,9.995562686078003,6.312954481262634,7.522872028302503,38.44447186953078,24.280594158702435,28.93412318577886,1.7110445069808693,0.727684108008159,1.009000639487589,9.33297003807747,3.9691860436808675,5.503639851750485,5.534739533568906,2.8613145948613097,3.516866773413505,30.189488364921306,15.607170517425327,19.182909673164573,0.4723618090452262,-0.0026381909547738003,-0.0026381909547738003,0.40201005025125625,-0.002989949748743781,-0.002989949748743781,0.3266331658291457,-0.0033668341708542604,-0.0033668341708542604,0.2701149425287356,0.04333097380928297,0.04333097380928297,0.20431654676258992,0.37688442211055273,0.13127038702283345,0.18489777770320714,0.28787878787878785,0.29431438127090304,0.08897214420913346,0.11633885290605317,0.21140939597315433,17.0,0.0,0.0,26.0,0.0,0.0,34.0,1.0,1.0,0.004082410116099254,0.0001344185902410694,0.0007517853060804726,-0.22514376805766734,-0.2088769064608833,-0.2223888991337475,0.014367816091954023,-0.3062781787097154,0.12643678160919541
146,0,test,3.897886717532676,1.8810409531580148,2.5447342280097227,6.221978797939483,3.002600582505752,4.062017077574206,49.298158013074534,41.7835732717106,45.428552800734074,78.69189541993119,66.69678362620472,72.5150608086835,3.9887406507406933,1.9049410139666008,2.5898633804290876,5.698200929629563,2.721344305666573,3.6998048291844112,53.98685822491808,45.951917381707915,49.936208596590504,77.1240831784544,65.64559625958273,71.33744085227214,3.986564273461832,1.9161505262626455,2.600744582735587,6.261619277688741,3.009660512454417,4.0849391351867865,53.8694902181791,45.94138754855466,49.871388449201014,84.61176474059545,72.15924745846281,78.33202374220053,0.8090452261306533,-0.0009547738693467256,-0.0009547738693467256,0.6783919597989949,-0.0016080402010050232,-0.0016080402010050232,0.5728643216080402,-0.0021356783919597166,-0.0021356783919597166,0.4365781710914455,0.10226300172472969,0.1784819983730942,0.4349112426035503,0.4522613065326633,0.1139154418710091,0.19015780068959154,0.45959595959595956,0.4481605351170569,0.11594016783825889,0.18787132488346403,0.4530201342281879,24.0,0.0,0.0,39.0,0.0,0.0,47.0,0.0,0.0,-0.000239934028659788,9.833714834818662e-05,-5.3142079888754134e-05,0.0003490780111610192,-5.1295171446419374e-05,0.00017032920177317834,0.029498525073746312,-0.42354990038420026,0.0029498525073746312
199,0,test,3.529575409810821,1.6333772286797419,2.2424071831574315,6.293475730720882,2.912423947434249,3.998366247217219,34.10948198833434,27.448957848495915,30.48696810891385,60.819552540045876,48.94337986742393,54.36036112541781,4.020159022311619,1.833408786194385,2.533772047538916,6.091150033805483,2.7778921002945225,3.839048556877145,55.70996424972869,46.80374133672599,51.288871142803956,84.40903674201317,70.91475960109999,77.71041082243023,3.6498819106460134,1.718307711645921,2.3421811648489985,6.221389620419341,2.9289335993964563,3.992354258265338,38.470122868829435,31.569758626177347,34.772460803134734,65.57407307186836,53.81208856734775,59.27124000534329,0.7889447236180904,-0.001055276381909609,-0.001055276381909609,0.6733668341708543,-0.001633165829145744,-0.001633165829145744,0.507537688442211,-0.0024623115577889765,-0.0024623115577889765,0.4107142857142857,0.0749044788792188,0.1503182461103253,0.3731343283582089,0.4371859296482412,0.1013463306507475,0.16840462747795737,0.43434343434343436,0.42140468227424754,0.08918431499544954,0.1677895543543365,0.3926174496644296,28.0,0.0,0.0,40.0,0.0,0.0,48.0,1.0,1.0,0.000994705759409864,0.00022518598545286504,0.0006171938709452809,0.00036092479082938667,-3.9674596296279674e-05,0.0001777382952132811,0.02976190476190476,-0.4841332101400391,0.6101190476190477
108,0,test,4.210029934148468,2.004921116654282,2.7192800791694083,6.627272001602135,3.156071997029947,4.2805892155346195,67.3585561009574,58.28731747735024,62.91813215602383,106.0333251541387,91.75371985669011,99.04337549919542,4.184024281518992,1.8890402561838302,2.618233284994497,6.152976884586753,2.778000376740927,3.850343066168378,65.62943381462169,55.705156340609044,60.842974302878496,96.5138732567966,81.91934755971917,89.47496221011542,4.1657779063708436,1.9566717918725658,2.668218945341051,6.577544062690806,3.0894817766408935,4.212977282117449,64.44279340966379,55.33522178255862,59.972030975400855,101.7517790678902,87.37140281456624,94.69268048747503,0.7738693467336684,-0.0011306532663316604,-0.0011306532663316604,0.6582914572864322,-0.0017085427135676845,-0.0017085427135676845,0.5577889447236181,-0.00221105527638199,-0.00221105527638199,0.448170731707317,0.11940360841964581,0.1936068371839904,0.4067278287461774,0.4773869346733668,0.15157239833251468,0.21361397974849206,0.40909090909090906,0.4548494983277592,0.12596802921256722,0.19678498219872698,0.40268456375838924,26.0,1.0,1.0,41.0,0.0,0.0,49.0,0.0,0.0,0.0006457455135112999,5.576991627754368e-05,4.800684346066565e-05,0.00039251620327895864,-8.686395899459853e-06,-0.0001419379254530284,0.9664634146341463,0.5309740964073835,0.018292682926829267
39,0,test,3.2150052453132063,1.4811817728943226,2.0389654973711977,5.980359407365824,2.755205255873355,3.79276099511006,24.90342253707387,19.241160461210136,21.66191098982837,46.32384891511642,35.79124952924403,40.29418407898144,3.1631484183268714,1.4225715058650419,1.9744481040183985,5.598492775799773,2.5178256740974194,3.4945984141918562,23.644922970178232,17.94429173078635,20.362111160168915,41.849421186156164,31.759808373073184,36.03913479675914,3.2150052453132063,1.4811817728943226,2.0389654973711977,5.980359407365824,2.755205255873355,3.79276099511006,24.90342253707387,19.241160461210136,21.66191098982837,46.32384891511642,35.79124952924403,40.29418407898144,0.6834170854271358,-0.0015829145728643024,-0.0015829145728643024,0.542713567839196,-0.0022864321608039306,-0.0022864321608039306,0.44221105527638194,-0.0027889447236180143,-0.0027889447236180143,0.41509433962264153,0.1100095938599297,0.17544565706304305,0.41287878787878785,0.4321608040201005,0.13140892432085238,0.19176013624046773,0.4191919191919192,0.41509433962264153,0.1100095938599297,0.17544565706304305,0.41287878787878785,21.0,-4.0,-4.0,35.0,-6.0,-6.0,44.0,-5.0,-5.0,0.0003233938895587081,-0.0002908707016594406,-3.9777750792010446e-05,-0.01573956833005674,-0.011442252681039378,-0.012367267387469738,0.9547169811320755,-0.26356830821959554,0.21509433962264152
250,0,test,1.3116120366056565,0.46911194509272347,0.5944871840897012,7.407836995477018,2.649491408199748,3.357596631267186,3.712153018036288,1.3899876666223108,1.66361812254295,20.96582197510636,7.850493722754177,9.39592770619328,2.0223223877086154,0.8449709341297187,1.178214801018142,7.631405236636284,3.1885695627536554,4.446093588747705,7.55585219149774,4.310085945437514,5.229950968586676,28.512649779236753,16.264475265801938,19.735664032402546,1.5450401751052247,0.6136012843585997,0.8603541790062188,7.96494848890452,3.1632204141934706,4.435274129704473,4.688159970558755,2.1500012861468756,2.7050109493284573,24.16827295167358,11.083627319964064,13.944797824986356,0.3919597989949749,-0.0030402010050251116,-0.0030402010050251116,0.3015075376884422,-0.0034924623115578646,-0.0034924623115578646,0.24623115577889443,-0.0037688442211055717,-0.0037688442211055717,0.245,0.06397627965043695,0.07491202346041059,0.1528822055137845,0.3015075376884422,0.07343736224984565,0.1128597914447026,0.202020202020202,0.2651006711409396,0.07079581351949904,0.0976899568552253,0.16161616161616166,23.0,0.0,0.0,32.0,0.0,0.0,34.0,0.0,0.0,0.001634511905058772,0.0019886514935981204,0.000525678951962388,-0.2232055006312823,-0.24422302335806023,-0.23227962884114461,0.03,-0.1423399388742586,0.1475
242,0,test,1.6247086005334053,0.4696669302583669,0.5216086378171412,6.858283207561366,1.9825763339224869,2.2018346923785517,5.076939404174107,1.9027837214619763,2.0634461279622323,21.43097429903583,8.032104735728872,8.710299141929069,2.1148152253719226,0.7043108438395222,0.9966910044318393,6.821984597973944,2.271970463998459,3.215132272360772,8.288054202493782,4.190032353064628,5.2289435999898775,26.73565871772188,13.51623339698267,16.867559999967348,1.6710568128625183,0.5464576718835632,0.7664905373343336,7.060803434630359,2.308976078381253,3.2386924112718325,5.317784731938759,2.238802368287583,2.846924713776483,22.46951295185391,9.459728316708096,12.029259353985138,0.40201005025125625,-0.002989949748743781,-0.002989949748743781,0.31155778894472363,-0.003442211055276312,-0.003442211055276312,0.2613065326633166,-0.003693467336683409,-0.003693467336683409,0.2710084033613446,0.06009549675064152,0.06670732809252733,0.2231578947368421,0.31155778894472363,0.0634374881928439,0.10287665371934795,0.2272727272727273,0.27090301003344486,0.05888297664446318,0.0851410523026328,0.1912751677852349,21.0,0.0,0.0,31.0,0.0,0.0,35.0,0.0,0.0,-0.00027800620430899243,0.0013616752916023158,2.3788811977090843e-05,-0.16619510056609155,-0.20474680790093647,-0.18407989791544122,0.02100840336134454,-0.3916971873171243,0.06932773109243698
55,0,test,1.1929316722173238,0.392008629315737,0.392008629315737,6.6463336023536606,2.1840480776162483,2.1840480776162483,3.2967319915907254,1.0691358449606874,1.0691358449606874,18.367506810291186,5.956613993352402,5.956613993352402,1.740634568722134,0.6223943085797006,0.9364348406899166,4.973241624920384,1.7782694530848593,2.675528116256905,5.700959925945848,2.6414943260913204,3.4660526765957154,16.288456931273853,7.547126645975201,9.90300764741633,1.4135427505507836,0.5231878488569272,0.7637673129578048,5.367883862851078,1.9867892994566856,2.900382201105588,4.110492087051497,1.6744980507468399,2.1953813682018177,15.609463621714548,6.358853357266481,8.336891271652473,0.37688442211055273,-0.003115577889447274,-0.003115577889447274,0.2864321608040201,-0.003567839195979916,-0.003567839195979916,0.23115577889447236,-0.003844221105527623,-0.003844221105527623,0.26788990825688075,0.0635888329880635,0.0635888329880635,0.2279411764705882,0.29648241206030146,0.07593103361418618,0.11785136030737997,0.25757575757575757,0.2876254180602007,0.06725813926220403,0.1007511132771084,0.24161073825503354,20.0,-11.0,-11.0,24.0,-15.0,-15.0,30.0,-18.0,-18.0,0.0008753909531564611,0.0006109350473746971,0.0007471103974485955,-0.22292918442882392,-0.22570116465443224,-0.23670429584992725,0.9761467889908257,0.42861431321872334,0.12844036697247707
40,0,test,2.9449256885071837,1.2577070903980228,1.442685317450377,8.378788571817212,3.578379528164697,4.1046724193265565,19.009249728256098,13.604821833343816,14.517508755648212,54.08438148490928,38.707912441965306,41.30465394348943,3.1880072427319184,1.3074516524235364,1.8514995139078017,7.413970331934694,3.0405852381942706,4.305812823041399,24.240074696421797,17.682927758786057,20.43434506524787,56.37226673586464,41.12308781113036,47.52173270987876,3.093291953336835,1.3050457047168222,1.833327961914153,8.140241982465355,3.4343308018863743,4.824547268195139,22.04954470404038,16.070587042856147,18.524250159801667,58.02511764221152,42.29101853383196,48.74802673632018,0.6180904522613065,-0.0019095477386934512,-0.0019095477386934512,0.4773869346733668,-0.0026130653266331905,-0.0026130653266331905,0.371859296482412,-0.003140703517587995,-0.003140703517587995,0.3545454545454545,0.07985759983489826,0.10234604105571843,0.32801822323462415,0.36180904522613067,0.07108222818352417,0.11640003020108891,0.31818181818181823,0.35785953177257523,0.07238373878426141,0.12760369195055077,0.325503355704698,25.0,0.0,0.0,32.0,1.0,1.0,42.0,0.0,0.0,0.0005770239192655204,0.0004562330554781899,-2.642027118225714e-06,-0.00486031079374083,-0.006915527201589278,-0.005839386153787984,0.031818181818181815,-0.37243957095790325,0.02727272727272727
188,0,test,2.744650804986889,1.238116208486443,1.3093827427255103,8.952350947809585,4.038419310902089,4.270872570232201,15.559179795460398,11.048108800449079,11.358408869433212,50.75007637982385,36.03611326857887,37.048232956674774,3.247836845110278,1.4574225475056926,2.02947194964118,7.553108942116926,3.389354761641145,4.719702208467861,25.734611713392336,19.742677317106313,22.352957860311754,59.84793421719148,45.91320306303794,51.98362293095757,2.8093009765382955,1.2674201972309187,1.7404709074722513,7.950851820391402,3.58703829404977,4.925861058883729,16.598311553393103,11.924939962271848,13.686340851659281,46.97635345299935,33.74983008190146,38.73492693865834,0.5728643216080402,-0.0021356783919597166,-0.0021356783919597166,0.457286432160804,-0.0027135678391959628,-0.0027135678391959628,0.3919597989949749,-0.0030402010050251116,-0.0030402010050251116,0.3628865979381444,0.11159926529138842,0.11557476998115512,0.3347107438016529,0.3869346733668342,0.12127051296583169,0.1866007835504736,0.3535353535353535,0.35451505016722407,0.10242823881497032,0.15762962191360896,0.31879194630872487,19.0,0.0,0.0,32.0,0.0,0.0,39.0,0.0,0.0,0.0001172588077941809,0.0009945638476309493,0.00045348712078378735,-0.05190571076341044,-0.05608830251186436,-0.06197989667403103,0.9731958762886598,0.6992807813333874,0.13402061855670103
254,0,test,3.009239526994052,1.3095478090799746,1.8233230511934082,5.715390180765682,2.4871987165259952,3.4630020540651785,20.271977770046515,14.799717638150115,16.99829206926695,38.502173606419284,28.108816233608856,32.28452594450701,3.269638314502707,1.3533927275235198,1.9289844108351102,5.637307438797771,2.333435737109517,3.325835191095018,26.301824634180946,19.506426847477503,22.480283025589323,45.34797350720853,33.63177042668535,38.759108664809176,3.009239526994052,1.3095478090799746,1.8233230511934082,5.715390180765682,2.4871987165259952,3.4630020540651785,20.271977770046515,14.799717638150115,16.99829206926695,38.502173606419284,28.108816233608856,32.28452594450701,0.6834170854271358,-0.0015829145728643024,-0.0015829145728643024,0.5226130653266332,-0.002386934673366814,-0.002386934673366814,0.4321608040201005,-0.002839195979899567,-0.002839195979899567,0.3992395437262357,0.10891696308107446,0.16030149062889054,0.3587786259541985,0.40703517587939697,0.09625823352350726,0.14493167003632523,0.38383838383838387,0.3992395437262357,0.10891696308107446,0.16030149062889054,0.3587786259541985,20.0,0.0,0.0,32.0,0.0,0.0,39.0,0.0,0.0,0.0005861868348645545,0.0002425340611740351,-1.2224461999256226e-05,-0.00013480533558407615,-0.00018378111340844328,8.585827751517172e-05,0.9239543726235742,0.31015895288586814,0.053231939163498096
5,0,test,3.1850676324741802,1.4450890076479854,2.0068636128280257,6.818736339944723,3.0937116783449823,4.296384072533238,24.168922954627877,18.47170131236023,20.92038829844543,51.74191956483715,39.54505069688388,44.78731016005219,3.156349345210977,1.387185549686332,1.9477651435749899,5.791466688460508,2.545294586580425,3.573880997385302,23.484704695173086,17.618758515655763,20.135964541289635,43.09120127554694,32.3279972764326,36.94672392897181,3.1823907608814994,1.4451708541207715,2.003476592903392,6.7233607624257035,3.053177860818532,4.232697027260688,24.104312367049534,18.422786093546538,20.853469950070455,50.924603592358174,38.92137907087297,44.05662665507843,0.7336683417085428,-0.001331658291457205,-0.001331658291457205,0.5477386934673367,-0.002261306532663321,-0.002261306532663321,0.3919597989949749,-0.0030402010050251116,-0.0030402010050251116,0.40594059405940597,0.06986151662942242,0.1402984425775179,0.3807947019867549,0.37688442211055273,0.06610747975466302,0.12312816167649598,0.33838383838383834,0.40802675585284276,0.07580638857404476,0.14328815741012868,0.3825503355704698,20.0,0.0,0.0,31.0,0.0,0.0,38.0,0.0,0.0,-2.71813363154268e-05,-1.7623691898477826e-05,8.563979987525262e-05,0.0004912393671849813,8.815173034548707e-05,-5.432400123339676e-05,0.036303630363036306,-0.5490238391345773,0.0033003300330033004
116,0,test,1.7442436641355152,0.7373603120021708,0.9695632510918646,7.6057136517537005,3.215233918614117,4.2277467344122,5.721572408099744,2.984515143781968,3.5516738630119056,24.948716895783768,13.013874173467883,15.486949984063541,2.3543583043188736,1.011189404170926,1.416360673327052,6.631995223433447,2.8484208568195095,3.98974837556916,10.531368759114057,6.700203890667405,7.976508239562845,29.665827490462135,18.873813776527903,22.469037294543227,2.029390286034001,0.8826987049829944,1.2295214574727749,7.247822450121432,3.1524953749392655,4.391148062402767,7.609445358973679,4.4616838093813795,5.38419633874142,27.17659056776314,15.934585033504927,19.229272638362215,0.5025125628140703,-0.0024874371859296973,-0.0024874371859296973,0.40201005025125625,-0.002989949748743781,-0.002989949748743781,0.2864321608040201,-0.003567839195979916,-0.003567839195979916,0.31016042780748665,0.09120181632551072,0.12052210913690986,0.2305630026809652,0.3467336683417085,0.09360083626150795,0.14139143127993892,0.29292929292929293,0.3377926421404682,0.10406977068804757,0.14980599030509556,0.261744966442953,18.0,-3.0,-3.0,28.0,-4.0,-4.0,34.0,-6.0,-6.0,0.001447460488706639,0.0007836520263602637,0.0005762043012749537,-0.10229864655993293,-0.11464612009535635,-0.11081284878740849,0.026737967914438502,-0.5924905101738113,0.8021390374331551
206,0,test,2.5097021625717932,1.047042180784258,1.047042180784258,10.114860230971168,4.219897274069889,4.219897274069889,12.301265737500284,7.983837188300943,7.983837188300943,49.57782857841024,32.177283213455325,32.177283213455325,3.7729229693623942,1.6376388155407162,2.306641353497801,8.478478582836841,3.6800872259341935,5.183463715725396,43.50704893120559,35.04759898080134,39.17395588723477,97.76864928360806,78.75864939505918,88.03136154434779,3.547506085515994,1.5682850741200636,2.179500847089666,9.502248443346412,4.200763591393026,5.837948697561605,34.72660422355952,27.489501055684258,30.799095790113416,93.01768988453442,73.63259211343997,82.49757800923236,0.6834170854271358,-0.0015829145728643024,-0.0015829145728643024,0.5527638190954773,-0.0022361809045226,-0.0022361809045226,0.48743718592964824,-0.002562814070351749,-0.002562814070351749,0.3408662900188324,0.08964439363564569,0.08964439363564569,0.2584905660377359,0.44723618090452266,0.14648430120527456,0.220191105779314,0.3787878787878788,0.4046822742474916,0.10585088860475367,0.16330296390266397,0.3557046979865772,23.0,0.0,0.0,36.0,0.0,0.0,43.0,0.0,0.0,0.0035655430421759698,0.0010119313665376047,0.0017962435856487822,-0.08471448532122494,-0.07700243725218225,-0.09055839422755785,0.018832391713747645,-0.5591125335644294,0.6534839924670434
37,0,test,3.467316419795542,1.6197380185952583,2.2081963968048073,6.317165531956261,2.951029540728347,4.023152339384101,32.050616533474994,25.7061793098002,28.52829597139488,58.393589026742106,46.83454586580036,51.97621046843176,3.5733073292131623,1.5994318980205855,2.2347181004410084,5.906293106137459,2.643689087637332,3.693748926348775,35.63425267985749,28.43573281047059,31.820593172498707,58.899591206376016,47.001211256976184,52.59602177272514,3.467316419795542,1.6197380185952583,2.2081963968048073,6.317165531956261,2.951029540728347,4.023152339384101,32.050616533474994,25.7061793098002,28.52829597139488,58.393589026742106,46.83454586580036,51.97621046843176,0.7537688442211055,0.0037688442211054607,0.0037688442211054607,0.6231155778894473,0.003115577889447274,0.003115577889447274,0.48743718592964824,-0.002562814070351749,-0.002562814070351749,0.44150943396226416,0.11444176478933188,0.18869341393723282,0.44318181818181823,0.4321608040201005,0.09882747068676712,0.17840454358604374,0.43939393939393945,0.44150943396226416,0.11444176478933188,0.18869341393723282,0.44318181818181823,26.0,0.0,0.0,36.0,-3.0,-3.0,45.0,0.0,0.0,0.0002939823044141024,0.00017397762979307754,-2.2944383399380057e-05,-0.0001486651793047855,0.00023534568223659846,7.884916357880911e-05,0.03773584905660377,-0.5650260692035225,0.0037735849056603774
247,0,test,2.489808174783013,1.1486588549149406,1.260561599065391,7.389622980285481,3.409160575805241,3.741282181841513,12.058962685430453,8.235527354163427,8.640309815765521,35.79038284201474,24.442622852420943,25.643996440381002,3.303602875711106,1.5244859709079381,2.099950754565894,6.607205751422212,3.0489719418158763,4.199901509131788,27.21049857111065,21.28587646870076,23.878234010335213,54.4209971422213,42.57175293740152,47.756468020670425,2.8882393385828737,1.3398376261687073,1.8333355563719123,7.102227881761165,3.2946826873000994,4.5082021877997835,17.961657348195725,13.25771143533365,15.089958516100111,44.16800987261244,32.60092975901717,37.10645536745929,0.6884422110552764,-0.0015577889447235815,-0.0015577889447235815,0.5577889447236181,-0.00221105527638199,-0.00221105527638199,0.42713567839195976,-0.002864321608040288,-0.002864321608040288,0.3614718614718615,0.09768807768807775,0.11122748219522416,0.28633405639913234,0.40201005025125625,0.08120804523872494,0.16494828063522948,0.33333333333333337,0.3745819397993311,0.10580063762904723,0.16991008217975379,0.30536912751677847,22.0,0.0,0.0,32.0,0.0,0.0,42.0,0.0,0.0,0.00013551513641616673,0.0012212697485729446,0.0005217694223644736,-0.028047176036880117,-0.038059747578608416,-0.03350894689679684,0.021645021645021644,-0.6733534493140356,0.2922077922077922
160,0,test,3.7280717192751394,1.0372292851276246,1.0372292851276246,9.355349786105538,2.602858394754227,2.602858394754227,41.59881658036258,26.854724964105728,26.854724964105728,104.38948311675894,67.39015887218986,67.39015887218986,4.1052533987039075,1.7253064931643567,2.4036086548253897,7.971365822726034,3.35010969546477,4.66720127150561,60.65811328760292,49.85378408893007,55.1751552463378,117.78274424777267,96.80346425034966,107.13622377929671,3.962823886565247,1.6877088003385308,2.3324366499897025,8.614834536011406,3.6689321746489796,5.070514456499352,52.605668840266226,42.876630213788545,47.499817332043555,114.36014965275265,93.21006568214901,103.26047246096424,0.7336683417085428,-0.001331658291457205,-0.001331658291457205,0.6482412060301508,-0.0017587939698492372,-0.0017587939698492372,0.5678391959798995,-0.0021608040201005485,-0.0021608040201005485,0.4487951807228916,0.0675635091686394,0.0675635091686394,0.4072398190045249,0.46733668341708545,0.12648455309127093,0.19187758491958962,0.36868686868686873,0.45150501672240806,0.11260685311639806,0.18454172417513326,0.38590604026845643,28.0,-5.0,-5.0,39.0,-2.0,-2.0,48.0,-2.0,-2.0,0.0025333223931508406,-8.989005959788722e-05,9.197325128087872e-05,-0.0255870103311997,-0.02356651495917994,-0.022079596049015215,0.983433734939759,0.7364859730561037,0.0015060240963855422
182,0,test,1.809118297390425,0.7617399697119551,0.937112979423143,7.150324699209776,3.0106865469567756,3.7038274901009944,6.105062209215406,3.2548931040146174,3.713360038018159,24.12953158880375,12.86457750634349,14.676613483595583,2.290991981974487,1.0046890126335892,1.4071960154755205,5.587785321888993,2.4504610064233883,3.432185403598831,9.8847383015678,6.265357473127982,7.464669508870545,24.109117808701953,15.281359690556053,18.20651099724523,1.9761834951009785,0.8658948983271924,1.1858348402070176,6.374785468067673,2.7932093494425563,3.8252736780871532,7.215153701881306,4.17991947502736,5.010988916739759,23.274689360907438,13.483611209765675,16.164480376579867,0.5326633165829145,-0.0023366834170853723,-0.0023366834170853723,0.3919597989949749,-0.0030402010050251116,-0.0030402010050251116,0.2814070351758794,-0.003592964824120637,-0.003592964824120637,0.32367149758454106,0.09086088238550605,0.1115502854633289,0.2590799031476998,0.3517587939698492,0.07356330524804466,0.14474710782627664,0.31313131313131315,0.33444816053511706,0.0923780436736813,0.14757385575202475,0.2684563758389261,15.0,0.0,0.0,24.0,0.0,0.0,31.0,0.0,0.0,0.0003114376833945957,0.0011053238511349113,6.420934866473057e-05,-0.0695429479114269,-0.08915846795588678,-0.07782996972687162,0.024154589371980676,-0.9761356223821122,0.38164251207729466
120,0,test,1.4141724410365786,0.2995797905686739,0.2995797905686739,9.398354347722261,1.9909573581543114,1.9909573581543114,4.113081239907557,1.064755047917132,1.064755047917132,27.334852406885638,7.0761845892826045,7.0761845892826045,1.8818467782027013,0.6767636191610336,0.9940461021020199,8.007858630649793,2.8798451879192912,4.229983413200085,6.565618914662961,3.2285823433704626,4.135839017136047,27.938803892182815,13.738648269661544,17.59931496653637,1.6918039660329267,0.5955919994040078,0.8657469229879624,8.602393047625052,3.028433895274616,4.402102998243877,5.429266087834664,2.436458418544034,3.1449720010453075,27.606437734752532,12.38877161971543,15.991383056162583,0.3417085427135679,-0.008291457286432102,-0.008291457286432102,0.27638190954773867,-0.008618090452261362,-0.008618090452261362,0.24623115577889443,-0.008768844221105576,-0.008768844221105576,0.24646781789638927,0.019683849176936663,0.019683849176936663,0.18710691823899372,0.2864321608040201,0.06838704802206519,0.08943716915126554,0.1515151515151515,0.2775919732441472,0.06223304169155952,0.06735838036316832,0.17449664429530198,18.0,-2.0,-2.0,26.0,-4.0,-4.0,30.0,-1.0,-1.0,0.0023702811474453265,0.0005806482327225931,0.0006584912142632415,-0.2417632101953684,-0.23484660473891505,-0.23922436125766477,0.9827315541601256,0.5208739372693986,0.029827315541601257
3,0,test,1.8202235607087964,0.6987591166893155,0.6987591166893155,9.438196240712278,3.623195419870525,3.623195419870525,6.173238389177556,3.1038925904336345,3.1038925904336345,32.00938424017992,16.094257876322548,16.094257876322548,3.109383095306199,1.3978695177616278,1.9464386923171428,7.677489124212837,3.4515296734855,4.806021462511463,22.407217018742564,16.869880692788882,19.207877452394413,55.32646177467299,41.65402640194786,47.4268579071467,2.647259484147801,1.21048013705332,1.665532678121878,8.448700481322769,3.8632344799574048,5.315529823793227,14.115302381012604,9.908178093937728,11.446241165184759,45.04883738621044,31.62184498065232,36.53055691016412,0.6432160804020101,-0.001783919597989958,-0.001783919597989958,0.5527638190954773,-0.0022361809045226,-0.0022361809045226,0.4321608040201005,-0.002839195979899567,-0.002839195979899567,0.3130590339892666,0.09311768501565953,0.09311768501565953,0.21326164874551967,0.42713567839195976,0.1138524703719096,0.1967517051031451,0.33333333333333337,0.3846153846153846,0.11416463336329774,0.17326944468212535,0.2953020134228188,25.0,0.0,0.0,38.0,0.0,0.0,44.0,0.0,0.0,0.003414169642993662,0.0006617029708395999,0.0014784068719110458,-0.12089937356117986,-0.09929847287693327,-0.12476211796779246,0.9803220035778175,-0.8489412310667205,0.4364937388193202
125,0,test,2.833755791914103,1.2626866053184764,1.5257876626625788,6.1126041165895835,2.7237009496922107,3.2912278377852484,17.009224115158652,12.197433969201462,13.31057322361527,36.6900541122794,26.31069526340839,28.711812398583724,2.8511808699935246,1.2035797718178587,1.673538191865628,5.939960145819843,2.507457857953873,3.4865378997200587,17.308208521651473,12.113704757470142,14.061496891127177,36.05876775344057,25.23688491139613,29.29478518984829,2.7361093748845224,1.1879769677824872,1.646806552610803,5.991480382958808,2.601409418501796,3.6061457356440942,15.426848104264561,10.724168818462445,12.45464690667165,33.78141920641875,23.483581354297325,27.272949430667847,0.592964824120603,-0.0020351758793969443,-0.0020351758793969443,0.4723618090452262,-0.0026381909547738003,-0.0026381909547738003,0.38190954773869346,-0.0030904522613065533,-0.0030904522613065533,0.3868613138686131,0.11104114375925711,0.1385719688050745,0.37317073170731707,0.3869346733668342,0.09620785632422768,0.14653400558720142,0.3535353535353535,0.3745819397993311,0.09411449405642625,0.1498878352387082,0.3489932885906041,27.0,0.0,0.0,38.0,0.0,0.0,45.0,0.0,0.0,0.0005169373422702896,-1.3673690188553178e-05,0.0002667549819676183,-0.02701989511681102,-0.020730758102057045,-0.024667420683003982,0.029197080291970802,0.36374920234703223,0.0024330900243309003
102,0,test,4.05303919078287,1.892283701348871,2.5863672252337677,6.96540268116577,3.252008516689377,4.444834692467612,57.572164217596345,48.89447313104004,53.23737942195698,98.94138401467157,84.02822627909276,91.49178379701588,4.050510269287861,1.8004183194451704,2.5150155971160673,6.3289222957622835,2.813153624133079,3.9297118704938554,57.42675267867313,47.9381444063874,52.783130646178144,89.72930106042676,74.90335063498031,82.47364163465335,4.05303919078287,1.892283701348871,2.5863672252337677,6.96540268116577,3.252008516689377,4.444834692467612,57.572164217596345,48.89447313104004,53.23737942195698,98.94138401467157,84.02822627909276,91.49178379701588,0.8140703517587939,-0.0009296482412060048,-0.0009296482412060048,0.6733668341708543,-0.001633165829145744,-0.001633165829145744,0.5829145728643217,-0.002085427135678275,-0.002085427135678275,0.4370629370629371,0.08802279744688124,0.16962107659782077,0.39649122807017545,0.4321608040201005,0.07125854838100276,0.14668501103178666,0.36868686868686873,0.4370629370629371,0.08802279744688124,0.16962107659782077,0.39649122807017545,29.0,-1.0,-1.0,38.0,0.0,0.0,50.0,-1.0,-1.0,8.355341816590248e-05,0.0003837730022210965,1.220730078415438e-05,-0.00029419353837489837,0.00015400165618917327,5.253467235455389e-06,0.9405594405594405,-0.1979733140597494,0.04195804195804196
47,0,test,2.7323323837706424,1.254662955169024,1.4392494852958426,7.476197810808015,3.4330041595422376,3.9380691438156186,15.368690934753328,10.985971406375185,11.72468758563488,42.05175556380358,30.059774522965228,32.08104701345495,2.8967412014546845,1.3262848436037316,1.8350374361796036,6.163279152031244,2.821882645965386,3.9043349705949013,18.11501588881194,13.30617364279836,15.223723009199148,38.54258699747221,28.311007750634808,32.390900019572655,2.8495618619198404,1.3386714276017673,1.8325348289464152,7.065029409718613,3.319020068434134,4.543474782511773,17.280209064103808,12.749445718246921,14.51524667338044,42.843493547364815,31.610195995653523,35.98821489267878,0.5728643216080402,-0.0021356783919597166,-0.0021356783919597166,0.4522613065326633,-0.0027386934673366836,-0.0027386934673366836,0.37688442211055273,-0.003115577889447274,-0.003115577889447274,0.39101123595505616,0.1295073077844613,0.14565444221116564,0.3558558558558559,0.38190954773869346,0.12376418433017211,0.18157565792233288,0.31818181818181823,0.3812709030100334,0.12584519349417367,0.18661016886097892,0.3389261744966443,22.0,-6.0,-6.0,34.0,-5.0,-5.0,42.0,-7.0,-7.0,0.0005980673668186494,5.433764426137852e-05,0.0002982180405815033,-0.02782743504945362,-0.02332005835547246,-0.02557326032296281,0.9730337078651685,-0.377529251137929,0.015730337078651686
148,0,test,3.170042983840321,1.3135073228876288,1.616860813020611,7.089988609019212,2.9377368081787827,3.6162048291213664,23.80850771552848,17.406986442997553,19.08202095001052,53.249135535805635,38.931754625198835,42.678068361313855,3.277071188398211,1.4183373048385033,1.9728106180584593,6.3020599776888675,2.727571740074045,3.793866573189345,26.498051139924858,20.082442420614125,22.813087825028457,50.95779065370165,38.62008157810409,43.87132274043934,3.1759492199646813,1.393708846167894,1.9340999286443779,6.437734905333813,2.8250854989889738,3.920472828333198,23.949542466151133,18.00638605971195,20.487532652868744,48.54636986381986,36.49943120211882,41.52878240446367,0.6934673366834171,-0.0015326633165829717,-0.0015326633165829717,0.542713567839196,-0.0022864321608039306,-0.0022864321608039306,0.44723618090452266,-0.0027638190954772934,-0.0027638190954772934,0.4120481927710843,0.11240920360140916,0.1442085055765584,0.37922705314009664,0.4371859296482412,0.1264089872923515,0.18843801645959346,0.3737373737373737,0.42140468227424754,0.12591219479511562,0.18447476013854125,0.3691275167785235,20.0,0.0,0.0,31.0,0.0,0.0,41.0,-2.0,-2.0,-0.00010460293033775635,0.0002954999185244109,-4.481830940160368e-05,-0.012042259736535499,-0.01293502037258687,-0.012618166860305813,0.02650602409638554,-0.4133219142297356,0.0024096385542168677
81,0,test,3.7585372520725797,1.7127744375091205,2.365413246324538,6.7957390719292095,3.096834589031642,4.276858293859519,42.88564918218444,35.15059248026186,38.858237102842395,77.54071922839408,63.555111656231034,70.25883274150291,3.7585372520725797,1.7127744375091205,2.365413246324538,6.7957390719292095,3.096834589031642,4.276858293859519,42.88564918218444,35.15059248026186,38.858237102842395,77.54071922839408,63.555111656231034,70.25883274150291,3.7585372520725797,1.7127744375091205,2.365413246324538,6.7957390719292095,3.096834589031642,4.276858293859519,42.88564918218444,35.15059248026186,38.858237102842395,77.54071922839408,63.555111656231034,70.25883274150291,0.7865168539325843,0.0365168539325843,0.0365168539325843,0.6123595505617978,0.04235955056179774,0.04235955056179774,0.5168539325842696,0.04685393258426962,0.04685393258426962,0.4550561797752809,0.13012620778648543,0.19199647828274358,0.4124293785310734,0.4550561797752809,0.13012620778648543,0.19199647828274358,0.4124293785310734,0.4550561797752809,0.13012620778648543,0.19199647828274358,0.4124293785310734,22.0,3.0,3.0,41.0,3.0,3.0,44.0,3.0,3.0,0.0001317869210219397,0.00011186780467575683,3.368285381398245e-05,-6.263726599531338e-05,-3.0112808140358993e-06,1.9189486478943252e-05,0.9325842696629213,0.25563043658289053,0.5730337078651685
154,0,test,3.3676819623958982,1.2238567839477623,1.7061112542180097,10.07426228067149,3.6611100374505714,5.10375161518208,29.011200002076038,20.47918824634532,23.74362182399114,86.7856410318514,61.26252894205865,71.02792853330683,3.4999924988378233,1.2660599018427865,1.795304817317636,9.58902054476116,3.468657265322703,4.918643335116812,33.11520355524827,23.778692843307255,27.615535804162782,90.72658508287198,65.14710368029385,75.65900220318571,3.3981206111686246,1.2168356763274701,1.7384468136801636,9.994472385790072,3.5789284597866766,5.113078863765187,29.90783873742458,21.05015824556708,24.650243213597946,87.96423158066052,61.91223013402082,72.5007153341116,0.6180904522613065,-0.0019095477386934512,-0.0019095477386934512,0.5226130653266332,-0.002386934673366814,-0.002386934673366814,0.457286432160804,-0.0027135678391959628,-0.0027135678391959628,0.4240687679083095,0.10504158622018356,0.15036397807448743,0.35344827586206895,0.44723618090452266,0.1289404415561517,0.16843818424342083,0.33838383838383834,0.4280936454849499,0.11423721810598497,0.15223157651943264,0.34563758389261745,25.0,0.0,0.0,30.0,1.0,1.0,36.0,0.0,0.0,0.0010344451521124107,0.0002230992490561615,0.0005048548144437561,-0.024687227444246673,-0.021166385562350953,-0.02323686648252199,0.02865329512893983,-0.6249163095542649,0.05730659025787966
127,0,test,3.778635904650145,1.7567352194363832,2.408949596197351,7.4231190552890425,3.4511011411412973,4.732374354659884,43.75631322374772,36.203646682224395,39.822196820921995,85.95914787150438,71.1219567958491,78.2305878375509,3.9317935252323486,1.8338057985668246,2.512502945675145,6.72101457304675,3.1347107667808967,4.294876830213923,50.9983625441966,42.848608675266,46.86417602094644,87.17668810973778,73.24548491498462,80.10970259990845,3.8125607291420294,1.7623971677873298,2.418309733487953,7.285147890080311,3.3676379002305663,4.620974013034305,45.266205070585784,37.49703333194055,41.23425157990118,86.4959332558964,71.65038216294373,78.7915635284736,0.7688442211055276,-0.0011557788944723812,-0.0011557788944723812,0.6532663316582914,-0.0017336683417086274,-0.0017336683417086274,0.542713567839196,-0.0022864321608039306,-0.0022864321608039306,0.43504531722054385,0.1152866445206947,0.18278401068788053,0.3727272727272727,0.44723618090452266,0.10889031624286849,0.19181047138866292,0.35858585858585856,0.4347826086956522,0.11758728315308131,0.18116748077574119,0.3691275167785235,20.0,0.0,0.0,36.0,0.0,0.0,41.0,0.0,0.0,0.0010457171607191663,0.00019987250105163735,0.00026525065549941703,0.0003806694236105912,-2.030697104693502e-05,0.00019008678427478998,0.030211480362537766,-0.8015300552506915,0.35347432024169184
119,0,test,3.3513184162237795,1.5620067332123733,2.077687744728899,7.055407192050063,3.288435227815523,4.374079462587156,28.540336893145412,22.555005650130543,24.966532547285976,60.08491977504298,47.48422242132746,52.561121152181,4.008364687511702,1.8308056101481114,2.536517764660081,6.851905448737953,3.1295822395694217,4.3359278028377455,55.05676189533705,46.23202245363765,50.69948663004611,94.11412289801206,79.02909821134641,86.66578911118994,3.4543646530613823,1.6104584496848466,2.206286227961937,6.729281791678018,3.137256720165286,4.297960184341436,31.638181073808827,25.316999153529245,28.154538631935306,61.632820273653564,49.31882951986218,54.84650382844541,0.7688442211055276,-0.0011557788944723812,-0.0011557788944723812,0.6532663316582914,-0.0017336683417086274,-0.0017336683417086274,0.5527638190954773,-0.0022361809045226,-0.0022361809045226,0.41225626740947074,0.11879312415495058,0.17667464473107386,0.34357541899441346,0.42211055276381915,0.08877721943048578,0.1650153941661564,0.4040404040404041,0.4147157190635451,0.11421488433900417,0.1877969203983616,0.34563758389261745,21.0,-2.0,-2.0,33.0,-4.0,-4.0,39.0,-2.0,-2.0,0.0006937773905246646,0.00064097818163502,0.0005948016611871037,-0.01611875751015379,-0.02467588626775452,-0.023878177631932118,0.027855153203342618,-0.3820215156340031,0.4401114206128134
142,0,test,3.313229037415207,1.5379372733761287,1.7417219047561794,6.776377940776804,3.1454644686244806,3.562254755428928,27.47369598847003,21.571693111136142,22.65979807645027,56.19054564157672,44.119480933183425,46.34492638260418,3.9196435717547584,1.802109765011028,2.489505368566204,6.373404181715054,2.930259780505737,4.047976209050738,50.382483837057336,42.07186722982948,46.203207095673086,81.9227379464347,68.40954021110485,75.12716600922454,3.4108742118807647,1.6081001844578355,2.195873033730188,6.517594035440951,3.072802900237902,4.195935733242398,30.291714063928907,24.22526141330357,26.921416028891066,57.882256173112566,46.29030843306415,51.442196233549815,0.7437185929648241,-0.0012814070351758744,-0.0012814070351758744,0.6381909547738693,-0.0018090452261306789,-0.0018090452261306789,0.542713567839196,-0.0022864321608039306,-0.0022864321608039306,0.41463414634146345,0.11341598465818548,0.13408673676179583,0.35111111111111115,0.4321608040201005,0.10634626767924837,0.18508233991325573,0.36363636363636365,0.4347826086956522,0.1276039776438993,0.2056391159259081,0.3355704697986577,12.0,0.0,0.0,22.0,1.0,1.0,33.0,0.0,0.0,0.00011531388424972742,0.0011869696591321833,6.106055921472448e-05,-0.014162699700452919,-0.020811487875664447,-0.016955835137844488,0.975609756097561,-0.47696016758216964,0.1729490022172949
54,0,test,1.5186161669524436,0.6033735706421061,0.6271661507538411,6.124255361808215,2.433277022589477,2.529227427630244,4.565902374689213,2.06852134084321,2.127239184734239,18.41331121595978,8.341905735203767,8.578702285977423,2.0695502186404955,0.7949355241340235,1.1621976888627739,5.670000599015056,2.177905545572667,3.1841032571582844,7.92125948162236,4.34393669922032,5.443505419414702,21.70208077156811,11.901196436220054,14.9137134778485,1.6788891366916119,0.6518617310039665,0.9364844221758752,5.723485693266858,2.2222559011498855,3.192560530145029,5.359598881233439,2.5668471156037582,3.258617175290106,18.271359822386724,8.750615166830993,11.108922188488997,0.4321608040201005,-0.002839195979899567,-0.002839195979899567,0.36180904522613067,-0.0031909547738693256,-0.0031909547738693256,0.3065326633165829,-0.0034673366834171437,-0.0034673366834171437,0.2830957230142567,0.07963692342117423,0.08368223327818625,0.2571428571428571,0.3517587939698492,0.10865102454629028,0.15977214956250363,0.3484848484848485,0.3177257525083612,0.10904461728298553,0.1386378770912311,0.2818791946308725,24.0,-10.0,-10.0,33.0,-9.0,-9.0,39.0,-8.0,-8.0,0.00066626826077069,0.000727883445351613,0.0004729277172201762,-0.19174361200928125,-0.1951953798552486,-0.19952971220728966,0.020366598778004074,-0.45413530495447446,0.3788187372708758
68,0,test,3.0542952592738573,1.427779646483581,1.427779646483581,8.656648994516512,4.0466903792600935,4.0466903792600935,21.20623536182805,16.120113572080168,16.120113572080168,60.103860445402155,45.68849868771893,45.68849868771893,3.7577575334797064,1.6984151186826852,2.36305969609583,7.090108553735295,3.2045568277031795,4.458603200180811,42.85222347716495,35.011411364498095,38.818467938823034,80.85325184370744,66.0592667254681,73.24239233740194,3.5986039434224026,1.6800728961785452,2.298597584921401,8.434227992396256,3.937670850418465,5.387338089659534,36.54717688566678,29.736230726513345,32.87785688674683,85.65744582578151,69.69429076526565,77.05747707831286,0.7638190954773869,-0.001180904522613102,-0.001180904522613102,0.6984924623115578,-0.0015075376884421399,-0.0015075376884421399,0.5527638190954773,-0.0022361809045226,-0.0022361809045226,0.423828125,0.10906761669110454,0.10906761669110454,0.33659491193737767,0.39698492462311563,0.03608266898401791,0.1198563770438168,0.38383838383838387,0.4247491638795987,0.05580091680113464,0.1555611772277633,0.38926174496644295,27.0,-14.0,-14.0,42.0,-16.0,-16.0,50.0,-17.0,-17.0,0.0015462833152384658,0.00045229338059661427,0.0012173183185299787,-0.030953728275196823,-0.022780687252197396,-0.03632272923413993,0.974609375,0.24285958574528185,0.740234375
168,0,test,1.7431925552431484,0.7034773713267504,0.7852049887225572,8.289058476972523,3.3451066840639356,3.7337298443337925,5.7155615720382995,2.887150249453994,3.1091156790424113,27.178078495610688,13.72869404332205,14.784162310548608,2.194550601557909,0.8528831860839301,1.2584955355043193,6.454560592817378,2.508479959070382,3.7014574573656445,8.975966364994472,5.150549615445119,6.426064010572583,26.39990107351315,15.148675339544464,18.900188266389947,2.0332677790519464,0.8317051648072027,1.1862637358644363,7.721270047032709,3.158374043571656,4.504798996953555,7.639008208054327,4.313699167738145,5.306360347480171,29.00889192932023,16.381136080018273,20.15073549676014,0.39698492462311563,-0.0030150753768843908,-0.0030150753768843908,0.321608040201005,-0.0033919597989949812,-0.0033919597989949812,0.27135678391959794,-0.0036432160804020786,-0.0036432160804020786,0.29462365591397854,0.07980088470022983,0.08836754643206257,0.27155172413793105,0.31658291457286436,0.08600647347010748,0.13962131190174587,0.29292929292929293,0.3076923076923077,0.08732502889431104,0.12193034996149565,0.28859060402684567,18.0,-3.0,-3.0,23.0,1.0,1.0,30.0,-1.0,-1.0,0.001067166953596998,0.00029865362200262623,0.0004499546036040431,-0.09942206986251634,-0.09473207565986463,-0.106592349466748,0.023655913978494623,-0.32385360773128435,0.002150537634408602
0,0,test,3.5130072530057186,1.577231616003834,1.577231616003834,7.808322843865652,3.5056954826303706,3.5056954826303706,33.54900658538611,26.61958990190058,26.61958990190058,74.56901043558508,59.167071672711785,59.167071672711785,4.025292846060653,1.8467177824711305,2.56102842841082,6.880842471898553,3.156782534138685,4.37782637335183,55.996704795181785,47.16299498364771,51.67234364881861,95.72086289774664,80.62050424555163,88.3287925620831,3.7913803666404506,1.8006066592943928,2.4534200867851634,7.153547861585755,3.3973710552724388,4.629094503368233,44.31753251729721,36.996336482587,40.5062708528155,83.61798588169285,69.80440845771132,76.42692613738772,0.6984924623115578,-0.0015075376884421399,-0.0015075376884421399,0.6180904522613065,-0.0019095477386934512,-0.0019095477386934512,0.507537688442211,-0.0024623115577889765,-0.0024623115577889765,0.4242424242424242,0.12903225806451613,0.12903225806451613,0.3757115749525617,0.40201005025125625,0.08371431090288528,0.17329552604424459,0.3737373737373737,0.41137123745819393,0.10419260640644101,0.1900141740544119,0.37583892617449666,22.0,0.0,0.0,36.0,0.0,0.0,38.0,0.0,0.0,0.002089962444473324,0.0010154228592768226,0.0004481240933684665,-0.02522504428267336,-0.02063868034880656,-0.024213571470736994,0.01893939393939394,-0.7830382175703735,0.803030303030303
217,0,test,1.9610860045910623,0.8332762869938404,0.903301104180197,7.944912531420201,3.375837265257097,3.65952755026849,7.1070411549531425,4.018157596750273,4.227056688873779,28.792628268784526,16.278689750937005,17.124998893386078,2.97369076388165,1.3116346268268892,1.8237300375379302,6.131321162642577,2.704401292426576,3.760268118634908,19.563992589247007,14.293856755873644,16.405923710904442,40.33812904999383,29.471869599739478,33.8266468266071,2.427175425848438,1.0508534826595342,1.4580784546846095,6.805164745369452,2.9463181756809367,4.088070433695167,11.326843344480745,7.366534777486294,8.691279949794774,31.757504704151618,20.65383582472792,24.368074625592822,0.6130653266331658,-0.001934673366834172,-0.001934673366834172,0.5125628140703518,-0.0024371859296482556,-0.0024371859296482556,0.39698492462311563,-0.0030150753768843908,-0.0030150753768843908,0.33615221987315014,0.07955243106639198,0.08688535770306216,0.27542372881355937,0.39698492462311563,0.09122051359554673,0.16326205317069498,0.4292929292929293,0.34782608695652173,0.07570588662263189,0.12869371765730042,0.33221476510067116,26.0,0.0,0.0,36.0,0.0,0.0,43.0,-1.0,-1.0,0.0010116385199365704,0.000875334959377192,0.0011311621167622889,-0.09625411056805877,-0.09768977729530537,-0.11009930789883704,0.023255813953488372,-0.46905799463463205,0.49682875264270615
9,0,test,3.867064416278154,1.7051738332332316,2.139853102395578,7.11326986664009,3.136581225351036,3.936151807617554,47.80185356605697,39.11430689534363,42.17690775821541,87.92909761462772,71.94879387629723,77.58229362864392,4.499750168313128,2.0711119923900574,2.854829971498355,6.382624352217203,2.937747506936252,4.049404214891284,89.99464497777652,78.65122116876677,84.81404851542396,127.6519786918816,111.56201584222238,120.30361491549499,4.2954294041412755,1.9749914308447685,2.7115212709768803,6.608352929448116,3.0384483551457975,4.1715711861182765,73.36371036335056,63.1835784075627,68.48974361385338,112.86724671284702,97.20550524240416,105.36883632900519,0.7889447236180904,-0.001055276381909609,-0.001055276381909609,0.7135678391959799,-0.0014321608040201994,-0.0014321608040201994,0.6331658291457287,-0.0018341708542712887,-0.0018341708542712887,0.4675,0.13291822721598,0.18597507331378305,0.3609022556390977,0.4623115577889447,0.1064218334781678,0.20688584827308498,0.40909090909090906,0.4448160535117057,0.10758733898749873,0.1956503138009159,0.3993288590604027,25.0,0.0,0.0,39.0,0.0,0.0,46.0,0.0,0.0,0.000457345534934336,0.0016722045987387477,0.00020248989789492926,0.00010819349123281086,0.0003789185124345451,1.967763519417076e-05,0.0275,-0.3501186113906871,0.91
162,0,test,2.8427190062394727,1.271553005487044,1.714326101467836,6.46900799496803,2.8935981855634654,3.9011908078274464,17.162366736200028,12.350110718286011,14.071681255344734,39.05538584199365,28.1044186217406,32.02209516440628,2.4932276401566047,1.0382979777188186,1.4605508988085028,6.081043024772207,2.5324340919971187,3.5623192653865923,12.100268472380664,7.816086356302645,9.291694865243361,29.512849932635767,19.063625259274744,22.662670403032593,2.6691331465046586,1.172028445154292,1.626154856414101,6.112518656117539,2.6840346072235692,3.7240187551467963,14.427457278817155,9.958725270459169,11.5898014751242,33.03997850110799,22.80624107738741,26.541530095704275,0.46733668341708545,-0.002663316582914521,-0.002663316582914521,0.38190954773869346,-0.0030904522613065533,-0.0030904522613065533,0.321608040201005,-0.0033919597989949812,-0.0033919597989949812,0.3954802259887006,0.11057190440901088,0.16576370594959988,0.4249291784702549,0.3517587939698492,0.08860089923300707,0.13806931149906454,0.3737373737373737,0.3812709030100334,0.10581180451253758,0.16881261602449393,0.40604026845637586,20.0,0.0,0.0,28.0,0.0,0.0,34.0,0.0,0.0,-0.001271003344286503,-0.00017009982430943934,-0.0005070001679920434,-0.09889669665401701,-0.09849690060529159,-0.08888074409719593,0.02824858757062147,0.4207836876310122,0.3107344632768362
221,0,test,2.4136150246783155,1.0420322514931268,1.339283966346692,8.101351300224607,3.4976039050117134,4.495335747911506,11.174283528665601,7.232699133675175,8.246249967056325,37.506725583173235,24.27671187477059,27.678717280728186,3.165459123361112,1.4599329302758088,2.0002282468965222,7.1942252803661635,3.318029386990475,4.545973288401187,23.69962258571975,18.195341365667453,20.492959444925177,53.862778603908524,41.35304855833512,46.5749078293754,2.6464308038769357,1.1855860778063452,1.624477965512108,7.860685556070106,3.5215428053653817,4.825182075778538,14.103610153640334,9.794011732305119,11.324994497207184,41.89191134744654,29.091123957341942,33.63859751645698,0.5628140703517588,-0.0021859296482411583,-0.0021859296482411583,0.49246231155778897,-0.002537688442211028,-0.002537688442211028,0.40703517587939697,-0.00296482412060306,-0.00296482412060306,0.34285714285714286,0.10550305725402997,0.14930875576036862,0.26302083333333337,0.3919597989949749,0.12128310726565161,0.18995646009681133,0.3232323232323232,0.3612040133779264,0.11746444743468765,0.17321736154255374,0.2751677852348994,29.0,-6.0,-6.0,37.0,-5.0,-5.0,48.0,-11.0,-11.0,0.0014468389147630936,0.0012079542200056194,0.0005634712767679124,-0.08800372596727701,-0.11155323890583446,-0.09813960283044487,0.9532467532467532,-0.3008725335965684,0.37662337662337664
169,0,test,2.5665743772616274,1.158811014159825,1.5924509873886756,7.0855002038932104,3.199110748492508,4.396253580568737,13.021142431183277,8.934337954636314,10.372298241885389,35.947256455317934,24.66488170382504,28.63463531734171,3.2887008834543088,1.4713812467025589,2.047230621142644,6.780826563823317,3.0337757663970284,4.221094064211637,26.808014289185188,20.652676511272258,23.3473164294003,55.27425626636121,42.582838167571666,48.138796761650106,2.4419839271417927,1.103249590651143,1.5182068300870868,7.0441844052167095,3.1824507422629127,4.379442779097365,11.495825013416626,7.681612074474986,8.977038868233745,33.16103369254796,22.158496368677845,25.89530442759734,0.6180904522613065,-0.0019095477386934512,-0.0019095477386934512,0.48743718592964824,-0.002562814070351749,-0.002562814070351749,0.4120603015075377,-0.0029396984924623393,-0.0029396984924623393,0.33850931677018636,0.08734652607251192,0.1391291514809302,0.28348909657320875,0.3869346733668342,0.10623291898086928,0.1732451908960495,0.33838383838383834,0.3277591973244147,0.09069742770838796,0.1364355043322012,0.25838926174496646,28.0,0.0,0.0,36.0,0.0,0.0,46.0,0.0,0.0,0.0032867374761759945,0.00025783075807420293,0.0006019282458312442,-0.09981086976082754,-0.08591405935661989,-0.10133069177509846,0.034161490683229816,0.2666567905630909,0.4409937888198758
121,0,test,2.7897086716691013,1.241433873868341,1.5041016902805053,7.225518733453511,3.2153908410130327,3.895716800291744,16.27627737030011,11.572928419032674,12.659414710902372,42.156569337982276,29.97460342072438,32.78867040028751,2.816284594275413,1.1610384768499524,1.6745586163368478,5.632569188550826,2.322076953699905,3.3491172326736955,16.714633517669697,11.480265484827214,13.582463759264355,33.42926703533939,22.960530969654428,27.16492751852871,2.6103298485179716,1.1654360651532578,1.6205460384035493,5.9778546149266525,2.6689375537860864,3.711174133748586,13.603537218470239,9.362135606984411,10.9128845009066,31.153138668252456,21.44000520683453,24.991338551694504,0.5577889447236181,-0.00221105527638199,-0.00221105527638199,0.49246231155778897,-0.002537688442211028,-0.002537688442211028,0.3668341708542714,-0.0031658291457286047,-0.0031658291457286047,0.3798076923076923,0.10129628774586752,0.1305408301376043,0.35903614457831323,0.371859296482412,0.09867633908892826,0.16317816125703632,0.3232323232323232,0.36454849498327757,0.10244498914020583,0.16543837262510186,0.31879194630872487,21.0,-10.0,-10.0,32.0,-13.0,-13.0,38.0,-13.0,-13.0,-0.00011555432626164415,0.0002036664783333381,-0.0003250234612640133,-0.018391043985100275,-0.025929385984110098,-0.02160567330406682,0.02403846153846154,-1.047106539022268,0.002403846153846154
157,0,test,3.7089638978819286,1.7393206284559233,2.3204505174381334,6.7401475910747735,3.160795862879292,4.2168593159535614,40.811499732380845,33.64338078736978,36.802613799703295,74.1650604273723,61.13873259836741,66.87987685428314,3.8526773056116723,1.7529596235004505,2.437629060536879,5.973143109475461,2.7177668581402337,3.7792698612974864,47.11904659620972,38.9551818140861,43.002361525248205,73.05278542048019,60.395630719513335,66.67032794612125,3.7882143993849366,1.7703027797068285,2.4260304582560916,6.494081827517034,3.034804765211706,4.158909357010442,44.17744653133539,36.65484805999204,40.27273487433507,75.73276548228924,62.83688238855778,69.0389740702887,0.7135678391959799,-0.0014321608040201994,-0.0014321608040201994,0.6030150753768844,-0.0019849246231156137,-0.0019849246231156137,0.507537688442211,-0.0024623115577889765,-0.0024623115577889765,0.4229691876750701,0.10784313725490202,0.16881473997223528,0.3707865168539326,0.4321608040201005,0.11557788944723613,0.1876046901172529,0.4040404040404041,0.4147157190635451,0.10033444816053505,0.17391304347826086,0.37583892617449666,22.0,0.0,0.0,33.0,0.0,0.0,43.0,0.0,0.0,-6.938903056315031e-05,0.0004496607940454268,0.000141984292258863,-0.004397531708412394,-0.005365511790773603,-0.004062325844622627,0.03361344537815126,-0.5007155717878153,0.028011204481792718
12,0,test,3.15148648576858,1.2818055953952376,1.6431475730724694,5.758625305813497,2.342208406131298,3.0024787471596945,23.3707791037668,16.88455285200214,18.85156136285679,42.70478727142843,30.85268293865846,34.4469439448565,3.1723491390990644,1.3179751595811464,1.8817112679608565,4.995825415904038,2.0755514324112543,2.9633248314344196,23.863477190509133,17.475779021711197,20.228372645850627,37.58027904017186,27.52091184521448,31.85570495409547,3.123946879700118,1.387241169296922,1.9333314354910653,5.399191427921014,2.3976017897097095,3.341422538796697,22.73593880262277,17.057333198271756,19.446833957491688,39.29506186118039,29.480593215510144,33.610424007456736,0.6633165829145728,-0.0016834170854271857,-0.0016834170854271857,0.5527638190954773,-0.0022361809045226,-0.0022361809045226,0.42713567839195976,-0.002864321608040288,-0.002864321608040288,0.42892768079800503,0.10514187756014703,0.1513128225379855,0.4275,0.4120603015075377,0.10378962481580833,0.16498183740069294,0.398989898989899,0.42281879194630867,0.11963621238181954,0.18509557766059437,0.41414141414141414,24.0,-15.0,-15.0,36.0,-22.0,-22.0,43.0,-21.0,-21.0,-5.939440149573604e-05,-2.6913411545562692e-05,-5.096418687240257e-05,0.0001042445646772805,0.00037671123416505026,1.720793738169135e-05,0.972568578553616,-0.2179904417686671,0.0024937655860349127
61,0,test,1.7386364929754705,0.657393651821023,0.8341330703351635,7.559289099893349,2.858233268787056,3.6266655231963623,5.689580348599763,2.74123875340332,3.2188756262447233,24.73730586347723,11.91842936262313,13.995111418455318,2.118676525450267,0.8329582211009909,1.1820276997646788,7.062255084834224,2.776527403669969,3.940092332548929,8.320118732381877,4.702853410712157,5.7687018993027435,27.733729107939592,15.676178035707194,19.229006331009145,1.801712762420167,0.7223274316294974,1.0112831037961425,7.304240928730406,2.928354452552016,4.099796366741119,6.06001795180059,3.1171478484235906,3.855674613858149,24.567640345137526,12.63708587198753,15.631113299424928,0.33668341708542715,-0.0033165829145728187,-0.0033165829145728187,0.29648241206030146,-0.0035175879396985854,-0.0035175879396985854,0.2613065326633166,-0.003693467336683409,-0.003693467336683409,0.25313283208020054,0.07290755047819808,0.09184250949955541,0.1934673366834171,0.29145728643216084,0.09596856462764958,0.13119017457907234,0.18686868686868685,0.2575250836120402,0.08223293002272469,0.1073582315541981,0.1778523489932886,19.0,1.0,1.0,24.0,0.0,0.0,29.0,0.0,0.0,0.001778214178614239,0.0013889923318671543,0.0005335246019262651,-0.20228854371618965,-0.21546895140342137,-0.2083694747294329,0.02506265664160401,-0.8423571233305273,0.09022556390977443
213,0,test,3.3571650824661883,1.5480329794699335,1.7230837580603229,7.936682579573912,3.6597087360802014,4.0735467305938915,28.707691473864084,22.60254497998445,23.5829436208315,67.8679270228274,53.434734542424785,55.752497483093954,3.5428343740360337,1.6266107516742667,2.2371391892709402,6.684593158558554,3.0690768899514467,4.221017338247058,34.564749910645055,27.769501380615026,30.874496300360548,65.21650926536803,52.39528562380194,58.25376660445387,3.662543009581351,1.7270508123924624,2.3433764751058384,7.1814568815320605,3.3863741419460043,4.5948558335408585,38.96029340134615,32.03284051210767,35.21999073689652,76.39273215950226,62.80949120021113,69.05880536646377,0.6633165829145728,-0.0016834170854271857,-0.0016834170854271857,0.5477386934673367,-0.002261306532663321,-0.002261306532663321,0.44723618090452266,-0.0027638190954772934,-0.0027638190954772934,0.4173913043478261,0.12423169522730493,0.14075396319435596,0.37472766884531594,0.40703517587939697,0.11129582750846967,0.1799901007541883,0.3282828282828283,0.4147157190635451,0.11922323158441317,0.1800104910323994,0.3791946308724832,23.0,1.0,1.0,34.0,1.0,1.0,43.0,1.0,1.0,0.0005336045804612208,0.0006930370758048941,0.00010458464432892865,-0.009890094763395751,-0.013038762451274444,-0.010740812273497546,0.02826086956521739,0.2328562409260199,0.07608695652173914
218,0,test,0.8392261369456866,0.1108584064709408,0.1108584064709408,5.884012465776499,0.7772544453692927,0.7772544453692927,2.314575119373076,0.24287883971815472,0.24287883971815472,16.22803229762696,1.7028808537542535,1.7028808537542535,1.2218812051909682,0.32753121508500493,0.5424751151671964,6.788228917727602,1.8196178615833611,3.013750639817758,3.393565726043893,0.9478202121553414,1.420859951437361,18.853142922466073,5.265667845307451,7.893666396874227,1.0270169092171235,0.27412881920482646,0.44636344644585324,6.418855682607022,1.7133051200301654,2.789771540286583,2.7927224517469442,0.6695995110082249,1.005516529959898,17.454515323418402,4.184996943801407,6.284478312249364,0.24120603015075381,-0.0037939698492461815,-0.0037939698492461815,0.19095477386934678,-0.004045226130653168,-0.004045226130653168,0.16080402010050254,-0.004195979899497493,-0.004195979899497493,0.1845906902086677,0.0057050597101340195,0.0057050597101340195,0.13665594855305463,0.22613065326633164,0.03816072845430152,0.04749960151341015,0.1262626262626263,0.20735785953177255,0.023718460533441954,0.03716876053288487,0.1308724832214765,15.0,0.0,0.0,18.0,0.0,0.0,20.0,1.0,1.0,0.001669402077392319,0.0003733385909217293,0.0004228520071846655,-0.2932187720832915,-0.2896324470927967,-0.2910918810032679,0.9823434991974318,-0.4496373564190875,0.016051364365971106
41,0,test,2.4314042233283155,0.8895299437350392,0.95737800526956,9.071008063955638,3.3186309439345685,3.571756404274896,11.374843691412513,6.701502475771771,7.0080622824353895,42.4369168487313,25.001759236533147,26.14546313062434,3.205366865479786,1.3145042983587105,1.8521289832620915,7.723775579469365,3.1674802370089408,4.462961405450823,24.6645469276974,18.03946613368152,20.794611265231463,59.43264319927085,43.46859309320848,50.10749702465413,2.71751554240969,1.0833152800861638,1.5360622689950243,8.58162802866218,3.420995621324729,4.85072295472113,15.142654189847379,10.017296773727253,11.883547053156839,47.8189079679391,31.633568759138697,37.526990694179496,0.5477386934673367,-0.002261306532663321,-0.002261306532663321,0.4371859296482412,-0.002814070351758735,-0.002814070351758735,0.3517587939698492,-0.0032412060301507672,-0.0032412060301507672,0.3223140495867769,0.07386044133935421,0.07695725584288637,0.2795031055900621,0.33668341708542715,0.06918341708542719,0.11039389961454527,0.31313131313131315,0.32441471571906355,0.08608138238573027,0.11131815634059516,0.2818791946308725,26.0,0.0,0.0,33.0,0.0,0.0,41.0,0.0,0.0,0.00038017760616366233,0.0012776815185560665,0.0005615542226136985,-0.05957680695952838,-0.07145638447279978,-0.06832529295003553,0.9752066115702479,-0.19082706071442762,0.16322314049586778
13,0,test,2.8907242119056304,1.3250514114609022,1.768893163877029,6.388143628779109,2.9282000327345865,3.909035510296151,18.006345290316204,13.220451485890408,14.935874050814144,39.79180008600741,29.215565629313367,33.00643771723126,2.6847882332451682,1.174997305328724,1.649808868751459,5.423814612616502,2.3737319299570183,3.332947209598907,14.655097589176217,10.129313108973449,11.840049444095222,29.60625775591155,20.46325880600697,23.91929180625297,3.0327110320252184,1.4201209465964943,1.940137528308539,6.065422064050437,2.8402418931929887,3.880275056617078,20.75341957772202,15.737633846141346,17.771481342132702,41.50683915544404,31.475267692282692,35.542962684265405,0.5628140703517588,-0.0021859296482411583,-0.0021859296482411583,0.44723618090452266,-0.0027638190954772934,-0.0027638190954772934,0.35678391959798994,-0.0032160804020100464,-0.0032160804020100464,0.4145658263305322,0.13204834381304964,0.18582682339798084,0.3960674157303371,0.38190954773869346,0.12627044999433257,0.16822006526790878,0.3434343434343434,0.4347826086956522,0.1476373666255354,0.22009962760555213,0.4261744966442953,19.0,-5.0,-5.0,29.0,-6.0,-6.0,36.0,-6.0,-6.0,-5.940561011953418e-05,0.00033893205841212064,-0.00012888298044306303,-0.026658598943439138,-0.024537959261490272,-0.024111511543493336,0.028011204481792718,-0.20168319236549334,0.0028011204481792717
140,0,test,3.6077902804532345,1.7011673438876314,2.311039494017546,6.696960708091317,3.157791882091416,4.289867060770071,36.88445838895088,30.15413673498721,33.22706470170088,68.46677588449008,55.973616314320005,61.677738852532265,3.8353075626494606,1.7686465667928704,2.4307362688995546,6.3393513432222495,2.923382755029538,4.0177458990075285,46.307667986999476,38.409261758780936,42.23388807505328,76.54159997851153,63.48638307236518,69.80807946289798,3.6077902804532345,1.7011673438876314,2.311039494017546,6.696960708091317,3.157791882091416,4.289867060770071,36.88445838895088,30.15413673498721,33.22706470170088,68.46677588449008,55.973616314320005,61.677738852532265,0.7587939698492463,-0.001206030150753712,-0.001206030150753712,0.6683417085427136,-0.0016582914572863539,-0.0016582914572863539,0.5376884422110553,-0.0023115577889447625,-0.0023115577889447625,0.43918918918918914,0.10192106102730047,0.18750379593076216,0.3762711864406779,0.4522613065326633,0.1089029105426883,0.19683559701680353,0.398989898989899,0.43918918918918914,0.10192106102730047,0.18750379593076216,0.3762711864406779,22.0,-10.0,-10.0,37.0,-19.0,-19.0,45.0,-15.0,-15.0,0.0011269570412402237,0.0005204868709341025,2.0414307244235324e-05,-0.00036349275698022154,0.0001152664056931485,-2.979210245257491e-05,0.04391891891891892,-0.5014287019923408,0.5202702702702703
181,0,test,2.866940127761332,1.2954689954664778,1.3324556096303426,7.138680918125716,3.2257177987115293,3.3178144679795527,17.583133659421996,12.769409046360732,12.944200032082723,43.78200281196077,31.795828525438225,32.23105807988598,2.6820238454761123,1.1079191321148876,1.571078376433189,6.70505961369028,2.7697978302872186,3.9276959410829724,14.614641161037397,9.788222505918935,11.577412518022872,36.53660290259349,24.470556264797334,28.94353129505718,2.676517170838497,1.2015640021648792,1.6552533804841911,6.322481505917709,2.8383401625942026,3.910047355474467,14.534384264332358,10.163553188012365,11.757682548015238,34.33319117558825,24.008393357509526,27.77405326302812,0.5477386934673367,-0.002261306532663321,-0.002261306532663321,0.4522613065326633,-0.0027386934673366836,-0.0027386934673366836,0.3467336683417085,-0.003266331658291488,-0.003266331658291488,0.38229376257545267,0.0888264258920356,0.09294869903684078,0.3729838709677419,0.37688442211055273,0.08866387073210658,0.14650044882173807,0.3232323232323232,0.37792642140468224,0.10246732290718641,0.1621310932623018,0.3389261744966443,20.0,0.0,0.0,30.0,1.0,1.0,36.0,1.0,1.0,-0.0007936430067465121,0.00017978501591335593,-0.00023964935076896965,-0.003484112666643391,-0.003322687145291603,-0.0024783883347110347,0.9678068410462777,-0.3132436167426327,0.006036217303822937
19,0,test,2.961586899214793,1.3273711576364349,1.4182347885114766,7.53716030964188,3.378124480545636,3.6093700173228584,19.328620003137054,14.20318324968934,14.648367272692095,49.190826568830275,36.146725624870754,37.27970718605765,4.156081104759904,1.917347142371756,2.6229103886698195,6.596954134539531,3.0434081624948512,4.163349823285428,63.820924369818094,54.4394778682054,59.188081381123226,101.30305455526681,86.41186963207207,93.94933552559242,3.4571505498176482,1.593715060940465,2.1681006301156334,7.355639467697125,3.390883108383968,4.612980064075816,31.726444669382712,25.280601269930976,28.097107913510364,67.50307376464407,53.788513340278676,59.78108066704333,0.7437185929648241,-0.0012814070351758744,-0.0012814070351758744,0.6432160804020101,-0.001783919597989958,-0.001783919597989958,0.5527638190954773,-0.0022361809045226,-0.0022361809045226,0.3729166666666667,0.1096492369060007,0.11973973607038124,0.3444676409185804,0.4773869346733668,0.14655986700419388,0.23531681781193103,0.5202020202020202,0.40802675585284276,0.12755931010993793,0.1877820395013411,0.412751677852349,22.0,1.0,1.0,39.0,0.0,0.0,45.0,0.0,0.0,0.0010290306658138424,0.0007892107045061374,0.0013013422465043174,-0.0693519672236782,-0.07594484488531794,-0.08054752497240525,0.020833333333333332,-0.3119616489110843,0.3645833333333333
84,0,test,3.5760136325207057,1.6949929169493725,1.722640115627865,9.467025563989026,4.487270722239654,4.560463042951663,35.7308203875611,29.170622845830266,29.349509676302276,94.59264555233281,77.2253857444875,77.69896509042128,4.48687735484473,2.11331156195991,2.884086492394946,7.941375849282709,3.7403744459467436,5.104577862645923,88.84358528325889,78.10798022492503,83.87671031933093,157.2452836871839,138.24421278747795,148.4543545474884,4.083033865434312,1.9585036169573051,2.647820406423305,8.166067730868624,3.9170072339146103,5.29564081284661,59.325181719426475,50.956216488981795,55.1246401628837,118.65036343885295,101.91243297796359,110.2492803257674,0.8090452261306533,-0.0009547738693467256,-0.0009547738693467256,0.7236180904522613,-0.0013819095477386467,-0.0013819095477386467,0.6633165829145728,-0.0016834170854271857,-0.0016834170854271857,0.45019920318725104,0.1337812927394898,0.13837124619800378,0.3912175648702595,0.44723618090452266,0.07630886260878333,0.18012432781604182,0.5202020202020202,0.4581939799331104,0.1142874690816914,0.20791589317004033,0.4563758389261745,25.0,0.0,0.0,38.0,0.0,0.0,42.0,1.0,1.0,0.001280407955385361,0.00040905512291359604,0.0011436778805551321,-0.0026323615377830123,-0.002254221984708593,-0.002491054263601633,0.9780876494023905,-0.2521025253315136,0.4063745019920319
234,0,test,3.1109955104283933,1.4281667272442102,1.7682932559474456,6.701878626188826,3.0766357687973676,3.809355152439976,22.443375898037687,17.062620444526253,18.613998409007593,48.34876190800672,36.75724085124007,40.09930508323444,3.4222740091669888,1.5415429652176744,2.1455064972520157,6.166259475976556,2.777554892284098,3.8657774725261547,30.639009250004875,24.080711736131356,27.053976849118207,55.20542207208085,43.388669794831266,48.745904232645415,3.3847564652706055,1.5588923445430478,2.1495265261229433,6.467687513255934,2.978775180655506,4.107375527623459,29.510804935055784,23.30264763571104,26.071635705620306,56.39007312431042,44.52735217014848,49.81841217634454,0.6884422110552764,-0.0015577889447235815,-0.0015577889447235815,0.5376884422110553,-0.0023115577889447625,-0.0023115577889447625,0.42211055276381915,-0.0028894472361808976,-0.0028894472361808976,0.40841584158415845,0.11546157706005467,0.15328387677477429,0.3746898263027295,0.3869346733668342,0.09370159066006722,0.14820345466900442,0.3939393939393939,0.4046822742474916,0.09750364319573868,0.16664000505950494,0.40604026845637586,20.0,0.0,0.0,28.0,0.0,0.0,41.0,0.0,0.0,2.5720310619011077e-05,0.0007870880528525078,9.70539898565878e-05,-0.007749808476916087,-0.010972914367465947,-0.009273753911663185,0.024752475247524754,-0.44278718876501844,0.0024752475247524753
150,0,test,4.062351533650544,1.9017782909210235,2.607529109841638,7.143348483329327,3.344138230664496,4.585149502137263,58.110800038623985,49.43469028856963,53.82707732772854,102.18359782072646,86.92729247372075,94.65098428976985,4.231760172903138,1.9712586229468827,2.7091788368779133,6.66418924866636,3.1043442881053274,4.266423365162067,68.83829289654345,59.250396126300814,64.25425000562979,108.40676046699755,93.30771043511938,101.18779528445634,4.069119660186881,1.913665383962904,2.6207018358388066,7.138806421380493,3.3573076911629895,4.59772251901545,58.50543525050024,49.87362473576986,54.24906039824747,102.64111447456183,87.49758725573659,95.173790172364,0.778894472361809,-0.0011055276381910506,-0.0011055276381910506,0.6783919597989949,-0.0016080402010050232,-0.0016080402010050232,0.5577889447236181,-0.00221105527638199,-0.00221105527638199,0.45192307692307687,0.11912307692307689,0.19392734131540101,0.40192926045016075,0.4371859296482412,0.10385259631490784,0.17007407655976037,0.3939393939393939,0.45150501672240806,0.11594575128000406,0.1934405005933758,0.3993288590604027,24.0,0.0,0.0,35.0,0.0,0.0,48.0,1.0,1.0,0.0009507836107166857,0.00014800729557627843,0.00013996586295276427,0.00045569902817899077,5.329000489684432e-05,-8.586501395235757e-05,0.05128205128205128,-0.30260487600819014,0.08974358974358974
82,0,test,2.1362110796147555,0.8560306132159963,1.2093670111075132,7.635818327133594,3.059854106814625,4.322843784384302,8.467294868025082,4.87000601126547,5.940771819273336,30.266075272940718,17.407681061544658,21.235099268891922,2.3613129793777454,0.9163566116195703,1.3355975842231835,6.746608512507844,2.6181617474844865,3.8159930977805243,10.604866286227438,6.363199220887782,7.815776237699582,30.299617960649822,18.180569202536518,22.330789250570234,2.2177991271651916,0.9060364054401624,1.2926957508761814,7.311425693951181,2.986933204747788,4.2616343435478505,9.187088984572492,5.474376558169352,6.664960009356581,30.287106542546677,18.04739524671215,21.972395635241476,0.5577889447236181,-0.00221105527638199,-0.00221105527638199,0.4120603015075377,-0.0029396984924623393,-0.0029396984924623393,0.31155778894472363,-0.003442211055276312,-0.003442211055276312,0.34925373134328364,0.07354583268456527,0.12482473432242958,0.27245508982035926,0.37688442211055273,0.10871399604538978,0.14983934698534407,0.2727272727272727,0.35785953177257523,0.0857393314386854,0.13983950952563418,0.2751677852348994,18.0,-9.0,-9.0,29.0,-15.0,-15.0,40.0,-22.0,-22.0,0.0012115416491910334,0.0003372061407713882,0.00045554332564298094,-0.08252083408172428,-0.08077236845700675,-0.08874235310304712,0.9402985074626866,0.23352068894314232,0.24477611940298508
255,0,test,3.2949542994626215,1.497915975708314,1.670229414685344,8.949017890256469,4.06830433639122,4.536303558228242,26.976181215751,20.94442434238165,21.899159136784366,73.26666969248349,56.884560787888624,59.47759789221316,3.745338907289838,1.6900383013584026,2.3324570113102245,7.802789390187163,3.5209131278300054,4.859285440229634,42.323348479851774,34.514163472682,38.215571932898385,88.17364266635786,71.90450723475416,79.61577486020498,3.419309262324897,1.5433588396219475,2.1377136930996894,8.206342229579752,3.704061215092673,5.130512863439254,30.548306865327778,24.02128726439185,26.94592387142557,73.31593647678666,57.65108943454044,64.67021729142137,0.7236180904522613,-0.0013819095477386467,-0.0013819095477386467,0.6381909547738693,-0.0018090452261306789,-0.0018090452261306789,0.5226130653266332,-0.002386934673366814,-0.002386934673366814,0.40829694323144106,0.11167753210821318,0.12970456786487217,0.3216630196936543,0.44723618090452266,0.10638405057870814,0.19014102230685992,0.303030303030303,0.4247491638795987,0.1142316346642398,0.19115628290073328,0.3120805369127517,25.0,0.0,0.0,36.0,0.0,0.0,44.0,0.0,0.0,0.001373303172374935,0.0005756560167547518,3.1040860037420533e-05,-0.04902056209568606,-0.05007795117907765,-0.044438546545812585,0.021834061135371178,-0.3853586577066786,0.14410480349344978
161,0,test,2.6574704620518657,1.147415115301141,1.6117559483129718,6.489619896459991,2.8020209699745253,3.9359547433439963,14.260171792191901,9.733190451103367,11.414740895236974,34.82375285484544,23.76873320305677,27.875128128223622,2.5875866292982717,1.1126208887408944,1.5561163559892017,5.880878702950618,2.5286838380474874,3.5366280817936406,13.297640710420664,8.926754684175037,10.49245351436651,30.221910705501507,20.288078827670535,23.846485259923885,2.7510475241860908,1.2242043083934082,1.7025796928473766,6.498537458707301,2.891821200929311,4.021841794127662,15.65902650480262,11.055405283628634,12.80575043771356,36.98982638929753,26.115130591248743,30.249804183575336,0.5628140703517588,-0.0021859296482411583,-0.0021859296482411583,0.39698492462311563,-0.0030150753768843908,-0.0030150753768843908,0.321608040201005,-0.0033919597989949812,-0.0033919597989949812,0.3571428571428571,0.08225429845043508,0.13437057991513435,0.30746268656716413,0.35678391959798994,0.08109469654034585,0.13975553896359927,0.25757575757575757,0.3511705685618729,0.07905036822798306,0.13092585221037123,0.3087248322147651,22.0,-1.0,-1.0,30.0,-2.0,-2.0,37.0,-1.0,-1.0,0.001097332690821227,0.0003874916092123407,0.000284698699617713,-0.0376438084354529,-0.03179471819659341,-0.03391932076056747,0.02976190476190476,0.26539738931254603,0.03571428571428571
35,0,test,3.1532878762620875,1.4246786247907945,1.954620937165942,7.084098790506608,3.200647869393018,4.391203201304308,23.412916945028726,17.78010231522834,20.097222991659347,52.59888190390015,39.94433944791024,45.14992562509771,3.528084916199059,1.5814217513663829,2.2036968121074434,6.2686508778893995,2.8098475760884836,3.915497014369475,34.05867989283465,27.0534067972802,30.29879589949135,60.51497588101871,48.068106720167506,53.83446771427481,3.2119887846663757,1.4339418850525227,1.9931748697150855,6.8828331099993765,3.0727326108268342,4.271089006532327,24.82841552773961,18.910129411350557,21.44524290524396,53.20374755944202,40.52170588146547,45.95409193980848,0.7727272727272727,-0.002272727272727315,-0.002272727272727315,0.6161616161616161,-0.003838383838383863,-0.003838383838383863,0.4747474747474747,-0.005252525252525286,-0.005252525252525286,0.4067278287461774,0.08459042416602469,0.1544389172507552,0.33742331288343563,0.41414141414141414,0.08164771137063331,0.1423293336045014,0.35532994923857864,0.4013377926421404,0.08080356893596341,0.1477226647222294,0.33221476510067116,24.0,0.0,0.0,38.0,0.0,0.0,47.0,0.0,0.0,0.001319457180512363,0.00045168594524801415,0.00038263156595170735,0.00039646512983626536,-4.812870849413287e-06,-0.00013843336848395893,0.03363914373088685,-0.41966943340777596,0.672782874617737
200,0,test,3.2724530537341696,1.4890325226282306,1.6679773719052406,7.765717609379532,3.5335590433353863,3.9582053695989647,26.37596170114578,20.42578729487675,21.40071139653786,62.59166040997289,48.47155741478524,50.78510787364944,3.6358662794833188,1.647465531920072,2.295118684058114,6.323245703449251,2.865157446817517,3.9915107548836772,37.934700720330156,30.630856993066054,34.1128010480149,65.97339255709593,53.27105564011488,59.3266105182868,3.4023043629160483,1.5855556576940095,2.1671709570615896,6.501218527865061,3.0297241866764515,4.14109100075463,30.033227825513627,23.881403320999418,26.594390574386015,57.388333424548335,45.63325475350208,50.81730683003697,0.6934673366834171,-0.0015326633165829717,-0.0015326633165829717,0.5728643216080402,-0.0021356783919597166,-0.0021356783919597166,0.457286432160804,-0.0027135678391959628,-0.0027135678391959628,0.4048140043763676,0.11628941421243322,0.13306424875564427,0.3793859649122807,0.40703517587939697,0.10377703051598841,0.1799901007541883,0.38888888888888884,0.39799331103678925,0.11084806896667243,0.1699621653193254,0.37248322147651003,26.0,-12.0,-12.0,37.0,-12.0,-12.0,47.0,-13.0,-13.0,-0.0002695230777171249,0.0005571812616146741,0.00016734493615762927,-0.0001168953224714997,0.00025310365104846966,-0.00012109514013225464,0.975929978118162,-0.38148700074074726,0.12691466083150985
252,0,test,1.9256268486124846,0.546326256711692,0.7988658900433614,13.10496049750163,3.718053691510125,5.436726196128431,6.859447153438493,2.887324632357512,3.7738013916231687,46.682348683123074,19.649848192433065,25.682815026324338,1.9880525645163454,0.5110729275566137,0.7893151044327646,11.694426850096148,3.006311338568315,4.643030026075086,7.301301095377398,2.921603687861978,3.985373307751379,42.94882997280822,17.18590404624693,23.443372398537523,1.9256268486124846,0.546326256711692,0.7988658900433614,13.10496049750163,3.718053691510125,5.436726196128431,6.859447153438493,2.887324632357512,3.7738013916231687,46.682348683123074,19.649848192433065,25.682815026324338,0.4522613065326633,-0.0027386934673366836,-0.0027386934673366836,0.33668341708542715,-0.0033165829145728187,-0.0033165829145728187,0.27135678391959794,-0.0036432160804020786,-0.0036432160804020786,0.3278688524590164,0.048277015724322525,0.06564059158945124,0.2716049382716049,0.33668341708542715,0.04918341708542717,0.060477094290086075,0.2727272727272727,0.3278688524590164,0.048277015724322525,0.06564059158945124,0.2716049382716049,16.0,0.0,0.0,24.0,1.0,1.0,31.0,1.0,1.0,0.00034904460481460006,7.857019885922787e-05,0.00014482562280283527,-0.07750541373440978,-0.08186087666231234,-0.087194965296292,0.9549180327868853,-0.783597887753291,0.18442622950819673
30,0,test,2.2813607185911993,1.0161513036432979,1.4046721096232782,5.466656816246836,2.434928595522619,3.365912413625591,9.789992775460224,6.246157985074583,7.387063297156136,23.459039292140538,14.967208756688153,17.701076202619422,2.256870030169843,0.9595526890652624,1.3442778060381564,5.50456104919474,2.340372412354298,3.2787263561906252,9.553141279234156,5.8936748914210195,7.06237047095134,23.300344583497942,14.37481680834395,17.225293831588633,2.2813607185911993,1.0161513036432979,1.4046721096232782,5.466656816246836,2.434928595522619,3.365912413625591,9.789992775460224,6.246157985074583,7.387063297156136,23.459039292140538,14.967208756688153,17.701076202619422,0.49246231155778897,-0.002537688442211028,-0.002537688442211028,0.38190954773869346,-0.0030904522613065533,-0.0030904522613065533,0.3065326633165829,-0.0034673366834171437,-0.0034673366834171437,0.37154150197628455,0.11118647239048574,0.16786213272529904,0.28174603174603174,0.371859296482412,0.11622019873805112,0.15816981401162733,0.2525252525252525,0.37154150197628455,0.11118647239048574,0.16786213272529904,0.28174603174603174,22.0,-2.0,-2.0,31.0,-1.0,-1.0,40.0,-5.0,-5.0,0.00011510765131302152,0.00041812144122421296,0.0006062283028757354,-0.08047583215044618,-0.09038253488447712,-0.0919807375359678,0.05138339920948617,-0.2742420795200484,0.2964426877470356
87,0,test,3.66111546296521,1.7208631100763794,2.350639570674339,7.131768271787721,3.3522015496863578,4.578991533625736,38.90471544583682,31.944208192697296,35.19677757438676,75.78548615749716,62.226578964965256,68.56250891657999,3.761257690175123,1.6828522788332703,2.339076853122864,7.030388205934809,3.1455182781930286,4.372106267519372,43.00247577397712,35.01076052389943,38.856323102847895,80.37845939061143,65.44067387644752,72.62864131373438,3.635594055886664,1.6791103682403647,2.3135216988580583,7.128615795856204,3.292373271059539,4.536317056584428,37.92437540512303,30.84996795318023,34.17318827833643,74.36152040220202,60.49013324152986,67.00625152614987,0.7437185929648241,-0.0012814070351758744,-0.0012814070351758744,0.6130653266331658,-0.001934673366834172,-0.001934673366834172,0.507537688442211,-0.0024623115577889765,-0.0024623115577889765,0.42559523809523814,0.11950311328097363,0.19391206977840647,0.4119402985074627,0.4522613065326633,0.12143423886349036,0.19349669885319754,0.43434343434343436,0.42140468227424754,0.11088715305888863,0.18669945424310186,0.40604026845637586,27.0,0.0,0.0,40.0,0.0,0.0,46.0,1.0,1.0,0.00043985134593750244,4.827486091353563e-05,0.00010304102683333603,-0.004314604250732934,-0.0035360033749185504,-0.0040104621905543425,0.02976190476190476,-0.5778480225714497,0.002976190476190476
131,0,test,1.0212113647259156,0.39266015688592626,0.39266015688592626,7.8936878462597795,3.0351568883614837,3.0351568883614837,2.7765561498005313,0.9016638684231706,0.9016638684231706,21.46202861737708,6.969618009973697,6.969618009973697,2.641881226954792,1.1570024429238945,1.620292700051084,7.548232077013692,3.3057212654968415,4.629407714431669,14.039590436107916,9.625160155206483,11.26198687683396,40.11311553173691,27.500457586304243,32.17710536238275,1.8466120355786486,0.8379985699289294,1.1452911972797626,7.694216814911036,3.491660708037206,4.772046655332344,6.338309139115233,3.596512356259057,4.321894832560195,26.409621412980137,14.985468151079404,18.007895135667482,0.4773869346733668,-0.0026130653266331905,-0.0026130653266331905,0.3869346733668342,-0.0030653266331658324,-0.0030653266331658324,0.3417085427135679,-0.003291457286432098,-0.003291457286432098,0.18739054290718038,0.04174049403132507,0.04174049403132507,0.0964912280701754,0.35678391959798994,0.12119494716691226,0.17147507151785635,0.23232323232323238,0.274247491638796,0.09394699080407154,0.1229682925286737,0.16442953020134232,22.0,-3.0,-3.0,31.0,-3.0,-3.0,39.0,-6.0,-6.0,0.004421702608514151,0.0013884886234448706,0.001887376093043346,-0.11887300850353455,-0.11162870339817621,-0.12584830920899837,0.02276707530647986,-0.2787947478656074,0.23642732049036777
74,0,test,2.5968115147052253,1.108686446074078,1.253851507213916,8.458186076468447,3.611150138641282,4.083973480639611,13.420877470715466,8.992093407147898,9.590512820893395,43.71371519033037,29.288532811853152,31.237670330909914,3.269414734400121,1.4472430964278284,2.027080266464854,7.1855268887914745,3.1807540580831395,4.455121464757921,26.29594472687067,20.110668670999537,22.83225481984796,57.79328511400147,44.199271804394584,50.180779823841675,3.0866218717090543,1.3758293553314287,1.919961009829838,7.914415055664241,3.5277675777728934,4.922976948281636,21.902961844284345,16.369616837358116,18.69170994181963,56.161440626370116,41.97337650604645,47.927461389281106,0.6381909547738693,-0.0018090452261306789,-0.0018090452261306789,0.5226130653266332,-0.002386934673366814,-0.002386934673366814,0.4623115577889447,-0.002688442211055242,-0.002688442211055242,0.36483516483516487,0.0991930133532768,0.11459078555852753,0.2797356828193832,0.4321608040201005,0.14394025264165433,0.20511572889489182,0.31818181818181823,0.41137123745819393,0.1342426898788951,0.18667713289757104,0.3221476510067114,24.0,0.0,0.0,35.0,0.0,0.0,42.0,0.0,0.0,0.001519333077348118,0.0011149437405406398,0.0002722643416541796,-0.0621002715845389,-0.061212719345154376,-0.06358773253462413,0.03076923076923077,-0.4843937197594526,0.6527472527472528
151,0,test,3.1255272731145687,1.4216639456451288,1.9336971820289903,6.621879815920697,3.011999884841375,4.096816063620743,22.77189893867425,17.2767629928145,19.478796565315363,48.24554859888613,36.60331142545445,41.268636790922386,3.190203958596969,1.37462719388199,1.934594151724191,6.194570793392172,2.6691790172465826,3.7564934984935743,24.29338178190125,18.148762626771124,20.78340365125666,47.17161511048786,35.240315780138104,40.35612359467312,3.1255272731145687,1.4216639456451288,1.9336971820289903,6.621879815920697,3.011999884841375,4.096816063620743,22.77189893867425,17.2767629928145,19.478796565315363,48.24554859888613,36.60331142545445,41.268636790922386,0.6582914572864322,-0.0017085427135676845,-0.0017085427135676845,0.5276381909547738,-0.002361809045226204,-0.002361809045226204,0.4371859296482412,-0.002814070351758735,-0.002814070351758735,0.3975903614457831,0.11302122316923002,0.1732912960252223,0.342741935483871,0.4120603015075377,0.11130842180828959,0.17332908280970794,0.3484848484848485,0.3975903614457831,0.11302122316923002,0.1732912960252223,0.342741935483871,25.0,-5.0,-5.0,38.0,-8.0,-8.0,47.0,-7.0,-7.0,0.00010847552604124551,-0.00023477263006902664,2.2671083930480293e-05,-3.7786429536446065e-05,-0.00010682844012599446,0.00013492207507859177,0.040160642570281124,-0.6213802960320365,0.012048192771084338
236,0,test,4.451633877712934,2.0624833280766715,2.5592115627257765,11.032310044766836,5.111371726103056,6.342393872842142,85.7669623128821,74.86273490495168,79.13154000025092,212.55290660149043,185.52938650357592,196.10859913105662,5.031742548251796,2.3167160592483587,3.1951840097576145,8.31692983182115,3.82928274255927,5.281295883896883,153.19973817304452,138.09472798978175,146.9248319617796,253.22270772404053,228.2557487434409,242.8509619202969,4.539130816665979,2.1626637670502262,2.928984099493581,9.65772514184251,4.6014122703196305,6.231881062752302,93.60940101795491,82.84260398710414,88.60585573795622,199.1689383360743,176.2608595470301,188.52309731480048,0.8341708542713568,-0.0008291457286431214,-0.0008291457286431214,0.7035175879396984,-0.001482412060301641,-0.001482412060301641,0.6080402010050252,-0.001959798994974782,-0.001959798994974782,0.4522613065326633,0.14234913589276366,0.18735417065778548,0.4256926952141058,0.46733668341708545,0.13400335008375208,0.2002248303286046,0.46464646464646464,0.4581939799331104,0.15101534888135748,0.21903936369284338,0.42281879194630867,28.0,0.0,0.0,39.0,0.0,0.0,48.0,0.0,0.0,-0.00011647696853279727,0.0010062607206184717,-7.416187937533826e-05,0.00011609134434475976,0.00038333306897619934,2.461703082090594e-05,0.9673366834170855,0.36158629392837416,0.41457286432160806
7,0,test,4.006437806262396,1.8399127460126614,2.5379841157888543,6.6881663378735166,3.071467245359846,4.236796064260426,54.95077619691353,46.22287384768413,50.6082611225916,91.73234413517017,77.1623781166985,84.48314558368114,3.9757650216151292,1.773643667877617,2.4802765038874237,6.681958019521226,2.980913727525407,4.168531939306595,53.29086998268145,44.2466909158425,48.82935443267772,89.56448736585118,74.36418641318068,82.06614190366003,4.006437806262396,1.8399127460126614,2.5379841157888543,6.6881663378735166,3.071467245359846,4.236796064260426,54.95077619691353,46.22287384768413,50.6082611225916,91.73234413517017,77.1623781166985,84.48314558368114,0.7537688442211055,-0.0012311557788945438,-0.0012311557788945438,0.6582914572864322,-0.0017085427135676845,-0.0017085427135676845,0.5376884422110553,-0.0023115577889447625,-0.0023115577889447625,0.43203883495145634,0.08821316909189214,0.17720012527403695,0.4341463414634147,0.4321608040201005,0.09632120502260677,0.17339619634063475,0.4292929292929293,0.43203883495145634,0.08821316909189214,0.17720012527403695,0.4341463414634147,25.0,1.0,1.0,35.0,1.0,1.0,44.0,1.0,1.0,-0.0003194997233000678,-0.00016696719901063213,-4.826635772907258e-05,0.00026020021046324615,0.0001295261992479979,7.425811391303938e-05,0.04854368932038835,-0.36426605157534486,0.24271844660194175
130,0,test,2.651812000071404,1.1690963257950264,1.494949593485433,9.799076724073378,4.320089280080669,5.524194688308077,14.179709014743718,9.774817310829803,10.999768767037782,52.39740093067203,36.12027730097108,40.646764586768185,2.738390958889027,1.2094506413422825,1.6677512802353511,8.833519222222668,3.901453681749298,5.379842839468874,15.462085937891707,10.848800324514707,12.544840935283716,49.87769657384422,34.996130079079705,40.46722882349586,2.664623532844489,1.1848493672192315,1.636829729195864,9.631169395823454,4.282588074286378,5.916252033238061,14.362541502939811,9.970587788147942,11.567648557658373,51.91280061303546,36.038269113787734,41.81077791924713,0.5778894472361809,-0.002110552763819218,-0.002110552763819218,0.4321608040201005,-0.002839195979899567,-0.002839195979899567,0.3517587939698492,-0.0032412060301507672,-0.0032412060301507672,0.36692506459948315,0.10240893556722508,0.133298476134185,0.3212435233160622,0.3668341708542714,0.0961574791249481,0.14479744297447172,0.303030303030303,0.36454849498327757,0.09409774373119073,0.14319143157949554,0.3087248322147651,19.0,0.0,0.0,29.0,0.0,0.0,35.0,0.0,0.0,0.000611469799128639,-2.6478308953639866e-05,0.00018473306611445202,-0.052130842126419275,-0.05508762724617089,-0.05351575100708317,0.9612403100775194,-0.42620322466641325,0.05167958656330749
29,0,test,3.3252957312472566,1.555770339420085,1.851806731769197,7.0145541793474475,3.281823999572717,3.9062987774633813,27.807220890938687,21.939153223434044,23.442784768050267,58.65801819780101,46.279606799681765,49.45144647588713,3.8118820429388225,1.7505813106073052,2.4212262807977405,5.864433912213573,2.693202016318931,3.7249635089196005,45.23549394452045,37.37931198740269,41.21801024142974,69.59306760695453,57.50663382677335,63.41232344835344,3.799613378895875,1.79622467486546,2.4433954871329497,6.665988384027852,3.151271359413088,4.286658749356052,44.683905412440225,37.269767515933744,40.80242010428068,78.39281651305303,65.3855570454978,71.58319316540471,0.7437185929648241,-0.0012814070351758744,-0.0012814070351758744,0.6231155778894473,-0.0018844221105527303,-0.0018844221105527303,0.542713567839196,-0.0022864321608039306,-0.0022864321608039306,0.442080378250591,0.1433790795492923,0.17033062262986765,0.3744075829383886,0.4371859296482412,0.1063588619790683,0.17675187288697247,0.3939393939393939,0.4481605351170569,0.129295760492683,0.19454540719714586,0.41946308724832215,24.0,0.0,0.0,34.0,0.0,0.0,46.0,0.0,0.0,0.0005828218511197537,0.0011144353669587097,0.0003988437134051765,-0.01644629189082014,-0.01914512920160405,-0.019818238434268665,0.02364066193853428,-0.6483867523702452,0.7399527186761229
28,0,test,2.1059301353681743,0.8693176280994772,1.1842014923421766,6.922270352367611,2.8574792405121707,3.8925141646432664,8.214740277671243,4.7708128740042355,5.7011084691017455,27.002155542345292,15.681838613625036,18.739754690102963,2.147024385478136,0.8118362258499543,1.195567851399412,6.04795601543137,2.286862608028041,3.3677967645053863,8.559351136571346,4.7586401170558705,5.969872558906323,24.110848272031962,13.404620048044709,16.816542419454432,2.074714549941562,0.8272365832487172,1.1787392179101213,6.416642937963593,2.558463659532115,3.645585210031303,7.962273303234269,4.480722015862083,5.512549384364565,24.62558753577609,13.857903141841495,17.04912180731309,0.46733668341708545,-0.002663316582914521,-0.002663316582914521,0.37688442211055273,-0.003115577889447274,-0.003115577889447274,0.2613065326633166,-0.003693467336683409,-0.003693467336683409,0.33333333333333337,0.08932769158439124,0.12609970674486803,0.26345609065155806,0.35678391959798994,0.0936260248611478,0.14476388620900826,0.23737373737373735,0.3411371237458194,0.09739755780258064,0.1442516954922043,0.25838926174496646,17.0,0.0,0.0,25.0,0.0,0.0,32.0,0.0,0.0,0.0010392935760279406,-0.0002253252786176179,0.0003057692046012508,-0.0839522515576343,-0.07461835867208766,-0.08515849208590609,0.02824858757062147,-0.25942156124920074,0.00847457627118644
237,0,test,1.9829101209837559,0.8569270360719872,1.157722673688038,7.400138802021853,3.198016361423293,4.320573277062575,7.263850941959488,4.180604489397492,4.981542404160429,27.10839217514778,15.601843558370025,18.590910827897684,2.372596736078621,1.0095355462422604,1.434387773224352,7.653537858318132,3.2565662782008404,4.6270573329817815,10.725206686303741,6.81706812314437,8.169806186265108,34.597440923560455,21.990542332723777,26.35421350408099,2.1579771180782994,0.8894107591646363,1.2813178290768947,7.799917294258913,3.2147376837276003,4.631269261723715,8.653614700266651,5.097863464837232,6.2507556747415665,31.278125422650547,18.42601252350807,22.593092800270725,0.49246231155778897,-0.002537688442211028,-0.002537688442211028,0.37688442211055273,-0.003115577889447274,-0.003115577889447274,0.31155778894472363,-0.003442211055276312,-0.003442211055276312,0.3379501385041551,0.1014356156825783,0.12973899480914042,0.2861111111111111,0.3417085427135679,0.08857571063336733,0.1530607964698283,0.29292929292929293,0.35785953177257523,0.11578941491113948,0.16208645057124038,0.2953020134228188,19.0,-3.0,-3.0,31.0,-1.0,-1.0,38.0,-3.0,-3.0,0.0008096572107235252,0.0004541164091440031,0.0003406425246247306,-0.010889314572886555,-0.016819169404314493,-0.013208801833095585,0.036011080332409975,-0.45813068501367704,0.030470914127423823
196,0,test,4.131524305969702,1.8600176537431898,2.161959805076248,8.37834696466414,3.771942776893166,4.384253372154623,62.272773386063,52.5787780895584,55.105219041025734,126.28339161080683,106.62487091649983,111.74825814831266,4.309295422881935,1.9372953791148442,2.673624488792984,7.62707154492378,3.428841378964326,4.7320787412265215,74.38805834804735,63.66924940118211,69.25515766801459,131.6602802620307,112.68893699324266,122.57550029737097,4.342007693079266,2.035348540647467,2.762188816459956,7.991425201986378,3.7460402588603685,5.08378309777906,76.86169923524899,66.82087553825328,72.00762269039095,141.46325012622515,122.98320651212259,132.52936691482995,0.728643216080402,-0.001356783919598037,-0.001356783919598037,0.6381909547738693,-0.0018090452261306789,-0.0018090452261306789,0.5577889447236181,-0.00221105527638199,-0.00221105527638199,0.4390804597701149,0.1164627789434789,0.13214008831361446,0.44009216589861755,0.44723618090452266,0.1339529728844725,0.19181047138866292,0.45959595959595956,0.47157190635451507,0.14269043723932306,0.21239504317320246,0.47986577181208057,27.0,0.0,0.0,38.0,0.0,0.0,48.0,0.0,0.0,0.0001813696634060908,0.000830895350647822,2.5931700921022157e-05,-0.01246204526840966,-0.01574604507759858,-0.014263331238843158,0.9563218390804598,0.3675510381625369,0.052873563218390804
219,0,test,2.9945909496448593,1.325621549653804,1.7630879792234069,7.643536340002613,3.383579479885584,4.500189597318486,19.97718654306573,14.670490645909421,16.550811133899327,50.990720896636304,37.44565794235621,42.245077369743036,3.2421629180328573,1.4698425338153274,2.0304997423586744,6.720733548838944,3.046861085721356,4.2090567575976685,25.589008863761617,19.704517049790088,22.22994213641596,53.04388295717252,40.84582180112737,46.080817553612256,3.0173410297372225,1.361590143490458,1.872133702987672,7.359368365212738,3.320951569488922,4.566179763384566,20.43687832277282,15.19986747719951,17.29378538623887,49.846044689689805,37.072847505364656,42.17996435668017,0.6161616161616161,-0.003838383838383863,-0.003838383838383863,0.5151515151515151,-0.00484848484848488,-0.00484848484848488,0.4292929292929293,-0.005707070707070772,-0.005707070707070772,0.3928571428571429,0.10753478346070944,0.16216310571149284,0.3663911845730028,0.40909090909090906,0.10934279825967486,0.18593654667480164,0.3807106598984772,0.39799331103678925,0.11919531437568742,0.172186859423886,0.3657718120805369,21.0,0.0,0.0,32.0,0.0,0.0,40.0,1.0,1.0,0.0007878823461090856,2.068002431849461e-05,0.00037034001097539527,-0.01111716964695919,-0.015710929247329197,-0.017736346497366107,0.03021978021978022,-0.37433736652884,0.1978021978021978
4,0,test,3.0480395928409365,1.34221624519594,1.5451554734100748,8.530676847888156,3.756517164227631,4.324491733757757,21.073990298872953,15.5680732135179,16.579356844401918,58.98066467294632,43.571022515820545,46.401344627414176,4.3811084557390165,1.9737495951667658,2.7368015412764577,7.823407956676815,3.524552848512082,4.887145609422245,79.92657939699444,68.82198579673477,74.74915912897467,142.72603463749007,122.89640320845493,133.4806413017405,3.252713189354045,1.4519935840944087,1.9989521982682208,7.869467393598495,3.512887703454214,4.836174673229566,25.86040900526163,19.806406615988855,22.3569141825291,62.56550565789104,47.918725683844,54.08930850611878,0.7638190954773869,-0.001180904522613102,-0.001180904522613102,0.6582914572864322,-0.0017085427135676845,-0.0017085427135676845,0.542713567839196,-0.0022864321608039306,-0.0022864321608039306,0.39639639639639634,0.11855612643014213,0.14224194869356155,0.31602708803611734,0.4623115577889447,0.14150955277641342,0.20521639919128198,0.38888888888888884,0.3913043478260869,0.11584524932859108,0.17439667263142622,0.28859060402684567,29.0,-12.0,-12.0,40.0,-9.0,-9.0,50.0,-10.0,-10.0,-0.00014263584034586742,0.0025108185557908592,0.00011419757902885505,-0.060323237050784684,-0.08264046311397077,-0.07230863612332605,0.024774774774774775,-0.6437034666796078,0.268018018018018
44,0,test,2.944468919792922,1.272248138410552,1.3817984125572969,6.477831623544429,2.798945904503215,3.0399565076260533,19.000568880419422,13.676590810731492,14.229022184572027,41.80125153692273,30.08849978360928,31.303848806058458,3.4637907959459975,1.5116263109464576,2.1020586907055416,6.076825957799996,2.6519759841165924,3.6878222643956873,31.93781707650146,24.893899530507724,28.034869309837102,56.031258028949935,43.67350794825917,49.183981245328255,3.2822730755178418,1.4419559894556455,2.0051562403820773,6.3527865977764675,2.7908825602367333,3.880947562029827,26.63625014702809,20.337715024907098,23.049965192316172,51.55403254263501,39.36331940304599,44.61283585609581,0.6984924623115578,-0.006507537688442255,-0.006507537688442255,0.5577889447236181,-0.007211055276381884,-0.007211055276381884,0.46733668341708545,-0.0076633165829145256,-0.0076633165829145256,0.40042372881355937,0.1020110304008609,0.11010114816839811,0.33757961783439494,0.44221105527638194,0.12892784725633177,0.1784381003515072,0.3535353535353535,0.4180602006688964,0.11422046778074946,0.17223150211494753,0.34563758389261745,23.0,0.0,0.0,35.0,0.0,0.0,41.0,0.0,0.0,0.0010401326354764556,0.0011154921984045294,0.0005576239209809753,-0.04303274954563818,-0.04950525429501518,-0.048822035776488804,0.025423728813559324,-0.22103690418524796,0.5572033898305084
78,0,test,3.921505213961306,1.86130104920576,2.529469347305569,6.7083617111926905,3.1840530638697517,4.327061776862825,50.47636535522356,42.628793510862884,46.4533332769485,86.34789403406263,72.92336757949641,79.46585438747027,4.075993068223753,1.919082361514156,2.623935119254151,5.907236330759063,2.7812787848031246,3.80280452065819,58.908952158896334,50.26456085288607,54.63705533793468,85.37529298390774,72.84718964186388,79.18413817091984,3.9675298669660872,1.8714491830435471,2.5470788224728382,6.433832216701763,3.034782458989536,4.130398090496494,52.85381351082369,44.71958676072053,48.714826624286296,85.70888677430868,72.51824880116843,78.99701614749128,0.7638190954773869,-0.001180904522613102,-0.001180904522613102,0.6733668341708543,-0.001633165829145744,-0.001633165829145744,0.5879396984924623,-0.002060301507537776,-0.002060301507537776,0.47023809523809523,0.14631536121134936,0.22073314474304573,0.417910447761194,0.4773869346733668,0.14655986700419388,0.22696957240291604,0.4191919191919192,0.4782608695652174,0.1460405022864194,0.22575808869758673,0.42281879194630867,28.0,-2.0,-2.0,40.0,-2.0,-2.0,48.0,-1.0,-1.0,0.0007790194355426201,0.0001852246259474213,0.0004574553281268492,0.00036092479082938667,-3.9674596296279674e-05,0.0001777382952132811,0.044642857142857144,-0.4384018982543008,0.2767857142857143
86,0,test,3.4197924276301155,1.5575424208423692,2.1575186693180752,5.871148061595065,2.6740108818001733,3.7040586004221816,30.563070313644065,24.124863818492674,27.029623749783603,52.471111865902195,41.417907794580344,46.404840773964764,3.4197924276301155,1.5575424208423692,2.1575186693180752,5.871148061595065,2.6740108818001733,3.7040586004221816,30.563070313644065,24.124863818492674,27.029623749783603,52.471111865902195,41.417907794580344,46.404840773964764,3.4197924276301155,1.5575424208423692,2.1575186693180752,5.871148061595065,2.6740108818001733,3.7040586004221816,30.563070313644065,24.124863818492674,27.029623749783603,52.471111865902195,41.417907794580344,46.404840773964764,0.7098445595854923,-0.005155440414507773,-0.005155440414507773,0.5803108808290156,0.005310880829015652,0.005310880829015652,0.4507772020725389,0.0007772020725389517,0.0007772020725389517,0.3937823834196891,0.08628884336800946,0.149376187206264,0.35416666666666663,0.3937823834196891,0.08628884336800946,0.149376187206264,0.35416666666666663,0.3937823834196891,0.08628884336800946,0.149376187206264,0.35416666666666663,18.0,1.0,1.0,27.0,2.0,2.0,36.0,1.0,1.0,0.0006238010279895772,0.00024961731341590623,0.00020253627430512374,-0.0002101430002401372,-0.00010959901406604189,-6.409989052702514e-05,0.06735751295336788,-0.27836407606888364,0.6839378238341969
260,0,test,2.7988159819752294,1.257552485932322,1.4043473188532407,6.7886174881952375,3.0502336892826536,3.406289241473818,16.42518753522542,11.754699847991635,12.392356323911612,39.83981657480208,28.511399631298858,30.058055764381354,3.2036126159218474,1.4339392918460052,1.9928364367061706,5.571500201603214,2.4938074640800094,3.4658024986194276,24.62131708620415,18.752381278042684,21.265228518145907,42.8196818890507,32.612837005291624,36.98300611851462,3.070852771514049,1.3957593475623291,1.922277204903376,6.397609940654269,2.907831974088186,4.004744176882034,21.5602808310323,16.220986887319555,18.40658335429053,44.91725173131729,33.79372268191574,38.34704865477194,0.6783919597989949,-0.0016080402010050232,-0.0016080402010050232,0.5527638190954773,-0.0022361809045226,-0.0022361809045226,0.44723618090452266,-0.0027638190954772934,-0.0027638190954772934,0.39780219780219783,0.11789001338946459,0.13876016456661622,0.3193832599118943,0.42211055276381915,0.10882734474376898,0.1900571303932015,0.33838383838383834,0.40802675585284276,0.10084812480108984,0.17443387487397732,0.34563758389261745,20.0,0.0,0.0,33.0,-1.0,-1.0,41.0,1.0,1.0,0.0006980031055196604,0.0008813092818499495,0.0004559950263598655,-0.022753895895043286,-0.021943872066653825,-0.02727831627902777,0.024175824175824177,-0.3136340302834743,0.9296703296703297
205,0,test,4.1115904002357935,1.8828847360567735,2.58062970485144,10.118087680580256,4.633533741774494,6.350593099764847,61.0437243629821,51.75588764659832,56.421108747702434,150.22064343238202,127.36448873032455,138.84498935304163,4.259903002853258,1.8823814406311405,2.6338827588063225,8.874797922610954,3.9216280013148763,5.4872557475131725,70.80311542101583,60.02495867853897,65.71951251308825,147.50649046044967,125.0519972469562,136.91565106893387,4.1115904002357935,1.8828847360567735,2.58062970485144,10.118087680580256,4.633533741774494,6.350593099764847,61.0437243629821,51.75588764659832,56.421108747702434,150.22064343238202,127.36448873032455,138.84498935304163,0.7839195979899498,-0.0010804020100502187,-0.0010804020100502187,0.6733668341708543,-0.001633165829145744,-0.001633165829145744,0.5678391959798995,-0.0021608040201005485,-0.0021608040201005485,0.45035460992907805,0.1264608046193435,0.1944583835139837,0.41637010676156583,0.4773869346733668,0.13904107001171262,0.21695287791209805,0.43434343434343436,0.45035460992907805,0.1264608046193435,0.1944583835139837,0.41637010676156583,21.0,0.0,0.0,34.0,0.0,0.0,42.0,0.0,0.0,0.0003022333522893564,0.00020355923162986185,0.0003397575937594197,-0.00026647385093347964,0.00016949575638847136,1.9271695109068787e-05,0.03900709219858156,-0.5296817275192376,0.2127659574468085
137,0,test,2.243069158628936,0.0,0.0,117.50411248692623,0.0,0.0,9.422205197858366,0.0,0.0,493.5861452086429,0.0,0.0,3.454768626880481,1.370334995982124,1.8983694341643358,9.33721250508238,3.703608097248983,5.130728200444151,31.650964652588264,23.61092808893697,26.90924819165524,85.54314770969802,63.81331915928911,72.72769781528444,3.17101986002937,1.224689506665899,1.7195840126118476,12.196230230882193,4.710344256407304,6.613784663891722,23.83177704358837,16.828834995343882,19.562536949806635,91.66068093687835,64.72628844363032,75.24052673002551,0.7236180904522613,-0.0013819095477386467,-0.0013819095477386467,0.5879396984924623,-0.002060301507537776,-0.002060301507537776,0.4321608040201005,-0.002839195979899567,-0.002839195979899567,0.39882697947214074,0.0,0.0,0.31115459882583174,0.3869346733668342,0.051095074369340465,0.09478108405130825,0.33333333333333337,0.3712374581939799,0.0440254381605909,0.06867905997373525,0.3221476510067114,9.0,0.0,0.0,9.0,0.0,0.0,13.0,0.0,0.0,0.0040488688604937905,0.0026996476934393505,0.0017136177574837875,-0.02741876457506187,-0.040636592176898745,-0.04784273028475461,0.010752688172043012,-0.5955053435442313,0.12609970674486803
11,0,test,3.3720003970846757,1.5347231902080456,1.7865681734032648,8.51771198569944,3.8767285209301496,4.512891859983969,29.136753877513712,22.85733646871859,24.255353097884964,73.59977713568493,57.73789616664754,61.26930233396376,3.353528051900364,1.506181898984885,2.0796744493175496,7.536018094158121,3.3846784246851342,4.6734257288034815,28.603470365064837,22.260506454959398,25.02886921830197,64.27746149452773,50.02361001114472,56.244649928768474,3.374950415445363,1.5700955164684287,2.1471271665778637,8.299058398636138,3.8608906142666273,5.279820901420976,29.222834744064293,23.143745441619647,25.80904427360745,71.85942969851875,56.91084944660569,63.46486296788717,0.7135678391959799,0.003567839195979916,0.003567839195979916,0.5577889447236181,-0.00221105527638199,-0.00221105527638199,0.44221105527638194,-0.0027889447236180143,-0.0027889447236180143,0.42660550458715596,0.11539268994184704,0.1499681634336858,0.4160919540229885,0.4120603015075377,0.10378962481580833,0.16331238831888995,0.38383838383838387,0.4046822742474916,0.09968227424749154,0.1627288891198556,0.3926174496644296,24.0,-1.0,-1.0,36.0,-2.0,-2.0,45.0,-1.0,-1.0,0.00021046670941795898,0.00010937118529666062,5.569242801119782e-05,-0.004419040328965451,-0.0052376789533008505,-0.004949531662222562,0.02522935779816514,-0.2991540801845588,0.0022935779816513763
257,0,test,3.7108213455108463,1.752956551942604,2.377757033524426,6.197454205904712,2.927618158914452,3.9710993755768755,40.88737540151724,33.803190693389254,37.09472794721455,68.28613211387416,56.45481332298,61.95201987060575,3.6894390751220447,1.6929131130637871,2.3411822312327466,5.6327314124000685,2.584600172616469,3.574324017149231,40.02239110500635,32.65896032987094,36.17168381202506,61.1028871832158,49.86100813720755,55.22394475118329,3.6413718390026997,1.7159236725850524,2.328078300896758,5.969462031151966,2.8129896271886103,3.8165218047487826,38.144128452417874,31.285906850556742,34.425728192611246,62.531358118717826,51.28837188615859,56.435619987887286,0.7537688442211055,-0.0012311557788945438,-0.0012311557788945438,0.6482412060301508,-0.0017587939698492372,-0.0017587939698492372,0.5175879396984925,-0.002412060301507535,-0.002412060301507535,0.4396284829721362,0.10732554634153346,0.18319181973835663,0.4161490683229814,0.44221105527638194,0.10386519061472776,0.1867853457605222,0.3939393939393939,0.45150501672240806,0.12429299668901905,0.1912158064888152,0.4093959731543624,22.0,0.0,0.0,33.0,1.0,1.0,45.0,0.0,0.0,0.0007368358263488344,-4.4805193593399e-06,5.6534438257529515e-05,0.00041226083606016317,1.0681229349884802e-05,-0.0001244151406112337,0.030959752321981424,-0.7008508743117337,0.09287925696594428
27,0,test,2.9900138330944928,1.2429278821453047,1.7257073351795296,8.293728846559723,3.4476451969030473,4.786783441628932,19.8859575739923,14.148099683040607,16.345321128263592,55.15985850881197,39.24413364462454,45.33880741530258,2.9811062410084213,1.2366042659563774,1.7216215395634578,7.949616642689123,3.2976113758836725,4.590990772169221,19.70960816601602,13.986557622402506,16.186002855272193,52.55895510937606,37.29748699307335,43.162674280725845,2.9900138330944928,1.2429278821453047,1.7257073351795296,8.293728846559723,3.4476451969030473,4.786783441628932,19.8859575739923,14.148099683040607,16.345321128263592,55.15985850881197,39.24413364462454,45.33880741530258,0.5527638190954773,-0.0022361809045226,-0.0022361809045226,0.44723618090452266,-0.0027638190954772934,-0.0027638190954772934,0.3919597989949749,-0.0030402010050251116,-0.0030402010050251116,0.40086206896551724,0.12129217649239898,0.1616070546388697,0.2943722943722944,0.3919597989949749,0.12128310726565161,0.16157582570616025,0.2676767676767676,0.40086206896551724,0.12129217649239898,0.1616070546388697,0.2943722943722944,22.0,-8.0,-8.0,34.0,-13.0,-13.0,41.0,-12.0,-12.0,0.0012094174671907084,9.87255023657166e-05,-4.229149192351625e-05,-0.027614427598108726,-0.026222608081821086,-0.027953614831861096,0.9525862068965517,-0.5224222533512585,0.25862068965517243
212,0,test,2.673984748829633,1.2260159162311464,1.3343988133662978,7.839259636320415,3.5942826860937958,3.912026334837843,14.497623636094062,10.243159432068364,10.680161133866024,42.502350038735386,30.02963510519421,31.310782951458158,3.381136345719198,1.536027931495196,2.132601086065608,6.440259706131805,2.9257674885622773,4.062097306791634,29.404165433466495,23.07537954984578,25.91893117978161,56.0079341589838,43.95310390446816,49.369392723393545,3.169536816509889,1.4527284394093174,2.002867416170128,7.203492764795202,3.301655544112085,4.551971400386654,23.79645967615574,18.22972650776594,20.5851803544263,54.08286290035396,41.431196608558956,46.78450080551432,0.6633165829145728,-0.0016834170854271857,-0.0016834170854271857,0.5326633165829145,-0.0023366834170853723,-0.0023366834170853723,0.457286432160804,-0.0027135678391959628,-0.0027135678391959628,0.3736730360934183,0.10431990777952649,0.12049610549713285,0.3148936170212766,0.40703517587939697,0.10628329618014887,0.1799901007541883,0.3737373737373737,0.4013377926421404,0.1125231014902206,0.18776715860432058,0.35906040268456374,26.0,0.0,0.0,40.0,0.0,0.0,46.0,1.0,1.0,0.001007371844461735,0.00033882268404432944,0.0005571890392255833,-0.03451870483779729,-0.0315444108795262,-0.04140448314919709,0.02335456475583864,-0.43716957079237795,0.6305732484076433
190,0,test,3.747883629411838,1.6600484721696693,2.0882915469842382,7.514889114075777,3.3285665794014294,4.18723764267758,42.43118679208169,34.363755266325455,37.17402087544034,85.07885923106176,68.90283581462197,74.53770512269415,3.7356939586894424,1.6260320175793432,2.2551046570411915,6.553849050332356,2.8526877501391987,3.9563239597213893,41.91710421094903,33.67165084634755,37.52156899696672,73.53877931745444,59.073071660258876,65.82731402976619,3.7413711872044875,1.6362768775999803,2.2639578336465256,7.241363588137717,3.1669875050322194,4.38185387157392,42.155753983900055,33.947876929165886,37.77415661693158,81.59178190432267,65.70556824999848,73.11127087148046,0.6683417085427136,-0.0016582914572863539,-0.0016582914572863539,0.6030150753768844,-0.0019849246231156137,-0.0019849246231156137,0.4974874371859297,-0.002512562814070307,-0.002512562814070307,0.4285714285714286,0.10287168302435479,0.1558441558441559,0.40664961636828645,0.4321608040201005,0.08966080402010046,0.17259341633291247,0.38888888888888884,0.4280936454849499,0.10809364548494993,0.17393160330958912,0.3993288590604027,19.0,0.0,0.0,32.0,0.0,0.0,40.0,0.0,0.0,0.0009888844639256628,0.00022968554281929337,0.00037206793981448336,-0.004535744137880826,-0.003752920777705171,-0.004148765268069177,0.03826530612244898,-0.45802773801180624,0.00510204081632653
46,0,test,2.0647883101180726,0.8673765528580184,1.0749329709614184,5.528742383013523,2.3225148487711413,2.8782744682980086,7.8836288365418925,4.572094071182137,5.192783652282991,21.109453529424673,12.24238346691533,13.904361489994589,1.9679618495900826,0.7678254454190272,1.1135073338124402,5.046056024589955,1.9687831933821207,2.855147009775487,7.156076454708891,3.835506623287076,4.805984361993755,18.348913986433054,9.83463236740276,12.323036825625012,2.0858264496687404,0.8531335287724862,1.2155527818839182,4.966253451592239,2.0312703066011575,2.894173290199805,8.05124267972452,4.620787626707454,5.663678516203519,19.169625427915527,11.001875301684414,13.484948848103619,0.371859296482412,-0.003140703517587995,-0.003140703517587995,0.2864321608040201,-0.003567839195979916,-0.003567839195979916,0.25125628140703515,-0.003743718592964851,-0.003743718592964851,0.3226600985221675,0.08678786264993166,0.1085838521878566,0.28395061728395066,0.2864321608040201,0.06393216080402009,0.09009272652781375,0.20707070707070707,0.3177257525083612,0.07939241917502793,0.12238723974476517,0.2651006711409396,18.0,0.0,0.0,28.0,0.0,0.0,31.0,0.0,0.0,0.001142028315311348,0.00025198357515066896,0.00036632528029150287,-0.11529963033340263,-0.08992747999946094,-0.1059596642549252,0.024630541871921183,-0.6357351682679453,0.007389162561576354
20,0,test,2.356862110498778,1.0094608175733268,1.1186234760111218,7.958679300669788,3.408758992675148,3.7773807233419046,10.557770303678494,6.710356078138824,7.108238080080204,35.651601170392595,22.65960820588907,24.003180763169382,3.3447948264756038,1.4298089213909637,1.9980458708521907,6.896484178300214,2.9480596317339454,4.119682207942661,28.35475742428518,21.567914287939598,24.509852192117265,58.463417369660164,44.46992636688577,50.5357777157057,2.8347795736414527,1.2336260597992084,1.7226600058494816,7.395077148629876,3.21815493860663,4.49389566743343,17.02664676497764,12.067897652614434,13.985850021371448,44.41733938689819,31.48147213725504,36.48482614270812,0.6331658291457287,-0.0018341708542712887,-0.0018341708542712887,0.5326633165829145,-0.0023366834170853723,-0.0023366834170853723,0.4321608040201005,-0.002839195979899567,-0.002839195979899567,0.3505376344086022,0.10134321980065375,0.11495601173020531,0.2887931034482759,0.4170854271356784,0.10630848477978871,0.17334586119243967,0.36868686868686873,0.38795986622073575,0.11583966588684591,0.17772627333975688,0.325503355704698,28.0,-8.0,-8.0,39.0,-11.0,-11.0,47.0,-11.0,-11.0,0.0009133889822159886,0.0014453149772289309,0.0005317341569649708,-0.08364235588639879,-0.09157728276464017,-0.09855160767290361,0.9763440860215054,-0.4513412859437828,0.3741935483870968
238,0,test,1.9035538236864988,0.6619003290162766,0.6619003290162766,6.713731749409268,2.334486789165191,2.334486789165191,6.70969720266878,3.2483651729543372,3.2483651729543372,23.664740433364738,11.456808903413801,11.456808903413801,2.406209183694941,0.9564085016751942,1.3869996379601752,4.7180572229312565,1.8753107875984196,2.719607133255245,11.091834241740667,6.829569357270451,8.320830695263172,21.748694591648366,13.391312465236178,16.315354304437594,1.970770502655904,0.7945567864295966,1.1280056675943557,4.968328998292194,2.0030843355367978,2.843711767044594,7.17620364269562,3.934128126192752,4.853423431599563,18.09126968746795,9.917970066032147,12.235521256133351,0.4522613065326633,-0.0027386934673366836,-0.0027386934673366836,0.40201005025125625,-0.002989949748743781,-0.002989949748743781,0.3467336683417085,-0.003266331658291488,-0.003266331658291488,0.30952380952380953,0.0778522552716101,0.0778522552716101,0.27597955706984667,0.3668341708542714,0.1162076044382313,0.16316138287430482,0.30808080808080807,0.32441471571906355,0.10237798783926388,0.13754041093597125,0.25838926174496646,21.0,0.0,0.0,30.0,0.0,0.0,37.0,0.0,0.0,0.0009385411472422165,0.00027160757984965233,0.00037215350922786925,-0.12802047027045838,-0.12498713077711088,-0.13384593598034744,0.017006802721088437,-0.5428066451315248,0.027210884353741496
10,0,test,3.261645195188045,1.4923491484758662,1.905487486954779,9.229247885643208,4.222795368279858,5.391823851975744,26.09242898873101,20.22570697956438,22.211177275028295,73.83191017552033,57.23125974958215,62.84940532637635,3.3733605364087182,1.5227604762098155,2.1077559501568306,9.24208366139375,4.171946510163879,5.774673836046111,29.176410885651872,22.812773943256026,25.631175396711292,79.93537228945719,62.500750529468576,70.22239834715424,3.1644527424519326,1.4634147021733332,2.0037689939290924,9.307213948388037,4.304160888745098,5.893438217438508,23.67578373548862,18.196151215700404,20.48366860137084,69.63465804555476,53.51809181088354,60.24608412167895,0.6783919597989949,-0.0016080402010050232,-0.0016080402010050232,0.5477386934673367,-0.002261306532663321,-0.002261306532663321,0.44221105527638194,-0.0027889447236180143,-0.0027889447236180143,0.3989501312335958,0.09881906963464426,0.14968326906350782,0.33684210526315794,0.3919597989949749,0.1012329819523684,0.16825362203337224,0.2777777777777778,0.3946488294314381,0.10249524011591216,0.17329176602765606,0.30201342281879195,20.0,0.0,0.0,28.0,0.0,0.0,40.0,0.0,0.0,0.0015842904568143287,-0.000342155155048193,0.0006287145816473613,-0.003036916034538706,-0.003710312002156435,-0.004121598592130127,0.031496062992125984,-0.48990270939174557,0.015748031496062992
65,0,test,2.7641480841949737,1.2214225999801094,1.69500931334991,5.988987515755776,2.6464156332902364,3.6725201789248043,15.865518146031523,11.188197267236223,12.952648374996617,34.37528931640163,24.24109407901181,28.06407147915933,2.5739393590853097,1.1092387688264016,1.5432196760627097,5.7198652424117995,2.4649750418364484,3.429377057917133,13.117396929735,8.791149204080838,10.314314489938317,29.149770954966666,19.53588712017964,22.920698866529595,2.7641480841949737,1.2214225999801094,1.69500931334991,5.988987515755776,2.6464156332902364,3.6725201789248043,15.865518146031523,11.188197267236223,12.952648374996617,34.37528931640163,24.24109407901181,28.06407147915933,0.5628140703517588,-0.007185929648241274,-0.007185929648241274,0.4170854271356784,-0.007914572864321623,-0.007914572864321623,0.3316582914572864,-0.008341708542713544,-0.008341708542713544,0.36818181818181817,0.09380540094825807,0.1506591595715463,0.365296803652968,0.35678391959798994,0.08109469654034585,0.13975553896359927,0.33333333333333337,0.36818181818181817,0.09380540094825807,0.1506591595715463,0.365296803652968,22.0,0.0,0.0,32.0,0.0,0.0,40.0,0.0,0.0,-6.613446168713964e-05,-0.00022598984387036574,-0.00018207680502391917,-0.02559839334466485,-0.028297487410801736,-0.02986756033099791,0.95,0.33219592489309463,0.1409090909090909
176,0,test,3.5036493915533535,1.6247051439289442,1.9726765135097666,11.707316259580717,5.428892798006471,6.591626398800926,33.23652399461813,26.689934359727545,28.61385206324462,111.05862895762644,89.18343920201643,95.61213982108569,4.280269036628774,1.965599509037713,2.7041497524204776,9.839698934778792,4.518619561006236,6.216436212460868,72.25987794640767,62.13830048251093,67.42372632839096,166.11466194576477,142.8466677758872,154.99707201928956,4.051310798899274,1.8810966316589406,2.5792165661625415,10.477527928187778,4.864905081876571,6.670387671110021,57.47274290049081,48.71258292135181,53.1143899046934,148.63640405299347,125.98081790004778,137.36480147765536,0.7085427135678393,-0.0014572864321606982,-0.0014572864321606982,0.6130653266331658,-0.001934673366834172,-0.001934673366834172,0.5226130653266332,-0.002386934673366814,-0.002386934673366814,0.40975609756097564,0.12473782715902682,0.15853420117778894,0.27872860635696817,0.44723618090452266,0.15149683253359536,0.2085049622066929,0.28787878787878785,0.4381270903010034,0.13428735741285647,0.19786012700845612,0.31879194630872487,27.0,0.0,0.0,35.0,1.0,1.0,47.0,0.0,0.0,0.002491134636869641,0.002523529735740084,0.000945910671662414,-0.014434718478555375,-0.01418455296192267,-0.015613998438747778,0.973170731707317,-0.7211866636828498,0.7414634146341463
251,0,test,3.02901922960825,1.3431198059920078,1.816381622227229,7.277777746307071,3.2270932251351594,4.364192085619785,20.676943307664434,15.279640095796658,17.314601803930415,49.68017251103267,36.71215539795439,41.601526481926776,3.4441868210341267,1.5655430374939812,2.162267367388565,6.687741400066265,3.0398893931921966,4.19857741240498,31.317806108071,24.773183192761017,27.714256169473515,60.811273996254364,48.10326833545828,53.814089649463135,3.1649082684350187,1.4261829037723355,1.9741024930513604,7.085615526347057,3.192946799490304,4.419632447129912,23.686571126932073,17.996485113257876,20.396840203033154,53.02963685134046,40.290638313263905,45.66456761873094,0.7185929648241206,-0.0014070351758793676,-0.0014070351758793676,0.5879396984924623,-0.002060301507537776,-0.002060301507537776,0.4623115577889447,-0.002688442211055242,-0.002688442211055242,0.38655462184873945,0.08865252394664158,0.14413037942449702,0.348314606741573,0.40703517587939697,0.07620810821022406,0.15494836452714322,0.4040404040404041,0.3946488294314381,0.09247854562509417,0.15549421319117107,0.36241610738255037,24.0,0.0,0.0,34.0,0.0,0.0,46.0,0.0,0.0,0.00023532803464396023,0.0005808685170186782,0.00023177856055533178,-0.006731347302139312,-0.010605590402665399,-0.010239823186406483,0.969187675070028,-0.35435374074090503,0.6834733893557423
214,0,test,2.921581049883349,1.3106177904627831,1.7475635086144445,6.9434978198526345,3.1148448786323284,4.153300286707056,18.570625346341963,13.562992791742435,15.335662182054852,44.135382316630896,32.234125725829415,36.44709323787062,3.3752155931689423,1.528445357104561,2.1152136080728705,6.396837171815425,2.896767867274359,4.008833409585726,29.23058501641263,22.891273074393006,25.705156530739956,55.39891826920108,43.3844127790877,48.71739190111668,3.059641469873287,1.394662996606222,1.9253742662763824,6.749209124720486,3.0764624925137247,4.2471491167861375,21.31991196085449,16.034352493145477,18.21101743959959,47.02921756070844,35.36989520546796,40.17136199911675,0.6767676767676767,-0.003232323232323253,-0.003232323232323253,0.5808080808080809,-0.00419191919191908,-0.00419191919191908,0.48989898989898994,-0.005101010101010051,-0.005101010101010051,0.4301369863013699,0.14012330641080895,0.18966777809022617,0.35439560439560436,0.43939393939393945,0.11697580337378832,0.19274964409192608,0.3807106598984772,0.4381270903010034,0.14096515374006846,0.21009594458353953,0.36241610738255037,26.0,0.0,0.0,37.0,0.0,0.0,46.0,0.0,0.0,0.0005854773311474707,0.0003685561308286454,0.0003169316533168959,-0.007649262251202771,-0.00714466437998329,-0.0074708632197264535,0.043835616438356165,-0.4568758378206379,0.2191780821917808
223,0,test,3.0003304762147955,1.31140817678029,1.3287419397332743,8.0753575583228,3.5296411566533337,3.5762947952395567,20.092175812339235,14.678532538562116,14.771562736775815,54.07787745235985,39.50711417293846,39.757503961747666,2.9859785944891475,1.245073667868998,1.7423615080592367,7.025831987033288,2.9295851008682305,4.099674136609968,19.805874675753564,14.103373241895437,16.337739325702113,46.602058060596626,33.184407627989266,38.44173958988733,3.0461051341132213,1.285907020157184,1.815804287714135,7.810525984905695,3.2971974875825225,4.655908430036243,21.0332629398097,15.21967390636657,17.611003984092786,53.931443435409484,39.02480488811941,45.15642047203278,0.6030150753768844,-0.0019849246231156137,-0.0019849246231156137,0.457286432160804,-0.0027135678391959628,-0.0027135678391959628,0.40201005025125625,-0.002989949748743781,-0.002989949748743781,0.40990099009900993,0.12206716220583491,0.1215334436669474,0.4027777777777778,0.40703517587939697,0.13134595282175288,0.1699734062633702,0.3787878787878788,0.40802675585284276,0.12755931010993793,0.17332152782169707,0.3959731543624161,16.0,1.0,1.0,31.0,-2.0,-2.0,35.0,0.0,0.0,0.00048396263105991266,-0.00031204360790610677,-9.792740440788482e-05,-0.01583935174410911,-0.012134946180357709,-0.010383563195848211,0.019801980198019802,-0.4073566822502503,0.0019801980198019802
95,0,test,2.780656136932007,1.2351775724933005,1.6830120280538008,6.766911438128241,3.005886679913766,4.095721578760298,16.129600703483923,11.439385043037081,13.132503837249137,39.25245485882801,27.838503461376956,31.958820527011888,2.9822118259760453,1.2282678406421317,1.768029599779756,5.626814765992538,2.3174864917776072,3.3359049052448224,19.731410862668145,13.954067302727289,16.363871809901468,37.22907709937386,26.328428873070358,30.87522983000277,2.744769422100689,1.1791713513870767,1.6459035300784615,6.535165290715926,2.807550836635897,3.9188179287582416,15.561025489924138,10.775489320692337,12.560264583381636,37.05006069029557,25.655926954029376,29.905391865194375,0.7085427135678393,-0.0014572864321606982,-0.0014572864321606982,0.542713567839196,-0.0022864321608039306,-0.0022864321608039306,0.38190954773869346,-0.0030904522613065533,-0.0030904522613065533,0.4034582132564841,0.08835029958741936,0.1473487313405506,0.32947976878612717,0.3869346733668342,0.07615773101094447,0.12983951476917144,0.29292929292929293,0.39799331103678925,0.07912853641241535,0.139928794907757,0.3087248322147651,17.0,-4.0,-4.0,27.0,-5.0,-5.0,37.0,-9.0,-9.0,0.002037192123684066,-0.00011600526759790602,0.00048455639983514375,-0.00903357148441497,-0.007074940929087781,-0.008225829352261904,0.0345821325648415,0.42217637963156396,0.08069164265129683
184,0,test,2.069022516072265,0.7819764131984259,1.0978961301185421,7.758834435270993,2.9324115494940965,4.117110487944533,7.917080515372874,4.295009004026437,5.276163038364675,29.689051932648276,16.10628376509914,19.78561139386753,2.156994694834016,0.854273946786094,1.1928386996974507,6.958047402690375,2.7557224089874,3.8478667732175826,8.645117362712439,4.965823870093235,6.022544105172225,27.88747536358851,16.018786677720115,19.42756162958782,2.069022516072265,0.7819764131984259,1.0978961301185421,7.758834435270993,2.9324115494940965,4.117110487944533,7.917080515372874,4.295009004026437,5.276163038364675,29.689051932648276,16.10628376509914,19.78561139386753,0.457286432160804,-0.0027135678391959628,-0.0027135678391959628,0.38190954773869346,-0.0030904522613065533,-0.0030904522613065533,0.2864321608040201,-0.003567839195979916,-0.003567839195979916,0.34251968503937,0.09497548071716966,0.13964010388753756,0.24110671936758898,0.35678391959798994,0.08861349353282699,0.14309443712720527,0.23737373737373735,0.34251968503937,0.09497548071716966,0.13964010388753756,0.24110671936758898,21.0,0.0,0.0,31.0,1.0,1.0,41.0,0.0,0.0,0.00032502644930034396,0.00012246551264931665,0.0005052392908730502,-0.11972515181239718,-0.1273465439443049,-0.13051567777272766,0.03937007874015748,-0.40416397509465085,0.16929133858267717
66,0,test,3.4888506135461985,1.591143093279414,2.181889723004702,7.761428538831036,3.539716881425943,4.85391409393075,32.748285630349464,26.077700910258645,29.053358287592882,72.853070206647,58.013436082966706,64.63319561080446,3.5291939246323167,1.612690018356331,2.2216348365600798,6.919988087514346,3.1621372908947665,4.356146738353097,34.09647220818625,27.299318812360983,30.399333907788193,66.85582785918872,53.52807610266859,59.6065370740945,3.514601350847607,1.6057163466552837,2.2054098354134615,7.696207337622496,3.516167182456825,4.829364603095171,33.60252963353498,26.85696630448981,29.899351094630635,73.58218167927367,58.810875119320755,65.47303159408168,0.7587939698492463,-0.001206030150753712,-0.001206030150753712,0.6130653266331658,-0.001934673366834172,-0.001934673366834172,0.507537688442211,-0.0024623115577889765,-0.0024623115577889765,0.434640522875817,0.11653285566537652,0.175944870701904,0.3868852459016393,0.4321608040201005,0.10133373635092757,0.17172674725883175,0.36868686868686873,0.4347826086956522,0.1125789359076722,0.1756057455143396,0.38590604026845643,21.0,0.0,0.0,35.0,0.0,0.0,42.0,0.0,0.0,0.0005610017713195934,0.00031387457871060565,-0.00010493533410906622,0.00047939258751661384,7.653115519623555e-05,-6.483767214060521e-05,0.032679738562091505,-0.5296271127586639,0.1437908496732026
134,0,test,3.727158997197976,1.7500411386966768,2.389375966850782,6.978510462838764,3.2766727703256926,4.473725214529123,41.56086574400352,34.3389673160536,37.750279563910645,77.81608905260234,64.2942366768663,70.6813745026412,3.577971584936759,1.6399883182497283,2.2626424506820797,6.332693070684529,2.9026341915924396,4.004676903862089,35.80084816682488,28.856116999233034,32.07487103666219,63.36433303862811,51.07277344996998,56.76968325072955,3.727158997197976,1.7500411386966768,2.389375966850782,6.978510462838764,3.2766727703256926,4.473725214529123,41.56086574400352,34.3389673160536,37.750279563910645,77.81608905260234,64.2942366768663,70.6813745026412,0.7236180904522613,-0.0013819095477386467,-0.0013819095477386467,0.592964824120603,-0.0020351758793969443,-0.0020351758793969443,0.4974874371859297,-0.002512562814070307,-0.002512562814070307,0.4486692015209125,0.13178115598011553,0.20088159090144342,0.4312977099236641,0.4371859296482412,0.1163839246357099,0.19344636370500246,0.41414141414141414,0.4486692015209125,0.13178115598011553,0.20088159090144342,0.4312977099236641,24.0,0.0,0.0,38.0,0.0,0.0,47.0,0.0,0.0,0.00030031047781203015,-0.0003241398202722884,7.362574903523695e-05,-0.00013480533558407615,-0.00018378111340844328,8.585827751517172e-05,0.9505703422053232,0.5512116577020475,0.0038022813688212928
18,0,test,4.148892300708095,1.971121698394818,2.6836585055099063,6.806776430849218,3.2338715364289983,4.40287723560219,63.36377340323194,54.53716711153042,59.035218285820235,103.9561907396774,89.4750397923546,96.85465500017382,4.131736234819105,1.9278483879331558,2.646358779717831,6.664090701321137,3.109432883763155,4.268320612448115,62.28597218182924,53.22580251515117,57.869340003288826,100.46124545456328,85.84806857282447,93.33764516659488,4.148892300708095,1.971121698394818,2.6836585055099063,6.806776430849218,3.2338715364289983,4.40287723560219,63.36377340323194,54.53716711153042,59.035218285820235,103.9561907396774,89.4750397923546,96.85465500017382,0.8040201005025126,-0.0009798994974873354,-0.0009798994974873354,0.6783919597989949,-0.0016080402010050232,-0.0016080402010050232,0.5678391959798995,-0.0021608040201005485,-0.0021608040201005485,0.4401913875598086,0.0965159698987107,0.18581936848190717,0.3653846153846154,0.44221105527638194,0.09885265928640696,0.1901242439241282,0.36363636363636365,0.4401913875598086,0.0965159698987107,0.18581936848190717,0.3653846153846154,20.0,0.0,0.0,33.0,0.0,0.0,41.0,0.0,0.0,0.0004729133498732968,0.0002985972491207938,0.0002226215065310357,0.0002394104448821821,0.00011303634068582369,6.066638605339847e-05,0.07177033492822966,-0.31482435197261316,0.03827751196172249
105,0,test,2.7912967820253463,1.2042644977643615,1.6958050307327477,6.710390243656892,2.8951005097769493,4.0767838112565045,16.302146430977565,11.412928862388004,13.311493451655497,39.19101869265314,27.437142113619647,32.001368095899075,3.0522834047322376,1.3370350095104164,1.8616152387328313,6.358923759858828,2.7854896031467007,3.8783650806933982,21.163614388879605,15.605558453433552,17.874336131681172,44.090863310165844,32.5115801113199,37.238200274335775,2.7912967820253463,1.2042644977643615,1.6958050307327477,6.710390243656892,2.8951005097769493,4.0767838112565045,16.302146430977565,11.412928862388004,13.311493451655497,39.19101869265314,27.437142113619647,32.001368095899075,0.5879396984924623,-0.002060301507537776,-0.002060301507537776,0.48743718592964824,-0.002562814070351749,-0.002562814070351749,0.3869346733668342,-0.0030653266331658324,-0.0030653266331658324,0.3628691983122363,0.09550077725960471,0.15669809031784643,0.26694915254237284,0.38190954773869346,0.0886764650319265,0.1598728198588938,0.29292929292929293,0.3628691983122363,0.09550077725960471,0.15669809031784643,0.26694915254237284,20.0,0.0,0.0,32.0,0.0,0.0,40.0,0.0,0.0,0.0011297388301335018,0.0001752772868996533,0.0003775725539414135,-0.03193232761016507,-0.03022898029692822,-0.032263260251164994,0.046413502109704644,-0.5122284212943804,0.6455696202531646
14,0,test,2.4767383755352057,1.0661132243241853,1.0661132243241853,8.452868391342733,3.6385412623709286,3.6385412623709286,11.902379945428251,7.80386314933069,7.80386314933069,40.62167091052609,26.633829716102802,26.633829716102802,3.178539831022821,1.4098262657065794,1.9660760334382286,6.762850704303875,2.999630352567191,4.183140496677082,24.011666851016102,18.148361103224005,20.649909704389405,51.088652874502344,38.61353426217873,43.935978094445545,2.8222449312537883,1.260406606585278,1.7568640911721043,7.11490318803476,3.1774956468536417,4.429069137408666,16.81455585549088,12.046978305865736,13.91261190528126,42.38963661048121,30.370533544199333,35.07381152591915,0.6482412060301508,-0.0017587939698492372,-0.0017587939698492372,0.5125628140703518,-0.0024371859296482556,-0.0024371859296482556,0.4120603015075377,-0.0029396984924623393,-0.0029396984924623393,0.35416666666666663,0.08632697947214074,0.08632697947214074,0.3149905123339658,0.39698492462311563,0.10375184191634867,0.16993984949790697,0.36868686868686873,0.36789297658862874,0.0941033271729359,0.15543468960308926,0.33221476510067116,26.0,1.0,1.0,36.0,0.0,0.0,44.0,0.0,0.0,0.0013566571465367602,0.0004921825428727294,0.000638141688265623,-0.013926879479909005,-0.012065922572102039,-0.012425680736776634,0.022727272727272728,-0.1803014977426562,0.38636363636363635
135,0,test,4.044060723780673,1.904363875166013,2.589918474060564,6.900035811196402,3.2492536175148925,4.418956944442319,57.05756804024076,48.56070663713351,52.77675801585761,97.35246072402661,82.85499098539165,90.04847977846893,4.195409964292717,1.9310215126722459,2.6540102891469184,6.712655942868348,3.089634420275593,4.24641646263507,66.38093981475194,56.75570331167259,61.70981606138637,106.2095037036031,90.80912529867614,98.73570569821818,4.020292662512776,1.886569840197554,2.5732991521220914,6.891930278593329,3.234119726052949,4.411369975066442,55.71740983806135,47.271157587718434,51.46709308457706,95.51555972239088,81.03627015037445,88.22930243070351,0.8190954773869347,-0.0009045226130653949,-0.0009045226130653949,0.7185929648241206,-0.0014070351758793676,-0.0014070351758793676,0.6231155778894473,-0.0018844221105527303,-0.0018844221105527303,0.45514950166112955,0.10191567081535846,0.1899561314953837,0.44666666666666666,0.46733668341708545,0.10894069344214807,0.1952164830831956,0.45959595959595956,0.45150501672240806,0.10092070954377697,0.18787876533197423,0.4429530201342282,27.0,0.0,0.0,39.0,0.0,0.0,48.0,0.0,0.0,0.0004567436434636226,-5.518643116878126e-05,2.442808149635481e-05,0.0004991372202978184,9.589878044646838e-05,-4.7314887297922326e-05,0.03986710963455149,-0.6348233385117773,0.006644518272425249
124,0,test,1.8569555320707831,0.7133946627200445,1.0329237939824942,6.189851773569277,2.377982209066815,3.4430793132749806,6.404209650771803,3.2662874250127842,4.124537274352664,21.34736550257268,10.887624750042614,13.748457581175547,1.9189610401707837,0.669189855272021,1.0223306424502083,6.291675541543554,2.194065099252528,3.351903745738389,6.813875447569063,3.324331041920545,4.362546272895658,22.340575237931354,10.899446039083754,14.303430402936582,1.8569555320707831,0.7133946627200445,1.0329237939824942,6.189851773569277,2.377982209066815,3.4430793132749806,6.404209650771803,3.2662874250127842,4.124537274352664,21.34736550257268,10.887624750042614,13.748457581175547,0.3919597989949749,-0.0030402010050251116,-0.0030402010050251116,0.3065326633165829,-0.0034673366834171437,-0.0034673366834171437,0.24623115577889443,-0.0037688442211055717,-0.0037688442211055717,0.3138075313807531,0.08207475476279902,0.12187429076879208,0.273109243697479,0.321608040201005,0.08100653644160649,0.1262824976300534,0.2727272727272727,0.3138075313807531,0.08207475476279902,0.12187429076879208,0.273109243697479,20.0,-5.0,-5.0,25.0,-5.0,-5.0,31.0,-7.0,-7.0,0.0003375154555999801,0.0001604704573402069,-0.00011795245402742287,-0.030871229402136713,-0.030045640920797645,-0.027310157290746595,0.05439330543933055,0.32603073309760805,0.03347280334728033
195,0,test,0.713787947845434,0.02039137196016938,0.02039137196016938,6.954025007039607,0.19866139652104486,0.19866139652104486,2.0417105223066305,0.041211669452792865,0.041211669452792865,19.891210088532777,0.40150156754766186,0.40150156754766186,0.9319271680599297,0.15369827958425575,0.28135885201416344,6.427083917654688,1.0599881350638327,1.9404058759597476,2.539398312331511,0.36178625806136466,0.6227685413258719,17.513091809182836,2.4950776418025136,4.294955457419805,0.8979472714382795,0.13221822564281305,0.2697751831258417,6.90728670337138,1.0170632741754844,2.0751937163526284,2.454559392064358,0.3039977308533963,0.5803777842393003,18.881226092802752,2.338444083487662,4.464444494148463,0.27638190954773867,-0.0036180904522613577,-0.0036180904522613577,0.1758793969849246,-0.004120603015075441,-0.004120603015075441,0.11055276381909551,-0.004447236180904479,-0.004447236180904479,0.2570093457943925,0.020450206009446248,0.020450206009446248,0.2293291731669267,0.2814070351758794,0.03579300008816011,0.05603140913247373,0.23737373737373735,0.27090301003344486,0.0388495876628272,0.06066941715246599,0.23825503355704702,16.0,-6.0,-6.0,18.0,-6.0,-6.0,24.0,-7.0,-7.0,0.000992594335919385,0.00019304653214499974,0.00019774564370057807,-0.2374079524646877,-0.2401499100983875,-0.23970843527564512,0.017133956386292833,-0.48071472056481135,0.001557632398753894
93,0,test,2.4381011544443765,0.6491795930925441,0.6491795930925441,10.961544214697074,2.9186692274811126,2.9186692274811126,11.451275880966108,5.468279189899614,5.468279189899614,51.48419156239234,24.58502757735355,24.58502757735355,2.8028719784357308,0.9950371853921063,1.40251410190218,9.18974419159256,3.262417001285594,4.598406891482557,16.491943326841422,10.394711964970694,12.435291839372667,54.07194533390631,34.08102283596949,40.77144865368088,2.6076927610542966,0.8588521260106536,1.23885020386058,10.293524056793276,3.39020576056837,4.890198173133868,13.567710760523452,7.819775903233498,9.636912373379175,53.55675300206625,30.86753646013222,38.040443579128315,0.4723618090452262,-0.0026381909547738003,-0.0026381909547738003,0.371859296482412,-0.003140703517587995,-0.003140703517587995,0.3316582914572864,-0.0033417085427135396,-0.0033417085427135396,0.34782608695652173,0.06336860895065666,0.06336860895065666,0.3266787658802178,0.3417085427135679,0.07103185098424458,0.10130787493393512,0.31818181818181823,0.33444816053511706,0.07234465469204532,0.10530466776537295,0.3120805369127517,20.0,0.0,0.0,31.0,1.0,1.0,36.0,0.0,0.0,0.00020907336236232466,0.0003193381413370124,0.0005717780225901328,-0.0743022663820323,-0.07322183331903886,-0.07986656717291396,0.980072463768116,-0.8148447402942705,0.010869565217391304
145,0,test,3.5800010040419368,1.6723878716969023,2.2817597968268837,7.653795250020693,3.5754499325933775,4.878245082871269,35.87357686562027,29.136587574972573,32.21072805861837,76.69523329891231,62.29201481545861,68.8643151598048,3.6393633279434625,1.6262728010180458,2.261346088988272,6.866723260270684,3.0684392472038597,4.266690733940136,38.06759243602351,30.581173826340187,34.10056428044656,71.82564610570473,57.70032797422677,64.34068732159729,3.68404615910301,1.719047301417963,2.345169267590369,7.622164467109675,3.556649589140613,4.852074346738695,39.807134662555846,32.67223022271009,35.99237794964688,82.3595889570121,67.5977177021588,74.46698886133838,0.7537688442211055,-0.0012311557788945438,-0.0012311557788945438,0.6331658291457287,-0.0018341708542712887,-0.0018341708542712887,0.5326633165829145,-0.0023366834170853723,-0.0023366834170853723,0.4563106796116505,0.13805542920777325,0.21411477003145674,0.39610389610389607,0.44723618090452266,0.11139658190702895,0.18847157322505692,0.36363636363636365,0.45150501672240806,0.12596244577082205,0.201226929959338,0.40604026845637586,21.0,0.0,0.0,32.0,0.0,0.0,43.0,0.0,0.0,0.0003834780260624445,0.00024004556935777326,8.70112199776386e-05,-0.0018702187124333136,-0.0034314181985735104,-0.004263551828813661,0.9546925566343042,0.5227659511253111,0.08090614886731391
15,0,test,2.8906373025989383,1.2181156904432757,1.2181156904432757,10.757300247528905,4.533130533721047,4.533130533721047,18.004780439332006,12.679200512272462,12.679200512272462,67.0035043492284,47.18473904924252,47.18473904924252,3.1328047348850934,1.3079661048434583,1.8475453059603357,9.351655925030128,3.9043764323685313,5.515060614806972,22.938225044509036,16.736430889421285,19.32261921621991,68.47231356569861,49.95949519230234,57.6794603469251,3.2139829337553287,1.3736142996143084,1.9258329511070686,10.043696667985403,4.292544686294714,6.01822797220959,24.877976489493964,18.579116681619627,21.251904439013764,77.74367652966863,58.05973963006133,66.41220137191802,0.5678391959798995,-0.0021608040201005485,-0.0021608040201005485,0.4773869346733668,-0.0026130653266331905,-0.0026130653266331905,0.3869346733668342,-0.0030653266331658324,-0.0030653266331658324,0.37884615384615383,0.10514136401233176,0.10514136401233176,0.3217726396917149,0.371859296482412,0.09366380776060745,0.13479752686638524,0.2676767676767676,0.39799331103678925,0.11084806896667243,0.17329920647616637,0.325503355704698,22.0,0.0,0.0,34.0,0.0,0.0,38.0,0.0,0.0,0.0003213101067093652,0.000431776481087639,0.0008403272708354532,-0.020129865631585808,-0.020301541290735692,-0.023338932617473773,0.9788461538461538,0.21104316181876026,0.09423076923076923
185,0,test,3.3069505032897797,1.5086553250912296,2.053518433692777,6.430181534174572,2.933496465455169,3.9929525099581786,27.301741825563635,21.26239914563265,23.799399188064648,53.08672021637374,41.34355389428571,46.27660953234793,3.4551113953201997,1.5478974170104431,2.1472512871381406,5.9061733253336755,2.6459784906161428,3.6705150207489594,31.661815463909424,24.927514733112254,27.963564083012756,54.12276147676825,42.611136295918385,47.80096424446624,3.3630388211856057,1.5367582264248998,2.1160457125699015,6.189642002182096,2.828389373788159,3.894562661171598,28.876809143095773,22.66606576896303,25.39694550481804,53.14750149036032,41.71668546434914,46.74284448739517,0.7437185929648241,-0.0012814070351758744,-0.0012814070351758744,0.6231155778894473,-0.0018844221105527303,-0.0018844221105527303,0.4723618090452262,-0.0026381909547738003,-0.0026381909547738003,0.4212034383954155,0.10360687187181039,0.16607147358603136,0.37356321839080464,0.4120603015075377,0.07120817118172318,0.13827065209184486,0.35858585858585856,0.4180602006688964,0.10086487512632547,0.16444507274898534,0.3691275167785235,22.0,0.0,0.0,36.0,0.0,0.0,43.0,0.0,0.0,0.000859210904752083,0.00016287676591548482,0.0003749701582502486,0.00030958874559949834,-9.003042194333233e-05,0.00014563222364660788,0.034383954154727794,-0.4870205227629128,0.3237822349570201
48,0,test,3.2912087665257665,1.5032763504578177,1.9560604854187962,6.411888581418073,2.92866273457067,3.8107706866190014,26.875330029121017,20.8982484650727,23.074770573318464,52.35815591165545,40.7136861288463,44.953957179107476,3.5395367921130547,1.6144087388950812,2.237385425282869,6.050490242928299,2.7596730579403097,3.8245904705690066,34.45095753911636,27.594930993164343,30.773758370815347,58.890525707891214,47.17082221053734,52.60471516378692,3.248735582302005,1.4958886856414149,2.061979801676684,6.129689777928311,2.822431482342292,3.8905279276918563,25.757750762458297,19.98674198515443,22.48131628810749,48.59952974048735,37.710833934253635,42.4175779020896,0.7487437185929648,-0.0012562814070351536,-0.0012562814070351536,0.6130653266331658,-0.001934673366834172,-0.001934673366834172,0.4623115577889447,-0.002688442211055242,-0.002688442211055242,0.4106666666666666,0.0924243231247226,0.15357966764418374,0.3529411764705882,0.40703517587939697,0.07119557688190326,0.14660111911812823,0.31818181818181823,0.4013377926421404,0.07412577260875142,0.15550909408819158,0.3221476510067114,19.0,0.0,0.0,31.0,0.0,0.0,41.0,0.0,0.0,0.0008926796646135886,5.682352025929438e-05,0.0002523807993865683,-0.003013222475202859,-0.003687070851857932,-0.003307359712088065,0.032,-0.5797830735308167,0.042666666666666665
183,0,test,3.798680255790756,1.587248462746874,1.9438109001863078,7.94621890241944,3.320264641460298,4.066135046308093,44.64222927538016,35.5134517148052,38.25136600976952,93.38425511686667,74.28834287280681,80.01561257145666,3.703733138500797,1.4403187227756193,2.047766655340761,7.1917148320403825,2.7967353840303284,3.976245932700506,40.59858194362543,30.98271620193092,35.36044189295686,78.83219794878724,60.160613984331874,68.66105221933368,3.8451398791656533,1.6036665633439893,2.239716694910306,7.847224243195211,3.272788904783652,4.570850397776134,46.765225374132,37.35804454321476,41.785258773790446,95.43923545741225,76.24090723105053,85.27603831385805,0.6331658291457287,-0.0018341708542712887,-0.0018341708542712887,0.5628140703517588,-0.0021859296482411583,-0.0021859296482411583,0.48743718592964824,-0.002562814070351749,-0.002562814070351749,0.4547677261613692,0.11777138916503216,0.14391728627867129,0.4387254901960784,0.4371859296482412,0.11387765897154944,0.16005738206894238,0.3939393939393939,0.4448160535117057,0.11927348256011971,0.1756280668598703,0.4295302013422819,28.0,0.0,0.0,39.0,0.0,0.0,46.0,0.0,0.0,0.0006970729457885065,0.00023000708733108194,0.00021669530407029708,-0.015056383571303122,-0.012874220990897633,-0.013021568183702037,0.9731051344743277,-0.4305369596240216,0.0024449877750611247
158,0,test,2.6246290640172707,1.1792421116188916,1.6273854658390536,7.275287580960154,3.268776379575173,4.510998308817026,13.799454522367672,9.555960667075198,11.088655053959847,38.251119553229685,26.488452375401426,30.736973658344837,2.6904174584317353,1.1237218757885854,1.5902721430652536,6.405755853408894,2.675528275687108,3.786362245393461,14.737827066603735,9.947035831115507,11.733224459450204,35.09006444429461,23.683418645513115,27.93624871297668,2.653257689300432,1.1796163334207366,1.6409524501511203,6.982257077106399,3.104253509001938,4.318295921450316,14.200223292399276,9.835122169070754,11.448285709588188,37.36900866420862,25.881900444923033,30.127067656811022,0.5477386934673367,-0.002261306532663321,-0.002261306532663321,0.40703517587939697,-0.00296482412060306,-0.00296482412060306,0.3015075376884422,-0.0034924623115578646,-0.0034924623115578646,0.3587301587301587,0.10041003194727438,0.15387271416838466,0.3121019108280255,0.321608040201005,0.06847520812080443,0.1062491086484173,0.2727272727272727,0.3612040133779264,0.09910050753485466,0.15097042049694753,0.31543624161073824,22.0,0.0,0.0,28.0,0.0,0.0,34.0,0.0,0.0,0.001054645511952028,0.0005219474146937651,0.00020591143232521559,-0.05947780773669553,-0.062282309766335864,-0.05966658719768425,0.031746031746031744,-0.6583069224032945,0.24761904761904763
152,0,test,3.1884806185069077,1.4625817819620315,2.013376130312791,6.270678549730252,2.876410837858662,3.9596397229484888,24.25155207690963,18.633984040328773,21.01307076768589,47.69471908458894,36.64683527931326,41.325705843115585,3.3400651345043513,1.514670461803349,2.096848713278618,5.911619707087348,2.68083267575814,3.71123666067012,28.22096480410097,22.015721227974627,24.75421873687043,49.948610272745086,38.965878279601114,43.8127765254344,3.1884806185069077,1.4625817819620315,2.013376130312791,6.270678549730252,2.876410837858662,3.9596397229484888,24.25155207690963,18.633984040328773,21.01307076768589,47.69471908458894,36.64683527931326,41.325705843115585,0.6783919597989949,-0.0016080402010050232,-0.0016080402010050232,0.5577889447236181,-0.00221105527638199,-0.00221105527638199,0.49246231155778897,-0.002537688442211028,-0.002537688442211028,0.44680851063829785,0.13258345755974155,0.21484245689006587,0.42307692307692313,0.4623115577889447,0.15654714676137582,0.21857199184570597,0.4494949494949495,0.44680851063829785,0.13258345755974155,0.21484245689006587,0.42307692307692313,25.0,0.0,0.0,38.0,0.0,0.0,48.0,0.0,0.0,0.0004961719680841366,0.00011915902019358864,1.4452834258091345e-05,-0.005486824395775969,-0.004179416435784233,-0.004476926431022044,0.04680851063829787,-0.4019589982705773,0.25957446808510637
62,0,test,1.8773122207371349,0.7149777263645587,0.9006330145611747,8.746568301161652,3.331146225107604,4.19613109056911,6.535914138304751,3.338525281787325,3.8802913310825637,30.451418144374408,15.554492790145494,18.078630065271035,1.8851980288639072,0.7019984402028692,1.0381449565774443,7.113954825901536,2.649050717746676,3.9175281380280915,6.587658859454399,3.3228553218732872,4.254896628453748,24.859090035676978,12.53907668631429,16.0562136922783,1.9220741183484746,0.7286096289734987,1.0575277575107669,8.121439936683696,3.078632235099291,4.4684271444116925,6.8351206263238735,3.5366316113193044,4.4611916917805345,28.88079137883327,14.94351385064495,18.85010573991775,0.40201005025125625,-0.002989949748743781,-0.002989949748743781,0.3266331658291457,-0.0033668341708542604,-0.0033668341708542604,0.26633165829145733,-0.0036683417085426884,-0.0036683417085426884,0.33007334963325186,0.08587310543300763,0.11110951776619415,0.30637254901960786,0.3316582914572864,0.09606931902620874,0.13466329980453184,0.29292929292929293,0.3377926421404682,0.10240032160624457,0.13423313157317118,0.3120805369127517,19.0,-5.0,-5.0,27.0,-4.0,-4.0,34.0,-5.0,-5.0,0.0006015572414074904,0.0003233846772435424,0.0002136106027049906,-0.12459550319558144,-0.11884502087206616,-0.1191258686688812,0.9657701711491442,0.2763785897054852,0.019559902200488997
94,0,test,1.8569944249669725,0.8092026966564647,0.8960075433066599,9.46863091411731,4.12604451921538,4.568653847190002,6.404458733876677,3.553111123385751,3.7901835528713157,32.65570167603053,18.11696221154933,19.325771082772427,2.9929554656910797,1.3353687388518647,1.8588554151518837,7.674244783823281,3.4240224073124734,4.76629593628688,19.94454087804028,14.697906884793747,16.83616597458164,51.13984840523148,37.68694073024038,43.16965634508112,2.5336284570420866,1.152402465306368,1.5688294688244486,8.445428190140289,3.8413415510212268,5.229431562748162,12.59913873230378,8.619360919792928,9.974878636049668,41.99712910767927,28.73120306597643,33.2495954534989,0.5829145728643217,-0.002085427135678275,-0.002085427135678275,0.46733668341708545,-0.002663316582914521,-0.002663316582914521,0.39698492462311563,-0.0030150753768843908,-0.0030150753768843908,0.28509719222462204,0.07905619977586265,0.08763873670165034,0.22077922077922074,0.39698492462311563,0.13382702988627349,0.18329544215233096,0.3484848484848485,0.3612040133779264,0.11746444743468765,0.1665432792288719,0.2986577181208053,20.0,0.0,0.0,33.0,0.0,0.0,39.0,0.0,0.0,0.0016895242592049403,0.0012402537082492886,0.000961183958038665,-0.09555483491031591,-0.09554030462094953,-0.10535463133476952,0.028077753779697623,-0.5008390561856304,0.6760259179265659
107,0,test,1.2576462383850502,0.37250147433611125,0.49164879567677755,7.645690623832925,2.2645724550909625,2.9889125197492987,3.5171332436933467,1.0937980657867508,1.3659943009048856,21.38193702118336,6.6495977650210385,8.304378051532876,1.720573891406572,0.5328784682566423,0.8293968752097937,6.882295565626288,2.1315138730265693,3.3175875008391746,5.587734296983393,2.308219698590253,3.149736771216428,22.35093718793357,9.232878794361012,12.598947084865712,1.4175712004897008,0.4547534546421489,0.665867302802379,7.087856002448503,2.273767273210744,3.329336514011895,4.127084396854313,1.5080184487607613,2.0064741539546156,20.635421984271563,7.540092243803805,10.032370769773078,0.29145728643216084,-0.0035427135678391952,-0.0035427135678391952,0.22613065326633164,-0.003869346733668344,-0.003869346733668344,0.20100502512562812,-0.003994974874371837,-0.003994974874371837,0.2198952879581152,0.038195941552886414,0.05469489695127261,0.16010498687664043,0.24623115577889443,0.035704839989420756,0.06926955310777594,0.1767676767676768,0.2240802675585284,0.0354325213147888,0.06278994497788326,0.16442953020134232,18.0,-6.0,-6.0,23.0,-4.0,-4.0,26.0,-5.0,-5.0,0.001151560583867561,0.0005351487893075699,0.00042436547178089366,-0.23003259290492384,-0.24020268525203825,-0.23975640535830944,0.02617801047120419,-1.0562263043424276,0.1387434554973822
235,0,test,3.1447355092401565,1.4124783970940686,1.7830927434167325,6.828072127797688,3.0668729837456845,3.8715770616727947,23.213534895773908,17.56013501976913,19.31093580061244,50.402868585851635,38.1278069766258,41.929269445528675,3.6811139003663844,1.6794681162233598,2.304669617286123,6.632637658317809,3.0260686778799273,4.152557868984005,39.69058081069894,32.2893539078979,35.729787710346386,71.51456001927737,58.17901605026648,64.377995874498,3.392539588987195,1.552261509532834,2.1218191180640757,6.83061662212187,3.1253587440258404,4.272119029659213,29.741387342545334,23.443097900122186,26.177968365054394,59.881987938010745,47.20086825527957,52.70731885581422,0.7085427135678393,-0.0014572864321606982,-0.0014572864321606982,0.5678391959798995,-0.0021608040201005485,-0.0021608040201005485,0.49246231155778897,-0.002537688442211028,-0.002537688442211028,0.423469387755102,0.13047575718185356,0.17615755979811276,0.329923273657289,0.42211055276381915,0.12386493872873139,0.18337933406598939,0.3282828282828283,0.4180602006688964,0.12423716227156745,0.18669201379459155,0.32885906040268453,21.0,0.0,0.0,33.0,0.0,0.0,37.0,0.0,0.0,0.0009107730864706267,0.0012059912627494507,0.0003423527033480608,-0.004531795210324319,-0.007244834999784899,-0.0055420174451272786,0.025510204081632654,-0.5531851506888378,0.6913265306122449
79,0,test,2.148376883980434,0.9436267108105822,0.9840550262940906,6.525694785090568,2.8662661340871436,2.9890671423683,8.570935478300731,5.235009908056114,5.367185930060847,26.03421651533847,15.901342595720447,16.302827262559823,2.698204266133656,1.1032651890966485,1.5776682340814991,5.290596600262071,2.1632650766600956,3.093467125649999,14.85303566337704,9.925006830521765,11.786538159604369,29.123599339954982,19.460797706905424,23.110859136479156,2.252949375415787,0.9493446271457313,1.3419688352050745,5.727837395124882,2.4135880351162657,3.4117851742501895,9.5157600378164,5.833212610905008,7.029000331613515,24.192610265634915,14.830201553148328,17.870339826136057,0.5728643216080402,-0.0021356783919597166,-0.0021356783919597166,0.4170854271356784,-0.0029145728643216184,-0.0029145728643216184,0.3467336683417085,-0.003266331658291488,-0.003266331658291488,0.35051546391752575,0.0920190684489367,0.09636101621469095,0.3202479338842975,0.36180904522613067,0.09113235349680737,0.126416724691907,0.3535353535353535,0.34448160535117056,0.08070865042629582,0.13536035952247205,0.30201342281879195,17.0,0.0,0.0,28.0,1.0,1.0,37.0,1.0,1.0,4.687624906057921e-05,0.0007810236375475622,0.0003087860456539899,-0.04476591888468828,-0.05328064057504456,-0.0519975521008984,0.9731958762886598,0.40065173935896914,0.020618556701030927
122,0,test,2.0168093125600413,0.8140356946739586,1.0363872068606952,8.555517399596807,3.453225104774794,4.396463624893266,7.514310826106376,4.184972385116787,4.848729664610805,31.876497504430205,17.753093381074365,20.56882162987531,2.261550452685377,0.9320023619541757,1.3321042330695627,7.295324040920571,3.0064592321102444,4.297110429256654,9.597958817463356,5.818623732419203,7.06485281275093,30.961157475688246,18.769753975545818,22.789847783067515,2.0917353488355572,0.8733596367828551,1.2268134090293876,8.149618242216457,3.402699883569565,4.779792502711899,8.098957493066484,4.7172670618464565,5.724136793289056,31.554379843116173,18.37896257862256,22.301831662165156,0.44723618090452266,-0.007763819095477298,-0.007763819095477298,0.33668341708542715,-0.008316582914572823,-0.008316582914572823,0.29145728643216084,-0.0085427135678392,-0.0085427135678392,0.3084577114427861,0.07988628287135757,0.10611167038706759,0.256857855361596,0.321608040201005,0.07599400511328569,0.1262824976300534,0.24242424242424243,0.31438127090301005,0.08399729761419539,0.128619313172198,0.2516778523489933,17.0,0.0,0.0,26.0,0.0,0.0,31.0,0.0,0.0,0.0006775336466529414,0.0006631674101298908,0.00020761418492869037,-0.08283561069663214,-0.09045648865762512,-0.08686672125732997,0.024875621890547265,-0.909388336271376,0.05472636815920398
266,0,test,4.461335557656087,2.1170781001108643,2.888597387080247,7.283264675450599,3.45619376584364,4.715722240353898,86.60309532011085,76.17756686492308,81.78326766811522,141.38216163704843,124.36217241201297,133.51364781963386,4.600722779870272,2.1651505257182424,2.9627690004772305,7.245232724205152,3.409685867272823,4.66577795350745,99.55624689478688,88.13389356220924,94.41161521160218,156.78149117289271,138.79353316883345,148.6797089946491,4.461335557656087,2.1170781001108643,2.888597387080247,7.283264675450599,3.45619376584364,4.715722240353898,86.60309532011085,76.17756686492308,81.78326766811522,141.38216163704843,124.36217241201297,133.51364781963386,0.8492462311557789,-0.0007537688442210699,-0.0007537688442210699,0.7638190954773869,-0.001180904522613102,-0.001180904522613102,0.592964824120603,-0.0020351758793969443,-0.0020351758793969443,0.4296296296296296,0.06548914903813241,0.15376756066411235,0.4052044609665427,0.4371859296482412,0.06124608002418108,0.15838793298713938,0.4242424242424242,0.4296296296296296,0.06548914903813241,0.15376756066411235,0.4052044609665427,26.0,0.0,0.0,39.0,0.0,0.0,47.0,0.0,0.0,0.00010078933278885683,0.00017458295871656556,-4.106173072559462e-05,-0.0001833147886074471,0.00021597805698636563,6.13263787334617e-05,0.037037037037037035,-0.7191797452165858,0.05555555555555555
210,0,test,2.3208487700931233,0.976884187375022,0.9744927417249414,8.703182887849213,3.663315702656333,3.6543477814685303,10.184314780471098,6.350100307817676,6.34092001959058,38.19118042676662,23.812876154316285,23.77845007346468,2.983634715504364,1.3339342247268469,1.8434486998583834,6.858930380469802,3.0665154591421766,4.23781310312272,19.759506464292034,14.554085942066944,16.632156417169302,45.42415279147594,33.4576688323378,38.234842338320234,2.6557666605422554,1.1834163254360996,1.6456001333062928,7.309449524428226,3.2571091525764215,4.52917467882466,14.235895976423441,9.876426653156074,11.489837705986753,39.181365072725065,27.182825650888276,31.623406530238768,0.6180904522613065,-0.0019095477386934512,-0.0019095477386934512,0.46733668341708545,-0.002663316582914521,-0.002663316582914521,0.3919597989949749,-0.0030402010050251116,-0.0030402010050251116,0.33595284872298625,0.0857075101557635,0.08570846944634891,0.30708661417322836,0.39698492462311563,0.13132076422211314,0.17327874766151297,0.38383838383838387,0.36454849498327757,0.10745333638561483,0.15097786094545773,0.3422818791946308,25.0,-4.0,-4.0,35.0,-3.0,-3.0,43.0,-4.0,-4.0,0.001158587589106374,0.0007813158634293813,0.00099638936264673,-0.06509267233758376,-0.06308225503917608,-0.07504631599467171,0.9783889980353635,0.45647912457065254,0.4400785854616896
58,0,test,3.593587828965565,1.5850788800699744,2.184097052695331,9.596064202622332,4.2326831632637765,5.832259162691926,36.3643110846579,28.91211363268569,32.27044090730602,97.1046988304601,77.20487486530354,86.17271582939958,3.866447396101336,1.7031084807869163,2.348556006023676,8.74344354345643,3.8513475872340486,5.310939149985358,47.77236795546123,39.07222971437416,43.20977364227766,108.03069571746344,88.35651946773245,97.7130108501506,3.593587828965565,1.5850788800699744,2.184097052695331,9.596064202622332,4.2326831632637765,5.832259162691926,36.3643110846579,28.91211363268569,32.27044090730602,97.1046988304601,77.20487486530354,86.17271582939958,0.7727272727272727,-0.002272727272727315,-0.002272727272727315,0.6515151515151515,-0.003484848484848535,-0.003484848484848535,0.5303030303030303,-0.004696969696969644,-0.004696969696969644,0.4380165289256198,0.11430518871943429,0.17840114431023524,0.34854771784232363,0.45959595959595956,0.12710225682517873,0.1877838790590468,0.36548223350253806,0.4380165289256198,0.11430518871943429,0.17840114431023524,0.34854771784232363,25.0,0.0,0.0,37.0,0.0,0.0,45.0,0.0,0.0,0.000524375504794145,0.00025012937403785725,0.0003203969214393187,1.0723023486036709e-05,-6.835210348388188e-05,-8.884262040620428e-05,0.04132231404958678,-0.5557331616797451,0.5743801652892562
112,0,test,1.6789068650344887,0.10790604911784119,0.17363950162664743,21.609156101572935,1.3888552773554395,2.234908424162331,5.359693898882338,0.5482327270383127,0.8543358617298322,68.984447279163,7.056285744783445,10.996129317103325,1.5929945385862778,0.15686865454129695,0.25408209066013576,17.69993931762531,1.7429850504588575,2.8231343406681777,4.918455402272032,0.7140794174086453,1.103563047884529,54.64950446968925,7.934215748984947,12.26181164316143,1.6027874722948334,0.11224042401294732,0.19858534708368913,24.041812084422503,1.6836063601942115,2.978780206255337,4.966858125480752,0.5273346369491225,0.8945818473476592,74.50287188221128,7.91001955423684,13.418727710214888,0.507537688442211,-0.0024623115577889765,-0.0024623115577889765,0.4723618090452262,-0.0026381909547738003,-0.0026381909547738003,0.25125628140703515,-0.003743718592964851,-0.003743718592964851,0.48994974874371855,0.009397678480230431,0.01096636653452987,0.48614609571788414,0.48743718592964824,0.023778038059974027,0.04002483200644291,0.4747474747474747,0.4882943143812709,0.014170775149217496,0.02333324652810076,0.4832214765100671,18.0,-5.0,-5.0,22.0,-1.0,-1.0,23.0,1.0,1.0,0.00010798818154102258,-0.00024678302431006566,3.325902480965768e-05,-0.24077899592990626,-0.2448674299853013,-0.24464708938163637,0.02512562814070352,-0.3029025476816593,0.002512562814070352
70,0,test,3.62598247702636,1.7071264273109081,1.8190434089032665,9.017987507630325,4.245703031654072,4.5240457838008705,37.56160845453626,30.74844836129967,31.469836089497864,93.41747180402801,76.4728249400199,78.26694985989107,3.8285920567571856,1.7584020401972458,2.421388026980938,7.15624683506016,3.286732785415413,4.525958928936333,45.997730428322654,38.07140131976912,41.913211198547536,85.97706622116384,71.16149779396099,78.3424508384066,3.676430543970292,1.7066081848074155,2.34104730202347,8.109773258757997,3.7645768782516518,5.164074930934124,39.5051302796298,32.33572748312413,35.70367773626941,87.14366973447751,71.32881062453853,78.75811265353548,0.6934673366834171,-0.0015326633165829717,-0.0015326633165829717,0.5728643216080402,-0.0021356783919597166,-0.0021356783919597166,0.46733668341708545,-0.002663316582914521,-0.002663316582914521,0.4321503131524008,0.12975198155698897,0.14280524961378893,0.41631799163179917,0.4170854271356784,0.11382728177226986,0.18169310660145477,0.3939393939393939,0.4247491638795987,0.1259177782368608,0.19783036521441522,0.40268456375838924,25.0,0.0,0.0,37.0,0.0,0.0,41.0,0.0,0.0,-0.0005552905875257263,0.0005975363925782183,0.0004290533601775205,-0.00020377170670737854,0.00020454352911070117,-0.0001754284920139071,0.022964509394572025,-0.15390876224972125,0.15031315240083507
16,0,test,3.1422679508849978,1.3917907734964445,1.7323808276532384,7.6832283433224635,3.4030981717809405,4.235882389566759,23.15632475749506,17.3989754599515,19.060831665540114,56.620037974119015,42.542616825857024,46.6060579139121,3.298921708113528,1.4640041309382836,2.0403231987816866,6.8019004291000575,3.0185652184294507,4.2068519562509,27.08341933853922,20.81880156187667,23.562935235832285,55.842101728946844,42.92536404510653,48.58337162027276,3.2186898509566872,1.4478063537136123,2.007058476605308,7.315204206719744,3.2904689857127556,4.561496537739336,24.99535108451406,19.119308548398937,21.636391178235183,56.807616101168314,43.452973973633945,49.17361631417087,0.6582914572864322,-0.0017085427135676845,-0.0017085427135676845,0.5276381909547738,-0.007361809045226098,-0.007361809045226098,0.42211055276381915,-0.007889447236180902,-0.007889447236180902,0.405,0.11536204744069911,0.15280058651026396,0.37593984962406013,0.40201005025125625,0.11128323320864975,0.17997332237145658,0.36363636363636365,0.4046822742474916,0.11920648125917777,0.18554990494827028,0.37583892617449666,20.0,0.0,0.0,32.0,0.0,0.0,42.0,0.0,0.0,0.0007226093070831733,0.0006338138055961418,0.00024873390340937124,-0.018036808998807885,-0.0185895441359607,-0.018488910627714183,0.025,-0.6187438606031485,0.24
43,0,test,4.048473720281451,1.6416113973691604,2.3219148629075184,9.426297020356811,3.82225937297894,5.406249531545863,57.30991929140423,46.21083817137536,51.6886423190578,133.4380210367024,107.59538439902323,120.34967465332862,4.048473720281451,1.6416113973691604,2.3219148629075184,9.426297020356811,3.82225937297894,5.406249531545863,57.30991929140423,46.21083817137536,51.6886423190578,133.4380210367024,107.59538439902323,120.34967465332862,4.048473720281451,1.6416113973691604,2.3219148629075184,9.426297020356811,3.82225937297894,5.406249531545863,57.30991929140423,46.21083817137536,51.6886423190578,133.4380210367024,107.59538439902323,120.34967465332862,0.6967741935483871,0.11677419354838703,0.11677419354838703,0.5870967741935484,0.10209677419354846,0.10209677419354846,0.5548387096774193,0.09983870967741937,0.09983870967741937,0.5032258064516129,0.17203609584068036,0.23555985356082054,0.49350649350649356,0.5032258064516129,0.17203609584068036,0.23555985356082054,0.49350649350649356,0.5032258064516129,0.17203609584068036,0.23555985356082054,0.49350649350649356,24.0,-11.0,-11.0,30.0,-7.0,-7.0,37.0,-5.0,-5.0,-0.00020588208169061698,0.00016620973785358127,6.538438201310752e-05,-0.009140132772268217,-0.009611407086537405,-0.009754102258806796,0.12258064516129032,-0.4212678307297121,0.0064516129032258064
104,0,test,2.8787717848740786,1.1934701094570637,1.3873222259814104,7.699847424602957,3.1921730638490136,3.710669086359917,17.792406850862363,12.398328903226188,13.348874836679137,47.5893291673668,33.16179537971342,35.70421944268396,2.6698715453944053,1.0528487270415618,1.5264645237610508,7.852563368807074,3.0966139030634166,4.489601540473679,14.438114431384294,9.400045710467428,11.300674930663012,42.465042445247924,27.64719326608067,33.23727920783239,2.81739924522584,1.2018501574946874,1.6893158426711534,7.546605121140643,3.219241493289341,4.524953150012018,16.73327488718626,11.702625454058968,13.643545832323568,44.8212720192489,31.346318180515087,36.545212050866695,0.48743718592964824,-0.002562814070351749,-0.002562814070351749,0.3919597989949749,-0.0030402010050251116,-0.0030402010050251116,0.321608040201005,-0.0033919597989949812,-0.0033919597989949812,0.3679458239277652,0.09962564354445069,0.12161151307732532,0.3642533936651584,0.3316582914572864,0.08604425636956714,0.13132440164092585,0.30808080808080807,0.36454849498327757,0.11246168363102382,0.15876429031141992,0.3557046979865772,23.0,0.0,0.0,34.0,0.0,0.0,40.0,0.0,0.0,0.0011629093657120142,-0.0005062089382242626,0.00010937371149052906,-0.07835446388927725,-0.06298663443351504,-0.06571908937250193,0.9706546275395034,-0.25592094565344076,0.002257336343115124
191,0,test,3.9679373668220568,1.8342290369495853,2.5089327371271333,7.088786981176484,3.276881088482967,4.482250620260833,52.87535582116287,44.429225976760165,48.57368018468397,94.46271433218985,79.37356101466142,86.77769830746911,3.859884780447216,1.791173392338664,2.451913171600798,6.487201311675993,3.010375449308679,4.1208624732786525,47.459882747348175,39.545265073965226,43.37222712253897,79.76450881907256,66.46263037641214,72.89449936561171,3.9919224422215076,1.8357114784285349,2.5149793375495606,7.08625285601451,3.258659429163079,4.4644603625140125,54.15890671655791,45.52056214630557,49.77936930648603,96.14007109448148,80.80573162066078,88.36574433104029,0.7185929648241206,-0.0014070351758793676,-0.0014070351758793676,0.5879396984924623,-0.002060301507537776,-0.002060301507537776,0.48743718592964824,-0.002562814070351749,-0.002562814070351749,0.42902208201892744,0.1140614520976676,0.18453100122144583,0.42405063291139244,0.4170854271356784,0.11382728177226986,0.18336255568325777,0.40909090909090906,0.4247491638795987,0.10755383833702781,0.1833698535347711,0.41946308724832215,27.0,-5.0,-5.0,39.0,-5.0,-5.0,46.0,-5.0,-5.0,0.00015377179717732177,0.0001898448990176036,3.0531135947555015e-05,0.00043595439539778624,3.3922379648387846e-05,-0.00010338779879681681,0.9652996845425867,-0.6596788710783736,0.0031545741324921135
56,0,test,2.9437573227215794,1.2971971112669434,1.3237332184063715,8.27212253256399,3.645196351772471,3.7197642952983507,18.98705294077215,13.797953253577388,13.933840821458537,53.35467949278431,38.77301947792976,39.15487113516002,2.9778423416167943,1.2500872435704413,1.767284366922414,6.015843114377362,2.52542877488978,3.5702714483281093,19.64538285740283,14.017377461306427,16.29002652315274,39.687642136167334,28.31793426526551,32.90914449121765,3.1577054999897607,1.4071669891842513,1.9490574895521728,6.914683576619914,3.0813875675567544,4.268009101209137,23.516575195454827,17.758872769177056,20.167621355657836,51.49615006303977,38.88804256024173,44.16267450144052,0.5829145728643217,-0.002085427135678275,-0.002085427135678275,0.44723618090452266,-0.0027638190954772934,-0.0027638190954772934,0.3668341708542714,-0.0031658291457286047,-0.0031658291457286047,0.3844621513944223,0.11083031059840243,0.11368991288024832,0.37325349301397204,0.3668341708542714,0.0961574791249481,0.13811964664725973,0.35858585858585856,0.38795986622073575,0.09580627690520982,0.15325463818959006,0.3926174496644296,24.0,0.0,0.0,33.0,0.0,0.0,39.0,0.0,0.0,0.00017988448068677874,-4.610071933101985e-05,0.00036967934900878626,-0.004970126058063684,-0.004662220098315295,-0.005283187920445798,0.0199203187250996,-0.3404758911811854,0.1952191235059761
133,0,test,4.356105713988089,1.995837048290142,2.434387064782408,8.906295345926143,4.080597529424894,4.977236919579874,77.95297139248362,67.35917413241762,71.1202800088437,159.37909497572147,137.71949958756673,145.40928536461607,4.6023870822411945,2.0886413516137763,2.88477881664379,8.522939041187398,3.8678543548403272,5.342182993784798,99.72207654960023,87.3709691056652,94.15088883405109,184.6705121288893,161.798090936417,174.35349784083533,4.540318173528447,2.126307141439472,2.8928363381576485,8.62085729150971,4.037292040707858,5.492727224349965,93.72061479479969,82.54190529074624,88.52673050476632,177.95053442050576,156.7251366279992,168.08872880651836,0.7537688442211055,-0.0012311557788945438,-0.0012311557788945438,0.6482412060301508,-0.0017587939698492372,-0.0017587939698492372,0.5728643216080402,-0.0021356783919597166,-0.0021356783919597166,0.4538834951456311,0.12297440423654016,0.1674709829266673,0.43552311435523117,0.44723618090452266,0.11640911323534975,0.19514936955226891,0.4444444444444444,0.45150501672240806,0.12596244577082205,0.20567631816845922,0.44630872483221473,29.0,0.0,0.0,41.0,0.0,0.0,51.0,0.0,0.0,0.00045304289350160714,0.0006972390090354333,0.00020801102520848127,-0.0031484539093655783,-0.003135068492345461,-0.0033919063138334593,0.024271844660194174,0.4528603156839569,0.0825242718446602
228,0,test,3.685699973494089,1.756195523988453,2.385422085077832,7.345073518606078,3.499846794234132,4.753805440976538,39.87302274303871,32.986925755873756,36.20270627869144,79.46123818077001,65.73823061349127,72.14682179824938,3.5339321460172384,1.6331771506963424,2.2457137671172083,6.731299325747121,3.110813620373986,4.277550032604205,34.258412192729764,27.567468025411053,30.632092124031004,65.2541184623424,52.50946290554486,58.34684214101143,3.685699973494089,1.756195523988453,2.385422085077832,7.345073518606078,3.499846794234132,4.753805440976538,39.87302274303871,32.986925755873756,36.20270627869144,79.46123818077001,65.73823061349127,72.14682179824938,0.7437185929648241,-0.0012814070351758744,-0.0012814070351758744,0.5979899497487438,-0.0020100502512562235,-0.0020100502512562235,0.49246231155778897,-0.002537688442211028,-0.002537688442211028,0.42805755395683454,0.1156697622153624,0.17566520945922692,0.4115523465703971,0.3869346733668342,0.07615773101094447,0.13150896385097444,0.3535353535353535,0.42805755395683454,0.1156697622153624,0.17566520945922692,0.4115523465703971,18.0,0.0,0.0,30.0,0.0,0.0,38.0,0.0,0.0,3.325911849559049e-05,0.0002551870611517514,0.00010270246618033473,-0.00023875416349117273,0.00018498985658865763,3.328992298534672e-05,0.960431654676259,-0.3519358768327901,0.007194244604316547
85,0,test,2.867419217563614,1.164875796136921,1.164875796136921,7.340593196962852,2.9820820381105175,2.9820820381105175,17.591559577674985,12.10367191038025,12.10367191038025,45.034392518847966,30.985400090573442,30.985400090573442,3.2559133893421186,1.4231367565113962,1.988238142786771,5.919842526076579,2.5875213754752657,3.6149784414304924,25.943300049068032,19.69208012326093,22.390715976149192,47.169636452850966,35.803782042292596,40.71039268390762,2.980910315222526,1.2957270148256201,1.7908928563987612,6.297697849061675,2.7374514397724368,3.783576457180481,19.705746923817216,14.312307462475403,16.418608327361625,41.63185969820539,30.23726928691987,34.68720069160907,0.6281407035175879,-0.0018592964824121205,-0.0018592964824121205,0.5728643216080402,-0.0021356783919597166,-0.0021356783919597166,0.4723618090452262,-0.0026381909547738003,-0.0026381909547738003,0.43052837573385516,0.1187004187446079,0.1187004187446079,0.38431372549019605,0.44221105527638194,0.12642158159217143,0.20848818382396128,0.3939393939393939,0.4347826086956522,0.1292734267257023,0.18784156308942312,0.37248322147651003,20.0,0.0,0.0,32.0,0.0,0.0,38.0,0.0,0.0,0.0009888450935953282,0.0005011427877366983,0.0004956932625725293,-0.011931074628323657,-0.010949189383645752,-0.010300701077858854,0.021526418786692758,0.39616982570142395,0.050880626223091974
163,0,test,2.895972328905676,1.2787345655754097,1.5043334019500136,6.3012865247043095,2.7823721954480014,3.2732480554992756,18.10109310347979,13.06194135860434,14.079657609456472,39.38579554676758,28.421209086812457,30.635636909018352,3.7488002792555353,1.6810323949654595,2.333987201873356,6.248000465425893,2.8017206582757663,3.8899786697889267,42.470099164607966,34.56294544153512,38.35438209115048,70.78349860767995,57.60490906922521,63.92397015191746,3.3118151525778377,1.460000185493271,2.04714224256663,6.0581984498375085,2.6707320466340327,3.7447723949389573,27.43487879427311,21.063505927275568,23.89294477881418,50.18575389196301,38.53080352550409,43.70660630270886,0.8040201005025126,-0.0009798994974873354,-0.0009798994974873354,0.6432160804020101,-0.001783919597989958,-0.001783919597989958,0.5226130653266332,-0.002386934673366814,-0.002386934673366814,0.41666666666666663,0.11840077071290944,0.14589442815249265,0.30162412993039445,0.42713567839195976,0.08878981373030559,0.16503217254888802,0.33333333333333337,0.4280936454849499,0.11089831994237898,0.18448964103556165,0.33221476510067116,20.0,0.0,0.0,33.0,0.0,0.0,40.0,0.0,0.0,0.0006555531708495496,0.001536586237802719,0.00022209574561854578,-0.01169909690686044,-0.013900911332071608,-0.01401439167730878,0.9745370370370371,-0.6827098316774776,0.5625
256,0,test,4.666979122737379,2.231863448348339,3.030982517545707,7.34435135630777,3.5122482687165966,4.769809330242981,106.37590800426383,94.95876869666384,101.2413354145749,167.40208680670992,149.43511494896046,159.32189099451523,4.766513540796776,2.2403977386393774,3.066068771474545,7.167689535032745,3.3690191558486875,4.610629731540669,117.50883717978174,105.00399676972654,112.03245460267546,176.70501831546125,157.90074702214514,168.46985654537662,4.666979122737379,2.231863448348339,3.030982517545707,7.34435135630777,3.5122482687165966,4.769809330242981,106.37590800426383,94.95876869666384,101.2413354145749,167.40208680670992,149.43511494896046,159.32189099451523,0.8090452261306533,-0.0009547738693467256,-0.0009547738693467256,0.7085427135678393,-0.0014572864321606982,-0.0014572864321606982,0.5879396984924623,-0.002060301507537776,-0.002060301507537776,0.43624161073825507,0.09285802614864036,0.16726839645254077,0.430976430976431,0.42713567839195976,0.09129607939446605,0.15501547805806992,0.4242424242424242,0.43624161073825507,0.09285802614864036,0.16726839645254077,0.430976430976431,26.0,0.0,0.0,40.0,1.0,1.0,47.0,0.0,0.0,0.0009000807677037091,0.00032219807156201293,-7.511944362300311e-06,0.0005109839999661858,0.00010751935559483172,-3.6801216390713876e-05,0.9328859060402684,-0.24508948311930637,0.36577181208053694
233,0,test,3.5401090950152456,1.272332714040929,1.7874610223077079,7.300224969946693,2.623736952683272,3.686007192894426,34.47067956504729,24.812778138699436,28.700818088462416,71.08360475278114,51.16759333686608,59.185302837789735,3.5327180977161956,1.1173397775534486,1.7248504980174597,6.3652578337228745,2.013224824420628,3.107838735166594,34.21684606236114,23.022841588190325,28.1194146674428,61.651974887137186,41.482597456198775,50.665612013410446,3.5584160205176145,1.3790821622054912,1.9866824627346145,7.164596014464996,2.776675494373472,4.000031804163653,35.10754345108463,26.267128123431185,30.292555428223768,70.68632909614355,52.88683514784802,60.99172233870557,0.7336683417085428,-0.001331658291457205,-0.001331658291457205,0.6231155778894473,-0.0018844221105527303,-0.0018844221105527303,0.542713567839196,-0.0022864321608039306,-0.0022864321608039306,0.4862637362637363,0.09806071843108888,0.15586295425005103,0.46005509641873277,0.48743718592964824,0.08894094532814445,0.15688626773265324,0.43939393939393945,0.48494983277591974,0.10765434028844056,0.17794204634655375,0.4530201342281879,23.0,-2.0,-2.0,36.0,-1.0,-1.0,46.0,-3.0,-3.0,-4.333526536234276e-05,9.297119806868984e-05,-1.4872369459503467e-05,0.00025035484725499657,-0.00014813329768958994,0.00010858675645497584,0.027472527472527472,-0.4175810418855454,0.0027472527472527475
225,0,test,1.8129693252244032,0.7507676023773864,1.0476731171560099,7.0078237378866355,2.9020055399587434,4.049659549006884,6.128618302183892,3.235885322864494,3.9789872837711124,23.689466898826197,12.507941344149295,15.380316231499878,1.8218510045726133,0.7612710224908747,1.0551904757916923,7.007119248356204,2.927965471118749,4.0584249068911245,6.183293167688462,3.2952476494140086,4.030727361612401,23.781896798801778,12.67402942082311,15.50279754466308,1.8129693252244032,0.7507676023773864,1.0476731171560099,7.0078237378866355,2.9020055399587434,4.049659549006884,6.128618302183892,3.235885322864494,3.9789872837711124,23.689466898826197,12.507941344149295,15.380316231499878,0.3517587939698492,-0.0032412060301507672,-0.0032412060301507672,0.2864321608040201,-0.003567839195979916,-0.003567839195979916,0.22613065326633164,-0.003869346733668344,-0.003869346733668344,0.29000000000000004,0.09049875311720701,0.130531561461794,0.20100502512562812,0.29145728643216084,0.09346229896348912,0.12952072549726934,0.202020202020202,0.29000000000000004,0.09049875311720701,0.130531561461794,0.20100502512562812,20.0,0.0,0.0,27.0,0.0,0.0,31.0,0.0,0.0,0.0026137856021268267,0.001470252614426047,0.0009409611439411995,-0.17952817017313105,-0.17953328354375575,-0.17951295805244616,0.135,-0.20304157864980493,0.81
63,0,test,2.211318353565472,0.21522339041350125,0.21522339041350125,18.062979393334803,1.758035273272391,1.758035273272391,9.127742055544648,1.7674842272024298,1.7674842272024298,74.55924036950155,14.437555371674591,14.437555371674591,3.362370575949738,1.2234174144797207,1.7632494308988496,11.20790191983246,4.078058048265736,5.8774981029961655,28.857518799016947,20.36697405340538,23.908837459414862,96.19172933005649,67.88991351135127,79.6961248647162,2.830863475183416,0.9367945362536878,1.340224585026354,12.675508097836191,4.194602401135915,6.0010056045956155,16.96009912843111,10.313741770067569,12.520167887013299,75.94074236610945,46.180933298810004,56.06045322543268,0.5276381909547738,-0.002361809045226204,-0.002361809045226204,0.4522613065326633,-0.0027386934673366836,-0.0027386934673366836,0.37688442211055273,-0.003115577889447274,-0.003115577889447274,0.29032258064516125,0.01564027370478982,0.01564027370478982,0.24677002583979324,0.35678391959798994,0.08428391959798998,0.12883050861629275,0.297979797979798,0.3511705685618729,0.09450390189520619,0.13363449752968648,0.27181208053691275,25.0,-5.0,-5.0,32.0,-4.0,-4.0,39.0,-7.0,-7.0,0.004931067633543392,0.001000060612761042,0.00019243150557152213,-0.15069210812981026,-0.1536422160834059,-0.13889934396796377,0.9858064516129033,-0.5598565799385326,0.04129032258064516
224,0,test,2.8256182855430247,1.232945096664179,1.658966453489031,6.428281599610381,2.804950094911007,3.774148681687545,16.871373088055808,11.954497976061806,13.6601501825036,38.38237377532696,27.196482895540605,31.076841665195687,3.0482798821471095,1.30539144014215,1.8568642271922673,5.2556549692191545,2.25067489679681,3.2014900468832197,21.079054761823944,15.365231103448714,17.78731688630266,36.343197865213696,26.49177776456675,30.66778773500458,2.952799601461822,1.3294945031687537,1.8435254078466174,6.026121635636371,2.713254088099497,3.762296750707382,19.159517728159773,14.089698821827303,16.12736089137159,39.10105658808117,28.754487391484293,32.91298141096243,0.6482412060301508,-0.0017587939698492372,-0.0017587939698492372,0.5376884422110553,-0.0023115577889447625,-0.0023115577889447625,0.44221105527638194,-0.0027889447236180143,-0.0027889447236180143,0.42148760330578516,0.11612309161390066,0.17515329245534528,0.3867403314917127,0.44221105527638194,0.13644664424881303,0.20181038749674918,0.38888888888888884,0.4347826086956522,0.1326123248893083,0.20118972771678678,0.3993288590604027,19.0,-2.0,-2.0,34.0,-12.0,-12.0,42.0,-10.0,-10.0,0.0008930329244672109,0.000306662626172749,0.00032054321100504347,-0.006744162013060162,-0.00929866874350882,-0.0077980094689120705,0.9641873278236914,-0.31251313251476875,0.04132231404958678
32,0,test,3.9667717233203708,1.9037301101071376,2.584137992926731,6.1414486071711325,2.9473994090491216,4.000822780927173,52.81375791382535,44.943887368091175,48.828373668967984,81.7674932168362,69.58317587445588,75.5972282692144,3.8572367194199924,1.8079875986332832,2.4812913044319376,6.026932374093738,2.824980622864505,3.877017663174902,47.33437233444707,39.5723017943125,43.37555465461401,73.95995677257355,61.83172155361329,67.7743041478344,3.9634897646324454,1.8977406075816474,2.580237183802944,6.160864919117791,2.949855866707224,4.0107313737869585,52.640709466454744,44.74950202897185,48.652858101509935,81.82493699448925,69.5588114439977,75.6262043028652,0.7386934673366834,-0.0013065326633165952,-0.0013065326633165952,0.6331658291457287,-0.0018341708542712887,-0.0018341708542712887,0.5226130653266332,-0.002386934673366814,-0.002386934673366814,0.42105263157894735,0.08279318987122974,0.1705055856270874,0.4257425742574258,0.40703517587939697,0.0787143738743844,0.1666345080997642,0.40909090909090906,0.42140468227424754,0.08417596775004055,0.17223894256345773,0.41946308724832215,25.0,0.0,0.0,38.0,0.0,0.0,42.0,0.0,0.0,-0.0003062218474925549,-1.5006126907301076e-06,1.1387286484732919e-05,0.00048729044062767457,8.427820529455232e-05,-5.782855820246624e-05,0.049342105263157895,-0.30519641606969,0.2598684210526316
159,0,test,4.198881712498103,1.8643968989349382,2.5643995191644917,7.829164859762089,3.476323384472437,4.781536603442126,66.61179823269605,56.287658530409864,61.484995615668645,124.20324878804784,104.95302996816007,114.64389807504884,4.198881712498103,1.8643968989349382,2.5643995191644917,7.829164859762089,3.476323384472437,4.781536603442126,66.61179823269605,56.287658530409864,61.484995615668645,124.20324878804784,104.95302996816007,114.64389807504884,4.198881712498103,1.8643968989349382,2.5643995191644917,7.829164859762089,3.476323384472437,4.781536603442126,66.61179823269605,56.287658530409864,61.484995615668645,124.20324878804784,104.95302996816007,114.64389807504884,0.702247191011236,0.04724719101123598,0.04724719101123598,0.6067415730337078,0.04674157303370774,0.04674157303370774,0.5449438202247191,0.039943820224719095,0.039943820224719095,0.4775280898876404,0.15820035879520344,0.23312510481301352,0.45197740112994356,0.4775280898876404,0.15820035879520344,0.23312510481301352,0.45197740112994356,0.4775280898876404,0.15820035879520344,0.23312510481301352,0.45197740112994356,24.0,1.0,1.0,31.0,2.0,2.0,41.0,2.0,2.0,0.00020194740134271856,-1.9619537385740335e-06,2.3328124438622574e-06,-6.263726599531338e-05,-3.0112808140358993e-06,1.9189486478943252e-05,0.9213483146067416,0.6221446596019787,0.0056179775280898875
109,0,test,2.2503876391027737,0.6953168672822394,0.6953168672822394,7.384084440805975,2.2815084707698476,2.2815084707698476,9.491414366690522,4.755992718978849,4.755992718978849,31.143703390703273,15.605601109149346,15.605601109149346,2.424373661028557,1.0333471529124796,1.4480126478186555,6.060934152571392,2.5833678822811983,3.620031619546638,11.295152609002484,7.276179163858371,8.64037466785571,28.237881522506207,18.190447909645926,21.60093666963927,2.242228790383353,0.9201549886136864,1.290364911635038,6.467967664567364,2.6542932363856333,3.7222064758703017,9.414290401944093,5.663097855659515,6.8237567991185895,27.156606928684884,16.335859199017833,19.683913843611315,0.4824120603015075,-0.0025879396984924696,-0.0025879396984924696,0.3668341708542714,-0.0031658291457286047,-0.0031658291457286047,0.3015075376884422,-0.0034924623115578646,-0.0034924623115578646,0.33545310015898255,0.06859093007100603,0.06859093007100603,0.3121019108280255,0.3417085427135679,0.09358824196168813,0.1346968565699953,0.29292929292929293,0.33444816053511706,0.07568355285565131,0.11309109713133503,0.2919463087248322,21.0,0.0,0.0,30.0,0.0,0.0,34.0,0.0,0.0,0.001309652596878806,0.00031465626270263923,7.31352543903503e-05,-0.07637610292879415,-0.07903513303912035,-0.06811460078438092,0.9777424483306836,0.37942846442616196,0.0047694753577106515
75,0,test,2.442889622258422,0.9424984584743714,0.9424984584743714,8.127885841958577,3.135843636528927,3.135843636528927,11.506241442335272,7.022798954627185,7.022798954627185,38.28311195937476,23.365979237926247,23.365979237926247,2.347478955060983,0.9279124939029426,1.3165165448197145,7.00739986585368,2.7698880415013205,3.929900133790192,10.4591684256542,6.323841199065547,7.6554055188726196,31.221398285534924,18.87713790765835,22.851956772754086,2.5492122132737953,0.9973774810190259,1.4272479696164553,7.283463466496559,2.849649945768646,4.077851341761301,12.797018489353608,8.076896085624007,9.726138249266338,36.56290996958174,23.076845958925734,27.788966426475252,0.4723618090452262,-0.0026381909547738003,-0.0026381909547738003,0.3919597989949749,-0.0030402010050251116,-0.0030402010050251116,0.321608040201005,-0.0033919597989949812,-0.0033919597989949812,0.3550185873605948,0.07251614356782843,0.07251614356782843,0.3221601489757915,0.35678391959798994,0.0936260248611478,0.14142498804540227,0.24747474747474751,0.37792642140468224,0.09245062841636842,0.14767058158265778,0.325503355704698,20.0,-4.0,-4.0,31.0,-7.0,-7.0,38.0,-7.0,-7.0,-0.0009674345290466461,0.0006258736831802602,0.00029411084656195583,-0.09322135159441292,-0.10046766733499268,-0.09800409773407193,0.9609665427509294,-0.1985882624237498,0.0018587360594795538
229,0,test,3.899669756832009,1.8105943877446635,2.4913817893171144,8.702040846264019,4.040307846726517,5.5594723261613375,49.38613697786365,41.30869392104256,45.29718798319019,110.20425010801056,92.17958550899313,101.07983614767441,3.9764085082909393,1.8077365973385149,2.509112227071538,8.033148501597857,3.651993125936394,5.068913590043511,53.32517298303579,44.57851300280274,48.987681068360644,107.7276221879511,90.05760202586411,98.96501225931443,3.899669756832009,1.8105943877446635,2.4913817893171144,8.702040846264019,4.040307846726517,5.5594723261613375,49.38613697786365,41.30869392104256,45.29718798319019,110.20425010801056,92.17958550899313,101.07983614767441,0.7638190954773869,-0.001180904522613102,-0.001180904522613102,0.6231155778894473,-0.0018844221105527303,-0.0018844221105527303,0.5376884422110553,-0.0023115577889447625,-0.0023115577889447625,0.44166666666666665,0.11942134442134444,0.1992843951985226,0.36820083682008364,0.4371859296482412,0.1163839246357099,0.19344636370500246,0.3535353535353535,0.44166666666666665,0.11942134442134444,0.1992843951985226,0.36820083682008364,22.0,0.0,0.0,32.0,0.0,0.0,42.0,0.0,0.0,-5.16529510351056e-05,0.0002547953847766984,0.0001469029286747001,2.4582867206746073e-05,-5.7358864443912694e-05,-7.978146849918488e-05,0.041666666666666664,-0.5772950721696267,0.38333333333333336
23,0,test,2.2159114875217507,0.8481567274813275,0.8481567274813275,7.489219837573512,2.8665550156647406,2.8665550156647406,9.169763428545107,5.2432386278775205,5.2432386278775205,30.991478929386627,17.72081916004175,17.72081916004175,2.6197650339815652,0.9509704498332834,1.3771727225077564,6.237535795194203,2.264215356745913,3.278982672637515,13.732496535935109,8.42672825221128,10.267913423701714,32.696420323655026,20.063638695741147,24.447412913575512,2.5020176298599215,0.9981522468482933,1.4156745879280326,6.361061770830309,2.537675203851593,3.5991726811729645,12.20709853740447,7.708052498215391,9.243681396636223,31.034996281536788,19.596743639530658,23.500884906702264,0.5125628140703518,-0.0024371859296482556,-0.0024371859296482556,0.4321608040201005,-0.002839195979899567,-0.002839195979899567,0.3417085427135679,-0.003291457286432098,-0.003291457286432098,0.3283302063789869,0.058535484971362295,0.058535484971362295,0.2969924812030075,0.3668341708542714,0.08111988513998569,0.12142515582922964,0.33838383838383834,0.35785953177257523,0.09241712776589739,0.13539012131651296,0.33221476510067116,20.0,-3.0,-3.0,29.0,-3.0,-3.0,34.0,-3.0,-3.0,0.0013482835654575075,0.00039638259173257535,0.0007060410502067012,-0.043069234803830625,-0.040292595520186936,-0.0427495570112173,0.020637898686679174,-0.4944770499826313,0.6116322701688556
144,0,test,3.5059876969768515,1.561194035931308,1.8293268933381563,8.578897269697547,3.8201284231168318,4.476230051855377,33.3143320730064,26.322143127788877,27.96666286652973,81.51775110601565,64.40837256967335,68.43239293597777,4.1093473737221675,1.8849864150406122,2.6022805224518093,7.085081678831324,3.2499765776562284,4.486690555951396,60.9069551166108,51.65938378151753,56.39348244344935,105.01199158036346,89.06790307158197,97.2301421438782,3.6520526151682473,1.6673165894134545,2.29586884973028,7.825827032503387,3.572821263028831,4.9197189637077425,38.553720838931724,31.276594680929275,34.67236798934095,82.61511608342512,67.02127431627702,74.29793140573061,0.7487437185929648,-0.0012562814070351536,-0.0012562814070351536,0.6130653266331658,-0.001934673366834172,-0.001934673366834172,0.5276381909547738,-0.002361809045226204,-0.002361809045226204,0.4050343249427918,0.12160575351422032,0.14696980881375954,0.3532110091743119,0.4371859296482412,0.1264089872923515,0.20012416003221445,0.36868686868686873,0.40802675585284276,0.11420371745551383,0.18110795718765926,0.3389261744966443,22.0,0.0,0.0,35.0,0.0,0.0,43.0,0.0,0.0,-3.339902005700775e-05,0.001390314041123331,0.00015195146797623136,-0.01375907110722352,-0.020231069836870397,-0.01646882053711618,0.9725400457665904,-0.6469062430340105,0.3157894736842105
172,0,test,2.1006790008080007,0.4993692757330619,0.6679726891219759,12.699559413975642,3.018914257840784,4.038198529691947,8.171716631436746,3.2121928462573504,3.981693260590778,49.40174145368579,19.41916584328307,24.071145620844252,2.125815871676217,0.5130334921244324,0.8503880221487385,9.448070540783187,2.2801488538863657,3.7795023206610594,8.379731485489053,3.362981155049291,4.799498602083472,37.24325104661801,14.946582911330182,21.331104898148766,2.1082589484883214,0.6532773471019617,1.001872174863775,11.499594264481754,3.563330984192519,5.464757317438773,8.233893165700852,3.9494885279295042,5.210478811494554,44.91214454018647,21.542664697797296,28.420793517243023,0.507537688442211,-0.0024623115577889765,-0.0024623115577889765,0.4170854271356784,-0.0029145728643216184,-0.0029145728643216184,0.36180904522613067,-0.0031909547738693256,-0.0031909547738693256,0.4321608040201005,0.03190986299124232,0.04701906403965084,0.4256926952141058,0.4120603015075377,0.013564060906033903,0.049789850756285614,0.398989898989899,0.4180602006688964,0.05745919899944729,0.10660302603040916,0.4093959731543624,22.0,-7.0,-7.0,31.0,-9.0,-9.0,33.0,-7.0,-7.0,7.999908940300653e-06,-2.224370103469237e-05,-4.188910510354559e-06,-0.17874535352474297,-0.1929529536034531,-0.18596479212632744,0.02512562814070352,-0.43299180303449925,0.002512562814070352
90,0,test,3.7227825798146372,1.7963848839634595,1.9600883448822939,7.709124988288718,3.719947458826987,4.058944006216431,41.379375476948624,34.514638699128696,35.55125689576105,85.6882642619998,71.4727916424435,73.61941693458483,3.9472254870740824,1.8711500396563392,2.556756834174714,5.8047433633442385,2.751691234788734,3.7599365208451676,51.79147120069248,43.818354683237246,47.77473913560964,76.16392823631246,64.43875688711358,70.256969317073,3.9622640009008947,1.9127446782032118,2.590709088086818,6.715701696442195,3.2419401325478168,4.391032352689523,52.5762239240813,44.81205577427737,48.63474934156517,89.11224393912084,75.95263690555485,82.43177854502572,0.7336683417085428,-0.001331658291457205,-0.001331658291457205,0.6482412060301508,-0.0017587939698492372,-0.0017587939698492372,0.542713567839196,-0.0022864321608039306,-0.0022864321608039306,0.4453961456102784,0.14486138625198963,0.1619161847109627,0.4184549356223176,0.457286432160804,0.11894056749914983,0.21020796805395925,0.4191919191919192,0.46488294314381273,0.14267927035583272,0.23017771511266705,0.4395973154362416,27.0,0.0,0.0,35.0,0.0,0.0,48.0,0.0,0.0,0.0006141038322879813,0.00025997440136907215,0.0002484070441906632,-0.00015638458803390876,0.00023103086835085662,-0.00014579211826148963,0.974304068522484,-0.4015767632271216,0.7601713062098501
22,0,test,3.1023369084622208,1.3162037971739013,1.7683537305248536,10.577491554566429,4.487628184650063,6.0292441478847385,22.249886521951243,16.28354987973586,18.453752531454466,75.86151785579567,55.519151018527985,62.91850863105427,4.072196228907242,1.7577718717428508,2.456619061561905,8.94988182177416,3.8632348829513203,5.399162772663528,58.68570841175302,48.56661215514992,53.654917717947285,128.97957892692972,106.73980693439543,117.92289608340063,3.466442708915897,1.5112070497508658,2.072181980642667,10.296364481928407,4.488733811141186,6.154995982106933,32.02262579079917,24.95704189367535,27.990633058455835,95.1167102697005,74.1298274069565,83.14049423303715,0.7989949748743719,-0.0010050251256281673,-0.0010050251256281673,0.6984924623115578,-0.0015075376884421399,-0.0015075376884421399,0.6281407035175879,-0.0018592964824121205,-0.0018592964824121205,0.4649859943977591,0.14330767271943745,0.20105637562943068,0.3398876404494382,0.507537688442211,0.14412916713895285,0.2304091408629122,0.43434343434343436,0.4782608695652174,0.1477099513682224,0.22019635343618515,0.3791946308724832,24.0,-4.0,-4.0,39.0,-7.0,-7.0,49.0,-8.0,-8.0,0.0016037392065633889,0.0008645004892981152,0.000695640104743142,-0.006723449448026386,-0.01059676128858733,-0.008838127054755063,0.03361344537815126,-0.607652563086718,0.8851540616246498
115,0,test,3.4014172270217187,1.5854985809661566,2.0854384806828596,7.215723250387114,3.3634565272519046,4.424022672893696,30.006596085819762,23.859875840914277,26.278197729544214,63.65561134968701,50.61603718852913,55.74623448984235,3.7304988675902893,1.7586974002114417,2.4071598925528623,6.322879436593711,2.9808430512058335,4.079932021276038,41.69990570746335,34.5162998369052,37.94396424918219,70.67780628383619,58.50220311339864,64.3118038121732,3.366279022048623,1.6281581362029072,2.1917136649336557,6.823538558206668,3.300320546357244,4.442662834324977,28.97052755624899,23.28388003968275,25.733791742380618,58.724042343747946,47.197054134492056,52.16309136969044,0.7135678391959799,-0.0014321608040201994,-0.0014321608040201994,0.6381909547738693,-0.0018090452261306789,-0.0018090452261306789,0.5175879396984925,-0.002412060301507535,-0.002412060301507535,0.4207650273224044,0.11926434519416429,0.18322837043090878,0.3945205479452055,0.44221105527638194,0.10887772194304857,0.20181038749674918,0.43939393939393945,0.43143812709030105,0.13093729236576013,0.21453045189564035,0.3959731543624161,27.0,0.0,0.0,38.0,0.0,0.0,46.0,0.0,0.0,-0.0001425600550588271,0.00032130605731397663,0.00013359086870448993,-0.014650709032379083,-0.018939533464332747,-0.017996949366397175,0.04644808743169399,0.4628124899286401,0.4262295081967213
178,0,test,1.3470184888928198,0.4640528314132556,0.4640528314132556,7.755164698188759,2.6716828060976754,2.6716828060976754,3.8459417017209394,1.4278814799871453,1.4278814799871453,22.1421692147623,8.220715705168711,8.220715705168711,1.7328277067096665,0.6546129261328388,0.953739281988604,4.74747316906758,1.7934600715968192,2.612984334215354,5.656626595726579,2.7171992542224714,3.4771420003241924,15.49760711157967,7.44438151841773,9.526416439244365,1.6823620912505295,0.6825726278167222,0.9758593134339948,5.801248590519068,2.353698716609387,3.3650321152896376,5.378244884221104,2.6605352932435955,3.3513545209832665,18.54567201455553,9.174259631874467,11.556394899942298,0.3869346733668342,-0.0030653266331658324,-0.0030653266331658324,0.2864321608040201,-0.003567839195979916,-0.003567839195979916,0.24623115577889443,-0.0037688442211055717,-0.0037688442211055717,0.26182432432432434,0.06925345433409946,0.06925345433409946,0.2470389170896785,0.3065326633165829,0.09600634752710924,0.12623216248185842,0.3232323232323232,0.31438127090301005,0.10570013567763437,0.14307982485184212,0.3221476510067114,22.0,-13.0,-13.0,27.0,-13.0,-13.0,34.0,-15.0,-15.0,0.0013776315599334087,6.921359025802616e-05,0.00044976315706520107,-0.20576703521708062,-0.18442658886784002,-0.194856226805455,0.016891891891891893,-0.2689001418029596,0.2922297297297297
69,0,test,3.1155647576355268,1.4301670020605377,1.68750134693249,7.93727212064289,3.6435206957256554,4.29911057432801,22.546159874550153,17.15156363815441,18.37554527596206,57.43902634706825,43.69565022101243,46.81388915542716,3.900220907560021,1.7840929523229114,2.462420218807903,7.500424822230809,3.430947985236368,4.735423497707506,49.41336368553337,41.11442236240293,45.20194029211076,95.02569939525648,79.06619685077487,86.92680825405915,3.378437102622007,1.5548376988845436,2.13485119684971,7.980560084933874,3.6728449579949842,5.042955583109551,29.324903464677256,23.130789976014693,25.85687625168081,69.27142550711163,54.63966136066463,61.0792352401909,0.7638190954773869,-0.001180904522613102,-0.001180904522613102,0.6030150753768844,-0.0019849246231156137,-0.0019849246231156137,0.507537688442211,-0.0024623115577889765,-0.0024623115577889765,0.3911007025761124,0.12209485462289604,0.1506314943649687,0.323943661971831,0.42713567839195976,0.1138524703719096,0.183396112448721,0.38383838383838387,0.3946488294314381,0.10249524011591216,0.1721794189753758,0.32885906040268453,24.0,0.0,0.0,36.0,0.0,0.0,42.0,0.0,0.0,0.0005554481775668569,0.0012863913211271284,0.00025839748864004753,-0.029428423675012638,-0.04124408938364077,-0.03435497513807828,0.0351288056206089,-0.41717261205995215,0.42857142857142855
258,0,test,3.579446535760616,1.6422428183338602,2.254644675807702,6.788605498856342,3.1145984485642177,4.276050247221503,35.85369161848962,28.91437210134417,32.092251629227256,67.99838065575618,54.837602261169984,60.864615158879275,3.848219744911436,1.7251722845096653,2.3842360898461297,6.467596209935187,2.8994492176633035,4.007119478732991,46.90947801521304,38.55291299090325,42.58633081723813,78.83945884909755,64.79481174941724,71.57366523905569,3.645264069847981,1.6698122211156687,2.2871139956855293,6.668165981429233,3.054534550821345,4.183745114058896,38.292883512466766,31.083006820902693,34.403891216611534,70.04795764475628,56.85915881872444,62.93394734746012,0.7839195979899498,-0.0010804020100502187,-0.0010804020100502187,0.6030150753768844,-0.0019849246231156137,-0.0019849246231156137,0.4824120603015075,-0.0025879396984924696,-0.0025879396984924696,0.4194528875379939,0.0977533427731988,0.1606055670122103,0.4085365853658537,0.4321608040201005,0.11386506467172952,0.16504895093161964,0.43434343434343436,0.42140468227424754,0.09419266224085854,0.16222781909293493,0.4093959731543624,28.0,-13.0,-13.0,38.0,-11.0,-11.0,45.0,-11.0,-11.0,0.0002781765962599462,5.517776892163439e-05,0.0002564183885290592,0.00038856727672431646,-1.255992094950642e-05,-0.00014544248242298607,0.9635258358662614,0.5330804201467714,0.6595744680851063
34,0,test,3.3477274487551845,1.5058090130607058,1.726701049725456,7.8347338722176305,3.5240661195713896,4.041022875535491,28.438033266251587,22.129403907184628,23.379753800076166,66.5539312566202,51.78975678801847,54.71596831745574,4.228667418777067,1.9259281105899393,2.660739312171999,6.93224167012634,3.1572591976884254,4.3618677248721305,68.62572186656006,58.624179595711496,63.8290222256999,112.50118338780338,96.10521245198606,104.63774135360642,3.6352578849039103,1.6576005450646647,2.2836439872605823,7.12795663706649,3.2501971471856166,4.4777333083540825,37.91162847326712,30.68583291477069,34.0479724262414,74.33652641817082,60.1682998328837,66.76073024753215,0.7487437185929648,-0.0012562814070351536,-0.0012562814070351536,0.6683417085427136,-0.0016582914572863539,-0.0016582914572863539,0.5778894472361809,-0.002110552763819218,-0.002110552763819218,0.43273542600896864,0.13374326475476928,0.1658732559209921,0.3820224719101124,0.4371859296482412,0.1013463306507475,0.17675187288697247,0.4444444444444444,0.4347826086956522,0.11591783407127831,0.19896503361222617,0.3959731543624161,21.0,0.0,0.0,33.0,0.0,0.0,40.0,0.0,0.0,0.000408300665409642,0.0008381647210941168,0.0003169381799613482,-0.03302934840682514,-0.04143175077049577,-0.039750450800219994,0.9753363228699552,-1.1009345277066744,0.3968609865470852
187,0,test,4.027027588486116,1.8743245686959078,2.5558516995081053,7.139811075802412,3.3231268028770695,4.531455986154912,56.093928959736004,47.485834130293995,51.739576592953085,99.4530199934779,84.19110051208881,91.73287093237089,3.851288236359991,1.7042352860355119,2.364293305613386,6.472753338420153,2.8642609849336336,3.9736021943082123,47.053640414788966,38.49404477817557,42.62985866069196,79.08174859628397,64.69587357676566,71.64682127847387,4.065280381901997,1.8755532869337097,2.5714485230730024,6.969052083260565,3.2152342061720733,4.408197468125147,58.28124723885634,49.34847225607165,53.8271167793133,99.91070955232514,84.59738101040854,92.27505733596566,0.7537688442211055,-0.0012311557788945438,-0.0012311557788945438,0.6231155778894473,-0.0018844221105527303,-0.0018844221105527303,0.4974874371859297,-0.002512562814070307,-0.002512562814070307,0.45871559633027525,0.11673086350584783,0.19014998086740653,0.43251533742331283,0.44221105527638194,0.10386519061472776,0.1801075494333102,0.38888888888888884,0.4581939799331104,0.1259736126543124,0.19456772854267657,0.43624161073825507,20.0,-2.0,-2.0,33.0,-1.0,-1.0,45.0,-5.0,-5.0,0.00033573907655519805,-0.00013855544398214107,-3.0703746054965555e-05,-0.004271166058615883,-0.004242908108206933,-0.004322411877953236,0.03058103975535168,-0.43454540999419544,0.0030581039755351682
147,0,test,3.282182945371244,1.5104860666168172,2.0729988436396023,6.334037262997137,2.91497311101491,4.000524084216776,26.63384952608331,20.753025581318305,23.283099859968196,51.39865698016077,40.049698490263395,44.932297975377224,3.4959680050150514,1.5595662315510983,2.17506315298838,6.242800008955449,2.78493969919839,3.884041344622107,32.98219943973826,26.04844263719473,29.235389287118586,58.89678471381831,46.51507613784773,52.206052298426044,3.282182945371244,1.5104860666168172,2.0729988436396023,6.334037262997137,2.91497311101491,4.000524084216776,26.63384952608331,20.753025581318305,23.283099859968196,51.39865698016077,40.049698490263395,44.932297975377224,0.6984924623115578,-0.0015075376884421399,-0.0015075376884421399,0.5778894472361809,-0.002110552763819218,-0.002110552763819218,0.4773869346733668,-0.0026130653266331905,-0.0026130653266331905,0.4155251141552512,0.11939755151288212,0.18032025831306608,0.33944954128440363,0.42211055276381915,0.11133361040792944,0.1750320886569744,0.36868686868686873,0.4155251141552512,0.11939755151288212,0.18032025831306608,0.33944954128440363,22.0,-6.0,-6.0,33.0,-5.0,-5.0,41.0,-8.0,-8.0,0.00019869953776708205,0.00018496421405627647,0.0002748915012867358,0.0001701112262777471,5.807014548331324e-05,1.5360626520077858e-05,0.045662100456621,-0.5071697304733013,0.7488584474885844
201,0,test,1.7347003969280708,0.7327628456877939,0.8587395546842898,6.61354526328827,2.7936583491847142,3.273944552233855,5.667229630022159,2.9436758855805625,3.2660482876381023,21.60631296445948,11.222764313775896,12.451809096620266,1.8647468451555649,0.7358001601880764,1.0745712237944611,5.3278481290159,2.1022861719659325,3.070203496555603,6.45430174140086,3.3619042261330385,4.250518317683977,18.440862118288173,9.605440646094397,12.14433805052565,2.026644521797671,0.8718121889274146,1.2106122805842774,5.960719181757855,2.5641534968453366,3.560624354659639,7.588580274458997,4.4150889917155505,5.327071383857155,22.319353748408815,12.985555857986913,15.667857011344573,0.37688442211055273,-0.003115577889447274,-0.003115577889447274,0.29145728643216084,-0.0035427135678391952,-0.0035427135678391952,0.2361809045226131,-0.0038190954773869024,-0.0038190954773869024,0.29107981220657275,0.0718535519486595,0.08677873693775551,0.2517647058823529,0.29648241206030146,0.07342476795002573,0.12285970755278897,0.23232323232323238,0.32441471571906355,0.0906918442666429,0.14421449324965308,0.28523489932885904,21.0,-8.0,-8.0,29.0,-8.0,-8.0,35.0,-11.0,-11.0,0.0018116563817064224,0.0005699148391103656,0.00045061465002880786,-0.13993512614907733,-0.134768678580647,-0.1444649123688908,0.023474178403755867,0.34164389208216556,0.22300469483568075
53,0,test,3.325107061646122,1.5519647544118265,2.0616707158744,6.898641662380747,3.219880898521088,4.277374301325624,27.801975008549363,21.912644607113155,24.264418115178493,57.681109069461606,45.46244082280373,50.341695055054224,3.5102112423020166,1.5699198594959247,2.192884364746158,6.104715204003508,2.730295407819,3.813711938688971,33.45533421936883,26.494555292905456,29.72190610325343,58.183189946728405,46.07748746592254,51.69027148391902,3.7080388119519005,1.7360485547540574,2.380611287235622,6.909389090593604,3.2348730833926536,4.435921653234079,40.77376304572522,33.58880085548938,37.00243379876728,75.97595598582339,62.58782768103612,68.9486344076409,0.7688442211055276,-0.0011557788944723812,-0.0011557788944723812,0.6130653266331658,-0.001934673366834172,-0.001934673366834172,0.4623115577889447,-0.002688442211055242,-0.002688442211055242,0.4222222222222223,0.11431653567575906,0.16904529162593684,0.36490250696378834,0.42713567839195976,0.09129607939446605,0.16169327438528192,0.36868686868686873,0.4247491638795987,0.09252879660080071,0.1677969948028467,0.4093959731543624,24.0,0.0,0.0,38.0,0.0,0.0,50.0,0.0,0.0,0.0006177246074391195,0.0006551356172783332,-9.830983723241341e-05,-0.009106946480196498,-0.01416106420600105,-0.01108933288092917,0.03888888888888889,-0.3973915660795029,0.9916666666666667
202,0,test,2.497111495559895,1.0822742266169185,1.2193105787569916,6.867056612789711,2.9762541231965254,3.3531040915817263,12.147355545971237,8.031538905689608,8.558616440144476,33.4052277514209,22.08673199064642,23.53619521039731,2.733862568288929,1.168841897067543,1.6538459811978892,5.816728868699849,2.486897653335198,3.5188212365912537,15.392225869492224,10.609452068842714,12.447497474353813,32.74941674360048,22.573302274133432,26.4840371794762,2.475278683534453,1.0884117384336969,1.514680745035819,6.188196708836132,2.721029346084242,3.7867018625895468,11.88501881066937,7.882727818915912,9.271760236404472,29.712547026673423,19.706819547289776,23.179400591011177,0.5376884422110553,-0.0023115577889447625,-0.0023115577889447625,0.457286432160804,-0.0027135678391959628,-0.0027135678391959628,0.3316582914572864,-0.0033417085427135396,-0.0033417085427135396,0.34444444444444444,0.08473301270193612,0.10397523623330074,0.311804008908686,0.3417085427135679,0.06351305399176332,0.1296885093245862,0.30808080808080807,0.3411371237458194,0.08237251606635365,0.14202700138764368,0.28859060402684567,24.0,-2.0,-2.0,33.0,-2.0,-2.0,39.0,-1.0,-1.0,3.942062156003729e-06,0.0007494704296237592,-0.0003647345743170785,-0.060651964279874626,-0.0665579352606045,-0.057207367379854546,0.9755555555555555,0.5134690559502045,0.02
155,0,test,2.9533982919679374,1.3378459538970695,1.7310465389988359,6.30278294710476,2.85506790161274,3.6941887033382974,19.17099178388677,14.14032599941326,15.775828847278067,40.91239587399299,30.176561630032765,33.66685262380012,3.449670065634107,1.6218190026155979,2.216577566722905,5.89687190706685,2.772340175411279,3.789021481577616,31.490000961111768,25.26949614864434,28.0581748997801,53.82906147198593,43.195719912212546,47.96269213637624,3.2640937847476543,1.52062788632906,2.087331985168699,6.120175846401852,2.8511772868669882,3.913747472191311,26.156396921583475,20.439272826252807,22.912543990420787,49.04324422796902,38.32363654922402,42.96101998203898,0.7035175879396984,-0.001482412060301641,-0.001482412060301641,0.5979899497487438,-0.0020100502512562235,-0.0020100502512562235,0.4974874371859297,-0.002512562814070307,-0.002512562814070307,0.4068241469816273,0.10800370137219084,0.15560225059844057,0.3447368421052631,0.44723618090452266,0.1239279102278309,0.211843860370299,0.4242424242424242,0.4180602006688964,0.10253432420812847,0.18113027853319008,0.3825503355704698,19.0,0.0,0.0,35.0,0.0,0.0,40.0,0.0,0.0,0.0004665431218125773,0.0009710819653350444,0.00013317531692881712,-0.005365292204055905,-0.007197811667698062,-0.006108080796281001,0.9711286089238845,0.1746471924274802,0.9028871391076115
267,0,test,4.045856697411005,1.9141642477273249,2.6079651713501715,7.207519547043446,3.410001209527486,4.645977689358915,57.16013400316526,48.731013394536994,52.9483280380001,101.82831819106923,86.81220266973807,94.32516716703329,4.0884668013799335,1.88207626074722,2.5928407839934744,6.541546882207894,3.011322017195552,4.148545254389559,59.64836876397284,50.565495869562405,55.18623971492647,95.43739002235654,80.90479339129985,88.29798354388235,4.045856697411005,1.9141642477273249,2.6079651713501715,7.207519547043446,3.410001209527486,4.645977689358915,57.16013400316526,48.731013394536994,52.9483280380001,101.82831819106923,86.81220266973807,94.32516716703329,0.8090452261306533,-0.0009547738693467256,-0.0009547738693467256,0.6633165829145728,-0.0016834170854271857,-0.0016834170854271857,0.542713567839196,-0.0022864321608039306,-0.0022864321608039306,0.4552238805970149,0.12002834987075794,0.19343728010073702,0.43445692883895126,0.4371859296482412,0.0963337993224267,0.17007407655976037,0.41414141414141414,0.4552238805970149,0.12002834987075794,0.19343728010073702,0.43445692883895126,28.0,0.0,0.0,41.0,0.0,0.0,50.0,0.0,0.0,0.0003832526968565325,0.00034885076185286605,0.00017454708393521446,-0.00016945494488584956,0.00022372510708557058,6.833549267337702e-05,0.041044776119402986,-0.4340051069373774,0.373134328358209
173,0,test,3.3510992580538495,1.5532299556857059,2.08730103180573,6.447223572560124,2.988279371264891,4.015785680756677,28.53408273049318,22.497311513040394,24.995245432685742,54.897093948883615,43.28287106313206,48.08867871288452,3.877571136810821,1.7538450696980834,2.433952066205297,6.106411239072159,2.761960739682021,3.832995379850862,48.30674199865597,39.94450422867611,44.070743511473786,76.07360944670232,62.904731068781274,69.4027456873603,3.561154305137422,1.66982248890405,2.274294777063776,6.211315648495503,2.9124810852977614,3.966793215808911,35.20380963931534,28.57561930249993,31.582413852198897,61.40199355694536,49.84119645784872,55.08560555616087,0.778894472361809,-0.0011055276381910506,-0.0011055276381910506,0.6482412060301508,-0.0017587939698492372,-0.0017587939698492372,0.5326633165829145,-0.0023366834170853723,-0.0023366834170853723,0.43342776203966005,0.1151816517143418,0.18513841697612143,0.3892045454545454,0.4623115577889447,0.12897822445561136,0.20521639919128198,0.4747474747474747,0.43143812709030105,0.10756500522051804,0.17448595801354905,0.4161073825503355,24.0,0.0,0.0,38.0,-1.0,-1.0,48.0,0.0,0.0,0.0009991069197510935,0.0004679524180090426,0.0003727692104170982,-0.0029223971644087854,-0.004917106193819798,-0.0037074389749216508,0.028328611898016998,-0.4286394548223115,0.5325779036827195
36,0,test,3.5160753053999865,1.585893637913177,2.1827572944788045,7.692889594365071,3.4698075567764812,4.775697167785841,33.65209475445408,26.761332799167455,29.858484987468625,73.62807308692638,58.55164088945362,65.32796044238101,4.0930012477252955,1.885821448543537,2.6018305152332406,6.655286581667148,3.0663763390951826,4.230618723956489,59.91945524077492,50.82941078154555,55.47716202791594,97.43000852158524,82.6494484252773,90.20676752506657,3.6430197731158804,1.6725816446857387,2.2921536183161755,7.53728228920527,3.460513747625666,4.742386796516225,38.207039285128644,31.033220431219558,34.34627117940903,79.04904679681789,64.20666296114392,71.06125071601868,0.7487437185929648,-0.0012562814070351536,-0.0012562814070351536,0.6331658291457287,-0.0018341708542712887,-0.0018341708542712887,0.5125628140703518,-0.0024371859296482556,-0.0024371859296482556,0.39692307692307693,0.08710712600283155,0.15381786752573268,0.3055555555555556,0.4170854271356784,0.09208542713567847,0.18580422913235062,0.3282828282828283,0.4046822742474916,0.09468227424749154,0.16383876703328515,0.3120805369127517,16.0,0.0,0.0,27.0,1.0,1.0,36.0,0.0,0.0,0.0013770397532945925,0.00040732996538857697,0.00044323930346586767,-0.002815776147390814,-0.0034933945993707027,-0.004319624740314332,0.03076923076923077,-1.1500709036832637,0.5784615384615385
259,0,test,3.7019245155025327,1.3612536384366756,2.011333212893306,7.67145803212573,2.820911154350701,4.168064007441549,40.52522077597051,30.137017343018066,35.10253457014064,83.97997558393888,62.452614253001286,72.74260175980952,3.766159180757688,1.1229049330669043,1.744608425537988,7.105960718410731,2.1186885529564226,3.2917140104490334,43.21376940786816,29.154889083288623,35.66374530854101,81.53541397710974,55.009224685450235,67.29008548781323,3.6752133782217933,1.3560505477356757,2.0054894266872143,7.301748433553232,2.694140161064257,3.9844160795110226,39.457075239570635,29.28991613297951,34.14637365577565,78.3915402110675,58.19188635691294,67.84047746180593,0.7889447236180904,-0.001055276381909609,-0.001055276381909609,0.6733668341708543,-0.001633165829145744,-0.001633165829145744,0.5728643216080402,-0.0021356783919597166,-0.0021356783919597166,0.49271137026239065,0.09300206793680921,0.17110824220764964,0.45321637426900585,0.48743718592964824,0.06493718592964826,0.12138061355028051,0.43434343434343436,0.4882943143812709,0.0949609810479376,0.1708692311404274,0.4395973154362416,26.0,-4.0,-4.0,40.0,-6.0,-6.0,48.0,-6.0,-6.0,0.0001383068624083541,0.00011947246918767189,0.00017204796598623774,0.0003332823049371214,-6.678927164482928e-05,0.00016045041052237252,0.9650145772594753,-0.633657848113504,0.0058309037900874635
101,0,test,3.6543221397798136,1.7046293588994617,2.230832833386313,6.455969113611004,3.0115118673890486,3.9411380056491527,38.64131882253344,31.61479025749253,34.48973748690394,68.26632991980908,55.85279612157014,60.931869560196965,3.687183423237477,1.684609937901378,2.3328124418680396,5.586641550359814,2.552439299850573,3.5345643058606657,39.93221626284564,32.52412004717445,36.057893094292986,60.503357974008544,49.278969768446125,54.633171354989365,3.603841952052817,1.7275693508374796,2.341883996394318,6.142912418271847,2.9447204843820676,3.9918477211266783,36.739113557740836,30.209990752554138,33.2067826895023,62.62348901887643,51.49430241912637,56.60247049346982,0.7688442211055276,-0.0011557788944723812,-0.0011557788944723812,0.6331658291457287,-0.0018341708542712887,-0.0018341708542712887,0.4974874371859297,-0.002512562814070307,-0.002512562814070307,0.41891891891891897,0.10312944523470846,0.15792185147023863,0.38482384823848237,0.4170854271356784,0.08625835946650551,0.15999026853801568,0.35858585858585856,0.41137123745819393,0.10085370824283502,0.16665488595652544,0.36241610738255037,26.0,-3.0,-3.0,35.0,-1.0,-1.0,45.0,0.0,0.0,0.0008098124251744766,-8.872546609894143e-05,7.302004418545442e-05,-0.006981305666610815,-0.010953003064190447,-0.0085170444084266,0.02702702702702703,-1.0000374470310773,0.002702702702702703
203,0,test,4.391870846827992,1.9574682540135986,2.7177829181635214,7.233669630069634,3.224065359551809,4.4763483357987415,80.79142606405162,69.38242520609296,75.45749805707239,133.06823116432034,114.27693563356489,124.28293797635453,4.391870846827992,1.9574682540135986,2.7177829181635214,7.233669630069634,3.224065359551809,4.4763483357987415,80.79142606405162,69.38242520609296,75.45749805707239,133.06823116432034,114.27693563356489,124.28293797635453,4.391870846827992,1.9574682540135986,2.7177829181635214,7.233669630069634,3.224065359551809,4.4763483357987415,80.79142606405162,69.38242520609296,75.45749805707239,133.06823116432034,114.27693563356489,124.28293797635453,0.7692307692307692,-0.0007692307692308553,-0.0007692307692308553,0.6512820512820513,-0.003717948717948727,-0.003717948717948727,0.5435897435897437,-0.001410256410256272,-0.001410256410256272,0.4769230769230769,0.14955734802282117,0.21797929498099855,0.4690721649484536,0.4769230769230769,0.14955734802282117,0.21797929498099855,0.4690721649484536,0.4769230769230769,0.14955734802282117,0.21797929498099855,0.4690721649484536,19.0,1.0,1.0,29.0,1.0,1.0,42.0,1.0,1.0,0.00013397903939386848,0.00018320076829328116,0.00014546323285777096,-0.00022981043147218827,-0.0001238107118313181,-7.520514079484286e-05,0.06153846153846154,-0.6739779308089098,0.005128205128205128
45,0,test,2.7520023967135123,1.1091905346280826,1.3090413548395914,7.311042511750958,2.9467049745240033,3.477633960748553,15.67398602009666,10.504300483201202,11.44077402472968,41.63992671603992,27.90600309091404,30.393863523528854,2.31841636532805,0.956984153715597,1.3706788583548164,6.818871662729559,2.814659275634109,4.03140840692593,10.159572508479382,6.257795035490094,7.579706386263316,29.88109561317465,18.405279516147335,22.293254077245045,2.4074249832071253,0.974845434965919,1.3973428625826267,6.625940320753556,2.6830608301814287,3.845897786924661,11.105327889524043,6.915835626811174,8.359501394779008,30.56512263171755,19.034409982049105,23.007802003978924,0.40201005025125625,-0.002989949748743781,-0.002989949748743781,0.3015075376884422,-0.0034924623115578646,-0.0034924623115578646,0.27135678391959794,-0.0036432160804020786,-0.0036432160804020786,0.3727272727272727,0.09576927045712513,0.11661779081133916,0.37357630979498857,0.29145728643216084,0.055868314001083164,0.10781788743383025,0.24242424242424243,0.33444816053511706,0.0890391455100753,0.13200099702010037,0.30536912751677847,22.0,0.0,0.0,31.0,0.0,0.0,34.0,0.0,0.0,0.0007526216688923709,-0.0004910166397205731,-3.362704205011501e-05,-0.08978572851420097,-0.07575825792461188,-0.07922096561640135,0.02727272727272727,0.3600420885703683,0.3704545454545455
240,0,test,2.9040198729443243,1.334432138499554,1.8232315166253694,6.23198425288782,2.863671888458897,3.9126282181595515,18.247350163105985,13.44268317639743,15.300348240001025,39.15854706535153,28.847801852998863,32.83432396029417,3.3792367983595106,1.546018227085932,2.1210933573260418,5.450381932837921,2.4935777856224712,3.4211183182678098,29.348363844313198,23.0943806535546,25.8294814378481,47.33607071663419,37.24900105412032,41.66045393201306,2.9040198729443243,1.334432138499554,1.8232315166253694,6.23198425288782,2.863671888458897,3.9126282181595515,18.247350163105985,13.44268317639743,15.300348240001025,39.15854706535153,28.847801852998863,32.83432396029417,0.7638190954773869,-0.001180904522613102,-0.001180904522613102,0.6532663316582914,-0.0017336683417086274,-0.0017336683417086274,0.507537688442211,-0.0024623115577889765,-0.0024623115577889765,0.4334470989761092,0.11998883662517223,0.19054131009983222,0.37671232876712324,0.4321608040201005,0.0687522827168423,0.15503225644080165,0.4494949494949495,0.4334470989761092,0.11998883662517223,0.19054131009983222,0.37671232876712324,21.0,0.0,0.0,29.0,0.0,0.0,40.0,0.0,0.0,0.0018083118552116495,0.00025293040241377733,0.0003349158962971181,-0.01719880627266246,-0.012517740406157607,-0.01519450502271713,0.040955631399317405,-0.42727817406823243,0.931740614334471
249,0,test,2.4425931957632345,0.908484741301973,0.908484741301973,7.816298226442351,2.907151172166314,2.907151172166314,11.50283119298084,6.865641772058199,6.865641772058199,36.80905981753869,21.970053670586235,21.970053670586235,3.4553895744339482,1.5774486737912738,2.179270166167365,5.95756823178267,2.7197390927435756,3.757362355460974,31.670624344841382,25.13059991676063,28.087914663770427,54.604524732485146,43.32862054613902,48.42743907546626,3.018835204950515,1.4143794007346433,1.9340954232276455,6.119260550575368,2.866985271759412,3.920463695731714,20.46743742444049,15.49228601495009,17.508767605843502,41.488048833325315,31.403282462736662,35.49074514698007,0.7035175879396984,-0.001482412060301641,-0.001482412060301641,0.5778894472361809,-0.002110552763819218,-0.002110552763819218,0.46733668341708545,-0.002663316582914521,-0.002663316582914521,0.3669565217391304,0.09618428322495642,0.09618428322495642,0.2909407665505227,0.40703517587939697,0.09124570219518646,0.15661781360894622,0.36363636363636365,0.39799331103678925,0.12086476345749042,0.18331032994668917,0.3221476510067114,25.0,0.0,0.0,37.0,0.0,0.0,44.0,1.0,1.0,0.003010910929381317,0.00033934496185879476,0.0008469361678400052,-0.07727720200209909,-0.05871336234563973,-0.0674009885424578,0.9773913043478261,0.5148427097925519,0.3426086956521739
67,0,test,2.5677559248333544,1.1470337783752633,1.3293389289235369,6.084465126235557,2.71797134441095,3.1499552881014243,13.036536623098062,8.896427496969467,9.586389081153683,30.89092373734106,21.080665155862434,22.715574127081553,2.565751304974014,1.11698655890583,1.5589671474078015,5.236227153008192,2.2795644059302655,3.181565606954697,13.010429499058668,8.752577761753786,10.273643722486163,26.551896936854426,17.86240359541589,20.966619841808498,2.495986449709275,1.0990049413378202,1.5243251398010638,5.5466365549095,2.442233202972934,3.3873891995579197,12.133696898761096,8.090719063587404,9.491366353824372,26.96377088613577,17.9793756968609,21.091925230720825,0.5778894472361809,-0.002110552763819218,-0.002110552763819218,0.4522613065326633,-0.0027386934673366836,-0.0027386934673366836,0.35678391959798994,-0.0032160804020100464,-0.0032160804020100464,0.37011494252873567,0.10490254298797796,0.12769070010449324,0.3571428571428571,0.40703517587939697,0.12633342149343207,0.1799901007541883,0.36363636363636365,0.3712374581939799,0.10579505418730206,0.15877917120844043,0.3422818791946308,17.0,0.0,0.0,29.0,0.0,0.0,35.0,0.0,0.0,-0.00023965676900366954,0.0009382492122971368,-9.752185589040989e-05,-0.048259617230910656,-0.059567501225174624,-0.04848928667175212,0.9747126436781609,0.2972390609925782,0.0022988505747126436
38,0,test,3.2785233506975517,1.5239774461382805,2.09492401723614,6.581883999506449,3.059500175959427,4.205718670966493,26.536558563543707,20.755736462647313,23.270449676838325,53.274151661659715,41.66871335304195,46.717190639107244,3.607924453095675,1.6636083829878514,2.299927570997027,6.329692022974869,2.918611198224301,4.0349606508719775,36.889407606215265,29.900557269764704,33.19065036639933,64.7182589582724,52.457118017131066,58.22921116912165,3.2785233506975517,1.5239774461382805,2.09492401723614,6.581883999506449,3.059500175959427,4.205718670966493,26.536558563543707,20.755736462647313,23.270449676838325,53.274151661659715,41.66871335304195,46.717190639107244,0.8090452261306533,-0.0009547738693467256,-0.0009547738693467256,0.6432160804020101,-0.001783919597989958,-0.001783919597989958,0.5326633165829145,-0.0023366834170853723,-0.0023366834170853723,0.446969696969697,0.12371827920032086,0.1988588657354401,0.40684410646387836,0.42713567839195976,0.09380234505862639,0.16670162163069102,0.43939393939393945,0.446969696969697,0.12371827920032086,0.1988588657354401,0.40684410646387836,24.0,0.0,0.0,35.0,0.0,0.0,46.0,0.0,0.0,0.0007475241780384755,0.0005629242435537911,-2.134078991478296e-05,-0.010815371220584069,-0.01219063484173688,-0.009515560266457612,0.05303030303030303,-0.22808438947309584,0.9621212121212122
197,0,test,3.301928900554917,1.4184677142371016,1.9559668542070152,7.174561561699573,3.08210268772506,4.250002053585613,27.164986975782735,20.58875991202622,23.323106145084623,59.02515688565138,44.7360709199582,50.67736643870239,3.1738967203928405,1.3260736236605226,1.885702007560126,6.284944000777902,2.625888363684203,3.73406338130718,23.900436452768595,17.55444658369695,20.274202203789176,47.32759693617543,34.76128036375633,40.146935057008264,3.183519865920229,1.3942278812393873,1.9291147627312644,6.821828284114776,2.9876311740844015,4.133817348709853,24.131544038413864,18.14633069527114,20.625791845340988,51.71045151088685,38.88499434700958,44.19812538287354,0.6281407035175879,-0.0018592964824121205,-0.0018592964824121205,0.48743718592964824,-0.002562814070351749,-0.002562814070351749,0.4120603015075377,-0.0029396984924623393,-0.0029396984924623393,0.4245014245014245,0.12762642450142447,0.17914463075753395,0.4257142857142857,0.40201005025125625,0.10951005025125626,0.157417704161406,0.38383838383838387,0.40802675585284276,0.11469342251950942,0.17495239403264295,0.3993288590604027,21.0,0.0,0.0,33.0,0.0,0.0,41.0,0.0,0.0,0.00016210365102741164,-0.0003689681477030783,0.0001232234015616401,-0.015969335997851886,-0.015660454419858638,-0.014940142185300154,0.9458689458689459,-0.2100289841023433,0.002849002849002849
216,0,test,3.930353549838515,1.7716814846225089,2.446701108359046,8.35543691713922,3.76637182744925,5.201378580008042,50.92497900493282,42.265348409777054,46.51595900961541,108.26009522726977,89.85081060540017,98.88707369876282,3.8450802504634907,1.6898267952213741,2.3586398805367463,7.466175243618428,3.281217078099756,4.579883263178148,46.76243690757375,38.13235966746139,42.34110772939906,90.80084836422087,74.0434168300221,82.21574316388167,3.9001777104287405,1.7673675669555147,2.4361935454119514,8.357523665204443,3.7872162149046735,5.220414740168467,49.41122921607705,40.97268216473627,45.08807981350625,105.88120546302224,87.79860463872058,96.61731388608482,0.7185929648241206,-0.0014070351758793676,-0.0014070351758793676,0.6130653266331658,-0.001934673366834172,-0.001934673366834172,0.49246231155778897,-0.002537688442211028,-0.002537688442211028,0.4389438943894389,0.0995699240434752,0.17879021711172216,0.3973509933774835,0.4321608040201005,0.10384000201508792,0.17339619634063475,0.3535353535353535,0.4381270903010034,0.10423727394040239,0.1833996153288121,0.3926174496644296,24.0,0.0,0.0,34.0,0.0,0.0,40.0,0.0,0.0,0.00029500526451110127,0.00033936962196350946,-0.00016273855298663332,0.0004912393671849813,8.815173034548707e-05,-5.432400123339676e-05,0.036303630363036306,-0.8347977760387497,0.0033003300330033004
177,0,test,2.479730870325152,1.0124947457322735,1.4198754718052657,7.308680459905711,2.9841950400530166,4.184896127426047,11.93805110165782,7.600820108015685,9.052097455732108,35.185834825938834,22.40241716046728,26.67986618531568,2.479730870325152,1.0124947457322735,1.4198754718052657,7.308680459905711,2.9841950400530166,4.184896127426047,11.93805110165782,7.600820108015685,9.052097455732108,35.185834825938834,22.40241716046728,26.67986618531568,2.479730870325152,1.0124947457322735,1.4198754718052657,7.308680459905711,2.9841950400530166,4.184896127426047,11.93805110165782,7.600820108015685,9.052097455732108,35.185834825938834,22.40241716046728,26.67986618531568,0.41916167664670656,0.024161676646706542,0.024161676646706542,0.3772455089820359,0.03224550898203593,0.03224550898203593,0.31137724550898205,0.03137724550898202,0.03137724550898202,0.3413173652694611,0.09057109661274465,0.13654599350007746,0.24096385542168675,0.3413173652694611,0.09057109661274465,0.13654599350007746,0.24096385542168675,0.3413173652694611,0.09057109661274465,0.13654599350007746,0.24096385542168675,13.0,1.0,1.0,19.0,2.0,2.0,28.0,2.0,2.0,0.00047317596792306656,0.00028509574003871696,0.00042684228255801006,-0.1399571391250669,-0.14160188367514248,-0.14717096849014144,0.059880239520958084,-0.6100641397828516,0.17365269461077845
193,0,test,3.6427005260606835,1.691207926273676,2.3037037414513635,8.959868229423455,4.159825947689283,5.666368073731176,38.194843747147445,31.15565731563025,34.379629643824664,93.94699470064492,76.63286678441312,84.56279872069776,3.9337588560255012,1.8260534997365,2.503885026075301,8.36969969367128,3.8852202122053194,5.327414949096385,51.098689752287775,42.869353544149035,46.92051775379096,108.72061649422932,91.21139051946604,99.83088883785312,3.6550538715124627,1.6793596346507786,2.3014029974337227,8.9147655402743,4.095999108904338,5.613178042521275,38.669604249117334,31.457979757214517,34.79807000464207,94.31610792467643,76.72677989564517,84.87334147473676,0.7537688442211055,-0.0012311557788945438,-0.0012311557788945438,0.6582914572864322,-0.0017085427135676845,-0.0017085427135676845,0.5175879396984925,-0.002412060301507535,-0.002412060301507535,0.3980263157894737,0.08439741595367733,0.1584201888748128,0.3201320132013201,0.40703517587939697,0.0686893112177428,0.15327891544534022,0.33333333333333337,0.39799331103678925,0.07578963824880924,0.1521646124828404,0.3221476510067114,25.0,0.0,0.0,40.0,1.0,1.0,47.0,1.0,1.0,0.0017640175514640564,0.0005190765200548173,0.00016140384059729803,0.00048729044062767457,8.427820529455232e-05,-5.782855820246624e-05,0.05263157894736842,-0.29352236702724677,0.26644736842105265
117,0,test,3.448457113806042,1.575111785046422,1.8151176206339166,7.897502820219018,3.60725082378507,4.156901493887001,31.451828262382712,24.941790032040643,26.330880697612002,72.02957560607854,57.12057613555422,60.301809680541474,3.9715889517010785,1.8049414516237112,2.504978584496609,6.967699915265051,3.166563950217038,4.394699271046683,53.06878762233638,44.339816564822854,48.73426983404107,93.10313617953751,77.78915186811027,85.4987190070896,3.646311241715608,1.689052162348312,2.311298362011381,7.758109024926825,3.593728004996408,4.917656089385917,38.33300374553482,31.25310872939184,34.53295885597651,81.55958243730812,66.49597601998263,73.47438054463088,0.7587939698492463,-0.001206030150753712,-0.001206030150753712,0.6130653266331658,-0.001934673366834172,-0.001934673366834172,0.5326633165829145,-0.0023366834170853723,-0.0023366834170853723,0.4172335600907029,0.11712030980757715,0.13179856497828846,0.36590909090909096,0.44723618090452266,0.12643417589199135,0.19014102230685992,0.3939393939393939,0.4448160535117057,0.1376374224599528,0.1956503138009159,0.3791946308724832,18.0,1.0,1.0,32.0,1.0,1.0,38.0,1.0,1.0,0.0007984670863246919,0.000766406546138699,0.00036833936464248404,-0.0032684122037034413,-0.003203494118713124,-0.003466943659067745,0.9750566893424036,0.6404307907549733,0.09297052154195011
21,0,test,3.7650770998574234,1.7216068493655854,2.3441977477408527,6.600799725699407,3.0182601093308046,4.10976440584947,43.16703390372189,35.44969000326198,39.02627387785072,75.6789138691833,62.149140069009924,68.41948015294082,3.574705758317486,1.6060607700575953,2.2123444129897445,6.216879579682585,2.7931491653175575,3.8475555008517306,35.684119515406266,28.523152797973456,31.778715084713856,62.059338287663074,49.60548312691036,55.26733058211106,3.7650770998574234,1.7216068493655854,2.3441977477408527,6.600799725699407,3.0182601093308046,4.10976440584947,43.16703390372189,35.44969000326198,39.02627387785072,75.6789138691833,62.149140069009924,68.41948015294082,0.7135678391959799,-0.0014321608040201994,-0.0014321608040201994,0.6180904522613065,-0.0019095477386934512,-0.0019095477386934512,0.5125628140703518,-0.0024371859296482556,-0.0024371859296482556,0.427536231884058,0.09661398956941059,0.17211454513707003,0.42181818181818187,0.4321608040201005,0.09882747068676712,0.17339619634063475,0.398989898989899,0.427536231884058,0.09661398956941059,0.17211454513707003,0.42181818181818187,26.0,-8.0,-8.0,34.0,-2.0,-2.0,46.0,-9.0,-9.0,-0.00033848307224282575,0.000264916485601788,-3.0363341978822946e-05,-0.008605692462414716,-0.00920791876549476,-0.00746697180669198,0.9528985507246377,0.5210020475822604,0.0036231884057971015
211,0,test,3.0211199920764193,1.3733310956360336,1.4033039826530482,8.749023792082578,3.9771033463216927,4.06390344109351,20.514254625270503,15.318775250690077,15.472188167956691,59.40833275873134,44.362464743327905,44.806741457493075,3.826589337698694,1.725733859510198,2.396145130597618,7.577404629106325,3.417294771307323,4.74484184276756,45.905702081168464,37.73254319932791,41.72514626905949,90.90238035874943,74.7179073254018,82.62405201793959,3.565905134130525,1.6381517418948464,2.2570975109883524,8.229011847993519,3.780350173603492,5.208686563819275,35.37145483031665,28.49740524242135,31.669697640269302,81.62643422380765,65.7632428671262,73.08391763139069,0.7336683417085428,-0.001331658291457205,-0.001331658291457205,0.6331658291457287,-0.0018341708542712887,-0.0018341708542712887,0.5577889447236181,-0.00221105527638199,-0.00221105527638199,0.41800000000000004,0.1305748502994012,0.13158748778103624,0.3346693386773547,0.44221105527638194,0.10221105527638197,0.18430756110000923,0.3939393939393939,0.44147157190635455,0.1198049052396879,0.19507867512500054,0.37248322147651003,23.0,0.0,0.0,34.0,0.0,0.0,44.0,1.0,1.0,0.001674928058231006,0.00042695225073165297,0.0011696751531605596,-0.02269013550049781,-0.01890663976966156,-0.026455787703135947,0.024,-0.49729400392691797,0.46
264,0,test,1.954515377855919,0.8309748706992657,0.8309748706992657,7.524149424528049,3.1989408556242402,3.1989408556242402,7.060496521495492,3.9847719480050703,3.9847719480050703,27.18025728575708,15.3398739652526,15.3398739652526,3.0340331484795895,1.3326883383410457,1.8648521876434774,7.400080849950219,3.2504593618074287,4.54841996986214,20.780876161631387,15.299562397878226,17.561521380857734,50.685063808857045,37.316005848483485,42.83297897770179,2.5179554576851992,1.0985974556430083,1.5464727062145762,7.059688199117381,3.0801797821766588,4.335904783779186,12.403211830810347,8.268746561034597,9.76135305416696,34.77536027330004,23.1834015729942,27.368279591122317,0.6331658291457287,-0.0018341708542712887,-0.0018341708542712887,0.4824120603015075,-0.0025879396984924696,-0.0025879396984924696,0.37688442211055273,-0.003115577889447274,-0.003115577889447274,0.33268101761252444,0.08830174097518328,0.08830174097518328,0.24705882352941178,0.371859296482412,0.09115754209644711,0.14815311952080934,0.3232323232323232,0.3511705685618729,0.08739761363699816,0.13759993452405306,0.28523489932885904,22.0,0.0,0.0,32.0,1.0,1.0,37.0,0.0,0.0,0.001826120198344107,0.0009607591910745705,0.0014751426392576336,-0.1050263594460219,-0.10145873808588668,-0.12119001977401744,0.019569471624266144,-0.703763513223235,0.50293542074364
231,0,test,2.8713026285105103,1.3229317716729445,1.8223759498742658,6.393134758792933,2.9455902728655405,4.05763395089192,17.660007652692396,12.95620688055455,14.805422067179325,39.32111078919791,28.847804382484732,32.96519757145396,2.8536815993223414,1.2314772744498095,1.7347046718242896,5.765013331964326,2.4878328776763827,3.504453882473312,17.35154583118665,12.287304576324757,14.289825592541638,35.05362794179121,24.822837527928797,28.868334530387145,2.8713026285105103,1.3229317716729445,1.8223759498742658,6.393134758792933,2.9455902728655405,4.05763395089192,17.660007652692396,12.95620688055455,14.805422067179325,39.32111078919791,28.847804382484732,32.96519757145396,0.6180904522613065,-0.0019095477386934512,-0.0019095477386934512,0.4773869346733668,-0.0026130653266331905,-0.0026130653266331905,0.38190954773869346,-0.0030904522613065533,-0.0030904522613065533,0.39084507042253525,0.11492239906928392,0.16953359501269916,0.34982332155477036,0.40201005025125625,0.11128323320864975,0.17663442420785058,0.33333333333333337,0.39084507042253525,0.11492239906928392,0.16953359501269916,0.34982332155477036,22.0,0.0,0.0,31.0,1.0,1.0,40.0,1.0,1.0,-0.00048166503327004556,0.0001755023201237578,0.0001612500268981292,-0.0002803336946550772,0.00016174870629104277,1.2262581172706177e-05,0.03873239436619718,0.23658019192036417,0.014084507042253521
111,0,test,3.229160361540616,1.4279466592253025,1.9440745985486454,6.930880775989615,3.0648611222396736,4.172647918836117,25.258440107223905,19.201445714086248,21.643462131973617,54.213237303309846,41.21285909364853,46.454260185699475,3.6076669958352823,1.600881081006384,2.252762734972936,6.442262492563003,2.8587162160828283,4.022790598165956,36.87991138288374,29.440543265129012,33.003521566234845,65.8569846122924,52.572398687730384,58.93485993970508,3.2827353485426585,1.4703778254643096,2.0411009446297053,6.654193274072957,2.980495592157385,4.137366779654808,26.64856621342664,20.523696266329612,23.187300262531057,54.01736394613508,41.6020870263438,47.00128431594133,0.7085427135678393,-0.0014572864321606982,-0.0014572864321606982,0.5778894472361809,-0.002110552763819218,-0.002110552763819218,0.49246231155778897,-0.002537688442211028,-0.002537688442211028,0.41025641025641024,0.10726921253237043,0.1707647191518159,0.3514285714285714,0.4371859296482412,0.1264089872923515,0.19344636370500246,0.3787878787878788,0.4147157190635451,0.10586763892998918,0.17111171461415686,0.3523489932885906,23.0,0.0,0.0,35.0,0.0,0.0,43.0,1.0,1.0,0.00042137238077283914,0.00043557348482846364,0.0003627515401944199,0.0003016908924857731,-9.777747204431364e-05,0.00014069282802076089,0.03418803418803419,-0.600067059566376,0.08831908831908832
232,0,test,1.730126866789074,0.4737335511106844,0.5244529573716974,10.972646707793864,3.0044680478335506,3.326135861225765,5.641369565473556,2.1286402584113677,2.3023610561686,35.778159612608604,13.500060586240515,14.601816172016644,2.149999423411174,0.7293011059161312,1.0821137185361702,8.599997693644696,2.9172044236645247,4.328454874144681,8.584853447245896,4.444842974449276,5.675631408294521,34.339413788983585,17.779371897797105,22.702525633178084,1.9291900619662001,0.680491163135952,0.9695120154740913,9.334790622417097,3.292699176464284,4.691187171648829,6.883932424350464,3.3981278031358793,4.273076660426563,33.30935044040547,16.442553886141347,20.676177389160785,0.4723618090452262,-0.0026381909547738003,-0.0026381909547738003,0.4170854271356784,-0.0029145728643216184,-0.0029145728643216184,0.3668341708542714,-0.0031658291457286047,-0.0031658291457286047,0.36174636174636177,0.061642519586444844,0.0743563324208486,0.30625,0.40703517587939697,0.11129582750846967,0.1666345080997642,0.29292929292929293,0.3846153846153846,0.09079234621805565,0.1421237272182767,0.30201342281879195,19.0,-8.0,-8.0,24.0,-10.0,-10.0,31.0,-7.0,-7.0,0.0005022816409889307,0.0007678532431674749,0.0002321515956352668,-0.1596718919878164,-0.1726179104521277,-0.17329462569764686,0.02079002079002079,-0.4615753246343215,0.0893970893970894
246,0,test,2.278788499846394,1.0066619503592178,1.3868795951572768,6.631274534553007,2.9293862755453235,4.035819621907675,9.764843131590855,6.196410182868252,7.325060610361291,28.415693512929387,18.031553632146615,21.315926376151356,2.5138500834862443,1.115871818473428,1.5392277113978892,5.91494137290881,2.6255807493492425,3.6217122621126805,12.352396384557629,8.305386675311034,9.702230139304133,29.06446208131207,19.54208629484949,22.828776798362668,2.278788499846394,1.0066619503592178,1.3868795951572768,6.631274534553007,2.9293862755453235,4.035819621907675,9.764843131590855,6.196410182868252,7.325060610361291,28.415693512929387,18.031553632146615,21.315926376151356,0.4773869346733668,-0.0026130653266331905,-0.0026130653266331905,0.3919597989949749,-0.0030402010050251116,-0.0030402010050251116,0.3467336683417085,-0.003266331658291488,-0.003266331658291488,0.3517241379310345,0.10773788363550185,0.1572161287777164,0.32871972318339104,0.37688442211055273,0.13688442211055274,0.17555330730190044,0.35858585858585856,0.3517241379310345,0.10773788363550185,0.1572161287777164,0.32871972318339104,18.0,0.0,0.0,24.0,0.0,0.0,37.0,0.0,0.0,0.0005453668980539625,-0.0003879544154011424,0.00039687558368015584,-0.09631491400675785,-0.08649613840203774,-0.09637004434567054,0.034482758620689655,-0.5778235923414229,0.013793103448275862
57,0,test,3.928330476278017,1.8029526096193709,2.4791695565027747,7.065538842750044,3.242810596468174,4.459061910654296,50.82205816965246,42.445996244898275,46.56251924925398,91.40911851347212,76.34384046825453,83.7478644830332,3.922366432424391,1.767820406035424,2.4496597644401588,6.648078699024392,2.9963057729413967,4.151965702440947,50.519855257482284,41.89588102403845,46.15883223516348,85.62687331776658,71.0099678373533,78.23530887315844,3.928330476278017,1.8029526096193709,2.4791695565027747,7.065538842750044,3.242810596468174,4.459061910654296,50.82205816965246,42.445996244898275,46.56251924925398,91.40911851347212,76.34384046825453,83.7478644830332,0.7939698492462312,-0.001030150753768888,-0.001030150753768888,0.6482412060301508,-0.0017587939698492372,-0.0017587939698492372,0.4824120603015075,-0.0025879396984924696,-0.0025879396984924696,0.41860465116279066,0.09496124031007747,0.1589147286821705,0.39688715953307396,0.40201005025125625,0.07537688442211055,0.13400335008375208,0.36868686868686873,0.41860465116279066,0.09496124031007747,0.1589147286821705,0.39688715953307396,20.0,-2.0,-2.0,31.0,0.0,0.0,38.0,-2.0,-2.0,-0.0001768394391228456,1.3755894661247702e-05,0.0002488215331357899,-0.00010015572628230274,-0.00015629801580718805,0.00010338106235963096,0.9534883720930233,0.4975884454801518,0.06201550387596899
